HIERARCHY
ROOT pelvis
{
	OFFSET 0.324742 96.156746 1.845910
	CHANNELS 6 Xposition Yposition Zposition Xrotation Yrotation Zrotation 
	JOINT left_hip
	{
		OFFSET 5.894980 -9.453570 -2.359030
		CHANNELS 3 Xrotation Yrotation Zrotation
		JOINT left_knee
		{
			OFFSET 5.438060 -38.143396 -0.544769
			CHANNELS 3 Xrotation Yrotation Zrotation
			JOINT left_ankle
			{
				OFFSET -4.328670 -40.899599 -3.065770
				CHANNELS 3 Xrotation Yrotation Zrotation
				JOINT left_foot
				{
					OFFSET 4.783320 -5.829230 11.905800
					CHANNELS 3 Xrotation Yrotation Zrotation
					End Site
					{
						OFFSET 0.000000 0.000000 0.000000
					}
				}
			}
		}
	}
	JOINT right_hip
	{
		OFFSET -6.394490 -10.633299 -1.843770
		CHANNELS 3 Xrotation Yrotation Zrotation
		JOINT right_knee
		{
			OFFSET -4.399760 -36.439997 -1.341650
			CHANNELS 3 Xrotation Yrotation Zrotation
			JOINT right_ankle
			{
				OFFSET 1.483230 -41.666901 -1.874270
				CHANNELS 3 Xrotation Yrotation Zrotation
				JOINT right_foot
				{
					OFFSET -3.932030 -5.848360 12.002599
					CHANNELS 3 Xrotation Yrotation Zrotation
					End Site
					{
						OFFSET 0.000000 0.000000 0.000000
					}
				}
			}
		}
	}
	JOINT spine1
	{
		OFFSET -0.314313 11.461999 -3.140790
		CHANNELS 3 Xrotation Yrotation Zrotation
		JOINT spine2
		{
			OFFSET 1.064060 13.550499 -0.873876
			CHANNELS 3 Xrotation Yrotation Zrotation
			JOINT spine3
			{
				OFFSET -1.181500 5.301990 3.109150
				CHANNELS 3 Xrotation Yrotation Zrotation
				JOINT neck
				{
					OFFSET -1.282560 16.543600 -3.556110
					CHANNELS 3 Xrotation Yrotation Zrotation
					JOINT head
					{
						OFFSET 2.567380 14.768501 1.586700
						CHANNELS 3 Xrotation Yrotation Zrotation
						JOINT jaw
						{
							OFFSET -1.672920 -0.046146 -0.587010
							CHANNELS 3 Xrotation Yrotation Zrotation
							End Site
							{
								OFFSET 0.000000 0.000000 0.000000
							}
						}
					}
				}
				JOINT left_collar
				{
					OFFSET 4.616900 8.510830 -0.896451
					CHANNELS 3 Xrotation Yrotation Zrotation
					JOINT left_shoulder
					{
						OFFSET 11.608800 5.877810 -1.679520
						CHANNELS 3 Xrotation Yrotation Zrotation
						JOINT left_elbow
						{
							OFFSET 24.712498 -7.052509 -4.370710
							CHANNELS 3 Xrotation Yrotation Zrotation
							JOINT left_wrist
							{
								OFFSET 24.866199 2.479390 -0.090003
								CHANNELS 3 Xrotation Yrotation Zrotation
								End Site
								{
									OFFSET 0.000000 0.000000 0.000000
								}
							}
						}
					}
				}
				JOINT right_collar
				{
					OFFSET -4.834620 8.472420 -1.524140
					CHANNELS 3 Xrotation Yrotation Zrotation
					JOINT right_shoulder
					{
						OFFSET -9.967189 5.372420 -1.431670
						CHANNELS 3 Xrotation Yrotation Zrotation
						JOINT right_elbow
						{
							OFFSET -26.363897 -3.338740 -2.681640
							CHANNELS 3 Xrotation Yrotation Zrotation
							JOINT right_wrist
							{
								OFFSET -24.618401 -0.376635 -1.389330
								CHANNELS 3 Xrotation Yrotation Zrotation
								End Site
								{
									OFFSET 0.000000 0.000000 0.000000
								}
							}
						}
					}
				}
			}
		}
	}
}
MOTION
Frames: 520
Frame Time: 0.033334
3.674550 96.696419 -50.403398 -5.892029 1.051845 -1.652418 10.441865 8.857150 5.035312 -4.060598 -19.036846 0.796106 -6.509175 19.194763 0.668935 -0.000000 0.000000 0.000000 8.146539 -4.530662 0.420915 0.597258 19.784164 -2.101191 -6.295857 -16.440499 -1.164227 -0.000000 0.000000 0.000000 6.864062 1.201624 0.232439 0.340695 -3.561984 2.234565 1.905484 2.100019 2.531214 4.983816 -1.922249 -5.696563 -11.689634 6.108023 9.881098 -0.000000 0.000000 0.000000 -7.775702 -5.395445 -4.634943 -5.467398 -4.348370 22.335525 -4.416729 2.589267 -12.956258 11.982682 1.469231 19.736636 -1.195880 3.848919 -1.095132 -12.574483 0.350311 -18.478004 -2.836006 2.599558 8.699726 14.575791 -1.770368 -18.945795 
3.691480 96.734023 -50.375897 -5.678486 1.018384 -1.598715 10.210407 8.888629 4.955315 -4.039279 -19.139602 0.798392 -6.372470 19.304755 0.564853 -0.000000 0.000000 0.000000 7.913882 -4.545701 0.380262 0.617677 19.963595 -2.166072 -6.226099 -16.631439 -1.012868 -0.000000 0.000000 0.000000 6.624732 1.120202 0.386124 0.132343 -3.588247 2.034029 2.272512 1.960999 2.381197 5.045538 -1.594463 -5.462350 -11.720895 6.033131 10.236957 -0.000000 0.000000 0.000000 -7.568992 -5.199620 -4.187020 -6.303696 -3.653694 23.325758 -3.942715 3.188147 -13.429211 12.814480 1.734200 19.466436 -1.000778 3.616937 -1.881271 -13.421896 0.372315 -19.262696 -3.239426 2.330435 8.773591 14.532327 -1.660464 -19.175162 
3.700350 96.768922 -50.345999 -5.494035 0.982949 -1.578500 10.011452 8.892941 4.913170 -4.007709 -19.199239 0.800775 -6.273862 19.402580 0.472975 -0.000000 0.000000 0.000000 7.723797 -4.549625 0.378825 0.621827 20.079443 -2.220162 -6.159626 -16.766400 -0.871700 -0.000000 0.000000 0.000000 6.424455 1.062752 0.396841 0.000592 -3.589651 1.915696 2.537486 1.939522 2.307060 5.134153 -1.612490 -5.180240 -11.742656 5.833873 10.713642 -0.000000 0.000000 0.000000 -7.341978 -4.902435 -3.837302 -6.743139 -3.158542 24.106548 -2.689076 3.481642 -13.728141 13.723870 1.920469 18.956082 -0.962584 3.199385 -2.327758 -14.265029 0.436671 -20.000274 -3.389453 2.332299 8.865633 14.911070 -1.604006 -19.127569 
3.699330 96.799719 -50.313497 -5.316378 0.952939 -1.585286 9.837951 8.857684 4.885445 -3.991796 -19.200167 0.845385 -6.173437 19.479294 0.402656 -0.000000 0.000000 0.000000 7.536647 -4.542780 0.396798 0.633691 20.160444 -2.253252 -6.073865 -16.875904 -0.708485 -0.000000 0.000000 0.000000 6.175794 1.026162 0.433489 -0.104880 -3.558942 1.784700 2.812215 2.015112 2.209838 5.349324 -1.994980 -4.928629 -11.807600 5.379716 11.356747 -0.000000 0.000000 0.000000 -7.128369 -4.575048 -3.408290 -7.214024 -2.771676 24.439977 -1.468494 3.176591 -13.991291 14.324746 2.225423 18.898061 -0.925959 2.683203 -2.681021 -15.171744 0.579381 -20.433677 -3.146937 2.191118 8.882241 15.228503 -1.474212 -18.704827 
3.699010 96.816421 -50.277799 -5.147121 0.947225 -1.606671 9.689762 8.756053 4.863022 -3.968683 -19.079386 0.927976 -6.135565 19.481147 0.318088 -0.000000 0.000000 0.000000 7.375907 -4.494687 0.417790 0.625432 20.119229 -2.256704 -6.022694 -16.902855 -0.589491 -0.000000 0.000000 0.000000 5.918870 1.038920 0.458359 -0.161708 -3.574878 1.633061 3.072986 2.088881 2.046353 5.624345 -2.363690 -4.534297 -11.960917 4.642787 12.081693 -0.000000 0.000000 0.000000 -7.299094 -4.215689 -2.815740 -7.814248 -2.830960 24.550193 -1.299743 3.410980 -13.979736 14.423129 1.683119 18.485859 -1.059758 2.184630 -3.010129 -15.914464 0.709917 -20.365411 -3.128724 1.926167 8.870613 15.465103 -1.414671 -18.683881 
3.702920 96.833223 -50.233400 -5.037841 1.001746 -1.633218 9.583689 8.638191 4.865119 -3.912426 -19.003098 1.001767 -6.135250 19.489627 0.284211 -0.000000 0.000000 0.000000 7.287035 -4.500812 0.453121 0.635545 20.079424 -2.256259 -5.995664 -16.929852 -0.469714 -0.000000 0.000000 0.000000 5.709450 1.057435 0.432006 -0.248593 -3.594550 1.536185 3.314376 2.221940 1.978153 6.010557 -3.010303 -4.292104 -12.240299 4.032523 12.783437 -0.000000 0.000000 0.000000 -7.718256 -3.782899 -2.307372 -8.255697 -3.389707 24.355186 -1.375118 3.736080 -13.789090 14.981117 2.278750 18.686639 -1.242902 1.649373 -3.100059 -16.488675 0.961742 -20.551749 -2.555217 1.747598 8.929586 16.077863 -1.460010 -18.159195 
3.707330 96.837318 -50.181699 -4.992394 1.127422 -1.645864 9.537915 8.540179 4.879624 -3.865300 -18.959774 1.055713 -6.146386 19.431582 0.253044 -0.000000 0.000000 0.000000 7.278575 -4.494102 0.482628 0.660290 19.978933 -2.255883 -5.998240 -16.957315 -0.434353 -0.000000 0.000000 0.000000 5.531370 1.056813 0.386356 -0.309423 -3.659818 1.477738 3.470416 2.258683 1.899030 6.398841 -3.315088 -4.047265 -12.237567 3.648588 13.154908 -0.000000 0.000000 0.000000 -7.960400 -3.529622 -1.961338 -8.275823 -3.561520 24.364411 -1.306472 3.875738 -13.684970 14.980325 1.951910 18.603439 -1.413136 1.361381 -3.177607 -16.669690 1.042464 -20.569573 -2.238996 1.714908 8.868188 16.355531 -1.408812 -17.961849 
3.713530 96.836430 -50.130403 -4.990942 1.251355 -1.651701 9.537927 8.498118 4.888883 -3.830668 -18.993563 1.076058 -6.160775 19.403268 0.241580 -0.000000 0.000000 0.000000 7.305921 -4.517334 0.506914 0.712294 19.934574 -2.258804 -6.029421 -17.014078 -0.418394 -0.000000 0.000000 0.000000 5.384365 1.056060 0.336295 -0.338996 -3.696043 1.467521 3.551432 2.266933 1.852772 6.710375 -3.543605 -3.902932 -12.017286 3.462761 13.324205 -0.000000 0.000000 0.000000 -8.045770 -3.315388 -1.719963 -8.272789 -3.754589 24.239739 -1.247959 3.879304 -13.581324 15.040386 2.184340 18.887109 -1.472788 1.130446 -3.243198 -16.702945 1.129061 -20.615270 -1.941894 1.720087 8.921286 16.426472 -1.344890 -18.181112 
3.727950 96.835220 -50.087297 -5.024138 1.429522 -1.628649 9.546892 8.450193 4.898830 -3.774569 -19.038954 1.083451 -6.188023 19.332217 0.244840 -0.000000 0.000000 0.000000 7.371976 -4.567742 0.505794 0.762680 19.846241 -2.263021 -6.070362 -17.064196 -0.435561 -0.000000 0.000000 0.000000 5.291147 1.059662 0.313791 -0.385053 -3.768094 1.460487 3.619029 2.223836 1.786463 6.920434 -3.672350 -3.820137 -11.657031 3.276606 13.362362 -0.000000 0.000000 0.000000 -8.038116 -3.278529 -1.558553 -8.220703 -3.744168 24.207688 -1.210028 3.881678 -13.654571 14.885717 1.794035 18.840656 -1.514350 1.084530 -3.273211 -16.613274 1.146985 -20.662203 -1.389555 1.745165 8.845129 16.919236 -1.401807 -18.091943 
3.742350 96.833926 -50.041300 -5.080091 1.603427 -1.596434 9.597929 8.448448 4.893527 -3.757182 -19.147980 1.074138 -6.208144 19.282616 0.241001 -0.000000 0.000000 0.000000 7.464859 -4.629795 0.498738 0.818983 19.811213 -2.275820 -6.132660 -17.134828 -0.471690 -0.000000 0.000000 0.000000 5.200197 1.063053 0.298794 -0.337736 -3.832627 1.460034 3.609164 2.173862 1.721887 7.017682 -3.814644 -3.811155 -11.340881 3.193305 13.362636 -0.000000 0.000000 0.000000 -7.997500 -3.276191 -1.538569 -8.218836 -3.856875 24.224258 -1.216583 3.963277 -13.591921 14.756677 1.944094 18.860226 -1.545700 1.050607 -3.264730 -16.618860 1.183578 -20.692084 -1.522342 1.808235 8.860625 16.799376 -1.330301 -18.426933 
3.761740 96.832824 -49.996498 -5.149586 1.747484 -1.558597 9.673762 8.422893 4.874617 -3.737407 -19.214048 1.064321 -6.240959 19.235588 0.237945 -0.000000 0.000000 0.000000 7.582712 -4.686178 0.468922 0.837314 19.752183 -2.273594 -6.175483 -17.162789 -0.496505 -0.000000 0.000000 0.000000 5.141100 1.064038 0.316063 -0.331935 -3.859400 1.449708 3.616972 2.147547 1.690598 7.080377 -3.935005 -3.909059 -11.207864 3.141175 13.247818 -0.000000 0.000000 0.000000 -7.963364 -3.324827 -1.559191 -8.093929 -3.851183 24.100099 -1.101950 3.801369 -13.658032 14.693532 1.762752 19.301009 -1.580385 1.073856 -3.276284 -16.557834 1.206842 -20.735869 -1.394783 1.851502 8.834896 16.795425 -1.158342 -18.610835 
3.780750 96.832126 -49.956200 -5.203165 1.840261 -1.525830 9.752472 8.404707 4.851839 -3.736627 -19.252805 1.065480 -6.279670 19.196893 0.238312 -0.000000 0.000000 0.000000 7.679286 -4.695320 0.445338 0.851881 19.705287 -2.283708 -6.227648 -17.190698 -0.540434 -0.000000 0.000000 0.000000 5.102284 1.079280 0.326442 -0.306627 -3.888144 1.435930 3.581169 2.103577 1.643677 7.015818 -3.933729 -3.926094 -11.083433 3.077135 13.122406 -0.000000 0.000000 0.000000 -7.976239 -3.396061 -1.581655 -8.117769 -3.861554 24.065885 -1.294907 3.799627 -13.650463 14.374811 1.337654 18.938615 -1.613380 1.167788 -3.296640 -16.472446 1.216712 -20.674080 -1.415448 1.919362 8.824999 16.771735 -1.070460 -18.796222 
3.793860 96.831518 -49.923599 -5.247565 1.894339 -1.504466 9.823168 8.400767 4.841102 -3.752507 -19.285332 1.057494 -6.288361 19.184485 0.239955 -0.000000 0.000000 0.000000 7.751836 -4.718757 0.434259 0.872153 19.697591 -2.302548 -6.261625 -17.213964 -0.544660 -0.000000 0.000000 0.000000 5.067089 1.089589 0.333778 -0.286613 -3.889492 1.425232 3.540828 2.121299 1.645855 6.914087 -4.035840 -3.985587 -11.111262 3.028418 13.064827 -0.000000 0.000000 0.000000 -7.970538 -3.476538 -1.578633 -8.122606 -3.924662 23.858360 -1.301682 3.737341 -13.642535 14.416201 1.643848 19.187177 -1.627937 1.251966 -3.308887 -16.583444 1.256612 -20.666827 -1.614999 1.932795 8.827935 16.643380 -0.953934 -18.844099 
3.805790 96.831125 -49.903497 -5.263184 1.930618 -1.503033 9.858811 8.385408 4.837825 -3.765141 -19.281258 1.056092 -6.303801 19.161096 0.243096 -0.000000 0.000000 0.000000 7.805251 -4.722510 0.428569 0.840225 19.651663 -2.299765 -6.271139 -17.210567 -0.556505 -0.000000 0.000000 0.000000 5.057547 1.088221 0.336465 -0.311436 -3.888695 1.405200 3.525606 2.088215 1.634445 6.738040 -3.963532 -3.983169 -11.267867 3.000666 13.007022 -0.000000 0.000000 0.000000 -7.962531 -3.569320 -1.543081 -8.056504 -3.792914 23.790029 -1.338262 3.713390 -13.690225 14.120157 1.198944 19.028319 -1.620628 1.398086 -3.383537 -16.445701 1.243612 -20.524945 -1.468475 1.965430 8.830455 16.513878 -0.903998 -18.804920 
3.811170 96.830720 -49.896097 -5.259391 1.917583 -1.508939 9.868817 8.407219 4.831019 -3.783350 -19.302327 1.051042 -6.307126 19.177241 0.246441 -0.000000 0.000000 0.000000 7.803684 -4.730503 0.439014 0.847171 19.682418 -2.307206 -6.264425 -17.221276 -0.559019 -0.000000 0.000000 0.000000 5.042152 1.085788 0.336442 -0.312493 -3.861789 1.379158 3.482507 2.122683 1.650595 6.491944 -3.983326 -3.983235 -11.482002 2.972407 13.062231 -0.000000 0.000000 0.000000 -8.014136 -3.616615 -1.597741 -8.087517 -3.870958 23.832344 -1.391059 3.715252 -13.615103 14.303877 1.636812 19.150234 -1.604389 1.480480 -3.340865 -16.512284 1.295263 -20.588503 -1.595584 1.949121 8.915047 16.384538 -0.940643 -18.660058 
3.813980 96.830326 -49.896097 -5.249189 1.921217 -1.514157 9.870490 8.411513 4.828542 -3.793980 -19.296395 1.065390 -6.308800 19.183822 0.237833 -0.000000 0.000000 0.000000 7.820948 -4.727112 0.440456 0.799631 19.666911 -2.294239 -6.239677 -17.210091 -0.551295 -0.000000 0.000000 0.000000 5.078182 1.084917 0.334597 -0.377044 -3.842163 1.363119 3.511022 2.133194 1.685438 6.199136 -3.946477 -4.034780 -11.870477 3.004037 13.037512 -0.000000 0.000000 0.000000 -7.985589 -3.687828 -1.625508 -7.935409 -3.653710 23.853178 -1.267129 3.520623 -13.665776 14.113539 1.315734 19.456763 -1.599601 1.582577 -3.381798 -16.474914 1.298032 -20.606458 -1.375818 1.931566 8.887097 16.586546 -0.991205 -18.744174 
3.814270 96.830124 -49.896702 -5.222939 1.897774 -1.527522 9.859219 8.406853 4.829449 -3.818578 -19.303431 1.077022 -6.301523 19.205075 0.216275 -0.000000 0.000000 0.000000 7.791904 -4.704669 0.453914 0.793503 19.678251 -2.291141 -6.246464 -17.226763 -0.555916 -0.000000 0.000000 0.000000 5.095772 1.102872 0.331139 -0.388706 -3.813048 1.341003 3.508083 2.143897 1.710233 5.887232 -3.858260 -4.055841 -12.271761 2.940356 13.077630 -0.000000 0.000000 0.000000 -8.038305 -3.759572 -1.679601 -7.950507 -3.593151 24.006505 -1.453623 3.584665 -13.697265 14.123095 1.288739 19.488762 -1.503744 1.684105 -3.380112 -16.278731 1.096666 -20.664018 -1.093273 2.129920 8.883937 16.455930 -0.853955 -18.987241 
3.814360 96.829820 -49.897799 -5.195069 1.890378 -1.536620 9.831212 8.393858 4.833956 -3.826880 -19.302870 1.084158 -6.288526 19.223091 0.203950 -0.000000 0.000000 0.000000 7.765686 -4.699107 0.459183 0.772424 19.687052 -2.285818 -6.210906 -17.226497 -0.546008 -0.000000 0.000000 0.000000 5.109604 1.114403 0.328571 -0.396319 -3.799775 1.343716 3.502824 2.148912 1.743005 5.602643 -3.835090 -4.113537 -12.664012 2.926689 13.109147 -0.000000 0.000000 0.000000 -8.049955 -3.779641 -1.721374 -7.949703 -3.507502 24.048378 -1.382639 3.487745 -13.709179 14.205805 1.468970 19.591303 -1.512405 1.717165 -3.348222 -16.422652 1.191353 -20.761057 -1.338500 2.038824 8.836795 16.467760 -0.929679 -19.134126 
3.814280 96.830326 -49.898997 -5.161112 1.892780 -1.536945 9.793428 8.367261 4.842154 -3.831226 -19.299580 1.084563 -6.275410 19.236460 0.184271 -0.000000 0.000000 0.000000 7.726278 -4.695920 0.456264 0.768463 19.668988 -2.282799 -6.200716 -17.225757 -0.544414 -0.000000 0.000000 0.000000 5.129342 1.124451 0.326728 -0.436696 -3.789016 1.329391 3.515838 2.137020 1.773317 5.347204 -3.812566 -4.126107 -13.015201 2.916550 13.123331 -0.000000 0.000000 0.000000 -8.061110 -3.798417 -1.725160 -7.934904 -3.430194 24.047666 -1.499108 3.529888 -13.700937 14.048076 1.327436 19.541095 -1.510156 1.767094 -3.387241 -16.430066 1.138545 -20.731192 -1.344355 2.088950 8.833050 16.500277 -0.913091 -19.205567 
3.814040 96.831620 -49.910700 -5.136809 1.893804 -1.536178 9.753988 8.360324 4.839683 -3.821503 -19.302100 1.085977 -6.268543 19.244804 0.174350 -0.000000 0.000000 0.000000 7.695351 -4.707608 0.452187 0.756537 19.666434 -2.282965 -6.182315 -17.226807 -0.547514 -0.000000 0.000000 0.000000 5.159951 1.131670 0.338704 -0.448399 -3.767628 1.305345 3.492480 2.147128 1.792289 5.112191 -3.838621 -4.138198 -13.240674 2.856180 13.143605 -0.000000 0.000000 0.000000 -8.104399 -3.803758 -1.783464 -7.996648 -3.428002 24.040580 -1.664187 3.490342 -13.663507 14.133783 1.536691 19.631404 -1.494408 1.808109 -3.359147 -16.517839 1.144201 -20.803328 -1.486153 1.962895 8.849177 16.460178 -0.934664 -19.105744 
3.813660 96.832925 -49.922499 -5.125695 1.918265 -1.532469 9.724163 8.344994 4.830480 -3.804675 -19.308208 1.086178 -6.269402 19.240146 0.173903 -0.000000 0.000000 0.000000 7.686309 -4.715432 0.448070 0.738522 19.665707 -2.277346 -6.179214 -17.238996 -0.563887 -0.000000 0.000000 0.000000 5.204606 1.136830 0.354536 -0.482085 -3.765528 1.283569 3.493516 2.126925 1.788489 4.888991 -3.858514 -4.116939 -13.416151 2.818533 13.156263 -0.000000 0.000000 0.000000 -8.110857 -3.837706 -1.832666 -7.974670 -3.337230 24.055313 -1.771576 3.494122 -13.684357 13.961502 1.356441 19.555810 -1.498679 1.867394 -3.355395 -16.531052 1.105347 -20.768043 -1.549272 1.935613 8.843361 16.541732 -1.085701 -19.136880 
3.813180 96.834224 -49.932298 -5.119281 1.935025 -1.524596 9.710980 8.345182 4.825268 -3.812698 -19.314535 1.081582 -6.259294 19.234400 0.169747 -0.000000 0.000000 0.000000 7.674932 -4.723084 0.443197 0.740442 19.664331 -2.275861 -6.185096 -17.236860 -0.568668 -0.000000 0.000000 0.000000 5.214308 1.146210 0.366352 -0.463891 -3.764580 1.268690 3.472762 2.130326 1.793816 4.731877 -3.905209 -4.125823 -13.605850 2.752551 13.207690 -0.000000 0.000000 0.000000 -8.126550 -3.866635 -1.881868 -8.019722 -3.356746 23.965592 -1.855749 3.493528 -13.633437 14.030101 1.604980 19.525162 -1.462277 1.900292 -3.331852 -16.577639 1.031255 -20.765073 -1.664323 1.990114 8.877170 16.350562 -1.032747 -19.018172 
3.812600 96.835524 -49.945700 -5.113519 1.969930 -1.516837 9.694388 8.328036 4.823437 -3.812423 -19.314908 1.078331 -6.254335 19.219362 0.166324 -0.000000 0.000000 0.000000 7.675763 -4.725393 0.435676 0.721565 19.630904 -2.266446 -6.165645 -17.234832 -0.564797 -0.000000 0.000000 0.000000 5.228358 1.156072 0.373901 -0.472499 -3.776270 1.265348 3.484329 2.113080 1.806049 4.601236 -3.927487 -4.145045 -13.760725 2.741461 13.223357 -0.000000 0.000000 0.000000 -8.111318 -3.923552 -1.949439 -7.989052 -3.277932 23.907112 -1.949413 3.446956 -13.701358 13.834940 1.428971 19.434737 -1.479650 1.961810 -3.302555 -16.595516 1.032114 -20.744989 -1.662072 1.948831 8.869880 16.482361 -1.106150 -18.919776 
3.811950 96.836823 -49.957499 -5.107827 1.982191 -1.508970 9.673568 8.324385 4.820750 -3.813967 -19.326001 1.075021 -6.241773 19.217357 0.161844 -0.000000 0.000000 0.000000 7.659877 -4.722753 0.432620 0.717906 19.627337 -2.266088 -6.149935 -17.245234 -0.561307 -0.000000 0.000000 0.000000 5.194785 1.162384 0.374480 -0.423109 -3.787109 1.259101 3.456256 2.109708 1.797041 4.528139 -3.926765 -4.129513 -13.843784 2.726054 13.283444 -0.000000 0.000000 0.000000 -8.117881 -3.965939 -2.001073 -8.022424 -3.306588 23.849847 -2.036759 3.442125 -13.671706 13.834366 1.606535 19.279543 -1.431841 2.015450 -3.261334 -16.590490 0.987915 -20.647408 -1.798881 1.959054 8.874775 16.349178 -1.148292 -18.995113 
3.811260 96.838218 -49.976200 -5.097908 2.016080 -1.502674 9.630471 8.297467 4.822163 -3.784367 -19.321339 1.080292 -6.233276 19.205520 0.157544 -0.000000 0.000000 0.000000 7.639486 -4.718859 0.429614 0.722130 19.594752 -2.265470 -6.153343 -17.247829 -0.565053 -0.000000 0.000000 0.000000 5.193696 1.161181 0.374311 -0.431004 -3.804429 1.257160 3.455689 2.095458 1.794830 4.459974 -3.948841 -4.146809 -13.837718 2.755845 13.295056 -0.000000 0.000000 0.000000 -8.081929 -3.998663 -2.058800 -7.974929 -3.242081 23.758644 -2.063398 3.319139 -13.671276 13.722657 1.512241 19.417852 -1.453268 2.055141 -3.217419 -16.615954 1.031790 -20.601957 -1.820118 1.979098 8.911745 16.442966 -1.176131 -18.954379 
3.810540 96.839625 -49.999198 -5.080187 2.024622 -1.501199 9.580237 8.289151 4.828720 -3.758147 -19.316709 1.077920 -6.231819 19.198173 0.156032 -0.000000 0.000000 0.000000 7.597431 -4.717123 0.425644 0.737121 19.579184 -2.264731 -6.149990 -17.248968 -0.566959 -0.000000 0.000000 0.000000 5.196590 1.158679 0.374405 -0.443058 -3.819225 1.255997 3.438316 2.075229 1.794762 4.435787 -3.906679 -4.146432 -13.820933 2.751071 13.316217 -0.000000 0.000000 0.000000 -8.101952 -4.037870 -2.079922 -8.039826 -3.270240 23.747711 -2.305983 3.418911 -13.692484 13.575922 1.465507 19.284884 -1.414940 2.109159 -3.195586 -16.489312 0.974958 -20.505094 -1.738664 2.087976 8.943072 16.291979 -1.122491 -18.978058 
3.804210 96.842426 -50.018400 -5.075844 2.008852 -1.502531 9.548592 8.299907 4.829735 -3.730881 -19.312114 1.083695 -6.236081 19.199435 0.157304 -0.000000 0.000000 0.000000 7.577588 -4.718367 0.424401 0.729388 19.579068 -2.258403 -6.137803 -17.236491 -0.563868 -0.000000 0.000000 0.000000 5.186475 1.156285 0.375972 -0.424247 -3.819838 1.257645 3.420865 2.088852 1.806505 4.440270 -3.942201 -4.206891 -13.829733 2.782595 13.335820 -0.000000 0.000000 0.000000 -8.093184 -4.058388 -2.123190 -8.069407 -3.316876 23.694507 -2.275326 3.395550 -13.654312 13.653907 1.725798 19.306092 -1.413805 2.125273 -3.143595 -16.590164 1.065917 -20.544016 -1.862595 2.030442 8.958858 16.250934 -1.179147 -18.844910 
3.800270 96.847224 -50.044000 -5.065435 1.981351 -1.517290 9.503812 8.295903 4.835540 -3.690587 -19.286782 1.092445 -6.240618 19.206125 0.157272 -0.000000 0.000000 0.000000 7.539196 -4.708352 0.427695 0.729533 19.581259 -2.239009 -6.121175 -17.215771 -0.557560 -0.000000 0.000000 0.000000 5.200586 1.159730 0.398711 -0.459756 -3.815789 1.255938 3.448979 2.086853 1.812101 4.452134 -3.907833 -4.267542 -13.865588 2.862937 13.297831 -0.000000 0.000000 0.000000 -8.062218 -4.090235 -2.175962 -7.992694 -3.218355 23.700065 -2.259660 3.302417 -13.692949 13.443010 1.505651 19.321888 -1.421239 2.158898 -3.148403 -16.515395 1.085047 -20.522712 -1.656824 2.101451 8.941376 16.343357 -1.272953 -18.919273 
3.790180 96.852022 -50.065398 -5.045958 1.922169 -1.533610 9.479419 8.293240 4.838826 -3.688797 -19.252972 1.110579 -6.226988 19.223292 0.145240 -0.000000 0.000000 0.000000 7.496639 -4.684754 0.440627 0.725604 19.600417 -2.237056 -6.100054 -17.203963 -0.532382 -0.000000 0.000000 0.000000 5.198696 1.175330 0.414431 -0.452736 -3.794441 1.257031 3.450009 2.096583 1.811341 4.453885 -3.879689 -4.303277 -13.874933 2.888530 13.293354 -0.000000 0.000000 0.000000 -8.084200 -4.086659 -2.213316 -8.026946 -3.261955 23.684450 -2.439280 3.336580 -13.659064 13.343929 1.624894 19.304641 -1.366333 2.161187 -3.144205 -16.402352 1.019467 -20.507806 -1.579788 2.257165 8.948081 16.048107 -1.111799 -18.999133 
3.784760 96.853328 -50.082201 -5.032118 1.890895 -1.545057 9.461181 8.290951 4.841626 -3.690696 -19.220709 1.129883 -6.202075 19.221806 0.130977 -0.000000 0.000000 0.000000 7.470727 -4.677817 0.446227 0.714172 19.603936 -2.232805 -6.071543 -17.188885 -0.512490 -0.000000 0.000000 0.000000 5.182277 1.182883 0.418098 -0.433027 -3.787189 1.258227 3.449218 2.105731 1.810514 4.477142 -3.864663 -4.305289 -13.869195 2.895635 13.318931 -0.000000 0.000000 0.000000 -8.094890 -4.096930 -2.240190 -8.040411 -3.287950 23.674488 -2.495160 3.355264 -13.673726 13.340769 1.629958 19.360776 -1.371816 2.161970 -3.120331 -16.490944 1.049736 -20.497144 -1.821835 2.199537 8.917719 15.988383 -1.141903 -19.030860 
3.770690 96.860826 -50.106299 -4.994990 1.850953 -1.558757 9.409681 8.287355 4.855616 -3.695708 -19.182014 1.134341 -6.167351 19.223206 0.106095 -0.000000 0.000000 0.000000 7.419565 -4.663832 0.461997 0.684540 19.605716 -2.225727 -6.022898 -17.165565 -0.483317 -0.000000 0.000000 0.000000 5.141371 1.192937 0.403838 -0.440258 -3.779903 1.237090 3.430022 2.115332 1.811750 4.606850 -3.846303 -4.274327 -13.815486 2.885298 13.424970 -0.000000 0.000000 0.000000 -8.165454 -4.111911 -2.234277 -8.160738 -3.416068 23.697405 -2.763068 3.475948 -13.657463 13.397874 1.648002 19.249673 -1.369468 2.190276 -3.115850 -16.529732 1.101860 -20.422383 -1.862304 2.047424 9.007667 16.068474 -1.213016 -18.910890 
3.759760 96.865326 -50.124401 -4.964043 1.838023 -1.571776 9.357552 8.284738 4.873778 -3.680436 -19.168243 1.142005 -6.158635 19.231468 0.100694 -0.000000 0.000000 0.000000 7.377268 -4.653101 0.481364 0.675732 19.595935 -2.223638 -6.000279 -17.162934 -0.465111 -0.000000 0.000000 0.000000 5.126024 1.180609 0.391938 -0.483666 -3.773347 1.223914 3.447485 2.130594 1.825456 4.678470 -3.856814 -4.305777 -13.772231 2.881366 13.478946 -0.000000 0.000000 0.000000 -8.178002 -4.127114 -2.216307 -8.199758 -3.431517 23.667575 -2.868716 3.398268 -13.617995 13.395801 1.665627 19.420051 -1.332705 2.206331 -3.126537 -16.474491 1.047544 -20.411142 -1.602782 2.098799 9.055975 16.119031 -1.233510 -18.714541 
3.749320 96.866822 -50.142503 -4.951645 1.809813 -1.589174 9.329509 8.289873 4.891547 -3.671790 -19.141687 1.146489 -6.158721 19.227200 0.097424 -0.000000 0.000000 0.000000 7.345725 -4.632199 0.493246 0.667986 19.601697 -2.207220 -6.000317 -17.155090 -0.460441 -0.000000 0.000000 0.000000 5.131943 1.176128 0.392584 -0.464467 -3.755802 1.226830 3.434374 2.152941 1.826376 4.668971 -3.813715 -4.367304 -13.747977 2.891417 13.448789 -0.000000 0.000000 0.000000 -8.145572 -4.130679 -2.189297 -8.138893 -3.418026 23.645797 -2.719133 3.290258 -13.610405 13.310757 1.593686 19.360205 -1.322897 2.176582 -3.134023 -16.506457 1.022629 -20.417322 -1.662662 2.142857 9.017056 16.034034 -1.201777 -18.697890 
3.741870 96.868128 -50.160700 -4.942439 1.780152 -1.605737 9.306851 8.300674 4.897480 -3.664624 -19.143591 1.159124 -6.151751 19.251115 0.085545 -0.000000 0.000000 0.000000 7.318432 -4.624587 0.505882 0.668952 19.628074 -2.198611 -5.979812 -17.158529 -0.450429 -0.000000 0.000000 0.000000 5.142890 1.176969 0.423594 -0.488426 -3.746954 1.226071 3.461968 2.163191 1.824815 4.656306 -3.815542 -4.503136 -13.808453 2.989636 13.424796 -0.000000 0.000000 0.000000 -8.114285 -4.170480 -2.251732 -8.099890 -3.360944 23.679613 -2.641791 3.218948 -13.647307 13.251961 1.653568 19.421748 -1.306727 2.170534 -3.128181 -16.453229 1.030790 -20.539524 -1.320596 2.189077 9.040405 16.263322 -1.239448 -18.862499 
3.736490 96.871322 -50.175095 -4.930179 1.747458 -1.616105 9.276714 8.304061 4.903145 -3.640562 -19.111938 1.174154 -6.146791 19.250019 0.071756 -0.000000 0.000000 0.000000 7.280130 -4.611273 0.511613 0.685383 19.629378 -2.196973 -5.976873 -17.139362 -0.443102 -0.000000 0.000000 0.000000 5.136068 1.177570 0.451172 -0.496809 -3.744766 1.210474 3.476223 2.160564 1.819940 4.673717 -3.718002 -4.571304 -13.919534 3.028294 13.383016 -0.000000 0.000000 0.000000 -8.144829 -4.219195 -2.244672 -8.155113 -3.365593 23.695848 -2.778455 3.389396 -13.731023 13.200793 1.537269 19.289693 -1.274125 2.197406 -3.214222 -16.397219 0.986114 -20.516768 -1.289519 2.222961 9.031828 16.116963 -1.151844 -18.890673 
3.726790 96.875626 -50.179297 -4.928295 1.738759 -1.616761 9.270250 8.308311 4.905535 -3.639405 -19.107571 1.171951 -6.140170 19.246103 0.067033 -0.000000 0.000000 0.000000 7.270623 -4.608359 0.515401 0.691544 19.630656 -2.196640 -5.977342 -17.140598 -0.438635 -0.000000 0.000000 0.000000 5.126516 1.175615 0.445949 -0.490648 -3.750331 1.198668 3.476358 2.156179 1.811096 4.677449 -3.701858 -4.575015 -13.940594 3.019311 13.402658 -0.000000 0.000000 0.000000 -8.160352 -4.232675 -2.223787 -8.226291 -3.409271 23.682245 -2.864405 3.487435 -13.709461 13.224203 1.625276 19.164267 -1.270865 2.202710 -3.235156 -16.442107 0.991621 -20.495254 -1.374099 2.220304 9.021150 16.076940 -1.185008 -18.858151 
3.719790 96.878123 -50.185198 -4.916883 1.719693 -1.618428 9.253174 8.313703 4.910798 -3.634396 -19.099325 1.169674 -6.130520 19.242767 0.059585 -0.000000 0.000000 0.000000 7.251600 -4.603566 0.521320 0.693679 19.632282 -2.196429 -5.972046 -17.139459 -0.432277 -0.000000 0.000000 0.000000 5.122605 1.174172 0.440018 -0.482566 -3.755961 1.189268 3.475241 2.153203 1.805762 4.672971 -3.686489 -4.590084 -13.989105 3.011966 13.430482 -0.000000 0.000000 0.000000 -8.156418 -4.255268 -2.194104 -8.254810 -3.419016 23.670461 -2.831591 3.508238 -13.710385 13.247576 1.695075 19.066355 -1.267162 2.215299 -3.260268 -16.501867 1.001430 -20.472127 -1.467189 2.196712 9.033463 16.007586 -1.198386 -18.806887 
3.703650 96.878922 -50.209099 -4.874998 1.660133 -1.630066 9.192629 8.337183 4.925371 -3.630063 -19.060832 1.176942 -6.104021 19.247869 0.036977 -0.000000 0.000000 0.000000 7.172819 -4.582150 0.535828 0.699649 19.652179 -2.194981 -5.948349 -17.124451 -0.421747 -0.000000 0.000000 0.000000 5.101834 1.175954 0.439268 -0.443969 -3.735102 1.167693 3.452094 2.182537 1.797520 4.607243 -3.649973 -4.632783 -14.123884 2.979615 13.496512 -0.000000 0.000000 0.000000 -8.131046 -4.276386 -2.167311 -8.186185 -3.396628 23.706512 -2.559355 3.369921 -13.711805 13.299305 1.760880 18.916009 -1.247635 2.232066 -3.260320 -16.663953 1.026266 -20.410900 -1.865845 2.004318 9.040747 15.871764 -1.264355 -18.881877 
3.692350 96.879524 -50.214100 -4.861921 1.630268 -1.656976 9.184535 8.334223 4.946904 -3.641720 -19.043326 1.194374 -6.097545 19.265972 0.022106 -0.000000 0.000000 0.000000 7.165258 -4.575395 0.561420 0.670118 19.662541 -2.187029 -5.913125 -17.101650 -0.406744 -0.000000 0.000000 0.000000 5.102432 1.181002 0.437517 -0.457529 -3.721896 1.177403 3.475051 2.187230 1.822560 4.584439 -3.663508 -4.713913 -14.251977 2.977797 13.506525 -0.000000 0.000000 0.000000 -8.133500 -4.296821 -2.183903 -8.225514 -3.378212 23.673350 -2.705518 3.288375 -13.684918 13.219744 1.734368 19.026779 -1.232559 2.254169 -3.231836 -16.618984 0.989012 -20.422905 -1.577558 1.981161 9.087486 16.068837 -1.304272 -18.812054 
3.683750 96.880120 -50.217897 -4.848667 1.606903 -1.673208 9.178627 8.335232 4.950422 -3.664334 -19.019360 1.219427 -6.089853 19.268037 0.018494 -0.000000 0.000000 0.000000 7.157141 -4.556425 0.578760 0.650245 19.655640 -2.179469 -5.910809 -17.091519 -0.403084 -0.000000 0.000000 0.000000 5.105773 1.186180 0.440438 -0.447999 -3.721385 1.187805 3.480159 2.181077 1.827826 4.553783 -3.610189 -4.783778 -14.367913 2.963798 13.487441 -0.000000 0.000000 0.000000 -8.138316 -4.312788 -2.168237 -8.210199 -3.356929 23.658635 -2.664317 3.325002 -13.737951 13.189070 1.656766 18.807026 -1.205898 2.263155 -3.224307 -16.504434 0.909454 -20.370543 -1.401450 2.040881 9.128345 16.027000 -1.249877 -18.670468 
3.673030 96.880627 -50.224096 -4.831333 1.574105 -1.682167 9.171558 8.347115 4.948944 -3.671584 -19.021674 1.224896 -6.066043 19.290053 0.013447 -0.000000 0.000000 0.000000 7.125120 -4.544313 0.591588 0.662409 19.687231 -2.182597 -5.905089 -17.101794 -0.400646 -0.000000 0.000000 0.000000 5.111357 1.181177 0.444722 -0.434939 -3.728029 1.194871 3.476717 2.181691 1.837262 4.512467 -3.638713 -4.866037 -14.385621 3.010717 13.483069 -0.000000 0.000000 0.000000 -8.105922 -4.315473 -2.203324 -8.211663 -3.333688 23.669751 -2.549651 3.353112 -13.755628 13.241728 1.940190 18.638247 -1.228244 2.264316 -3.144704 -16.584081 1.022892 -20.403911 -1.516803 1.957244 9.151606 16.110139 -1.393945 -18.657736 
3.668060 96.881020 -50.230098 -4.818910 1.545461 -1.684559 9.166313 8.352086 4.948323 -3.672501 -18.991388 1.230620 -6.060205 19.289580 0.009187 -0.000000 0.000000 0.000000 7.099886 -4.522167 0.588151 0.665104 19.676430 -2.185371 -5.890536 -17.084283 -0.392473 -0.000000 0.000000 0.000000 5.138186 1.158037 0.450399 -0.459679 -3.731153 1.191514 3.474389 2.183038 1.854246 4.515229 -3.597847 -4.921543 -14.398942 3.033880 13.410472 -0.000000 0.000000 0.000000 -8.113244 -4.331358 -2.221578 -8.258008 -3.279645 23.674081 -2.708732 3.416227 -13.789482 13.152110 1.788583 18.601216 -1.230477 2.320167 -3.140338 -16.498198 0.996387 -20.372088 -1.293200 2.086942 9.143854 16.246891 -1.332449 -18.665579 
3.660530 96.881425 -50.232399 -4.808520 1.510156 -1.675899 9.166111 8.377281 4.943893 -3.705713 -18.976994 1.226594 -6.034431 19.287070 -0.008715 -0.000000 0.000000 0.000000 7.090057 -4.501965 0.585393 0.651472 19.692125 -2.181856 -5.902356 -17.078994 -0.393575 -0.000000 0.000000 0.000000 5.129113 1.152118 0.455543 -0.415817 -3.732689 1.193328 3.443257 2.181332 1.837377 4.534162 -3.591287 -4.932323 -14.368424 2.987795 13.403917 -0.000000 0.000000 0.000000 -8.143786 -4.327490 -2.222434 -8.334254 -3.364749 23.706630 -2.824130 3.491474 -13.758565 13.181603 1.912465 18.360396 -1.197637 2.340676 -3.124656 -16.455926 0.994905 -20.328868 -1.430196 2.161688 9.119175 15.963114 -1.229607 -18.678460 
3.655570 96.881622 -50.233895 -4.811629 1.488965 -1.675488 9.177433 8.383355 4.941338 -3.714234 -18.962454 1.229299 -6.022788 19.285527 -0.015327 -0.000000 0.000000 0.000000 7.098782 -4.509624 0.586959 0.626064 19.694526 -2.175705 -5.878968 -17.059805 -0.395033 -0.000000 0.000000 0.000000 5.138093 1.155522 0.468559 -0.396324 -3.734442 1.195468 3.444318 2.181637 1.837386 4.551332 -3.646092 -4.963980 -14.355515 2.996692 13.379392 -0.000000 0.000000 0.000000 -8.099404 -4.348552 -2.233980 -8.293729 -3.302415 23.681271 -2.749941 3.274860 -13.720317 13.083868 1.851310 18.467150 -1.223719 2.369642 -3.120133 -16.540159 1.080212 -20.342730 -1.497409 2.090635 9.138991 16.089353 -1.282789 -18.683441 
3.645380 96.881920 -50.240296 -4.823236 1.475534 -1.670825 9.177631 8.368763 4.943991 -3.693216 -18.942381 1.230017 -6.028462 19.289348 -0.014495 -0.000000 0.000000 0.000000 7.110494 -4.499661 0.586631 0.623695 19.686221 -2.183324 -5.873884 -17.054877 -0.400845 -0.000000 0.000000 0.000000 5.185436 1.158408 0.465207 -0.383246 -3.735750 1.184218 3.430847 2.181253 1.839499 4.554755 -3.633279 -4.936028 -14.327582 2.950444 13.361928 -0.000000 0.000000 0.000000 -8.114852 -4.374887 -2.225453 -8.281341 -3.352846 23.694291 -2.831699 3.202584 -13.670842 13.045325 1.679793 18.490612 -1.212227 2.402322 -3.128184 -16.440084 1.026474 -20.286109 -1.343944 2.187071 9.122365 16.078748 -1.222192 -18.676998 
3.635610 96.882129 -50.252396 -4.839957 1.473153 -1.666357 9.169062 8.363544 4.946664 -3.660074 -18.950935 1.226030 -6.032912 19.293774 -0.013764 -0.000000 0.000000 0.000000 7.107937 -4.496278 0.586222 0.646291 19.702333 -2.191300 -5.878420 -17.062446 -0.413310 -0.000000 0.000000 0.000000 5.226164 1.159418 0.466052 -0.339706 -3.735869 1.181159 3.434507 2.177090 1.842134 4.524719 -3.657187 -4.945016 -14.333565 2.938712 13.381378 -0.000000 0.000000 0.000000 -8.119655 -4.404349 -2.256200 -8.302247 -3.406516 23.706305 -2.933474 3.065435 -13.626664 12.999680 1.797395 18.589061 -1.189407 2.418205 -3.082342 -16.421756 1.044122 -20.295499 -1.380677 2.215662 9.116309 15.996485 -1.234533 -18.824429 
3.633460 96.882224 -50.264198 -4.866988 1.489530 -1.662733 9.179253 8.365563 4.950728 -3.643962 -18.954666 1.228422 -6.042910 19.282489 -0.012870 -0.000000 0.000000 0.000000 7.121486 -4.496701 0.587402 0.662721 19.683623 -2.186680 -5.887153 -17.061545 -0.435505 -0.000000 0.000000 0.000000 5.311432 1.152362 0.481130 -0.317101 -3.735677 1.180090 3.438212 2.152918 1.852915 4.453587 -3.593312 -4.962137 -14.342943 2.970632 13.308529 -0.000000 0.000000 0.000000 -8.087616 -4.453200 -2.266752 -8.279013 -3.329096 23.710591 -2.860812 2.890509 -13.618233 12.885092 1.586791 18.427943 -1.214196 2.466891 -3.091935 -16.411744 1.056771 -20.280553 -1.290889 2.313449 9.100407 16.159539 -1.223931 -18.828890 
3.630020 96.882224 -50.280702 -4.885597 1.497747 -1.660191 9.178102 8.391046 4.955728 -3.650713 -18.969732 1.224421 -6.031524 19.269799 -0.019017 -0.000000 0.000000 0.000000 7.125643 -4.498048 0.587813 0.665272 19.693438 -2.185433 -5.885144 -17.060373 -0.436392 -0.000000 0.000000 0.000000 5.378158 1.147886 0.475605 -0.275579 -3.734332 1.179943 3.437559 2.150067 1.864858 4.422205 -3.560960 -4.951616 -14.370036 2.949131 13.297895 -0.000000 0.000000 0.000000 -8.081953 -4.504169 -2.240005 -8.349159 -3.395647 23.681720 -2.958693 2.835976 -13.534456 12.824546 1.732397 18.300052 -1.184621 2.512534 -3.108627 -16.420114 1.030319 -20.216564 -1.408303 2.386346 9.048299 15.936317 -1.206647 -18.819263 
3.624430 96.882325 -50.297797 -4.890011 1.513241 -1.657639 9.175771 8.397598 4.960967 -3.655372 -18.968002 1.219594 -6.019918 19.245320 -0.026281 -0.000000 0.000000 0.000000 7.126444 -4.499044 0.588580 0.666250 19.670586 -2.187596 -5.879468 -17.048646 -0.444353 -0.000000 0.000000 0.000000 5.409191 1.137886 0.464646 -0.217607 -3.732101 1.181861 3.421716 2.153970 1.865643 4.439125 -3.536504 -4.944692 -14.390959 2.933332 13.277071 -0.000000 0.000000 0.000000 -8.065055 -4.527506 -2.241615 -8.336043 -3.418673 23.636681 -2.817705 2.506647 -13.465730 12.931610 1.703414 18.498402 -1.180834 2.535850 -3.093737 -16.489649 1.088172 -20.129852 -1.531412 2.361287 9.000740 15.948868 -1.219060 -18.905592 
3.615560 96.882224 -50.304002 -4.915268 1.526903 -1.655114 9.200762 8.399434 4.972250 -3.669961 -18.975265 1.210231 -6.016569 19.235387 -0.025986 -0.000000 0.000000 0.000000 7.175406 -4.499117 0.599472 0.624990 19.654763 -2.188821 -5.875735 -17.042511 -0.469957 -0.000000 0.000000 0.000000 5.448100 1.128427 0.437140 -0.145837 -3.729282 1.184219 3.389006 2.160846 1.866995 4.452970 -3.523606 -4.914920 -14.303151 2.938944 13.264861 -0.000000 0.000000 0.000000 -8.004164 -4.572197 -2.323239 -8.206406 -3.423682 23.698589 -2.691714 2.211907 -13.359825 12.885514 1.576990 18.798969 -1.183019 2.580890 -2.987955 -16.466061 1.068610 -20.014635 -1.798478 2.432892 8.961037 15.663190 -1.124646 -18.927812 
3.598520 96.882224 -50.305998 -4.963348 1.537325 -1.657163 9.250638 8.406149 4.997497 -3.684562 -18.984970 1.192576 -6.019443 19.228341 -0.012469 -0.000000 0.000000 0.000000 7.245265 -4.497637 0.616153 0.596473 19.643778 -2.188106 -5.879503 -17.023245 -0.508787 -0.000000 0.000000 0.000000 5.490019 1.134769 0.364703 -0.015628 -3.725193 1.207540 3.329205 2.173628 1.886534 4.457042 -3.548502 -4.906994 -14.162958 2.897195 13.247691 -0.000000 0.000000 0.000000 -7.970489 -4.598708 -2.464219 -8.257276 -3.572094 23.664524 -3.224818 2.040455 -13.134099 12.597047 1.695193 19.296262 -1.191449 2.621510 -2.759602 -16.468617 1.024222 -19.817914 -2.363226 2.507037 8.878696 15.137324 -1.003810 -18.956467 
3.584570 96.871620 -50.307202 -5.043842 1.557882 -1.668340 9.338529 8.420774 5.038180 -3.700712 -18.996635 1.169638 -6.042109 19.201389 0.021159 -0.000000 0.000000 0.000000 7.363375 -4.495331 0.636311 0.551629 19.594415 -2.173853 -5.888688 -16.977580 -0.564792 -0.000000 0.000000 0.000000 5.539529 1.144041 0.280889 0.159402 -3.720173 1.271829 3.243930 2.176304 1.922306 4.473217 -3.586453 -4.940484 -13.992340 2.905118 13.164070 -0.000000 0.000000 0.000000 -7.874147 -4.599206 -2.708805 -8.305672 -3.649347 23.408522 -3.933717 1.667729 -12.840081 11.976691 1.730585 19.576809 -1.214690 2.659864 -2.409663 -16.409128 0.988123 -19.476424 -2.878956 2.643615 8.774180 14.444810 -0.875135 -18.657497 
3.575010 96.851921 -50.303596 -5.160159 1.577954 -1.689557 9.474027 8.454813 5.088700 -3.730597 -18.998712 1.143122 -6.098867 19.146539 0.087020 -0.000000 0.000000 0.000000 7.534121 -4.473588 0.669207 0.498050 19.508428 -2.161580 -5.918679 -16.908015 -0.646436 -0.000000 0.000000 0.000000 5.611310 1.144960 0.175962 0.395826 -3.713572 1.374136 3.106260 2.175108 1.955897 4.452698 -3.635153 -4.920754 -13.673913 2.930799 13.014163 -0.000000 0.000000 0.000000 -7.683290 -4.558181 -3.120506 -8.200452 -3.607090 22.927644 -4.520363 1.012205 -12.454312 11.081527 1.651904 19.160175 -1.226467 2.723687 -1.892000 -16.097100 0.840217 -18.883039 -3.161809 3.066685 8.678401 13.439318 -0.664483 -17.753901 
3.566700 96.824121 -50.289696 -5.301528 1.577630 -1.712697 9.663341 8.498068 5.141140 -3.788977 -18.949332 1.106715 -6.162840 19.047528 0.181866 -0.000000 0.000000 0.000000 7.722589 -4.435956 0.687620 0.464805 19.375203 -2.132536 -5.971995 -16.773495 -0.737297 -0.000000 0.000000 0.000000 5.665528 1.152211 0.077937 0.716801 -3.709084 1.508222 2.923791 2.168345 1.979828 4.417694 -3.710204 -4.900147 -13.271717 2.943182 12.802543 -0.000000 0.000000 0.000000 -7.447384 -4.466710 -3.591030 -8.147643 -3.508606 21.884269 -5.572227 0.121360 -11.964558 9.578510 1.677218 18.167936 -1.248896 2.798353 -1.279361 -15.826050 0.641573 -17.964327 -3.745624 3.631121 8.615303 12.272585 -0.459951 -16.402073 
3.562250 96.788520 -50.279397 -5.451636 1.551257 -1.724150 9.873277 8.527584 5.175108 -3.848414 -18.830586 1.071156 -6.245820 18.896603 0.302760 -0.000000 0.000000 0.000000 7.940880 -4.392638 0.680511 0.375956 19.197633 -2.098803 -6.035100 -16.574449 -0.840562 -0.000000 0.000000 0.000000 5.696562 1.169355 -0.021710 1.106500 -3.724158 1.672770 2.691092 2.148030 1.932742 4.341240 -3.698540 -4.797849 -12.669460 2.918887 12.566586 -0.000000 0.000000 0.000000 -7.200267 -4.411737 -4.089919 -8.069034 -3.353522 20.551724 -6.418053 -0.603680 -11.682499 7.926273 1.259652 16.712125 -1.328378 2.929146 -0.543857 -15.695735 0.562752 -16.704410 -4.542632 4.042431 8.577028 11.931111 -0.510566 -15.437315 
3.556770 96.752322 -50.265497 -5.627810 1.538417 -1.728431 10.107881 8.550369 5.215402 -3.901964 -18.677979 1.024180 -6.316863 18.708301 0.438931 -0.000000 0.000000 0.000000 8.179635 -4.350842 0.685176 0.324180 18.989579 -2.095225 -6.125699 -16.368951 -0.890157 -0.000000 0.000000 0.000000 5.744283 1.186539 -0.160837 1.465188 -3.684441 1.841610 2.453628 2.155915 1.906000 4.354812 -3.714558 -4.627075 -12.067010 2.681768 12.301972 -0.000000 0.000000 0.000000 -6.934526 -4.407355 -4.409046 -7.923935 -3.392320 18.457259 -6.724803 -1.068963 -11.131555 7.133732 1.411262 15.532996 -1.311839 3.048468 0.161971 -15.229133 0.247008 -14.961867 -4.529963 4.751219 8.326419 11.476891 -0.700906 -14.423026 
3.550820 96.723419 -50.262398 -5.788321 1.546705 -1.726048 10.296508 8.535341 5.251274 -3.911919 -18.504940 0.982059 -6.379489 18.508400 0.594693 -0.000000 0.000000 0.000000 8.381192 -4.287278 0.688861 0.304239 18.748264 -2.101014 -6.214917 -16.180486 -0.942169 -0.000000 0.000000 0.000000 5.778028 1.191457 -0.249735 1.830374 -3.698097 1.995138 2.279539 2.084758 1.818681 4.238685 -3.646330 -4.487879 -11.500222 2.548604 12.063505 -0.000000 0.000000 0.000000 -6.587087 -4.352565 -4.729746 -7.712519 -3.250185 15.952218 -7.357281 -1.693354 -10.480441 5.933594 1.893068 14.753140 -1.267292 3.168446 0.950763 -14.497449 0.088347 -12.836439 -4.622826 5.473186 7.987382 10.297055 -0.824388 -13.818202 
3.546550 96.692425 -50.279099 -5.929688 1.525552 -1.731811 10.419609 8.544109 5.289546 -3.856840 -18.294946 0.946638 -6.462911 18.276752 0.742033 -0.000000 0.000000 0.000000 8.528002 -4.200398 0.688880 0.304026 18.477338 -2.089301 -6.295244 -15.950891 -1.025720 -0.000000 0.000000 0.000000 5.826317 1.197841 -0.337988 2.228714 -3.736425 2.148876 2.076051 1.979833 1.671300 3.963346 -3.364201 -4.263905 -10.812493 2.386027 11.867642 -0.000000 0.000000 0.000000 -6.103183 -4.411851 -5.132022 -7.547297 -2.899687 13.522563 -8.281865 -2.193324 -9.909002 3.786867 1.817710 13.533251 -1.208076 3.412958 1.786901 -13.997166 -0.054907 -10.507225 -5.171749 6.086921 7.866613 9.272367 -0.828553 -13.482570 
3.539640 96.662426 -50.290698 -6.083724 1.497989 -1.755307 10.572584 8.582350 5.359407 -3.845575 -18.089628 0.888599 -6.512481 18.024976 0.917953 -0.000000 0.000000 0.000000 8.690098 -4.126297 0.718565 0.318551 18.203133 -2.100761 -6.367923 -15.709984 -1.056701 -0.000000 0.000000 0.000000 5.910015 1.188143 -0.461643 2.542170 -3.718414 2.334360 1.891092 1.936562 1.573003 3.689938 -3.054603 -4.048750 -10.091419 2.131367 11.647689 -0.000000 0.000000 0.000000 -5.594407 -4.423828 -5.456348 -7.681869 -2.714966 10.502890 -9.562466 -2.950621 -9.037611 2.052431 2.533289 12.610875 -1.043141 3.619168 2.704966 -13.370059 -0.249296 -8.050461 -4.591887 6.995942 7.302030 8.975268 -1.231347 -12.466240 
3.532610 96.606821 -50.280499 -6.182088 1.431999 -1.761906 10.743313 8.608287 5.396090 -3.925473 -17.805180 0.826950 -6.610066 17.751076 1.108329 -0.000000 0.000000 0.000000 8.826273 -4.036630 0.697223 0.266453 17.913998 -2.072065 -6.498232 -15.387103 -1.238527 -0.000000 0.000000 0.000000 6.136187 1.136543 -0.454883 3.140169 -3.839458 2.440815 1.495744 1.632055 1.346594 2.986333 -2.755604 -3.696558 -10.138710 2.159553 11.190849 -0.000000 0.000000 0.000000 -5.776918 -3.937408 -6.188009 -6.906992 -2.020395 7.994941 -10.500190 -4.487372 -8.393964 0.969702 2.599300 11.909076 -1.441189 3.896981 3.705195 -12.165831 -0.024580 -5.429189 -4.542260 7.799508 7.009100 7.906293 -1.263143 -12.343566 
3.544250 96.582925 -50.301200 -6.251387 1.252790 -1.807094 10.864696 8.660723 5.410296 -3.955757 -17.483971 0.818431 -6.676295 17.522157 1.259918 -0.000000 0.000000 0.000000 8.848717 -3.933319 0.679549 0.291319 17.660757 -2.047453 -6.558732 -15.036750 -1.283874 -0.000000 0.000000 0.000000 6.130839 1.172726 -0.364260 3.762119 -3.827560 2.556744 0.950383 1.651571 1.050813 2.619156 -2.627567 -3.426284 -9.220933 2.030385 10.993874 -0.000000 0.000000 0.000000 -5.437738 -3.725965 -6.935782 -6.481069 -1.813244 5.110791 -10.184129 -5.975307 -7.514821 -0.139369 2.632335 11.314745 -1.211359 4.052453 4.809652 -11.651213 0.042021 -2.921475 -4.368660 8.409968 6.571514 7.273700 -1.214221 -11.473664 
3.573160 96.562523 -50.323296 -6.269323 1.043699 -1.827868 10.943844 8.603933 5.361654 -3.953518 -17.045529 0.845507 -6.757073 17.311122 1.387908 -0.000000 0.000000 0.000000 8.834315 -3.764445 0.632207 0.267423 17.320204 -2.052585 -6.552883 -14.639901 -1.271806 -0.000000 0.000000 0.000000 6.092050 1.162949 -0.416779 4.119511 -3.746744 2.710482 0.907520 1.637558 1.057810 2.292739 -2.681303 -3.353998 -9.426079 2.180125 10.650947 -0.000000 0.000000 0.000000 -4.943449 -3.489021 -7.959001 -5.720583 -1.559555 1.811099 -10.826712 -7.623626 -6.551032 -1.482719 2.678148 11.378590 -1.207066 4.179537 5.857807 -10.914201 0.276134 -0.535354 -4.079620 9.055564 6.027768 6.774212 -1.393544 -10.891890 
3.598330 96.545625 -50.350797 -6.238255 0.843896 -1.793618 10.955657 8.511977 5.265012 -3.920813 -16.581940 0.868120 -6.820577 17.079463 1.465531 -0.000000 0.000000 0.000000 8.776287 -3.584616 0.533010 0.220571 16.927901 -2.071235 -6.556859 -14.230579 -1.199085 -0.000000 0.000000 0.000000 5.952191 1.183234 -0.470722 4.626589 -3.659152 2.761723 0.807806 1.621682 1.012438 2.000408 -2.659016 -3.166184 -9.756174 2.261001 10.382020 -0.000000 0.000000 0.000000 -4.596204 -3.299191 -8.935284 -5.221900 -1.591006 -1.424049 -11.065015 -8.635387 -5.607025 -2.271187 2.563593 10.619586 -1.075210 4.275859 6.824578 -10.251227 0.393834 2.212467 -3.942703 9.814365 5.326181 5.941984 -1.291595 -10.551297 
3.625560 96.529627 -50.366902 -6.212816 0.731269 -1.748078 10.961761 8.421347 5.182306 -3.898711 -16.227212 0.865630 -6.865523 16.883855 1.547865 -0.000000 0.000000 0.000000 8.720691 -3.475171 0.424335 0.213619 16.596499 -2.063497 -6.577561 -13.894364 -1.144231 -0.000000 0.000000 0.000000 5.820827 1.230892 -0.564366 5.039788 -3.577789 2.888333 0.666358 1.665475 1.024437 1.831471 -2.886749 -3.175351 -9.858945 2.487695 10.235674 -0.000000 0.000000 0.000000 -4.429028 -3.118435 -9.957750 -4.866006 -2.080286 -4.852177 -12.172311 -9.069188 -5.050308 -3.451956 3.329336 10.755254 -0.897560 4.310389 8.019438 -9.620432 0.578769 4.394163 -4.019802 10.278837 5.047755 5.380549 -1.432385 -10.616945 
3.670630 96.515423 -50.380999 -6.162310 0.741338 -1.713350 10.917045 8.304374 5.121658 -3.865643 -15.882571 0.878350 -6.917201 16.614410 1.601810 -0.000000 0.000000 0.000000 8.659566 -3.369315 0.338187 0.198945 16.144199 -2.056780 -6.601599 -13.568096 -1.076204 -0.000000 0.000000 0.000000 5.682824 1.256516 -0.621091 5.391800 -3.564367 2.979920 0.623550 1.569452 1.032020 1.704353 -2.866186 -3.115724 -10.094010 2.672633 10.039928 -0.000000 0.000000 0.000000 -4.069472 -3.137252 -10.897271 -4.341426 -2.111163 -8.201634 -12.322194 -9.676852 -4.479111 -4.296784 3.373207 9.812296 -0.793098 4.448737 8.992536 -8.988367 0.734690 6.870334 -3.681807 10.645698 4.540855 5.181418 -1.545901 -10.230934 
3.700640 96.498924 -50.400501 -6.100757 0.756714 -1.664254 10.838367 8.215296 5.061547 -3.817599 -15.573620 0.885752 -6.965434 16.341085 1.659130 -0.000000 0.000000 0.000000 8.537870 -3.238386 0.259722 0.277657 15.728599 -2.069538 -6.662183 -13.288839 -1.083977 -0.000000 0.000000 0.000000 5.582659 1.249093 -0.707476 5.784861 -3.613044 3.048980 0.457732 1.491485 0.934919 1.454023 -2.746383 -2.900436 -9.846381 2.856541 9.854358 -0.000000 0.000000 0.000000 -3.747771 -3.068459 -11.926697 -3.426592 -2.409353 -10.914027 -11.598555 -9.830460 -3.808650 -4.521086 3.343048 8.102806 -0.725550 4.486516 10.156140 -8.195966 1.091522 9.231201 -3.679585 11.016964 4.198064 4.963231 -1.688575 -10.194280 
3.725780 96.494228 -50.408399 -6.087604 0.793015 -1.607039 10.817084 8.185994 4.981523 -3.794090 -15.486876 0.901838 -6.965498 16.223307 1.713289 -0.000000 0.000000 0.000000 8.474333 -3.174605 0.179893 0.367182 15.486951 -2.073797 -6.710078 -13.161232 -1.086049 -0.000000 0.000000 0.000000 5.336680 1.331273 -0.710190 6.048287 -3.508656 3.144929 0.153739 2.004148 1.108872 1.886160 -3.517657 -3.524204 -9.322404 3.080345 9.920980 -0.000000 0.000000 0.000000 -2.852155 -4.097947 -13.750259 -2.772163 -2.955158 -13.025271 -12.119125 -9.518405 -3.761062 -5.155301 3.744990 9.349259 -0.372616 4.678938 10.893797 -7.199767 0.098564 11.401097 -3.456295 11.780110 3.991879 4.598124 -1.653815 -10.361095 
3.767380 96.471125 -50.369698 -6.157121 0.814289 -1.635242 11.022912 8.148953 4.972321 -3.983844 -15.547326 0.884499 -7.007857 16.347911 1.789546 -0.000000 0.000000 0.000000 8.621580 -3.080070 0.169973 0.298770 15.212020 -2.062095 -6.709486 -12.941240 -1.062103 -0.000000 0.000000 0.000000 5.471525 1.202706 -0.875471 6.440374 -3.567725 3.177986 0.105179 1.722718 1.733507 1.781966 -3.842686 -3.833424 -11.155361 5.310525 8.885458 -0.000000 0.000000 0.000000 -2.724944 -4.162222 -15.783638 -1.824078 -2.018627 -14.745469 -11.304546 -10.755555 -3.644247 -4.462136 3.823975 8.919283 -0.308814 5.033891 11.500994 -6.442602 0.475503 13.395010 -2.740156 12.316134 3.680337 4.664585 -1.884635 -10.090091 
3.766110 96.445823 -50.336301 -6.138532 0.757984 -1.608506 11.075457 8.100086 4.933227 -4.014842 -15.292693 0.888101 -7.064090 16.176456 1.868390 -0.000000 0.000000 0.000000 8.618435 -2.940603 0.104463 0.291444 14.892166 -2.032573 -6.762011 -12.667555 -1.122630 -0.000000 0.000000 0.000000 5.377187 1.168885 -0.981703 6.785029 -3.540405 3.140926 -0.128892 1.696416 1.647941 1.774244 -3.894866 -3.552777 -11.070345 5.604790 8.778641 -0.000000 0.000000 0.000000 -2.463109 -4.156391 -17.154283 -0.594253 -2.288320 -16.420150 -10.687975 -11.005803 -3.174387 -4.393886 3.554419 8.448054 -0.204639 5.101372 12.781181 -5.499166 0.759118 15.491464 -3.245695 12.764998 3.554707 4.163819 -1.884092 -10.597456 
3.754270 96.426821 -50.287598 -6.101728 0.670983 -1.635093 11.125808 8.061355 4.945774 -4.072651 -15.138744 0.883334 -7.088855 16.130388 2.020200 -0.000000 0.000000 0.000000 8.608780 -2.864772 0.114309 0.276912 14.738022 -2.020620 -6.798982 -12.499528 -1.158284 -0.000000 0.000000 0.000000 5.288510 1.190466 -1.111114 7.059171 -3.510481 3.207432 -0.411270 1.748952 1.639771 1.639246 -4.207584 -3.480828 -10.571328 6.118737 8.708321 -0.000000 0.000000 0.000000 -2.103738 -4.047202 -18.516573 0.174212 -2.418811 -18.244779 -11.002241 -11.756882 -3.145844 -4.969787 4.040946 9.801811 0.026409 5.145275 13.998963 -4.411018 0.972084 17.332623 -2.816522 13.478387 3.437565 3.262316 -1.869184 -10.568251 
3.742270 96.404529 -50.247300 -6.073366 0.569997 -1.687939 11.142809 8.013913 4.987729 -4.048777 -14.880289 0.902107 -7.169021 15.982969 2.152793 -0.000000 0.000000 0.000000 8.598789 -2.736214 0.151851 0.271103 14.501448 -2.011926 -6.836126 -12.278293 -1.224248 -0.000000 0.000000 0.000000 5.237827 1.190167 -1.211543 7.283378 -3.497320 3.253515 -0.621313 1.803174 1.567788 1.414495 -4.423673 -3.291337 -10.098744 6.422010 8.647720 -0.000000 0.000000 0.000000 -1.576494 -3.870739 -19.721043 1.677448 -2.605858 -19.989937 -9.478156 -13.258625 -2.723350 -5.429226 3.718773 9.396168 0.140200 5.057931 15.069551 -3.312464 1.487063 19.438714 -2.393383 13.988244 3.060692 2.755354 -1.827418 -10.346898 
3.723700 96.387422 -50.190300 -5.991306 0.392529 -1.709331 11.130367 7.994232 4.957287 -4.018226 -14.522904 0.949656 -7.237517 15.796352 2.242706 -0.000000 0.000000 0.000000 8.502948 -2.579202 0.130800 0.304264 14.279852 -1.999978 -6.879441 -12.013069 -1.283418 -0.000000 0.000000 0.000000 5.024010 1.205087 -1.285911 7.743814 -3.436439 3.267308 -0.981870 1.936676 1.434049 1.146126 -4.563789 -3.153175 -9.677368 6.455691 8.579937 -0.000000 0.000000 0.000000 -1.108451 -3.635917 -21.026785 3.192880 -2.863197 -21.466953 -7.816470 -14.878534 -2.295546 -5.274139 3.271591 9.103754 0.301456 4.973163 16.325934 -2.662655 1.789026 21.370319 -3.765271 14.292255 2.910812 1.724588 -1.774640 -10.559482 
3.712990 96.369326 -50.137001 -5.964074 0.248840 -1.723598 11.181875 8.003285 4.949198 -4.034643 -14.305918 0.963638 -7.288136 15.699019 2.406799 -0.000000 0.000000 0.000000 8.472345 -2.503164 0.112159 0.323386 14.190863 -1.967876 -6.896324 -11.837875 -1.396880 -0.000000 0.000000 0.000000 4.927431 1.213981 -1.383632 8.130447 -3.379181 3.350233 -1.297150 2.107720 1.360569 0.703069 -5.037434 -3.175373 -9.290807 6.723960 8.574230 -0.000000 0.000000 0.000000 -0.616104 -3.480628 -22.453096 4.821663 -3.211382 -22.732416 -6.552704 -16.752104 -2.530860 -6.064672 3.354486 10.339600 0.439024 4.830579 17.672401 -2.081132 2.231859 22.844542 -5.017986 14.438824 3.055688 0.599928 -1.883484 -11.034302 
3.711920 96.345425 -50.081098 -5.892448 0.130784 -1.719176 11.177408 8.013871 4.913523 -4.027346 -14.025518 0.985365 -7.384865 15.503678 2.457348 -0.000000 0.000000 0.000000 8.415769 -2.395865 0.062282 0.317056 13.953072 -1.941419 -6.932403 -11.555871 -1.494102 -0.000000 0.000000 0.000000 4.694894 1.265083 -1.389375 8.822316 -3.340562 3.351989 -1.793122 2.089057 1.182715 0.214337 -4.963083 -2.970688 -8.952902 6.656269 8.327820 -0.000000 0.000000 0.000000 -0.183256 -3.464170 -24.146334 6.160291 -3.063744 -23.580992 -4.985814 -18.616710 -2.164706 -5.119221 2.412207 9.315985 0.609574 5.076980 19.126139 -1.316595 2.494579 24.226507 -5.528745 14.846441 2.891468 0.305498 -1.570108 -10.864933 
3.712520 96.320421 -50.021398 -5.884662 0.083310 -1.702948 11.236982 8.002760 4.889720 -4.033911 -13.908904 0.975130 -7.465625 15.426621 2.549756 -0.000000 0.000000 0.000000 8.445491 -2.346898 0.010530 0.310580 13.810622 -1.907273 -6.993105 -11.373283 -1.641717 -0.000000 0.000000 0.000000 4.565599 1.342300 -1.379961 9.439148 -3.281034 3.367503 -2.275974 2.049442 0.998827 -0.325432 -5.035056 -2.806175 -8.619471 6.811719 8.114569 -0.000000 0.000000 0.000000 0.136854 -3.588330 -25.876428 6.831195 -3.037109 -24.475508 -5.353201 -19.633097 -2.253556 -5.423502 2.282472 9.351949 0.879425 5.319933 20.548229 -0.681432 2.692384 25.326248 -5.553986 15.333109 2.939353 0.099918 -1.438821 -10.691791 
3.723890 96.298325 -49.978802 -5.892210 0.155790 -1.667720 11.261940 7.951899 4.879309 -4.018788 -13.895767 0.936465 -7.522751 15.372483 2.666255 -0.000000 0.000000 0.000000 8.488781 -2.340385 -0.032082 0.321002 13.670775 -1.892057 -7.044856 -11.284234 -1.790802 -0.000000 0.000000 0.000000 4.548325 1.380750 -1.441198 9.825643 -3.265913 3.430664 -2.649144 1.964081 0.856363 -0.815404 -5.239856 -2.631212 -8.394665 7.162155 8.122206 -0.000000 0.000000 0.000000 0.445065 -3.828327 -27.268556 7.318738 -3.268436 -25.754509 -6.486795 -20.060657 -2.765181 -6.671996 2.548980 10.795837 1.087203 5.498167 21.731941 -0.313352 3.081614 26.476975 -5.697637 15.355643 3.225141 -0.324902 -1.444210 -11.135780 
3.730990 96.281922 -49.948201 -5.867487 0.239032 -1.611313 11.240964 7.893077 4.846574 -3.987449 -13.776595 0.922612 -7.559329 15.211478 2.700161 -0.000000 0.000000 0.000000 8.487646 -2.297213 -0.086920 0.339391 13.408043 -1.891162 -7.092950 -11.132191 -1.849183 -0.000000 0.000000 0.000000 4.479508 1.367452 -1.495321 10.082372 -3.272116 3.449113 -2.890629 1.850608 0.695095 -1.119353 -5.106559 -2.392775 -8.367537 7.280938 8.180587 -0.000000 0.000000 0.000000 0.703485 -4.015091 -28.138976 7.650160 -3.713283 -27.467395 -6.456476 -19.981588 -2.789938 -7.070239 2.361396 10.851344 1.199606 5.613514 22.505653 -0.302933 3.492248 28.126714 -5.783797 15.267259 3.323174 -0.466172 -1.551470 -11.348774 
3.743410 96.276623 -49.927601 -5.830864 0.326698 -1.570387 11.193168 7.819735 4.816987 -3.944824 -13.654789 0.921876 -7.566538 15.078765 2.745343 -0.000000 0.000000 0.000000 8.451498 -2.251427 -0.129929 0.386521 13.166806 -1.897202 -7.138536 -11.025431 -1.836829 -0.000000 0.000000 0.000000 4.420024 1.355560 -1.522442 10.182762 -3.269599 3.469399 -3.010401 1.766061 0.590579 -1.355204 -5.023431 -2.265156 -8.418441 7.538554 8.271924 -0.000000 0.000000 0.000000 0.914061 -4.376890 -28.750116 7.747383 -4.315435 -29.473198 -6.871376 -19.513827 -2.973257 -7.949282 2.756746 11.006812 1.376265 5.786662 23.063734 -0.100750 3.875548 29.728786 -5.204119 15.664307 3.381612 -0.892936 -1.716136 -11.322339 
3.755720 96.273327 -49.902901 -5.775221 0.463431 -1.543218 11.120925 7.711483 4.811939 -3.910972 -13.559771 0.926136 -7.555468 14.943197 2.802686 -0.000000 0.000000 0.000000 8.419964 -2.223319 -0.144966 0.402182 12.904460 -1.901481 -7.145396 -10.948121 -1.817972 -0.000000 0.000000 0.000000 4.330904 1.339266 -1.584387 10.216586 -3.317838 3.517105 -3.046335 1.634629 0.527116 -1.620462 -5.032349 -2.142215 -8.367487 7.941351 8.424762 -0.000000 0.000000 0.000000 1.253559 -4.853354 -29.213509 8.240310 -4.904249 -31.440875 -6.771419 -19.791261 -3.118330 -9.294915 3.084294 11.455631 1.537727 5.995413 23.534549 0.234640 4.414422 31.237459 -4.331849 16.191326 3.326719 -1.410259 -1.718187 -11.279530 
3.756560 96.266419 -49.888697 -5.692099 0.583479 -1.507183 11.011923 7.601980 4.799244 -3.859494 -13.390971 0.947631 -7.560943 14.750160 2.819498 -0.000000 0.000000 0.000000 8.340437 -2.171585 -0.168090 0.430751 12.599668 -1.901477 -7.167588 -10.815060 -1.829847 -0.000000 0.000000 0.000000 4.215311 1.304844 -1.630811 10.330419 -3.384269 3.531922 -3.138279 1.506959 0.413633 -1.925964 -4.809529 -1.939547 -8.236620 8.147177 8.437980 -0.000000 0.000000 0.000000 1.555120 -5.068466 -29.692135 8.830028 -5.446818 -32.946248 -5.641159 -20.551102 -2.903949 -9.577507 2.632467 10.974525 1.572969 6.027423 23.976107 0.342761 5.022709 32.832770 -4.087263 16.498450 3.166847 -1.667503 -1.775052 -11.340022 
3.757060 96.263522 -49.874598 -5.663345 0.661925 -1.474904 10.969601 7.484872 4.775563 -3.803608 -13.277992 0.965287 -7.591612 14.657635 2.858119 -0.000000 0.000000 0.000000 8.321727 -2.128727 -0.196032 0.450814 12.393307 -1.895352 -7.200989 -10.723214 -1.856726 -0.000000 0.000000 0.000000 4.165019 1.294733 -1.678858 10.393161 -3.415768 3.540170 -3.173827 1.442376 0.353430 -2.210675 -4.746414 -1.874258 -8.231460 8.395656 8.517822 -0.000000 0.000000 0.000000 1.750824 -5.371860 -30.188863 9.111372 -6.114028 -34.284545 -5.500060 -20.759665 -2.934729 -10.147578 2.437687 11.708824 1.594142 6.057915 24.398016 0.369606 5.487132 34.170592 -4.064194 16.866993 3.285193 -2.150067 -1.867406 -11.686809 
3.757250 96.263224 -49.869597 -5.681923 0.725751 -1.464543 10.988336 7.404185 4.768514 -3.786243 -13.186761 0.984976 -7.602183 14.581784 2.887500 -0.000000 0.000000 0.000000 8.345604 -2.114332 -0.203535 0.468511 12.220748 -1.888386 -7.216540 -10.634607 -1.834702 -0.000000 0.000000 0.000000 4.195488 1.299714 -1.757683 10.338470 -3.383718 3.571386 -3.145495 1.455791 0.405669 -2.380475 -4.886543 -1.933369 -8.312768 8.562361 8.629253 -0.000000 0.000000 0.000000 1.817029 -5.751670 -30.486057 9.199057 -6.929889 -35.758920 -5.601392 -20.591912 -3.012784 -10.763004 2.570027 13.121224 1.654495 6.238270 24.758238 0.591741 5.858476 35.163595 -3.630014 17.291840 3.455843 -2.549875 -1.806161 -11.771398 
3.757100 96.263319 -49.875799 -5.685906 0.785555 -1.459205 10.971677 7.334164 4.779154 -3.752702 -13.095090 1.008357 -7.600658 14.499471 2.915485 -0.000000 0.000000 0.000000 8.346812 -2.113180 -0.203158 0.478568 12.075072 -1.868801 -7.206108 -10.553908 -1.796946 -0.000000 0.000000 0.000000 4.206402 1.314690 -1.796929 10.258659 -3.341163 3.615931 -3.130634 1.511728 0.431924 -2.418962 -5.045268 -2.014533 -8.369908 8.623148 8.731507 -0.000000 0.000000 0.000000 1.827825 -6.152968 -30.609759 9.338920 -7.898459 -37.037363 -4.997613 -20.304317 -3.120058 -11.099217 2.670138 14.133906 1.709170 6.428360 24.932718 0.901709 6.365517 36.155191 -2.708672 17.583837 3.491829 -2.720689 -1.933013 -12.002661 
3.756620 96.263725 -49.884996 -5.664577 0.818439 -1.456204 10.929058 7.266583 4.766116 -3.719251 -12.995551 1.026564 -7.582749 14.427250 2.956089 -0.000000 0.000000 0.000000 8.317756 -2.115239 -0.221785 0.477947 11.971863 -1.852156 -7.193713 -10.505349 -1.749515 -0.000000 0.000000 0.000000 4.173191 1.351100 -1.814484 10.177448 -3.314792 3.630166 -3.132181 1.569209 0.421632 -2.385505 -5.201430 -2.040568 -8.282030 8.694179 8.796042 -0.000000 0.000000 0.000000 1.845419 -6.610629 -30.597919 9.670779 -8.916508 -38.070118 -3.809200 -20.269578 -3.192778 -11.275066 2.889885 14.782754 1.797687 6.647874 24.928397 1.322811 6.998510 37.177930 -1.513484 17.940376 3.576259 -2.781983 -2.092044 -12.688809 
3.750840 96.264225 -49.901399 -5.626632 0.902298 -1.434431 10.847593 7.167310 4.766803 -3.670885 -12.911202 1.038445 -7.553321 14.337964 2.987427 -0.000000 0.000000 0.000000 8.281566 -2.107635 -0.220402 0.466617 11.838435 -1.861628 -7.170867 -10.480146 -1.711180 -0.000000 0.000000 0.000000 4.141168 1.365262 -1.846817 10.109916 -3.327555 3.634377 -3.157079 1.580181 0.409714 -2.351021 -5.301450 -2.028110 -8.093156 8.763785 8.852974 -0.000000 0.000000 0.000000 1.906270 -7.086496 -30.551451 10.044823 -9.810002 -38.859667 -2.345851 -20.600119 -3.125936 -11.169714 2.949579 15.300799 1.869656 6.886659 24.927664 1.731790 7.642227 38.140888 -0.269839 18.360727 3.508060 -2.840808 -2.123051 -12.991906 
3.743210 96.266925 -49.932498 -5.570069 1.022187 -1.386139 10.720184 7.064364 4.749657 -3.607460 -12.827369 1.044315 -7.514393 14.217447 2.991394 -0.000000 0.000000 0.000000 8.192687 -2.098583 -0.243222 0.504904 11.670904 -1.872348 -7.170693 -10.453231 -1.711918 -0.000000 0.000000 0.000000 4.127149 1.346615 -1.882006 10.071715 -3.359809 3.627305 -3.172218 1.605028 0.400940 -2.403780 -5.307481 -2.063499 -7.928029 8.810694 8.910363 -0.000000 0.000000 0.000000 1.960475 -7.546527 -30.556975 10.235725 -10.666135 -39.421719 -1.386070 -20.877300 -3.074364 -11.355686 2.711938 15.857295 1.867303 7.024953 24.985763 1.764105 8.020630 39.137380 -0.123541 18.560380 3.399482 -2.979115 -2.133983 -13.103172 
3.736970 96.269524 -49.966997 -5.516647 1.114127 -1.344800 10.610752 7.011379 4.731856 -3.574393 -12.788003 1.041554 -7.484448 14.136531 3.008138 -0.000000 0.000000 0.000000 8.115688 -2.103305 -0.276201 0.511958 11.574157 -1.859325 -7.158255 -10.448388 -1.723867 -0.000000 0.000000 0.000000 4.126306 1.323617 -1.919765 9.991608 -3.373474 3.651044 -3.160872 1.657997 0.419159 -2.407857 -5.400471 -2.171054 -7.854033 8.905629 8.988052 -0.000000 0.000000 0.000000 1.976581 -7.871357 -30.518907 10.298782 -11.611356 -39.965722 -0.785581 -21.078985 -3.116762 -11.809758 2.776950 16.947853 1.861892 7.023130 25.007806 1.673191 8.386335 39.957819 -0.597335 18.649230 3.633953 -3.620435 -2.376518 -13.780951 
3.733180 96.271920 -50.000095 -5.460228 1.173794 -1.326953 10.506077 6.966727 4.724972 -3.545272 -12.723551 1.051819 -7.467213 14.049883 3.006252 -0.000000 0.000000 0.000000 8.035648 -2.105984 -0.294693 0.513088 11.470694 -1.847538 -7.146625 -10.405090 -1.687349 -0.000000 0.000000 0.000000 4.110876 1.312039 -1.952430 9.877616 -3.379053 3.706489 -3.157121 1.687004 0.473289 -2.274065 -5.484182 -2.277280 -7.778416 8.954215 9.032030 -0.000000 0.000000 0.000000 1.962903 -8.096729 -30.405869 10.308122 -12.369179 -40.601982 -0.189632 -21.380890 -3.078665 -11.910821 2.817628 17.864423 1.902318 7.099823 25.041239 1.793557 8.764599 40.501926 -0.371626 18.936397 3.773627 -3.912671 -2.355902 -14.315817 
3.728930 96.274424 -50.029898 -5.411688 1.184628 -1.322395 10.426440 6.917778 4.715175 -3.525453 -12.659746 1.077448 -7.439998 14.010589 3.013130 -0.000000 0.000000 0.000000 7.961454 -2.098915 -0.301911 0.510053 11.412598 -1.831805 -7.127775 -10.377762 -1.641913 -0.000000 0.000000 0.000000 4.087464 1.307944 -1.948093 9.762508 -3.389557 3.753559 -3.121292 1.724349 0.511699 -2.159963 -5.583501 -2.408521 -7.606560 9.039537 9.047742 -0.000000 0.000000 0.000000 1.936737 -8.371346 -30.275347 10.310370 -13.064184 -41.135175 0.267331 -21.569671 -3.150058 -12.158776 2.882401 18.758560 1.958133 7.258968 25.020850 2.039959 9.194780 40.945194 0.323507 19.258829 3.870456 -4.091479 -2.281912 -14.814451 
3.718230 96.278822 -50.055599 -5.383762 1.149122 -1.316706 10.367865 6.882583 4.700356 -3.482220 -12.605551 1.093160 -7.424874 14.009417 3.037364 -0.000000 0.000000 0.000000 7.888208 -2.071807 -0.307499 0.542929 11.407661 -1.832627 -7.116805 -10.374671 -1.609592 -0.000000 0.000000 0.000000 4.071239 1.307631 -1.936387 9.678282 -3.388385 3.796552 -3.107272 1.764704 0.538240 -2.054890 -5.660576 -2.531092 -7.388285 9.154955 9.010354 -0.000000 0.000000 0.000000 1.902683 -8.637450 -30.124982 10.358571 -13.731172 -41.536834 1.052394 -21.641469 -3.163483 -12.170207 3.142832 19.259916 2.021630 7.412067 24.962951 2.361679 9.700306 41.306269 1.345969 19.604467 3.997304 -4.130996 -2.411386 -15.289396 
3.707150 96.281219 -50.080699 -5.370205 1.090987 -1.311286 10.311360 6.861027 4.690471 -3.409210 -12.541096 1.099672 -7.428426 14.003663 3.058969 -0.000000 0.000000 0.000000 7.824142 -2.044434 -0.312997 0.584023 11.397930 -1.842822 -7.113954 -10.360082 -1.576902 -0.000000 0.000000 0.000000 4.068737 1.306123 -1.922910 9.623722 -3.386008 3.837317 -3.110881 1.804661 0.572705 -1.952927 -5.713899 -2.652523 -7.226155 9.248628 8.992728 -0.000000 0.000000 0.000000 1.855195 -8.935789 -30.033150 10.407726 -14.255259 -41.817681 1.798995 -21.667246 -3.190227 -12.076432 3.426807 19.291522 2.091082 7.612942 24.952795 2.742271 10.082204 41.534101 2.612794 20.103679 4.032943 -3.746020 -2.472089 -15.488623 
3.698620 96.283221 -50.105500 -5.357190 1.033020 -1.304243 10.263934 6.850759 4.680870 -3.354478 -12.464939 1.097484 -7.431708 13.997802 3.077231 -0.000000 0.000000 0.000000 7.761926 -2.011011 -0.326581 0.625828 11.389970 -1.851263 -7.115962 -10.327986 -1.566794 -0.000000 0.000000 0.000000 4.089374 1.291618 -1.897305 9.568096 -3.401264 3.855808 -3.107297 1.825981 0.597498 -1.884581 -5.733577 -2.729412 -7.143030 9.336875 8.999244 -0.000000 0.000000 0.000000 1.811430 -9.201479 -29.974159 10.429665 -14.669896 -42.042596 2.211728 -21.686642 -3.242404 -12.151756 3.630814 19.149225 2.145248 7.784539 24.934029 3.049700 10.487653 41.816835 3.647171 20.385584 3.979259 -3.579912 -2.532548 -15.455378 
3.693200 96.285224 -50.130403 -5.328527 0.982321 -1.290853 10.209205 6.863989 4.665283 -3.328819 -12.421096 1.089842 -7.428314 13.987498 3.088265 -0.000000 0.000000 0.000000 7.682611 -2.000034 -0.346746 0.661767 11.376741 -1.848019 -7.118701 -10.301037 -1.558732 -0.000000 0.000000 0.000000 4.109557 1.260024 -1.867229 9.500528 -3.436227 3.871759 -3.093297 1.815824 0.599234 -1.840366 -5.732607 -2.775615 -7.062706 9.404420 8.993831 -0.000000 0.000000 0.000000 1.781422 -9.386890 -29.912581 10.407652 -14.972364 -42.240748 2.513006 -21.640382 -3.284701 -12.174388 3.697330 19.201253 2.157135 7.924553 24.904648 3.247437 10.823093 42.098985 4.383028 20.487452 4.099865 -3.489113 -2.607240 -15.593419 
3.687030 96.287620 -50.154096 -5.286280 0.933026 -1.279374 10.135881 6.870743 4.651257 -3.296325 -12.374012 1.085169 -7.411403 13.974384 3.088898 -0.000000 0.000000 0.000000 7.597001 -1.976256 -0.359251 0.686407 11.370343 -1.851064 -7.114478 -10.272681 -1.543842 -0.000000 0.000000 0.000000 4.139958 1.206337 -1.831498 9.405770 -3.474955 3.882307 -3.074329 1.804720 0.607320 -1.812656 -5.730663 -2.841739 -6.996168 9.465509 8.972302 -0.000000 0.000000 0.000000 1.778902 -9.531274 -29.862946 10.407650 -15.196716 -42.416909 2.949132 -21.572075 -3.187563 -12.010883 3.770921 19.332571 2.176531 7.986858 24.899381 3.387032 11.047345 42.356650 5.128586 20.630253 4.083364 -3.098005 -2.693632 -15.668706 
3.680360 96.292025 -50.172400 -5.231157 0.858972 -1.282642 10.075736 6.870895 4.635369 -3.289949 -12.305265 1.094585 -7.392007 13.972101 3.094269 -0.000000 0.000000 0.000000 7.509308 -1.936032 -0.363301 0.690728 11.384217 -1.850419 -7.092521 -10.249811 -1.518649 -0.000000 0.000000 0.000000 4.161845 1.161019 -1.793473 9.310076 -3.501291 3.905079 -3.040473 1.793654 0.624677 -1.819878 -5.714142 -2.928037 -6.975809 9.506109 8.922638 -0.000000 0.000000 0.000000 1.794014 -9.588776 -29.786963 10.469957 -15.378877 -42.544038 3.382823 -21.653983 -3.176193 -11.965298 3.822255 19.346264 2.195237 7.977020 24.879960 3.520154 11.211205 42.563257 5.568707 20.812198 4.095445 -3.034939 -2.737274 -15.687793 
3.679410 96.296328 -50.182396 -5.158481 0.779719 -1.293257 10.018262 6.867572 4.624422 -3.313656 -12.230935 1.116437 -7.364579 13.972300 3.090312 -0.000000 0.000000 0.000000 7.416544 -1.888975 -0.367678 0.676653 11.396694 -1.845718 -7.055994 -10.241021 -1.493410 -0.000000 0.000000 0.000000 4.146919 1.129640 -1.757170 9.244282 -3.528679 3.944301 -2.998098 1.770315 0.646025 -1.869398 -5.669232 -3.012040 -6.965797 9.543624 8.864530 -0.000000 0.000000 0.000000 1.817057 -9.580165 -29.717386 10.608525 -15.459753 -42.566624 3.704082 -22.000079 -3.321617 -12.064595 3.805733 19.092474 2.209313 7.965705 24.856641 3.730489 11.379251 42.629409 5.922005 21.066509 4.243617 -3.122432 -2.717577 -15.699265 
3.678730 96.299225 -50.194299 -5.071891 0.698847 -1.312060 9.930548 6.859992 4.620907 -3.312008 -12.150020 1.134728 -7.353404 13.976898 3.088620 -0.000000 0.000000 0.000000 7.310831 -1.848034 -0.369378 0.651947 11.402202 -1.840657 -7.023380 -10.209994 -1.465518 -0.000000 0.000000 0.000000 4.129966 1.099598 -1.738281 9.136905 -3.548938 3.988302 -2.914404 1.744462 0.690288 -1.916296 -5.660009 -3.090005 -7.018906 9.590623 8.857569 -0.000000 0.000000 0.000000 1.832755 -9.581632 -29.659689 10.751414 -15.492809 -42.625001 3.741087 -22.335827 -3.540931 -12.406992 3.639138 18.897608 2.216911 7.969991 24.840515 4.020186 11.546850 42.576220 6.530800 21.369824 4.370895 -3.090437 -2.700874 -15.610945 
3.678280 96.303123 -50.202298 -5.018188 0.606133 -1.335728 9.887345 6.866891 4.618115 -3.322383 -12.091214 1.152610 -7.341481 14.003134 3.089282 -0.000000 0.000000 0.000000 7.223051 -1.803888 -0.356441 0.665258 11.425496 -1.840368 -7.003087 -10.195006 -1.432790 -0.000000 0.000000 0.000000 4.148301 1.069809 -1.730570 9.014836 -3.552795 4.026910 -2.839275 1.726772 0.737750 -1.918697 -5.711577 -3.118889 -7.058608 9.643117 8.872305 -0.000000 0.000000 0.000000 1.837920 -9.590648 -29.592431 10.815077 -15.516917 -42.806597 3.765526 -22.433458 -3.631639 -12.641993 3.663712 18.838847 2.248951 8.017958 24.817647 4.329941 11.770867 42.505163 7.509659 21.574938 4.340409 -2.878820 -2.729480 -15.609235 
3.678040 96.307021 -50.202900 -4.970257 0.494813 -1.354277 9.861735 6.882552 4.610269 -3.338736 -12.022605 1.160193 -7.320143 14.027764 3.088134 -0.000000 0.000000 0.000000 7.152082 -1.768738 -0.357224 0.661516 11.454331 -1.840352 -6.969734 -10.168019 -1.390487 -0.000000 0.000000 0.000000 4.149763 1.049688 -1.698830 8.921953 -3.549837 4.018090 -2.790582 1.726977 0.745478 -1.884719 -5.734154 -3.064021 -7.047316 9.632385 8.871311 -0.000000 0.000000 0.000000 1.828621 -9.611570 -29.545673 10.841376 -15.538969 -42.978315 3.840900 -22.300233 -3.652975 -12.556265 3.712354 18.806670 2.289079 8.102786 24.748508 4.539556 11.939221 42.615027 8.176547 21.595719 4.282348 -2.716798 -2.761979 -15.686935 
3.677980 96.311021 -50.202298 -4.915221 0.392882 -1.368703 9.835725 6.891498 4.592415 -3.364103 -11.950782 1.174285 -7.297442 14.044650 3.094160 -0.000000 0.000000 0.000000 7.079001 -1.726354 -0.356402 0.657085 11.490446 -1.849212 -6.935818 -10.142576 -1.358794 -0.000000 0.000000 0.000000 4.134953 1.035139 -1.664025 8.848728 -3.548658 3.994116 -2.759045 1.723360 0.738729 -1.857505 -5.760831 -2.985104 -6.981124 9.607697 8.896834 -0.000000 0.000000 0.000000 1.824724 -9.590216 -29.544503 10.904568 -15.564702 -43.063544 3.886959 -22.178646 -3.668805 -12.484942 3.781285 18.642923 2.324513 8.110648 24.705791 4.685845 12.035252 42.770892 8.360115 21.603477 4.300376 -2.806208 -2.809388 -15.670676 
3.678060 96.312821 -50.196600 -4.860554 0.335741 -1.375724 9.796811 6.880899 4.586086 -3.374455 -11.910442 1.179931 -7.289750 14.063718 3.105849 -0.000000 0.000000 0.000000 7.015389 -1.693259 -0.347933 0.656187 11.501922 -1.861156 -6.923086 -10.146122 -1.351516 -0.000000 0.000000 0.000000 4.131479 1.012400 -1.655779 8.766360 -3.567641 3.988034 -2.730698 1.704938 0.737177 -1.848601 -5.837617 -2.943359 -6.961294 9.612407 8.973441 -0.000000 0.000000 0.000000 1.854909 -9.539919 -29.562479 10.982499 -15.530339 -43.100306 3.829516 -22.221916 -3.752629 -12.602012 3.827105 18.512781 2.332767 8.039183 24.704225 4.745056 12.091410 42.865156 8.511347 21.584547 4.401232 -2.739285 -2.848387 -15.596018 
3.678250 96.313918 -50.191003 -4.818193 0.296388 -1.380082 9.774699 6.878304 4.578014 -3.398450 -11.887972 1.179017 -7.271955 14.080972 3.104466 -0.000000 0.000000 0.000000 6.977259 -1.663339 -0.353278 0.635885 11.513578 -1.860256 -6.910267 -10.150396 -1.345684 -0.000000 0.000000 0.000000 4.126282 0.986440 -1.652413 8.712188 -3.588242 3.995315 -2.707174 1.689717 0.747256 -1.837457 -5.917449 -2.953713 -6.997609 9.619106 9.025661 -0.000000 0.000000 0.000000 1.871708 -9.502817 -29.619331 11.065749 -15.478235 -43.088373 3.717019 -22.310106 -3.888449 -12.835829 3.825935 18.386264 2.328738 8.000068 24.747146 4.814097 12.113706 42.878821 8.633868 21.600414 4.427179 -2.790410 -2.853408 -15.435236 
3.686230 96.314818 -50.181901 -4.782366 0.249285 -1.384805 9.768572 6.884909 4.562752 -3.430235 -11.852453 1.185959 -7.266584 14.080464 3.103477 -0.000000 0.000000 0.000000 6.936100 -1.639062 -0.358952 0.639120 11.521876 -1.861454 -6.900979 -10.138698 -1.327468 -0.000000 0.000000 0.000000 4.104300 0.972008 -1.649926 8.683915 -3.588691 4.002652 -2.700295 1.682252 0.755908 -1.810892 -5.967770 -2.969283 -6.975056 9.582590 9.013658 -0.000000 0.000000 0.000000 1.884236 -9.474038 -29.626536 11.125579 -15.514255 -43.136131 3.826292 -22.272946 -3.928277 -12.823360 3.818163 18.281097 2.325165 7.972126 24.770231 4.846116 12.115487 42.885005 8.509966 21.570481 4.486443 -2.961897 -2.827818 -15.378548 
3.695180 96.315622 -50.173402 -4.749283 0.216874 -1.388039 9.751359 6.878776 4.553705 -3.438157 -11.815605 1.198469 -7.263610 14.078205 3.102674 -0.000000 0.000000 0.000000 6.895285 -1.622524 -0.364329 0.646517 11.519529 -1.863438 -6.896339 -10.126013 -1.300354 -0.000000 0.000000 0.000000 4.083497 0.972380 -1.648652 8.648097 -3.587986 4.016766 -2.696120 1.676801 0.761172 -1.765447 -6.029877 -2.984275 -6.909434 9.532414 8.991356 -0.000000 0.000000 0.000000 1.896725 -9.444098 -29.613136 11.168459 -15.567762 -43.207423 4.061327 -22.227774 -3.906966 -12.669830 3.841101 18.147610 2.328463 7.944368 24.796167 4.891571 12.112456 42.846097 8.505407 21.611622 4.470039 -3.039647 -2.799609 -15.313039 
3.707520 96.316326 -50.166100 -4.718192 0.199527 -1.389795 9.726472 6.861653 4.541963 -3.437450 -11.783093 1.203262 -7.262779 14.076873 3.102425 -0.000000 0.000000 0.000000 6.866774 -1.609448 -0.373935 0.637890 11.518108 -1.862623 -6.890906 -10.124704 -1.281497 -0.000000 0.000000 0.000000 4.076414 0.974097 -1.647640 8.609233 -3.586033 4.013625 -2.686661 1.676769 0.760905 -1.746063 -6.048794 -2.972411 -6.867174 9.475753 8.975863 -0.000000 0.000000 0.000000 1.891419 -9.421729 -29.599383 11.203807 -15.611813 -43.231918 4.222682 -22.191798 -3.937705 -12.589868 3.741557 17.916552 2.319896 7.926411 24.777956 4.929076 12.129649 42.842385 8.514141 21.654783 4.439443 -3.118149 -2.771391 -15.263926 
3.721770 96.316928 -50.158298 -4.693867 0.184912 -1.391149 9.720718 6.848601 4.521717 -3.454850 -11.766778 1.213124 -7.255355 14.088130 3.102135 -0.000000 0.000000 0.000000 6.848223 -1.603999 -0.384113 0.625750 11.520491 -1.863314 -6.876681 -10.128085 -1.257421 -0.000000 0.000000 0.000000 4.060190 0.984884 -1.646741 8.572070 -3.584498 4.000791 -2.659572 1.678384 0.758635 -1.738545 -6.097772 -2.961976 -6.812713 9.471492 8.995219 -0.000000 0.000000 0.000000 1.878008 -9.459040 -29.580226 11.178013 -15.677945 -43.321582 4.188602 -22.007651 -3.947591 -12.722021 3.744171 17.806496 2.314772 7.942954 24.739359 4.918753 12.130449 42.841717 8.469980 21.698964 4.491439 -3.178058 -2.750676 -15.302196 
3.733680 96.317524 -50.151199 -4.674939 0.179634 -1.391565 9.712303 6.837279 4.511044 -3.463249 -11.769356 1.211595 -7.248455 14.100683 3.104456 -0.000000 0.000000 0.000000 6.828320 -1.602982 -0.387019 0.632547 11.524218 -1.876770 -6.873898 -10.131066 -1.238099 -0.000000 0.000000 0.000000 4.047602 0.989029 -1.639345 8.534787 -3.577973 3.975915 -2.662811 1.679928 0.751544 -1.708027 -6.143889 -2.930455 -6.720106 9.485279 8.993171 -0.000000 0.000000 0.000000 1.873153 -9.464241 -29.575104 11.158510 -15.722175 -43.396486 4.238030 -21.853058 -3.860013 -12.665424 3.880237 17.766826 2.326484 7.971267 24.713153 4.939345 12.188622 42.847031 8.555262 21.724047 4.439121 -3.289524 -2.762182 -15.250001 
3.748410 96.318024 -50.139302 -4.675925 0.179038 -1.391284 9.727709 6.825309 4.500385 -3.469311 -11.772578 1.200513 -7.261926 14.110859 3.128373 -0.000000 0.000000 0.000000 6.842847 -1.603255 -0.401446 0.624852 11.534857 -1.879690 -6.878376 -10.131382 -1.240623 -0.000000 0.000000 0.000000 4.047448 0.992676 -1.635347 8.513394 -3.569033 3.946188 -2.676111 1.680947 0.732693 -1.682271 -6.155866 -2.874066 -6.608500 9.498930 8.956349 -0.000000 0.000000 0.000000 1.875453 -9.424534 -29.573165 11.150721 -15.732043 -43.415368 4.275698 -21.815067 -3.816079 -12.559991 3.872164 17.842853 2.324112 7.960862 24.669605 4.893606 12.233262 42.896197 8.500657 21.693446 4.438478 -3.338368 -2.773188 -15.220399 
3.760370 96.315521 -50.125897 -4.711547 0.197230 -1.388513 9.773198 6.804545 4.487735 -3.458369 -11.784869 1.194487 -7.285409 14.122453 3.144512 -0.000000 0.000000 0.000000 6.902936 -1.604892 -0.417696 0.611126 11.535702 -1.879411 -6.874963 -10.144832 -1.244379 -0.000000 0.000000 0.000000 4.048999 1.013015 -1.642968 8.529982 -3.564856 3.936873 -2.683411 1.681169 0.725246 -1.698670 -6.184809 -2.842123 -6.517887 9.489185 8.948418 -0.000000 0.000000 0.000000 1.879754 -9.426445 -29.579271 11.131542 -15.752577 -43.397193 4.176112 -21.798317 -3.852980 -12.747208 3.762617 17.848118 2.304881 7.951281 24.658905 4.837695 12.218578 42.893716 8.326813 21.729418 4.480780 -3.426928 -2.759019 -15.236449 
3.771540 96.312922 -50.116199 -4.755598 0.231127 -1.384001 9.804365 6.795688 4.485053 -3.420628 -11.807085 1.192717 -7.312471 14.119116 3.154146 -0.000000 0.000000 0.000000 6.946232 -1.611182 -0.417288 0.648215 11.526236 -1.894111 -6.905937 -10.159858 -1.252294 -0.000000 0.000000 0.000000 4.055680 1.029592 -1.658578 8.579012 -3.558993 3.938546 -2.705000 1.680552 0.728733 -1.693871 -6.203892 -2.823807 -6.513385 9.462938 8.945627 -0.000000 0.000000 0.000000 1.875278 -9.463893 -29.587793 11.091449 -15.767756 -43.387596 4.173653 -21.742370 -3.815614 -12.771331 3.791965 17.763693 2.299748 7.994543 24.670716 4.814648 12.200316 42.855180 8.263233 21.783268 4.439042 -3.540091 -2.723759 -15.182858 
3.783730 96.310329 -50.108296 -4.805359 0.263194 -1.379876 9.845470 6.812769 4.483106 -3.398990 -11.834782 1.183783 -7.337171 14.104223 3.172216 -0.000000 0.000000 0.000000 7.001675 -1.632362 -0.425418 0.665383 11.515486 -1.891484 -6.922996 -10.164155 -1.256053 -0.000000 0.000000 0.000000 4.066518 1.038365 -1.678376 8.599914 -3.550126 3.939552 -2.713107 1.679797 0.734297 -1.655503 -6.208618 -2.767113 -6.519692 9.423666 8.942382 -0.000000 0.000000 0.000000 1.873569 -9.481712 -29.552542 11.049876 -15.787358 -43.404513 4.232406 -21.691566 -3.762411 -12.678960 3.854809 17.688320 2.291374 8.043074 24.650462 4.800850 12.226419 42.846780 8.251553 21.784885 4.383457 -3.641405 -2.754666 -15.118039 
3.794300 96.308321 -50.101197 -4.844441 0.301024 -1.376222 9.886711 6.816623 4.491560 -3.399719 -11.870306 1.180765 -7.350602 14.095261 3.179430 -0.000000 0.000000 0.000000 7.040161 -1.650295 -0.423337 0.693279 11.508013 -1.885203 -6.938084 -10.168628 -1.259505 -0.000000 0.000000 0.000000 4.058673 1.053307 -1.703335 8.635970 -3.548118 3.952807 -2.723227 1.678765 0.740720 -1.616801 -6.225628 -2.690655 -6.494005 9.401763 8.980498 -0.000000 0.000000 0.000000 1.867276 -9.503065 -29.547728 11.039923 -15.786770 -43.338341 4.298736 -21.702945 -3.745088 -12.626493 3.844596 17.627792 2.277393 8.076515 24.651373 4.766167 12.247511 42.813915 8.263882 21.769616 4.355710 -3.651978 -2.754642 -15.104594 
3.802620 96.307319 -50.094098 -4.867564 0.347747 -1.379059 9.916414 6.817776 4.500162 -3.415059 -11.898991 1.173955 -7.360681 14.083829 3.187030 -0.000000 0.000000 0.000000 7.073655 -1.667643 -0.420817 0.701267 11.488180 -1.878946 -6.947355 -10.174144 -1.261956 -0.000000 0.000000 0.000000 4.032116 1.066942 -1.728872 8.670766 -3.554486 3.967779 -2.744739 1.674968 0.744031 -1.543797 -6.254198 -2.612624 -6.455811 9.377052 9.033382 -0.000000 0.000000 0.000000 1.857453 -9.517399 -29.557194 11.060859 -15.780143 -43.236365 4.325924 -21.726328 -3.718393 -12.616582 3.788204 17.607014 2.266328 8.101186 24.646656 4.758387 12.254820 42.795835 8.218999 21.786051 4.331076 -3.721708 -2.724641 -15.077080 
3.810270 96.307021 -50.093496 -4.888943 0.391759 -1.378581 9.950957 6.817353 4.506839 -3.443575 -11.932250 1.165842 -7.361108 14.079393 3.192380 -0.000000 0.000000 0.000000 7.127854 -1.678152 -0.415026 0.671765 11.477767 -1.889434 -6.946208 -10.195900 -1.264419 -0.000000 0.000000 0.000000 4.012019 1.070552 -1.755498 8.679485 -3.562998 3.979635 -2.743935 1.666219 0.745058 -1.460459 -6.287304 -2.552806 -6.430807 9.356463 9.071235 -0.000000 0.000000 0.000000 1.868996 -9.495838 -29.525125 11.024739 -15.750228 -43.193970 4.234628 -21.755096 -3.712139 -12.639893 3.808132 17.589404 2.256135 8.096184 24.622874 4.740679 12.285761 42.804671 8.214320 21.807114 4.325106 -3.764831 -2.737979 -15.067824 
3.816270 96.306723 -50.093496 -4.905407 0.426799 -1.378063 9.960502 6.816417 4.508334 -3.440769 -11.954179 1.162441 -7.366468 14.076661 3.197139 -0.000000 0.000000 0.000000 7.165330 -1.682261 -0.411319 0.651885 11.469893 -1.892456 -6.941185 -10.207658 -1.264933 -0.000000 0.000000 0.000000 3.991400 1.075514 -1.778854 8.707961 -3.567608 3.986050 -2.753134 1.661248 0.745492 -1.382410 -6.323446 -2.519031 -6.413745 9.330563 9.103290 -0.000000 0.000000 0.000000 1.883896 -9.473964 -29.508796 10.965744 -15.704447 -43.129226 4.083835 -21.781072 -3.743999 -12.702177 3.830227 17.500374 2.244267 8.093787 24.617121 4.683289 12.292205 42.803875 8.164218 21.812437 4.349109 -3.709768 -2.748848 -15.030597 
3.818340 96.306419 -50.093895 -4.932807 0.443950 -1.379254 9.993682 6.818247 4.508164 -3.445383 -11.973156 1.160599 -7.365274 14.075298 3.200030 -0.000000 0.000000 0.000000 7.202010 -1.688628 -0.407685 0.645437 11.466410 -1.890341 -6.941537 -10.218880 -1.266482 -0.000000 0.000000 0.000000 3.979810 1.091083 -1.802079 8.759928 -3.563642 3.999603 -2.781272 1.658099 0.746362 -1.301647 -6.352951 -2.491191 -6.331345 9.295582 9.103488 -0.000000 0.000000 0.000000 1.882152 -9.489087 -29.501332 10.940479 -15.706435 -43.038384 4.051705 -21.762204 -3.740548 -12.781669 3.828536 17.355055 2.242045 8.124746 24.634595 4.692030 12.287892 42.779333 8.125729 21.869339 4.334660 -3.769157 -2.711930 -14.987884 
3.819180 96.306223 -50.094503 -4.964416 0.444569 -1.385414 10.024154 6.822025 4.518943 -3.435850 -11.984581 1.159263 -7.375177 14.074442 3.205494 -0.000000 0.000000 0.000000 7.223920 -1.690527 -0.405089 0.666644 11.467215 -1.892221 -6.957206 -10.217786 -1.269476 -0.000000 0.000000 0.000000 3.991066 1.104561 -1.815445 8.790002 -3.560738 4.011610 -2.805513 1.655153 0.746963 -1.216224 -6.354085 -2.461056 -6.197752 9.268577 9.052516 -0.000000 0.000000 0.000000 1.884406 -9.490370 -29.465615 10.910944 -15.738422 -42.996505 4.148070 -21.724158 -3.656494 -12.664229 3.891248 17.179374 2.245547 8.144504 24.649214 4.710768 12.314098 42.765852 8.144522 21.905501 4.278787 -3.804600 -2.709213 -14.909318 
3.819850 96.305925 -50.094897 -4.991718 0.439182 -1.392051 10.047084 6.827411 4.526778 -3.440606 -11.986316 1.158346 -7.381173 14.073076 3.212032 -0.000000 0.000000 0.000000 7.239163 -1.690553 -0.402233 0.685838 11.474180 -1.895428 -6.967855 -10.205534 -1.272114 -0.000000 0.000000 0.000000 3.994642 1.111928 -1.825181 8.834101 -3.557767 4.021026 -2.840792 1.651524 0.747739 -1.138928 -6.326093 -2.433397 -6.046904 9.247038 8.974348 -0.000000 0.000000 0.000000 1.887635 -9.463484 -29.442891 10.903484 -15.749612 -42.928701 4.370260 -21.735566 -3.558761 -12.391968 3.880802 17.084057 2.247269 8.155009 24.679405 4.712660 12.350543 42.742471 8.137189 21.889673 4.262894 -3.799294 -2.692069 -14.844474 
3.820400 96.305728 -50.097299 -5.029204 0.425595 -1.396800 10.092188 6.842336 4.530291 -3.449559 -11.990165 1.154731 -7.384682 14.072995 3.218193 -0.000000 0.000000 0.000000 7.279731 -1.690344 -0.398569 0.679885 11.478276 -1.895538 -6.967914 -10.200440 -1.277181 -0.000000 0.000000 0.000000 3.995291 1.113858 -1.841656 8.891794 -3.557696 4.041530 -2.871628 1.645387 0.748192 -1.073690 -6.300146 -2.434542 -5.927436 9.260775 8.920062 -0.000000 0.000000 0.000000 1.904498 -9.466864 -29.448307 10.890107 -15.747197 -42.851959 4.366696 -21.759035 -3.556415 -12.387649 3.848498 16.990046 2.240059 8.167989 24.723890 4.715812 12.364044 42.708238 8.094419 21.882582 4.249847 -3.777038 -2.687559 -14.806676 
3.820870 96.305519 -50.101501 -5.056640 0.417936 -1.400495 10.134068 6.850731 4.529287 -3.472980 -11.993358 1.150471 -7.381925 14.074279 3.219707 -0.000000 0.000000 0.000000 7.311460 -1.689482 -0.395250 0.681322 11.490341 -1.894486 -6.970223 -10.197289 -1.278888 -0.000000 0.000000 0.000000 3.995627 1.113161 -1.858658 8.934034 -3.563282 4.063270 -2.882923 1.639196 0.748050 -1.026919 -6.290351 -2.430791 -5.816654 9.278366 8.878518 -0.000000 0.000000 0.000000 1.912727 -9.464580 -29.442506 10.841542 -15.752235 -42.819716 4.286338 -21.754443 -3.569360 -12.458811 3.892429 16.825188 2.239719 8.159548 24.765482 4.721814 12.377853 42.664388 8.069640 21.905686 4.236583 -3.771514 -2.692643 -14.748996 
3.821330 96.305323 -50.106198 -5.078215 0.406984 -1.404432 10.146165 6.856250 4.536011 -3.457400 -11.994796 1.151191 -7.392657 14.075425 3.224763 -0.000000 0.000000 0.000000 7.326363 -1.688574 -0.392278 0.678972 11.493027 -1.892637 -6.969228 -10.196117 -1.278836 -0.000000 0.000000 0.000000 3.995914 1.112536 -1.868705 8.966551 -3.566752 4.079529 -2.897539 1.633414 0.748056 -0.981486 -6.270234 -2.414172 -5.729912 9.291106 8.852799 -0.000000 0.000000 0.000000 1.914826 -9.464100 -29.428635 10.778393 -15.776414 -42.823917 4.321540 -21.678670 -3.525193 -12.384730 3.916415 16.729926 2.242912 8.148982 24.786191 4.732459 12.378931 42.640538 8.068679 21.952814 4.216836 -3.808556 -2.692850 -14.699379 
3.821820 96.305126 -50.115502 -5.093502 0.394551 -1.408929 10.154405 6.861480 4.538640 -3.448880 -11.982750 1.153109 -7.394781 14.076777 3.227754 -0.000000 0.000000 0.000000 7.336909 -1.688003 -0.389061 0.676447 11.498124 -1.890529 -6.960133 -10.188366 -1.268905 -0.000000 0.000000 0.000000 3.996440 1.112308 -1.869302 8.975969 -3.573130 4.085684 -2.898095 1.624220 0.747562 -0.931018 -6.251300 -2.391747 -5.667185 9.299606 8.831924 -0.000000 0.000000 0.000000 1.917116 -9.468599 -29.385907 10.716102 -15.815344 -42.880844 4.342362 -21.582602 -3.455359 -12.336799 3.952676 16.644127 2.249565 8.142604 24.762383 4.733390 12.386913 42.684374 8.064639 21.970282 4.178693 -3.866821 -2.707825 -14.638902 
3.822140 96.305025 -50.125402 -5.108814 0.375977 -1.413494 10.160385 6.866603 4.541835 -3.436226 -11.972090 1.151367 -7.397482 14.078434 3.230428 -0.000000 0.000000 0.000000 7.335011 -1.687237 -0.386091 0.692713 11.508007 -1.889776 -6.959383 -10.178166 -1.268139 -0.000000 0.000000 0.000000 4.002393 1.111835 -1.869558 8.995371 -3.581596 4.088162 -2.905484 1.618024 0.747547 -0.930375 -6.228582 -2.370418 -5.592182 9.310199 8.810356 -0.000000 0.000000 0.000000 1.908687 -9.480554 -29.375687 10.700753 -15.836983 -42.874292 4.337439 -21.554061 -3.433774 -12.372113 3.952906 16.598227 2.256119 8.133634 24.748371 4.736294 12.395497 42.708276 8.064621 21.998773 4.178977 -3.919959 -2.705135 -14.592013 
3.819340 96.304828 -50.136697 -5.115836 0.354152 -1.418318 10.159767 6.871353 4.547932 -3.414083 -11.963755 1.146577 -7.410295 14.080134 3.234831 -0.000000 0.000000 0.000000 7.325393 -1.683878 -0.385370 0.700466 11.507291 -1.883503 -6.953483 -10.167756 -1.277894 -0.000000 0.000000 0.000000 4.020631 1.110427 -1.878027 9.036011 -3.578988 4.090310 -2.934266 1.612013 0.750576 -0.995657 -6.184919 -2.358017 -5.574658 9.314246 8.785813 -0.000000 0.000000 0.000000 1.894387 -9.480591 -29.407829 10.715776 -15.817433 -42.793001 4.361042 -21.615977 -3.439324 -12.366187 3.904659 16.491883 2.255168 8.126707 24.786448 4.755750 12.362363 42.664856 8.041736 22.057571 4.195475 -3.895816 -2.663928 -14.523160 
3.816310 96.304727 -50.150800 -5.134338 0.343159 -1.422379 10.162820 6.878096 4.552914 -3.408919 -11.963165 1.146744 -7.415480 14.087354 3.237642 -0.000000 0.000000 0.000000 7.322202 -1.679582 -0.381839 0.703565 11.521004 -1.882319 -6.952841 -10.164850 -1.284939 -0.000000 0.000000 0.000000 4.059205 1.107727 -1.887815 9.058950 -3.577061 4.091207 -2.939500 1.604796 0.755041 -1.073954 -6.143438 -2.345397 -5.617225 9.321077 8.781810 -0.000000 0.000000 0.000000 1.881990 -9.498601 -29.404832 10.688677 -15.822515 -42.760623 4.354576 -21.611805 -3.435995 -12.390917 3.931979 16.451721 2.251004 8.130567 24.808339 4.782162 12.353299 42.640066 8.089812 22.098536 4.157449 -3.984712 -2.664654 -14.493533 
3.813130 96.304518 -50.165200 -5.142260 0.323925 -1.430357 10.161218 6.884705 4.559308 -3.399765 -11.958908 1.147115 -7.417622 14.089732 3.238637 -0.000000 0.000000 0.000000 7.323461 -1.675714 -0.377123 0.704144 11.532991 -1.882879 -6.948889 -10.162670 -1.289837 -0.000000 0.000000 0.000000 4.082886 1.102355 -1.881101 9.053213 -3.576802 4.090346 -2.951520 1.602672 0.758455 -1.098664 -6.099614 -2.341246 -5.640953 9.339904 8.773904 -0.000000 0.000000 0.000000 1.865558 -9.524553 -29.390125 10.668255 -15.839986 -42.756304 4.369793 -21.542923 -3.402558 -12.386849 3.935337 16.420763 2.253748 8.132484 24.780168 4.777061 12.336897 42.673384 8.058130 22.048664 4.174138 -4.051315 -2.658967 -14.408176 
3.809160 96.304423 -50.178099 -5.147611 0.298858 -1.439566 10.161699 6.888125 4.571178 -3.388154 -11.947631 1.149540 -7.417163 14.091264 3.238631 -0.000000 0.000000 0.000000 7.320335 -1.670933 -0.366467 0.710956 11.545376 -1.883349 -6.952760 -10.161497 -1.292275 -0.000000 0.000000 0.000000 4.102797 1.096661 -1.878616 9.021040 -3.578319 4.087685 -2.957010 1.600111 0.761338 -1.133215 -6.053106 -2.334163 -5.587972 9.382582 8.724634 -0.000000 0.000000 0.000000 1.859161 -9.521800 -29.368544 10.657736 -15.845069 -42.773325 4.351646 -21.504733 -3.375196 -12.411019 3.921036 16.411805 2.258203 8.124504 24.774504 4.797269 12.334502 42.646277 8.079782 22.014983 4.198527 -4.115926 -2.663228 -14.278678 
3.803370 96.304321 -50.186902 -5.157273 0.277925 -1.446225 10.157172 6.889192 4.576176 -3.374098 -11.932824 1.150678 -7.422176 14.093182 3.239591 -0.000000 0.000000 0.000000 7.320378 -1.662594 -0.356519 0.711695 11.559458 -1.883698 -6.940108 -10.160936 -1.290953 -0.000000 0.000000 0.000000 4.116452 1.093038 -1.881715 8.994586 -3.575166 4.084807 -2.965235 1.597509 0.762357 -1.179336 -6.012365 -2.329654 -5.544338 9.409043 8.676873 -0.000000 0.000000 0.000000 1.856401 -9.502268 -29.344687 10.639316 -15.841775 -42.779675 4.322983 -21.484578 -3.369989 -12.411849 3.948852 16.403956 2.261405 8.102832 24.780266 4.818532 12.333938 42.623895 8.118950 22.005382 4.162233 -4.133448 -2.675031 -14.209492 
3.797230 96.304226 -50.195497 -5.159955 0.261343 -1.453648 10.161186 6.891363 4.582142 -3.385411 -11.917863 1.150937 -7.417457 14.095195 3.234747 -0.000000 0.000000 0.000000 7.319072 -1.658746 -0.349057 0.704703 11.573302 -1.881843 -6.937520 -10.160446 -1.291362 -0.000000 0.000000 0.000000 4.112485 1.089765 -1.885124 8.987689 -3.569648 4.083892 -2.975992 1.594412 0.766483 -1.248318 -5.964869 -2.323530 -5.534179 9.402018 8.640436 -0.000000 0.000000 0.000000 1.849047 -9.478203 -29.337541 10.648407 -15.834496 -42.741744 4.345490 -21.513462 -3.362852 -12.389595 3.927258 16.354560 2.257524 8.063199 24.795784 4.824483 12.290148 42.602320 8.005490 22.032452 4.150566 -4.147052 -2.679482 -14.257477 
3.791470 96.304125 -50.203401 -5.161296 0.262150 -1.461891 10.148516 6.892397 4.592995 -3.376714 -11.907539 1.158145 -7.418314 14.097773 3.229249 -0.000000 0.000000 0.000000 7.315141 -1.657368 -0.339844 0.700399 11.574067 -1.877092 -6.931904 -10.160083 -1.291274 -0.000000 0.000000 0.000000 4.113849 1.086373 -1.889119 8.962896 -3.568249 4.084542 -2.979891 1.588322 0.770694 -1.332148 -5.940910 -2.322260 -5.541259 9.390229 8.621603 -0.000000 0.000000 0.000000 1.840289 -9.450066 -29.326101 10.654373 -15.829291 -42.723143 4.312105 -21.548533 -3.369707 -12.427046 3.889861 16.383273 2.247385 8.029063 24.809713 4.835174 12.258191 42.554169 7.941601 22.057120 4.168054 -4.152103 -2.652300 -14.309095 
3.785290 96.304023 -50.212502 -5.163941 0.264547 -1.472781 10.135801 6.894201 4.608431 -3.359594 -11.903139 1.162013 -7.419011 14.100070 3.225451 -0.000000 0.000000 0.000000 7.297210 -1.655810 -0.327051 0.725357 11.574021 -1.867870 -6.932324 -10.161586 -1.295499 -0.000000 0.000000 0.000000 4.132229 1.082430 -1.898501 8.912609 -3.567262 4.084082 -2.990698 1.578821 0.773666 -1.411537 -5.918781 -2.299535 -5.539683 9.391981 8.603158 -0.000000 0.000000 0.000000 1.836652 -9.433003 -29.292940 10.646930 -15.833649 -42.747633 4.282780 -21.508216 -3.352869 -12.475805 3.889506 16.358927 2.239787 8.006994 24.803073 4.850143 12.247604 42.534145 7.936972 22.046066 4.165770 -4.140628 -2.663443 -14.264423 
3.778480 96.303928 -50.221801 -5.167317 0.266468 -1.479953 10.129920 6.896020 4.619989 -3.361661 -11.901403 1.162390 -7.418278 14.102099 3.222048 -0.000000 0.000000 0.000000 7.292014 -1.653961 -0.308789 0.734648 11.586929 -1.868342 -6.929336 -10.176145 -1.300847 -0.000000 0.000000 0.000000 4.159693 1.078128 -1.912729 8.847829 -3.568334 4.075317 -2.993486 1.577474 0.773851 -1.519562 -5.909328 -2.249847 -5.509095 9.379749 8.587514 -0.000000 0.000000 0.000000 1.822862 -9.425028 -29.259988 10.629985 -15.845699 -42.781071 4.278110 -21.407623 -3.325332 -12.489395 3.891276 16.436365 2.233057 7.994213 24.789619 4.842669 12.256006 42.548650 7.959062 21.998832 4.153266 -4.190269 -2.679017 -14.299151 
3.771680 96.303827 -50.228000 -5.171026 0.263338 -1.489725 10.129373 6.898817 4.633452 -3.365239 -11.899971 1.162349 -7.417656 14.103975 3.219074 -0.000000 0.000000 0.000000 7.298732 -1.651925 -0.296442 0.717682 11.595898 -1.864628 -6.925434 -10.177517 -1.304467 -0.000000 0.000000 0.000000 4.165695 1.075833 -1.914838 8.820759 -3.565185 4.063454 -3.014283 1.576354 0.772472 -1.637263 -5.894199 -2.205129 -5.541820 9.343553 8.590025 -0.000000 0.000000 0.000000 1.801357 -9.429490 -29.271024 10.636467 -15.822562 -42.766101 4.260775 -21.324688 -3.303870 -12.455620 3.911004 16.397931 2.223604 8.005832 24.788529 4.862856 12.240522 42.541922 7.980655 22.009303 4.121203 -4.199682 -2.685413 -14.303315 
3.764370 96.303827 -50.231200 -5.179097 0.251781 -1.495800 10.142751 6.902047 4.640145 -3.374136 -11.897171 1.162693 -7.414204 14.105153 3.217431 -0.000000 0.000000 0.000000 7.306072 -1.648414 -0.284986 0.720747 11.603417 -1.862636 -6.929334 -10.178075 -1.311859 -0.000000 0.000000 0.000000 4.176512 1.074549 -1.917883 8.798918 -3.557106 4.050892 -3.033509 1.575877 0.767860 -1.764808 -5.871833 -2.164089 -5.616914 9.319302 8.594303 -0.000000 0.000000 0.000000 1.784911 -9.417452 -29.281150 10.662467 -15.786835 -42.745261 4.239184 -21.298266 -3.285152 -12.466528 3.920594 16.338673 2.216653 8.012485 24.788311 4.889289 12.235105 42.536396 7.997777 22.060670 4.092932 -4.287042 -2.692483 -14.289322 
3.753380 96.303719 -50.234795 -5.195887 0.232932 -1.506555 10.152091 6.906695 4.656427 -3.355808 -11.884752 1.166701 -7.416324 14.106641 3.215654 -0.000000 0.000000 0.000000 7.318158 -1.646154 -0.271671 0.721234 11.614420 -1.860780 -6.932673 -10.177881 -1.322409 -0.000000 0.000000 0.000000 4.195223 1.082923 -1.920657 8.776815 -3.543590 4.042143 -3.046054 1.575925 0.766215 -1.909975 -5.827609 -2.140197 -5.689928 9.310503 8.593764 -0.000000 0.000000 0.000000 1.771316 -9.405508 -29.278500 10.678114 -15.743777 -42.743938 4.210267 -21.309634 -3.293411 -12.497347 3.910280 16.295440 2.214226 8.011149 24.789144 4.883890 12.216485 42.518472 7.978942 22.107582 4.101154 -4.313513 -2.680574 -14.254927 
3.743670 96.303618 -50.238097 -5.209556 0.213167 -1.518232 10.159336 6.915682 4.672086 -3.343707 -11.877553 1.170673 -7.415985 14.107638 3.213208 -0.000000 0.000000 0.000000 7.324967 -1.648013 -0.260373 0.724925 11.631233 -1.857093 -6.936992 -10.177651 -1.332189 -0.000000 0.000000 0.000000 4.196861 1.091800 -1.922495 8.788239 -3.527443 4.034660 -3.069657 1.580845 0.764985 -2.061695 -5.770530 -2.120895 -5.757622 9.304520 8.575772 -0.000000 0.000000 0.000000 1.762623 -9.410925 -29.304262 10.712725 -15.695316 -42.701605 4.230221 -21.332201 -3.304663 -12.472084 3.913397 16.226138 2.205931 8.028789 24.802919 4.877106 12.192302 42.503117 7.940814 22.138433 4.090209 -4.316689 -2.702077 -14.285825 
3.734990 96.303618 -50.241500 -5.228695 0.209416 -1.523962 10.168485 6.930225 4.682527 -3.326606 -11.880954 1.171402 -7.435589 14.108204 3.215468 -0.000000 0.000000 0.000000 7.341349 -1.650335 -0.248630 0.725253 11.633844 -1.853619 -6.937851 -10.176837 -1.346832 -0.000000 0.000000 0.000000 4.208519 1.094795 -1.923915 8.794026 -3.521636 4.026053 -3.094466 1.581826 0.758771 -2.200714 -5.717245 -2.110959 -5.833329 9.296733 8.563577 -0.000000 0.000000 0.000000 1.746023 -9.428463 -29.341736 10.756615 -15.647622 -42.654753 4.251525 -21.328662 -3.299091 -12.444915 3.918983 16.192158 2.190829 8.058901 24.825065 4.893288 12.181960 42.498199 7.948846 22.160393 4.047996 -4.329246 -2.696491 -14.316549 
3.727490 96.303523 -50.245500 -5.257634 0.223755 -1.525345 10.188891 6.934661 4.692014 -3.318675 -11.898210 1.173322 -7.441400 14.108277 3.214662 -0.000000 0.000000 0.000000 7.370051 -1.653100 -0.241041 0.731032 11.639071 -1.852356 -6.951475 -10.174872 -1.370550 -0.000000 0.000000 0.000000 4.234622 1.095562 -1.925458 8.804930 -3.519603 4.016202 -3.122144 1.582770 0.749328 -2.332132 -5.670917 -2.099755 -5.915246 9.287556 8.558984 -0.000000 0.000000 0.000000 1.723005 -9.459332 -29.373980 10.778452 -15.609491 -42.603335 4.267254 -21.270282 -3.291784 -12.433543 3.915198 16.109276 2.179554 8.083807 24.834196 4.887511 12.158966 42.512501 7.930530 22.182712 4.034987 -4.340073 -2.697367 -14.307597 
3.717040 96.303523 -50.249499 -5.288358 0.236977 -1.527431 10.221655 6.940853 4.705648 -3.329710 -11.909440 1.170164 -7.442742 14.108509 3.214605 -0.000000 0.000000 0.000000 7.407445 -1.653032 -0.225761 0.729833 11.644229 -1.849695 -6.961832 -10.182512 -1.387111 -0.000000 0.000000 0.000000 4.253281 1.097098 -1.927148 8.817195 -3.517491 4.007318 -3.128407 1.583593 0.744451 -2.455430 -5.633238 -2.088909 -6.019180 9.271197 8.579072 -0.000000 0.000000 0.000000 1.709285 -9.478393 -29.390459 10.777816 -15.575104 -42.579167 4.292642 -21.225753 -3.254739 -12.359510 3.917603 16.144302 2.175213 8.096280 24.834458 4.873508 12.137035 42.530478 7.952872 22.228783 4.032150 -4.334154 -2.681954 -14.307544 
3.705640 96.303421 -50.252599 -5.309985 0.248086 -1.534916 10.242584 6.946305 4.722639 -3.335598 -11.916942 1.168282 -7.439695 14.109974 3.202253 -0.000000 0.000000 0.000000 7.434243 -1.655939 -0.212430 0.724479 11.638716 -1.846208 -6.962467 -10.182584 -1.393257 -0.000000 0.000000 0.000000 4.248125 1.100646 -1.928889 8.828626 -3.514287 4.003384 -3.126129 1.584311 0.742089 -2.538293 -5.608995 -2.098862 -6.148763 9.234799 8.596433 -0.000000 0.000000 0.000000 1.707495 -9.482974 -29.381923 10.774546 -15.542219 -42.577340 4.279057 -21.231253 -3.243856 -12.348876 3.917609 16.176061 2.172741 8.105137 24.834276 4.874443 12.117053 42.567471 7.999139 22.285494 4.016220 -4.343047 -2.672981 -14.296265 
3.695320 96.303421 -50.257200 -5.326391 0.260585 -1.537743 10.249015 6.949059 4.733647 -3.324994 -11.917100 1.171100 -7.436605 14.105891 3.196397 -0.000000 0.000000 0.000000 7.451475 -1.660424 -0.203716 0.721768 11.628039 -1.839032 -6.966260 -10.182799 -1.397528 -0.000000 0.000000 0.000000 4.233979 1.105124 -1.939991 8.859840 -3.509091 4.003882 -3.143173 1.584753 0.740557 -2.607479 -5.576710 -2.117355 -6.249079 9.196392 8.601111 -0.000000 0.000000 0.000000 1.704351 -9.487833 -29.379793 10.798160 -15.516559 -42.534163 4.295122 -21.296797 -3.269691 -12.365907 3.887717 16.109048 2.173327 8.107947 24.834587 4.886594 12.078539 42.588593 7.980269 22.355936 4.026077 -4.359614 -2.669492 -14.288952 
3.685930 96.303326 -50.262398 -5.348927 0.269224 -1.542098 10.255509 6.952651 4.750024 -3.304664 -11.918128 1.174975 -7.443971 14.096831 3.192218 -0.000000 0.000000 0.000000 7.474375 -1.672084 -0.196001 0.719311 11.617068 -1.829301 -6.976652 -10.181919 -1.409831 -0.000000 0.000000 0.000000 4.230065 1.115921 -1.949176 8.894756 -3.503318 4.004771 -3.147680 1.585323 0.739848 -2.686137 -5.525125 -2.131870 -6.361066 9.172108 8.596438 -0.000000 0.000000 0.000000 1.697550 -9.498591 -29.380238 10.798184 -15.499465 -42.507379 4.315016 -21.336291 -3.272370 -12.322836 3.906686 16.029614 2.177271 8.113231 24.837089 4.891731 12.054007 42.602284 7.987448 22.397250 4.029395 -4.358045 -2.674184 -14.236145 
3.678480 96.303326 -50.270599 -5.377964 0.291193 -1.543439 10.264517 6.956452 4.766185 -3.283449 -11.938001 1.178290 -7.454966 14.092672 3.193503 -0.000000 0.000000 0.000000 7.496253 -1.682745 -0.181681 0.734861 11.613583 -1.828704 -6.987244 -10.180747 -1.425402 -0.000000 0.000000 0.000000 4.253818 1.124151 -1.964964 8.916304 -3.496703 4.004688 -3.150712 1.585296 0.752262 -2.783149 -5.483916 -2.140002 -6.456529 9.171940 8.585721 -0.000000 0.000000 0.000000 1.683808 -9.519270 -29.394022 10.793114 -15.493740 -42.490977 4.307862 -21.361816 -3.261438 -12.347479 3.923127 16.041956 2.179583 8.125620 24.863437 4.915667 12.016589 42.579299 8.014804 22.449818 4.028387 -4.360844 -2.673506 -14.249892 
3.673530 96.303225 -50.279397 -5.408208 0.315764 -1.541602 10.279150 6.959959 4.777808 -3.270218 -11.961377 1.172359 -7.464652 14.091176 3.194915 -0.000000 0.000000 0.000000 7.518059 -1.694687 -0.178812 0.752102 11.603258 -1.825815 -7.001018 -10.180653 -1.436152 -0.000000 0.000000 0.000000 4.264183 1.130025 -1.979227 8.950353 -3.494243 4.006156 -3.153875 1.585576 0.761730 -2.838067 -5.439632 -2.137369 -6.599250 9.174006 8.616765 -0.000000 0.000000 0.000000 1.670160 -9.545649 -29.408278 10.773136 -15.475762 -42.486075 4.293646 -21.371438 -3.238880 -12.331903 3.936106 16.083241 2.184093 8.148607 24.873074 4.914030 11.975089 42.585057 8.020685 22.447075 4.034510 -4.369324 -2.669725 -14.263004 
3.671010 96.303225 -50.285703 -5.435627 0.328558 -1.540776 10.297091 6.963598 4.788389 -3.266039 -11.979280 1.163832 -7.471697 14.090081 3.195818 -0.000000 0.000000 0.000000 7.549262 -1.697560 -0.177034 0.747950 11.603999 -1.824218 -7.003711 -10.181606 -1.441156 -0.000000 0.000000 0.000000 4.256814 1.129237 -1.984292 8.965686 -3.492193 4.006279 -3.157632 1.589115 0.765218 -2.830829 -5.415199 -2.128663 -6.698340 9.177297 8.648535 -0.000000 0.000000 0.000000 1.669595 -9.555821 -29.416990 10.763077 -15.461281 -42.465959 4.285013 -21.380770 -3.239878 -12.332169 3.930989 16.022443 2.188280 8.166073 24.859015 4.919857 11.970280 42.617785 8.053489 22.408145 4.043467 -4.496521 -2.665433 -14.080746 
3.669380 96.303123 -50.289696 -5.460993 0.329754 -1.540980 10.319101 6.965491 4.786603 -3.262000 -11.986533 1.162736 -7.475194 14.088864 3.196044 -0.000000 0.000000 0.000000 7.572366 -1.700174 -0.175614 0.757590 11.605089 -1.825662 -7.003651 -10.182979 -1.443969 -0.000000 0.000000 0.000000 4.228868 1.130413 -1.983846 8.984738 -3.489902 4.006440 -3.168456 1.592547 0.756012 -2.788348 -5.409061 -2.119028 -6.696625 9.173556 8.654589 -0.000000 0.000000 0.000000 1.669978 -9.560675 -29.424709 10.771139 -15.470237 -42.436291 4.315923 -21.346549 -3.251350 -12.291320 3.927437 15.979809 2.203714 8.169788 24.847856 4.941681 11.973488 42.642520 8.061455 22.403044 4.065489 -4.582667 -2.666343 -13.980295 
3.668050 96.303123 -50.296700 -5.490763 0.330135 -1.541192 10.335806 6.966626 4.784341 -3.239327 -11.987371 1.164247 -7.482639 14.087923 3.197182 -0.000000 0.000000 0.000000 7.595607 -1.702243 -0.174316 0.765633 11.606032 -1.826647 -7.006915 -10.183648 -1.447849 -0.000000 0.000000 0.000000 4.209317 1.143052 -1.983985 9.016293 -3.486730 4.007145 -3.183740 1.595927 0.744024 -2.766047 -5.399651 -2.114856 -6.662691 9.174498 8.642946 -0.000000 0.000000 0.000000 1.670315 -9.567047 -29.430521 10.782638 -15.478496 -42.383677 4.381228 -21.342755 -3.243891 -12.215679 3.930893 15.943174 2.216486 8.176121 24.845049 4.959586 11.971737 42.658224 8.057437 22.426042 4.057279 -4.594525 -2.663721 -13.956667 
3.667000 96.303123 -50.305599 -5.538352 0.330818 -1.541287 10.373560 6.970906 4.782678 -3.217938 -11.992739 1.165837 -7.497525 14.086262 3.200158 -0.000000 0.000000 0.000000 7.638144 -1.703639 -0.172560 0.772554 11.606012 -1.826859 -7.016302 -10.177727 -1.458817 -0.000000 0.000000 0.000000 4.204213 1.154016 -1.984405 9.073358 -3.481653 4.010159 -3.200383 1.603268 0.744259 -2.745873 -5.384730 -2.132530 -6.702400 9.169219 8.643672 -0.000000 0.000000 0.000000 1.668512 -9.594478 -29.445439 10.777842 -15.469754 -42.313201 4.366819 -21.390459 -3.254797 -12.229130 3.913721 15.937526 2.222306 8.200628 24.841983 4.951065 11.955537 42.654023 8.022510 22.439036 4.058371 -4.565113 -2.653260 -14.010068 
3.666240 96.303028 -50.316298 -5.582621 0.331824 -1.541360 10.424009 6.995483 4.782637 -3.237647 -11.999424 1.158975 -7.493736 14.085148 3.198546 -0.000000 0.000000 0.000000 7.674193 -1.704818 -0.171139 0.783791 11.602353 -1.827905 -7.017557 -10.164780 -1.465718 -0.000000 0.000000 0.000000 4.203931 1.154341 -1.984746 9.113037 -3.476722 4.018848 -3.205391 1.613773 0.744642 -2.734807 -5.348656 -2.148727 -6.764648 9.175109 8.641223 -0.000000 0.000000 0.000000 1.659621 -9.614441 -29.439489 10.757682 -15.470003 -42.261025 4.351481 -21.431774 -3.265288 -12.259364 3.904868 15.930690 2.220225 8.214686 24.840337 4.940745 11.941304 42.642428 7.999887 22.475035 4.058312 -4.562411 -2.648977 -14.022145 
3.665720 96.302927 -50.330597 -5.607615 0.332343 -1.541533 10.444465 7.003756 4.782904 -3.247829 -12.008685 1.153258 -7.489319 14.080143 3.196185 -0.000000 0.000000 0.000000 7.687862 -1.705791 -0.170408 0.789514 11.597964 -1.829008 -7.023791 -10.160708 -1.465801 -0.000000 0.000000 0.000000 4.205170 1.153790 -1.992553 9.144241 -3.472732 4.024628 -3.207892 1.618686 0.744893 -2.724071 -5.306020 -2.156943 -6.812612 9.181225 8.651977 -0.000000 0.000000 0.000000 1.647984 -9.640941 -29.422280 10.721884 -15.473123 -42.219281 4.338946 -21.442572 -3.257216 -12.271136 3.897264 15.899120 2.220530 8.237140 24.832989 4.927039 11.929444 42.640204 8.003314 22.507022 4.057778 -4.532692 -2.648640 -14.042612 
3.665260 96.302927 -50.353199 -5.614657 0.332721 -1.541813 10.419903 7.002065 4.785872 -3.218648 -12.008315 1.155057 -7.486577 14.078189 3.194411 -0.000000 0.000000 0.000000 7.670554 -1.706218 -0.170624 0.807189 11.598697 -1.830897 -7.012858 -10.156811 -1.462112 -0.000000 0.000000 0.000000 4.215330 1.153012 -1.996557 9.140030 -3.471810 4.024570 -3.212908 1.621977 0.745326 -2.720087 -5.270022 -2.160755 -6.817214 9.180581 8.654635 -0.000000 0.000000 0.000000 1.636186 -9.673612 -29.381515 10.687768 -15.490271 -42.191460 4.303215 -21.425697 -3.268696 -12.270300 3.919012 15.892581 2.222173 8.263394 24.808943 4.923244 11.947772 42.658341 8.028986 22.525993 4.055102 -4.544705 -2.654506 -14.061509 
3.664820 96.302825 -50.379097 -5.619581 0.334472 -1.542009 10.392354 7.000078 4.788856 -3.191263 -12.007402 1.158964 -7.484313 14.075906 3.192659 -0.000000 0.000000 0.000000 7.657388 -1.706344 -0.170819 0.813599 11.594598 -1.830511 -7.001432 -10.167505 -1.459602 -0.000000 0.000000 0.000000 4.239209 1.151963 -1.996176 9.125341 -3.473442 4.012208 -3.210903 1.625382 0.745711 -2.735322 -5.234158 -2.173887 -6.836116 9.178571 8.648691 -0.000000 0.000000 0.000000 1.618789 -9.714962 -29.347141 10.658938 -15.509110 -42.144105 4.313816 -21.420721 -3.261515 -12.238849 3.935942 15.903715 2.224512 8.293995 24.771752 4.911565 11.965995 42.698038 8.053314 22.549167 4.040950 -4.580925 -2.663334 -14.070064 
3.664410 96.304125 -50.405401 -5.620605 0.337286 -1.542186 10.374180 6.998860 4.790816 -3.182052 -11.997197 1.162013 -7.473087 14.066763 3.184099 -0.000000 0.000000 0.000000 7.653908 -1.702378 -0.171229 0.791274 11.591521 -1.826913 -6.985751 -10.163532 -1.454159 -0.000000 0.000000 0.000000 4.251534 1.151848 -1.987396 9.121826 -3.474702 3.997889 -3.195970 1.627516 0.745746 -2.747706 -5.193082 -2.202135 -6.917627 9.166772 8.652151 -0.000000 0.000000 0.000000 1.598329 -9.767348 -29.294103 10.606936 -15.526931 -42.139655 4.298821 -21.402648 -3.257283 -12.265583 3.885272 15.914643 2.220866 8.334472 24.701217 4.853599 11.965315 42.769636 8.027919 22.556015 4.059288 -4.589158 -2.639898 -14.082564 
3.664010 96.309721 -50.429797 -5.621140 0.323902 -1.544044 10.368048 6.998233 4.789527 -3.204540 -11.985657 1.160538 -7.450141 14.062632 3.169707 -0.000000 0.000000 0.000000 7.634599 -1.698531 -0.171906 0.783220 11.589693 -1.823871 -6.965953 -10.153961 -1.436568 -0.000000 0.000000 0.000000 4.248977 1.151976 -1.982106 9.110666 -3.476152 3.985268 -3.175354 1.628180 0.748365 -2.750228 -5.154015 -2.220973 -6.978289 9.156755 8.650932 -0.000000 0.000000 0.000000 1.590746 -9.800339 -29.228770 10.547601 -15.542610 -42.178841 4.285121 -21.368641 -3.228247 -12.290180 3.889904 15.899059 2.218931 8.360417 24.633208 4.821662 11.968274 42.833571 8.066393 22.609751 4.051348 -4.606363 -2.614664 -14.087489 
3.663630 96.315026 -50.444698 -5.619179 0.311830 -1.545880 10.358987 6.996650 4.785392 -3.203199 -11.977873 1.164587 -7.438907 14.063542 3.163546 -0.000000 0.000000 0.000000 7.622895 -1.695561 -0.172327 0.776202 11.588412 -1.823885 -6.952567 -10.146573 -1.427186 -0.000000 0.000000 0.000000 4.247691 1.148823 -1.979183 9.095009 -3.473766 3.980888 -3.171533 1.628284 0.751391 -2.752562 -5.141231 -2.228698 -6.987487 9.157970 8.652224 -0.000000 0.000000 0.000000 1.591433 -9.805557 -29.207310 10.536849 -15.549795 -42.178362 4.294642 -21.367126 -3.222423 -12.278475 3.894034 15.898527 2.224214 8.356720 24.618182 4.809481 11.970873 42.844772 8.070027 22.639984 4.057404 -4.610205 -2.629267 -14.082156 
3.663260 96.317923 -50.475103 -5.600924 0.281780 -1.549658 10.322293 6.992863 4.785186 -3.203240 -11.948744 1.170889 -7.416212 14.064979 3.156451 -0.000000 0.000000 0.000000 7.567973 -1.682053 -0.173827 0.788762 11.588513 -1.824811 -6.932293 -10.143027 -1.410249 -0.000000 0.000000 0.000000 4.256801 1.144257 -1.975745 9.059164 -3.472561 3.968675 -3.152816 1.628272 0.754649 -2.765286 -5.110030 -2.249079 -7.017861 9.173150 8.669727 -0.000000 0.000000 0.000000 1.586576 -9.815231 -29.169774 10.528688 -15.561437 -42.172891 4.335041 -21.408331 -3.233389 -12.307424 3.885735 15.910290 2.233878 8.354611 24.574400 4.783614 11.969345 42.875977 8.077227 22.721174 4.078191 -4.642810 -2.632379 -14.090666 
3.662910 96.323425 -50.507802 -5.601974 0.249005 -1.560014 10.305910 6.991162 4.784859 -3.197378 -11.915047 1.189906 -7.392289 14.066882 3.146630 -0.000000 0.000000 0.000000 7.542569 -1.659902 -0.161651 0.782274 11.596120 -1.824781 -6.893098 -10.142629 -1.382849 -0.000000 0.000000 0.000000 4.274411 1.139636 -1.965851 9.013178 -3.477223 3.954446 -3.086763 1.628064 0.767535 -2.801226 -5.086873 -2.265183 -7.084798 9.157612 8.687898 -0.000000 0.000000 0.000000 1.585480 -9.870465 -29.089640 10.499122 -15.589101 -42.234273 4.365159 -21.427567 -3.240540 -12.384938 3.863205 15.921377 2.240240 8.395610 24.487951 4.760006 11.984487 42.939478 8.154323 22.794546 4.052452 -4.717000 -2.655162 -14.071700 
3.662570 96.331322 -50.528198 -5.602708 0.230791 -1.568869 10.295041 6.990179 4.784975 -3.197473 -11.896404 1.194220 -7.381063 14.068103 3.139395 -0.000000 0.000000 0.000000 7.536267 -1.651756 -0.160387 0.768022 11.596671 -1.823614 -6.872527 -10.135204 -1.364611 -0.000000 0.000000 0.000000 4.267150 1.137822 -1.959394 9.002505 -3.479324 3.949803 -3.063595 1.627744 0.770581 -2.804239 -5.082053 -2.269725 -7.120770 9.141012 8.698638 -0.000000 0.000000 0.000000 1.587585 -9.899512 -29.044913 10.479358 -15.607643 -42.283859 4.401065 -21.402509 -3.241940 -12.392898 3.864280 15.901691 2.250034 8.414801 24.437480 4.742845 11.995215 42.977592 8.184235 22.816361 4.050251 -4.746364 -2.656403 -14.090121 
3.662250 96.336722 -50.547099 -5.601844 0.208786 -1.575011 10.277732 6.988713 4.786561 -3.187706 -11.874175 1.198806 -7.372566 14.069600 3.132843 -0.000000 0.000000 0.000000 7.511795 -1.647178 -0.160171 0.775006 11.596663 -1.822408 -6.856165 -10.126399 -1.342590 -0.000000 0.000000 0.000000 4.249971 1.136506 -1.953900 8.996880 -3.481431 3.946375 -3.045790 1.627367 0.771650 -2.801215 -5.084867 -2.266600 -7.138386 9.120919 8.712447 -0.000000 0.000000 0.000000 1.581240 -9.919809 -29.019411 10.481218 -15.624741 -42.310654 4.472130 -21.383618 -3.242167 -12.354389 3.877030 15.859416 2.260133 8.428250 24.401251 4.745331 11.988973 42.997298 8.208686 22.860294 4.050171 -4.759671 -2.649561 -14.090087 
3.661930 96.338922 -50.571299 -5.584962 0.169920 -1.591408 10.237171 6.985389 4.791176 -3.163493 -11.831844 1.208491 -7.364307 14.070595 3.128837 -0.000000 0.000000 0.000000 7.451760 -1.636602 -0.161735 0.800436 11.596295 -1.805912 -6.833166 -10.107942 -1.316054 -0.000000 0.000000 0.000000 4.222275 1.135099 -1.952472 8.953068 -3.485743 3.942984 -3.014668 1.627171 0.771781 -2.779693 -5.110332 -2.263209 -7.160717 9.105679 8.764848 -0.000000 0.000000 0.000000 1.586278 -9.917711 -29.000137 10.520994 -15.614459 -42.304547 4.530282 -21.434614 -3.277814 -12.341863 3.850342 15.827092 2.263729 8.421171 24.358069 4.749099 11.981609 43.002889 8.269411 22.922860 4.070355 -4.731244 -2.634130 -14.086824 
3.661630 96.342224 -50.592995 -5.583535 0.151413 -1.594537 10.216490 6.983823 4.793418 -3.155845 -11.809895 1.213798 -7.357854 14.071457 3.125146 -0.000000 0.000000 0.000000 7.419207 -1.627228 -0.162418 0.818159 11.596137 -1.807203 -6.817670 -10.104297 -1.307236 -0.000000 0.000000 0.000000 4.214574 1.126365 -1.951128 8.925322 -3.491898 3.938786 -2.997734 1.623950 0.772137 -2.776598 -5.132958 -2.264500 -7.175362 9.086230 8.794737 -0.000000 0.000000 0.000000 1.588001 -9.915420 -29.001799 10.538979 -15.602671 -42.275312 4.541404 -21.463089 -3.304366 -12.332735 3.826553 15.808157 2.257970 8.398139 24.332114 4.730175 11.957021 43.015774 8.202149 22.942386 4.118584 -4.708791 -2.636403 -14.097534 
3.661330 96.345520 -50.611997 -5.579122 0.142523 -1.595852 10.194031 6.981954 4.795614 -3.140251 -11.801427 1.218256 -7.354094 14.072698 3.119453 -0.000000 0.000000 0.000000 7.388832 -1.623479 -0.162250 0.838757 11.596100 -1.806953 -6.814371 -10.100799 -1.294652 -0.000000 0.000000 0.000000 4.203688 1.117248 -1.949801 8.902433 -3.498760 3.934797 -2.967299 1.612976 0.771639 -2.791695 -5.161273 -2.268429 -7.201846 9.064413 8.820649 -0.000000 0.000000 0.000000 1.584760 -9.925394 -28.991095 10.536156 -15.607770 -42.294185 4.547953 -21.450221 -3.293434 -12.340190 3.844636 15.840347 2.260479 8.396100 24.322095 4.747285 11.932144 42.985297 8.218860 23.017038 4.114691 -4.761589 -2.620731 -14.118490 
3.661050 96.349722 -50.627500 -5.575652 0.140673 -1.595931 10.178764 6.980680 4.796734 -3.127108 -11.798699 1.220748 -7.351387 14.073950 3.114963 -0.000000 0.000000 0.000000 7.378141 -1.617857 -0.161782 0.841444 11.596861 -1.801904 -6.810735 -10.099041 -1.288829 -0.000000 0.000000 0.000000 4.190097 1.114192 -1.948964 8.896056 -3.502701 3.931156 -2.959263 1.610120 0.772099 -2.779703 -5.172291 -2.269223 -7.218721 9.058727 8.840061 -0.000000 0.000000 0.000000 1.584316 -9.932112 -28.980936 10.534951 -15.610384 -42.298488 4.550840 -21.444964 -3.298583 -12.337935 3.841480 15.841051 2.263400 8.399523 24.304408 4.745770 11.935271 42.984139 8.236432 23.005510 4.128136 -4.747126 -2.624297 -14.112094 
3.660760 96.351624 -50.648397 -5.573621 0.128829 -1.596724 10.132785 6.977041 4.801588 -3.082095 -11.784678 1.217622 -7.347046 14.074451 3.112556 -0.000000 0.000000 0.000000 7.328142 -1.612479 -0.162367 0.885524 11.601203 -1.801960 -6.798745 -10.093840 -1.266479 -0.000000 0.000000 0.000000 4.141798 1.104273 -1.946921 8.848141 -3.509679 3.913745 -2.924316 1.611834 0.771867 -2.657365 -5.231945 -2.260453 -7.241191 9.044870 8.910538 -0.000000 0.000000 0.000000 1.588935 -9.955604 -28.945040 10.551697 -15.623328 -42.285085 4.561724 -21.431808 -3.337347 -12.335236 3.856122 15.803385 2.271244 8.411951 24.219503 4.736924 11.940536 43.025665 8.293784 22.947424 4.168250 -4.711944 -2.650586 -14.088607 
3.660490 96.353328 -50.662899 -5.578693 0.105206 -1.598730 10.118003 6.977714 4.802301 -3.049171 -11.771600 1.217768 -7.358365 14.074156 3.114235 -0.000000 0.000000 0.000000 7.298548 -1.610731 -0.161877 0.929806 11.609386 -1.808003 -6.815614 -10.091065 -1.262972 -0.000000 0.000000 0.000000 4.108527 1.106506 -1.946135 8.831791 -3.512425 3.907503 -2.914549 1.615087 0.772243 -2.570044 -5.272894 -2.251787 -7.167106 9.032448 8.926691 -0.000000 0.000000 0.000000 1.593819 -9.945459 -28.943493 10.543823 -15.621764 -42.261645 4.549656 -21.407053 -3.353201 -12.277450 3.849089 15.785274 2.278708 8.413814 24.197947 4.735042 11.938494 43.011804 8.288265 22.941446 4.184307 -4.721677 -2.637800 -14.087143 
3.660210 96.354920 -50.678796 -5.593027 0.084964 -1.600792 10.098721 6.980406 4.803132 -2.993652 -11.753888 1.225792 -7.378753 14.073615 3.118274 -0.000000 0.000000 0.000000 7.284102 -1.612369 -0.160539 0.958645 11.615252 -1.812677 -6.810884 -10.082099 -1.254722 -0.000000 0.000000 0.000000 4.082966 1.109642 -1.945550 8.831970 -3.508257 3.906390 -2.910896 1.615794 0.772500 -2.505408 -5.328137 -2.256572 -7.108780 9.003539 8.953365 -0.000000 0.000000 0.000000 1.589018 -9.942495 -28.963320 10.527440 -15.614924 -42.223557 4.502192 -21.395425 -3.348694 -12.263542 3.817734 15.791771 2.291594 8.419413 24.197210 4.746596 11.905675 42.965149 8.289371 22.991844 4.182641 -4.700382 -2.623739 -14.082978 
3.659940 96.356720 -50.692999 -5.614915 0.061016 -1.607182 10.106783 6.985593 4.800640 -2.972519 -11.734740 1.231177 -7.380140 14.073372 3.117985 -0.000000 0.000000 0.000000 7.286444 -1.614536 -0.158436 0.970445 11.622634 -1.808311 -6.807866 -10.067638 -1.242570 -0.000000 0.000000 0.000000 4.068232 1.118031 -1.945532 8.831399 -3.502025 3.905345 -2.900011 1.616364 0.772438 -2.423382 -5.369025 -2.256310 -7.112698 8.979058 8.976198 -0.000000 0.000000 0.000000 1.589581 -9.940288 -28.946582 10.516722 -15.632979 -42.216410 4.517996 -21.389967 -3.335584 -12.211090 3.832973 15.828269 2.294613 8.416838 24.164391 4.725138 11.903632 42.953782 8.290813 23.001352 4.179095 -4.739932 -2.635319 -14.070403 
3.659670 96.360224 -50.710601 -5.613483 0.036500 -1.622105 10.085065 6.986790 4.801941 -2.951285 -11.707501 1.235006 -7.381939 14.073508 3.117699 -0.000000 0.000000 0.000000 7.262660 -1.614780 -0.157105 0.970995 11.625104 -1.790276 -6.785515 -10.045494 -1.218860 -0.000000 0.000000 0.000000 4.051238 1.124863 -1.945268 8.800406 -3.500670 3.902711 -2.884288 1.616861 0.772151 -2.360878 -5.388963 -2.252675 -7.072744 8.959847 8.986794 -0.000000 0.000000 0.000000 1.594241 -9.938147 -28.917282 10.512557 -15.645918 -42.213596 4.519990 -21.394291 -3.367795 -12.229150 3.812708 15.772202 2.294096 8.412713 24.140556 4.722120 11.904794 42.932224 8.284178 23.002725 4.191088 -4.716229 -2.625761 -14.105139 
3.659400 96.365327 -50.719696 -5.609386 0.034915 -1.626267 10.074002 6.988099 4.802096 -2.947466 -11.699984 1.236180 -7.378776 14.072140 3.116191 -0.000000 0.000000 0.000000 7.253712 -1.613292 -0.153944 0.971543 11.626972 -1.792207 -6.779530 -10.046437 -1.214316 -0.000000 0.000000 0.000000 4.043282 1.123816 -1.944528 8.785437 -3.503837 3.899251 -2.883173 1.617133 0.772211 -2.345638 -5.392996 -2.252080 -7.061573 8.959711 8.992964 -0.000000 0.000000 0.000000 1.596315 -9.939464 -28.904918 10.516070 -15.647661 -42.209219 4.526094 -21.400325 -3.378413 -12.235753 3.800872 15.764339 2.289623 8.412322 24.124377 4.714900 11.916224 42.936825 8.289899 22.980131 4.198284 -4.707099 -2.627419 -14.106118 
3.659130 96.368325 -50.737298 -5.595363 0.034687 -1.629023 10.035279 6.987176 4.805481 -2.927961 -11.693400 1.240344 -7.376065 14.071140 3.114810 -0.000000 0.000000 0.000000 7.225651 -1.610536 -0.148503 0.972484 11.628611 -1.795138 -6.764627 -10.049564 -1.203604 -0.000000 0.000000 0.000000 4.031730 1.114032 -1.942972 8.745825 -3.516189 3.890205 -2.868038 1.617626 0.771832 -2.302530 -5.408827 -2.249943 -7.044666 8.959896 9.014559 -0.000000 0.000000 0.000000 1.595685 -9.951812 -28.875064 10.530317 -15.654212 -42.193563 4.543748 -21.412489 -3.401646 -12.265705 3.779088 15.761561 2.283354 8.422186 24.081399 4.707045 11.944659 42.959275 8.311954 22.965258 4.194327 -4.732952 -2.620956 -14.120578 
3.658850 96.370226 -50.752497 -5.586918 0.033868 -1.631664 10.006264 6.986958 4.807633 -2.909138 -11.687363 1.243408 -7.375778 14.070146 3.113956 -0.000000 0.000000 0.000000 7.208258 -1.603334 -0.147107 0.967002 11.630471 -1.796183 -6.754321 -10.051900 -1.196360 -0.000000 0.000000 0.000000 4.030907 1.107994 -1.941712 8.718289 -3.522645 3.872209 -2.853523 1.618171 0.771447 -2.265045 -5.421415 -2.259763 -7.072107 8.954407 9.037285 -0.000000 0.000000 0.000000 1.597360 -9.980029 -28.845768 10.523157 -15.647818 -42.195135 4.564900 -21.358069 -3.394004 -12.252149 3.777322 15.777549 2.280172 8.438462 24.025276 4.656436 11.951667 43.000539 8.309859 22.959211 4.224479 -4.711513 -2.611699 -14.132488 
3.658570 96.371818 -50.766301 -5.582375 0.002181 -1.637441 10.002509 6.988708 4.806659 -2.923009 -11.667164 1.241670 -7.358815 14.069793 3.109135 -0.000000 0.000000 0.000000 7.191302 -1.596658 -0.146857 0.954334 11.632409 -1.801304 -6.725836 -10.039245 -1.176263 -0.000000 0.000000 0.000000 4.030467 1.102973 -1.937588 8.700077 -3.527459 3.851371 -2.844460 1.618556 0.771203 -2.226552 -5.431798 -2.271201 -7.076311 8.954772 9.038130 -0.000000 0.000000 0.000000 1.584878 -10.007218 -28.845153 10.520879 -15.638017 -42.178821 4.556311 -21.305046 -3.379525 -12.233144 3.794175 15.774150 2.284466 8.473492 23.989522 4.658793 11.964077 43.008233 8.359969 23.032931 4.202878 -4.764601 -2.604327 -14.101287 
3.659270 96.373224 -50.769001 -5.575476 -0.006723 -1.640795 9.998621 6.989985 4.805416 -2.927449 -11.660722 1.242809 -7.355445 14.068832 3.107676 -0.000000 0.000000 0.000000 7.185605 -1.594241 -0.146285 0.953555 11.632492 -1.805246 -6.721916 -10.034294 -1.174740 -0.000000 0.000000 0.000000 4.030354 1.101292 -1.929904 8.689248 -3.527365 3.843425 -2.843910 1.618603 0.771201 -2.217066 -5.429298 -2.274428 -7.075163 8.960518 9.031284 -0.000000 0.000000 0.000000 1.585531 -10.008319 -28.844592 10.518830 -15.636657 -42.180241 4.552821 -21.306305 -3.375886 -12.244163 3.792026 15.770634 2.283717 8.471425 23.977819 4.655606 11.966641 43.013272 8.354697 23.037618 4.206347 -4.778515 -2.607880 -14.087310 
3.663200 96.373928 -50.782001 -5.556260 -0.045203 -1.646466 9.995853 6.990247 4.802931 -2.968075 -11.632903 1.250361 -7.329381 14.068891 3.100771 -0.000000 0.000000 0.000000 7.148651 -1.588401 -0.146968 0.946231 11.633008 -1.806375 -6.704108 -10.015492 -1.168979 -0.000000 0.000000 0.000000 4.029869 1.091950 -1.909304 8.642871 -3.520884 3.836168 -2.824295 1.616678 0.770581 -2.169945 -5.406974 -2.296154 -7.063016 9.011505 8.985421 -0.000000 0.000000 0.000000 1.587003 -10.008734 -28.838920 10.516369 -15.636583 -42.184765 4.536877 -21.337575 -3.387190 -12.318250 3.750964 15.779555 2.278436 8.461967 23.936966 4.646927 11.989716 43.024377 8.382600 23.069557 4.190227 -4.786229 -2.602291 -14.073296 
3.668040 96.373421 -50.783902 -5.550892 -0.044513 -1.647805 9.991531 6.988171 4.800873 -2.981448 -11.636954 1.251524 -7.322904 14.068168 3.098648 -0.000000 0.000000 0.000000 7.146895 -1.585346 -0.146330 0.941491 11.633351 -1.806818 -6.706690 -10.020281 -1.169526 -0.000000 0.000000 0.000000 4.033082 1.084183 -1.911656 8.640519 -3.530016 3.840420 -2.823207 1.607384 0.770118 -2.170242 -5.399549 -2.308113 -7.047151 9.049230 8.968690 -0.000000 0.000000 0.000000 1.586458 -10.010498 -28.845696 10.514850 -15.636171 -42.188494 4.541197 -21.361164 -3.387819 -12.340257 3.779385 15.775298 2.269436 8.456518 23.946577 4.646382 11.999879 42.996885 8.400468 23.094374 4.178183 -4.776199 -2.612969 -14.075334 
3.677660 96.372926 -50.794202 -5.552158 -0.015311 -1.646067 9.995395 6.987836 4.798783 -2.999608 -11.654301 1.248950 -7.319784 14.066856 3.097531 -0.000000 0.000000 0.000000 7.149646 -1.575739 -0.146451 0.956249 11.633153 -1.810937 -6.709186 -10.037329 -1.171409 -0.000000 0.000000 0.000000 4.071584 1.058701 -1.925087 8.649567 -3.565500 3.876676 -2.823182 1.568440 0.789344 -2.180810 -5.362748 -2.334612 -7.016467 9.122472 8.917336 -0.000000 0.000000 0.000000 1.601136 -10.031204 -28.843225 10.502796 -15.643088 -42.232113 4.574676 -21.337332 -3.382493 -12.352071 3.784659 15.728942 2.237135 8.427083 23.975776 4.616476 11.996384 42.951028 8.349589 23.103737 4.160910 -4.758676 -2.587178 -14.092123 
3.684820 96.372324 -50.795197 -5.568120 0.000796 -1.645463 10.026598 7.002579 4.792073 -3.040951 -11.668657 1.241339 -7.307820 14.060999 3.093718 -0.000000 0.000000 0.000000 7.151798 -1.570031 -0.146187 0.976504 11.632906 -1.822445 -6.711110 -10.053605 -1.173140 -0.000000 0.000000 0.000000 4.111974 1.036103 -1.938564 8.668211 -3.583914 3.892461 -2.823104 1.544842 0.798266 -2.196517 -5.351309 -2.315370 -7.014290 9.138100 8.896732 -0.000000 0.000000 0.000000 1.598480 -10.041725 -28.843783 10.498550 -15.645615 -42.247723 4.612752 -21.341152 -3.372086 -12.330680 3.809923 15.714576 2.212958 8.421293 23.990065 4.613133 11.989052 42.941143 8.306154 23.111638 4.152922 -4.766271 -2.592933 -14.128569 
3.688630 96.371818 -50.795698 -5.579983 -0.006602 -1.647093 10.055968 7.012345 4.786690 -3.073631 -11.673708 1.235277 -7.292889 14.056157 3.089353 -0.000000 0.000000 0.000000 7.152889 -1.568283 -0.145545 0.974171 11.633881 -1.822248 -6.700111 -10.041749 -1.169357 -0.000000 0.000000 0.000000 4.135231 1.025211 -1.946032 8.690501 -3.589198 3.896716 -2.822489 1.538611 0.807026 -2.184292 -5.355155 -2.279713 -7.031234 9.126086 8.900169 -0.000000 0.000000 0.000000 1.602539 -10.054998 -28.843169 10.499187 -15.645644 -42.246643 4.603371 -21.376205 -3.373011 -12.337084 3.788375 15.755876 2.213640 8.424899 23.984496 4.623912 12.005606 42.966189 8.339083 23.139732 4.131277 -4.798848 -2.592808 -14.132108 
3.691080 96.371228 -50.795799 -5.579827 -0.030707 -1.650440 10.062707 7.013913 4.785334 -3.072985 -11.663007 1.237279 -7.298588 14.065180 3.097495 -0.000000 0.000000 0.000000 7.158863 -1.566768 -0.144819 0.969630 11.644136 -1.821643 -6.695377 -10.037152 -1.167484 -0.000000 0.000000 0.000000 4.142856 1.024361 -1.947001 8.713026 -3.584051 3.899349 -2.817233 1.539442 0.807506 -2.167846 -5.372610 -2.234523 -6.984181 9.114061 8.893861 -0.000000 0.000000 0.000000 1.600629 -10.046000 -28.845568 10.499430 -15.645502 -42.244296 4.594997 -21.426700 -3.374923 -12.354832 3.789470 15.726981 2.216573 8.427242 23.987806 4.649618 12.022974 42.979195 8.378688 23.145006 4.144700 -4.811624 -2.595738 -14.084653 
3.692110 96.370721 -50.795698 -5.578909 -0.073078 -1.655811 10.059165 7.014146 4.785422 -3.054077 -11.639231 1.242996 -7.313355 14.081731 3.113813 -0.000000 0.000000 0.000000 7.148298 -1.564654 -0.144844 0.968715 11.664563 -1.822738 -6.689602 -10.026870 -1.164724 -0.000000 0.000000 0.000000 4.172628 1.036380 -1.948263 8.721604 -3.559423 3.905537 -2.815948 1.545082 0.808090 -2.199173 -5.391267 -2.196349 -6.910817 9.094057 8.882269 -0.000000 0.000000 0.000000 1.595287 -9.999475 -28.852013 10.480924 -15.655793 -42.255090 4.540497 -21.441163 -3.370499 -12.401677 3.808866 15.721416 2.227693 8.400572 24.025182 4.685979 12.020484 42.953257 8.407126 23.175985 4.146548 -4.820644 -2.598687 -14.048359 
3.693050 96.370226 -50.795299 -5.574467 -0.113060 -1.663174 10.043251 7.013963 4.787042 -3.018257 -11.619108 1.241942 -7.331332 14.095985 3.121266 -0.000000 0.000000 0.000000 7.130244 -1.552121 -0.146552 0.981890 11.681330 -1.825754 -6.685901 -10.015021 -1.162206 -0.000000 0.000000 0.000000 4.195161 1.045807 -1.944403 8.758482 -3.543418 3.908445 -2.814823 1.552038 0.808326 -2.234018 -5.372121 -2.171094 -6.924963 9.067339 8.883888 -0.000000 0.000000 0.000000 1.587470 -10.003581 -28.853905 10.447664 -15.649418 -42.280731 4.501214 -21.436771 -3.363888 -12.372320 3.798978 15.752702 2.242644 8.433212 24.039717 4.686094 12.015430 42.956744 8.395680 23.127680 4.153719 -4.860024 -2.568753 -14.087991 
3.693870 96.369624 -50.794798 -5.581790 -0.153342 -1.668594 10.035314 7.025478 4.785667 -2.984534 -11.603611 1.235067 -7.346670 14.103725 3.135263 -0.000000 0.000000 0.000000 7.123554 -1.540876 -0.148010 0.989000 11.700096 -1.827867 -6.683267 -10.006479 -1.160314 -0.000000 0.000000 0.000000 4.239064 1.044406 -1.928243 8.772356 -3.528212 3.893068 -2.813934 1.567589 0.808394 -2.248790 -5.334728 -2.170046 -6.935435 9.077789 8.865741 -0.000000 0.000000 0.000000 1.574018 -10.027664 -28.865885 10.477751 -15.650134 -42.250134 4.578774 -21.440146 -3.341648 -12.318362 3.801514 15.675450 2.247261 8.472337 24.045452 4.696428 12.039717 42.961380 8.466286 23.093254 4.130850 -4.798491 -2.615090 -14.031602 
3.694560 96.369129 -50.794297 -5.594145 -0.197449 -1.674289 10.067382 7.052832 4.777119 -2.999879 -11.591848 1.233499 -7.355329 14.109893 3.144099 -0.000000 0.000000 0.000000 7.153970 -1.536416 -0.150086 0.954329 11.725645 -1.832960 -6.677915 -9.994403 -1.157416 -0.000000 0.000000 0.000000 4.263533 1.033347 -1.901771 8.782200 -3.524327 3.876817 -2.812869 1.587570 0.797239 -2.216364 -5.297823 -2.181983 -6.906968 9.107923 8.822740 -0.000000 0.000000 0.000000 1.573127 -10.034484 -28.864691 10.506364 -15.648398 -42.238956 4.645532 -21.431600 -3.333209 -12.304281 3.778776 15.638121 2.247656 8.493930 24.024539 4.706886 12.066389 42.980141 8.494592 23.077347 4.113354 -4.815502 -2.627260 -14.004714 
3.695090 96.368623 -50.790399 -5.589679 -0.223507 -1.678049 10.092090 7.056997 4.773707 -3.033008 -11.579240 1.242237 -7.335960 14.114359 3.140426 -0.000000 0.000000 0.000000 7.171093 -1.537399 -0.153319 0.915164 11.740495 -1.831396 -6.660557 -9.978933 -1.152132 -0.000000 0.000000 0.000000 4.257469 1.032136 -1.889067 8.802007 -3.525370 3.877910 -2.811511 1.585001 0.784457 -2.182804 -5.282066 -2.198483 -6.829602 9.140639 8.787816 -0.000000 0.000000 0.000000 1.588466 -10.015179 -28.854138 10.504757 -15.647723 -42.245748 4.613640 -21.418299 -3.343018 -12.354182 3.788888 15.661783 2.260852 8.464651 24.012068 4.706266 12.068983 42.990249 8.428982 23.154857 4.105080 -4.878381 -2.603410 -14.079419 
3.695450 96.368021 -50.783002 -5.579562 -0.237824 -1.680629 10.091590 7.050455 4.775010 -3.037790 -11.565421 1.248975 -7.334474 14.122341 3.140641 -0.000000 0.000000 0.000000 7.180245 -1.531181 -0.151234 0.884951 11.744883 -1.838289 -6.638417 -9.971258 -1.146866 -0.000000 0.000000 0.000000 4.252107 1.032225 -1.889459 8.817977 -3.526466 3.878873 -2.810478 1.580724 0.783230 -2.151106 -5.286771 -2.224842 -6.779821 9.163555 8.760317 -0.000000 0.000000 0.000000 1.599828 -10.000542 -28.859980 10.504579 -15.645244 -42.245655 4.611279 -21.424640 -3.330130 -12.368648 3.790649 15.682561 2.274211 8.430410 24.013389 4.714565 12.062538 42.966816 8.400314 23.246426 4.093540 -4.938371 -2.588001 -14.064329 
3.695620 96.367526 -50.775599 -5.578075 -0.242933 -1.682446 10.107918 7.050720 4.773235 -3.055152 -11.565213 1.249309 -7.332954 14.133129 3.140875 -0.000000 0.000000 0.000000 7.199687 -1.517238 -0.142252 0.860893 11.750337 -1.838607 -6.640763 -9.987819 -1.148686 -0.000000 0.000000 0.000000 4.268278 1.031623 -1.891016 8.825338 -3.527022 3.879256 -2.809457 1.579441 0.782759 -2.125132 -5.277895 -2.246255 -6.760933 9.187670 8.739402 -0.000000 0.000000 0.000000 1.601766 -10.005023 -28.856872 10.504599 -15.643236 -42.238311 4.640106 -21.423635 -3.320925 -12.355722 3.776316 15.662181 2.276953 8.434135 24.009055 4.723591 12.050083 42.935603 8.405089 23.297765 4.098064 -4.939737 -2.588881 -14.033138 
3.695590 96.366924 -50.771499 -5.574266 -0.248666 -1.684428 10.108896 7.052893 4.772726 -3.065320 -11.565224 1.249225 -7.333323 14.133406 3.140015 -0.000000 0.000000 0.000000 7.196996 -1.508508 -0.140401 0.856223 11.752300 -1.837222 -6.634600 -9.989978 -1.147466 -0.000000 0.000000 0.000000 4.288836 1.030952 -1.893419 8.831353 -3.527625 3.879674 -2.807827 1.578505 0.782518 -2.122556 -5.267035 -2.239062 -6.726637 9.192472 8.726723 -0.000000 0.000000 0.000000 1.598405 -10.023173 -28.838405 10.494414 -15.649639 -42.257113 4.612397 -21.411441 -3.313648 -12.371331 3.792388 15.664668 2.279714 8.455458 24.002561 4.724344 12.072941 42.916860 8.431814 23.295212 4.076808 -4.939204 -2.585894 -14.061684 
3.695250 96.366328 -50.767499 -5.562761 -0.252370 -1.691599 10.112507 7.065212 4.777208 -3.090843 -11.566302 1.253242 -7.321294 14.133775 3.136217 -0.000000 0.000000 0.000000 7.197830 -1.513184 -0.132123 0.845655 11.753637 -1.836172 -6.628673 -9.980481 -1.144851 -0.000000 0.000000 0.000000 4.291587 1.030614 -1.900773 8.850315 -3.527251 3.880956 -2.816214 1.577735 0.782418 -2.122259 -5.253936 -2.235431 -6.723548 9.190719 8.725577 -0.000000 0.000000 0.000000 1.602206 -10.026572 -28.826787 10.486406 -15.656578 -42.252051 4.630245 -21.392914 -3.313588 -12.355002 3.774039 15.659864 2.272688 8.453725 23.997139 4.680649 12.091891 42.929985 8.392399 23.216097 4.095010 -4.912361 -2.592092 -14.058157 
3.694570 96.365821 -50.763196 -5.562793 -0.255629 -1.699174 10.128392 7.072666 4.786012 -3.126096 -11.567450 1.253090 -7.308859 14.133923 3.131002 -0.000000 0.000000 0.000000 7.197586 -1.521270 -0.122829 0.832656 11.754663 -1.834118 -6.623476 -9.973419 -1.142698 -0.000000 0.000000 0.000000 4.306047 1.029700 -1.913114 8.865800 -3.526939 3.882094 -2.827352 1.577248 0.780066 -2.125892 -5.239376 -2.237109 -6.722791 9.189639 8.707675 -0.000000 0.000000 0.000000 1.605111 -10.029137 -28.819381 10.477544 -15.662987 -42.260857 4.623907 -21.374693 -3.300082 -12.365682 3.772373 15.678052 2.271059 8.454108 23.993813 4.664652 12.090942 42.937739 8.355301 23.194342 4.095040 -4.936394 -2.586349 -14.052944 
3.693640 96.365219 -50.757301 -5.562736 -0.259522 -1.702887 10.132351 7.075085 4.793019 -3.133540 -11.568165 1.250547 -7.309612 14.133478 3.133741 -0.000000 0.000000 0.000000 7.194128 -1.522468 -0.119231 0.838985 11.755063 -1.834651 -6.629801 -9.966951 -1.147556 -0.000000 0.000000 0.000000 4.321971 1.028934 -1.925402 8.871244 -3.527078 3.882653 -2.832670 1.577090 0.775076 -2.138591 -5.232428 -2.238513 -6.719129 9.187742 8.685878 -0.000000 0.000000 0.000000 1.608815 -10.030251 -28.798886 10.461827 -15.673117 -42.303053 4.585791 -21.329538 -3.286212 -12.374629 3.811359 15.697189 2.276141 8.457953 23.993799 4.664571 12.087716 42.939202 8.352086 23.228411 4.088026 -4.930841 -2.589388 -14.082874 
3.692550 96.364623 -50.749397 -5.562433 -0.256177 -1.705067 10.137543 7.076302 4.796961 -3.135259 -11.573402 1.248836 -7.314906 14.132850 3.137732 -0.000000 0.000000 0.000000 7.198341 -1.526098 -0.114964 0.838440 11.755375 -1.834990 -6.643846 -9.968200 -1.158086 -0.000000 0.000000 0.000000 4.319900 1.031140 -1.930017 8.899938 -3.525345 3.884660 -2.851085 1.579097 0.772113 -2.151274 -5.221677 -2.234302 -6.692087 9.187977 8.661874 -0.000000 0.000000 0.000000 1.604254 -10.032087 -28.828063 10.475082 -15.661092 -42.269476 4.627382 -21.312133 -3.269854 -12.310504 3.810958 15.679636 2.281290 8.463980 24.011136 4.678574 12.074165 42.931332 8.352038 23.250372 4.076993 -4.911406 -2.585657 -14.067967 
3.691400 96.363223 -50.740397 -5.562050 -0.244312 -1.706519 10.140672 7.076853 4.801919 -3.135139 -11.587330 1.245943 -7.327772 14.132646 3.143200 -0.000000 0.000000 0.000000 7.219210 -1.529372 -0.109925 0.820484 11.756367 -1.831232 -6.649292 -9.978678 -1.162744 -0.000000 0.000000 0.000000 4.317425 1.036990 -1.949367 8.921428 -3.518717 3.885456 -2.860887 1.584353 0.774583 -2.154379 -5.224870 -2.216875 -6.666021 9.205284 8.652301 -0.000000 0.000000 0.000000 1.603143 -10.027157 -28.859609 10.485742 -15.652219 -42.235481 4.630319 -21.316193 -3.268828 -12.330443 3.779456 15.677356 2.285053 8.452548 24.033387 4.675410 12.063058 42.915659 8.356694 23.233841 4.095002 -4.878549 -2.588064 -14.066681 
3.690280 96.362221 -50.734001 -5.562082 -0.233502 -1.708736 10.145250 7.077638 4.809098 -3.133981 -11.598139 1.243079 -7.326949 14.133754 3.146268 -0.000000 0.000000 0.000000 7.239835 -1.532751 -0.104564 0.798458 11.757181 -1.828056 -6.633462 -9.980131 -1.160656 -0.000000 0.000000 0.000000 4.311779 1.045528 -1.969855 8.931600 -3.505894 3.884535 -2.871296 1.589852 0.778219 -2.124569 -5.225980 -2.190580 -6.654738 9.201479 8.651647 -0.000000 0.000000 0.000000 1.614961 -10.008261 -28.859415 10.493792 -15.643580 -42.229017 4.643287 -21.365827 -3.273660 -12.311200 3.792128 15.675709 2.288620 8.442332 24.048187 4.675601 12.072831 42.910001 8.394294 23.191544 4.089233 -4.819715 -2.600034 -14.062691 
3.689260 96.361125 -50.728399 -5.566975 -0.225518 -1.718445 10.157117 7.079869 4.819170 -3.135381 -11.603197 1.241796 -7.337440 14.134190 3.154346 -0.000000 0.000000 0.000000 7.254664 -1.534958 -0.096938 0.797840 11.757521 -1.825188 -6.632879 -9.981127 -1.160812 -0.000000 0.000000 0.000000 4.306387 1.055157 -1.984638 8.948200 -3.493172 3.887651 -2.878932 1.596803 0.782133 -2.079351 -5.218820 -2.146106 -6.623209 9.194337 8.647880 -0.000000 0.000000 0.000000 1.629736 -9.985031 -28.855860 10.510143 -15.636941 -42.196590 4.685002 -21.452974 -3.297091 -12.295542 3.762165 15.630208 2.293014 8.435956 24.046003 4.675519 12.092818 42.923275 8.420150 23.160124 4.062003 -4.826005 -2.599186 -14.054875 
3.689070 96.360123 -50.724000 -5.573336 -0.217061 -1.727741 10.154853 7.071766 4.829687 -3.117007 -11.603497 1.243410 -7.345833 14.135134 3.161571 -0.000000 0.000000 0.000000 7.257803 -1.540475 -0.089488 0.806981 11.757383 -1.818933 -6.639008 -9.981717 -1.161588 -0.000000 0.000000 0.000000 4.305805 1.073151 -2.006467 8.968095 -3.483230 3.902787 -2.884454 1.601954 0.792628 -2.026604 -5.214798 -2.118422 -6.579984 9.205017 8.650544 -0.000000 0.000000 0.000000 1.635611 -9.982078 -28.835976 10.498277 -15.664874 -42.187454 4.688068 -21.468304 -3.322740 -12.333607 3.765140 15.578463 2.299856 8.427062 24.033975 4.655635 12.099158 42.917098 8.394320 23.156937 4.071475 -4.838280 -2.600165 -14.032985 
3.690890 96.359122 -50.720900 -5.586609 -0.206755 -1.736428 10.160538 7.068158 4.843964 -3.099558 -11.612650 1.240365 -7.362415 14.136102 3.168180 -0.000000 0.000000 0.000000 7.264747 -1.543720 -0.076815 0.830456 11.756941 -1.820549 -6.660737 -9.982207 -1.164921 -0.000000 0.000000 0.000000 4.310056 1.083552 -2.027052 8.976400 -3.477424 3.912601 -2.892568 1.602818 0.806271 -1.952995 -5.200388 -2.089690 -6.530049 9.232826 8.641904 -0.000000 0.000000 0.000000 1.630925 -9.997548 -28.816996 10.473690 -15.689486 -42.199260 4.717246 -21.406847 -3.278493 -12.277781 3.796688 15.592283 2.295884 8.439206 24.031615 4.648967 12.107306 42.910796 8.402757 23.163543 4.040424 -4.873483 -2.603683 -14.001248 
3.692750 96.358126 -50.717700 -5.606695 -0.201855 -1.741951 10.184996 7.071043 4.850359 -3.094514 -11.626974 1.237419 -7.370465 14.141896 3.179705 -0.000000 0.000000 0.000000 7.297468 -1.546738 -0.074030 0.818720 11.757424 -1.817981 -6.660097 -9.984480 -1.164376 -0.000000 0.000000 0.000000 4.312790 1.084267 -2.031583 8.980779 -3.474993 3.912980 -2.895415 1.604198 0.805470 -1.880018 -5.182044 -2.071069 -6.452842 9.295534 8.616183 -0.000000 0.000000 0.000000 1.629574 -10.003747 -28.809654 10.446454 -15.691943 -42.191682 4.691365 -21.358930 -3.241512 -12.327741 3.811381 15.680138 2.294381 8.450464 24.013976 4.623763 12.145756 42.921145 8.431758 23.145153 4.003124 -4.898345 -2.608316 -14.026272 
3.694660 96.357024 -50.714397 -5.613692 -0.211639 -1.745833 10.194782 7.071404 4.849613 -3.096765 -11.621771 1.236516 -7.374166 14.144740 3.192796 -0.000000 0.000000 0.000000 7.309519 -1.549846 -0.072720 0.812234 11.757543 -1.815705 -6.664229 -9.979040 -1.163973 -0.000000 0.000000 0.000000 4.314521 1.092986 -2.037141 8.990470 -3.471654 3.918946 -2.907091 1.605478 0.803994 -1.827309 -5.148694 -2.069809 -6.342709 9.344965 8.548939 -0.000000 0.000000 0.000000 1.643871 -9.986052 -28.787934 10.433273 -15.708007 -42.164107 4.686581 -21.327177 -3.236147 -12.358351 3.817284 15.686264 2.305486 8.431594 24.006613 4.594140 12.204327 42.915711 8.434469 23.155574 3.971538 -4.946830 -2.600545 -14.043589 
3.696690 96.356028 -50.709301 -5.616540 -0.222204 -1.748096 10.203447 7.070732 4.848904 -3.090463 -11.616857 1.236890 -7.379633 14.145726 3.202791 -0.000000 0.000000 0.000000 7.316767 -1.553119 -0.072285 0.805687 11.756846 -1.815590 -6.663215 -9.971522 -1.162474 -0.000000 0.000000 0.000000 4.310557 1.105136 -2.040632 9.002702 -3.466587 3.933260 -2.912864 1.607092 0.801913 -1.778605 -5.100617 -2.064211 -6.228753 9.393717 8.481214 -0.000000 0.000000 0.000000 1.662035 -9.968869 -28.739144 10.415903 -15.735999 -42.180290 4.753662 -21.313820 -3.195515 -12.343024 3.831559 15.684077 2.313913 8.416973 24.007277 4.570724 12.223978 42.893930 8.357270 23.193267 3.952568 -5.013388 -2.587892 -14.016916 
3.698850 96.354920 -50.704396 -5.621840 -0.232101 -1.750192 10.223142 7.063156 4.848094 -3.107294 -11.609945 1.233934 -7.383820 14.152485 3.215597 -0.000000 0.000000 0.000000 7.322775 -1.556119 -0.072224 0.808696 11.765055 -1.815991 -6.663456 -9.970371 -1.161985 -0.000000 0.000000 0.000000 4.305234 1.119596 -2.042254 9.021272 -3.458341 3.942813 -2.934473 1.611284 0.800436 -1.725429 -5.059180 -2.052497 -6.062747 9.442628 8.405097 -0.000000 0.000000 0.000000 1.673693 -9.958030 -28.708295 10.427139 -15.754035 -42.162855 4.800106 -21.314498 -3.181568 -12.311979 3.835398 15.691558 2.323691 8.419146 24.007099 4.577406 12.264869 42.881414 8.319667 23.189106 3.918179 -5.042328 -2.591352 -14.063520 
3.704100 96.352822 -50.695300 -5.639498 -0.242734 -1.752321 10.255730 7.063645 4.844274 -3.115668 -11.620104 1.230158 -7.390828 14.165964 3.227047 -0.000000 0.000000 0.000000 7.346022 -1.559201 -0.071775 0.817642 11.782751 -1.820744 -6.665414 -9.970163 -1.161708 -0.000000 0.000000 0.000000 4.295470 1.129068 -2.043784 9.037164 -3.447340 3.945215 -2.949205 1.624357 0.799705 -1.646137 -5.033101 -2.031734 -5.875994 9.503342 8.340335 -0.000000 0.000000 0.000000 1.675205 -9.949330 -28.707134 10.432642 -15.766487 -42.116243 4.827250 -21.267570 -3.171612 -12.284249 3.843774 15.696348 2.334729 8.422082 24.007010 4.582918 12.291824 42.877634 8.287430 23.167363 3.940055 -5.032115 -2.605323 -14.050933 
3.709780 96.350318 -50.686699 -5.658315 -0.235416 -1.752591 10.280011 7.063838 4.841405 -3.111704 -11.632464 1.225683 -7.400161 14.167210 3.242573 -0.000000 0.000000 0.000000 7.374808 -1.566060 -0.080135 0.813643 11.785064 -1.822405 -6.672938 -9.971910 -1.162615 -0.000000 0.000000 0.000000 4.282301 1.137634 -2.048404 9.058413 -3.444053 3.949184 -2.964120 1.626716 0.799365 -1.564689 -5.005251 -2.001860 -5.698748 9.551349 8.293969 -0.000000 0.000000 0.000000 1.681736 -9.922351 -28.696259 10.409789 -15.774027 -42.093150 4.819591 -21.205074 -3.157969 -12.224505 3.861056 15.695655 2.352931 8.418721 24.022162 4.594995 12.325448 42.870652 8.299736 23.159498 3.943280 -5.011483 -2.600598 -14.015853 
3.717160 96.347725 -50.679696 -5.677671 -0.212389 -1.751204 10.294759 7.063494 4.839860 -3.095943 -11.654733 1.220460 -7.413640 14.167019 3.256337 -0.000000 0.000000 0.000000 7.397715 -1.576671 -0.087293 0.829670 11.781430 -1.826545 -6.686972 -9.981222 -1.166280 -0.000000 0.000000 0.000000 4.277177 1.146947 -2.059727 9.065405 -3.442102 3.956510 -2.966924 1.628736 0.799580 -1.486704 -5.000641 -1.975183 -5.533445 9.591930 8.263640 -0.000000 0.000000 0.000000 1.691240 -9.900667 -28.676850 10.381154 -15.803158 -42.086476 4.804590 -21.145582 -3.134822 -12.269640 3.846562 15.707786 2.362714 8.397693 24.032890 4.603772 12.351816 42.864019 8.295760 23.128170 3.932424 -5.024927 -2.592994 -14.023386 
3.723490 96.345425 -50.671798 -5.691166 -0.184931 -1.749247 10.308567 7.063158 4.838636 -3.088512 -11.674179 1.218740 -7.422434 14.167499 3.264630 -0.000000 0.000000 0.000000 7.410946 -1.585940 -0.087123 0.850454 11.779335 -1.832113 -6.706694 -9.984990 -1.177279 -0.000000 0.000000 0.000000 4.268578 1.157968 -2.068906 9.080745 -3.439456 3.967597 -2.978950 1.630465 0.800612 -1.417968 -4.989149 -1.941329 -5.379798 9.615019 8.235313 -0.000000 0.000000 0.000000 1.700445 -9.877283 -28.671505 10.358119 -15.828573 -42.065165 4.795195 -21.094958 -3.130065 -12.258895 3.846340 15.680322 2.369786 8.370814 24.047257 4.584829 12.348467 42.861883 8.199702 23.060128 3.975024 -4.979335 -2.576612 -14.035937 
3.730530 96.343929 -50.662100 -5.710913 -0.151909 -1.746683 10.330726 7.064632 4.840504 -3.092733 -11.703932 1.214625 -7.434898 14.166873 3.280856 -0.000000 0.000000 0.000000 7.439094 -1.591406 -0.086224 0.861721 11.766357 -1.834526 -6.714822 -10.003356 -1.182425 -0.000000 0.000000 0.000000 4.264673 1.168360 -2.088517 9.111873 -3.434071 3.988820 -2.990359 1.632711 0.801851 -1.374448 -4.979200 -1.909014 -5.265849 9.648018 8.213585 -0.000000 0.000000 0.000000 1.706843 -9.865517 -28.674309 10.349239 -15.819661 -42.029872 4.756566 -21.119079 -3.119831 -12.242221 3.882808 15.657454 2.385447 8.372569 24.088406 4.636898 12.348992 42.800151 8.221680 23.084466 3.960207 -4.985677 -2.591947 -13.970805 
3.734260 96.343327 -50.652802 -5.717235 -0.128260 -1.744909 10.350071 7.064006 4.849616 -3.115815 -11.722456 1.208429 -7.436364 14.167504 3.287013 -0.000000 0.000000 0.000000 7.468978 -1.597547 -0.085048 0.840048 11.757654 -1.831532 -6.713262 -10.004503 -1.183200 -0.000000 0.000000 0.000000 4.252798 1.179774 -2.100889 9.128925 -3.429170 4.006886 -2.993092 1.640407 0.804097 -1.317033 -4.941469 -1.877340 -5.194356 9.664231 8.191909 -0.000000 0.000000 0.000000 1.718351 -9.844792 -28.653474 10.346323 -15.819367 -42.013513 4.772397 -21.137240 -3.114232 -12.238366 3.843511 15.626547 2.392204 8.379105 24.097468 4.653811 12.380115 42.804330 8.256375 23.023432 3.926086 -4.990578 -2.596313 -13.941603 
3.738730 96.342921 -50.648898 -5.717635 -0.116243 -1.743910 10.361064 7.061024 4.849597 -3.134595 -11.734996 1.207614 -7.429633 14.168296 3.289585 -0.000000 0.000000 0.000000 7.485387 -1.607958 -0.083721 0.818486 11.761050 -1.828884 -6.712977 -10.005733 -1.183881 -0.000000 0.000000 0.000000 4.237531 1.198822 -2.102772 9.142778 -3.414674 4.021580 -3.009859 1.653042 0.807749 -1.285314 -4.927280 -1.850545 -5.068616 9.682605 8.153341 -0.000000 0.000000 0.000000 1.723028 -9.831309 -28.652438 10.358215 -15.842475 -41.990072 4.816457 -21.108026 -3.102003 -12.208711 3.861290 15.621032 2.409646 8.376555 24.120898 4.681248 12.377831 42.785775 8.214909 23.009825 3.921400 -4.983672 -2.599445 -13.972157 
3.741540 96.342522 -50.648302 -5.717858 -0.114124 -1.743432 10.369867 7.055869 4.844588 -3.148477 -11.738971 1.214280 -7.420643 14.169366 3.292626 -0.000000 0.000000 0.000000 7.495332 -1.609924 -0.085632 0.799038 11.762379 -1.826149 -6.707639 -10.007261 -1.183728 -0.000000 0.000000 0.000000 4.231941 1.218270 -2.103632 9.159017 -3.398501 4.027125 -3.030621 1.663873 0.811321 -1.268226 -4.900533 -1.828373 -4.969471 9.698667 8.117989 -0.000000 0.000000 0.000000 1.721800 -9.806467 -28.659601 10.355983 -15.839778 -41.965418 4.844488 -21.060007 -3.073527 -12.129558 3.857958 15.587037 2.418582 8.368677 24.152129 4.678301 12.360754 42.760671 8.148447 22.992085 3.940612 -4.929163 -2.591223 -13.948005 
3.742550 96.342224 -50.648302 -5.718743 -0.115673 -1.743181 10.386832 7.050863 4.842864 -3.166529 -11.745684 1.208069 -7.421468 14.169653 3.297706 -0.000000 0.000000 0.000000 7.508465 -1.612663 -0.087520 0.787185 11.765150 -1.826211 -6.708404 -10.008639 -1.184670 -0.000000 0.000000 0.000000 4.252118 1.229671 -2.104216 9.157849 -3.384009 4.026858 -3.043739 1.678516 0.814966 -1.273086 -4.869001 -1.818560 -4.896967 9.730599 8.079113 -0.000000 0.000000 0.000000 1.721808 -9.784203 -28.663156 10.358110 -15.829616 -41.937998 4.857312 -21.040576 -3.049010 -12.118324 3.836652 15.621365 2.419449 8.358032 24.172724 4.661737 12.354355 42.752978 8.129824 22.981372 3.932837 -4.891945 -2.579339 -13.945074 
3.743330 96.341920 -50.648701 -5.720581 -0.121737 -1.743544 10.414941 7.052517 4.838698 -3.202938 -11.748394 1.200523 -7.408562 14.168664 3.303196 -0.000000 0.000000 0.000000 7.518443 -1.617258 -0.089486 0.781493 11.768120 -1.827397 -6.705556 -10.009837 -1.185226 -0.000000 0.000000 0.000000 4.278110 1.242497 -2.105225 9.160629 -3.366455 4.032475 -3.056440 1.696490 0.819068 -1.292299 -4.834940 -1.820793 -4.848555 9.759106 8.032597 -0.000000 0.000000 0.000000 1.722768 -9.780641 -28.661669 10.374024 -15.837252 -41.921317 4.855337 -21.041209 -3.031843 -12.146353 3.851340 15.643791 2.428364 8.365173 24.192946 4.678032 12.350001 42.728357 8.072347 23.000671 3.921770 -4.924527 -2.580604 -13.959114 
3.743910 96.341622 -50.649297 -5.722476 -0.112575 -1.742044 10.418197 7.052285 4.837537 -3.224623 -11.755516 1.193381 -7.398640 14.168068 3.301909 -0.000000 0.000000 0.000000 7.520156 -1.626260 -0.091374 0.782903 11.757467 -1.828143 -6.705180 -10.011308 -1.186444 -0.000000 0.000000 0.000000 4.283584 1.255789 -2.105701 9.164567 -3.353389 4.044311 -3.063460 1.705081 0.825846 -1.290394 -4.810293 -1.823005 -4.812061 9.763996 7.991852 -0.000000 0.000000 0.000000 1.719694 -9.775388 -28.662182 10.378369 -15.837633 -41.914696 4.846024 -21.041277 -3.029076 -12.154726 3.839048 15.618700 2.428312 8.369658 24.214803 4.694862 12.342130 42.698593 8.063914 23.008295 3.902430 -4.906922 -2.567954 -13.954930 
3.744340 96.341425 -50.649899 -5.724464 -0.080699 -1.736700 10.406041 7.045407 4.839302 -3.217698 -11.775077 1.191731 -7.397431 14.166330 3.301911 -0.000000 0.000000 0.000000 7.520502 -1.635646 -0.098385 0.780735 11.753426 -1.828750 -6.701391 -10.013009 -1.187165 -0.000000 0.000000 0.000000 4.296677 1.270673 -2.106417 9.169259 -3.344224 4.059763 -3.086440 1.708255 0.837344 -1.285650 -4.804053 -1.825911 -4.764854 9.769777 7.960333 -0.000000 0.000000 0.000000 1.714117 -9.771325 -28.683379 10.389306 -15.846631 -41.895059 4.881061 -21.039463 -2.995679 -12.108482 3.862891 15.628080 2.431868 8.378445 24.260567 4.752134 12.308901 42.637516 8.050918 23.056123 3.868147 -4.937795 -2.564333 -13.929845 
3.744630 96.341228 -50.659400 -5.733652 -0.052439 -1.731544 10.406127 7.034280 4.840681 -3.202683 -11.791601 1.192300 -7.395771 14.162891 3.301214 -0.000000 0.000000 0.000000 7.521432 -1.653546 -0.100500 0.787342 11.742129 -1.826712 -6.700517 -10.018219 -1.189034 -0.000000 0.000000 0.000000 4.326454 1.290035 -2.107790 9.160324 -3.332748 4.073878 -3.102822 1.712996 0.848133 -1.282713 -4.803380 -1.819590 -4.729653 9.773163 7.933714 -0.000000 0.000000 0.000000 1.716143 -9.757923 -28.689322 10.387000 -15.867192 -41.883363 4.924741 -21.042458 -2.966546 -12.072451 3.832114 15.623740 2.422162 8.378105 24.288597 4.761611 12.290211 42.605282 8.016946 23.022171 3.878116 -4.933836 -2.572883 -13.883375 
3.744840 96.341020 -50.668299 -5.751671 -0.018109 -1.725576 10.409292 7.028962 4.840610 -3.207028 -11.809212 1.185897 -7.394791 14.153555 3.299942 -0.000000 0.000000 0.000000 7.539628 -1.657244 -0.103562 0.789983 11.736765 -1.823643 -6.705544 -10.034137 -1.193402 -0.000000 0.000000 0.000000 4.349610 1.298262 -2.108092 9.162824 -3.321889 4.085789 -3.102792 1.719039 0.859817 -1.278284 -4.802583 -1.798479 -4.699153 9.754793 7.907988 -0.000000 0.000000 0.000000 1.715562 -9.753774 -28.683058 10.370228 -15.882802 -41.890102 4.943430 -21.065469 -2.948353 -12.064975 3.837714 15.610638 2.427057 8.383614 24.316316 4.777926 12.279143 42.583941 8.021068 22.993608 3.842708 -4.913956 -2.581582 -13.882758 
3.744990 96.340823 -50.678098 -5.759436 0.006413 -1.718356 10.398136 7.025166 4.841864 -3.193590 -11.825492 1.181701 -7.398281 14.142537 3.299816 -0.000000 0.000000 0.000000 7.540936 -1.670963 -0.106559 0.798501 11.725721 -1.819891 -6.710869 -10.037702 -1.197198 -0.000000 0.000000 0.000000 4.343637 1.311714 -2.107952 9.192186 -3.313279 4.099450 -3.124638 1.728157 0.867489 -1.272743 -4.790875 -1.780742 -4.668580 9.743059 7.894992 -0.000000 0.000000 0.000000 1.713853 -9.751247 -28.685688 10.386134 -15.889923 -41.867012 4.995750 -21.129334 -2.946979 -12.010315 3.842765 15.595533 2.442246 8.392273 24.339957 4.805271 12.267954 42.561956 7.989105 22.980197 3.836792 -4.929936 -2.572056 -13.898521 
3.745120 96.340722 -50.687695 -5.769864 0.030801 -1.707717 10.393798 7.022640 4.842198 -3.185104 -11.839263 1.180751 -7.396918 14.134878 3.300798 -0.000000 0.000000 0.000000 7.535454 -1.683751 -0.112668 0.825059 11.715202 -1.818283 -6.723459 -10.040003 -1.209088 -0.000000 0.000000 0.000000 4.341896 1.321392 -2.099597 9.214257 -3.306755 4.103506 -3.136974 1.733215 0.867407 -1.262094 -4.763589 -1.769049 -4.643137 9.749404 7.883924 -0.000000 0.000000 0.000000 1.712681 -9.744446 -28.698853 10.414583 -15.894230 -41.813363 5.059736 -21.204903 -2.962091 -11.942460 3.818915 15.582105 2.443369 8.392558 24.357557 4.805158 12.255758 42.550995 7.925812 22.954266 3.887188 -4.879375 -2.553036 -13.901709 
3.745260 96.340621 -50.699800 -5.788221 0.045232 -1.703442 10.389117 7.020506 4.842601 -3.158380 -11.847921 1.175580 -7.409817 14.133128 3.304493 -0.000000 0.000000 0.000000 7.538196 -1.688614 -0.116428 0.840071 11.712873 -1.813545 -6.738434 -10.041604 -1.224976 -0.000000 0.000000 0.000000 4.370213 1.329405 -2.088594 9.232413 -3.298498 4.116083 -3.151963 1.736859 0.866838 -1.327097 -4.732536 -1.765407 -4.607234 9.761810 7.831787 -0.000000 0.000000 0.000000 1.708795 -9.742088 -28.718063 10.430146 -15.893326 -41.778085 5.101893 -21.264397 -2.950958 -11.898760 3.806730 15.565464 2.448849 8.398997 24.392805 4.847964 12.246378 42.510653 7.938035 23.006113 3.854398 -4.899451 -2.555014 -13.876505 
3.740790 96.340525 -50.713295 -5.806988 0.057706 -1.697515 10.379667 7.019650 4.843418 -3.124255 -11.858264 1.172647 -7.422830 14.132066 3.308249 -0.000000 0.000000 0.000000 7.546843 -1.695698 -0.121460 0.851965 11.711881 -1.816119 -6.737205 -10.044274 -1.229926 -0.000000 0.000000 0.000000 4.381098 1.334184 -2.082992 9.288356 -3.290875 4.132218 -3.176068 1.740712 0.866325 -1.377087 -4.680102 -1.776175 -4.662849 9.760727 7.824314 -0.000000 0.000000 0.000000 1.694896 -9.769972 -28.740274 10.439904 -15.885184 -41.739054 5.156851 -21.287601 -2.945605 -11.820564 3.808531 15.562754 2.456107 8.438779 24.432198 4.867049 12.228768 42.473348 7.904442 23.016568 3.831582 -4.938863 -2.535678 -13.916993 
3.736300 96.340424 -50.726897 -5.831408 0.067834 -1.686497 10.376966 7.028959 4.841631 -3.090581 -11.872596 1.163998 -7.433934 14.131769 3.311526 -0.000000 0.000000 0.000000 7.569157 -1.700877 -0.124700 0.848697 11.714073 -1.817585 -6.738841 -10.042649 -1.242261 -0.000000 0.000000 0.000000 4.399848 1.332871 -2.077822 9.309760 -3.289106 4.129222 -3.182499 1.748432 0.865487 -1.389358 -4.652680 -1.782567 -4.728579 9.785884 7.834098 -0.000000 0.000000 0.000000 1.695501 -9.799417 -28.760240 10.449929 -15.873710 -41.691782 5.181851 -21.319584 -2.932783 -11.800559 3.798614 15.576104 2.451083 8.449522 24.445551 4.853256 12.224130 42.483309 7.944667 22.988088 3.813444 -4.890231 -2.559131 -13.925300 
3.732920 96.340328 -50.736898 -5.859642 0.062246 -1.684642 10.402219 7.035930 4.837442 -3.088315 -11.876736 1.165528 -7.432478 14.131616 3.311831 -0.000000 0.000000 0.000000 7.595849 -1.702753 -0.130602 0.845599 11.720084 -1.815940 -6.740468 -10.040862 -1.250709 -0.000000 0.000000 0.000000 4.401863 1.332123 -2.067093 9.317140 -3.288957 4.126048 -3.192078 1.753532 0.864867 -1.371331 -4.651246 -1.758310 -4.682691 9.787832 7.814064 -0.000000 0.000000 0.000000 1.700350 -9.795631 -28.771482 10.453401 -15.863446 -41.657884 5.166870 -21.316045 -2.938527 -11.793972 3.800202 15.568053 2.458529 8.457670 24.450045 4.867047 12.245656 42.507649 7.974106 22.957659 3.804730 -4.907830 -2.546090 -13.872724 
3.726980 96.340328 -50.745797 -5.874675 0.040346 -1.686199 10.421771 7.038194 4.834912 -3.097989 -11.859353 1.164178 -7.435864 14.131572 3.313193 -0.000000 0.000000 0.000000 7.600644 -1.697893 -0.131492 0.844273 11.732729 -1.816218 -6.745820 -10.029089 -1.249367 -0.000000 0.000000 0.000000 4.381119 1.333003 -2.054313 9.326832 -3.289075 4.125155 -3.205302 1.755948 0.864754 -1.349467 -4.675513 -1.743749 -4.605695 9.761886 7.789325 -0.000000 0.000000 0.000000 1.706782 -9.785593 -28.775502 10.443142 -15.859100 -41.649148 5.124570 -21.278976 -2.940993 -11.755389 3.810609 15.543728 2.461993 8.463314 24.464299 4.887354 12.259430 42.503209 7.961956 22.985683 3.817372 -4.909828 -2.535294 -13.834948 
3.717730 96.340227 -50.760102 -5.891170 0.034988 -1.686180 10.428167 7.041294 4.843978 -3.094664 -11.855380 1.165807 -7.435507 14.131431 3.313716 -0.000000 0.000000 0.000000 7.596961 -1.689504 -0.120620 0.862624 11.731824 -1.820895 -6.754790 -10.024108 -1.260731 -0.000000 0.000000 0.000000 4.381210 1.332211 -2.053505 9.329959 -3.297503 4.139663 -3.214046 1.750267 0.864722 -1.335232 -4.703253 -1.758996 -4.604497 9.756897 7.791049 -0.000000 0.000000 0.000000 1.709671 -9.781591 -28.779204 10.427406 -15.861743 -41.657206 5.103015 -21.276073 -2.932428 -11.788448 3.810777 15.549347 2.453377 8.443844 24.473930 4.864131 12.260716 42.502989 7.956292 23.017637 3.831541 -4.871057 -2.553619 -13.802918 
3.708350 96.340227 -50.777298 -5.910426 0.028985 -1.686301 10.427066 7.047955 4.854621 -3.075754 -11.848661 1.170359 -7.435731 14.127093 3.313824 -0.000000 0.000000 0.000000 7.596663 -1.695241 -0.119475 0.883014 11.731909 -1.806928 -6.759051 -10.016662 -1.271783 -0.000000 0.000000 0.000000 4.398169 1.330758 -2.053906 9.336490 -3.305658 4.155922 -3.224879 1.739143 0.864692 -1.361946 -4.699720 -1.761538 -4.621163 9.739717 7.776171 -0.000000 0.000000 0.000000 1.712508 -9.785569 -28.784437 10.412437 -15.864625 -41.646155 5.105565 -21.297365 -2.953071 -11.828591 3.781177 15.520857 2.435155 8.429240 24.480587 4.820201 12.263588 42.511858 7.894126 23.007926 3.845924 -4.866789 -2.547763 -13.826888 
3.701630 96.340120 -50.795799 -5.930735 0.023215 -1.686418 10.428128 7.058394 4.861759 -3.059348 -11.845992 1.174997 -7.433662 14.121451 3.313302 -0.000000 0.000000 0.000000 7.593794 -1.699457 -0.118812 0.899321 11.733948 -1.802371 -6.765022 -10.007283 -1.281905 -0.000000 0.000000 0.000000 4.426418 1.329054 -2.054356 9.350691 -3.310982 4.157743 -3.242017 1.733171 0.864896 -1.402308 -4.693475 -1.764495 -4.666962 9.745977 7.784551 -0.000000 0.000000 0.000000 1.707604 -9.822649 -28.801281 10.412246 -15.876850 -41.639652 5.131472 -21.299923 -2.939301 -11.858477 3.800749 15.484547 2.426859 8.444879 24.505832 4.811180 12.257636 42.487814 7.875469 23.038204 3.829679 -4.883691 -2.547637 -13.843885 
3.694620 96.340120 -50.817400 -5.944962 0.011682 -1.687092 10.426845 7.067586 4.862732 -3.053239 -11.840147 1.176346 -7.434461 14.114196 3.313157 -0.000000 0.000000 0.000000 7.591299 -1.703414 -0.118308 0.895841 11.736765 -1.801430 -6.761453 -9.999703 -1.285931 -0.000000 0.000000 0.000000 4.454882 1.327892 -2.050406 9.355237 -3.311337 4.156861 -3.259097 1.732207 0.864646 -1.447002 -4.673489 -1.738181 -4.680087 9.735595 7.781302 -0.000000 0.000000 0.000000 1.694434 -9.862859 -28.811459 10.416529 -15.896635 -41.631865 5.182535 -21.302465 -2.914539 -11.796615 3.803518 15.455279 2.422271 8.479963 24.498817 4.808795 12.278984 42.512541 7.883225 23.028956 3.820112 -4.915229 -2.563821 -13.822198 
3.693310 96.340019 -50.836998 -5.949520 -0.008376 -1.688572 10.425202 7.074529 4.863217 -3.057736 -11.821313 1.175913 -7.436014 14.111337 3.313720 -0.000000 0.000000 0.000000 7.586951 -1.704595 -0.118533 0.885383 11.739918 -1.798482 -6.743010 -9.982252 -1.285515 -0.000000 0.000000 0.000000 4.464330 1.331682 -2.031384 9.367600 -3.300634 4.154160 -3.281632 1.745205 0.852725 -1.469968 -4.652288 -1.722865 -4.692602 9.717208 7.772891 -0.000000 0.000000 0.000000 1.670361 -9.885145 -28.830658 10.423867 -15.918426 -41.609156 5.223751 -21.306185 -2.903296 -11.746975 3.769217 15.431447 2.427495 8.514111 24.489954 4.811703 12.296204 42.543733 7.892731 23.013042 3.821790 -4.908594 -2.568044 -13.797990 
3.692410 96.340019 -50.854897 -5.953442 -0.028622 -1.689944 10.425998 7.073878 4.864720 -3.074060 -11.807804 1.173461 -7.422548 14.109830 3.310730 -0.000000 0.000000 0.000000 7.579251 -1.704959 -0.119136 0.886443 11.743294 -1.797564 -6.740103 -9.971429 -1.288890 -0.000000 0.000000 0.000000 4.471178 1.347523 -2.013607 9.380846 -3.284731 4.148076 -3.313674 1.762215 0.839920 -1.484612 -4.654531 -1.723232 -4.674419 9.691244 7.748813 -0.000000 0.000000 0.000000 1.643782 -9.885712 -28.859183 10.431209 -15.958761 -41.576567 5.252577 -21.320369 -2.885019 -11.677458 3.793002 15.435473 2.437785 8.529320 24.506707 4.842651 12.296980 42.544188 7.878809 23.036529 3.825784 -4.922552 -2.564470 -13.803690 
3.691850 96.339923 -50.873697 -5.957936 -0.033794 -1.689593 10.426599 7.072298 4.865969 -3.090692 -11.802853 1.170218 -7.415264 14.107803 3.309251 -0.000000 0.000000 0.000000 7.566539 -1.705445 -0.120283 0.884736 11.746351 -1.797073 -6.737996 -9.970554 -1.291748 -0.000000 0.000000 0.000000 4.486276 1.356700 -2.003242 9.381476 -3.271511 4.144757 -3.336013 1.769447 0.829546 -1.494462 -4.654874 -1.724149 -4.655196 9.667972 7.724114 -0.000000 0.000000 0.000000 1.621926 -9.868140 -28.871688 10.433181 -15.993982 -41.550744 5.278501 -21.411905 -2.862495 -11.627462 3.794549 15.436744 2.435917 8.527469 24.522024 4.862991 12.312683 42.544493 7.872542 23.042072 3.820857 -4.935520 -2.562218 -13.795836 
3.691590 96.339822 -50.892299 -5.963089 -0.008853 -1.682115 10.419745 7.066030 4.864632 -3.100552 -11.813850 1.166694 -7.402180 14.095953 3.305252 -0.000000 0.000000 0.000000 7.571999 -1.706295 -0.123810 0.883415 11.739089 -1.796985 -6.734746 -9.973530 -1.292626 -0.000000 0.000000 0.000000 4.498034 1.354067 -1.994212 9.382079 -3.273725 4.144503 -3.349395 1.769588 0.820673 -1.492225 -4.656022 -1.733542 -4.628666 9.661851 7.704414 -0.000000 0.000000 0.000000 1.605741 -9.855261 -28.874478 10.407826 -16.026196 -41.538206 5.255781 -21.489837 -2.873757 -11.656067 3.771406 15.448308 2.438632 8.515341 24.530332 4.861556 12.330440 42.547587 7.856133 23.021345 3.817335 -4.940513 -2.561118 -13.810222 
3.691540 96.339720 -50.908601 -5.976506 0.030047 -1.667440 10.416057 7.057845 4.853075 -3.096009 -11.826290 1.163724 -7.397619 14.084194 3.303260 -0.000000 0.000000 0.000000 7.577997 -1.707374 -0.129642 0.882540 11.728610 -1.797009 -6.729694 -9.995171 -1.295179 -0.000000 0.000000 0.000000 4.498848 1.352949 -1.994318 9.382693 -3.285678 4.146387 -3.353366 1.768567 0.819876 -1.473993 -4.663083 -1.742239 -4.572480 9.667251 7.683015 -0.000000 0.000000 0.000000 1.596371 -9.875821 -28.859878 10.367591 -16.086247 -41.566783 5.243080 -21.466739 -2.864870 -11.681852 3.790764 15.407739 2.439636 8.508890 24.526368 4.860895 12.343630 42.556561 7.825368 23.002781 3.807674 -4.972032 -2.575572 -13.793000 
3.691660 96.339625 -50.918096 -5.983092 0.041974 -1.663192 10.418631 7.053052 4.851577 -3.098920 -11.829021 1.161540 -7.392230 14.078528 3.301961 -0.000000 0.000000 0.000000 7.575901 -1.707764 -0.132833 0.888381 11.721725 -1.797126 -6.725932 -9.998879 -1.295900 -0.000000 0.000000 0.000000 4.499192 1.351009 -1.992091 9.373717 -3.290455 4.146851 -3.356026 1.765889 0.819518 -1.460328 -4.670895 -1.741205 -4.546176 9.666206 7.674210 -0.000000 0.000000 0.000000 1.596422 -9.881045 -28.849183 10.351030 -16.110007 -41.592109 5.256800 -21.448782 -2.851090 -11.675557 3.799870 15.419034 2.437834 8.508309 24.521605 4.862899 12.348249 42.565550 7.829867 22.999530 3.808744 -4.976608 -2.575692 -13.794322 
3.692000 96.340019 -50.932699 -5.989288 0.063198 -1.658130 10.410389 7.045426 4.851139 -3.097673 -11.829385 1.159575 -7.379659 14.069209 3.298355 -0.000000 0.000000 0.000000 7.574086 -1.708677 -0.139428 0.887567 11.716147 -1.797233 -6.720028 -10.005359 -1.296426 -0.000000 0.000000 0.000000 4.499500 1.349333 -1.985077 9.354912 -3.297073 4.147142 -3.360725 1.758850 0.818838 -1.434827 -4.695114 -1.723247 -4.445978 9.660359 7.644756 -0.000000 0.000000 0.000000 1.599491 -9.878867 -28.838236 10.333707 -16.152141 -41.630616 5.285135 -21.417641 -2.827891 -11.645320 3.808454 15.419179 2.435636 8.503931 24.523280 4.878915 12.361891 42.567588 7.830845 22.995376 3.796680 -4.989316 -2.575388 -13.795291 
3.692510 96.341020 -50.947899 -5.990475 0.075260 -1.655042 10.394039 7.039745 4.848037 -3.092446 -11.829293 1.158000 -7.368482 14.068482 3.296152 -0.000000 0.000000 0.000000 7.557586 -1.709209 -0.144431 0.900757 11.717625 -1.799251 -6.712151 -10.013685 -1.296934 -0.000000 0.000000 0.000000 4.500435 1.347521 -1.977344 9.318796 -3.301049 4.145897 -3.381877 1.749473 0.817692 -1.428376 -4.748998 -1.683808 -4.272977 9.646814 7.612618 -0.000000 0.000000 0.000000 1.599148 -9.850410 -28.865865 10.359429 -16.182144 -41.616355 5.284702 -21.391379 -2.838964 -11.646697 3.800679 15.396963 2.421647 8.475410 24.562345 4.905921 12.379218 42.542273 7.767564 22.965993 3.804139 -4.990609 -2.579422 -13.795531 
3.693150 96.341920 -50.961798 -5.991893 0.068026 -1.655029 10.381745 7.036673 4.844358 -3.077791 -11.828678 1.157627 -7.366684 14.067867 3.298114 -0.000000 0.000000 0.000000 7.535862 -1.709572 -0.149636 0.925284 11.731981 -1.798857 -6.710929 -10.023999 -1.298908 -0.000000 0.000000 0.000000 4.513390 1.344040 -1.965029 9.276606 -3.305215 4.144195 -3.412994 1.743030 0.806985 -1.470680 -4.813268 -1.619555 -4.090002 9.609263 7.577895 -0.000000 0.000000 0.000000 1.596096 -9.831004 -28.905278 10.407000 -16.190043 -41.589225 5.316552 -21.328346 -2.822846 -11.601215 3.800874 15.371892 2.401190 8.469718 24.614309 4.937872 12.405493 42.525134 7.726624 22.902925 3.794633 -4.991485 -2.586361 -13.795524 
3.693840 96.342820 -50.974399 -5.993247 0.054137 -1.655891 10.382061 7.035010 4.836152 -3.069312 -11.824620 1.157762 -7.367089 14.066629 3.306300 -0.000000 0.000000 0.000000 7.532000 -1.709603 -0.151379 0.929396 11.750875 -1.797743 -6.708224 -10.023200 -1.299436 -0.000000 0.000000 0.000000 4.531236 1.338557 -1.944791 9.243119 -3.308570 4.142754 -3.432653 1.737901 0.795755 -1.531176 -4.843895 -1.587491 -4.007366 9.597860 7.562043 -0.000000 0.000000 0.000000 1.588690 -9.831651 -28.940226 10.445789 -16.171528 -41.558109 5.318155 -21.280375 -2.824026 -11.589927 3.813019 15.376384 2.383611 8.479195 24.645058 4.957248 12.421760 42.519876 7.710169 22.916494 3.799491 -4.992948 -2.598554 -13.785793 
3.694550 96.343720 -50.988001 -5.994548 0.035919 -1.657390 10.361356 7.034122 4.835266 -3.047111 -11.802099 1.161701 -7.365743 14.066568 3.306616 -0.000000 0.000000 0.000000 7.509246 -1.709411 -0.153574 0.942040 11.758198 -1.797021 -6.695463 -10.022504 -1.298406 -0.000000 0.000000 0.000000 4.542531 1.331287 -1.926465 9.210569 -3.311732 4.141002 -3.447904 1.730510 0.789355 -1.629099 -4.864382 -1.563170 -3.981996 9.552100 7.543795 -0.000000 0.000000 0.000000 1.585061 -9.832062 -28.955198 10.480111 -16.149409 -41.533266 5.315919 -21.246970 -2.826654 -11.575571 3.801693 15.345390 2.365369 8.486787 24.652100 4.961907 12.425305 42.515731 7.668033 22.942469 3.814033 -4.993610 -2.603179 -13.753472 
3.695210 96.344620 -50.999099 -5.995537 0.024986 -1.658312 10.343848 7.035984 4.836090 -3.029664 -11.787593 1.164219 -7.365493 14.069150 3.307005 -0.000000 0.000000 0.000000 7.496460 -1.709307 -0.155101 0.941246 11.762651 -1.794528 -6.695154 -10.021095 -1.299441 -0.000000 0.000000 0.000000 4.557509 1.321625 -1.907948 9.182067 -3.314507 4.139211 -3.451784 1.720486 0.792513 -1.757496 -4.871130 -1.552626 -4.002408 9.515784 7.519990 -0.000000 0.000000 0.000000 1.578136 -9.854628 -28.945024 10.490543 -16.137541 -41.542419 5.306919 -21.216475 -2.821827 -11.599294 3.812249 15.361341 2.349342 8.503718 24.653897 4.950959 12.413592 42.513321 7.626977 22.978836 3.821548 -5.021679 -2.608817 -13.728280 
3.695760 96.345520 -51.010698 -5.996499 0.013658 -1.659474 10.332414 7.038660 4.836733 -3.015414 -11.772952 1.166774 -7.366154 14.065753 3.306519 -0.000000 0.000000 0.000000 7.480546 -1.708883 -0.156314 0.958006 11.766138 -1.794545 -6.692153 -10.019869 -1.300272 -0.000000 0.000000 0.000000 4.563715 1.315463 -1.901235 9.164627 -3.316407 4.138022 -3.455909 1.712879 0.794162 -1.855527 -4.871221 -1.531320 -4.088018 9.467907 7.533540 -0.000000 0.000000 0.000000 1.571392 -9.896198 -28.918850 10.498300 -16.128282 -41.548880 5.320283 -21.208344 -2.814535 -11.608415 3.804966 15.351160 2.332938 8.542557 24.633154 4.945003 12.415428 42.533567 7.634356 22.998756 3.814090 -5.058891 -2.605437 -13.738657 
3.696150 96.346521 -51.019800 -5.996037 -0.006091 -1.661715 10.325968 7.043927 4.836560 -3.010611 -11.761917 1.173248 -7.370305 14.061414 3.306427 -0.000000 0.000000 0.000000 7.469789 -1.697719 -0.153846 0.964498 11.778040 -1.795223 -6.691686 -10.018595 -1.301923 -0.000000 0.000000 0.000000 4.567881 1.304207 -1.894414 9.111956 -3.320758 4.134933 -3.459937 1.710041 0.794686 -1.917206 -4.878959 -1.489534 -4.097994 9.438818 7.534411 -0.000000 0.000000 0.000000 1.561021 -9.894383 -28.904812 10.509673 -16.117513 -41.534013 5.315280 -21.189625 -2.811615 -11.640573 3.799066 15.278381 2.315147 8.556759 24.617556 4.950523 12.457007 42.554739 7.682397 22.952637 3.799825 -5.043868 -2.621060 -13.732174 
3.692010 96.347523 -51.027501 -5.976198 -0.014045 -1.664262 10.313566 7.058306 4.837029 -3.040216 -11.748354 1.181159 -7.353222 14.057469 3.301034 -0.000000 0.000000 0.000000 7.439859 -1.688733 -0.141948 0.964339 11.785144 -1.795638 -6.689382 -10.017266 -1.302640 -0.000000 0.000000 0.000000 4.542224 1.289399 -1.891886 9.063529 -3.324695 4.132454 -3.463458 1.707562 0.795180 -1.941219 -4.900965 -1.447748 -4.080108 9.408471 7.553187 -0.000000 0.000000 0.000000 1.547353 -9.871960 -28.904107 10.517815 -16.112618 -41.499899 5.280820 -21.153261 -2.824290 -11.603569 3.819980 15.293384 2.303834 8.544890 24.617530 4.966466 12.472538 42.562498 7.643903 22.931939 3.811779 -5.086864 -2.628735 -13.755409 
3.687430 96.348518 -51.031798 -5.956933 -0.014411 -1.671154 10.302846 7.063664 4.844779 -3.064973 -11.736560 1.188256 -7.342642 14.044607 3.295794 -0.000000 0.000000 0.000000 7.415420 -1.683873 -0.135120 0.964346 11.779344 -1.795140 -6.687993 -10.017094 -1.297283 -0.000000 0.000000 0.000000 4.504473 1.282006 -1.891658 9.008701 -3.327878 4.136924 -3.456636 1.704437 0.798176 -1.952036 -4.937323 -1.418965 -4.073700 9.370208 7.582987 -0.000000 0.000000 0.000000 1.538014 -9.841591 -28.877950 10.517125 -16.114221 -41.492527 5.260402 -21.138931 -2.833121 -11.587921 3.838530 15.317608 2.297217 8.510354 24.606358 4.973584 12.473514 42.561461 7.642656 22.949559 3.831545 -5.089781 -2.632376 -13.756611 
3.682150 96.349525 -51.036495 -5.936046 0.002162 -1.679730 10.277427 7.061549 4.851334 -3.072022 -11.718385 1.196784 -7.326195 14.020075 3.279332 -0.000000 0.000000 0.000000 7.386861 -1.678567 -0.121719 0.968701 11.761506 -1.794746 -6.686965 -10.021256 -1.287995 -0.000000 0.000000 0.000000 4.479516 1.272459 -1.896950 8.928260 -3.333053 4.138513 -3.436132 1.694446 0.813559 -1.945859 -4.964496 -1.387414 -4.099307 9.303523 7.606234 -0.000000 0.000000 0.000000 1.530889 -9.798247 -28.812074 10.502902 -16.126634 -41.521430 5.250361 -21.154947 -2.841872 -11.568107 3.810177 15.280591 2.287718 8.477658 24.566044 4.990366 12.489257 42.573528 7.687172 22.961533 3.825396 -5.133553 -2.606547 -13.707554 
3.676770 96.354228 -51.046598 -5.899502 0.042787 -1.675869 10.215565 7.039353 4.861624 -3.060288 -11.711220 1.205146 -7.308619 14.000490 3.259517 -0.000000 0.000000 0.000000 7.343460 -1.672497 -0.104906 0.971636 11.737708 -1.794232 -6.668084 -10.046280 -1.271041 -0.000000 0.000000 0.000000 4.459006 1.260151 -1.928219 8.812967 -3.340180 4.141266 -3.400556 1.678899 0.846663 -1.928512 -5.012456 -1.362464 -4.130811 9.250972 7.653651 -0.000000 0.000000 0.000000 1.527201 -9.753704 -28.723172 10.476165 -16.168895 -41.578863 5.255322 -21.159562 -2.868010 -11.593951 3.816096 15.259824 2.275471 8.429701 24.531100 4.990147 12.502452 42.564549 7.714876 22.928414 3.850614 -5.126975 -2.620150 -13.708682 
3.672080 96.360123 -51.058298 -5.844042 0.072852 -1.672522 10.144914 7.015572 4.869073 -3.063290 -11.689575 1.213855 -7.278823 13.977590 3.233993 -0.000000 0.000000 0.000000 7.283653 -1.665709 -0.102118 0.968780 11.702784 -1.793547 -6.652924 -10.057496 -1.245165 -0.000000 0.000000 0.000000 4.418377 1.249828 -1.955704 8.680800 -3.350047 4.132229 -3.358935 1.672498 0.872549 -1.871017 -5.069159 -1.324062 -4.154891 9.194024 7.728168 -0.000000 0.000000 0.000000 1.525840 -9.691834 -28.622690 10.454788 -16.220172 -41.649608 5.267898 -21.150537 -2.881310 -11.605820 3.804942 15.247514 2.266248 8.378613 24.473455 4.962361 12.534143 42.596282 7.737553 22.828499 3.869630 -5.088528 -2.629895 -13.717023 
3.669970 96.364725 -51.069099 -5.780992 0.094101 -1.669833 10.062713 6.991409 4.868504 -3.059540 -11.665329 1.217942 -7.256894 13.956262 3.221026 -0.000000 0.000000 0.000000 7.205281 -1.659784 -0.103592 0.971809 11.674081 -1.792849 -6.636004 -10.060521 -1.222066 -0.000000 0.000000 0.000000 4.370183 1.248569 -1.971598 8.550592 -3.361274 4.112129 -3.319812 1.672081 0.884444 -1.803738 -5.141507 -1.287775 -4.156073 9.140515 7.804612 -0.000000 0.000000 0.000000 1.526403 -9.633084 -28.549357 10.459078 -16.248279 -41.683389 5.222884 -21.183986 -2.916508 -11.653683 3.775619 15.256809 2.259109 8.330166 24.402340 4.939484 12.551004 42.640924 7.703909 22.784603 3.902157 -5.101283 -2.625668 -13.711230 
3.668030 96.369421 -51.078498 -5.725654 0.099332 -1.668871 10.002615 6.961800 4.864491 -3.069739 -11.643629 1.223002 -7.229159 13.949550 3.200216 -0.000000 0.000000 0.000000 7.146650 -1.648801 -0.105384 0.953962 11.656756 -1.789230 -6.621244 -10.062989 -1.196263 -0.000000 0.000000 0.000000 4.315005 1.249472 -1.968061 8.446901 -3.367086 4.091536 -3.288042 1.672450 0.889050 -1.732634 -5.218929 -1.272622 -4.155407 9.082010 7.863292 -0.000000 0.000000 0.000000 1.517846 -9.588744 -28.497512 10.459180 -16.290032 -41.705280 5.217267 -21.161109 -2.950385 -11.660297 3.764208 15.240186 2.260167 8.296634 24.334739 4.934296 12.553361 42.647049 7.658639 22.815048 3.937769 -5.168879 -2.604855 -13.746852 
3.666110 96.374422 -51.086497 -5.698717 0.097665 -1.665954 9.980821 6.926862 4.856531 -3.085132 -11.625435 1.233236 -7.201111 13.959527 3.185489 -0.000000 0.000000 0.000000 7.116300 -1.641166 -0.106197 0.942995 11.649318 -1.786092 -6.591578 -10.066779 -1.164761 -0.000000 0.000000 0.000000 4.270934 1.250366 -1.962487 8.373074 -3.366199 4.064113 -3.252412 1.673522 0.886971 -1.650405 -5.307841 -1.273528 -4.180739 9.019003 7.921382 -0.000000 0.000000 0.000000 1.510813 -9.574639 -28.431595 10.437063 -16.334182 -41.753732 5.251052 -21.107513 -2.939987 -11.646784 3.775845 15.231976 2.258494 8.290548 24.247726 4.891445 12.578132 42.669850 7.687964 22.789743 3.961413 -5.191986 -2.615479 -13.719715 
3.663690 96.380019 -51.096803 -5.680781 0.088458 -1.661081 9.947925 6.892225 4.846918 -3.062947 -11.602708 1.237484 -7.187853 13.973264 3.180249 -0.000000 0.000000 0.000000 7.074528 -1.628293 -0.108180 0.964667 11.647910 -1.790395 -6.583753 -10.076092 -1.148849 -0.000000 0.000000 0.000000 4.245753 1.250806 -1.953862 8.297352 -3.365668 4.033698 -3.214404 1.674733 0.884256 -1.570545 -5.395773 -1.287948 -4.188833 8.957533 7.962728 -0.000000 0.000000 0.000000 1.511448 -9.562853 -28.355915 10.424024 -16.360232 -41.798382 5.246646 -21.091612 -2.957417 -11.684883 3.766289 15.244918 2.252714 8.300297 24.157014 4.836997 12.599256 42.699965 7.675466 22.762126 4.003755 -5.158644 -2.628249 -13.739912 
3.662110 96.384722 -51.108795 -5.666212 0.083366 -1.653272 9.904722 6.875436 4.836951 -3.019352 -11.576403 1.244961 -7.183629 13.974038 3.176173 -0.000000 0.000000 0.000000 7.026419 -1.613346 -0.113496 1.009089 11.643459 -1.798519 -6.582612 -10.088023 -1.136130 -0.000000 0.000000 0.000000 4.232067 1.250706 -1.943331 8.217489 -3.374119 4.001045 -3.177708 1.676899 0.881764 -1.496423 -5.462471 -1.300626 -4.163380 8.905902 7.984497 -0.000000 0.000000 0.000000 1.518860 -9.555478 -28.281195 10.436279 -16.389064 -41.810698 5.287298 -21.094454 -2.990711 -11.711331 3.747871 15.209000 2.252544 8.303659 24.062665 4.800626 12.634541 42.730990 7.644493 22.774014 4.034206 -5.233263 -2.620831 -13.746916 
3.660670 96.389025 -51.116598 -5.657994 0.080577 -1.643374 9.877585 6.870786 4.828628 -2.995005 -11.557602 1.247129 -7.174405 13.961042 3.169369 -0.000000 0.000000 0.000000 7.001361 -1.616739 -0.131760 1.025613 11.638611 -1.801851 -6.579093 -10.090312 -1.117788 -0.000000 0.000000 0.000000 4.201205 1.248045 -1.922973 8.159126 -3.381559 3.968249 -3.138996 1.678737 0.879900 -1.412176 -5.521585 -1.324284 -4.148195 8.867112 8.002622 -0.000000 0.000000 0.000000 1.525551 -9.562171 -28.211329 10.441063 -16.406039 -41.824964 5.321528 -21.080598 -3.021692 -11.723180 3.745993 15.191138 2.255197 8.312860 23.954752 4.751939 12.653501 42.767029 7.622654 22.810108 4.086436 -5.248136 -2.635814 -13.760663 
3.659260 96.393120 -51.122296 -5.647001 0.077779 -1.630110 9.851773 6.865659 4.814769 -2.972626 -11.546015 1.250600 -7.166675 13.956359 3.163720 -0.000000 0.000000 0.000000 6.977990 -1.620454 -0.146870 1.033388 11.628361 -1.802190 -6.578996 -10.091580 -1.102666 -0.000000 0.000000 0.000000 4.165512 1.235085 -1.905151 8.103095 -3.388701 3.937750 -3.106605 1.675489 0.878339 -1.316959 -5.569406 -1.360956 -4.186166 8.848261 8.031637 -0.000000 0.000000 0.000000 1.532824 -9.562512 -28.161609 10.457322 -16.398436 -41.832286 5.340510 -21.058427 -3.037524 -11.717447 3.738050 15.225738 2.255028 8.325528 23.868958 4.726730 12.691200 42.784681 7.677826 22.824569 4.088856 -5.298878 -2.609814 -13.739520 
3.657710 96.395725 -51.127702 -5.639421 0.074804 -1.616577 9.837248 6.856215 4.799093 -2.966581 -11.538098 1.250817 -7.162608 13.959709 3.158018 -0.000000 0.000000 0.000000 6.961270 -1.611655 -0.151982 1.042162 11.626678 -1.803299 -6.579782 -10.092192 -1.091528 -0.000000 0.000000 0.000000 4.152162 1.229211 -1.900649 8.039116 -3.394872 3.917854 -3.082725 1.674650 0.877519 -1.243741 -5.619540 -1.401678 -4.183175 8.840320 8.046324 -0.000000 0.000000 0.000000 1.543381 -9.539749 -28.132040 10.474633 -16.389631 -41.825426 5.346152 -21.043010 -3.051686 -11.731481 3.730399 15.228493 2.244577 8.310632 23.829955 4.716561 12.704584 42.762719 7.677770 22.841489 4.088594 -5.310181 -2.603458 -13.736709 
3.655900 96.398127 -51.133299 -5.628704 0.069808 -1.620240 9.824961 6.841572 4.803494 -2.968958 -11.532504 1.257269 -7.149103 13.963082 3.149431 -0.000000 0.000000 0.000000 6.943601 -1.598881 -0.148809 1.037105 11.625742 -1.802396 -6.565699 -10.093288 -1.079454 -0.000000 0.000000 0.000000 4.137867 1.230010 -1.897959 7.982414 -3.398224 3.914813 -3.061743 1.673938 0.877215 -1.191083 -5.659392 -1.423753 -4.173312 8.830086 8.060310 -0.000000 0.000000 0.000000 1.547405 -9.508857 -28.103280 10.482320 -16.385934 -41.819725 5.331773 -21.017469 -3.079816 -11.760432 3.722461 15.222296 2.235765 8.289745 23.798827 4.708745 12.723559 42.742702 7.647723 22.805254 4.098079 -5.362216 -2.590062 -13.773071 
3.653250 96.400523 -51.138800 -5.608562 0.063214 -1.631940 9.802607 6.831028 4.809755 -2.966453 -11.522320 1.269421 -7.146100 13.964701 3.143389 -0.000000 0.000000 0.000000 6.920058 -1.592525 -0.137897 1.032114 11.625157 -1.797075 -6.563084 -10.094430 -1.068597 -0.000000 0.000000 0.000000 4.101843 1.232307 -1.893776 7.953677 -3.399303 3.914508 -3.053533 1.672725 0.884205 -1.138333 -5.690807 -1.448674 -4.175316 8.821255 8.090623 -0.000000 0.000000 0.000000 1.549939 -9.496934 -28.085637 10.497852 -16.374914 -41.805991 5.366772 -21.009363 -3.094078 -11.719756 3.738760 15.188405 2.240716 8.283207 23.772165 4.695965 12.694973 42.708289 7.631308 22.794409 4.134357 -5.323389 -2.603071 -13.759532 
3.648210 96.402925 -51.144201 -5.594499 0.061088 -1.639215 9.775720 6.826263 4.814438 -2.951690 -11.513333 1.277354 -7.145097 13.965737 3.138999 -0.000000 0.000000 0.000000 6.900257 -1.590760 -0.130083 1.033528 11.624349 -1.794109 -6.549074 -10.096204 -1.055737 -0.000000 0.000000 0.000000 4.084547 1.233889 -1.891702 7.938464 -3.399144 3.914836 -3.046510 1.671419 0.891476 -1.130861 -5.699821 -1.452649 -4.208837 8.810122 8.124810 -0.000000 0.000000 0.000000 1.544557 -9.500397 -28.069049 10.508947 -16.366779 -41.788339 5.403485 -21.018970 -3.096333 -11.711833 3.742614 15.176916 2.246570 8.289630 23.753505 4.701656 12.680900 42.694344 7.664075 22.784920 4.144698 -5.303750 -2.611440 -13.738254 
3.639770 96.406627 -51.158899 -5.578624 0.061072 -1.645301 9.726648 6.821562 4.821060 -2.910296 -11.507780 1.287568 -7.141371 13.967286 3.129330 -0.000000 0.000000 0.000000 6.866080 -1.588753 -0.117389 1.046094 11.623181 -1.792606 -6.545935 -10.100388 -1.048214 -0.000000 0.000000 0.000000 4.099715 1.234007 -1.905366 7.903770 -3.388956 3.908164 -3.015878 1.669510 0.912876 -1.179068 -5.685376 -1.454460 -4.300655 8.783737 8.175525 -0.000000 0.000000 0.000000 1.536709 -9.517265 -28.031245 10.512795 -16.348543 -41.771194 5.378234 -21.050365 -3.123639 -11.744964 3.729080 15.208292 2.250906 8.310583 23.725658 4.719238 12.643158 42.679351 7.700655 22.825988 4.174688 -5.295419 -2.604676 -13.773971 
3.636830 96.411622 -51.170397 -5.570034 0.070000 -1.645752 9.699362 6.818825 4.825060 -2.896529 -11.503128 1.292240 -7.127570 13.969408 3.114766 -0.000000 0.000000 0.000000 6.842332 -1.587796 -0.110826 1.058529 11.620731 -1.789778 -6.526790 -10.107815 -1.032916 -0.000000 0.000000 0.000000 4.129075 1.233385 -1.910564 7.872404 -3.381854 3.892761 -2.970313 1.667672 0.931275 -1.266651 -5.639886 -1.460673 -4.401060 8.756109 8.196051 -0.000000 0.000000 0.000000 1.534235 -9.540269 -27.970579 10.486979 -16.337590 -41.795923 5.359083 -21.048872 -3.137730 -11.766709 3.731052 15.215524 2.253732 8.332457 23.700325 4.709379 12.617008 42.697039 7.715314 22.833955 4.189624 -5.318973 -2.620864 -13.758598 
3.636100 96.415728 -51.183301 -5.546910 0.076434 -1.646175 9.660577 6.815177 4.830346 -2.897383 -11.500541 1.293969 -7.106201 13.971452 3.100840 -0.000000 0.000000 0.000000 6.804218 -1.586421 -0.103030 1.063590 11.610076 -1.789452 -6.516663 -10.114496 -1.022869 -0.000000 0.000000 0.000000 4.138110 1.223721 -1.910216 7.842997 -3.383864 3.868368 -2.939673 1.661416 0.936468 -1.307708 -5.604212 -1.483368 -4.529969 8.740544 8.241256 -0.000000 0.000000 0.000000 1.527167 -9.579442 -27.930943 10.505295 -16.313202 -41.770996 5.401305 -21.046014 -3.175632 -11.749050 3.718524 15.206481 2.255698 8.369117 23.646858 4.705660 12.620794 42.764445 7.802139 22.797173 4.197736 -5.332609 -2.630937 -13.758199 
3.635540 96.418625 -51.190603 -5.528265 0.076425 -1.647093 9.640960 6.813177 4.833346 -2.909652 -11.498960 1.293009 -7.092926 13.972574 3.093303 -0.000000 0.000000 0.000000 6.789000 -1.584712 -0.094365 1.044920 11.615303 -1.784786 -6.500397 -10.125117 -1.016229 -0.000000 0.000000 0.000000 4.148639 1.213140 -1.894778 7.794234 -3.386831 3.834886 -2.915104 1.659115 0.935536 -1.327729 -5.593273 -1.501282 -4.559562 8.740463 8.242399 -0.000000 0.000000 0.000000 1.520921 -9.596892 -27.913482 10.553144 -16.297099 -41.742440 5.444388 -21.023087 -3.177480 -11.728654 3.722880 15.196205 2.255267 8.385210 23.600321 4.740398 12.628616 42.823516 7.866248 22.799663 4.217478 -5.352527 -2.665330 -13.744583 
3.635130 96.421427 -51.197797 -5.515983 0.075309 -1.648122 9.625679 6.811650 4.835790 -2.913471 -11.497029 1.294544 -7.079626 13.973236 3.088140 -0.000000 0.000000 0.000000 6.772666 -1.575323 -0.093931 1.040953 11.627044 -1.783577 -6.493766 -10.138976 -1.014085 -0.000000 0.000000 0.000000 4.169368 1.201470 -1.878198 7.752462 -3.390068 3.802348 -2.898485 1.655590 0.926488 -1.377015 -5.595963 -1.523092 -4.502697 8.735947 8.219587 -0.000000 0.000000 0.000000 1.514527 -9.593891 -27.906664 10.567314 -16.270584 -41.721168 5.388650 -20.967250 -3.213392 -11.750432 3.717978 15.247404 2.255164 8.390010 23.588124 4.773139 12.634949 42.838291 7.896946 22.837134 4.246473 -5.381097 -2.655862 -13.731998 
3.634850 96.425027 -51.204300 -5.510662 0.070140 -1.649650 9.602347 6.809239 4.839159 -2.885321 -11.493872 1.299556 -7.080306 13.973490 3.086386 -0.000000 0.000000 0.000000 6.755718 -1.568009 -0.094300 1.054267 11.634815 -1.785939 -6.494068 -10.146480 -1.012179 -0.000000 0.000000 0.000000 4.189861 1.196096 -1.870832 7.737154 -3.390595 3.783116 -2.892525 1.650390 0.919197 -1.420997 -5.594220 -1.548398 -4.524310 8.725542 8.213717 -0.000000 0.000000 0.000000 1.511657 -9.596379 -27.908564 10.577399 -16.253185 -41.700548 5.368183 -20.948148 -3.235584 -11.748060 3.717225 15.247493 2.253239 8.396629 23.581591 4.775333 12.638890 42.845141 7.918753 22.848429 4.252182 -5.384011 -2.657091 -13.750844 
3.634690 96.428829 -51.217300 -5.507975 0.057295 -1.652137 9.564769 6.805834 4.844237 -2.833902 -11.478335 1.310988 -7.075411 13.973480 3.083286 -0.000000 0.000000 0.000000 6.718970 -1.565060 -0.091096 1.092709 11.638848 -1.793526 -6.488937 -10.154656 -1.008686 -0.000000 0.000000 0.000000 4.246153 1.184679 -1.855377 7.689514 -3.386419 3.749749 -2.868430 1.646318 0.917975 -1.511069 -5.571112 -1.587990 -4.617454 8.705843 8.206108 -0.000000 0.000000 0.000000 1.503378 -9.618043 -27.877611 10.593317 -16.236406 -41.703532 5.422343 -20.952782 -3.238793 -11.754364 3.716164 15.242798 2.251602 8.413451 23.536237 4.753112 12.637433 42.878298 7.946873 22.841484 4.260282 -5.391226 -2.670322 -13.764306 
3.634610 96.431518 -51.226395 -5.500206 0.036715 -1.662243 9.551931 6.804359 4.846317 -2.831965 -11.456428 1.311735 -7.071517 13.973995 3.075745 -0.000000 0.000000 0.000000 6.692779 -1.561896 -0.086904 1.103899 11.639401 -1.793872 -6.478135 -10.143310 -0.994229 -0.000000 0.000000 0.000000 4.285597 1.182996 -1.845775 7.650956 -3.377934 3.726505 -2.843151 1.641332 0.926945 -1.593923 -5.540575 -1.597082 -4.692932 8.692768 8.200972 -0.000000 0.000000 0.000000 1.488191 -9.641382 -27.847493 10.600894 -16.224928 -41.738124 5.410684 -20.960975 -3.249203 -11.780990 3.706811 15.205967 2.242040 8.445898 23.497845 4.750154 12.628971 42.877324 7.965342 22.859238 4.259579 -5.407820 -2.661928 -13.777737 
3.634610 96.431923 -51.227200 -5.486240 0.030831 -1.670773 9.546036 6.803685 4.847549 -2.849407 -11.446532 1.311963 -7.064978 13.974450 3.066353 -0.000000 0.000000 0.000000 6.678321 -1.559150 -0.083285 1.096237 11.640184 -1.790052 -6.463128 -10.137460 -0.982284 -0.000000 0.000000 0.000000 4.295586 1.181774 -1.843735 7.628499 -3.377284 3.714217 -2.829133 1.637650 0.932840 -1.646939 -5.524846 -1.596278 -4.726692 8.689893 8.201881 -0.000000 0.000000 0.000000 1.478719 -9.651229 -27.838134 10.608474 -16.216237 -41.753851 5.398574 -20.961148 -3.255931 -11.801713 3.703138 15.180489 2.238343 8.456997 23.472042 4.746275 12.628773 42.866751 7.981932 22.859887 4.262022 -5.414280 -2.661528 -13.767218 
3.634660 96.432322 -51.227701 -5.447708 0.033093 -1.679790 9.511654 6.799821 4.851237 -2.871788 -11.442835 1.319404 -7.052889 13.973498 3.061529 -0.000000 0.000000 0.000000 6.644551 -1.555808 -0.071594 1.074699 11.640863 -1.796844 -6.442753 -10.145683 -0.972394 -0.000000 0.000000 0.000000 4.317992 1.180430 -1.837964 7.564134 -3.380455 3.697851 -2.816541 1.636352 0.937628 -1.737462 -5.524228 -1.603028 -4.769179 8.698971 8.206912 -0.000000 0.000000 0.000000 1.465490 -9.654441 -27.838663 10.620920 -16.207455 -41.792583 5.413880 -20.939764 -3.239049 -11.806666 3.704050 15.197112 2.227859 8.452009 23.436000 4.737176 12.620091 42.851191 7.992267 22.859260 4.262299 -5.423233 -2.677659 -13.773300 
3.638130 96.432728 -51.227796 -5.425149 0.036342 -1.682740 9.494839 6.787521 4.847261 -2.884700 -11.443499 1.322579 -7.046648 13.971671 3.059192 -0.000000 0.000000 0.000000 6.633339 -1.554270 -0.071389 1.054881 11.641479 -1.804646 -6.430484 -10.160737 -0.966451 -0.000000 0.000000 0.000000 4.330749 1.179465 -1.834133 7.536380 -3.381686 3.681186 -2.814957 1.635525 0.939336 -1.798887 -5.525608 -1.599860 -4.799216 8.684559 8.210056 -0.000000 0.000000 0.000000 1.454904 -9.666073 -27.838107 10.641566 -16.201439 -41.793454 5.442114 -20.939775 -3.239969 -11.791601 3.686288 15.178184 2.222594 8.464163 23.410905 4.736554 12.601479 42.844030 7.955077 22.862321 4.251970 -5.446936 -2.674779 -13.800865 
3.646670 96.433121 -51.227701 -5.405640 0.042665 -1.685233 9.499715 6.781299 4.844015 -2.926242 -11.445099 1.323654 -7.024958 13.970503 3.053569 -0.000000 0.000000 0.000000 6.632499 -1.553753 -0.071419 1.019365 11.642522 -1.800459 -6.405655 -10.167511 -0.952950 -0.000000 0.000000 0.000000 4.339091 1.178984 -1.831639 7.518189 -3.381249 3.667862 -2.809347 1.635197 0.940564 -1.859486 -5.526259 -1.586154 -4.810291 8.673747 8.210656 -0.000000 0.000000 0.000000 1.439655 -9.681043 -27.837484 10.664034 -16.198346 -41.775753 5.443576 -20.962437 -3.249221 -11.786262 3.676887 15.166963 2.214139 8.475352 23.394909 4.746790 12.584218 42.810351 7.940323 22.887738 4.259053 -5.454162 -2.660084 -13.806382 
3.654990 96.433425 -51.225698 -5.383844 0.046803 -1.693029 9.498835 6.780076 4.842858 -2.973077 -11.447368 1.325559 -7.006686 13.970748 3.049001 -0.000000 0.000000 0.000000 6.618767 -1.554204 -0.072184 1.002465 11.641571 -1.797784 -6.392983 -10.170432 -0.945386 -0.000000 0.000000 0.000000 4.344077 1.180931 -1.830361 7.480710 -3.372667 3.663628 -2.805226 1.635196 0.941560 -1.884631 -5.537074 -1.571740 -4.791277 8.672815 8.207110 -0.000000 0.000000 0.000000 1.424828 -9.674284 -27.830810 10.670452 -16.211208 -41.801806 5.424118 -20.947842 -3.228231 -11.801726 3.681072 15.179218 2.208429 8.477644 23.379490 4.764018 12.590355 42.783663 7.963893 22.875065 4.256775 -5.456704 -2.673339 -13.764789 
3.663670 96.433723 -51.222199 -5.360654 0.053453 -1.696548 9.476738 6.776461 4.844978 -2.978195 -11.447983 1.323732 -7.007392 13.969992 3.049141 -0.000000 0.000000 0.000000 6.596370 -1.560879 -0.072907 0.999697 11.637429 -1.799964 -6.381812 -10.172716 -0.939802 -0.000000 0.000000 0.000000 4.348003 1.187851 -1.836980 7.454275 -3.363403 3.660491 -2.817125 1.635209 0.942829 -1.894224 -5.545082 -1.556669 -4.739244 8.679240 8.198559 -0.000000 0.000000 0.000000 1.414898 -9.645628 -27.827710 10.661585 -16.224759 -41.816203 5.377226 -20.949799 -3.241835 -11.820280 3.702601 15.190267 2.205880 8.465461 23.385917 4.751296 12.588892 42.749959 7.911860 22.807745 4.290209 -5.396128 -2.680880 -13.815935 
3.672100 96.434021 -51.218796 -5.352022 0.069922 -1.696123 9.459838 6.763908 4.848199 -2.968440 -11.448242 1.321536 -7.010147 13.969345 3.050090 -0.000000 0.000000 0.000000 6.588678 -1.563857 -0.073931 1.004718 11.633343 -1.802651 -6.384549 -10.177771 -0.937030 -0.000000 0.000000 0.000000 4.355418 1.198682 -1.850845 7.439929 -3.356378 3.658708 -2.829987 1.635476 0.944074 -1.892131 -5.549370 -1.537519 -4.676710 8.687017 8.187980 -0.000000 0.000000 0.000000 1.409147 -9.624543 -27.829529 10.668617 -16.239763 -41.805176 5.392496 -20.967607 -3.243730 -11.816635 3.684941 15.171187 2.202964 8.456231 23.411859 4.762351 12.580920 42.708668 7.878557 22.789576 4.292511 -5.373121 -2.678685 -13.835624 
3.681620 96.434319 -51.214403 -5.350204 0.082318 -1.695461 9.464080 6.750317 4.848937 -2.968215 -11.455232 1.316049 -7.016666 13.967771 3.060690 -0.000000 0.000000 0.000000 6.591326 -1.564702 -0.075065 1.004736 11.631709 -1.805591 -6.386175 -10.190596 -0.931932 -0.000000 0.000000 0.000000 4.370782 1.211297 -1.852074 7.416683 -3.349521 3.656440 -2.825549 1.636339 0.944690 -1.889224 -5.551819 -1.537197 -4.623539 8.693918 8.172756 -0.000000 0.000000 0.000000 1.410016 -9.616551 -27.815613 10.673888 -16.254826 -41.813450 5.396260 -20.979794 -3.242755 -11.840944 3.691240 15.196936 2.198973 8.452188 23.430867 4.804955 12.580661 42.676447 7.938554 22.830012 4.251889 -5.422594 -2.657465 -13.802856 
3.694110 96.434623 -51.208699 -5.348103 0.096128 -1.694211 9.461056 6.746603 4.840464 -2.966675 -11.458602 1.312522 -7.021226 13.966869 3.065954 -0.000000 0.000000 0.000000 6.590640 -1.565330 -0.076352 1.012100 11.630948 -1.808647 -6.383488 -10.196833 -0.924570 -0.000000 0.000000 0.000000 4.380855 1.213025 -1.851761 7.386782 -3.345915 3.654050 -2.825167 1.637398 0.945051 -1.875213 -5.546755 -1.556066 -4.568937 8.702264 8.141366 -0.000000 0.000000 0.000000 1.410490 -9.596504 -27.794213 10.673250 -16.264246 -41.834467 5.380921 -20.963754 -3.252725 -11.882923 3.696342 15.207523 2.197941 8.446473 23.430229 4.814362 12.608715 42.674172 7.951955 22.834680 4.263634 -5.428701 -2.660315 -13.791495 
3.706010 96.434921 -51.202798 -5.338621 0.109534 -1.692674 9.447788 6.742483 4.831011 -2.956750 -11.462801 1.307452 -7.025252 13.965267 3.077090 -0.000000 0.000000 0.000000 6.581052 -1.566647 -0.086150 1.023133 11.630569 -1.811999 -6.383953 -10.197545 -0.922523 -0.000000 0.000000 0.000000 4.389866 1.214171 -1.850852 7.365617 -3.342511 3.651997 -2.835569 1.638533 0.945112 -1.880726 -5.534287 -1.566835 -4.490225 8.714981 8.098897 -0.000000 0.000000 0.000000 1.413110 -9.570656 -27.792430 10.677659 -16.261178 -41.819264 5.393108 -20.945787 -3.252400 -11.869912 3.706224 15.184304 2.194199 8.431827 23.450526 4.816018 12.642100 42.671121 7.950678 22.832604 4.252839 -5.423762 -2.675219 -13.789135 
3.715750 96.435219 -51.197797 -5.325913 0.114638 -1.691345 9.431035 6.738429 4.823163 -2.942461 -11.467000 1.305992 -7.035478 13.963868 3.086048 -0.000000 0.000000 0.000000 6.569735 -1.568135 -0.094792 1.026122 11.630640 -1.815297 -6.389092 -10.197901 -0.920300 -0.000000 0.000000 0.000000 4.396912 1.215580 -1.849449 7.359815 -3.337907 3.650373 -2.840135 1.640164 0.940315 -1.906188 -5.504712 -1.567428 -4.468070 8.719436 8.076090 -0.000000 0.000000 0.000000 1.415547 -9.567680 -27.781577 10.681142 -16.257735 -41.806708 5.403730 -20.916192 -3.245109 -11.863233 3.687380 15.189992 2.189115 8.434786 23.445441 4.786595 12.659993 42.713588 7.922905 22.807760 4.258982 -5.426280 -2.638756 -13.804081 
3.723780 96.435523 -51.193398 -5.324001 0.105184 -1.690753 9.439003 6.737486 4.819403 -2.944712 -11.461669 1.304518 -7.039834 13.962331 3.099194 -0.000000 0.000000 0.000000 6.566853 -1.569019 -0.098863 1.030437 11.630440 -1.821073 -6.395489 -10.198120 -0.918246 -0.000000 0.000000 0.000000 4.420504 1.220686 -1.839152 7.357205 -3.327135 3.636297 -2.834535 1.644675 0.939539 -1.961291 -5.458774 -1.547257 -4.497540 8.716752 8.059772 -0.000000 0.000000 0.000000 1.407657 -9.576840 -27.757824 10.690424 -16.246223 -41.802124 5.419494 -20.920803 -3.221617 -11.842882 3.710063 15.163260 2.184586 8.461215 23.411778 4.778161 12.692947 42.781889 7.924530 22.852138 4.227866 -5.486719 -2.696017 -13.802836 
3.733700 96.435821 -51.188499 -5.308027 0.088475 -1.690658 9.426671 6.734424 4.814280 -2.942160 -11.446926 1.304770 -7.040169 13.961641 3.104537 -0.000000 0.000000 0.000000 6.548554 -1.569865 -0.103549 1.034425 11.629772 -1.824814 -6.385791 -10.198784 -0.913505 -0.000000 0.000000 0.000000 4.445362 1.227755 -1.831138 7.353785 -3.307529 3.622728 -2.831881 1.655852 0.939290 -2.039145 -5.415399 -1.527548 -4.567741 8.707642 8.055682 -0.000000 0.000000 0.000000 1.390428 -9.571249 -27.751831 10.704444 -16.224604 -41.780151 5.422300 -20.927619 -3.221361 -11.841210 3.697034 15.133833 2.185471 8.476149 23.386691 4.767476 12.692604 42.815542 7.932707 22.924284 4.236320 -5.499736 -2.672444 -13.803292 
3.745350 96.436119 -51.181400 -5.289002 0.089658 -1.689206 9.409798 6.729651 4.802436 -2.938250 -11.444291 1.303897 -7.043309 13.960755 3.113123 -0.000000 0.000000 0.000000 6.531681 -1.570784 -0.109831 1.035469 11.628717 -1.826828 -6.385569 -10.199449 -0.911982 -0.000000 0.000000 0.000000 4.451182 1.229326 -1.831434 7.350174 -3.304256 3.614996 -2.816529 1.659268 0.938406 -2.105037 -5.387571 -1.504528 -4.647413 8.694774 8.085098 -0.000000 0.000000 0.000000 1.381711 -9.587570 -27.731483 10.692807 -16.207121 -41.787010 5.404823 -20.916128 -3.235591 -11.826745 3.711385 15.127249 2.178567 8.496112 23.370561 4.738419 12.699104 42.843288 7.928360 22.950427 4.235664 -5.531306 -2.681638 -13.790932 
3.755170 96.436423 -51.169699 -5.264059 0.092406 -1.688268 9.407895 6.726513 4.793207 -2.965952 -11.444034 1.297057 -7.046118 13.960864 3.114452 -0.000000 0.000000 0.000000 6.523865 -1.572404 -0.119850 1.010705 11.619896 -1.825881 -6.383608 -10.200874 -0.905532 -0.000000 0.000000 0.000000 4.447453 1.230197 -1.832072 7.323111 -3.306963 3.612426 -2.800453 1.662310 0.937613 -2.100133 -5.387237 -1.494894 -4.687748 8.688228 8.105869 -0.000000 0.000000 0.000000 1.383336 -9.588708 -27.712799 10.712163 -16.212441 -41.785853 5.449015 -20.900300 -3.227276 -11.851648 3.687531 15.157292 2.185148 8.487083 23.343800 4.723354 12.689315 42.889960 7.963134 22.951380 4.219814 -5.510290 -2.697877 -13.802601 
3.766360 96.436822 -51.151699 -5.245274 0.099389 -1.687114 9.411916 6.723212 4.782891 -2.990899 -11.450702 1.300916 -7.048915 13.959885 3.121233 -0.000000 0.000000 0.000000 6.524910 -1.572713 -0.121132 0.996723 11.619447 -1.833683 -6.387820 -10.209437 -0.902503 -0.000000 0.000000 0.000000 4.422654 1.232006 -1.832712 7.319770 -3.308541 3.612986 -2.797129 1.665628 0.937351 -2.069016 -5.395129 -1.488345 -4.680712 8.689406 8.116555 -0.000000 0.000000 0.000000 1.395002 -9.569370 -27.701477 10.719309 -16.211878 -41.775329 5.468137 -20.903490 -3.246382 -11.825869 3.694479 15.143901 2.191889 8.471129 23.327442 4.716873 12.695813 42.907400 7.914395 22.926515 4.251838 -5.534226 -2.689770 -13.798102 
3.777550 96.437120 -51.130998 -5.239462 0.117651 -1.684979 9.417683 6.709474 4.773577 -2.994322 -11.463664 1.304250 -7.064130 13.967893 3.130608 -0.000000 0.000000 0.000000 6.541983 -1.573781 -0.126815 0.984236 11.614671 -1.839761 -6.384991 -10.223311 -0.900414 -0.000000 0.000000 0.000000 4.391422 1.239673 -1.833922 7.339354 -3.307643 3.624413 -2.794731 1.666757 0.937159 -2.037691 -5.418401 -1.486492 -4.664695 8.691540 8.136087 -0.000000 0.000000 0.000000 1.396783 -9.559614 -27.721662 10.721068 -16.192400 -41.735725 5.431253 -20.904240 -3.273465 -11.846121 3.680244 15.127733 2.195439 8.455477 23.346813 4.724869 12.668637 42.876635 7.905029 22.953551 4.267588 -5.506524 -2.669020 -13.777532 
3.786500 96.437526 -51.108497 -5.238870 0.129931 -1.683456 9.440660 6.703617 4.768301 -3.000999 -11.470763 1.306912 -7.070660 13.968744 3.135320 -0.000000 0.000000 0.000000 6.563289 -1.574690 -0.132383 0.983653 11.608884 -1.839998 -6.390636 -10.226668 -0.895355 -0.000000 0.000000 0.000000 4.362085 1.252950 -1.835709 7.355245 -3.309161 3.631921 -2.788173 1.667842 0.936996 -1.972249 -5.427013 -1.491599 -4.672591 8.691932 8.140085 -0.000000 0.000000 0.000000 1.397711 -9.559383 -27.713469 10.710682 -16.198818 -41.742816 5.419713 -20.892777 -3.266568 -11.806855 3.679437 15.188424 2.194949 8.457811 23.337014 4.743445 12.655296 42.885007 7.890139 22.931667 4.263202 -5.525657 -2.668283 -13.778042 
3.794670 96.437919 -51.085401 -5.238382 0.132925 -1.682830 9.461146 6.704571 4.761950 -3.013224 -11.473486 1.305992 -7.076604 13.969414 3.139161 -0.000000 0.000000 0.000000 6.580769 -1.575244 -0.133448 0.979432 11.604398 -1.841675 -6.394725 -10.229622 -0.886834 -0.000000 0.000000 0.000000 4.334401 1.252242 -1.845291 7.352122 -3.311001 3.634927 -2.773693 1.668981 0.936762 -1.901259 -5.420519 -1.494663 -4.647788 8.697635 8.138441 -0.000000 0.000000 0.000000 1.409469 -9.544736 -27.683565 10.697836 -16.216853 -41.766323 5.430268 -20.873007 -3.268802 -11.793105 3.692685 15.141073 2.202850 8.443702 23.319398 4.751151 12.654753 42.907764 7.878158 22.884018 4.259979 -5.508343 -2.682271 -13.785101 
3.797470 96.438324 -51.062596 -5.230615 0.146641 -1.681268 9.471141 6.704187 4.758455 -3.027693 -11.475419 1.302611 -7.078871 13.969886 3.141092 -0.000000 0.000000 0.000000 6.578477 -1.575618 -0.136479 0.985113 11.594755 -1.847214 -6.398478 -10.232873 -0.879320 -0.000000 0.000000 0.000000 4.306446 1.253258 -1.863664 7.340226 -3.313492 3.634773 -2.757476 1.669959 0.940081 -1.839686 -5.411528 -1.491848 -4.624577 8.718588 8.162811 -0.000000 0.000000 0.000000 1.421365 -9.531358 -27.645909 10.694805 -16.238236 -41.771531 5.435001 -20.888886 -3.295922 -11.819459 3.689527 15.120694 2.219874 8.411089 23.295251 4.754602 12.644843 42.942544 7.858135 22.870866 4.269238 -5.525518 -2.698957 -13.778445 
3.798140 96.438819 -51.044297 -5.216315 0.163850 -1.679444 9.459428 6.693273 4.758295 -3.013483 -11.476707 1.302696 -7.081093 13.970434 3.142348 -0.000000 0.000000 0.000000 6.577509 -1.576100 -0.139643 1.002467 11.583839 -1.853005 -6.404401 -10.236566 -0.877637 -0.000000 0.000000 0.000000 4.288029 1.254537 -1.877735 7.331306 -3.315827 3.633431 -2.754794 1.671045 0.937094 -1.798790 -5.406746 -1.491857 -4.593889 8.726860 8.180585 -0.000000 0.000000 0.000000 1.427470 -9.512598 -27.623343 10.696843 -16.249662 -41.755398 5.422837 -20.905721 -3.315381 -11.827244 3.680781 15.132526 2.232976 8.383620 23.285140 4.778804 12.636673 42.963361 7.843214 22.911466 4.280428 -5.580767 -2.689895 -13.788688 
3.798520 96.439224 -51.029599 -5.200339 0.168246 -1.678839 9.449216 6.685037 4.757364 -3.008728 -11.477686 1.298867 -7.081714 13.971241 3.142900 -0.000000 0.000000 0.000000 6.579311 -1.576608 -0.142443 0.995111 11.584071 -1.853101 -6.414471 -10.239443 -0.876433 -0.000000 0.000000 0.000000 4.279070 1.256674 -1.880023 7.319276 -3.319750 3.620306 -2.746864 1.672607 0.926946 -1.770079 -5.414278 -1.500201 -4.606844 8.709461 8.189642 -0.000000 0.000000 0.000000 1.422938 -9.503487 -27.603188 10.679185 -16.252838 -41.745171 5.397887 -20.889732 -3.326225 -11.806387 3.694434 15.126918 2.240845 8.376202 23.255716 4.790872 12.637108 42.994409 7.881842 22.933478 4.295398 -5.585659 -2.688969 -13.760606 
3.798610 96.439821 -51.014298 -5.180382 0.161042 -1.679331 9.424286 6.672742 4.756829 -2.980663 -11.477176 1.286526 -7.084542 13.972596 3.143835 -0.000000 0.000000 0.000000 6.579131 -1.576977 -0.144608 0.962462 11.585659 -1.847723 -6.399910 -10.243479 -0.861449 -0.000000 0.000000 0.000000 4.264343 1.258947 -1.887662 7.292779 -3.323979 3.601466 -2.727312 1.674004 0.925889 -1.725922 -5.433808 -1.521662 -4.598077 8.700724 8.187459 -0.000000 0.000000 0.000000 1.420792 -9.498735 -27.566024 10.648449 -16.264992 -41.762643 5.370366 -20.856482 -3.337789 -11.820934 3.684551 15.161264 2.250776 8.374851 23.216684 4.763080 12.640488 43.017910 7.910451 22.901393 4.352570 -5.515397 -2.686401 -13.772645 
3.798450 96.440321 -51.005000 -5.158201 0.146067 -1.680574 9.377943 6.653431 4.759425 -2.924404 -11.463141 1.281135 -7.085576 13.981604 3.144417 -0.000000 0.000000 0.000000 6.558898 -1.576896 -0.145483 0.962765 11.586848 -1.848088 -6.387696 -10.247505 -0.840599 -0.000000 0.000000 0.000000 4.251689 1.268190 -1.903053 7.264802 -3.316822 3.581672 -2.703233 1.675605 0.924798 -1.693362 -5.424392 -1.533321 -4.546521 8.691382 8.178510 -0.000000 0.000000 0.000000 1.424421 -9.496694 -27.514705 10.624468 -16.312252 -41.788111 5.388136 -20.819879 -3.336767 -11.842512 3.683480 15.148203 2.269640 8.379823 23.191657 4.768640 12.667122 43.044108 7.928684 22.886470 4.316372 -5.610607 -2.693145 -13.797433 
3.798060 96.445924 -51.001900 -5.143412 0.111805 -1.683592 9.343372 6.635099 4.765265 -2.869060 -11.431863 1.287458 -7.085326 13.997727 3.142900 -0.000000 0.000000 0.000000 6.537738 -1.576290 -0.144422 0.963953 11.588596 -1.849497 -6.366474 -10.232564 -0.814902 -0.000000 0.000000 0.000000 4.252513 1.285435 -1.908333 7.252019 -3.300756 3.556621 -2.681697 1.686868 0.924309 -1.652976 -5.400714 -1.530046 -4.532497 8.682213 8.184765 -0.000000 0.000000 0.000000 1.419647 -9.502282 -27.450689 10.590958 -16.348878 -41.818681 5.409893 -20.818146 -3.342968 -11.840992 3.673046 15.116676 2.287951 8.395186 23.129637 4.721926 12.667231 43.082195 7.886378 22.870228 4.349405 -5.623940 -2.688213 -13.806275 
3.795690 96.450019 -51.001298 -5.134040 0.064605 -1.687801 9.337383 6.629467 4.766878 -2.851962 -11.394476 1.298543 -7.082908 14.014742 3.140732 -0.000000 0.000000 0.000000 6.519359 -1.574158 -0.136857 0.964040 11.601217 -1.848040 -6.365664 -10.213195 -0.793211 -0.000000 0.000000 0.000000 4.254028 1.304958 -1.904914 7.223406 -3.275338 3.517370 -2.649031 1.707864 0.923981 -1.610082 -5.385379 -1.526120 -4.505200 8.683515 8.191205 -0.000000 0.000000 0.000000 1.396702 -9.519515 -27.405303 10.569954 -16.378158 -41.838213 5.389059 -20.821423 -3.352491 -11.850893 3.676445 15.139662 2.305095 8.431102 23.060501 4.719646 12.667396 43.102587 7.924909 22.924650 4.343390 -5.661194 -2.681040 -13.790020 
3.791600 96.452522 -51.000899 -5.128094 0.040288 -1.693077 9.349043 6.631622 4.765827 -2.880364 -11.384226 1.306353 -7.062248 14.021629 3.132735 -0.000000 0.000000 0.000000 6.514196 -1.572752 -0.131922 0.957818 11.612826 -1.847404 -6.344202 -10.208804 -0.769701 -0.000000 0.000000 0.000000 4.256014 1.316546 -1.905358 7.201451 -3.253370 3.487868 -2.626847 1.727127 0.923925 -1.553799 -5.392010 -1.521053 -4.435321 8.690835 8.191517 -0.000000 0.000000 0.000000 1.361351 -9.532314 -27.396848 10.570849 -16.411440 -41.826220 5.372068 -20.807610 -3.368444 -11.846179 3.668934 15.175006 2.316857 8.462552 23.030971 4.763004 12.658691 43.032213 7.969554 22.997895 4.370675 -5.655875 -2.660654 -13.814263 
3.787100 96.453422 -51.000798 -5.113134 0.041644 -1.696274 9.332943 6.631175 4.767987 -2.884088 -11.382998 1.306119 -7.048945 14.023197 3.124772 -0.000000 0.000000 0.000000 6.493223 -1.571515 -0.125174 0.964646 11.615577 -1.850738 -6.338845 -10.216414 -0.758144 -0.000000 0.000000 0.000000 4.258177 1.320178 -1.906144 7.157790 -3.236040 3.460990 -2.610349 1.742348 0.923882 -1.483967 -5.413720 -1.510939 -4.339234 8.701802 8.190400 -0.000000 0.000000 0.000000 1.336955 -9.519662 -27.378849 10.548493 -16.452997 -41.840443 5.335522 -20.789897 -3.368545 -11.844950 3.710770 15.157339 2.328713 8.466868 23.002659 4.780464 12.654911 42.977819 7.974483 23.008865 4.367715 -5.682404 -2.676289 -13.764444 
3.782860 96.454126 -51.001203 -5.096203 0.065354 -1.695332 9.292730 6.620393 4.774031 -2.856377 -11.394962 1.309569 -7.049211 14.022822 3.121574 -0.000000 0.000000 0.000000 6.466595 -1.570400 -0.121502 0.976881 11.609582 -1.851215 -6.341341 -10.232483 -0.758182 -0.000000 0.000000 0.000000 4.264492 1.328992 -1.907632 7.124924 -3.229485 3.439192 -2.599468 1.746750 0.923540 -1.427026 -5.430755 -1.485758 -4.271431 8.708310 8.204558 -0.000000 0.000000 0.000000 1.326403 -9.515036 -27.353402 10.531592 -16.483111 -41.841017 5.333022 -20.822162 -3.372515 -11.850805 3.697577 15.153678 2.338635 8.469065 22.960379 4.762614 12.655130 42.960134 7.953208 22.952197 4.357240 -5.688109 -2.683388 -13.814281 
3.779930 96.454620 -51.009297 -5.083791 0.111807 -1.692315 9.256999 6.603304 4.784402 -2.839664 -11.412842 1.312554 -7.045526 14.012066 3.110518 -0.000000 0.000000 0.000000 6.459536 -1.578872 -0.114938 0.963795 11.597721 -1.848180 -6.340209 -10.250917 -0.759003 -0.000000 0.000000 0.000000 4.274684 1.331542 -1.908457 7.102839 -3.232486 3.420453 -2.586283 1.743646 0.922793 -1.381331 -5.444855 -1.463723 -4.226533 8.711530 8.227579 -0.000000 0.000000 0.000000 1.318642 -9.541031 -27.327465 10.519117 -16.522946 -41.835912 5.341477 -20.844256 -3.373772 -11.881661 3.681976 15.151107 2.340375 8.487214 22.904316 4.751739 12.664501 42.948999 7.941562 22.903052 4.345714 -5.763919 -2.686227 -13.839733 
3.777450 96.455127 -51.016897 -5.070276 0.168051 -1.688376 9.217782 6.587017 4.795307 -2.822649 -11.435765 1.314513 -7.043831 14.001009 3.101274 -0.000000 0.000000 0.000000 6.455499 -1.591506 -0.107010 0.956191 11.578071 -1.845888 -6.339786 -10.276502 -0.761141 -0.000000 0.000000 0.000000 4.293291 1.331464 -1.909199 7.073564 -3.236124 3.401308 -2.574120 1.739495 0.922021 -1.359522 -5.466177 -1.457631 -4.197429 8.713153 8.246741 -0.000000 0.000000 0.000000 1.306183 -9.572307 -27.313933 10.509689 -16.532586 -41.834291 5.321528 -20.846089 -3.370456 -11.896161 3.679829 15.156572 2.338218 8.510549 22.857462 4.752396 12.645911 42.906551 7.982015 22.919081 4.355614 -5.739780 -2.684670 -13.808847 
3.774350 96.455520 -51.024199 -5.063099 0.207649 -1.685875 9.200187 6.590703 4.799137 -2.831658 -11.454266 1.312571 -7.030725 13.984295 3.092462 -0.000000 0.000000 0.000000 6.442725 -1.599448 -0.101220 0.968458 11.566744 -1.849208 -6.337290 -10.292089 -0.764424 -0.000000 0.000000 0.000000 4.322701 1.330826 -1.910173 7.056025 -3.239185 3.382801 -2.568396 1.734854 0.921405 -1.370444 -5.455709 -1.448670 -4.184111 8.714227 8.243393 -0.000000 0.000000 0.000000 1.288541 -9.581531 -27.310177 10.513774 -16.528525 -41.815559 5.320971 -20.854081 -3.373554 -11.889260 3.671907 15.152308 2.334247 8.528125 22.825851 4.761960 12.653842 42.880195 7.994815 22.940990 4.340562 -5.762600 -2.682164 -13.845483 
3.771030 96.455824 -51.025099 -5.050021 0.242478 -1.683759 9.195695 6.589080 4.802803 -2.872730 -11.476730 1.305870 -7.008001 13.978752 3.079562 -0.000000 0.000000 0.000000 6.428219 -1.603620 -0.096496 0.970780 11.561446 -1.851346 -6.337628 -10.312519 -0.769795 -0.000000 0.000000 0.000000 4.358035 1.329809 -1.911261 7.036981 -3.241430 3.372249 -2.562441 1.730299 0.920746 -1.430132 -5.450606 -1.437456 -4.189680 8.732576 8.240013 -0.000000 0.000000 0.000000 1.273324 -9.575727 -27.329069 10.531655 -16.511904 -41.783259 5.339250 -20.861104 -3.373617 -11.877916 3.665969 15.162679 2.316198 8.520665 22.822448 4.760582 12.626388 42.828941 7.989051 22.980857 4.337794 -5.798239 -2.678426 -13.847775 
3.767820 96.456122 -51.025498 -5.024419 0.280502 -1.681367 9.170221 6.575011 4.810815 -2.895706 -11.504084 1.306568 -6.990534 13.980955 3.064695 -0.000000 0.000000 0.000000 6.410680 -1.607759 -0.090794 0.956306 11.548408 -1.850071 -6.337546 -10.327831 -0.774420 -0.000000 0.000000 0.000000 4.363532 1.329627 -1.911626 7.021079 -3.242854 3.367103 -2.551778 1.727335 0.919957 -1.465042 -5.451326 -1.437358 -4.230196 8.748484 8.276152 -0.000000 0.000000 0.000000 1.270447 -9.590233 -27.335554 10.553333 -16.490523 -41.775411 5.351833 -20.843508 -3.373516 -11.886417 3.673340 15.187436 2.310643 8.516650 22.820660 4.756219 12.607920 42.786231 8.018588 22.977575 4.330790 -5.788551 -2.686528 -13.838326 
3.766380 96.456420 -51.025397 -5.007098 0.312461 -1.679471 9.152790 6.560572 4.818106 -2.905780 -11.529603 1.308273 -6.985657 13.981436 3.064474 -0.000000 0.000000 0.000000 6.407151 -1.610091 -0.083828 0.940912 11.543401 -1.849124 -6.327956 -10.349620 -0.778621 -0.000000 0.000000 0.000000 4.369083 1.329314 -1.911981 6.996463 -3.244825 3.360518 -2.554356 1.726039 0.919582 -1.469778 -5.454021 -1.428131 -4.213338 8.770148 8.276999 -0.000000 0.000000 0.000000 1.277081 -9.587793 -27.349379 10.604968 -16.464338 -41.749606 5.391739 -20.829908 -3.377847 -11.893365 3.676913 15.143353 2.302201 8.512326 22.820362 4.769963 12.619934 42.773736 8.056944 22.936033 4.327816 -5.744947 -2.712355 -13.821088 
3.762480 96.456718 -51.025003 -5.008309 0.317997 -1.678303 9.152240 6.561080 4.821140 -2.900174 -11.542103 1.310610 -6.992457 13.988150 3.067758 -0.000000 0.000000 0.000000 6.419156 -1.611910 -0.080719 0.932681 11.549762 -1.849536 -6.339531 -10.360424 -0.794011 -0.000000 0.000000 0.000000 4.376652 1.328819 -1.912380 7.003518 -3.244261 3.360138 -2.570148 1.725437 0.919560 -1.490408 -5.455207 -1.411661 -4.184126 8.789870 8.269843 -0.000000 0.000000 0.000000 1.281653 -9.571293 -27.400875 10.649366 -16.414119 -41.681590 5.394893 -20.816664 -3.395169 -11.836977 3.681804 15.130106 2.294194 8.519089 22.843140 4.766124 12.625629 42.745192 8.032146 22.890129 4.347272 -5.712922 -2.710456 -13.817218 
3.758230 96.456027 -51.024395 -5.028259 0.313508 -1.682266 9.173717 6.569295 4.820565 -2.892829 -11.547742 1.312551 -7.005868 13.993456 3.072513 -0.000000 0.000000 0.000000 6.443218 -1.613183 -0.075220 0.936361 11.564436 -1.851439 -6.346419 -10.362104 -0.802689 -0.000000 0.000000 0.000000 4.378526 1.328436 -1.912644 7.021982 -3.242788 3.360590 -2.571484 1.725568 0.916112 -1.524999 -5.437848 -1.408165 -4.202521 8.798778 8.265102 -0.000000 0.000000 0.000000 1.278563 -9.570730 -27.436753 10.670885 -16.369124 -41.644377 5.367639 -20.785250 -3.390462 -11.838033 3.676173 15.145427 2.285503 8.526292 22.872687 4.776061 12.615602 42.725847 8.045692 22.917177 4.316511 -5.723762 -2.701154 -13.833021 
3.755110 96.454322 -51.015997 -5.044992 0.306374 -1.687063 9.209913 6.579038 4.824448 -2.915479 -11.548936 1.310388 -7.006670 13.997439 3.074265 -0.000000 0.000000 0.000000 6.460477 -1.614528 -0.069498 0.942849 11.561387 -1.845547 -6.361399 -10.350385 -0.808323 -0.000000 0.000000 0.000000 4.375049 1.328174 -1.912763 7.034352 -3.240256 3.360692 -2.574990 1.725455 0.913125 -1.529266 -5.411891 -1.399636 -4.224014 8.795995 8.255762 -0.000000 0.000000 0.000000 1.282107 -9.563239 -27.446668 10.713320 -16.336900 -41.610994 5.423942 -20.785094 -3.389438 -11.769368 3.662341 15.129708 2.283963 8.524515 22.879081 4.807537 12.598384 42.730150 8.050970 22.972069 4.307845 -5.758431 -2.692959 -13.800312 
3.753700 96.452624 -51.007700 -5.051114 0.298831 -1.692286 9.224901 6.585083 4.831901 -2.920684 -11.553813 1.309670 -7.010108 13.999239 3.076363 -0.000000 0.000000 0.000000 6.465636 -1.618902 -0.065776 0.958578 11.561763 -1.838226 -6.361165 -10.345740 -0.809702 -0.000000 0.000000 0.000000 4.371890 1.327838 -1.912920 7.033878 -3.236361 3.359975 -2.586600 1.724424 0.911005 -1.551026 -5.403143 -1.396640 -4.197030 8.815135 8.242531 -0.000000 0.000000 0.000000 1.287493 -9.550447 -27.462293 10.748924 -16.309686 -41.572862 5.415006 -20.784025 -3.417347 -11.781666 3.703325 15.077486 2.285187 8.511087 22.903268 4.856528 12.592839 42.696626 8.099571 23.030505 4.315371 -5.748289 -2.683960 -13.787688 
3.753210 96.451020 -50.999397 -5.054148 0.312994 -1.695567 9.231268 6.590037 4.840410 -2.925480 -11.563584 1.308996 -7.012647 13.999819 3.078162 -0.000000 0.000000 0.000000 6.468390 -1.628885 -0.063479 0.967605 11.562575 -1.838943 -6.376644 -10.346968 -0.815781 -0.000000 0.000000 0.000000 4.363541 1.327685 -1.912961 7.033192 -3.245805 3.360960 -2.596650 1.711975 0.908270 -1.579185 -5.391433 -1.397118 -4.207928 8.820758 8.240815 -0.000000 0.000000 0.000000 1.287375 -9.547526 -27.478589 10.766816 -16.275820 -41.538876 5.399157 -20.777991 -3.412340 -11.738086 3.704415 15.089411 2.283753 8.505653 22.926233 4.878264 12.571742 42.681507 8.094789 23.023971 4.321603 -5.723031 -2.687861 -13.776087 
3.753100 96.449327 -50.991696 -5.063494 0.343163 -1.693951 9.242940 6.594298 4.839564 -2.927427 -11.593825 1.307076 -7.021333 13.999915 3.081385 -0.000000 0.000000 0.000000 6.487063 -1.639406 -0.061191 0.973401 11.563771 -1.840939 -6.397480 -10.367026 -0.841363 -0.000000 0.000000 0.000000 4.373353 1.326909 -1.913434 7.032196 -3.258804 3.362449 -2.610755 1.700843 0.905304 -1.617548 -5.392351 -1.414971 -4.242357 8.818162 8.234824 -0.000000 0.000000 0.000000 1.280883 -9.553406 -27.504379 10.782821 -16.256555 -41.493613 5.412257 -20.764230 -3.398440 -11.729327 3.690517 15.133875 2.270775 8.501847 22.950898 4.894000 12.554288 42.675568 8.093368 22.974995 4.317344 -5.694840 -2.696606 -13.802277 
3.754110 96.447724 -50.983602 -5.074581 0.357012 -1.693575 9.263320 6.604344 4.836512 -2.939095 -11.608733 1.304288 -7.026892 13.999959 3.083877 -0.000000 0.000000 0.000000 6.509245 -1.639250 -0.060403 0.972373 11.565397 -1.841634 -6.401249 -10.378906 -0.846682 -0.000000 0.000000 0.000000 4.382562 1.324373 -1.913778 7.030638 -3.262683 3.362882 -2.625226 1.699892 0.900500 -1.669070 -5.375798 -1.437049 -4.269297 8.816702 8.213507 -0.000000 0.000000 0.000000 1.273391 -9.566007 -27.511552 10.786353 -16.253079 -41.456434 5.389811 -20.751333 -3.408209 -11.739163 3.699142 15.111877 2.265918 8.500945 22.967382 4.912809 12.532450 42.671439 8.062372 22.947537 4.316712 -5.680037 -2.712024 -13.809128 
3.758310 96.446824 -50.976098 -5.078156 0.361236 -1.693954 9.278470 6.610104 4.834538 -2.950210 -11.618078 1.300587 -7.030271 14.000380 3.085750 -0.000000 0.000000 0.000000 6.523964 -1.638618 -0.060160 0.964901 11.570846 -1.840458 -6.411469 -10.378622 -0.853469 -0.000000 0.000000 0.000000 4.383529 1.321748 -1.913923 7.029185 -3.263703 3.363036 -2.630981 1.699404 0.898245 -1.721301 -5.360056 -1.454869 -4.305951 8.813052 8.199640 -0.000000 0.000000 0.000000 1.266379 -9.581225 -27.504398 10.766100 -16.256182 -41.465200 5.374899 -20.739010 -3.389755 -11.726848 3.714335 15.146211 2.264171 8.499695 22.965280 4.924453 12.517195 42.670585 8.103155 22.947548 4.317338 -5.700781 -2.707696 -13.785162 
3.762760 96.445322 -50.967896 -5.079155 0.355702 -1.695156 9.291049 6.612733 4.833307 -2.971077 -11.616794 1.297925 -7.027831 14.000749 3.086334 -0.000000 0.000000 0.000000 6.529217 -1.638051 -0.060401 0.958367 11.573841 -1.841827 -6.411166 -10.376939 -0.858919 -0.000000 0.000000 0.000000 4.383939 1.320941 -1.914210 7.027388 -3.264528 3.363151 -2.643812 1.698972 0.896487 -1.766437 -5.349411 -1.476368 -4.332856 8.810022 8.189965 -0.000000 0.000000 0.000000 1.255981 -9.584928 -27.513240 10.765586 -16.263652 -41.468122 5.346490 -20.747912 -3.384164 -11.743846 3.705032 15.180665 2.261839 8.498846 22.967333 4.935533 12.503069 42.666347 8.117024 22.937468 4.324315 -5.660747 -2.711555 -13.796928 
3.767820 96.443927 -50.961298 -5.080176 0.341311 -1.697194 9.297703 6.614103 4.832866 -2.969575 -11.604366 1.298013 -7.042102 14.000953 3.092347 -0.000000 0.000000 0.000000 6.529296 -1.637089 -0.060822 0.952743 11.577220 -1.841790 -6.413088 -10.375156 -0.861281 -0.000000 0.000000 0.000000 4.384075 1.320243 -1.914519 7.025402 -3.265246 3.363247 -2.659310 1.698408 0.895002 -1.822999 -5.329451 -1.498204 -4.351844 8.808218 8.170124 -0.000000 0.000000 0.000000 1.248013 -9.587533 -27.521503 10.761552 -16.270641 -41.472439 5.345122 -20.759476 -3.374387 -11.773150 3.679272 15.125880 2.256263 8.499156 22.992422 4.951203 12.486963 42.645987 8.071936 22.943110 4.312809 -5.654828 -2.709621 -13.798415 
3.773340 96.442419 -50.955099 -5.081275 0.324243 -1.699580 9.305295 6.615672 4.832413 -2.964129 -11.598420 1.299347 -7.049713 14.003472 3.098790 -0.000000 0.000000 0.000000 6.538449 -1.635047 -0.061155 0.953384 11.588192 -1.843302 -6.413956 -10.373503 -0.862559 -0.000000 0.000000 0.000000 4.384363 1.319636 -1.914867 7.023599 -3.265982 3.363352 -2.677609 1.697548 0.891397 -1.884428 -5.319011 -1.507617 -4.366732 8.806767 8.150659 -0.000000 0.000000 0.000000 1.241565 -9.590552 -27.539370 10.756581 -16.277496 -41.478857 5.341218 -20.759260 -3.374388 -11.739502 3.703889 15.127357 2.250733 8.499487 23.015610 4.954434 12.486766 42.631853 8.044719 22.949308 4.308703 -5.646256 -2.707214 -13.816426 
3.778720 96.440929 -50.948000 -5.082624 0.306738 -1.703430 9.311246 6.617878 4.833157 -2.952670 -11.588909 1.300184 -7.066712 14.007499 3.107927 -0.000000 0.000000 0.000000 6.539489 -1.631924 -0.064783 0.962889 11.592765 -1.846269 -6.415060 -10.363639 -0.863879 -0.000000 0.000000 0.000000 4.386175 1.319032 -1.915300 7.022296 -3.266811 3.363524 -2.692779 1.694431 0.887321 -1.937782 -5.316285 -1.512286 -4.397062 8.802620 8.143690 -0.000000 0.000000 0.000000 1.237219 -9.590622 -27.554342 10.764163 -16.271459 -41.481892 5.356741 -20.757066 -3.357060 -11.723396 3.702239 15.128175 2.243102 8.497827 23.026644 4.936238 12.487588 42.645998 8.017916 22.946418 4.312591 -5.639758 -2.709169 -13.792420 
3.784450 96.439326 -50.941396 -5.086901 0.288027 -1.707780 9.330578 6.630808 4.830242 -2.957607 -11.582151 1.298903 -7.076169 14.008982 3.115565 -0.000000 0.000000 0.000000 6.547942 -1.628787 -0.065853 0.961104 11.600906 -1.848365 -6.413183 -10.354937 -0.870616 -0.000000 0.000000 0.000000 4.398599 1.318131 -1.916006 7.027305 -3.267376 3.364097 -2.708478 1.693772 0.883586 -1.990965 -5.313851 -1.516762 -4.443362 8.796786 8.134119 -0.000000 0.000000 0.000000 1.231945 -9.589916 -27.578350 10.785211 -16.254744 -41.474275 5.364533 -20.800308 -3.354623 -11.704182 3.704335 15.148276 2.234786 8.496528 23.040729 4.945449 12.498157 42.652795 8.029667 22.979089 4.314494 -5.662375 -2.694207 -13.788817 
3.791420 96.437526 -50.932997 -5.097893 0.271086 -1.712072 9.363300 6.635307 4.827475 -2.978871 -11.576820 1.295245 -7.081540 14.011284 3.124122 -0.000000 0.000000 0.000000 6.568684 -1.626765 -0.066233 0.950934 11.608534 -1.848031 -6.412356 -10.348139 -0.875336 -0.000000 0.000000 0.000000 4.403913 1.317120 -1.921667 7.042185 -3.267373 3.365256 -2.720200 1.693483 0.874835 -2.033858 -5.311677 -1.520454 -4.503771 8.788799 8.138130 -0.000000 0.000000 0.000000 1.227558 -9.588545 -27.599663 10.803448 -16.243304 -41.463092 5.357662 -20.836179 -3.365540 -11.736797 3.702235 15.121494 2.231427 8.498058 23.057074 4.947426 12.510101 42.673200 8.029700 22.994040 4.310575 -5.665528 -2.692031 -13.792412 
3.796540 96.435022 -50.924802 -5.098403 0.253751 -1.716692 9.378933 6.637325 4.826937 -2.988608 -11.572270 1.294070 -7.090276 14.017281 3.132084 -0.000000 0.000000 0.000000 6.578200 -1.625986 -0.066756 0.947471 11.612426 -1.849967 -6.413442 -10.340469 -0.877660 -0.000000 0.000000 0.000000 4.406220 1.316384 -1.925181 7.055889 -3.267355 3.366373 -2.736382 1.693039 0.869473 -2.074462 -5.309385 -1.523354 -4.537190 8.786741 8.129286 -0.000000 0.000000 0.000000 1.224148 -9.583869 -27.626749 10.818854 -16.233391 -41.455277 5.351993 -20.857832 -3.374690 -11.707249 3.705831 15.140251 2.227179 8.500268 23.081206 4.951478 12.518684 42.684231 8.018369 22.995063 4.315837 -5.650830 -2.692102 -13.795907 
3.801990 96.432322 -50.917596 -5.099046 0.245925 -1.723692 9.378943 6.637946 4.828199 -2.974236 -11.570712 1.296995 -7.108000 14.018925 3.140546 -0.000000 0.000000 0.000000 6.585226 -1.625922 -0.067253 0.941258 11.616097 -1.852832 -6.415504 -10.338811 -0.880677 -0.000000 0.000000 0.000000 4.408564 1.315288 -1.933393 7.055335 -3.267992 3.366678 -2.752305 1.692434 0.868473 -2.107248 -5.306797 -1.525626 -4.559474 8.786893 8.127641 -0.000000 0.000000 0.000000 1.223809 -9.575083 -27.649110 10.826080 -16.226469 -41.464713 5.351949 -20.852339 -3.373826 -11.709756 3.680732 15.148281 2.223296 8.502575 23.103624 4.968598 12.529186 42.686350 8.084680 22.996805 4.308401 -5.627058 -2.654692 -13.799369 
3.807750 96.429729 -50.910199 -5.111722 0.236334 -1.729514 9.399979 6.641387 4.826831 -2.973176 -11.569531 1.297725 -7.124925 14.027156 3.149659 -0.000000 0.000000 0.000000 6.599558 -1.625992 -0.067535 0.945893 11.621422 -1.855980 -6.438824 -10.337701 -0.889476 -0.000000 0.000000 0.000000 4.412991 1.315576 -1.935906 7.063183 -3.265924 3.367232 -2.754286 1.692105 0.866364 -2.149769 -5.297159 -1.528644 -4.566497 8.788593 8.111293 -0.000000 0.000000 0.000000 1.222515 -9.572241 -27.658129 10.817278 -16.231113 -41.492159 5.357076 -20.846379 -3.357537 -11.732342 3.701952 15.144579 2.220862 8.504486 23.116142 4.976124 12.522286 42.687444 8.110765 23.025212 4.298423 -5.640263 -2.653866 -13.789700 
3.816310 96.427524 -50.900799 -5.119458 0.220219 -1.732480 9.418643 6.650174 4.824651 -2.972833 -11.569221 1.295921 -7.144411 14.027257 3.161176 -0.000000 0.000000 0.000000 6.607425 -1.626363 -0.067981 0.958674 11.632176 -1.860795 -6.444966 -10.337508 -0.894081 -0.000000 0.000000 0.000000 4.426989 1.315983 -1.937715 7.079584 -3.252113 3.366944 -2.763280 1.691674 0.864359 -2.209066 -5.268436 -1.532622 -4.603902 8.789939 8.082600 -0.000000 0.000000 0.000000 1.218018 -9.570312 -27.685741 10.834575 -16.211778 -41.476375 5.354232 -20.875481 -3.354523 -11.683972 3.703768 15.132386 2.216998 8.506535 23.137749 4.981718 12.516519 42.676417 8.098116 23.028246 4.305555 -5.645065 -2.651287 -13.784966 
3.824070 96.425521 -50.890297 -5.121585 0.221320 -1.733540 9.437062 6.653651 4.823420 -2.992336 -11.574802 1.291347 -7.146665 14.026911 3.165118 -0.000000 0.000000 0.000000 6.619792 -1.627107 -0.068410 0.949054 11.634782 -1.861102 -6.442704 -10.337832 -0.896031 -0.000000 0.000000 0.000000 4.428433 1.316773 -1.939168 7.101239 -3.250239 3.368455 -2.766503 1.691329 0.861985 -2.266161 -5.250684 -1.536707 -4.657304 8.798570 8.085029 -0.000000 0.000000 0.000000 1.211478 -9.575307 -27.706655 10.843960 -16.199738 -41.482201 5.352638 -20.892550 -3.352352 -11.699758 3.712396 15.108124 2.212356 8.508559 23.165399 4.994615 12.506407 42.642321 8.096885 23.017428 4.310906 -5.621711 -2.655372 -13.786003 
3.831110 96.423525 -50.879598 -5.123335 0.235256 -1.733078 9.451359 6.656308 4.822568 -3.010548 -11.588825 1.289910 -7.148227 14.027359 3.168521 -0.000000 0.000000 0.000000 6.636829 -1.629033 -0.068799 0.935916 11.636605 -1.860516 -6.437275 -10.338174 -0.897337 -0.000000 0.000000 0.000000 4.427776 1.317567 -1.940976 7.101509 -3.254066 3.369323 -2.769718 1.690968 0.859318 -2.274586 -5.257310 -1.537297 -4.690746 8.810721 8.096809 -0.000000 0.000000 0.000000 1.204140 -9.585433 -27.720405 10.863467 -16.195969 -41.488575 5.358396 -20.855407 -3.346004 -11.709350 3.719020 15.104992 2.211213 8.508055 23.173139 5.014135 12.498826 42.630846 8.136312 22.993043 4.303090 -5.584723 -2.669801 -13.788080 
3.839480 96.421528 -50.863999 -5.125995 0.240593 -1.733031 9.467512 6.658841 4.821411 -3.011473 -11.605441 1.286256 -7.166494 14.036192 3.176834 -0.000000 0.000000 0.000000 6.659780 -1.633562 -0.068890 0.928492 11.637862 -1.858352 -6.444982 -10.339706 -0.901494 -0.000000 0.000000 0.000000 4.417854 1.318710 -1.941960 7.095128 -3.259488 3.369985 -2.779390 1.690629 0.853569 -2.255901 -5.265364 -1.535640 -4.654748 8.832972 8.091619 -0.000000 0.000000 0.000000 1.205512 -9.573295 -27.758548 10.895691 -16.180549 -41.462739 5.386949 -20.816767 -3.336326 -11.656868 3.703617 15.097814 2.209049 8.502017 23.189978 5.046445 12.483734 42.602877 8.127575 22.980584 4.315210 -5.569168 -2.691648 -13.744597 
3.845710 96.419322 -50.845599 -5.141066 0.241782 -1.733000 9.487590 6.661727 4.819663 -2.995840 -11.623254 1.271113 -7.187955 14.050385 3.186784 -0.000000 0.000000 0.000000 6.688045 -1.638170 -0.080862 0.930385 11.638810 -1.857673 -6.464880 -10.350308 -0.911536 -0.000000 0.000000 0.000000 4.402716 1.320418 -1.938141 7.109687 -3.263780 3.371888 -2.803162 1.690310 0.842115 -2.226287 -5.297356 -1.550142 -4.614062 8.857403 8.085247 -0.000000 0.000000 0.000000 1.212990 -9.550136 -27.814899 10.921851 -16.150828 -41.407131 5.347309 -20.803242 -3.355470 -11.660864 3.722341 15.083234 2.203876 8.480665 23.233574 5.063683 12.463945 42.542649 8.102011 22.969227 4.328050 -5.514527 -2.691545 -13.754166 
3.852250 96.416724 -50.826901 -5.159490 0.250505 -1.726815 9.519539 6.664527 4.810147 -2.993317 -11.637952 1.261307 -7.207555 14.051401 3.195202 -0.000000 0.000000 0.000000 6.721744 -1.643668 -0.093250 0.933347 11.639319 -1.857380 -6.488882 -10.348178 -0.924838 -0.000000 0.000000 0.000000 4.378240 1.322435 -1.934664 7.130823 -3.272055 3.374723 -2.824265 1.689873 0.832414 -2.171586 -5.338255 -1.587762 -4.610910 8.858570 8.068411 -0.000000 0.000000 0.000000 1.225536 -9.546224 -27.852872 10.937887 -16.132950 -41.385559 5.361210 -20.772013 -3.327340 -11.633576 3.719715 15.089797 2.197201 8.471549 23.259362 5.076653 12.447434 42.510287 8.104452 22.962765 4.327754 -5.465607 -2.668833 -13.768839 
3.859710 96.413821 -50.806600 -5.182961 0.268134 -1.711276 9.562005 6.671646 4.790456 -3.002771 -11.657056 1.257703 -7.217090 14.052542 3.201058 -0.000000 0.000000 0.000000 6.769918 -1.652340 -0.105908 0.930797 11.639389 -1.858484 -6.502931 -10.344649 -0.929432 -0.000000 0.000000 0.000000 4.348609 1.324730 -1.930702 7.147780 -3.283228 3.377688 -2.830990 1.689676 0.819737 -2.107014 -5.405521 -1.631012 -4.599440 8.840544 8.056015 -0.000000 0.000000 0.000000 1.237356 -9.521183 -27.871825 10.935891 -16.134133 -41.379602 5.335422 -20.745508 -3.331984 -11.621081 3.741548 15.125134 2.183228 8.447577 23.265349 5.051653 12.453085 42.500872 8.058235 22.937010 4.349797 -5.450127 -2.667135 -13.752628 
3.865000 96.411228 -50.787997 -5.196364 0.267383 -1.703382 9.599516 6.678399 4.778289 -3.019947 -11.657724 1.255880 -7.222041 14.053181 3.204668 -0.000000 0.000000 0.000000 6.793722 -1.665696 -0.123631 0.938416 11.638625 -1.860702 -6.513919 -10.341911 -0.933621 -0.000000 0.000000 0.000000 4.310271 1.327729 -1.921863 7.171898 -3.285236 3.388653 -2.848201 1.687995 0.807243 -2.062371 -5.450870 -1.657576 -4.546476 8.812538 8.018499 -0.000000 0.000000 0.000000 1.247506 -9.495179 -27.896917 10.945348 -16.136100 -41.363974 5.332185 -20.744778 -3.334311 -11.605363 3.729732 15.074197 2.176230 8.432492 23.297580 5.063317 12.453571 42.456008 8.014747 22.975940 4.359523 -5.417822 -2.651664 -13.748408 
3.866040 96.408623 -50.769401 -5.211876 0.282285 -1.699895 9.629493 6.676199 4.773491 -3.015770 -11.671322 1.255651 -7.239077 14.052774 3.213512 -0.000000 0.000000 0.000000 6.823540 -1.668611 -0.127304 0.936908 11.637649 -1.863157 -6.535352 -10.350855 -0.943749 -0.000000 0.000000 0.000000 4.281604 1.332437 -1.916073 7.182881 -3.283898 3.403866 -2.861546 1.685673 0.796826 -2.030414 -5.496702 -1.671813 -4.507413 8.806079 8.005255 -0.000000 0.000000 0.000000 1.251153 -9.480841 -27.922253 10.957257 -16.145889 -41.361834 5.350932 -20.746154 -3.329086 -11.603004 3.735766 15.061809 2.169530 8.417965 23.327317 5.097196 12.474362 42.420565 8.061043 22.990366 4.330044 -5.469637 -2.660864 -13.727773 
3.866600 96.406025 -50.753897 -5.221803 0.296731 -1.695268 9.644459 6.665227 4.773461 -3.010030 -11.687611 1.255895 -7.256087 14.051586 3.222138 -0.000000 0.000000 0.000000 6.852217 -1.671241 -0.129262 0.930248 11.636453 -1.863957 -6.548482 -10.360186 -0.952486 -0.000000 0.000000 0.000000 4.259140 1.343582 -1.913993 7.189361 -3.282728 3.417432 -2.884234 1.689047 0.793825 -2.012637 -5.528523 -1.671880 -4.495671 8.810148 8.005935 -0.000000 0.000000 0.000000 1.249067 -9.476994 -27.945912 10.966876 -16.154312 -41.360871 5.341768 -20.746907 -3.333382 -11.598324 3.759405 15.065125 2.166527 8.418361 23.347806 5.116676 12.475588 42.398619 8.073816 22.964156 4.343387 -5.423798 -2.678264 -13.722547 
3.866850 96.402925 -50.741696 -5.230911 0.306127 -1.690892 9.663351 6.670018 4.771272 -3.010929 -11.691320 1.257490 -7.262862 14.048323 3.225598 -0.000000 0.000000 0.000000 6.885675 -1.674300 -0.131523 0.906720 11.635725 -1.861428 -6.549780 -10.357982 -0.959606 -0.000000 0.000000 0.000000 4.247706 1.351454 -1.912451 7.208447 -3.281499 3.425543 -2.915063 1.699202 0.791026 -2.041998 -5.523677 -1.650790 -4.478716 8.794314 8.005211 -0.000000 0.000000 0.000000 1.244513 -9.473373 -27.980040 10.979262 -16.154243 -41.336527 5.319265 -20.756945 -3.338859 -11.572202 3.762379 15.049897 2.152491 8.440962 23.390126 5.148941 12.489910 42.373267 8.046439 22.957370 4.330551 -5.429425 -2.660904 -13.743039 
3.866990 96.400720 -50.731897 -5.240164 0.315355 -1.686825 9.677941 6.673453 4.770064 -3.010702 -11.701373 1.256751 -7.267926 14.044741 3.227330 -0.000000 0.000000 0.000000 6.908775 -1.680313 -0.136220 0.901749 11.634694 -1.860095 -6.563688 -10.353910 -0.969923 -0.000000 0.000000 0.000000 4.246115 1.356738 -1.909896 7.221556 -3.281186 3.429762 -2.942182 1.699401 0.788179 -2.083015 -5.523741 -1.633077 -4.477715 8.783177 8.004530 -0.000000 0.000000 0.000000 1.235275 -9.476923 -28.010126 10.989297 -16.150962 -41.309182 5.301494 -20.774245 -3.334081 -11.568586 3.756234 15.049879 2.143608 8.454329 23.418882 5.164372 12.500583 42.368647 8.064447 22.966330 4.302092 -5.422440 -2.651683 -13.731337 
3.865970 96.398723 -50.720799 -5.244825 0.324929 -1.683189 9.700805 6.675743 4.768366 -3.033904 -11.707723 1.252327 -7.270732 14.041783 3.228182 -0.000000 0.000000 0.000000 6.931321 -1.690012 -0.139707 0.885286 11.634139 -1.857544 -6.565301 -10.350005 -0.980601 -0.000000 0.000000 0.000000 4.230619 1.359889 -1.903332 7.231179 -3.281468 3.433461 -2.957440 1.699121 0.781930 -2.122381 -5.533786 -1.627283 -4.473822 8.756920 7.984779 -0.000000 0.000000 0.000000 1.226204 -9.485083 -28.025730 10.992533 -16.151608 -41.305290 5.309579 -20.788572 -3.321771 -11.558162 3.739503 15.041736 2.131734 8.477493 23.437992 5.178578 12.510117 42.364702 8.066342 22.975112 4.311983 -5.406711 -2.643356 -13.730508 
3.863330 96.396625 -50.710899 -5.247937 0.341762 -1.675664 9.711039 6.673845 4.768939 -3.038927 -11.716881 1.249660 -7.276892 14.039778 3.229591 -0.000000 0.000000 0.000000 6.948425 -1.694229 -0.140898 0.876872 11.633822 -1.855706 -6.567816 -10.357012 -0.988342 -0.000000 0.000000 0.000000 4.208987 1.361837 -1.898188 7.249202 -3.289096 3.441543 -2.981027 1.698135 0.774628 -2.146707 -5.560883 -1.649247 -4.467385 8.731799 7.969732 -0.000000 0.000000 0.000000 1.226369 -9.495333 -28.034121 10.996193 -16.151739 -41.299276 5.318025 -20.784047 -3.320918 -11.532008 3.756993 15.024067 2.125271 8.489557 23.451153 5.171455 12.500062 42.358853 8.037271 22.985441 4.359507 -5.324958 -2.645803 -13.714421 
3.860640 96.394426 -50.702298 -5.255528 0.360709 -1.672409 9.729375 6.665749 4.769921 -3.055208 -11.732331 1.247895 -7.273972 14.037605 3.228962 -0.000000 0.000000 0.000000 6.971206 -1.695235 -0.143183 0.868563 11.634093 -1.855005 -6.583390 -10.373747 -1.005639 -0.000000 0.000000 0.000000 4.199598 1.357672 -1.892191 7.256089 -3.303451 3.450370 -3.013544 1.692790 0.767247 -2.160002 -5.597533 -1.673390 -4.426619 8.711619 7.944819 -0.000000 0.000000 0.000000 1.231702 -9.504075 -28.063277 11.006556 -16.146726 -41.268261 5.324087 -20.777548 -3.321522 -11.525515 3.749803 15.023954 2.116028 8.499780 23.486699 5.189368 12.508647 42.339974 8.033271 23.018059 4.358714 -5.292318 -2.622968 -13.722966 
3.857670 96.391726 -50.692797 -5.272241 0.365768 -1.671498 9.754271 6.668977 4.768190 -3.055626 -11.739332 1.245979 -7.279212 14.036065 3.230271 -0.000000 0.000000 0.000000 7.004898 -1.696117 -0.145429 0.855954 11.643019 -1.852414 -6.597443 -10.380962 -1.018686 -0.000000 0.000000 0.000000 4.194845 1.353792 -1.881782 7.253159 -3.317474 3.454246 -3.034149 1.680904 0.753336 -2.149794 -5.637001 -1.677714 -4.358029 8.703624 7.908576 -0.000000 0.000000 0.000000 1.236878 -9.490260 -28.098214 11.018795 -16.141032 -41.232998 5.312323 -20.754375 -3.328639 -11.506299 3.771468 15.028973 2.100371 8.492131 23.528633 5.223389 12.551979 42.327039 8.033521 23.048204 4.338426 -5.337397 -2.632755 -13.741253 
3.852010 96.388924 -50.682998 -5.281756 0.355374 -1.672079 9.774714 6.683085 4.764866 -3.056351 -11.733430 1.245686 -7.287546 14.034228 3.232725 -0.000000 0.000000 0.000000 7.027279 -1.697092 -0.147356 0.846845 11.649730 -1.850082 -6.594071 -10.369959 -1.024630 -0.000000 0.000000 0.000000 4.166433 1.343342 -1.871943 7.252618 -3.328435 3.457476 -3.058658 1.676098 0.736968 -2.110041 -5.676300 -1.676603 -4.297018 8.692913 7.877555 -0.000000 0.000000 0.000000 1.250355 -9.467761 -28.117044 11.025360 -16.139256 -41.217322 5.302419 -20.728458 -3.321210 -11.496415 3.768689 15.030536 2.091872 8.466574 23.538637 5.205818 12.593004 42.358705 8.034754 23.035235 4.326511 -5.353569 -2.631587 -13.707461 
3.845890 96.386826 -50.675201 -5.294258 0.334065 -1.673685 9.787714 6.690012 4.764610 -3.036543 -11.723316 1.247613 -7.298898 14.036086 3.236515 -0.000000 0.000000 0.000000 7.031435 -1.697397 -0.148848 0.867546 11.656999 -1.847746 -6.624911 -10.359512 -1.038974 -0.000000 0.000000 0.000000 4.140656 1.338446 -1.866342 7.252945 -3.332859 3.460525 -3.076871 1.672758 0.728056 -2.082785 -5.728806 -1.676473 -4.240185 8.659773 7.861253 -0.000000 0.000000 0.000000 1.262505 -9.451389 -28.124679 11.025678 -16.141741 -41.224899 5.287270 -20.708368 -3.308282 -11.495157 3.768144 15.026418 2.086335 8.459753 23.553355 5.204887 12.620189 42.367202 8.067428 23.034240 4.316849 -5.325113 -2.617965 -13.669919 
3.836880 96.386123 -50.674194 -5.317321 0.303252 -1.676179 9.815020 6.693320 4.766728 -3.020481 -11.703839 1.248820 -7.312502 14.044775 3.241807 -0.000000 0.000000 0.000000 7.047368 -1.698033 -0.149368 0.882258 11.669145 -1.835743 -6.626642 -10.338463 -1.040829 -0.000000 0.000000 0.000000 4.127942 1.338642 -1.861154 7.264052 -3.335965 3.470997 -3.085645 1.668556 0.726940 -2.080472 -5.786838 -1.676367 -4.223351 8.612841 7.854669 -0.000000 0.000000 0.000000 1.271573 -9.447033 -28.123182 11.022258 -16.146963 -41.245294 5.268459 -20.710275 -3.302000 -11.514252 3.779663 15.045896 2.083457 8.460426 23.560514 5.195016 12.627651 42.367178 8.042894 23.073333 4.326496 -5.315627 -2.643232 -13.663402 
3.830510 96.385723 -50.673801 -5.339842 0.284661 -1.677580 9.833104 6.696003 4.771224 -2.996110 -11.687085 1.250028 -7.331242 14.048204 3.247562 -0.000000 0.000000 0.000000 7.068735 -1.698316 -0.148775 0.888247 11.679680 -1.834126 -6.643125 -10.332588 -1.047798 -0.000000 0.000000 0.000000 4.123189 1.338859 -1.854679 7.280823 -3.340477 3.482794 -3.091908 1.664008 0.725960 -2.092026 -5.829357 -1.669360 -4.240687 8.561809 7.854057 -0.000000 0.000000 0.000000 1.279627 -9.457856 -28.120095 11.020178 -16.151398 -41.262418 5.275793 -20.746342 -3.310424 -11.528030 3.784440 15.030926 2.074512 8.478274 23.557199 5.194238 12.632133 42.367894 8.022241 23.089500 4.337100 -5.315747 -2.641911 -13.683761 
3.829890 96.385324 -50.673997 -5.352428 0.287415 -1.677038 9.836985 6.704055 4.775812 -2.977673 -11.680618 1.252316 -7.340279 14.035384 3.249152 -0.000000 0.000000 0.000000 7.076642 -1.697753 -0.142785 0.899140 11.676648 -1.832642 -6.650587 -10.330446 -1.055020 -0.000000 0.000000 0.000000 4.128183 1.334883 -1.851890 7.287746 -3.352163 3.490835 -3.099447 1.654263 0.724995 -2.117239 -5.854110 -1.657473 -4.271461 8.525029 7.857652 -0.000000 0.000000 0.000000 1.285491 -9.479051 -28.118377 11.020269 -16.159920 -41.283100 5.301464 -20.782302 -3.308337 -11.532264 3.777283 14.980269 2.069286 8.492049 23.541311 5.194902 12.637182 42.379838 8.038724 23.081634 4.334167 -5.314200 -2.645085 -13.646874 
3.829380 96.384925 -50.674599 -5.362792 0.291942 -1.676363 9.832451 6.722387 4.780676 -2.958854 -11.683072 1.251585 -7.357633 14.024899 3.251697 -0.000000 0.000000 0.000000 7.076385 -1.697787 -0.140965 0.907570 11.679197 -1.831482 -6.655623 -10.327735 -1.070429 -0.000000 0.000000 0.000000 4.155391 1.319740 -1.849251 7.294521 -3.359837 3.496374 -3.116904 1.647334 0.724760 -2.163690 -5.867093 -1.642063 -4.312323 8.510086 7.872869 -0.000000 0.000000 0.000000 1.283197 -9.499258 -28.136759 11.019471 -16.159140 -41.286743 5.317888 -20.783776 -3.292152 -11.538043 3.765033 14.994299 2.062888 8.503779 23.543226 5.212498 12.641421 42.375426 8.108958 23.062858 4.312554 -5.338066 -2.611797 -13.646201 
3.828960 96.384525 -50.679201 -5.359871 0.292280 -1.676122 9.832402 6.736835 4.780207 -2.962458 -11.684182 1.246734 -7.362417 14.014743 3.246810 -0.000000 0.000000 0.000000 7.071626 -1.697503 -0.139579 0.913621 11.685751 -1.827204 -6.674318 -10.326310 -1.084540 -0.000000 0.000000 0.000000 4.183131 1.313421 -1.844502 7.298445 -3.369891 3.500792 -3.126994 1.637661 0.724469 -2.243329 -5.852816 -1.631129 -4.352380 8.504799 7.867835 -0.000000 0.000000 0.000000 1.270032 -9.513899 -28.160511 11.000863 -16.143769 -41.296588 5.273468 -20.763301 -3.282923 -11.499250 3.773403 15.032430 2.053384 8.519275 23.558079 5.230906 12.628282 42.357710 8.112858 23.063956 4.298891 -5.339765 -2.593092 -13.673249 
3.828630 96.384227 -50.683397 -5.352952 0.291826 -1.675991 9.833308 6.737962 4.780243 -3.004813 -11.688002 1.252356 -7.349060 14.016658 3.239047 -0.000000 0.000000 0.000000 7.073398 -1.697341 -0.137838 0.894067 11.687697 -1.834688 -6.669989 -10.334779 -1.089186 -0.000000 0.000000 0.000000 4.208473 1.312517 -1.838087 7.308048 -3.370718 3.504909 -3.123559 1.635548 0.733445 -2.340900 -5.834513 -1.649326 -4.426004 8.495731 7.852649 -0.000000 0.000000 0.000000 1.256274 -9.529464 -28.179329 10.997690 -16.143433 -41.308268 5.266081 -20.779548 -3.259770 -11.487534 3.781669 15.023513 2.050283 8.520892 23.573620 5.243943 12.575637 42.323538 8.075731 23.092203 4.304200 -5.326470 -2.629055 -13.626209 
3.828360 96.383917 -50.685596 -5.335152 0.290534 -1.675970 9.826143 6.737051 4.781362 -3.032006 -11.691390 1.257770 -7.343340 14.019565 3.236511 -0.000000 0.000000 0.000000 7.055564 -1.697046 -0.134914 0.884800 11.688975 -1.836190 -6.654612 -10.340369 -1.087430 -0.000000 0.000000 0.000000 4.214670 1.311927 -1.836585 7.325747 -3.369158 3.521625 -3.112154 1.633547 0.748211 -2.411020 -5.820484 -1.656560 -4.500618 8.484928 7.865315 -0.000000 0.000000 0.000000 1.249108 -9.547171 -28.159112 10.988993 -16.150963 -41.348940 5.277453 -20.822945 -3.272195 -11.533962 3.790725 15.018056 2.061908 8.526415 23.571559 5.262191 12.547895 42.289551 8.085293 23.068539 4.327516 -5.344678 -2.620066 -13.689361 
3.828160 96.383625 -50.686997 -5.322870 0.289043 -1.675984 9.805398 6.734546 4.784089 -3.032168 -11.693790 1.259493 -7.345295 14.032789 3.239316 -0.000000 0.000000 0.000000 7.029782 -1.686104 -0.134511 0.899171 11.689378 -1.841203 -6.648928 -10.345401 -1.087228 -0.000000 0.000000 0.000000 4.234682 1.310930 -1.835919 7.317463 -3.370916 3.521397 -3.103253 1.632416 0.751126 -2.430351 -5.818864 -1.648467 -4.522686 8.481131 7.874045 -0.000000 0.000000 0.000000 1.250135 -9.554649 -28.145184 11.009102 -16.157002 -41.357432 5.307692 -20.865183 -3.279079 -11.579208 3.795168 15.013007 2.070875 8.530677 23.559499 5.281494 12.562592 42.295228 8.161402 23.010183 4.317404 -5.321088 -2.656038 -13.666500 
3.828000 96.383327 -50.688201 -5.328658 0.279541 -1.676714 9.813811 6.734593 4.783249 -3.031079 -11.696082 1.261523 -7.347438 14.035894 3.241892 -0.000000 0.000000 0.000000 7.033403 -1.681814 -0.134116 0.897148 11.691669 -1.838206 -6.652210 -10.340403 -1.087527 -0.000000 0.000000 0.000000 4.250818 1.310129 -1.835661 7.328839 -3.371616 3.520945 -3.104458 1.631648 0.748196 -2.411383 -5.820932 -1.630925 -4.508160 8.482262 7.880774 -0.000000 0.000000 0.000000 1.252807 -9.559085 -28.145954 11.018721 -16.147255 -41.341596 5.303083 -20.854754 -3.292393 -11.547655 3.775572 15.009527 2.078080 8.534886 23.546198 5.281904 12.544713 42.302887 8.120634 22.981218 4.368667 -5.300644 -2.645950 -13.661629 
3.827890 96.383125 -50.689095 -5.340505 0.271580 -1.677309 9.835125 6.739006 4.780283 -3.036943 -11.698361 1.262453 -7.347322 14.039195 3.243828 -0.000000 0.000000 0.000000 7.062585 -1.682044 -0.132670 0.867847 11.704356 -1.831180 -6.648344 -10.337093 -1.086462 -0.000000 0.000000 0.000000 4.252388 1.309842 -1.835617 7.346910 -3.372029 3.520968 -3.106491 1.630973 0.744818 -2.365089 -5.834090 -1.627047 -4.441795 8.491022 7.874421 -0.000000 0.000000 0.000000 1.262867 -9.552640 -28.155318 11.007891 -16.137800 -41.330241 5.276014 -20.774174 -3.290892 -11.535337 3.780977 15.026122 2.080313 8.530325 23.552912 5.295564 12.552595 42.304000 8.137591 22.967193 4.381268 -5.299621 -2.634434 -13.672757 
3.827790 96.382821 -50.688100 -5.354589 0.261018 -1.678166 9.847277 6.740934 4.778612 -3.023139 -11.698472 1.253715 -7.349517 14.042164 3.248483 -0.000000 0.000000 0.000000 7.067555 -1.681923 -0.132001 0.890393 11.710145 -1.832223 -6.651870 -10.336453 -1.087109 -0.000000 0.000000 0.000000 4.255263 1.309198 -1.841326 7.385420 -3.371175 3.526813 -3.108531 1.630375 0.740961 -2.306889 -5.844820 -1.623072 -4.380465 8.499892 7.859467 -0.000000 0.000000 0.000000 1.278925 -9.545322 -28.170479 11.000403 -16.124959 -41.307511 5.270708 -20.722237 -3.279711 -11.511228 3.806740 15.026144 2.092833 8.522146 23.578730 5.295261 12.539191 42.282034 8.120207 22.987677 4.383716 -5.260359 -2.627453 -13.665384 
3.827710 96.382624 -50.682700 -5.367659 0.257105 -1.678408 9.861288 6.742500 4.776770 -3.013906 -11.700375 1.253766 -7.354870 14.049359 3.257745 -0.000000 0.000000 0.000000 7.071079 -1.682199 -0.131494 0.914358 11.709219 -1.840238 -6.664932 -10.336245 -1.089445 -0.000000 0.000000 0.000000 4.257590 1.308259 -1.852653 7.403717 -3.371571 3.537422 -3.105255 1.629788 0.739655 -2.254506 -5.839691 -1.618229 -4.308148 8.511080 7.833999 -0.000000 0.000000 0.000000 1.299443 -9.523431 -28.162483 11.016503 -16.111282 -41.288827 5.270745 -20.746418 -3.281562 -11.523339 3.788484 15.034639 2.100440 8.515474 23.601193 5.330030 12.569120 42.268325 8.135928 23.007011 4.347048 -5.347076 -2.602667 -13.691143 
3.827640 96.382427 -50.678599 -5.371069 0.257148 -1.678309 9.891461 6.745137 4.773010 -3.045508 -11.703317 1.254871 -7.341715 14.055325 3.257651 -0.000000 0.000000 0.000000 7.096529 -1.682434 -0.130421 0.890374 11.710030 -1.845306 -6.659150 -10.336955 -1.088540 -0.000000 0.000000 0.000000 4.247386 1.308416 -1.855710 7.418277 -3.372105 3.544619 -3.090335 1.629463 0.738117 -2.203568 -5.834141 -1.627849 -4.260631 8.533439 7.827480 -0.000000 0.000000 0.000000 1.319959 -9.510069 -28.143090 11.025032 -16.093979 -41.290583 5.275610 -20.774221 -3.297216 -11.552502 3.791272 14.993523 2.107701 8.498482 23.600792 5.329204 12.571924 42.278647 8.128287 23.023106 4.351913 -5.312201 -2.639956 -13.663315 
3.827550 96.382225 -50.677103 -5.364847 0.257537 -1.678217 9.889964 6.741953 4.773559 -3.053863 -11.706421 1.262356 -7.337987 14.056359 3.260143 -0.000000 0.000000 0.000000 7.100631 -1.682704 -0.130021 0.864675 11.710894 -1.850844 -6.652916 -10.337779 -1.087607 -0.000000 0.000000 0.000000 4.226259 1.308976 -1.859512 7.431285 -3.372490 3.552225 -3.090861 1.629080 0.737116 -2.156867 -5.834395 -1.626882 -4.207782 8.542874 7.820252 -0.000000 0.000000 0.000000 1.329230 -9.500785 -28.136540 11.037216 -16.103006 -41.287191 5.319113 -20.746701 -3.291552 -11.550225 3.794670 15.002356 2.117366 8.485325 23.598890 5.332436 12.581124 42.289109 8.122676 23.026503 4.353222 -5.335313 -2.635643 -13.650723 
3.827450 96.382022 -50.676000 -5.363497 0.260572 -1.677872 9.889636 6.739592 4.773782 -3.055111 -11.708820 1.261866 -7.338056 14.056536 3.263910 -0.000000 0.000000 0.000000 7.088929 -1.682783 -0.130072 0.884319 11.710398 -1.847955 -6.651097 -10.338844 -1.087342 -0.000000 0.000000 0.000000 4.222698 1.309049 -1.864209 7.433931 -3.373154 3.555090 -3.091722 1.628856 0.736232 -2.135319 -5.818472 -1.603930 -4.167061 8.548159 7.814840 -0.000000 0.000000 0.000000 1.335627 -9.489893 -28.136347 11.023555 -16.089741 -41.290387 5.280341 -20.700817 -3.283932 -11.516444 3.787273 14.981705 2.125369 8.494198 23.603038 5.341940 12.596686 42.308515 8.151821 23.016231 4.333307 -5.325513 -2.607877 -13.667455 
3.830180 96.381819 -50.675201 -5.362661 0.263500 -1.677536 9.891109 6.737623 4.773722 -3.059260 -11.714449 1.260775 -7.337304 14.056077 3.269335 -0.000000 0.000000 0.000000 7.090918 -1.683516 -0.132785 0.888685 11.710267 -1.847146 -6.646737 -10.339797 -1.086698 -0.000000 0.000000 0.000000 4.238148 1.311920 -1.871647 7.445726 -3.365341 3.555900 -3.092914 1.631245 0.735594 -2.148883 -5.815570 -1.585161 -4.144322 8.535679 7.810839 -0.000000 0.000000 0.000000 1.340120 -9.483495 -28.136027 11.015934 -16.078338 -41.286195 5.257104 -20.678130 -3.274049 -11.529829 3.784074 14.993272 2.128279 8.503937 23.617646 5.340997 12.601773 42.319403 8.169953 23.005061 4.318371 -5.334807 -2.609688 -13.669906 
3.832700 96.381724 -50.674701 -5.362213 0.266201 -1.677239 9.895673 6.736487 4.773208 -3.064313 -11.721296 1.257956 -7.334593 14.056255 3.270915 -0.000000 0.000000 0.000000 7.108153 -1.684249 -0.133932 0.866271 11.710767 -1.847922 -6.642360 -10.340809 -1.086448 -0.000000 0.000000 0.000000 4.246663 1.315634 -1.874762 7.460433 -3.360860 3.557038 -3.094352 1.633137 0.735035 -2.178027 -5.805338 -1.594989 -4.161462 8.532037 7.803330 -0.000000 0.000000 0.000000 1.342858 -9.498223 -28.134237 11.018394 -16.072257 -41.274980 5.276808 -20.652962 -3.270718 -11.539326 3.768763 14.993262 2.124044 8.516569 23.625745 5.336388 12.600566 42.333535 8.161349 23.018966 4.318071 -5.323909 -2.601080 -13.678870 
3.835240 96.381527 -50.674301 -5.362057 0.268810 -1.676961 9.911374 6.737178 4.771234 -3.093894 -11.723960 1.249684 -7.324050 14.056825 3.270202 -0.000000 0.000000 0.000000 7.125232 -1.684827 -0.134952 0.841695 11.708887 -1.854973 -6.641336 -10.341768 -1.086989 -0.000000 0.000000 0.000000 4.246094 1.321258 -1.875836 7.478902 -3.358170 3.558382 -3.096010 1.634741 0.734569 -2.200554 -5.789126 -1.606846 -4.180315 8.530213 7.784409 -0.000000 0.000000 0.000000 1.343455 -9.508225 -28.133346 11.022076 -16.066852 -41.286134 5.296884 -20.633692 -3.264449 -11.512947 3.769763 14.993133 2.122531 8.525281 23.624521 5.334272 12.604176 42.352935 8.158550 23.037414 4.313629 -5.326574 -2.606047 -13.667508 
3.837890 96.381325 -50.673902 -5.361993 0.273086 -1.676523 9.910815 6.736782 4.771139 -3.098675 -11.725278 1.246473 -7.321010 14.056925 3.270839 -0.000000 0.000000 0.000000 7.115335 -1.685360 -0.136850 0.845772 11.707128 -1.846146 -6.639902 -10.342647 -1.087430 -0.000000 0.000000 0.000000 4.245647 1.324429 -1.876588 7.478404 -3.356896 3.558401 -3.101232 1.636318 0.734303 -2.223795 -5.777371 -1.615498 -4.160482 8.534244 7.761542 -0.000000 0.000000 0.000000 1.349623 -9.496497 -28.133911 11.029013 -16.058417 -41.294618 5.296763 -20.627678 -3.263391 -11.548453 3.779483 14.989393 2.126625 8.515839 23.642261 5.336054 12.605550 42.348547 8.162125 23.048788 4.307636 -5.301761 -2.608136 -13.664311 
3.841870 96.381229 -50.676197 -5.364799 0.280793 -1.675769 9.911556 6.736663 4.770860 -3.089217 -11.730033 1.238729 -7.324829 14.056401 3.272735 -0.000000 0.000000 0.000000 7.100777 -1.685723 -0.139165 0.871630 11.704684 -1.849299 -6.642745 -10.343543 -1.088781 -0.000000 0.000000 0.000000 4.253763 1.329768 -1.877630 7.481903 -3.353582 3.558210 -3.111474 1.638100 0.734246 -2.255699 -5.764110 -1.617105 -4.166863 8.538073 7.750143 -0.000000 0.000000 0.000000 1.354002 -9.484060 -28.148376 11.037605 -16.050232 -41.284900 5.294217 -20.637577 -3.260956 -11.539359 3.801988 14.988909 2.127043 8.513390 23.664894 5.328948 12.603149 42.343236 8.116492 23.056507 4.313806 -5.303883 -2.635377 -13.673790 
3.846120 96.381021 -50.679296 -5.380187 0.284565 -1.675359 9.912192 6.736581 4.770603 -3.082044 -11.740747 1.236380 -7.331992 14.055809 3.275316 -0.000000 0.000000 0.000000 7.124077 -1.686529 -0.141150 0.858138 11.703533 -1.846609 -6.641179 -10.344136 -1.089130 -0.000000 0.000000 0.000000 4.264769 1.335351 -1.878696 7.500735 -3.347947 3.558565 -3.111754 1.642366 0.734078 -2.283568 -5.753149 -1.618250 -4.208580 8.534801 7.752052 -0.000000 0.000000 0.000000 1.351717 -9.483213 -28.164596 11.043580 -16.044889 -41.274863 5.293816 -20.645236 -3.256097 -11.513279 3.801224 15.003781 2.125026 8.519833 23.677120 5.318174 12.600673 42.347479 8.110036 23.055342 4.300570 -5.314232 -2.628772 -13.692474 
3.848970 96.380919 -50.682199 -5.393285 0.284841 -1.675282 9.911304 6.736383 4.770595 -3.080345 -11.740709 1.234598 -7.334485 14.055825 3.276634 -0.000000 0.000000 0.000000 7.139955 -1.687165 -0.143593 0.854166 11.702473 -1.844622 -6.643010 -10.344697 -1.090067 -0.000000 0.000000 0.000000 4.265188 1.337981 -1.879206 7.503724 -3.343104 3.557726 -3.110636 1.645393 0.733845 -2.300176 -5.752685 -1.624901 -4.225282 8.534631 7.752718 -0.000000 0.000000 0.000000 1.352140 -9.482727 -28.161431 11.037541 -16.048479 -41.302011 5.306292 -20.628864 -3.235774 -11.512636 3.810279 15.010228 2.129355 8.518838 23.670995 5.304809 12.595848 42.366564 8.130087 23.046128 4.302713 -5.297368 -2.647176 -13.673898 
3.850260 96.380723 -50.685501 -5.395241 0.283266 -1.675406 9.915634 6.736355 4.767552 -3.076173 -11.738836 1.234849 -7.332101 14.055846 3.276752 -0.000000 0.000000 0.000000 7.134766 -1.687795 -0.145542 0.858331 11.701434 -1.845502 -6.641811 -10.340163 -1.089660 -0.000000 0.000000 0.000000 4.249060 1.339555 -1.879186 7.504001 -3.335173 3.555723 -3.108160 1.650651 0.733734 -2.298852 -5.744368 -1.640236 -4.240032 8.535267 7.746813 -0.000000 0.000000 0.000000 1.353457 -9.482108 -28.152492 11.031574 -16.051966 -41.329321 5.299951 -20.635792 -3.245867 -11.521525 3.821506 14.977547 2.139327 8.515413 23.665135 5.306741 12.596502 42.375848 8.142560 23.051762 4.311850 -5.297226 -2.650116 -13.657562 
3.851250 96.380526 -50.690800 -5.397030 0.272995 -1.676357 9.914581 6.735504 4.763844 -3.068001 -11.729528 1.234237 -7.334210 14.056224 3.277688 -0.000000 0.000000 0.000000 7.132491 -1.688555 -0.147021 0.858968 11.700906 -1.846387 -6.633597 -10.329089 -1.083566 -0.000000 0.000000 0.000000 4.228967 1.341387 -1.879067 7.503528 -3.331847 3.553814 -3.103781 1.657849 0.733713 -2.297231 -5.731847 -1.656735 -4.253725 8.538616 7.741234 -0.000000 0.000000 0.000000 1.354528 -9.479533 -28.151877 11.032764 -16.049184 -41.344577 5.296697 -20.644785 -3.248461 -11.537022 3.801156 14.976508 2.144084 8.510636 23.661913 5.304400 12.591758 42.382939 8.146694 23.056907 4.309122 -5.294972 -2.634772 -13.654463 
3.852010 96.380424 -50.698298 -5.398677 0.268338 -1.676780 9.909560 6.734652 4.761650 -3.062460 -11.723796 1.233943 -7.334053 14.056611 3.277900 -0.000000 0.000000 0.000000 7.128960 -1.689194 -0.148366 0.859290 11.700494 -1.846517 -6.623715 -10.328152 -1.079249 -0.000000 0.000000 0.000000 4.208193 1.343241 -1.878948 7.492686 -3.331942 3.551445 -3.101008 1.667326 0.733902 -2.297202 -5.711977 -1.684880 -4.279238 8.558743 7.732632 -0.000000 0.000000 0.000000 1.361774 -9.465116 -28.153027 11.028674 -16.050757 -41.370248 5.309385 -20.647886 -3.246781 -11.544274 3.799984 14.997145 2.154617 8.491602 23.658380 5.294779 12.580810 42.384477 8.131814 23.048565 4.316623 -5.288617 -2.635731 -13.677777 
3.852570 96.380222 -50.708002 -5.400767 0.268016 -1.676784 9.897309 6.733463 4.761687 -3.046390 -11.721237 1.235430 -7.335445 14.056998 3.278215 -0.000000 0.000000 0.000000 7.121562 -1.690328 -0.149596 0.860808 11.700145 -1.846596 -6.625679 -10.328138 -1.077234 -0.000000 0.000000 0.000000 4.190213 1.344798 -1.878903 7.484744 -3.332046 3.549281 -3.099576 1.668414 0.733719 -2.284039 -5.693239 -1.703731 -4.305421 8.582367 7.739038 -0.000000 0.000000 0.000000 1.365261 -9.457643 -28.153795 11.035820 -16.043410 -41.367052 5.319767 -20.653126 -3.264543 -11.527376 3.780866 14.974760 2.161890 8.479555 23.654209 5.271974 12.562866 42.404326 8.100893 23.004267 4.344338 -5.241148 -2.634146 -13.672140 
3.853000 96.380019 -50.720799 -5.402908 0.268014 -1.676768 9.887125 6.732601 4.761895 -3.032840 -11.719037 1.236936 -7.336319 14.057378 3.277979 -0.000000 0.000000 0.000000 7.110920 -1.686520 -0.151360 0.872843 11.699659 -1.847611 -6.630363 -10.326056 -1.075367 -0.000000 0.000000 0.000000 4.179694 1.345774 -1.879058 7.477004 -3.332271 3.547325 -3.097893 1.669364 0.733559 -2.277712 -5.688825 -1.707281 -4.314977 8.587550 7.743921 -0.000000 0.000000 0.000000 1.364677 -9.458142 -28.152546 11.036155 -16.042336 -41.371486 5.319661 -20.647754 -3.269559 -11.521586 3.779341 14.972209 2.163955 8.480019 23.648741 5.267646 12.557694 42.410986 8.117223 22.995791 4.353334 -5.217560 -2.624816 -13.665536 
3.853340 96.379822 -50.732899 -5.405371 0.263140 -1.677199 9.865403 6.730748 4.763821 -2.990859 -11.710316 1.243605 -7.339713 14.057980 3.277155 -0.000000 0.000000 0.000000 7.099008 -1.682366 -0.153189 0.889893 11.698922 -1.847284 -6.628360 -10.320328 -1.063297 -0.000000 0.000000 0.000000 4.166174 1.346490 -1.879190 7.447210 -3.333991 3.543967 -3.081979 1.670378 0.733017 -2.263541 -5.700489 -1.709270 -4.348408 8.580011 7.770246 -0.000000 0.000000 0.000000 1.365539 -9.460636 -28.134387 11.024245 -16.049548 -41.419096 5.326058 -20.609829 -3.249839 -11.508461 3.784085 14.987032 2.168967 8.480801 23.627731 5.276801 12.541570 42.425551 8.194939 23.027445 4.328628 -5.244267 -2.608887 -13.637617 
3.853650 96.380621 -50.747895 -5.408009 0.243998 -1.678983 9.855626 6.730122 4.764746 -2.982872 -11.695254 1.245566 -7.339116 14.058485 3.274735 -0.000000 0.000000 0.000000 7.082080 -1.678373 -0.153134 0.897301 11.698721 -1.843532 -6.616511 -10.316527 -1.056246 -0.000000 0.000000 0.000000 4.140945 1.347275 -1.879151 7.439380 -3.334436 3.541962 -3.067405 1.671300 0.732546 -2.264424 -5.705265 -1.712859 -4.382899 8.571628 7.797421 -0.000000 0.000000 0.000000 1.362855 -9.463692 -28.137623 11.030781 -16.038884 -41.398005 5.312914 -20.632735 -3.274573 -11.522168 3.768234 14.996523 2.172263 8.481603 23.613505 5.266198 12.548673 42.437195 8.178332 23.025051 4.348484 -5.246643 -2.621308 -13.657851 
3.849370 96.383125 -50.762296 -5.410206 0.217230 -1.687985 9.847189 6.730312 4.769523 -2.983651 -11.672393 1.245952 -7.339769 14.059105 3.272441 -0.000000 0.000000 0.000000 7.064593 -1.676462 -0.149073 0.893207 11.698777 -1.840491 -6.607142 -10.304554 -1.047566 -0.000000 0.000000 0.000000 4.125701 1.347251 -1.879386 7.431436 -3.334890 3.540336 -3.059117 1.672080 0.732290 -2.287144 -5.701600 -1.726382 -4.424588 8.564175 7.805718 -0.000000 0.000000 0.000000 1.363452 -9.465769 -28.122764 11.029472 -16.037159 -41.405512 5.336490 -20.635216 -3.276517 -11.518487 3.767281 14.977440 2.175591 8.482099 23.599465 5.263046 12.546913 42.445285 8.207769 23.031412 4.334572 -5.269835 -2.607815 -13.663206 
3.845780 96.385723 -50.777400 -5.404515 0.200068 -1.694243 9.833060 6.729898 4.774540 -2.984263 -11.659448 1.246719 -7.331363 14.060901 3.263217 -0.000000 0.000000 0.000000 7.038268 -1.675858 -0.138909 0.908694 11.698460 -1.843660 -6.589994 -10.291852 -1.034019 -0.000000 0.000000 0.000000 4.116106 1.346056 -1.884736 7.420372 -3.333998 3.550829 -3.048838 1.672034 0.747760 -2.317821 -5.689079 -1.744710 -4.481805 8.569399 7.828219 -0.000000 0.000000 0.000000 1.358127 -9.479684 -28.104418 11.021152 -16.040788 -41.438381 5.336141 -20.638838 -3.274138 -11.531090 3.796267 15.042146 2.177384 8.482447 23.598110 5.248263 12.525359 42.429174 8.183605 23.034119 4.354132 -5.273765 -2.620714 -13.688109 
3.842410 96.388322 -50.794500 -5.396159 0.203438 -1.696895 9.808993 6.728628 4.780264 -2.981011 -11.655009 1.249037 -7.316677 14.062445 3.254923 -0.000000 0.000000 0.000000 7.017751 -1.660083 -0.132128 0.909782 11.698286 -1.847999 -6.580700 -10.289954 -1.028273 -0.000000 0.000000 0.000000 4.105083 1.333046 -1.901165 7.403244 -3.335138 3.547876 -3.041693 1.672252 0.757906 -2.325673 -5.668414 -1.760064 -4.548996 8.588128 7.865357 -0.000000 0.000000 0.000000 1.351599 -9.494387 -28.091298 11.025854 -16.035800 -41.423700 5.330560 -20.645969 -3.305435 -11.546841 3.798234 15.029181 2.182603 8.478319 23.587481 5.242378 12.532340 42.443752 8.214905 23.005750 4.351768 -5.260786 -2.631673 -13.706410 
3.839260 96.389824 -50.811899 -5.390461 0.184223 -1.703979 9.785692 6.727315 4.785413 -2.966083 -11.641077 1.254282 -7.313773 14.062900 3.253214 -0.000000 0.000000 0.000000 6.994355 -1.659631 -0.129223 0.913680 11.698449 -1.838757 -6.575956 -10.290670 -1.024364 -0.000000 0.000000 0.000000 4.089284 1.330433 -1.904961 7.383423 -3.336384 3.544853 -3.039497 1.672803 0.761490 -2.307207 -5.646813 -1.766115 -4.571822 8.604751 7.873719 -0.000000 0.000000 0.000000 1.352014 -9.493328 -28.089206 11.032567 -16.028845 -41.400411 5.359580 -20.639171 -3.316753 -11.525345 3.784642 15.007275 2.188379 8.477443 23.564359 5.231591 12.541524 42.464689 8.244010 22.988651 4.373205 -5.253692 -2.634904 -13.680112 
3.833330 96.391922 -50.827497 -5.400737 0.168078 -1.708957 9.787299 6.731164 4.785214 -2.954530 -11.638281 1.257077 -7.313858 14.063363 3.252615 -0.000000 0.000000 0.000000 6.991745 -1.659083 -0.125451 0.914603 11.698645 -1.836143 -6.572245 -10.280974 -1.019429 -0.000000 0.000000 0.000000 4.084768 1.329772 -1.906827 7.377583 -3.336558 3.543676 -3.036723 1.673500 0.763751 -2.294421 -5.647373 -1.781407 -4.564036 8.603465 7.868557 -0.000000 0.000000 0.000000 1.352124 -9.491648 -28.091401 11.032143 -16.022032 -41.373350 5.331174 -20.631429 -3.321521 -11.505573 3.803761 15.045150 2.200128 8.481138 23.563692 5.246482 12.524104 42.444761 8.228361 23.056558 4.400936 -5.254080 -2.633106 -13.681177 
3.828680 96.394217 -50.841302 -5.417030 0.158842 -1.712943 9.787635 6.735619 4.789065 -2.943275 -11.627741 1.260763 -7.315003 14.064092 3.249982 -0.000000 0.000000 0.000000 6.991466 -1.658482 -0.120883 0.915071 11.698946 -1.834368 -6.560658 -10.282062 -1.014141 -0.000000 0.000000 0.000000 4.074925 1.329562 -1.908377 7.374758 -3.333995 3.542424 -3.029886 1.674375 0.765790 -2.269735 -5.647416 -1.800427 -4.552568 8.601214 7.865171 -0.000000 0.000000 0.000000 1.353734 -9.489705 -28.084974 11.019773 -16.025504 -41.349826 5.297794 -20.625914 -3.331115 -11.514415 3.791535 15.062205 2.202484 8.479628 23.562930 5.243236 12.520807 42.446879 8.217190 23.079655 4.398215 -5.250881 -2.629413 -13.714749 
3.823250 96.396625 -50.855595 -5.420970 0.141557 -1.718039 9.787916 6.740100 4.793422 -2.944360 -11.610854 1.275197 -7.299253 14.061825 3.241237 -0.000000 0.000000 0.000000 6.987176 -1.657581 -0.112952 0.915372 11.699555 -1.832381 -6.547793 -10.268985 -1.005901 -0.000000 0.000000 0.000000 4.044137 1.330394 -1.909647 7.368817 -3.327441 3.540515 -3.025318 1.677707 0.768065 -2.219097 -5.640285 -1.815708 -4.550833 8.596962 7.864129 -0.000000 0.000000 0.000000 1.356864 -9.488726 -28.064581 11.013302 -16.031852 -41.346348 5.311485 -20.640932 -3.342091 -11.493920 3.784518 15.062554 2.204652 8.478046 23.557260 5.237351 12.519020 42.457321 8.200234 23.069107 4.409734 -5.258429 -2.623174 -13.708816 
3.817560 96.398818 -50.870401 -5.421530 0.123826 -1.730074 9.775401 6.742663 4.803713 -2.936783 -11.593157 1.278254 -7.296378 14.060045 3.236131 -0.000000 0.000000 0.000000 6.972055 -1.656170 -0.101911 0.915211 11.700104 -1.827717 -6.536136 -10.258662 -0.992418 -0.000000 0.000000 0.000000 4.024889 1.334092 -1.913507 7.363189 -3.320712 3.538642 -3.010645 1.684294 0.770392 -2.197034 -5.622525 -1.821843 -4.550260 8.609972 7.870519 -0.000000 0.000000 0.000000 1.356122 -9.497261 -28.034730 11.003432 -16.039371 -41.369224 5.306892 -20.656639 -3.351235 -11.525829 3.778389 15.038974 2.214174 8.486560 23.541064 5.234937 12.516628 42.457214 8.232723 23.071737 4.423127 -5.211496 -2.631224 -13.692125 
3.812340 96.400422 -50.886899 -5.421941 0.111567 -1.741143 9.767855 6.748116 4.814063 -2.942560 -11.583482 1.285550 -7.288777 14.058050 3.232601 -0.000000 0.000000 0.000000 6.954741 -1.655134 -0.093425 0.924787 11.700593 -1.818485 -6.524827 -10.249356 -0.983247 -0.000000 0.000000 0.000000 4.012669 1.342273 -1.920638 7.361095 -3.313436 3.536958 -3.004760 1.684675 0.773051 -2.192890 -5.608783 -1.811148 -4.551869 8.617322 7.893147 -0.000000 0.000000 0.000000 1.349665 -9.507784 -28.035202 11.002386 -16.040933 -41.358808 5.324152 -20.662040 -3.347899 -11.505170 3.780018 15.048015 2.218398 8.493157 23.537713 5.233216 12.517346 42.463108 8.248588 23.076848 4.423492 -5.201490 -2.636502 -13.683699 
3.808170 96.403629 -50.902998 -5.421981 0.112489 -1.749944 9.762034 6.753055 4.822701 -2.951734 -11.583964 1.292449 -7.277336 14.057195 3.224269 -0.000000 0.000000 0.000000 6.942848 -1.653982 -0.084543 0.928076 11.701052 -1.812166 -6.518159 -10.244528 -0.979044 -0.000000 0.000000 0.000000 4.004296 1.343005 -1.925997 7.355844 -3.313198 3.535963 -3.002015 1.684996 0.773740 -2.182702 -5.615668 -1.798527 -4.552820 8.611370 7.910500 -0.000000 0.000000 0.000000 1.347043 -9.510035 -28.040392 11.006089 -16.038861 -41.339462 5.327341 -20.650030 -3.350787 -11.488264 3.782076 15.058876 2.215455 8.499682 23.537338 5.233265 12.522677 42.476916 8.232147 23.060785 4.432162 -5.226803 -2.640456 -13.714270 
3.803810 96.406525 -50.918496 -5.422011 0.113779 -1.750411 9.758032 6.756604 4.832318 -2.972275 -11.584450 1.296623 -7.254150 14.056760 3.213484 -0.000000 0.000000 0.000000 6.930204 -1.652320 -0.071844 0.926216 11.701623 -1.810669 -6.502816 -10.243572 -0.972781 -0.000000 0.000000 0.000000 3.993347 1.343383 -1.934276 7.337084 -3.313875 3.534182 -2.991981 1.685330 0.774165 -2.164452 -5.622284 -1.785732 -4.566867 8.592807 7.937448 -0.000000 0.000000 0.000000 1.347774 -9.510755 -28.030259 11.000711 -16.042706 -41.354798 5.310805 -20.614219 -3.363777 -11.477300 3.811762 15.062866 2.214577 8.505450 23.522409 5.224359 12.535030 42.501626 8.270649 23.053598 4.440617 -5.229227 -2.658472 -13.700522 
3.799410 96.408218 -50.931096 -5.422023 0.115675 -1.750660 9.751474 6.756664 4.833576 -2.971774 -11.584235 1.296551 -7.249392 14.054422 3.209776 -0.000000 0.000000 0.000000 6.927437 -1.652281 -0.071053 0.919389 11.701946 -1.809570 -6.495473 -10.243334 -0.967839 -0.000000 0.000000 0.000000 3.984905 1.343994 -1.935533 7.332944 -3.313722 3.533228 -2.988880 1.685471 0.774752 -2.162442 -5.621856 -1.789519 -4.572062 8.592378 7.942008 -0.000000 0.000000 0.000000 1.347823 -9.511637 -28.025792 10.998604 -16.044283 -41.359996 5.314625 -20.616577 -3.366101 -11.476386 3.815161 15.063209 2.213299 8.508623 23.518399 5.224376 12.541187 42.510097 8.288164 23.057786 4.440672 -5.233868 -2.655357 -13.704484 
3.796300 96.408820 -50.943297 -5.421847 0.124042 -1.750172 9.742451 6.756252 4.834789 -2.975973 -11.583926 1.296494 -7.237965 14.049510 3.201775 -0.000000 0.000000 0.000000 6.921411 -1.652174 -0.070566 0.914985 11.695893 -1.808031 -6.490494 -10.243332 -0.963118 -0.000000 0.000000 0.000000 3.973254 1.344605 -1.935740 7.326702 -3.313759 3.532123 -2.983846 1.685574 0.775248 -2.157909 -5.618742 -1.802099 -4.589198 8.591218 7.946817 -0.000000 0.000000 0.000000 1.348504 -9.512585 -28.019492 11.003784 -16.038193 -41.364520 5.327313 -20.623789 -3.374616 -11.479506 3.798012 15.060065 2.212786 8.511460 23.509030 5.219740 12.546725 42.523027 8.304220 23.064370 4.443859 -5.240287 -2.631901 -13.712186 
3.793980 96.409327 -50.958097 -5.421677 0.131935 -1.749605 9.731449 6.755403 4.836087 -2.975540 -11.583717 1.296534 -7.227595 14.044967 3.194429 -0.000000 0.000000 0.000000 6.916892 -1.652159 -0.070158 0.905427 11.689600 -1.806266 -6.478652 -10.243473 -0.957208 -0.000000 0.000000 0.000000 3.962889 1.345063 -1.935944 7.319589 -3.313904 3.530915 -2.977749 1.685614 0.775681 -2.148257 -5.611979 -1.821141 -4.607832 8.590842 7.950844 -0.000000 0.000000 0.000000 1.350151 -9.514073 -28.013589 11.007363 -16.033676 -41.369676 5.343983 -20.630121 -3.382099 -11.484679 3.779011 15.056571 2.212729 8.513373 23.498792 5.214446 12.552396 42.533900 8.318085 23.065510 4.442780 -5.234909 -2.620551 -13.718402 
3.791740 96.409822 -50.970399 -5.421626 0.135886 -1.749317 9.723098 6.754628 4.836910 -2.978965 -11.583297 1.296609 -7.216120 14.042850 3.187464 -0.000000 0.000000 0.000000 6.909598 -1.652120 -0.069998 0.903817 11.685056 -1.805400 -6.474648 -10.243777 -0.952258 -0.000000 0.000000 0.000000 3.950509 1.345497 -1.936043 7.315423 -3.314062 3.528521 -2.969569 1.685627 0.776035 -2.129079 -5.602753 -1.841128 -4.620974 8.600685 7.954636 -0.000000 0.000000 0.000000 1.353590 -9.515983 -28.003006 11.007482 -16.033040 -41.373698 5.358602 -20.619532 -3.381060 -11.485013 3.776189 15.055279 2.213519 8.514964 23.483196 5.203200 12.563695 42.542779 8.322743 23.054943 4.451741 -5.231534 -2.617870 -13.725917 
3.789510 96.410227 -50.984001 -5.421562 0.139310 -1.748998 9.713053 6.753531 4.837884 -2.979305 -11.583010 1.296689 -7.207502 14.039610 3.181070 -0.000000 0.000000 0.000000 6.896868 -1.651902 -0.069973 0.914663 11.678704 -1.807020 -6.471289 -10.243856 -0.950203 -0.000000 0.000000 0.000000 3.937666 1.345891 -1.936073 7.312240 -3.314454 3.523913 -2.961759 1.685605 0.776385 -2.102015 -5.594777 -1.861149 -4.629396 8.612520 7.957814 -0.000000 0.000000 0.000000 1.356890 -9.517595 -27.994520 11.007774 -16.032305 -41.375786 5.367865 -20.618968 -3.382161 -11.485127 3.775521 15.054263 2.214161 8.516616 23.468612 5.196209 12.570605 42.546816 8.345656 23.063438 4.449473 -5.231505 -2.614025 -13.735650 
3.787560 96.410620 -50.998002 -5.421395 0.145701 -1.748342 9.698676 6.752022 4.839366 -2.971158 -11.582538 1.298674 -7.200080 14.035638 3.176135 -0.000000 0.000000 0.000000 6.883294 -1.651853 -0.070124 0.923684 11.672005 -1.808576 -6.467182 -10.244054 -0.948084 -0.000000 0.000000 0.000000 3.929460 1.346126 -1.936112 7.310757 -3.314771 3.519212 -2.955508 1.685520 0.776773 -2.077767 -5.592103 -1.884096 -4.643750 8.621404 7.961726 -0.000000 0.000000 0.000000 1.359971 -9.522101 -27.985424 11.010799 -16.029096 -41.371719 5.386814 -20.621492 -3.392923 -11.485066 3.775013 15.053161 2.215378 8.518634 23.448807 5.181460 12.568180 42.550850 8.348203 23.078277 4.463365 -5.225802 -2.604763 -13.738308 
3.785580 96.410918 -51.013798 -5.421132 0.154020 -1.747446 9.681875 6.750219 4.841228 -2.960921 -11.582013 1.300508 -7.193459 14.030712 3.171284 -0.000000 0.000000 0.000000 6.872321 -1.651820 -0.070212 0.928156 11.665254 -1.809654 -6.461884 -10.244188 -0.945806 -0.000000 0.000000 0.000000 3.928634 1.346125 -1.936254 7.304572 -3.315491 3.513136 -2.946286 1.685460 0.777076 -2.054600 -5.592137 -1.907974 -4.662395 8.630695 7.966290 -0.000000 0.000000 0.000000 1.364840 -9.527714 -27.974212 11.014650 -16.025099 -41.365348 5.392865 -20.616958 -3.396818 -11.485053 3.774344 15.051950 2.217109 8.520895 23.424983 5.165759 12.564322 42.554525 8.348294 23.086703 4.477010 -5.217583 -2.604849 -13.741759 
3.783610 96.411228 -51.032597 -5.420784 0.164442 -1.746322 9.659509 6.747949 4.843912 -2.949319 -11.581728 1.301887 -7.185677 14.025987 3.166063 -0.000000 0.000000 0.000000 6.856725 -1.651775 -0.070420 0.933309 11.658376 -1.810945 -6.456520 -10.244412 -0.943650 -0.000000 0.000000 0.000000 3.938143 1.345987 -1.934276 7.297661 -3.316140 3.507830 -2.941287 1.685336 0.777509 -2.037395 -5.592519 -1.928182 -4.675902 8.640204 7.969970 -0.000000 0.000000 0.000000 1.365467 -9.532252 -27.969249 11.018659 -16.020800 -41.359876 5.389823 -20.600755 -3.396463 -11.483928 3.773383 15.050785 2.217887 8.524034 23.406450 5.156759 12.557559 42.551433 8.352883 23.086359 4.483166 -5.199812 -2.608895 -13.744048 
3.781670 96.411520 -51.062596 -5.420089 0.184635 -1.744224 9.623184 6.744677 4.848451 -2.947997 -11.589899 1.301886 -7.169558 14.014295 3.158047 -0.000000 0.000000 0.000000 6.822916 -1.651412 -0.071077 0.946676 11.654743 -1.812796 -6.448910 -10.247655 -0.941639 -0.000000 0.000000 0.000000 3.972244 1.337002 -1.933301 7.284647 -3.316659 3.505724 -2.941242 1.685146 0.778103 -2.031554 -5.592887 -1.944712 -4.698544 8.640739 7.974434 -0.000000 0.000000 0.000000 1.355328 -9.549610 -27.978673 11.022006 -15.999037 -41.340788 5.383826 -20.593622 -3.398296 -11.489562 3.754826 15.047484 2.210485 8.543902 23.395155 5.147075 12.545236 42.534891 8.354566 23.082885 4.477056 -5.176908 -2.613360 -13.744139 
3.779830 96.411723 -51.081598 -5.417997 0.193550 -1.743165 9.610567 6.743550 4.851027 -2.960766 -11.598867 1.297958 -7.158841 14.011984 3.152377 -0.000000 0.000000 0.000000 6.821446 -1.651265 -0.070786 0.934386 11.655346 -1.810425 -6.432047 -10.257442 -0.938812 -0.000000 0.000000 0.000000 3.999135 1.330795 -1.932305 7.288247 -3.316035 3.505236 -2.941675 1.682857 0.778543 -2.044103 -5.593673 -1.932296 -4.709249 8.641106 7.976831 -0.000000 0.000000 0.000000 1.352231 -9.551443 -27.993295 11.027324 -15.977522 -41.322520 5.377652 -20.599855 -3.400942 -11.494153 3.754472 15.038143 2.207743 8.548310 23.401991 5.150706 12.542760 42.511016 8.392057 23.082801 4.448773 -5.193715 -2.584728 -13.732692 
3.779210 96.411920 -51.093400 -5.423927 0.193314 -1.742949 9.622472 6.745079 4.853067 -2.985533 -11.607077 1.291789 -7.147322 14.012707 3.146856 -0.000000 0.000000 0.000000 6.821757 -1.651098 -0.070386 0.919626 11.656726 -1.808141 -6.434956 -10.257632 -0.941232 -0.000000 0.000000 0.000000 4.020373 1.329523 -1.931476 7.302700 -3.314633 3.505737 -2.942310 1.680963 0.779238 -2.047698 -5.595015 -1.905310 -4.690875 8.645190 7.974649 -0.000000 0.000000 0.000000 1.349556 -9.550474 -28.013348 11.052868 -15.957052 -41.286739 5.401547 -20.604885 -3.385163 -11.466507 3.765612 15.043826 2.203849 8.550824 23.425726 5.182577 12.545339 42.489708 8.401612 23.109221 4.408629 -5.248811 -2.612001 -13.717912 
3.776570 96.412128 -51.115000 -5.434123 0.192297 -1.742780 9.608658 6.744487 4.857100 -2.964917 -11.607143 1.295841 -7.146368 14.011208 3.158362 -0.000000 0.000000 0.000000 6.808585 -1.650632 -0.070473 0.938129 11.657531 -1.810428 -6.427837 -10.257206 -0.948120 -0.000000 0.000000 0.000000 4.058890 1.328408 -1.931185 7.316992 -3.313145 3.506289 -2.942997 1.679133 0.776302 -2.067776 -5.595377 -1.882751 -4.628286 8.655264 7.959114 -0.000000 0.000000 0.000000 1.347785 -9.548544 -28.030883 11.062180 -15.965321 -41.263786 5.378599 -20.596795 -3.383173 -11.491717 3.780379 15.056879 2.216674 8.545861 23.439048 5.185898 12.550710 42.467301 8.391519 23.120116 4.425369 -5.255891 -2.627200 -13.726812 
3.773580 96.412325 -51.123798 -5.451477 0.191120 -1.742620 9.626684 6.751224 4.855858 -2.972654 -11.606896 1.293689 -7.142174 14.011929 3.153823 -0.000000 0.000000 0.000000 6.828400 -1.650445 -0.069625 0.927675 11.666375 -1.808967 -6.420314 -10.256514 -0.952899 -0.000000 0.000000 0.000000 4.101522 1.327512 -1.931083 7.332923 -3.307672 3.506225 -2.943635 1.677319 0.773075 -2.091801 -5.589840 -1.873337 -4.617027 8.645332 7.932054 -0.000000 0.000000 0.000000 1.349886 -9.540766 -28.045852 11.067694 -15.950203 -41.254387 5.374144 -20.607359 -3.385201 -11.490677 3.772078 15.065001 2.212133 8.539882 23.464203 5.205824 12.539355 42.452550 8.395934 23.119419 4.415539 -5.232764 -2.632134 -13.724221 
3.770760 96.412426 -51.128501 -5.457373 0.182120 -1.743210 9.637489 6.763265 4.854117 -2.983408 -11.606598 1.291219 -7.134964 14.014099 3.140191 -0.000000 0.000000 0.000000 6.843821 -1.649946 -0.068895 0.903951 11.671465 -1.803177 -6.409523 -10.256535 -0.955286 -0.000000 0.000000 0.000000 4.114406 1.327610 -1.930454 7.373378 -3.303029 3.507766 -2.943553 1.675609 0.769756 -2.107406 -5.573182 -1.863152 -4.642984 8.632255 7.927635 -0.000000 0.000000 0.000000 1.352503 -9.540492 -28.051539 11.062399 -15.933484 -41.255880 5.382927 -20.624819 -3.382271 -11.471161 3.763873 15.072698 2.217346 8.552440 23.491694 5.219574 12.523882 42.435963 8.405843 23.104820 4.407302 -5.266636 -2.585179 -13.747630 
3.768650 96.412623 -51.142502 -5.453495 0.176076 -1.743510 9.616363 6.764121 4.856790 -2.975228 -11.606677 1.292299 -7.127334 14.012413 3.164200 -0.000000 0.000000 0.000000 6.828607 -1.649687 -0.069053 0.899507 11.669698 -1.803524 -6.398921 -10.256586 -0.957389 -0.000000 0.000000 0.000000 4.120592 1.327544 -1.929850 7.391315 -3.300375 3.508283 -2.959130 1.673898 0.767043 -2.113599 -5.561127 -1.862735 -4.588169 8.658131 7.915666 -0.000000 0.000000 0.000000 1.364014 -9.535435 -28.068658 11.093194 -15.948179 -41.249326 5.372251 -20.647185 -3.376487 -11.506779 3.795703 15.023141 2.233692 8.540669 23.515878 5.255640 12.543769 42.433084 8.430350 23.095680 4.383994 -5.213427 -2.631259 -13.705382 
3.767290 96.412718 -51.146197 -5.482512 0.175314 -1.743316 9.669815 6.771480 4.852184 -3.011280 -11.624224 1.284253 -7.121060 14.027343 3.153564 -0.000000 0.000000 0.000000 6.852686 -1.640137 -0.069142 0.917854 11.684022 -1.805409 -6.416410 -10.262131 -0.961703 -0.000000 0.000000 0.000000 4.138807 1.314760 -1.928857 7.414095 -3.297755 3.509628 -2.964515 1.672632 0.764397 -2.082524 -5.565551 -1.831118 -4.546853 8.655398 7.896581 -0.000000 0.000000 0.000000 1.362520 -9.513816 -28.094754 11.101528 -15.930896 -41.236443 5.387554 -20.633550 -3.382060 -11.455448 3.766844 15.051711 2.233321 8.537337 23.541501 5.274077 12.539798 42.452631 8.406122 23.052001 4.385703 -5.225405 -2.627830 -13.681124 
3.766320 96.412820 -51.149100 -5.510868 0.175866 -1.743014 9.700576 6.777806 4.858173 -3.021906 -11.637641 1.280378 -7.123563 14.033526 3.165631 -0.000000 0.000000 0.000000 6.875956 -1.635585 -0.068636 0.929575 11.689849 -1.806884 -6.426228 -10.276855 -0.986026 -0.000000 0.000000 0.000000 4.157695 1.309045 -1.935162 7.444076 -3.303494 3.523725 -2.968929 1.671732 0.763247 -2.092616 -5.588530 -1.813514 -4.485549 8.663622 7.882310 -0.000000 0.000000 0.000000 1.373112 -9.510060 -28.114707 11.073969 -15.941624 -41.259127 5.305543 -20.601121 -3.383356 -11.495203 3.840923 15.079478 2.234624 8.523771 23.578800 5.304111 12.550843 42.441658 8.410901 23.057484 4.365355 -5.263068 -2.629155 -13.722111 
3.765600 96.412927 -51.153100 -5.526722 0.183230 -1.742072 9.704389 6.779505 4.857754 -3.010833 -11.637527 1.282684 -7.124411 14.020740 3.172155 -0.000000 0.000000 0.000000 6.882118 -1.647445 -0.066672 0.943833 11.684271 -1.810396 -6.420646 -10.264485 -0.983793 -0.000000 0.000000 0.000000 4.159522 1.306488 -1.944395 7.490256 -3.313306 3.546835 -2.993792 1.671318 0.764451 -2.097787 -5.604058 -1.801766 -4.460128 8.648292 7.877546 -0.000000 0.000000 0.000000 1.389518 -9.518103 -28.131431 11.084721 -15.956657 -41.264526 5.360005 -20.620365 -3.348974 -11.488980 3.840246 15.042472 2.238033 8.508066 23.608190 5.308879 12.540938 42.433917 8.404249 23.061830 4.349171 -5.272990 -2.618681 -13.703478 
3.765010 96.413124 -51.154995 -5.552701 0.194534 -1.740761 9.719880 6.782310 4.867722 -2.996339 -11.637587 1.275152 -7.146020 14.016434 3.169529 -0.000000 0.000000 0.000000 6.907477 -1.649640 -0.065233 0.951362 11.681691 -1.805057 -6.440400 -10.260115 -1.000767 -0.000000 0.000000 0.000000 4.171342 1.304145 -1.946858 7.512107 -3.314587 3.550912 -2.992703 1.673260 0.765658 -2.097035 -5.606067 -1.767796 -4.475102 8.625884 7.879543 -0.000000 0.000000 0.000000 1.393068 -9.513560 -28.141618 11.091007 -15.950193 -41.260539 5.349465 -20.658525 -3.379409 -11.482805 3.796785 15.057493 2.238314 8.505209 23.623885 5.310747 12.529128 42.441490 8.359854 23.039177 4.377193 -5.261697 -2.621480 -13.693940 
3.764430 96.413326 -51.165795 -5.564344 0.199920 -1.740070 9.698281 6.776765 4.873435 -2.946673 -11.636030 1.268358 -7.160212 14.010901 3.180114 -0.000000 0.000000 0.000000 6.899234 -1.648538 -0.065041 0.972903 11.681394 -1.798339 -6.442976 -10.258036 -1.003831 -0.000000 0.000000 0.000000 4.192646 1.313773 -1.960403 7.523876 -3.310149 3.564339 -3.004545 1.675916 0.767484 -2.143640 -5.598809 -1.735728 -4.438705 8.628215 7.886987 -0.000000 0.000000 0.000000 1.392450 -9.517516 -28.146112 11.070322 -15.965643 -41.287875 5.332108 -20.667579 -3.373164 -11.486761 3.813426 15.043938 2.250446 8.505109 23.654502 5.326912 12.509408 42.415245 8.369978 23.071913 4.368511 -5.212551 -2.641564 -13.699563 
3.763730 96.411425 -51.176298 -5.576430 0.187685 -1.741128 9.690685 6.776436 4.876288 -2.913774 -11.635369 1.265695 -7.179661 14.018609 3.197206 -0.000000 0.000000 0.000000 6.894385 -1.647270 -0.064695 0.992318 11.687923 -1.796475 -6.457875 -10.255654 -1.011428 -0.000000 0.000000 0.000000 4.211061 1.324815 -1.964966 7.543557 -3.298839 3.568628 -3.027199 1.677792 0.769395 -2.194211 -5.589464 -1.694903 -4.430742 8.620898 7.895877 -0.000000 0.000000 0.000000 1.380333 -9.523811 -28.166973 11.067777 -15.966505 -41.273280 5.326683 -20.666316 -3.379139 -11.462067 3.816018 15.047443 2.245269 8.513939 23.673879 5.303233 12.480293 42.414561 8.304222 23.042393 4.418577 -5.140523 -2.647210 -13.688577 
3.763010 96.409327 -51.182699 -5.595161 0.170490 -1.742735 9.704335 6.790138 4.884432 -2.906810 -11.635202 1.267221 -7.194335 14.024660 3.191352 -0.000000 0.000000 0.000000 6.903570 -1.646024 -0.060011 1.002562 11.699300 -1.797822 -6.469073 -10.251185 -1.033299 -0.000000 0.000000 0.000000 4.249418 1.326430 -1.960252 7.557838 -3.285070 3.570286 -3.052038 1.677660 0.770671 -2.241407 -5.566460 -1.665574 -4.482201 8.600110 7.897202 -0.000000 0.000000 0.000000 1.363533 -9.518344 -28.196533 11.075317 -15.929109 -41.238226 5.305657 -20.691025 -3.375369 -11.433222 3.784641 15.053180 2.234744 8.533191 23.694073 5.298048 12.478019 42.422224 8.293115 23.031752 4.419487 -5.103559 -2.623038 -13.698160 
3.762290 96.407425 -51.197201 -5.595063 0.152400 -1.748547 9.701150 6.799361 4.889173 -2.898251 -11.625120 1.269143 -7.198104 14.013397 3.205325 -0.000000 0.000000 0.000000 6.891036 -1.656802 -0.056300 1.015211 11.699403 -1.798584 -6.466935 -10.231302 -1.042624 -0.000000 0.000000 0.000000 4.288448 1.327513 -1.956015 7.561197 -3.286578 3.572721 -3.076300 1.676005 0.770077 -2.319652 -5.557372 -1.659088 -4.499906 8.591012 7.879318 -0.000000 0.000000 0.000000 1.357117 -9.519126 -28.218676 11.068753 -15.930290 -41.234480 5.255997 -20.662658 -3.343117 -11.482488 3.793705 15.059991 2.231111 8.534116 23.721433 5.295107 12.471219 42.403342 8.274624 23.071406 4.400392 -5.113618 -2.640630 -13.676068 
3.761570 96.405417 -51.200902 -5.593052 0.153096 -1.751549 9.710965 6.816002 4.889279 -2.929055 -11.626908 1.263977 -7.192581 14.002737 3.201022 -0.000000 0.000000 0.000000 6.896268 -1.660563 -0.052629 0.996887 11.700204 -1.794960 -6.475622 -10.228481 -1.048731 -0.000000 0.000000 0.000000 4.304033 1.318439 -1.951089 7.572183 -3.289068 3.573746 -3.095603 1.673700 0.768474 -2.379982 -5.543357 -1.655086 -4.532175 8.578930 7.847089 -0.000000 0.000000 0.000000 1.353190 -9.520597 -28.232210 11.061640 -15.915676 -41.243032 5.270975 -20.634775 -3.321108 -11.438706 3.813410 15.033973 2.227757 8.529271 23.738774 5.280263 12.456239 42.395443 8.253472 23.090042 4.382617 -5.128500 -2.639353 -13.669685 
3.760870 96.402222 -51.201302 -5.590106 0.169272 -1.753289 9.712352 6.829094 4.896082 -2.958228 -11.636031 1.258326 -7.185260 14.001631 3.187244 -0.000000 0.000000 0.000000 6.901685 -1.659096 -0.044432 0.970730 11.701169 -1.789103 -6.462745 -10.232760 -1.063140 -0.000000 0.000000 0.000000 4.315516 1.301226 -1.950407 7.571372 -3.290902 3.579038 -3.110652 1.671214 0.771515 -2.433479 -5.523923 -1.637470 -4.534765 8.592623 7.832839 -0.000000 0.000000 0.000000 1.352562 -9.525835 -28.258089 11.091107 -15.889324 -41.224539 5.285428 -20.645726 -3.318875 -11.447062 3.797215 15.022192 2.209896 8.529391 23.753202 5.285255 12.457537 42.383718 8.227176 23.098447 4.377840 -5.146094 -2.624567 -13.679130 
3.760180 96.399820 -51.201898 -5.586558 0.178963 -1.757151 9.688477 6.817581 4.906331 -2.941457 -11.639132 1.261316 -7.189403 14.000840 3.199773 -0.000000 0.000000 0.000000 6.896596 -1.657827 -0.041000 0.961398 11.701478 -1.786790 -6.467154 -10.236587 -1.067691 -0.000000 0.000000 0.000000 4.315995 1.310365 -1.969177 7.585643 -3.288489 3.599844 -3.119275 1.668900 0.783675 -2.503171 -5.511330 -1.610028 -4.526135 8.595926 7.829148 -0.000000 0.000000 0.000000 1.359659 -9.532913 -28.255303 11.083067 -15.888198 -41.241038 5.286853 -20.662196 -3.316092 -11.453619 3.812450 15.013625 2.212844 8.535047 23.775125 5.284224 12.446097 42.348643 8.232023 23.113053 4.367886 -5.128019 -2.638566 -13.667681 
3.759530 96.397525 -51.201999 -5.606000 0.183112 -1.758277 9.726641 6.818336 4.912248 -2.966632 -11.653367 1.255713 -7.200625 14.002246 3.192275 -0.000000 0.000000 0.000000 6.931484 -1.657492 -0.039678 0.955616 11.701579 -1.784484 -6.483033 -10.238086 -1.073301 -0.000000 0.000000 0.000000 4.314834 1.312431 -1.979297 7.623164 -3.284840 3.614411 -3.129106 1.667057 0.786214 -2.510094 -5.511907 -1.572425 -4.562722 8.574776 7.831215 -0.000000 0.000000 0.000000 1.358123 -9.533448 -28.259626 11.067681 -15.875911 -41.249884 5.282973 -20.661263 -3.306411 -11.444616 3.792503 15.010563 2.212396 8.537502 23.784888 5.291678 12.424947 42.337118 8.229250 23.092398 4.360451 -5.125052 -2.611848 -13.669319 
3.758910 96.395326 -51.199198 -5.617251 0.188095 -1.759139 9.737882 6.819526 4.918010 -2.959530 -11.654910 1.257441 -7.205849 14.001853 3.198751 -0.000000 0.000000 0.000000 6.937282 -1.663872 -0.038908 0.971524 11.700978 -1.786038 -6.482771 -10.238519 -1.075809 -0.000000 0.000000 0.000000 4.313289 1.324174 -1.985187 7.654869 -3.280908 3.628255 -3.144530 1.665637 0.787631 -2.502141 -5.515941 -1.538292 -4.541839 8.558709 7.824630 -0.000000 0.000000 0.000000 1.364239 -9.515942 -28.276688 11.063277 -15.871663 -41.253182 5.275492 -20.664814 -3.297548 -11.413716 3.789081 15.018032 2.225077 8.536318 23.805903 5.308314 12.428861 42.319576 8.245934 23.062717 4.336677 -5.147343 -2.584944 -13.673195 
3.758340 96.392924 -51.189798 -5.637453 0.200737 -1.758949 9.763014 6.825658 4.915517 -2.957251 -11.668609 1.256517 -7.219584 14.000087 3.215308 -0.000000 0.000000 0.000000 6.971193 -1.681570 -0.036403 0.965926 11.701015 -1.789308 -6.491754 -10.233275 -1.079249 -0.000000 0.000000 0.000000 4.300619 1.340677 -1.996607 7.696620 -3.274846 3.649605 -3.162663 1.665631 0.782638 -2.472488 -5.526224 -1.512449 -4.484447 8.551288 7.812901 -0.000000 0.000000 0.000000 1.374697 -9.492801 -28.284043 11.062762 -15.869373 -41.254316 5.239963 -20.682905 -3.294103 -11.428383 3.795676 14.993467 2.234139 8.521921 23.829418 5.343159 12.427172 42.296675 8.232903 23.067850 4.326010 -5.155030 -2.615534 -13.655545 
3.757830 96.390527 -51.173902 -5.659312 0.221357 -1.757529 9.801520 6.838252 4.910362 -2.974151 -11.690273 1.252883 -7.223342 14.000507 3.211403 -0.000000 0.000000 0.000000 7.012660 -1.687136 -0.035016 0.962405 11.700966 -1.794721 -6.501779 -10.242196 -1.098527 -0.000000 0.000000 0.000000 4.286609 1.339427 -1.997420 7.732727 -3.271083 3.653013 -3.178500 1.678338 0.773698 -2.435048 -5.537915 -1.492319 -4.419256 8.553993 7.797550 -0.000000 0.000000 0.000000 1.384880 -9.466240 -28.304655 11.066705 -15.863290 -41.234995 5.237968 -20.677858 -3.304175 -11.427433 3.791636 14.991900 2.245877 8.506119 23.847243 5.348589 12.401781 42.287341 8.178272 23.033478 4.362473 -5.115637 -2.599139 -13.645511 
3.759280 96.388024 -51.164502 -5.671842 0.240847 -1.755671 9.816203 6.840019 4.909614 -2.966984 -11.713579 1.252171 -7.231598 13.999226 3.224390 -0.000000 0.000000 0.000000 7.041949 -1.700913 -0.038816 0.953268 11.701124 -1.796778 -6.506068 -10.245967 -1.101735 -0.000000 0.000000 0.000000 4.270062 1.357117 -2.007196 7.772920 -3.264751 3.672556 -3.200627 1.681662 0.768063 -2.415334 -5.543072 -1.484632 -4.354815 8.573780 7.779761 -0.000000 0.000000 0.000000 1.394173 -9.439724 -28.330635 11.057604 -15.849983 -41.233788 5.183717 -20.677185 -3.302155 -11.408232 3.832928 15.010491 2.266079 8.482613 23.887423 5.376767 12.383111 42.242594 8.161846 23.043287 4.370040 -5.090729 -2.600174 -13.657264 
3.764530 96.385324 -51.149398 -5.682026 0.256639 -1.753481 9.844439 6.842615 4.907208 -2.985742 -11.736144 1.246061 -7.244407 13.997791 3.240127 -0.000000 0.000000 0.000000 7.067556 -1.702125 -0.041273 0.952948 11.701423 -1.798046 -6.515812 -10.260286 -1.116446 -0.000000 0.000000 0.000000 4.259537 1.361004 -2.016126 7.801183 -3.259896 3.685766 -3.222134 1.684792 0.762535 -2.398928 -5.534960 -1.470150 -4.293519 8.601833 7.755207 -0.000000 0.000000 0.000000 1.409021 -9.402387 -28.359482 11.074070 -15.817763 -41.205087 5.161053 -20.705581 -3.320891 -11.407608 3.831350 15.014834 2.277069 8.458585 23.927732 5.398220 12.371411 42.211054 8.131433 23.018267 4.377071 -5.079050 -2.604664 -13.641654 
3.768660 96.381527 -51.139301 -5.681851 0.259855 -1.751939 9.860459 6.844154 4.906327 -3.003249 -11.742334 1.242775 -7.252448 13.997802 3.245070 -0.000000 0.000000 0.000000 7.079350 -1.702689 -0.045501 0.945568 11.701857 -1.797204 -6.529849 -10.259513 -1.126538 -0.000000 0.000000 0.000000 4.246107 1.365218 -2.017671 7.826674 -3.255895 3.694819 -3.246050 1.693445 0.752927 -2.394873 -5.505282 -1.463494 -4.250318 8.612612 7.718791 -0.000000 0.000000 0.000000 1.417824 -9.373428 -28.390958 11.096858 -15.788177 -41.173182 5.154622 -20.682336 -3.333367 -11.392527 3.800624 14.929637 2.283500 8.444629 23.972919 5.417756 12.353871 42.194051 8.102611 22.993080 4.354165 -5.075553 -2.599124 -13.620647 
3.771760 96.378124 -51.129198 -5.683642 0.262884 -1.750083 9.866722 6.844455 4.906658 -3.009465 -11.753152 1.238952 -7.257673 13.999164 3.248267 -0.000000 0.000000 0.000000 7.084462 -1.711119 -0.049578 0.945445 11.702165 -1.796930 -6.538360 -10.258031 -1.138569 -0.000000 0.000000 0.000000 4.239456 1.370550 -2.019000 7.852941 -3.250579 3.702834 -3.266948 1.697925 0.743309 -2.420996 -5.488670 -1.475865 -4.216916 8.633490 7.684181 -0.000000 0.000000 0.000000 1.422371 -9.355585 -28.424948 11.103274 -15.769316 -41.155343 5.138769 -20.636752 -3.320508 -11.366335 3.821255 14.964865 2.285105 8.427360 24.008306 5.420091 12.347662 42.181817 8.074994 22.980288 4.350182 -5.056309 -2.599481 -13.635384 
3.774900 96.376926 -51.115501 -5.685619 0.266380 -1.748107 9.896987 6.846823 4.904235 -3.032772 -11.764600 1.232765 -7.259928 14.000539 3.252879 -0.000000 0.000000 0.000000 7.113106 -1.716861 -0.051631 0.927436 11.703045 -1.794093 -6.538994 -10.257420 -1.142213 -0.000000 0.000000 0.000000 4.239533 1.384572 -2.020979 7.892533 -3.240553 3.715280 -3.271984 1.700460 0.742070 -2.478076 -5.461164 -1.499729 -4.234140 8.631505 7.637301 -0.000000 0.000000 0.000000 1.421171 -9.351330 -28.447924 11.105800 -15.757202 -41.148568 5.135244 -20.612560 -3.303945 -11.359125 3.817198 14.997196 2.289787 8.427809 24.061071 5.464893 12.320970 42.139399 8.059907 23.033136 4.312626 -5.091494 -2.587141 -13.631871 
3.777590 96.376222 -51.105702 -5.687295 0.272540 -1.746063 9.910491 6.847696 4.903941 -3.051556 -11.772041 1.228248 -7.260441 14.001926 3.256404 -0.000000 0.000000 0.000000 7.125573 -1.718142 -0.052671 0.916637 11.703693 -1.792456 -6.540499 -10.257265 -1.141532 -0.000000 0.000000 0.000000 4.239401 1.391470 -2.022642 7.928338 -3.233757 3.724760 -3.277350 1.705267 0.742491 -2.514824 -5.440794 -1.511151 -4.268160 8.634941 7.640035 -0.000000 0.000000 0.000000 1.423074 -9.348482 -28.445245 11.109913 -15.748235 -41.148835 5.120621 -20.633089 -3.308186 -11.379593 3.841384 14.963081 2.288804 8.431321 24.081628 5.457616 12.321843 42.137455 8.056921 23.022159 4.307644 -5.099938 -2.609143 -13.587988 
3.778320 96.375728 -51.095903 -5.688738 0.274375 -1.746556 9.923817 6.848135 4.903824 -3.061147 -11.778044 1.224725 -7.263530 14.004976 3.260860 -0.000000 0.000000 0.000000 7.142630 -1.718650 -0.052764 0.900900 11.704508 -1.788708 -6.544842 -10.257208 -1.141270 -0.000000 0.000000 0.000000 4.233345 1.398508 -2.024849 7.941702 -3.223776 3.727579 -3.284641 1.714606 0.743144 -2.502014 -5.417261 -1.507722 -4.254727 8.644588 7.618907 -0.000000 0.000000 0.000000 1.431244 -9.337165 -28.432399 11.109675 -15.743349 -41.148640 5.113029 -20.627768 -3.307145 -11.416814 3.835761 14.967946 2.295957 8.436700 24.086217 5.459719 12.354400 42.175871 8.075308 22.954725 4.302096 -5.075751 -2.610436 -13.608723 
3.779020 96.375126 -51.084095 -5.691494 0.276055 -1.749145 9.937955 6.848852 4.905318 -3.063910 -11.777083 1.224371 -7.265545 14.007223 3.271312 -0.000000 0.000000 0.000000 7.161333 -1.721793 -0.051933 0.887802 11.705334 -1.786082 -6.547742 -10.256904 -1.141686 -0.000000 0.000000 0.000000 4.211436 1.410460 -2.028618 7.971627 -3.217915 3.734628 -3.301073 1.715630 0.738463 -2.472885 -5.388791 -1.501580 -4.173530 8.638132 7.574182 -0.000000 0.000000 0.000000 1.443893 -9.313761 -28.434444 11.102111 -15.747013 -41.142472 5.140672 -20.597185 -3.289617 -11.310207 3.845808 14.935931 2.309533 8.435060 24.114771 5.478051 12.367097 42.182396 8.041762 22.963591 4.293675 -5.090039 -2.594705 -13.614725 
3.779690 96.374619 -51.073897 -5.710046 0.278070 -1.751635 9.957916 6.850042 4.906376 -3.049803 -11.788384 1.224357 -7.281620 14.008062 3.280986 -0.000000 0.000000 0.000000 7.184177 -1.728453 -0.049944 0.900992 11.705313 -1.787977 -6.570118 -10.254608 -1.160371 -0.000000 0.000000 0.000000 4.195139 1.419163 -2.040133 8.010712 -3.213814 3.742773 -3.317390 1.716591 0.728175 -2.447217 -5.390879 -1.496704 -4.078848 8.639915 7.552968 -0.000000 0.000000 0.000000 1.451064 -9.298331 -28.443874 11.099751 -15.751022 -41.104407 5.094892 -20.585628 -3.292806 -11.361607 3.845790 14.927249 2.317471 8.423962 24.146894 5.479146 12.368550 42.191950 7.998683 22.981432 4.295795 -5.090094 -2.596897 -13.622253 
3.780320 96.374226 -51.066202 -5.731514 0.280305 -1.754246 9.964666 6.851592 4.916417 -3.009592 -11.789893 1.216337 -7.306125 14.007348 3.296695 -0.000000 0.000000 0.000000 7.198235 -1.733793 -0.047862 0.930688 11.704850 -1.793838 -6.576903 -10.253812 -1.164535 -0.000000 0.000000 0.000000 4.193249 1.429229 -2.060572 8.050049 -3.210030 3.751906 -3.332035 1.716796 0.726251 -2.424691 -5.391512 -1.488227 -4.037754 8.623580 7.537849 -0.000000 0.000000 0.000000 1.459765 -9.287485 -28.425721 11.072259 -15.755896 -41.102769 5.075184 -20.581247 -3.277036 -11.346990 3.883505 14.923399 2.318644 8.422182 24.168608 5.462095 12.385364 42.206392 7.960040 22.979424 4.302993 -5.086781 -2.612048 -13.611352 
3.780940 96.373826 -51.062101 -5.751609 0.282907 -1.757159 9.976875 6.854196 4.926181 -2.988574 -11.794584 1.216862 -7.317497 14.007917 3.300208 -0.000000 0.000000 0.000000 7.213818 -1.739337 -0.043603 0.950355 11.705005 -1.788052 -6.590324 -10.252697 -1.170411 -0.000000 0.000000 0.000000 4.202616 1.430240 -2.070516 8.075289 -3.207940 3.756881 -3.345676 1.716766 0.724647 -2.409007 -5.391512 -1.483827 -4.016195 8.604705 7.524368 -0.000000 0.000000 0.000000 1.470566 -9.294895 -28.404198 11.056001 -15.757181 -41.098425 5.082487 -20.581652 -3.273215 -11.345910 3.899790 14.920170 2.315652 8.431100 24.166454 5.430486 12.391981 42.237307 7.926938 22.971186 4.320270 -5.072177 -2.599485 -13.611320 
3.781530 96.373421 -51.058900 -5.761937 0.290733 -1.765605 9.988358 6.857820 4.938199 -2.990223 -11.800047 1.219209 -7.318041 14.008633 3.300707 -0.000000 0.000000 0.000000 7.218179 -1.742158 -0.036238 0.967100 11.705033 -1.784227 -6.591525 -10.251883 -1.172113 -0.000000 0.000000 0.000000 4.220657 1.429259 -2.081573 8.076950 -3.207744 3.759168 -3.349094 1.716722 0.723280 -2.427514 -5.390843 -1.475274 -3.994670 8.593369 7.518274 -0.000000 0.000000 0.000000 1.477626 -9.308832 -28.390887 11.058437 -15.754932 -41.087808 5.086828 -20.583719 -3.270603 -11.393825 3.875270 14.948086 2.311780 8.439643 24.166322 5.427237 12.401153 42.247299 7.941630 22.988150 4.302046 -5.083296 -2.597160 -13.599795 
3.782100 96.373028 -51.055902 -5.759204 0.297800 -1.772051 9.996752 6.860355 4.944176 -3.008525 -11.802961 1.217936 -7.318984 14.009463 3.300888 -0.000000 0.000000 0.000000 7.226340 -1.741088 -0.031308 0.956526 11.705975 -1.782204 -6.593479 -10.251216 -1.173268 -0.000000 0.000000 0.000000 4.231545 1.429197 -2.083150 8.077620 -3.208468 3.755046 -3.351890 1.716600 0.722530 -2.453388 -5.389700 -1.473016 -3.984660 8.591891 7.513211 -0.000000 0.000000 0.000000 1.477768 -9.313559 -28.388565 11.061020 -15.752805 -41.077259 5.083202 -20.579935 -3.252117 -11.430072 3.886872 14.964426 2.311622 8.439977 24.166645 5.419973 12.394529 42.257730 7.936021 23.016295 4.286050 -5.105072 -2.609642 -13.608591 
3.782660 96.372718 -51.052296 -5.752758 0.298527 -1.772320 9.993869 6.861194 4.946077 -3.014005 -11.803629 1.220675 -7.319920 14.010323 3.300792 -0.000000 0.000000 0.000000 7.232472 -1.738838 -0.030650 0.933011 11.707296 -1.781975 -6.589238 -10.250638 -1.172942 -0.000000 0.000000 0.000000 4.229460 1.429590 -2.084284 8.077743 -3.209066 3.750947 -3.354211 1.716536 0.721928 -2.466379 -5.388601 -1.476122 -3.984544 8.588719 7.508211 -0.000000 0.000000 0.000000 1.475406 -9.319052 -28.387216 11.059729 -15.753683 -41.082140 5.083807 -20.558680 -3.239429 -11.429638 3.888150 14.953777 2.309953 8.442634 24.166940 5.410422 12.404175 42.259941 7.919990 22.994694 4.292390 -5.098957 -2.606403 -13.599356 
3.783200 96.372420 -51.047796 -5.751677 0.284857 -1.774054 10.013032 6.864101 4.944749 -3.055001 -11.803746 1.218219 -7.317844 14.010850 3.299818 -0.000000 0.000000 0.000000 7.247159 -1.736275 -0.029778 0.895237 11.715315 -1.785674 -6.586755 -10.250197 -1.172865 -0.000000 0.000000 0.000000 4.226836 1.429993 -2.085159 8.077349 -3.209363 3.746802 -3.356075 1.716614 0.721389 -2.497624 -5.386562 -1.492835 -4.000180 8.583279 7.498307 -0.000000 0.000000 0.000000 1.473760 -9.322914 -28.386231 11.053827 -15.758143 -41.104650 5.097277 -20.519122 -3.203254 -11.437259 3.902306 14.934425 2.304708 8.456609 24.166425 5.401954 12.411351 42.274000 7.922224 22.995482 4.277861 -5.102699 -2.605599 -13.611568 
3.783730 96.372128 -51.043302 -5.750656 0.274156 -1.775509 10.020050 6.865696 4.942546 -3.067661 -11.799521 1.218419 -7.312987 14.011212 3.298132 -0.000000 0.000000 0.000000 7.250727 -1.734887 -0.029225 0.894452 11.718543 -1.785461 -6.585456 -10.249735 -1.172755 -0.000000 0.000000 0.000000 4.224112 1.430378 -2.085635 8.076475 -3.209318 3.741876 -3.355705 1.717717 0.720903 -2.508137 -5.385438 -1.500399 -4.004989 8.580319 7.490216 -0.000000 0.000000 0.000000 1.473256 -9.324352 -28.385144 11.055311 -15.757385 -41.105808 5.089323 -20.519346 -3.207598 -11.437934 3.904194 14.919677 2.308569 8.461057 24.164686 5.396669 12.407555 42.263223 7.910153 22.998304 4.282866 -5.106301 -2.606379 -13.609218 
3.784270 96.371818 -51.038897 -5.750459 0.241345 -1.779190 10.040215 6.867974 4.937913 -3.064921 -11.782343 1.219785 -7.313488 14.011545 3.297611 -0.000000 0.000000 0.000000 7.253492 -1.733795 -0.028724 0.888270 11.720545 -1.784056 -6.583042 -10.249806 -1.169841 -0.000000 0.000000 0.000000 4.220302 1.430784 -2.085546 8.068138 -3.202529 3.734198 -3.339305 1.731835 0.720738 -2.514995 -5.383667 -1.526122 -4.050247 8.585785 7.494137 -0.000000 0.000000 0.000000 1.472914 -9.325581 -28.381720 11.047999 -15.775416 -41.141488 5.080525 -20.495262 -3.216170 -11.424369 3.896098 14.968935 2.314535 8.464082 24.150062 5.382019 12.395770 42.259453 7.883085 22.976484 4.297997 -5.110089 -2.604917 -13.636905 
3.784790 96.371621 -51.035196 -5.749682 0.230232 -1.780674 10.045467 6.868784 4.935029 -3.061955 -11.779303 1.220172 -7.313798 14.011486 3.297064 -0.000000 0.000000 0.000000 7.253975 -1.732727 -0.028348 0.890578 11.722079 -1.783769 -6.580431 -10.236585 -1.160422 -0.000000 0.000000 0.000000 4.207382 1.431499 -2.084554 8.051149 -3.203091 3.728694 -3.321132 1.733157 0.719825 -2.475922 -5.383859 -1.532920 -4.060674 8.590749 7.496619 -0.000000 0.000000 0.000000 1.471598 -9.324567 -28.366668 11.032401 -15.793379 -41.184643 5.104756 -20.473207 -3.213661 -11.413828 3.875784 14.942727 2.321370 8.452584 24.124872 5.379154 12.400472 42.279712 7.929295 22.929775 4.289785 -5.097673 -2.610850 -13.620034 
3.785300 96.371323 -51.033401 -5.748603 0.231776 -1.780867 10.043034 6.868530 4.932566 -3.059314 -11.778411 1.221303 -7.311764 14.011115 3.296015 -0.000000 0.000000 0.000000 7.252883 -1.731648 -0.028045 0.901277 11.722842 -1.785078 -6.578589 -10.235241 -1.155673 -0.000000 0.000000 0.000000 4.202304 1.431884 -2.083180 8.036961 -3.203509 3.725855 -3.314893 1.729579 0.719050 -2.457866 -5.383924 -1.535328 -4.045008 8.598697 7.496120 -0.000000 0.000000 0.000000 1.467367 -9.322676 -28.365542 11.029136 -15.806571 -41.198111 5.099413 -20.455136 -3.222471 -11.425650 3.877512 14.936484 2.324875 8.439545 24.119692 5.387810 12.397282 42.284144 7.925503 22.927008 4.293616 -5.104616 -2.610889 -13.618309 
3.785790 96.371126 -51.032197 -5.747173 0.245621 -1.779797 10.033329 6.860382 4.927430 -3.030252 -11.777543 1.227381 -7.323434 14.010017 3.298159 -0.000000 0.000000 0.000000 7.242446 -1.730527 -0.028005 0.932888 11.722328 -1.790284 -6.586337 -10.244507 -1.147355 -0.000000 0.000000 0.000000 4.185195 1.432644 -2.081180 7.984790 -3.206667 3.720702 -3.301472 1.724916 0.718036 -2.406275 -5.399042 -1.544195 -3.993488 8.614396 7.500685 -0.000000 0.000000 0.000000 1.473990 -9.302770 -28.366493 11.033684 -15.846060 -41.220584 5.125979 -20.395350 -3.238701 -11.420766 3.850722 14.930844 2.339845 8.400915 24.116931 5.427938 12.379838 42.303717 7.926143 22.932705 4.300403 -5.132430 -2.603633 -13.641680 
3.786270 96.370822 -51.031202 -5.745718 0.261292 -1.778499 10.023379 6.857124 4.926394 -3.020064 -11.778061 1.229721 -7.323734 14.009575 3.297453 -0.000000 0.000000 0.000000 7.239964 -1.729393 -0.027742 0.936474 11.721220 -1.789816 -6.587861 -10.255715 -1.146150 -0.000000 0.000000 0.000000 4.178122 1.429331 -2.079081 7.953542 -3.209261 3.711803 -3.296386 1.719174 0.717260 -2.398805 -5.409269 -1.546167 -3.996972 8.614977 7.515675 -0.000000 0.000000 0.000000 1.472287 -9.301655 -28.372827 11.031982 -15.848077 -41.223625 5.122546 -20.391376 -3.238788 -11.397339 3.879220 14.909374 2.343565 8.387129 24.114916 5.453942 12.361883 42.325584 7.959770 22.938001 4.294130 -5.141561 -2.603236 -13.618026 
3.786730 96.370524 -51.030296 -5.744702 0.262754 -1.778591 10.021367 6.855682 4.924713 -3.027773 -11.780188 1.229068 -7.321338 14.009169 3.296006 -0.000000 0.000000 0.000000 7.239495 -1.728248 -0.027393 0.934972 11.716376 -1.788488 -6.588672 -10.258382 -1.143591 -0.000000 0.000000 0.000000 4.166221 1.427600 -2.077194 7.925404 -3.211952 3.700820 -3.288046 1.716825 0.716617 -2.411188 -5.408861 -1.551613 -4.018521 8.610643 7.534904 -0.000000 0.000000 0.000000 1.469037 -9.302959 -28.384403 11.034305 -15.847913 -41.219598 5.105457 -20.387401 -3.245998 -11.390588 3.880162 14.931130 2.342446 8.384318 24.113324 5.463747 12.357578 42.354209 7.972045 22.937569 4.291564 -5.153446 -2.598517 -13.609546 
3.787190 96.370226 -51.029599 -5.730307 0.262025 -1.778855 10.011268 6.853254 4.922491 -3.041078 -11.769908 1.229781 -7.308258 14.009769 3.291854 -0.000000 0.000000 0.000000 7.222060 -1.726801 -0.027557 0.940365 11.708919 -1.787182 -6.585459 -10.260058 -1.136239 -0.000000 0.000000 0.000000 4.153218 1.426374 -2.075770 7.893558 -3.214273 3.693122 -3.286560 1.716300 0.716320 -2.427943 -5.406825 -1.559520 -4.073750 8.599883 7.560284 -0.000000 0.000000 0.000000 1.462657 -9.300351 -28.373798 11.040320 -15.857236 -41.229724 5.105102 -20.366496 -3.249896 -11.391096 3.863811 14.938643 2.348214 8.371211 24.094426 5.469596 12.346590 42.407216 7.941581 22.944445 4.304024 -5.157882 -2.618276 -13.626357 
3.787640 96.373522 -51.029098 -5.719345 0.261258 -1.779059 9.995743 6.850274 4.920784 -3.034980 -11.762228 1.235984 -7.306476 14.010738 3.290351 -0.000000 0.000000 0.000000 7.198874 -1.725300 -0.027800 0.941779 11.702982 -1.786275 -6.576291 -10.261655 -1.126990 -0.000000 0.000000 0.000000 4.151578 1.424384 -2.075184 7.857714 -3.217002 3.681943 -3.280122 1.715884 0.715907 -2.443803 -5.403905 -1.565227 -4.116615 8.590350 7.575781 -0.000000 0.000000 0.000000 1.452184 -9.296435 -28.368932 11.040685 -15.859249 -41.233550 5.082383 -20.370375 -3.262659 -11.385728 3.889755 14.953060 2.346686 8.372444 24.078717 5.473187 12.340742 42.437526 7.936874 22.962761 4.316097 -5.180175 -2.629141 -13.623323 
3.788080 96.377224 -51.037300 -5.702119 0.260219 -1.779211 9.973727 6.847015 4.919909 -3.038625 -11.750406 1.239566 -7.290095 14.010938 3.276931 -0.000000 0.000000 0.000000 7.176135 -1.709981 -0.029722 0.939083 11.700848 -1.798149 -6.561588 -10.262769 -1.116730 -0.000000 0.000000 0.000000 4.171524 1.414577 -2.075102 7.815657 -3.220251 3.667020 -3.267473 1.714782 0.729156 -2.517129 -5.375244 -1.574695 -4.219014 8.577174 7.607669 -0.000000 0.000000 0.000000 1.432538 -9.303148 -28.353309 11.028756 -15.853113 -41.242259 5.081006 -20.374688 -3.264535 -11.395534 3.880592 14.923975 2.334838 8.378135 24.064623 5.457769 12.339031 42.466245 7.965477 22.983920 4.312040 -5.186426 -2.630382 -13.613035 
3.788520 96.381021 -51.044697 -5.694778 0.259483 -1.779234 9.953583 6.843861 4.919292 -3.025298 -11.742378 1.244083 -7.283687 14.010532 3.269345 -0.000000 0.000000 0.000000 7.161336 -1.699381 -0.030186 0.942909 11.697475 -1.803498 -6.551974 -10.262627 -1.104191 -0.000000 0.000000 0.000000 4.186127 1.404304 -2.075991 7.795121 -3.221188 3.660683 -3.253251 1.713715 0.742941 -2.559514 -5.355461 -1.592158 -4.312185 8.574465 7.632555 -0.000000 0.000000 0.000000 1.421103 -9.324682 -28.332615 11.006774 -15.862416 -41.264965 5.096056 -20.373131 -3.260907 -11.400663 3.881283 14.949443 2.326937 8.389600 24.049852 5.429444 12.336167 42.481155 7.971463 22.990721 4.297952 -5.207525 -2.626101 -13.630770 
3.788950 96.384227 -51.056802 -5.679423 0.258445 -1.779192 9.916045 6.839417 4.921962 -3.002208 -11.728307 1.249890 -7.279823 13.999178 3.255131 -0.000000 0.000000 0.000000 7.139056 -1.697539 -0.029867 0.934524 11.679023 -1.803370 -6.540330 -10.260772 -1.092115 -0.000000 0.000000 0.000000 4.190858 1.398284 -2.075494 7.761415 -3.223440 3.653725 -3.230488 1.712717 0.758012 -2.554878 -5.324727 -1.636581 -4.453871 8.577540 7.659975 -0.000000 0.000000 0.000000 1.417087 -9.367993 -28.285237 10.987357 -15.883583 -41.312280 5.140375 -20.362798 -3.252850 -11.407589 3.872952 14.943619 2.316843 8.409516 24.001693 5.394358 12.347108 42.531597 8.013535 22.988740 4.270204 -5.238679 -2.619448 -13.649076 
3.789380 96.385926 -51.064301 -5.661463 0.242629 -1.780511 9.892593 6.834680 4.914914 -2.998920 -11.710179 1.252443 -7.272176 14.002993 3.251687 -0.000000 0.000000 0.000000 7.106463 -1.693887 -0.030710 0.945938 11.670768 -1.803415 -6.538535 -10.248222 -1.077283 -0.000000 0.000000 0.000000 4.189045 1.386238 -2.061848 7.704460 -3.228131 3.641576 -3.211530 1.712583 0.757564 -2.473668 -5.307262 -1.710735 -4.501516 8.635369 7.661149 -0.000000 0.000000 0.000000 1.419266 -9.370902 -28.254702 10.997160 -15.913449 -41.328095 5.195735 -20.352983 -3.260533 -11.446272 3.848673 14.962123 2.308247 8.384145 23.957709 5.358974 12.369733 42.564404 8.045598 22.987135 4.302037 -5.205664 -2.630499 -13.634670 
3.789810 96.387619 -51.071298 -5.660881 0.197358 -1.776869 9.882787 6.830077 4.901035 -2.991236 -11.681687 1.255535 -7.267276 14.007191 3.248856 -0.000000 0.000000 0.000000 7.083495 -1.681253 -0.033270 0.942797 11.685464 -1.804318 -6.519888 -10.227528 -1.055559 -0.000000 0.000000 0.000000 4.167637 1.377706 -2.036811 7.674761 -3.231766 3.626486 -3.203476 1.712361 0.757197 -2.354319 -5.284463 -1.807101 -4.401286 8.714342 7.602419 -0.000000 0.000000 0.000000 1.420430 -9.337726 -28.243622 10.984692 -15.939873 -41.325068 5.165150 -20.343283 -3.270628 -11.462886 3.882810 14.972212 2.310221 8.362899 23.946693 5.348648 12.422866 42.554460 8.004990 23.024799 4.326324 -5.243841 -2.622907 -13.633948 
3.790240 96.389323 -51.077801 -5.659589 0.181916 -1.775619 9.881699 6.827479 4.892417 -2.980232 -11.671557 1.259254 -7.267845 14.010440 3.247330 -0.000000 0.000000 0.000000 7.068186 -1.669895 -0.035864 0.963731 11.688785 -1.807734 -6.526027 -10.226559 -1.054250 -0.000000 0.000000 0.000000 4.166539 1.373850 -2.033797 7.663708 -3.233174 3.620930 -3.207649 1.712019 0.757130 -2.260975 -5.284681 -1.872524 -4.331751 8.750900 7.584487 -0.000000 0.000000 0.000000 1.426373 -9.341706 -28.251326 10.986554 -15.969520 -41.294433 5.195985 -20.313163 -3.260965 -11.458425 3.868067 14.979702 2.309097 8.353743 23.959530 5.339477 12.439118 42.551572 7.993656 23.011678 4.305088 -5.214866 -2.605799 -13.673982 
3.790680 96.391726 -51.081401 -5.657872 0.174077 -1.774868 9.881435 6.826431 4.891967 -2.973568 -11.666623 1.261237 -7.264500 14.012325 3.244660 -0.000000 0.000000 0.000000 7.069365 -1.667377 -0.037002 0.965839 11.687614 -1.808277 -6.525339 -10.225810 -1.052056 -0.000000 0.000000 0.000000 4.166121 1.371253 -2.032818 7.663852 -3.233696 3.617860 -3.206773 1.711767 0.757023 -2.211076 -5.285575 -1.899405 -4.319259 8.751638 7.576387 -0.000000 0.000000 0.000000 1.424602 -9.350884 -28.240842 10.973100 -15.990022 -41.295699 5.213828 -20.296778 -3.246014 -11.446423 3.854327 14.974086 2.308592 8.355092 23.951297 5.328606 12.442905 42.561438 7.976376 22.996606 4.302080 -5.217452 -2.607165 -13.668960 
3.791130 96.395427 -51.093900 -5.647551 0.175883 -1.775388 9.856511 6.823289 4.893862 -2.966253 -11.651300 1.265539 -7.256216 14.002108 3.239580 -0.000000 0.000000 0.000000 7.046555 -1.666447 -0.038742 0.964610 11.677747 -1.808213 -6.508908 -10.226492 -1.032057 -0.000000 0.000000 0.000000 4.166382 1.368758 -2.032037 7.624495 -3.237240 3.608738 -3.174329 1.711958 0.756264 -2.134356 -5.287085 -1.936930 -4.327341 8.759930 7.589223 -0.000000 0.000000 0.000000 1.421264 -9.352435 -28.186180 10.936386 -16.028996 -41.340725 5.198499 -20.318876 -3.255980 -11.490689 3.850820 14.977687 2.314698 8.356511 23.897401 5.320893 12.466718 42.586519 8.031999 22.993131 4.324003 -5.222486 -2.610636 -13.659130 
3.790780 96.398818 -51.100701 -5.632043 0.187517 -1.775117 9.830804 6.819876 4.895805 -2.963553 -11.650303 1.266639 -7.250650 13.993579 3.231481 -0.000000 0.000000 0.000000 7.026317 -1.665388 -0.040082 0.968065 11.666934 -1.808110 -6.498516 -10.226047 -1.024075 -0.000000 0.000000 0.000000 4.167022 1.366488 -2.031284 7.606255 -3.239153 3.603151 -3.160200 1.711857 0.757687 -2.120146 -5.287673 -1.945260 -4.336564 8.762228 7.608529 -0.000000 0.000000 0.000000 1.419323 -9.364271 -28.167542 10.942897 -16.038913 -41.340044 5.218525 -20.355572 -3.269679 -11.514937 3.817154 14.966027 2.314475 8.363743 23.876005 5.335253 12.473052 42.594279 8.080507 22.986580 4.323815 -5.235621 -2.589649 -13.657861 
3.789870 96.399927 -51.106203 -5.618724 0.196622 -1.775068 9.811018 6.815994 4.897178 -2.964014 -11.649714 1.268490 -7.242433 13.989572 3.223721 -0.000000 0.000000 0.000000 7.009498 -1.664145 -0.038683 0.967746 11.661043 -1.807847 -6.491032 -10.228274 -1.019550 -0.000000 0.000000 0.000000 4.172171 1.364422 -2.030461 7.594441 -3.240503 3.599029 -3.151020 1.711532 0.762746 -2.118867 -5.287732 -1.949548 -4.356427 8.763285 7.623844 -0.000000 0.000000 0.000000 1.421858 -9.377599 -28.151798 10.942735 -16.048636 -41.346314 5.231778 -20.363604 -3.274682 -11.518982 3.816263 14.976614 2.316210 8.365700 23.858291 5.339674 12.473110 42.603555 8.097446 22.969213 4.327511 -5.248126 -2.586667 -13.668274 
3.788960 96.400523 -51.123601 -5.589398 0.225760 -1.773058 9.775421 6.799834 4.902373 -2.990146 -11.650641 1.280314 -7.214166 13.986233 3.204394 -0.000000 0.000000 0.000000 6.979665 -1.661487 -0.025714 0.944762 11.646883 -1.804107 -6.475785 -10.248956 -1.009397 -0.000000 0.000000 0.000000 4.193303 1.362187 -2.029657 7.555524 -3.243580 3.592966 -3.125094 1.710741 0.780973 -2.138036 -5.284146 -1.977290 -4.442993 8.764801 7.674715 -0.000000 0.000000 0.000000 1.407364 -9.421837 -28.128365 10.928577 -16.062333 -41.376263 5.228058 -20.326438 -3.281515 -11.525394 3.833906 15.016498 2.315924 8.394513 23.821892 5.337138 12.451979 42.616952 8.135022 22.938948 4.335567 -5.249516 -2.596029 -13.677784 
3.788030 96.401024 -51.130003 -5.562148 0.226966 -1.773777 9.750871 6.795537 4.903557 -3.015398 -11.651037 1.281089 -7.190999 13.987981 3.188111 -0.000000 0.000000 0.000000 6.953673 -1.658371 -0.025841 0.927273 11.642969 -1.799217 -6.459755 -10.251588 -0.996919 -0.000000 0.000000 0.000000 4.201116 1.361017 -2.022781 7.536016 -3.246023 3.582926 -3.109778 1.710728 0.783437 -2.167943 -5.279398 -1.995447 -4.479817 8.750672 7.682320 -0.000000 0.000000 0.000000 1.400593 -9.438328 -28.127015 10.935429 -16.056623 -41.377221 5.241327 -20.293788 -3.281618 -11.482737 3.836359 15.009733 2.319264 8.397864 23.816510 5.352964 12.425761 42.613018 8.178440 22.944498 4.316535 -5.229498 -2.583169 -13.681853 
3.787100 96.401519 -51.138002 -5.537139 0.227492 -1.774549 9.722637 6.791073 4.900729 -3.022689 -11.651008 1.283037 -7.178707 13.988586 3.182319 -0.000000 0.000000 0.000000 6.928362 -1.654340 -0.025934 0.913168 11.641424 -1.796791 -6.441208 -10.253642 -0.985529 -0.000000 0.000000 0.000000 4.210425 1.359944 -2.013717 7.504879 -3.249158 3.571936 -3.091286 1.710711 0.787351 -2.182376 -5.273439 -2.022933 -4.522411 8.760604 7.690928 -0.000000 0.000000 0.000000 1.399659 -9.441954 -28.125683 10.951845 -16.040405 -41.378567 5.249924 -20.299369 -3.295067 -11.506076 3.828623 15.038945 2.321592 8.398580 23.797910 5.357587 12.410402 42.613497 8.197586 22.949240 4.320171 -5.237330 -2.586375 -13.680659 
3.786160 96.401924 -51.144296 -5.520319 0.228168 -1.775286 9.698434 6.787437 4.899013 -3.020253 -11.650357 1.286624 -7.170167 13.988532 3.178791 -0.000000 0.000000 0.000000 6.900681 -1.650788 -0.026016 0.921052 11.639776 -1.797442 -6.441782 -10.254996 -0.983090 -0.000000 0.000000 0.000000 4.222904 1.358551 -2.004555 7.485218 -3.249588 3.562064 -3.075228 1.710840 0.788706 -2.191873 -5.257656 -2.050974 -4.568402 8.778334 7.702822 -0.000000 0.000000 0.000000 1.399626 -9.443198 -28.124561 10.977718 -16.015278 -41.368462 5.267469 -20.324671 -3.320305 -11.519282 3.815489 15.022863 2.321666 8.402959 23.781075 5.353559 12.400048 42.605648 8.208113 22.954049 4.342930 -5.228343 -2.588610 -13.687554 
3.785210 96.402222 -51.150900 -5.511147 0.229059 -1.775991 9.676280 6.784361 4.900296 -3.003969 -11.649682 1.289984 -7.168247 13.988998 3.175476 -0.000000 0.000000 0.000000 6.877463 -1.649021 -0.025635 0.933860 11.638059 -1.799500 -6.438164 -10.256099 -0.981774 -0.000000 0.000000 0.000000 4.241521 1.356915 -1.993232 7.465143 -3.246126 3.549057 -3.055428 1.711425 0.789806 -2.192611 -5.246420 -2.075426 -4.612955 8.791974 7.714576 -0.000000 0.000000 0.000000 1.399953 -9.444438 -28.124121 10.997533 -15.995462 -41.369170 5.260601 -20.304121 -3.333694 -11.531719 3.804141 14.979225 2.317596 8.415063 23.767378 5.352960 12.392943 42.602812 8.232328 22.952151 4.343298 -5.216298 -2.590059 -13.673910 
3.784260 96.402419 -51.156300 -5.500603 0.229967 -1.776689 9.660001 6.782051 4.901416 -3.000089 -11.648804 1.291871 -7.165520 13.989281 3.172419 -0.000000 0.000000 0.000000 6.860589 -1.648796 -0.025074 0.931610 11.636820 -1.800217 -6.430447 -10.257048 -0.979768 -0.000000 0.000000 0.000000 4.254631 1.355417 -1.982333 7.449059 -3.243444 3.543974 -3.036755 1.712535 0.790926 -2.187559 -5.253936 -2.086730 -4.631989 8.794813 7.727089 -0.000000 0.000000 0.000000 1.401547 -9.446830 -28.132736 11.014052 -15.979575 -41.364453 5.288375 -20.267627 -3.327573 -11.529729 3.787797 15.012618 2.318463 8.416761 23.750585 5.344524 12.380796 42.600694 8.261475 22.954626 4.353053 -5.216711 -2.584437 -13.676314 
3.783300 96.402729 -51.160198 -5.487595 0.230937 -1.777375 9.645489 6.779987 4.902709 -3.007136 -11.648753 1.291749 -7.154874 13.989898 3.168370 -0.000000 0.000000 0.000000 6.842809 -1.648627 -0.024398 0.936098 11.635794 -1.799209 -6.429639 -10.258312 -0.979327 -0.000000 0.000000 0.000000 4.254829 1.353997 -1.978410 7.448439 -3.241881 3.544271 -3.031151 1.713758 0.792530 -2.171373 -5.270337 -2.088452 -4.641888 8.794861 7.738838 -0.000000 0.000000 0.000000 1.403421 -9.448917 -28.144528 11.040542 -15.954614 -41.344560 5.308487 -20.274381 -3.338388 -11.504260 3.797835 14.987147 2.315416 8.422720 23.748886 5.340889 12.376488 42.589054 8.252261 22.968173 4.365054 -5.201607 -2.604598 -13.665016 
3.782340 96.402824 -51.163799 -5.469784 0.231979 -1.778065 9.634060 6.778338 4.903918 -3.029189 -11.654205 1.289321 -7.142544 13.990320 3.164195 -0.000000 0.000000 0.000000 6.830403 -1.649081 -0.023561 0.920130 11.633207 -1.796603 -6.417103 -10.259302 -0.976760 -0.000000 0.000000 0.000000 4.254259 1.354190 -1.979330 7.442130 -3.240548 3.544951 -3.028645 1.714963 0.794426 -2.142536 -5.301166 -2.075564 -4.630554 8.795782 7.757421 -0.000000 0.000000 0.000000 1.409695 -9.434445 -28.154260 11.050821 -15.945182 -41.341925 5.326699 -20.276101 -3.342289 -11.483486 3.842222 14.995304 2.321383 8.407980 23.749952 5.344542 12.377752 42.564760 8.265494 22.975010 4.374291 -5.202175 -2.604557 -13.666103 
3.781380 96.403027 -51.167500 -5.455161 0.233422 -1.778726 9.627841 6.777151 4.904874 -3.052043 -11.658927 1.286123 -7.131963 13.990865 3.160790 -0.000000 0.000000 0.000000 6.818203 -1.649468 -0.022828 0.916362 11.630227 -1.796013 -6.414360 -10.261696 -0.976303 -0.000000 0.000000 0.000000 4.254441 1.355986 -1.981216 7.438934 -3.238560 3.549323 -3.025942 1.715880 0.797499 -2.119430 -5.322557 -2.036725 -4.592168 8.790461 7.773139 -0.000000 0.000000 0.000000 1.412083 -9.411742 -28.168571 11.059410 -15.937203 -41.335462 5.329837 -20.274596 -3.333114 -11.461749 3.836650 15.013785 2.321027 8.404415 23.762527 5.348996 12.378789 42.543176 8.261012 22.965658 4.376454 -5.202943 -2.605173 -13.669196 
3.780190 96.403223 -51.169896 -5.439841 0.247055 -1.778284 9.599613 6.774108 4.908564 -3.044333 -11.662619 1.288943 -7.133270 13.990126 3.164157 -0.000000 0.000000 0.000000 6.795546 -1.652468 -0.021977 0.917047 11.626908 -1.795553 -6.414276 -10.267834 -0.976934 -0.000000 0.000000 0.000000 4.266366 1.356876 -1.989847 7.450792 -3.234952 3.560170 -3.023415 1.716229 0.802005 -2.133800 -5.334860 -1.994324 -4.566501 8.768858 7.792742 -0.000000 0.000000 0.000000 1.408228 -9.410967 -28.175932 11.054552 -15.926970 -41.322195 5.310655 -20.272082 -3.331622 -11.477207 3.826356 14.985994 2.317050 8.409711 23.774260 5.351826 12.380414 42.529915 8.261493 22.949228 4.367810 -5.199911 -2.617573 -13.681034 
3.778400 96.403319 -51.170999 -5.427154 0.265497 -1.777357 9.572931 6.772337 4.917596 -3.035889 -11.673770 1.291410 -7.133580 13.989283 3.167159 -0.000000 0.000000 0.000000 6.779754 -1.657142 -0.020630 0.912643 11.622645 -1.795149 -6.411749 -10.273847 -0.977227 -0.000000 0.000000 0.000000 4.301847 1.357247 -1.994704 7.461010 -3.232125 3.566132 -3.021464 1.715215 0.810256 -2.191640 -5.336483 -1.961434 -4.563199 8.745653 7.791455 -0.000000 0.000000 0.000000 1.401429 -9.421215 -28.177002 11.052555 -15.922178 -41.310125 5.300927 -20.270712 -3.335072 -11.466167 3.827309 15.005764 2.312046 8.426269 23.793091 5.359489 12.378661 42.503264 8.267809 22.984619 4.354330 -5.196692 -2.626523 -13.671342 
3.776460 96.403420 -51.171601 -5.424807 0.290316 -1.775663 9.559700 6.770968 4.920509 -3.034497 -11.686004 1.289033 -7.135815 13.981476 3.169579 -0.000000 0.000000 0.000000 6.776436 -1.661610 -0.019113 0.913469 11.610419 -1.794600 -6.412535 -10.279719 -0.978319 -0.000000 0.000000 0.000000 4.329527 1.358238 -1.995381 7.492983 -3.228495 3.569770 -3.024975 1.713526 0.813667 -2.220518 -5.332406 -1.945295 -4.610398 8.731232 7.810826 -0.000000 0.000000 0.000000 1.398134 -9.465763 -28.175475 11.050444 -15.923661 -41.312460 5.314798 -20.271977 -3.320039 -11.496924 3.836416 15.017206 2.308427 8.472546 23.791053 5.357387 12.382515 42.502843 8.282827 23.001487 4.331685 -5.243046 -2.619336 -13.674973 
3.774580 96.403521 -51.171696 -5.424127 0.308819 -1.774332 9.549524 6.769981 4.922644 -3.033119 -11.700771 1.285423 -7.138685 13.976822 3.172224 -0.000000 0.000000 0.000000 6.779884 -1.664222 -0.018112 0.907111 11.612035 -1.792325 -6.419907 -10.284077 -0.992445 -0.000000 0.000000 0.000000 4.350485 1.359597 -1.994958 7.510557 -3.225906 3.572453 -3.035206 1.712480 0.808923 -2.218464 -5.322285 -1.930710 -4.580778 8.736055 7.788937 -0.000000 0.000000 0.000000 1.397022 -9.464717 -28.191522 11.061512 -15.915331 -41.264509 5.336374 -20.290584 -3.319348 -11.474662 3.842178 14.960126 2.309764 8.476224 23.795688 5.338535 12.390423 42.509912 8.290673 22.994043 4.338315 -5.186025 -2.638449 -13.648242 
3.772950 96.403629 -51.171601 -5.426904 0.305816 -1.772950 9.562636 6.771401 4.921823 -3.034203 -11.710351 1.282877 -7.140629 13.979705 3.175197 -0.000000 0.000000 0.000000 6.791357 -1.666062 -0.017661 0.905618 11.616390 -1.791690 -6.437298 -10.281332 -1.007663 -0.000000 0.000000 0.000000 4.371222 1.361114 -1.993489 7.539062 -3.222791 3.575920 -3.049772 1.714785 0.800189 -2.193700 -5.307345 -1.920483 -4.521509 8.746468 7.745765 -0.000000 0.000000 0.000000 1.404267 -9.446932 -28.203603 11.052375 -15.903985 -41.246315 5.305226 -20.293132 -3.314319 -11.453025 3.831771 15.005518 2.310068 8.478709 23.809433 5.344379 12.417457 42.500737 8.274839 22.982520 4.329007 -5.251547 -2.623713 -13.659795 
3.771760 96.400928 -51.171297 -5.448401 0.301094 -1.772856 9.592418 6.775359 4.918849 -3.035136 -11.719418 1.280145 -7.144220 13.985943 3.178751 -0.000000 0.000000 0.000000 6.822121 -1.668122 -0.017162 0.900064 11.626067 -1.791438 -6.447682 -10.276535 -1.022612 -0.000000 0.000000 0.000000 4.388882 1.367210 -1.991114 7.580816 -3.219187 3.580658 -3.057618 1.717705 0.798700 -2.162248 -5.303539 -1.930757 -4.462340 8.756838 7.710336 -0.000000 0.000000 0.000000 1.404857 -9.443985 -28.205698 11.025081 -15.912006 -41.252537 5.252225 -20.268671 -3.302309 -11.506551 3.845227 14.991750 2.310031 8.482588 23.838891 5.351439 12.426968 42.472954 8.281707 23.001834 4.301015 -5.238675 -2.608148 -13.680173 
3.770910 96.399325 -51.163602 -5.470127 0.291526 -1.773219 9.631891 6.784436 4.914030 -3.052553 -11.723328 1.275350 -7.148128 13.989882 3.186702 -0.000000 0.000000 0.000000 6.853247 -1.670332 -0.016914 0.898087 11.633734 -1.791263 -6.441734 -10.275027 -1.023669 -0.000000 0.000000 0.000000 4.392105 1.374991 -1.988898 7.646421 -3.213918 3.591929 -3.068701 1.718325 0.797851 -2.125625 -5.288875 -1.944465 -4.414629 8.766567 7.666539 -0.000000 0.000000 0.000000 1.408989 -9.441178 -28.207233 11.014801 -15.912203 -41.240231 5.280364 -20.294816 -3.291149 -11.472933 3.867101 14.980985 2.319941 8.489865 23.858405 5.341265 12.443046 42.448400 8.268286 22.998215 4.296861 -5.230890 -2.609946 -13.668058 
3.770160 96.397823 -51.155698 -5.484918 0.289157 -1.772906 9.658989 6.788812 4.913346 -3.063054 -11.728670 1.272058 -7.150892 13.990064 3.189160 -0.000000 0.000000 0.000000 6.872352 -1.673564 -0.017053 0.903732 11.634262 -1.791153 -6.456829 -10.276949 -1.029315 -0.000000 0.000000 0.000000 4.392193 1.377737 -1.987484 7.687014 -3.210389 3.602988 -3.070132 1.718705 0.796734 -2.089687 -5.275229 -1.951479 -4.362399 8.788720 7.638092 -0.000000 0.000000 0.000000 1.419881 -9.442010 -28.213503 11.015433 -15.911146 -41.234337 5.262315 -20.309399 -3.309885 -11.518205 3.840656 14.972237 2.323324 8.493636 23.872490 5.342101 12.445772 42.434618 8.270426 22.993334 4.289802 -5.215474 -2.612374 -13.654991 
3.769490 96.396422 -51.147997 -5.492893 0.302501 -1.771092 9.663846 6.791232 4.917745 -3.054304 -11.735790 1.272224 -7.155464 13.989758 3.191548 -0.000000 0.000000 0.000000 6.882051 -1.678725 -0.017368 0.917536 11.634517 -1.793458 -6.465914 -10.280483 -1.034918 -0.000000 0.000000 0.000000 4.399064 1.379033 -1.997292 7.719872 -3.207276 3.615222 -3.074112 1.718824 0.795704 -2.066038 -5.277225 -1.935551 -4.314122 8.795396 7.624504 -0.000000 0.000000 0.000000 1.434496 -9.444894 -28.200149 11.008899 -15.915895 -41.258325 5.279908 -20.321382 -3.308225 -11.519888 3.840257 14.973336 2.326501 8.496038 23.873885 5.341603 12.449492 42.425122 8.274715 22.994269 4.304196 -5.211628 -2.582201 -13.673075 
3.768900 96.394920 -51.141101 -5.507948 0.315661 -1.769276 9.678421 6.794541 4.922547 -3.045340 -11.751984 1.272075 -7.165710 13.989633 3.195812 -0.000000 0.000000 0.000000 6.906662 -1.684041 -0.017268 0.914113 11.635619 -1.793966 -6.468302 -10.281242 -1.048740 -0.000000 0.000000 0.000000 4.420504 1.380229 -2.003091 7.754103 -3.205767 3.620623 -3.080291 1.718670 0.794733 -2.073472 -5.291244 -1.895805 -4.262610 8.778655 7.625411 -0.000000 0.000000 0.000000 1.443925 -9.450364 -28.212500 11.010492 -15.914213 -41.249914 5.284475 -20.324736 -3.304480 -11.532964 3.836476 14.976677 2.331094 8.501539 23.896829 5.345859 12.447695 42.418594 8.237922 22.995291 4.297657 -5.235385 -2.590146 -13.680052 
3.768370 96.393526 -51.135796 -5.517650 0.318082 -1.768501 9.691016 6.798649 4.932243 -3.046821 -11.753586 1.271551 -7.168872 13.991754 3.200541 -0.000000 0.000000 0.000000 6.925444 -1.689286 -0.017181 0.909579 11.641767 -1.793098 -6.469362 -10.278429 -1.056056 -0.000000 0.000000 0.000000 4.445387 1.383602 -2.004584 7.787400 -3.204831 3.624145 -3.084186 1.717834 0.793640 -2.094484 -5.303554 -1.856741 -4.257950 8.758549 7.630482 -0.000000 0.000000 0.000000 1.442928 -9.456508 -28.228099 10.998854 -15.902762 -41.249532 5.248031 -20.322988 -3.299232 -11.539844 3.858255 14.978805 2.333655 8.515502 23.911238 5.350956 12.444647 42.411272 8.244817 22.984964 4.290603 -5.220146 -2.610755 -13.678558 
3.767880 96.391529 -51.125997 -5.539220 0.308012 -1.768913 9.728257 6.803196 4.928490 -3.050681 -11.754206 1.270407 -7.182005 13.996214 3.208206 -0.000000 0.000000 0.000000 6.959823 -1.695378 -0.018835 0.900203 11.649988 -1.790357 -6.485847 -10.273792 -1.064637 -0.000000 0.000000 0.000000 4.481712 1.396451 -2.006942 7.822674 -3.199672 3.627075 -3.094850 1.717125 0.792728 -2.127209 -5.298392 -1.829405 -4.264299 8.731506 7.617604 -0.000000 0.000000 0.000000 1.438121 -9.465562 -28.238444 10.984644 -15.885253 -41.255268 5.212310 -20.300068 -3.313766 -11.501857 3.844074 14.996592 2.335796 8.538793 23.922417 5.369626 12.425893 42.407138 8.245902 22.994291 4.274289 -5.211279 -2.597714 -13.654639 
3.767430 96.389025 -51.117998 -5.542477 0.293853 -1.769779 9.745290 6.809866 4.927137 -3.062652 -11.754312 1.269413 -7.188516 13.997111 3.213256 -0.000000 0.000000 0.000000 6.966951 -1.698885 -0.020179 0.897210 11.658184 -1.790257 -6.491349 -10.267280 -1.069292 -0.000000 0.000000 0.000000 4.502093 1.400359 -2.008057 7.859170 -3.190319 3.629478 -3.107155 1.721100 0.792068 -2.175216 -5.278362 -1.815662 -4.264177 8.712909 7.595345 -0.000000 0.000000 0.000000 1.436514 -9.467455 -28.252292 10.996217 -15.874644 -41.237573 5.235088 -20.311088 -3.306829 -11.472675 3.842309 14.928793 2.338703 8.546702 23.950357 5.379042 12.403130 42.381604 8.202177 23.007389 4.281266 -5.189901 -2.604066 -13.652531 
3.767000 96.386421 -51.108396 -5.546631 0.280776 -1.770542 9.757162 6.816702 4.926064 -3.062862 -11.753630 1.267911 -7.197900 14.003793 3.216227 -0.000000 0.000000 0.000000 6.976743 -1.701186 -0.021467 0.894069 11.668388 -1.789926 -6.497735 -10.261608 -1.079890 -0.000000 0.000000 0.000000 4.522143 1.402783 -2.008962 7.890522 -3.185030 3.632149 -3.122478 1.728672 0.791627 -2.214428 -5.264484 -1.807266 -4.264875 8.714062 7.578524 -0.000000 0.000000 0.000000 1.433656 -9.467959 -28.278764 11.010195 -15.863633 -41.214495 5.204772 -20.314803 -3.311416 -11.485557 3.837506 14.949072 2.340880 8.552165 23.977305 5.398575 12.387926 42.364726 8.175066 23.010184 4.276384 -5.189347 -2.604178 -13.659936 
3.766580 96.384025 -51.096803 -5.551402 0.270770 -1.771024 9.785309 6.821467 4.923669 -3.081262 -11.758859 1.264904 -7.196837 14.009250 3.220057 -0.000000 0.000000 0.000000 6.997877 -1.702787 -0.022307 0.883898 11.678728 -1.787300 -6.503575 -10.259180 -1.089236 -0.000000 0.000000 0.000000 4.532334 1.406073 -2.009645 7.936645 -3.180846 3.636086 -3.140801 1.729393 0.787142 -2.239394 -5.248005 -1.797665 -4.260843 8.707884 7.559969 -0.000000 0.000000 0.000000 1.434515 -9.465370 -28.291911 10.988530 -15.845499 -41.217153 5.180643 -20.296756 -3.300542 -11.461575 3.844539 14.962386 2.351381 8.560894 23.998264 5.405221 12.382171 42.354853 8.186987 23.006812 4.259397 -5.190887 -2.580663 -13.665440 
3.766150 96.382225 -51.082200 -5.561927 0.268836 -1.770734 9.818786 6.825564 4.920759 -3.104538 -11.765127 1.259051 -7.204188 14.013521 3.225919 -0.000000 0.000000 0.000000 7.030307 -1.704123 -0.022984 0.862785 11.685705 -1.783817 -6.507631 -10.257778 -1.094073 -0.000000 0.000000 0.000000 4.539486 1.411093 -2.010418 7.971592 -3.178134 3.639775 -3.154107 1.730103 0.780861 -2.254337 -5.247117 -1.786374 -4.231628 8.699720 7.535593 -0.000000 0.000000 0.000000 1.434724 -9.463106 -28.308823 10.989153 -15.844057 -41.206957 5.181996 -20.285022 -3.289807 -11.445048 3.845158 14.972584 2.350595 8.565272 24.021566 5.421152 12.366621 42.346041 8.156021 22.999919 4.263003 -5.167203 -2.585887 -13.676144 
3.765710 96.379626 -51.068497 -5.564539 0.269466 -1.770218 9.833391 6.828100 4.920127 -3.107999 -11.770421 1.257654 -7.211022 14.014116 3.230799 -0.000000 0.000000 0.000000 7.039143 -1.705041 -0.024801 0.864011 11.687138 -1.787656 -6.512965 -10.256712 -1.099252 -0.000000 0.000000 0.000000 4.541086 1.412209 -2.010784 8.011337 -3.174701 3.649643 -3.168750 1.730707 0.773507 -2.250028 -5.251946 -1.780802 -4.209558 8.696366 7.516711 -0.000000 0.000000 0.000000 1.435607 -9.461327 -28.320718 10.987110 -15.837595 -41.195272 5.184162 -20.286180 -3.287332 -11.447559 3.854523 14.960756 2.354558 8.558739 24.041837 5.427855 12.360990 42.337933 8.165845 22.997857 4.256389 -5.171832 -2.560593 -13.669878 
3.768120 96.377021 -51.054299 -5.576099 0.282436 -1.768502 9.858793 6.831515 4.918226 -3.118068 -11.787443 1.254293 -7.216118 14.014498 3.234773 -0.000000 0.000000 0.000000 7.069596 -1.706294 -0.028019 0.858879 11.688558 -1.791772 -6.529663 -10.269652 -1.117107 -0.000000 0.000000 0.000000 4.542248 1.413009 -2.011280 8.040210 -3.180438 3.657217 -3.179572 1.730974 0.770531 -2.238666 -5.257046 -1.776223 -4.188592 8.696350 7.502787 -0.000000 0.000000 0.000000 1.440595 -9.463400 -28.332059 10.977809 -15.834619 -41.186176 5.172565 -20.300222 -3.273652 -11.452430 3.863186 14.970011 2.356124 8.553075 24.054127 5.419428 12.368386 42.352196 8.134864 22.984690 4.243722 -5.198215 -2.579915 -13.657401 
3.771620 96.375024 -51.037699 -5.587375 0.290243 -1.767324 9.886500 6.835214 4.916112 -3.131351 -11.800258 1.251367 -7.218951 14.014613 3.243313 -0.000000 0.000000 0.000000 7.100516 -1.707441 -0.031007 0.853560 11.690113 -1.792998 -6.537100 -10.273735 -1.124189 -0.000000 0.000000 0.000000 4.543060 1.413969 -2.011947 8.082698 -3.182743 3.665807 -3.186246 1.731074 0.769641 -2.232541 -5.264867 -1.772960 -4.156491 8.689853 7.498490 -0.000000 0.000000 0.000000 1.443156 -9.465377 -28.337987 10.957763 -15.833635 -41.180625 5.130485 -20.304746 -3.276655 -11.466434 3.873364 14.987131 2.355064 8.550311 24.074279 5.418030 12.370973 42.346968 8.125000 22.985615 4.233782 -5.203176 -2.580227 -13.652119 
3.775030 96.374023 -51.019597 -5.599881 0.289948 -1.766948 9.922360 6.839627 4.913223 -3.146213 -11.802803 1.248352 -7.223769 14.016205 3.245542 -0.000000 0.000000 0.000000 7.132764 -1.708131 -0.031423 0.843695 11.691712 -1.793461 -6.538908 -10.269523 -1.127615 -0.000000 0.000000 0.000000 4.543475 1.417584 -2.013635 8.131644 -3.179841 3.677123 -3.195359 1.731022 0.769073 -2.225457 -5.248712 -1.770011 -4.154965 8.679685 7.476377 -0.000000 0.000000 0.000000 1.442027 -9.464675 -28.342007 10.942045 -15.828945 -41.180225 5.120731 -20.303089 -3.262760 -11.413983 3.887408 14.951895 2.348066 8.561922 24.088361 5.428047 12.360746 42.345451 8.094881 22.999383 4.219284 -5.195325 -2.583032 -13.621134 
3.778480 96.373224 -51.004297 -5.601166 0.288524 -1.766745 9.945067 6.843356 4.914766 -3.153573 -11.804862 1.246669 -7.239772 14.023726 3.252966 -0.000000 0.000000 0.000000 7.154617 -1.708658 -0.031306 0.833060 11.693634 -1.794129 -6.540872 -10.270265 -1.126886 -0.000000 0.000000 0.000000 4.544096 1.433746 -2.018067 8.165368 -3.175680 3.702252 -3.201784 1.730910 0.768630 -2.253852 -5.234897 -1.765965 -4.131102 8.686324 7.443864 -0.000000 0.000000 0.000000 1.444822 -9.456550 -28.347680 10.935222 -15.844584 -41.188990 5.134087 -20.326193 -3.236495 -11.429177 3.898250 14.959462 2.346681 8.553743 24.128608 5.451882 12.339978 42.291097 8.053948 23.039031 4.214751 -5.200525 -2.579146 -13.608790 
3.781540 96.372420 -50.989801 -5.601649 0.286823 -1.766604 9.953493 6.845360 4.915085 -3.162937 -11.807356 1.244874 -7.247686 14.025639 3.258011 -0.000000 0.000000 0.000000 7.165585 -1.708953 -0.031061 0.826842 11.695694 -1.798229 -6.543635 -10.270784 -1.133551 -0.000000 0.000000 0.000000 4.530418 1.437287 -2.031931 8.206048 -3.172668 3.727613 -3.216240 1.730618 0.768590 -2.254953 -5.223388 -1.756025 -4.144267 8.695336 7.449730 -0.000000 0.000000 0.000000 1.451565 -9.442132 -28.355175 10.921987 -15.832839 -41.190913 5.147671 -20.364912 -3.227843 -11.424010 3.876318 14.921253 2.352651 8.531153 24.163842 5.429649 12.331178 42.257117 8.068310 23.000797 4.208338 -5.154308 -2.577936 -13.602321 
3.783130 96.371722 -50.972998 -5.607852 0.284194 -1.766575 9.981756 6.848993 4.912534 -3.180146 -11.826489 1.240890 -7.254494 14.034345 3.263871 -0.000000 0.000000 0.000000 7.191944 -1.709216 -0.030013 0.810857 11.702775 -1.800087 -6.556871 -10.271037 -1.141637 -0.000000 0.000000 0.000000 4.522719 1.439884 -2.039226 8.234582 -3.170823 3.744215 -3.235283 1.730210 0.768808 -2.228727 -5.213304 -1.744334 -4.125527 8.723271 7.443460 -0.000000 0.000000 0.000000 1.452947 -9.421462 -28.381198 10.926595 -15.824702 -41.168850 5.118379 -20.385361 -3.226179 -11.423795 3.908229 14.913011 2.349803 8.525201 24.209771 5.470377 12.343438 42.221030 8.102172 22.976098 4.164736 -5.184203 -2.569763 -13.594159 
3.784270 96.371126 -50.957501 -5.621668 0.269238 -1.767796 10.012949 6.852737 4.909689 -3.183249 -11.835251 1.239131 -7.267463 14.048705 3.277181 -0.000000 0.000000 0.000000 7.224496 -1.709289 -0.028636 0.798174 11.720685 -1.798583 -6.551769 -10.271505 -1.141963 -0.000000 0.000000 0.000000 4.524262 1.439796 -2.042971 8.249039 -3.170414 3.755848 -3.249854 1.729825 0.768963 -2.202362 -5.210074 -1.725998 -4.058205 8.753701 7.416449 -0.000000 0.000000 0.000000 1.461405 -9.392724 -28.399750 10.923567 -15.819015 -41.171096 5.112266 -20.356151 -3.196873 -11.406916 3.918682 14.954163 2.356322 8.505192 24.235890 5.464297 12.346864 42.209669 8.061231 22.940081 4.180142 -5.170510 -2.555939 -13.579211 
3.785220 96.370620 -50.941098 -5.638861 0.262918 -1.768201 10.048097 6.856990 4.907021 -3.184883 -11.830121 1.239697 -7.282426 14.052210 3.287796 -0.000000 0.000000 0.000000 7.252105 -1.709240 -0.027358 0.797355 11.722613 -1.798259 -6.573437 -10.262966 -1.143804 -0.000000 0.000000 0.000000 4.514760 1.439692 -2.046109 8.274718 -3.168412 3.774018 -3.262024 1.725759 0.771647 -2.177594 -5.195713 -1.724188 -3.993937 8.764978 7.381507 -0.000000 0.000000 0.000000 1.478083 -9.383657 -28.390556 10.943571 -15.774277 -41.200767 5.079489 -20.418471 -3.143622 -11.441966 3.937281 14.843556 2.365948 8.514545 24.273944 5.539079 12.322501 42.152758 8.086293 23.043564 4.101968 -5.228750 -2.539074 -13.516150 
3.785980 96.370125 -50.922298 -5.651896 0.257274 -1.778958 10.088754 6.863393 4.912298 -3.208076 -11.794049 1.238597 -7.286934 14.020942 3.273354 -0.000000 0.000000 0.000000 7.283968 -1.704917 -0.024001 0.790849 11.679500 -1.796979 -6.584955 -10.234041 -1.132701 -0.000000 0.000000 0.000000 4.494451 1.440223 -2.045967 8.279623 -3.169467 3.780099 -3.210576 1.704863 0.802708 -2.168495 -5.123734 -1.745996 -4.041132 8.722063 7.324389 -0.000000 0.000000 0.000000 1.545512 -9.338883 -28.268509 10.955852 -15.567835 -41.334329 4.789803 -20.774212 -2.980097 -11.782883 3.717885 14.550258 2.363281 8.516018 24.227821 5.533848 12.141117 42.108183 7.834107 23.160307 3.985209 -5.437723 -2.409216 -13.117143 
3.786530 96.369821 -50.901002 -5.635142 0.217674 -1.801629 10.100912 6.868564 4.928127 -3.224503 -11.737917 1.250688 -7.290558 13.995052 3.243472 -0.000000 0.000000 0.000000 7.274671 -1.672193 -0.005436 0.794528 11.650770 -1.797078 -6.586182 -10.206498 -1.113648 -0.000000 0.000000 0.000000 4.476428 1.442897 -2.022101 8.218528 -3.138738 3.767219 -3.101669 1.677786 0.808151 -2.214033 -4.951093 -1.716445 -4.153766 8.553820 7.174401 -0.000000 0.000000 0.000000 1.578638 -8.919936 -28.089014 10.757708 -15.095123 -41.413615 3.905893 -21.101665 -2.739206 -12.107181 3.437712 13.819955 2.354010 8.351255 24.117695 5.477572 11.973257 42.045967 7.525711 23.096301 3.644962 -5.606086 -2.383690 -12.868872 
3.786890 96.369523 -50.879997 -5.614730 0.130431 -1.820501 10.114343 6.863250 4.912488 -3.222701 -11.697064 1.283962 -7.297062 14.046343 3.213665 -0.000000 0.000000 0.000000 7.247069 -1.655824 0.002725 0.806205 11.694413 -1.800023 -6.587833 -10.194081 -1.040923 -0.000000 0.000000 0.000000 4.472025 1.463620 -1.999403 8.093188 -3.042879 3.754838 -2.947728 1.697363 0.818969 -2.243846 -4.854325 -1.773664 -4.408111 8.260971 7.118052 -0.000000 0.000000 0.000000 1.503643 -8.250399 -27.744803 10.259710 -14.485179 -41.363123 2.991000 -20.810739 -2.555539 -11.988383 3.310027 13.686920 2.387772 7.972056 23.984962 5.265428 11.445474 41.586659 7.478617 23.164339 3.295306 -4.853508 -2.337514 -13.105058 
3.787030 96.369326 -50.863498 -5.622880 0.030026 -1.845948 10.130236 6.918063 4.912458 -3.190888 -11.697714 1.300049 -7.321386 14.096128 3.192311 -0.000000 0.000000 0.000000 7.241598 -1.682274 0.007056 0.820873 11.836964 -1.796806 -6.602710 -10.216899 -0.975208 -0.000000 0.000000 0.000000 4.495093 1.503247 -1.882084 8.028602 -2.893561 3.692419 -2.946471 1.821513 0.781391 -2.061775 -4.840988 -1.874108 -4.800797 7.798227 7.081058 -0.000000 0.000000 0.000000 1.433183 -7.659287 -27.330091 10.365570 -13.818459 -40.197927 3.971708 -20.684993 -2.055264 -10.645358 3.282299 13.220108 2.474338 7.500369 23.634491 5.020527 10.471174 40.816479 7.314151 23.282931 2.735007 -3.969983 -2.109679 -12.852907 
3.774560 96.369225 -50.838798 -5.668171 -0.105113 -1.880223 10.216077 7.047749 4.924047 -3.217451 -11.757148 1.309199 -7.348139 14.171433 3.148015 -0.000000 0.000000 0.000000 7.294254 -1.737477 0.024876 0.801288 12.081166 -1.787462 -6.628386 -10.275975 -0.954704 -0.000000 0.000000 0.000000 4.498572 1.576127 -1.721409 8.025724 -2.714113 3.574633 -2.993649 1.964091 0.693854 -1.712028 -4.652711 -1.844186 -5.188130 7.075431 7.007040 -0.000000 0.000000 0.000000 1.288031 -6.988499 -26.723547 10.827260 -12.906598 -37.880447 5.964523 -20.632685 -1.565621 -8.373387 2.597189 12.068320 2.515066 7.074388 23.018224 4.794697 9.349512 39.558432 6.345652 22.870786 2.429978 -3.907548 -2.043988 -12.358730 
3.754970 96.369225 -50.801700 -5.771740 -0.175909 -1.914660 10.370671 7.224515 4.961464 -3.288791 -12.078255 1.276536 -7.340505 14.409001 3.132552 -0.000000 0.000000 0.000000 7.463405 -1.855633 0.083016 0.732866 12.505765 -1.806360 -6.618739 -10.525365 -0.953718 -0.000000 0.000000 0.000000 4.512336 1.640733 -1.639505 7.837503 -2.575411 3.508011 -2.850825 2.107083 0.710579 -1.202397 -4.780773 -1.944840 -5.536457 6.620728 7.122655 -0.000000 0.000000 0.000000 1.177178 -6.462778 -25.724544 10.958346 -11.662760 -35.339842 6.227039 -20.213228 -1.556875 -7.443614 2.791992 11.974597 2.540120 6.716224 22.145300 4.509828 8.009234 37.460046 5.150303 22.140408 2.559049 -3.781228 -2.421219 -12.532617 
3.736400 96.382624 -50.765800 -5.873704 -0.177193 -1.960810 10.499345 7.384298 5.024626 -3.355397 -12.553853 1.237224 -7.308603 14.754846 3.106536 -0.000000 0.000000 0.000000 7.632697 -2.004253 0.169095 0.676674 13.032306 -1.821277 -6.599671 -10.912934 -0.954968 -0.000000 0.000000 0.000000 4.556731 1.683014 -1.614778 7.488308 -2.499399 3.493536 -2.570956 2.215705 0.827927 -0.708890 -5.032018 -2.148175 -5.728871 6.340115 7.300414 -0.000000 0.000000 0.000000 1.020430 -5.814093 -24.514298 10.645461 -9.980655 -32.318188 5.208878 -19.651197 -2.093102 -7.287981 3.246630 11.965196 2.522437 6.310333 21.153857 4.122946 6.517853 34.425446 4.350565 21.282025 2.774222 -3.120011 -2.723382 -12.636077 
3.715400 96.396524 -50.721198 -5.979805 -0.156298 -2.008419 10.636119 7.580986 5.093681 -3.442575 -13.105347 1.194416 -7.270164 15.138658 3.050738 -0.000000 0.000000 0.000000 7.811812 -2.172257 0.251612 0.627681 13.640963 -1.816361 -6.561097 -11.369845 -0.992064 -0.000000 0.000000 0.000000 4.623042 1.721501 -1.605798 7.177244 -2.475301 3.481078 -2.352108 2.321119 0.972135 -0.302773 -5.175736 -2.349462 -5.758357 6.075462 7.397050 -0.000000 0.000000 0.000000 0.720089 -5.045374 -23.380618 10.214105 -7.961679 -28.325511 3.810671 -19.139777 -3.095479 -6.809134 3.435880 11.770466 2.418553 5.922401 20.151736 3.725746 4.964683 30.676305 3.034096 20.237304 3.250221 -2.507827 -2.904011 -12.970894 
3.697220 96.404225 -50.667900 -6.117763 -0.097617 -2.066381 10.828755 7.814378 5.181936 -3.585668 -13.762707 1.138235 -7.251121 15.563513 2.991964 -0.000000 0.000000 0.000000 8.047337 -2.376596 0.351974 0.565608 14.316356 -1.801664 -6.560183 -11.886571 -1.089240 -0.000000 0.000000 0.000000 4.746362 1.738387 -1.603907 6.830968 -2.518525 3.482453 -2.103324 2.447651 1.189623 -0.006756 -5.376984 -2.647234 -5.793234 5.979141 7.509297 -0.000000 0.000000 0.000000 0.289153 -4.351031 -22.256511 9.686682 -5.924720 -23.760034 2.275463 -18.469700 -4.224613 -6.158493 3.752980 11.631416 2.177920 5.530442 19.064879 3.319594 3.419888 26.355228 1.398930 19.142272 3.984698 -1.888568 -3.045031 -13.371667 
3.678500 96.409923 -50.609899 -6.280798 -0.020495 -2.132100 11.042807 8.041619 5.290856 -3.725607 -14.474160 1.064968 -7.244776 16.037269 2.931605 -0.000000 0.000000 0.000000 8.330160 -2.608350 0.469348 0.480964 15.023387 -1.795199 -6.559868 -12.418746 -1.210274 -0.000000 0.000000 0.000000 4.974676 1.728691 -1.631063 6.364107 -2.603341 3.473325 -1.806124 2.560612 1.457113 0.154553 -5.595309 -2.912775 -5.732217 6.017256 7.611187 -0.000000 0.000000 0.000000 -0.263649 -3.631481 -21.180141 9.021736 -3.945561 -18.687889 0.799742 -17.728550 -5.384868 -5.195328 3.968155 11.696282 1.768433 5.090326 17.996778 2.877535 1.949375 21.510267 0.080336 18.153372 4.771985 -0.925576 -3.030082 -13.329193 
3.659970 96.422523 -50.553799 -6.398693 0.011387 -2.181387 11.200704 8.272347 5.368174 -3.833967 -15.128961 1.006531 -7.245512 16.506158 2.793890 -0.000000 0.000000 0.000000 8.533623 -2.824175 0.560067 0.432768 15.717681 -1.793959 -6.533830 -12.899813 -1.297690 -0.000000 0.000000 0.000000 5.115099 1.755221 -1.652496 6.047105 -2.591414 3.485689 -1.642761 2.586900 1.637786 0.380002 -5.500762 -3.075695 -5.781465 5.864686 7.711937 -0.000000 0.000000 0.000000 -0.954688 -2.873103 -20.063076 7.874382 -2.334699 -13.352716 -0.666106 -16.499526 -6.566904 -3.815355 3.920604 11.949730 1.393835 4.653383 16.972203 1.906319 0.532891 16.412957 -1.614232 16.974865 5.710323 -0.451090 -2.707079 -13.485955 
3.645940 96.444422 -50.504297 -6.474404 0.078322 -2.202605 11.269905 8.463004 5.420604 -3.868907 -15.794901 0.957200 -7.242008 16.980675 2.626739 -0.000000 0.000000 0.000000 8.683616 -3.053783 0.632499 0.397396 16.389289 -1.805941 -6.503224 -13.397343 -1.389315 -0.000000 0.000000 0.000000 5.147321 1.820570 -1.629345 5.859562 -2.560822 3.492857 -1.548149 2.515244 1.725634 0.679210 -5.297985 -3.224995 -5.980598 5.664575 7.941689 -0.000000 0.000000 0.000000 -1.676267 -2.262998 -18.974096 6.185830 -1.066149 -7.861101 -2.550640 -15.022444 -7.835350 -2.534221 3.936117 12.445535 1.154549 4.256289 15.932309 0.400450 -0.536641 11.301959 -3.296873 15.508182 6.669315 0.012627 -2.415411 -13.934668 
3.642070 96.470124 -50.461495 -6.541788 0.192431 -2.201426 11.307883 8.602031 5.453380 -3.865728 -16.399865 0.917298 -7.239132 17.400208 2.444464 -0.000000 0.000000 0.000000 8.828860 -3.289546 0.678401 0.354895 16.994377 -1.812063 -6.443754 -13.866221 -1.447839 -0.000000 0.000000 0.000000 5.148665 1.898920 -1.551219 5.682684 -2.565053 3.430013 -1.430634 2.470679 1.804045 0.995274 -5.080851 -3.387425 -6.247000 5.416493 8.260460 -0.000000 0.000000 0.000000 -2.492029 -1.891426 -17.922062 4.294740 -0.263540 -2.371780 -4.227202 -13.418096 -8.972490 -0.724748 3.829470 12.828490 0.984499 3.963943 14.797432 -1.158617 -1.381180 6.419229 -4.633050 14.081851 7.391173 0.913870 -2.128561 -14.061298 
3.646720 96.497524 -50.425798 -6.586474 0.368478 -2.173437 11.333042 8.714059 5.457178 -3.904625 -16.972567 0.894617 -7.193670 17.743285 2.241670 -0.000000 0.000000 0.000000 8.945329 -3.519451 0.699359 0.325836 17.517723 -1.818939 -6.415865 -14.335390 -1.495434 -0.000000 0.000000 0.000000 5.169378 1.954395 -1.446004 5.404469 -2.609818 3.324397 -1.234794 2.465489 1.880951 1.299617 -4.895221 -3.605598 -6.551735 5.152757 8.681863 -0.000000 0.000000 0.000000 -3.307012 -1.788043 -16.732626 2.452125 0.056466 2.691113 -5.580991 -11.733673 -9.944365 0.759545 3.611403 13.204496 0.828723 3.733063 13.460550 -2.802819 -2.048231 2.030612 -5.988718 12.680816 7.954020 1.791494 -1.811453 -14.285801 
3.660260 96.530825 -50.412399 -6.582329 0.582958 -2.127056 11.281015 8.763654 5.439230 -3.917428 -17.488349 0.884581 -7.126425 18.044766 2.036129 -0.000000 0.000000 0.000000 8.975740 -3.714149 0.711741 0.341012 17.951369 -1.846726 -6.360755 -14.797990 -1.515089 -0.000000 0.000000 0.000000 5.227369 1.967076 -1.356331 4.985397 -2.684968 3.185247 -0.928049 2.463394 1.991436 1.540346 -4.737485 -3.829433 -6.927920 4.925401 9.105544 -0.000000 0.000000 0.000000 -4.075246 -1.875638 -15.484887 0.787449 0.093715 7.304436 -6.727414 -10.133459 -10.842485 1.985064 3.262965 13.557231 0.614973 3.552000 12.053248 -4.407379 -2.434277 -1.957089 -6.729358 11.400720 8.307484 3.362376 -1.612132 -14.755710 
3.677530 96.567023 -50.419199 -6.510547 0.789749 -2.090135 11.135626 8.788607 5.427855 -3.913386 -17.901016 0.883408 -7.039331 18.273526 1.825128 -0.000000 0.000000 0.000000 8.919557 -3.898733 0.713657 0.336827 18.306490 -1.851825 -6.270482 -15.188492 -1.476235 -0.000000 0.000000 0.000000 5.240545 1.957738 -1.260128 4.552773 -2.766933 3.051566 -0.628501 2.480220 2.080168 1.814738 -4.580647 -4.011945 -7.354756 4.622890 9.542408 -0.000000 0.000000 0.000000 -4.804392 -2.032980 -14.153622 -0.595601 -0.114648 11.411073 -7.000779 -8.775633 -11.612052 3.404643 2.797840 13.803298 0.381962 3.397522 10.608226 -5.954545 -2.560033 -5.511076 -7.026950 10.212255 8.442638 4.996960 -1.446904 -15.083698 
3.698990 96.607322 -50.432700 -6.377961 0.925457 -2.049483 10.961208 8.788776 5.372763 -3.935506 -18.161464 0.923072 -6.926452 18.430860 1.583595 -0.000000 0.000000 0.000000 8.792767 -4.047420 0.695065 0.302092 18.570120 -1.861003 -6.171456 -15.500992 -1.387159 -0.000000 0.000000 0.000000 5.198113 1.956129 -1.131699 4.069090 -2.821023 2.888396 -0.320052 2.538482 2.134149 2.204932 -4.480447 -4.148891 -7.889819 4.163567 10.007127 -0.000000 0.000000 0.000000 -5.588576 -2.092948 -12.737504 -1.696684 -0.767297 14.833563 -6.972995 -7.446420 -12.079556 4.827497 2.302111 13.947817 0.100639 3.157593 9.100572 -7.417417 -2.390834 -8.481140 -7.794453 9.005538 8.496713 5.684759 -1.301268 -15.481228 
3.735060 96.649128 -50.461400 -6.238937 1.006726 -2.009115 10.773747 8.700426 5.287392 -3.892762 -18.213166 0.998796 -6.852764 18.516689 1.339715 -0.000000 0.000000 0.000000 8.625708 -4.128400 0.651479 0.295094 18.689685 -1.878716 -6.062907 -15.652547 -1.238988 -0.000000 0.000000 0.000000 5.191628 1.927434 -1.093053 3.398521 -2.766573 2.797172 0.198058 2.644557 2.348869 2.695515 -4.354390 -4.379292 -8.956358 3.881602 10.195999 -0.000000 0.000000 0.000000 -6.308248 -2.090151 -11.186018 -2.196284 -1.888953 17.023620 -7.196206 -5.765335 -12.024077 5.687453 1.807871 14.603058 -0.313609 2.821442 7.467220 -8.756857 -2.033373 -10.993276 -8.500823 7.911739 8.355279 6.609391 -1.120843 -15.896570 
3.762170 96.688920 -50.492501 -6.146325 1.019698 -2.004803 10.655756 8.676629 5.230783 -3.886391 -18.270634 1.070120 -6.772911 18.615013 1.118482 -0.000000 0.000000 0.000000 8.501678 -4.181745 0.641456 0.291561 18.824855 -1.897293 -5.960269 -15.774132 -1.109190 -0.000000 0.000000 0.000000 5.228784 1.890694 -1.072317 2.728782 -2.681144 2.795384 0.794635 2.523318 2.644012 2.989763 -3.734450 -4.599833 -9.899239 4.045793 9.803138 -0.000000 0.000000 0.000000 -6.503818 -2.174645 -9.854706 -2.552476 -2.368843 18.755476 -7.728518 -4.368295 -11.727677 6.630269 1.431387 15.150028 -0.651505 2.849215 5.819034 -9.681601 -1.637973 -13.181696 -9.198652 6.895864 8.107802 7.478351 -1.040931 -16.471466 
3.776940 96.731925 -50.520402 -6.071561 0.971910 -2.025934 10.528186 8.724353 5.217536 -3.850377 -18.454918 1.095616 -6.670992 18.817701 0.962302 -0.000000 0.000000 0.000000 8.392994 -4.250509 0.661962 0.284419 19.099525 -1.917012 -5.833812 -15.970645 -0.972053 -0.000000 0.000000 0.000000 5.197908 1.902366 -0.987074 2.201565 -2.625311 2.757151 1.250248 2.358387 2.815938 3.160885 -2.894862 -4.708491 -10.109845 4.301174 9.534347 -0.000000 0.000000 0.000000 -6.380422 -2.549444 -8.854015 -3.542986 -2.327617 20.805789 -8.113349 -3.264074 -11.826820 7.487349 1.291511 15.504809 -0.645948 3.111335 4.408861 -10.645397 -1.376981 -15.109157 -9.492952 6.113828 7.948629 8.430237 -1.071295 -17.147665 
3.792160 96.782118 -50.554097 -5.903140 0.887150 -2.037048 10.305621 8.760478 5.173809 -3.821003 -18.626560 1.137846 -6.516583 19.035341 0.811965 -0.000000 0.000000 0.000000 8.161987 -4.311110 0.673834 0.285857 19.403159 -1.956418 -5.680386 -16.206367 -0.767834 -0.000000 0.000000 0.000000 5.025494 1.930345 -0.847131 1.840222 -2.594047 2.651136 1.471575 2.335592 2.823527 3.392440 -2.315076 -4.718995 -9.910290 4.153288 9.821123 -0.000000 0.000000 0.000000 -6.239725 -3.067442 -7.977233 -4.891815 -2.198779 22.849165 -7.180903 -2.600427 -12.399084 8.951224 1.183192 16.219143 -0.432263 3.314464 3.311677 -11.986531 -1.147547 -16.784972 -9.550092 5.491057 7.932819 9.286957 -1.048474 -17.925249 
3.814590 96.817422 -50.573897 -5.746201 0.834531 -2.057031 10.128334 8.743184 5.138433 -3.818215 -18.707731 1.188869 -6.410951 19.183784 0.674521 -0.000000 0.000000 0.000000 7.999366 -4.348609 0.678748 0.209471 19.567672 -1.965901 -5.549809 -16.352011 -0.558107 -0.000000 0.000000 0.000000 4.847194 1.943249 -0.725639 1.470226 -2.612077 2.602233 1.782653 2.350060 2.848815 3.721585 -2.165568 -4.756963 -10.135780 4.048812 10.206417 -0.000000 0.000000 0.000000 -6.200419 -3.351977 -6.884430 -5.714172 -2.210608 23.836066 -6.136752 -2.024474 -12.667564 9.523810 1.001013 16.164903 -0.375380 3.330818 2.152988 -12.971244 -0.691684 -17.985728 -8.696979 5.013913 7.963503 10.398148 -1.109324 -18.488976 
3.839660 96.858925 -50.598902 -5.568068 0.818643 -2.057760 9.907994 8.671029 5.079489 -3.775252 -18.735420 1.259025 -6.297537 19.301711 0.551482 -0.000000 0.000000 0.000000 7.760750 -4.361917 0.675460 0.239497 19.673375 -1.997085 -5.437479 -16.485884 -0.345159 -0.000000 0.000000 0.000000 4.637220 1.946509 -0.572008 1.130504 -2.647714 2.474465 2.047020 2.415824 2.818177 4.127394 -2.323468 -4.721445 -10.354320 3.767565 10.812967 -0.000000 0.000000 0.000000 -6.311565 -3.602454 -6.028881 -6.644167 -2.436143 24.537260 -5.448727 -1.546624 -12.855772 10.235967 1.123243 16.130790 -0.337975 3.282049 1.209040 -13.845154 -0.295890 -18.867059 -7.374314 4.846343 7.983430 11.727995 -1.168849 -18.721599 
3.866730 96.893024 -50.632703 -5.375743 0.829497 -2.025385 9.634532 8.544618 5.001263 -3.654504 -18.595064 1.327795 -6.226346 19.280486 0.442441 -0.000000 0.000000 0.000000 7.472231 -4.322103 0.637717 0.329234 19.626308 -2.033052 -5.364896 -16.552411 -0.135888 -0.000000 0.000000 0.000000 4.433090 1.916491 -0.446005 0.899004 -2.721619 2.276082 2.275331 2.517068 2.689994 4.541348 -2.560131 -4.463676 -10.818092 3.131970 11.618688 -0.000000 0.000000 0.000000 -6.695891 -3.668249 -4.988828 -7.439330 -2.764227 24.652382 -4.751057 -1.251380 -12.969351 10.741472 0.741343 16.040995 -0.459308 3.150009 0.326394 -14.795232 0.140321 -19.058813 -6.778775 4.683364 7.835921 12.011567 -1.018847 -18.863666 
3.885740 96.924621 -50.679797 -5.237240 0.904413 -1.970354 9.381816 8.397844 4.928446 -3.496549 -18.460473 1.379479 -6.184125 19.225245 0.341886 -0.000000 0.000000 0.000000 7.228765 -4.321309 0.583833 0.440860 19.534549 -2.062867 -5.325019 -16.579029 0.003682 -0.000000 0.000000 0.000000 4.297236 1.881973 -0.379476 0.679480 -2.827043 2.097388 2.496451 2.653372 2.564854 4.912446 -3.016424 -4.230109 -11.298712 2.573889 12.504852 -0.000000 0.000000 0.000000 -7.184384 -3.664862 -4.102011 -7.733777 -3.399444 24.483240 -4.015119 -0.521523 -12.965346 11.207941 0.691734 16.132182 -0.711895 2.939929 -0.225316 -15.656628 0.784823 -19.390962 -6.027349 4.359395 7.936990 12.915677 -1.043767 -18.955055 
3.910810 96.949428 -50.720900 -5.192190 1.038717 -1.919527 9.237048 8.309329 4.876791 -3.389723 -18.429932 1.403103 -6.131593 19.161759 0.284447 -0.000000 0.000000 0.000000 7.113883 -4.369089 0.542453 0.532495 19.458961 -2.090870 -5.296277 -16.626301 0.095446 -0.000000 0.000000 0.000000 4.241964 1.841268 -0.295907 0.495154 -2.938375 1.959651 2.695267 2.697044 2.483215 5.163011 -3.181707 -4.101111 -11.585853 2.406397 12.969636 -0.000000 0.000000 0.000000 -7.364182 -3.803454 -3.517570 -7.677503 -3.439072 24.253889 -3.216515 -0.214761 -13.141001 11.523920 0.629144 16.451355 -0.837962 2.965277 -0.706635 -16.093054 1.098770 -19.650683 -5.182882 4.146386 7.986104 13.627948 -1.071913 -18.910750 
3.930870 96.959627 -50.761902 -5.166351 1.160054 -1.874352 9.120678 8.257290 4.840278 -3.300005 -18.422793 1.413651 -6.119442 19.083325 0.251174 -0.000000 0.000000 0.000000 7.017968 -4.388645 0.506199 0.636977 19.389243 -2.111884 -5.311200 -16.669680 0.121773 -0.000000 0.000000 0.000000 4.240579 1.831391 -0.209983 0.394939 -3.037483 1.831760 2.755105 2.672396 2.375577 5.265126 -3.121987 -3.919162 -11.641312 2.350450 13.234751 -0.000000 0.000000 0.000000 -7.438014 -3.947571 -3.107046 -7.641750 -3.434765 24.097957 -2.889703 0.244990 -13.200352 11.282315 0.324384 15.766670 -0.884717 3.065043 -1.215042 -16.322949 1.190621 -19.612772 -5.047188 3.998013 7.998631 13.485582 -1.013549 -18.710161 
3.940920 96.970326 -50.801396 -5.187688 1.246024 -1.845196 9.080446 8.233367 4.821275 -3.257467 -18.478231 1.411208 -6.089799 19.085964 0.216859 -0.000000 0.000000 0.000000 6.991033 -4.429277 0.487138 0.706207 19.389738 -2.136255 -5.311289 -16.709738 0.162530 -0.000000 0.000000 0.000000 4.257132 1.821679 -0.147137 0.347875 -3.070869 1.755104 2.810036 2.677624 2.373082 5.347783 -3.213785 -3.924614 -11.816598 2.419238 13.373903 -0.000000 0.000000 0.000000 -7.501469 -4.115405 -2.983293 -7.813435 -3.498551 23.905190 -2.822719 0.633172 -13.315728 11.695408 0.713934 16.012294 -0.863949 3.159879 -1.543886 -16.617527 1.324457 -19.851969 -4.785224 3.833956 8.111538 13.932920 -1.011513 -18.679768 
3.951640 96.978021 -50.841600 -5.179354 1.341695 -1.820320 9.017682 8.185209 4.801965 -3.221136 -18.488787 1.424520 -6.077677 19.050001 0.170693 -0.000000 0.000000 0.000000 6.951513 -4.435437 0.471427 0.736427 19.341839 -2.147000 -5.314297 -16.739946 0.169233 -0.000000 0.000000 0.000000 4.277372 1.809331 -0.091111 0.315414 -3.108453 1.668903 2.824255 2.652537 2.326981 5.364970 -3.183911 -3.870299 -11.942728 2.478523 13.443574 -0.000000 0.000000 0.000000 -7.522587 -4.248276 -2.971106 -7.694215 -3.415711 23.893989 -2.260509 0.802445 -13.485233 11.952096 0.337244 16.039348 -0.907331 3.246966 -1.785752 -16.859136 1.433730 -19.904968 -5.003618 3.660070 8.122262 13.955310 -0.859881 -18.783287 
3.951800 96.987724 -50.891602 -5.153641 1.383691 -1.814057 8.922692 8.159495 4.805299 -3.174405 -18.522700 1.424896 -6.053126 19.065780 0.156514 -0.000000 0.000000 0.000000 6.886851 -4.453621 0.469151 0.749377 19.357690 -2.151109 -5.288912 -16.782767 0.192647 -0.000000 0.000000 0.000000 4.336700 1.799826 -0.032777 0.224298 -3.110906 1.596018 2.845278 2.663540 2.314571 5.328818 -3.337937 -3.901101 -12.056248 2.600388 13.505372 -0.000000 0.000000 0.000000 -7.479679 -4.342014 -2.993786 -7.495150 -3.304365 23.710369 -1.728765 0.769965 -13.541764 12.177342 0.635838 16.209764 -0.895966 3.289498 -1.961790 -16.925437 1.528191 -20.069479 -4.620477 3.596834 8.251397 14.203172 -0.926487 -18.758540 
3.947670 96.994621 -50.940895 -5.114194 1.393714 -1.801495 8.832696 8.140350 4.793037 -3.152287 -18.485875 1.431483 -6.014694 19.038685 0.123056 -0.000000 0.000000 0.000000 6.821491 -4.459061 0.466718 0.725960 19.331500 -2.154897 -5.241025 -16.772657 0.211203 -0.000000 0.000000 0.000000 4.396823 1.786875 0.015943 0.166597 -3.119018 1.502825 2.856964 2.645489 2.271780 5.232691 -3.336528 -3.872358 -12.180910 2.667852 13.527412 -0.000000 0.000000 0.000000 -7.520405 -4.390509 -3.064987 -7.425096 -3.197652 23.705805 -1.852134 0.815675 -13.623710 12.033717 0.386289 16.051543 -0.882525 3.377715 -2.075749 -16.887346 1.584322 -20.109536 -4.428660 3.601473 8.202431 14.387276 -0.939394 -18.682969 
3.934040 96.997225 -50.983298 -5.099349 1.351878 -1.800633 8.807772 8.170871 4.796897 -3.189695 -18.463749 1.424499 -5.974157 19.027661 0.091587 -0.000000 0.000000 0.000000 6.774884 -4.464560 0.466082 0.711586 19.336913 -2.157682 -5.223195 -16.745292 0.221301 -0.000000 0.000000 0.000000 4.437922 1.774954 0.023506 0.190987 -3.102268 1.433609 2.835987 2.664963 2.242786 5.176377 -3.379286 -3.830300 -12.326577 2.646828 13.567788 -0.000000 0.000000 0.000000 -7.531179 -4.411492 -3.098484 -7.372055 -3.138793 23.603393 -1.742692 0.792889 -13.561281 12.128483 0.515313 16.416256 -0.870931 3.445542 -2.169754 -17.039493 1.641622 -20.085010 -4.765359 3.597043 8.219084 14.137827 -0.849471 -18.992165 
3.923450 96.998519 -51.026499 -5.081730 1.306998 -1.805625 8.787770 8.179710 4.800146 -3.233028 -18.413554 1.420789 -5.941910 19.014283 0.068372 -0.000000 0.000000 0.000000 6.714500 -4.451340 0.472380 0.717640 19.322687 -2.161002 -5.198344 -16.696938 0.219422 -0.000000 0.000000 0.000000 4.536518 1.746428 0.029608 0.153976 -3.072438 1.358041 2.838289 2.690149 2.218213 5.076753 -3.389537 -3.788799 -12.438982 2.601208 13.549995 -0.000000 0.000000 0.000000 -7.589749 -4.413072 -3.164135 -7.238089 -3.066242 23.621409 -1.694654 0.749682 -13.593968 12.222271 0.262989 16.800942 -0.888615 3.512041 -2.180741 -17.023663 1.649842 -20.103429 -4.739621 3.592020 8.212212 14.197217 -0.721078 -19.000393 
3.905770 96.999729 -51.065701 -5.048852 1.271002 -1.826576 8.738296 8.192063 4.828566 -3.260187 -18.392464 1.421792 -5.905345 19.015888 0.049298 -0.000000 0.000000 0.000000 6.658842 -4.447420 0.492714 0.687307 19.340373 -2.144543 -5.166047 -16.681045 0.218566 -0.000000 0.000000 0.000000 4.586262 1.754309 0.020192 0.170673 -3.057121 1.310203 2.810805 2.705741 2.185094 5.001613 -3.404300 -3.748457 -12.474830 2.544302 13.585688 -0.000000 0.000000 0.000000 -7.618884 -4.440108 -3.203619 -7.199906 -3.106198 23.663611 -1.677502 0.849052 -13.561567 12.290970 0.313542 16.759662 -0.887517 3.556208 -2.164937 -17.099090 1.678849 -20.075886 -5.074154 3.444250 8.210645 14.054889 -0.778360 -19.026596 
3.896760 97.000629 -51.095700 -5.010832 1.297726 -1.840639 8.686451 8.163917 4.845554 -3.286953 -18.390276 1.434375 -5.867829 19.014426 0.020315 -0.000000 0.000000 0.000000 6.627788 -4.457818 0.518457 0.631623 19.326124 -2.142542 -5.113109 -16.674992 0.228228 -0.000000 0.000000 0.000000 4.620021 1.755983 0.008452 0.140797 -3.057808 1.282125 2.812496 2.714617 2.193074 5.009319 -3.486463 -3.818149 -12.533686 2.549476 13.596550 -0.000000 0.000000 0.000000 -7.610500 -4.486500 -3.254410 -7.076157 -3.068697 23.614109 -1.452051 0.697043 -13.592789 12.500104 0.327692 17.224352 -0.914864 3.584678 -2.127099 -17.138942 1.697089 -20.138094 -4.952403 3.354906 8.302351 14.311217 -0.750005 -18.991925 
3.890470 97.001529 -51.117998 -4.980457 1.326270 -1.856506 8.665125 8.130228 4.868246 -3.344432 -18.370328 1.437152 -5.836348 18.995956 0.005618 -0.000000 0.000000 0.000000 6.614320 -4.458798 0.534500 0.572127 19.279146 -2.120627 -5.084311 -16.659071 0.232762 -0.000000 0.000000 0.000000 4.662460 1.757044 0.004226 0.098929 -3.059974 1.263912 2.812149 2.717654 2.175934 5.035250 -3.443017 -3.851561 -12.523920 2.563531 13.549606 -0.000000 0.000000 0.000000 -7.658525 -4.533363 -3.261285 -7.094945 -3.113654 23.560369 -1.831116 0.714986 -13.548394 12.220061 0.025465 17.395921 -0.924202 3.603772 -2.135000 -17.003878 1.622458 -20.040016 -4.744628 3.425347 8.288997 14.343020 -0.667546 -18.881849 
3.881310 97.002125 -51.133496 -4.968669 1.339647 -1.867638 8.663812 8.131716 4.891514 -3.399179 -18.366201 1.433412 -5.815569 18.970133 -0.002434 -0.000000 0.000000 0.000000 6.610926 -4.459749 0.546262 0.549629 19.263788 -2.106009 -5.076586 -16.637381 0.230871 -0.000000 0.000000 0.000000 4.672184 1.751772 -0.007318 0.134390 -3.060951 1.257033 2.781519 2.719401 2.165219 5.090212 -3.410850 -3.904988 -12.478654 2.576961 13.508772 -0.000000 0.000000 0.000000 -7.684606 -4.518576 -3.259506 -7.155573 -3.253126 23.429813 -1.958135 0.630744 -13.429060 12.266460 0.195602 17.569446 -0.946170 3.569538 -2.113249 -17.107836 1.702555 -19.939614 -5.079566 3.325205 8.280332 14.169718 -0.673078 -18.877298 
3.880110 96.999323 -51.149297 -4.982159 1.367200 -1.870000 8.663119 8.132492 4.903334 -3.407004 -18.375363 1.428410 -5.815295 18.951069 -0.002785 -0.000000 0.000000 0.000000 6.611510 -4.460942 0.555423 0.561517 19.237358 -2.107037 -5.084116 -16.637941 0.205761 -0.000000 0.000000 0.000000 4.727033 1.734682 -0.023208 0.153341 -3.062107 1.256603 2.766683 2.717576 2.152167 5.128225 -3.350636 -3.935258 -12.409516 2.580127 13.460354 -0.000000 0.000000 0.000000 -7.676284 -4.594606 -3.263230 -7.131601 -3.222164 23.416240 -1.953629 0.619625 -13.477358 12.229434 -0.024366 17.674373 -0.970060 3.621894 -2.083169 -17.106799 1.656468 -19.864145 -5.091306 3.298646 8.314783 14.310406 -0.634471 -18.925917 
3.879290 96.998322 -51.161397 -5.004962 1.387692 -1.873306 8.660834 8.135128 4.925135 -3.401897 -18.391827 1.418843 -5.815706 18.939979 -0.002879 -0.000000 0.000000 0.000000 6.610763 -4.461364 0.568719 0.592629 19.229287 -2.114763 -5.110075 -16.640559 0.193363 -0.000000 0.000000 0.000000 4.791646 1.727180 -0.039983 0.161447 -3.063608 1.257786 2.763500 2.712100 2.150313 5.192979 -3.363766 -3.968532 -12.385191 2.541986 13.454069 -0.000000 0.000000 0.000000 -7.669542 -4.629087 -3.188349 -7.197636 -3.292934 23.275203 -2.063923 0.721816 -13.418330 12.228757 0.139600 17.734777 -0.950484 3.635767 -2.086660 -17.047694 1.597938 -19.729874 -4.995881 3.285649 8.323669 14.183202 -0.610923 -18.785490 
3.878480 96.997422 -51.168096 -5.019029 1.398534 -1.874030 8.663030 8.134709 4.926423 -3.371606 -18.377794 1.424811 -5.817453 18.933120 0.001886 -0.000000 0.000000 0.000000 6.616033 -4.462263 0.568969 0.604754 19.209858 -2.121164 -5.089528 -16.621097 0.188776 -0.000000 0.000000 0.000000 4.833618 1.727350 -0.051586 0.179020 -3.081460 1.271997 2.760773 2.700032 2.155557 5.242289 -3.373838 -4.039118 -12.385359 2.541235 13.419295 -0.000000 0.000000 0.000000 -7.653492 -4.660906 -3.199235 -7.210465 -3.297280 23.263013 -2.120889 0.773925 -13.484421 12.096539 0.001080 17.825619 -1.003526 3.658220 -2.023420 -17.162588 1.699935 -19.704382 -5.173971 3.097347 8.327033 14.416123 -0.679172 -18.849466 
3.877670 96.996522 -51.167196 -5.031126 1.360114 -1.877176 8.695246 8.147089 4.923629 -3.395401 -18.344538 1.429079 -5.811576 18.923663 0.000390 -0.000000 0.000000 0.000000 6.628659 -4.448715 0.567828 0.591530 19.205708 -2.115221 -5.097152 -16.596350 0.193697 -0.000000 0.000000 0.000000 4.867281 1.726918 -0.057011 0.191779 -3.081713 1.268912 2.761515 2.694164 2.142698 5.331814 -3.318722 -4.033525 -12.373742 2.485828 13.376313 -0.000000 0.000000 0.000000 -7.664440 -4.686880 -3.134668 -7.225885 -3.308577 23.247127 -2.055065 0.903527 -13.473899 12.153084 -0.135773 17.756630 -0.998812 3.706604 -2.023522 -17.101302 1.647656 -19.568555 -5.106802 3.119676 8.367410 14.449646 -0.613202 -18.913171 
3.876880 96.995723 -51.165098 -5.031720 1.316098 -1.881071 8.734450 8.152874 4.916155 -3.443126 -18.328573 1.436798 -5.794476 18.943670 -0.001770 -0.000000 0.000000 0.000000 6.652625 -4.443800 0.568128 0.538731 19.225020 -2.099441 -5.068759 -16.579182 0.212599 -0.000000 0.000000 0.000000 4.896989 1.714051 -0.037707 0.132336 -3.066327 1.275616 2.799681 2.716741 2.165689 5.430399 -3.382312 -4.133063 -12.362667 2.515755 13.318712 -0.000000 0.000000 0.000000 -7.661773 -4.698941 -3.076601 -7.225473 -3.336773 23.154087 -2.109792 1.010042 -13.509363 12.013210 -0.073211 18.027614 -1.000545 3.718548 -2.037494 -17.033335 1.671603 -19.566011 -4.744633 3.065786 8.439320 14.646138 -0.569150 -18.714611 
3.876080 96.994919 -51.158696 -5.004669 1.274515 -1.885287 8.738098 8.136185 4.896748 -3.466073 -18.279648 1.452381 -5.783541 18.947880 -0.003970 -0.000000 0.000000 0.000000 6.627125 -4.414183 0.561776 0.526180 19.217928 -2.091872 -5.056089 -16.553281 0.225890 -0.000000 0.000000 0.000000 4.893372 1.700705 -0.011166 0.099916 -3.065146 1.277978 2.809634 2.721863 2.154312 5.519063 -3.311378 -4.166315 -12.327943 2.521211 13.243171 -0.000000 0.000000 0.000000 -7.690993 -4.724878 -2.985734 -7.244721 -3.330517 23.155892 -2.088992 1.179662 -13.585400 11.960343 -0.410087 18.040526 -1.001103 3.749031 -2.101956 -16.973654 1.676023 -19.494084 -4.484451 2.988318 8.484154 14.982844 -0.527263 -18.692912 
3.875290 96.994126 -51.146799 -4.974993 1.224274 -1.890263 8.722624 8.130052 4.891696 -3.462835 -18.243923 1.459207 -5.784909 18.961649 -0.001542 -0.000000 0.000000 0.000000 6.594881 -4.395416 0.556127 0.526109 19.230838 -2.090755 -5.049199 -16.541290 0.247256 -0.000000 0.000000 0.000000 4.879294 1.697760 -0.009253 0.084305 -3.060878 1.292815 2.808790 2.731078 2.161028 5.594914 -3.270749 -4.193200 -12.304909 2.491644 13.225203 -0.000000 0.000000 0.000000 -7.716765 -4.734007 -2.878605 -7.288650 -3.394268 23.139900 -1.981629 1.390947 -13.609358 12.181789 -0.394527 18.098025 -0.997112 3.754220 -2.134954 -16.956404 1.709110 -19.468734 -4.340331 2.927651 8.513706 15.151341 -0.474166 -18.837667 
3.874510 96.993327 -51.138902 -4.960574 1.177085 -1.894651 8.725924 8.127065 4.873233 -3.453777 -18.197492 1.477383 -5.788729 18.969055 0.000459 -0.000000 0.000000 0.000000 6.583686 -4.369565 0.551551 0.514487 19.233136 -2.089915 -5.040095 -16.523385 0.265126 -0.000000 0.000000 0.000000 4.903305 1.696602 -0.011639 0.069274 -3.056556 1.311456 2.817189 2.735058 2.171446 5.610103 -3.211953 -4.205844 -12.291771 2.495356 13.178144 -0.000000 0.000000 0.000000 -7.723464 -4.741165 -2.802848 -7.281964 -3.357552 23.161009 -1.926616 1.457551 -13.676474 12.080168 -0.585340 18.144144 -0.988508 3.765388 -2.141610 -16.889642 1.679834 -19.461443 -4.093830 3.022135 8.477149 15.445037 -0.358379 -19.080643 
3.873720 96.992522 -51.128602 -4.933999 1.136949 -1.898610 8.711795 8.123319 4.862168 -3.453640 -18.140274 1.487710 -5.797660 18.952631 -0.019060 -0.000000 0.000000 0.000000 6.550976 -4.350862 0.546884 0.516835 19.214043 -2.089185 -5.057914 -16.490368 0.277858 -0.000000 0.000000 0.000000 4.907492 1.693394 -0.027449 0.091829 -3.052182 1.331790 2.789915 2.734519 2.171767 5.639262 -3.126771 -4.186791 -12.282858 2.417405 13.190611 -0.000000 0.000000 0.000000 -7.727950 -4.793015 -2.687679 -7.285071 -3.360258 23.192723 -1.844703 1.727944 -13.760909 12.072661 -0.900341 18.309550 -0.968338 3.808094 -2.174685 -16.884989 1.604611 -19.406911 -4.130429 3.000570 8.473338 15.569459 -0.017799 -19.522461 
3.872930 96.992117 -51.118100 -4.919672 1.151942 -1.897554 8.694472 8.113556 4.865456 -3.445545 -18.120712 1.497484 -5.805812 18.929394 -0.020711 -0.000000 0.000000 0.000000 6.538946 -4.357743 0.547729 0.516477 19.193240 -2.088656 -5.063805 -16.473750 0.273856 -0.000000 0.000000 0.000000 4.944083 1.675788 -0.028824 0.056547 -3.064325 1.374456 2.821729 2.721104 2.191878 5.616391 -3.106851 -4.214351 -12.275387 2.403133 13.127078 -0.000000 0.000000 0.000000 -7.692346 -4.803893 -2.552222 -7.224536 -3.283756 23.074239 -1.514301 1.704764 -13.850261 12.121673 -1.119575 18.503645 -1.023245 3.803990 -2.207568 -16.973411 1.711447 -19.417202 -3.987663 2.871425 8.464772 16.105312 -0.040223 -19.732600 
3.872140 96.992117 -51.100796 -4.897593 1.158900 -1.897332 8.696665 8.102769 4.866959 -3.458927 -18.093945 1.503527 -5.801194 18.905184 -0.024803 -0.000000 0.000000 0.000000 6.537199 -4.337263 0.546530 0.505187 19.170504 -2.085032 -5.072819 -16.469417 0.277620 -0.000000 0.000000 0.000000 4.965836 1.670073 -0.032788 0.030202 -3.091916 1.390194 2.814883 2.695784 2.174552 5.619301 -3.008196 -4.169421 -12.201628 2.361836 13.106679 -0.000000 0.000000 0.000000 -7.696302 -4.865530 -2.398779 -7.242703 -3.273621 23.042437 -1.534848 1.957037 -13.926169 11.853692 -1.499302 18.116223 -1.017648 3.862701 -2.289917 -16.886472 1.635830 -19.275305 -3.840182 2.898839 8.445381 16.323474 -0.023134 -19.860000 
3.871740 96.992117 -51.077801 -4.864850 1.157816 -1.898003 8.690729 8.103578 4.867568 -3.472756 -18.074529 1.510134 -5.802665 18.894848 -0.025432 -0.000000 0.000000 0.000000 6.537005 -4.323843 0.546184 0.474439 19.159027 -2.076572 -5.085721 -16.470651 0.286531 -0.000000 0.000000 0.000000 4.958148 1.668883 -0.046216 0.026732 -3.092179 1.411745 2.800725 2.694650 2.175247 5.626865 -2.987678 -4.180252 -12.172686 2.309017 13.104083 -0.000000 0.000000 0.000000 -7.701237 -4.891286 -2.239084 -7.343864 -3.328510 22.889808 -1.549967 2.077693 -13.922948 11.694102 -1.501811 17.846502 -1.015299 3.883226 -2.349936 -16.943365 1.638503 -19.179596 -3.825028 2.855642 8.463045 16.372282 0.111199 -19.792353 
