HIERARCHY
ROOT pelvis
{
	OFFSET 0.337933 100.030625 1.744610
	CHANNELS 6 Xposition Yposition Zposition Xrotation Yrotation Zrotation 
	JOINT left_hip
	{
		OFFSET 6.250919 -9.992270 -2.468840
		CHANNELS 3 Xrotation Yrotation Zrotation
		JOINT left_knee
		{
			OFFSET 5.264420 -39.641398 -1.001610
			CHANNELS 3 Xrotation Yrotation Zrotation
			JOINT left_ankle
			{
				OFFSET -4.472880 -42.545101 -3.506560
				CHANNELS 3 Xrotation Yrotation Zrotation
				JOINT left_foot
				{
					OFFSET 4.949430 -6.011960 12.153800
					CHANNELS 3 Xrotation Yrotation Zrotation
					End Site
					{
						OFFSET 0.000000 0.000000 0.000000
					}
				}
			}
		}
	}
	JOINT right_hip
	{
		OFFSET -6.753870 -11.160599 -1.993490
		CHANNELS 3 Xrotation Yrotation Zrotation
		JOINT right_knee
		{
			OFFSET -4.229730 -37.925097 -1.787460
			CHANNELS 3 Xrotation Yrotation Zrotation
			JOINT right_ankle
			{
				OFFSET 1.539590 -43.344700 -2.256290
				CHANNELS 3 Xrotation Yrotation Zrotation
				JOINT right_foot
				{
					OFFSET -4.037040 -6.020800 12.233000
					CHANNELS 3 Xrotation Yrotation Zrotation
					End Site
					{
						OFFSET 0.000000 0.000000 0.000000
					}
				}
			}
		}
	}
	JOINT spine1
	{
		OFFSET -0.301751 12.086099 -3.150570
		CHANNELS 3 Xrotation Yrotation Zrotation
		JOINT spine2
		{
			OFFSET 1.152070 14.289999 -0.749137
			CHANNELS 3 Xrotation Yrotation Zrotation
			JOINT spine3
			{
				OFFSET -1.282700 5.538000 3.515870
				CHANNELS 3 Xrotation Yrotation Zrotation
				JOINT neck
				{
					OFFSET -1.343970 17.469899 -3.892460
					CHANNELS 3 Xrotation Yrotation Zrotation
					JOINT head
					{
						OFFSET 2.623090 15.342200 1.767350
						CHANNELS 3 Xrotation Yrotation Zrotation
						JOINT jaw
						{
							OFFSET -1.674870 -0.044513 -0.579598
							CHANNELS 3 Xrotation Yrotation Zrotation
							End Site
							{
								OFFSET 0.000000 0.000000 0.000000
							}
						}
					}
				}
				JOINT left_collar
				{
					OFFSET 4.800380 8.972920 -0.992013
					CHANNELS 3 Xrotation Yrotation Zrotation
					JOINT left_shoulder
					{
						OFFSET 12.010399 6.230570 -1.791020
						CHANNELS 3 Xrotation Yrotation Zrotation
						JOINT left_elbow
						{
							OFFSET 25.391197 -7.303350 -4.596260
							CHANNELS 3 Xrotation Yrotation Zrotation
							JOINT left_wrist
							{
								OFFSET 25.334901 2.663650 -0.142346
								CHANNELS 3 Xrotation Yrotation Zrotation
								End Site
								{
									OFFSET 0.000000 0.000000 0.000000
								}
							}
						}
					}
				}
				JOINT right_collar
				{
					OFFSET -5.057790 8.934160 -1.653760
					CHANNELS 3 Xrotation Yrotation Zrotation
					JOINT right_shoulder
					{
						OFFSET -10.292900 5.697560 -1.613860
						CHANNELS 3 Xrotation Yrotation Zrotation
						JOINT right_elbow
						{
							OFFSET -27.119699 -3.418590 -2.765650
							CHANNELS 3 Xrotation Yrotation Zrotation
							JOINT right_wrist
							{
								OFFSET -25.077799 -0.329697 -1.459250
								CHANNELS 3 Xrotation Yrotation Zrotation
								End Site
								{
									OFFSET 0.000000 0.000000 0.000000
								}
							}
						}
					}
				}
			}
		}
	}
}
MOTION
Frames: 455
Frame Time: 0.033334
0.380378 100.167155 -50.837898 -14.186920 -3.429786 -2.703369 10.185302 3.512014 0.360799 14.348749 -13.861729 2.834779 -9.797824 12.634577 2.763213 -0.000000 0.000000 0.000000 10.266050 -0.778101 4.215210 13.796220 8.914178 -2.435233 -8.336258 -8.174953 3.571703 -0.000000 0.000000 0.000000 9.520737 0.703115 0.709769 3.991458 -2.363378 3.132827 2.744480 -0.244496 0.951771 -1.361536 -1.813513 1.480525 1.071776 -6.054534 1.269322 -0.000000 0.000000 0.000000 -0.815574 -6.365263 -26.372502 10.956949 -13.227879 -41.829991 27.085513 -28.798106 -2.500691 10.576846 -1.799257 11.672557 -1.266715 11.385899 27.828391 10.891865 13.802085 38.645643 16.161032 26.572982 2.491127 9.185870 1.682941 -11.699256 
0.367433 100.161266 -50.797099 -14.121243 -3.487299 -2.685371 10.238313 3.287508 0.275605 14.228800 -13.843590 2.862943 -9.848946 12.837621 2.786538 -0.000000 0.000000 0.000000 10.196617 -0.642554 4.240605 13.843829 8.940921 -2.465699 -8.399138 -8.299542 3.490408 -0.000000 0.000000 0.000000 9.513906 0.672360 0.685213 4.002181 -2.373530 3.149062 2.774153 -0.264995 0.949497 -1.502360 -1.784005 1.435033 0.988620 -5.981738 1.295432 -0.000000 0.000000 0.000000 -0.760810 -6.254245 -26.377082 10.957824 -13.332884 -41.845759 26.163634 -28.584905 -3.001998 9.031461 -2.748482 11.595183 -1.300669 11.277152 27.850843 10.987831 14.003930 38.539531 15.994118 26.495711 2.611450 9.010958 1.797959 -11.765321 
0.354094 100.151861 -50.732201 -14.054427 -3.508012 -2.661921 10.234072 3.068252 0.228118 14.229610 -13.726447 2.854808 -9.923341 12.940350 2.765564 -0.000000 0.000000 0.000000 10.126861 -0.432779 4.305344 13.922381 8.992319 -2.513685 -8.458844 -8.527034 3.308424 -0.000000 0.000000 0.000000 9.478624 0.596882 0.692450 4.002548 -2.400581 3.140539 2.830412 -0.296748 0.948799 -1.635599 -1.806524 1.314351 0.879983 -5.768516 1.344286 -0.000000 0.000000 0.000000 -0.676565 -6.082888 -26.302329 10.848362 -13.519848 -42.030495 24.297133 -28.012503 -3.924260 5.861757 -3.978637 10.914769 -1.380674 11.043284 27.768453 11.020914 14.379194 38.580864 15.801120 26.270267 2.691568 9.044261 1.977191 -11.636320 
0.339442 100.142765 -50.640899 -13.904381 -3.522028 -2.621721 10.130028 2.854397 0.207610 14.245184 -13.609970 2.768384 -9.924593 13.042552 2.799811 -0.000000 0.000000 0.000000 9.984156 -0.280204 4.334132 13.999512 9.160059 -2.515465 -8.497633 -8.800052 3.000923 -0.000000 0.000000 0.000000 9.267354 0.502608 0.700565 4.089410 -2.411797 3.133091 2.897785 -0.337283 0.966946 -1.771696 -2.101130 1.024428 0.728157 -5.277653 1.491726 -0.000000 0.000000 0.000000 -0.592880 -5.750690 -26.208701 10.539180 -13.756605 -42.390606 21.298077 -27.027681 -5.293707 0.371860 -4.733471 8.952377 -1.436637 10.719985 27.670115 11.105911 14.796434 38.572275 15.430196 26.220834 2.673609 9.134019 2.168773 -11.131664 
0.317920 100.132859 -50.521600 -13.769083 -3.547891 -2.608978 10.147103 2.837883 0.182803 14.101486 -13.640906 2.787501 -9.896324 13.092156 2.913200 -0.000000 0.000000 0.000000 9.963725 -0.245592 4.362828 13.910477 9.501721 -2.509110 -8.484221 -9.088695 2.657043 -0.000000 0.000000 0.000000 8.713889 0.494485 0.785120 4.613624 -2.338207 3.092635 2.921627 -0.359518 0.932284 -1.720830 -3.354079 0.746710 0.378645 -4.253087 1.631528 -0.000000 0.000000 0.000000 0.035859 -5.653926 -26.031842 9.628459 -14.081006 -42.707379 19.313459 -25.800611 -6.051628 -3.741527 -5.012238 7.259790 -1.388114 10.689716 27.355731 10.909606 15.063938 38.804615 14.902232 25.768424 2.761666 9.039788 2.964646 -10.815492 
0.278367 100.168562 -50.335699 -13.814742 -3.620065 -2.543280 10.595363 2.848051 0.105743 13.616773 -13.358051 2.792035 -9.753013 12.844573 2.703666 -0.000000 0.000000 0.000000 10.387883 -0.030105 4.283290 13.451867 9.565561 -2.453949 -8.372502 -9.224615 2.510575 -0.000000 0.000000 0.000000 8.957807 0.203878 1.151540 4.743815 -2.518188 2.760263 2.662603 -0.764525 0.576952 -2.177607 -2.863357 1.222764 0.353520 -3.955946 0.858961 -0.000000 0.000000 0.000000 2.247242 -6.510505 -26.194750 8.323061 -12.360740 -42.697593 17.692231 -25.355348 -4.512767 -6.163867 -6.084841 4.537541 -0.830392 11.003236 27.079392 9.985644 15.572335 39.111552 16.197511 24.309519 1.585437 8.389430 4.769955 -8.711620 
0.272428 100.243056 -50.207996 -13.430620 -3.738333 -2.445807 10.517081 2.571135 -0.015177 13.154803 -13.021200 2.747963 -9.485946 12.870839 2.379300 -0.000000 0.000000 0.000000 10.153876 0.214424 4.191797 13.198139 9.357343 -2.471885 -8.171332 -9.146874 2.868495 -0.000000 0.000000 0.000000 9.016497 0.095176 0.994803 3.993560 -2.425590 2.727012 2.853974 -0.757020 0.768802 -2.385697 -1.631844 1.413876 0.483968 -4.883250 0.433565 -0.000000 0.000000 0.000000 1.611017 -5.143422 -26.139775 8.918400 -12.015997 -42.529884 17.076247 -24.397380 -4.612762 -7.083449 -6.668384 2.702690 -0.886080 9.672445 27.244126 9.874709 15.413306 37.676145 16.089785 23.031610 1.684038 8.058333 4.647348 -7.031258 
0.247943 100.276554 -50.026798 -13.178914 -3.856486 -2.306680 10.583269 2.689743 -0.168830 12.744464 -13.164570 2.769210 -9.296218 12.960922 2.276618 -0.000000 0.000000 0.000000 10.191234 0.098313 4.000237 12.837648 9.674556 -2.466142 -8.101092 -9.228402 2.994266 -0.000000 0.000000 0.000000 8.355776 0.200269 0.960527 4.220826 -2.181983 2.699716 2.845836 -0.343383 0.560592 -1.981208 -1.953268 1.502398 0.182952 -5.158650 0.373758 -0.000000 0.000000 0.000000 1.197116 -3.838647 -25.422155 9.278424 -12.176317 -41.405918 16.986928 -23.810267 -5.153601 -8.263055 -6.713710 1.107154 -0.739240 8.514212 27.037586 9.474032 14.388471 36.235037 13.611338 21.623731 2.418694 7.258171 4.379136 -6.567391 
0.229983 100.323665 -49.862999 -12.990431 -3.953556 -2.279550 10.595139 2.940998 -0.192548 12.512104 -13.360121 2.802963 -9.138566 13.017821 2.108645 -0.000000 0.000000 0.000000 10.302878 0.031059 3.922959 12.441820 10.087100 -2.458466 -7.946883 -9.424567 3.157478 -0.000000 0.000000 0.000000 8.252035 0.175522 1.087283 4.120120 -2.067212 2.608459 2.884292 -0.330465 0.613162 -2.108694 -2.124090 1.364079 -0.295295 -4.960328 0.214896 -0.000000 0.000000 0.000000 1.291539 -3.239534 -24.753602 9.272481 -10.907826 -39.946446 17.067558 -23.480973 -4.886820 -6.533386 -6.216726 0.075718 -0.639312 7.957357 26.178435 9.135080 12.895848 34.032303 12.439514 20.958711 2.761199 6.240798 4.619655 -5.045811 
0.224512 100.370169 -49.713099 -12.890387 -3.980773 -2.265010 10.687328 3.208366 -0.201220 12.263758 -13.837339 2.814299 -8.977532 13.276580 2.038755 -0.000000 0.000000 0.000000 10.487054 -0.198938 3.847759 12.085346 10.741873 -2.436837 -7.786809 -9.787360 3.301314 -0.000000 0.000000 0.000000 8.255131 0.175391 1.298562 4.031497 -2.031962 2.470481 2.942386 -0.344904 0.640025 -2.163432 -2.485439 1.179719 -1.025733 -4.532755 0.227445 -0.000000 0.000000 0.000000 1.248429 -2.896285 -23.889627 9.234089 -9.292985 -37.588409 17.176749 -22.886191 -4.746285 -4.447176 -5.250425 -0.402013 -0.684624 7.570433 24.948385 8.740797 11.177371 31.109411 12.119437 20.451594 3.237126 6.732205 4.666287 -3.770312 
0.215817 100.429559 -49.593198 -12.798263 -3.915535 -2.189976 10.829195 3.561989 -0.225491 11.857943 -14.531336 2.800516 -8.717083 13.580135 1.924484 -0.000000 0.000000 0.000000 10.698334 -0.607864 3.719823 11.661155 11.357115 -2.400581 -7.577958 -10.099542 3.440013 -0.000000 0.000000 0.000000 8.334898 0.147587 1.511997 3.780138 -2.085726 2.232957 3.030784 -0.364235 0.623645 -1.939859 -2.753191 1.053671 -1.969421 -4.137126 0.392763 -0.000000 0.000000 0.000000 1.015229 -2.508332 -22.428828 8.884701 -7.516210 -34.941278 16.834570 -21.658501 -4.659619 -3.119958 -4.267556 -0.525683 -0.814168 7.122713 23.103447 7.978413 9.667865 28.283769 12.193936 19.409923 3.597913 7.910605 4.302005 -3.631388 
0.213590 100.515258 -49.457297 -12.598410 -3.841927 -2.079717 10.985993 3.971060 -0.313768 11.221715 -15.369469 2.837564 -8.348474 13.976732 1.787988 -0.000000 0.000000 0.000000 10.907215 -1.043148 3.627879 11.063528 12.107785 -2.453281 -7.293044 -10.543621 3.605937 -0.000000 0.000000 0.000000 8.219781 0.122155 1.677734 3.378079 -2.129458 1.985750 3.231188 -0.353326 0.619373 -1.498814 -3.069828 0.908744 -2.874804 -3.714869 0.591117 -0.000000 0.000000 0.000000 0.657307 -1.952726 -20.478830 8.150592 -5.675518 -31.847206 16.530595 -20.444040 -4.703389 -0.843577 -3.105084 0.516142 -1.044773 6.557596 20.935595 7.039135 8.242373 25.172659 12.406159 18.267553 3.950045 9.000365 3.744792 -3.831005 
0.217502 100.619161 -49.322599 -12.329560 -3.759773 -1.943122 11.207028 4.207453 -0.513517 10.363690 -16.267523 2.951839 -7.908193 14.574433 1.642701 -0.000000 0.000000 0.000000 11.076372 -1.332945 3.542620 10.400250 12.940182 -2.533426 -6.954113 -11.173754 3.850969 -0.000000 0.000000 0.000000 7.967405 0.132186 1.804916 2.873459 -2.179435 1.763372 3.501661 -0.293924 0.627770 -0.902914 -3.393550 0.691124 -3.732181 -3.324421 0.821074 -0.000000 0.000000 0.000000 0.119056 -1.449886 -18.265028 7.282754 -4.086192 -28.202116 16.280302 -19.167346 -5.062589 2.201671 -2.564412 2.501256 -1.442614 6.004887 18.544789 5.935038 6.926522 21.730159 12.327955 16.940516 4.663202 10.042779 3.407222 -4.298635 
0.222720 100.716066 -49.207696 -12.041424 -3.651447 -1.868189 11.332836 4.380981 -0.668432 9.637382 -17.073733 3.110790 -7.508533 15.135850 1.471244 -0.000000 0.000000 0.000000 11.194829 -1.554695 3.515364 9.754490 13.697420 -2.555096 -6.608620 -11.832508 4.104529 -0.000000 0.000000 0.000000 7.700858 0.139051 2.004911 2.292398 -2.253703 1.518673 3.820023 -0.223771 0.632297 -0.298755 -3.664881 0.484362 -4.606510 -2.986418 1.068420 -0.000000 0.000000 0.000000 -0.428858 -1.182284 -15.842843 6.276641 -2.716512 -24.280484 16.125668 -17.833952 -5.255063 5.120585 -2.508372 4.096379 -1.941468 5.512237 15.929692 4.484775 5.772918 18.322771 11.868644 15.615551 5.305996 11.103732 3.082036 -5.017264 
0.234197 100.810361 -49.110401 -11.765942 -3.569700 -1.816332 11.380442 4.593454 -0.789852 9.061309 -17.881370 3.258017 -7.137294 15.667414 1.282661 -0.000000 0.000000 0.000000 11.297583 -1.756015 3.492439 9.128401 14.447464 -2.564256 -6.250033 -12.450531 4.393674 -0.000000 0.000000 0.000000 7.453939 0.200773 2.180183 1.687591 -2.320676 1.294205 4.190364 -0.116601 0.650681 0.192652 -3.889164 0.297483 -5.432852 -2.847218 1.326714 -0.000000 0.000000 0.000000 -1.169176 -1.038035 -13.121832 4.951765 -1.609168 -20.342554 16.180939 -16.329678 -5.526452 8.720134 -2.322864 5.960810 -2.538523 5.142373 13.114459 2.713802 4.778623 15.105337 10.779598 14.134717 5.888065 11.325581 2.936022 -5.836255 
0.236852 100.906658 -49.038398 -11.477821 -3.523480 -1.798517 11.317593 4.876381 -0.873735 8.637788 -18.642237 3.428380 -6.771523 16.125462 1.058353 -0.000000 0.000000 0.000000 11.347366 -1.966224 3.505246 8.546062 15.222999 -2.586457 -5.876394 -13.034655 4.672306 -0.000000 0.000000 0.000000 7.237736 0.281158 2.331662 1.040222 -2.381129 1.053070 4.563240 -0.035870 0.743448 0.613761 -4.138685 0.094585 -6.100808 -2.627024 1.610520 -0.000000 0.000000 0.000000 -1.826370 -1.250306 -10.369352 3.455256 -0.616393 -16.672871 15.510383 -14.301955 -5.791391 11.823397 -1.674286 8.341467 -3.164400 5.049639 10.240444 0.845300 3.918760 12.135107 9.423341 12.590159 6.253261 11.133824 2.790176 -6.234202 
0.246854 101.012456 -48.987299 -11.148868 -3.495047 -1.756816 11.263108 4.866432 -0.975672 8.091781 -19.454787 3.491572 -6.330266 16.822987 0.869111 -0.000000 0.000000 0.000000 11.246560 -2.146634 3.488501 8.109205 15.923445 -2.586946 -5.504851 -13.618013 4.902858 -0.000000 0.000000 0.000000 6.982946 0.330075 2.411826 0.416164 -2.515664 0.767767 4.958407 -0.025211 0.859271 1.024451 -4.218302 -0.014664 -6.799115 -2.444587 2.020061 -0.000000 0.000000 0.000000 -2.166170 -1.629120 -7.459597 2.260844 0.416594 -13.157595 14.920641 -12.472687 -6.106518 13.342608 -1.197805 9.470852 -3.865098 4.992821 7.157017 -1.182509 3.468304 9.776262 8.555752 11.314806 6.458232 11.640744 2.470202 -5.925864 
0.249902 101.145267 -48.943600 -10.825453 -3.528631 -1.742178 11.159277 4.885658 -1.102601 7.660915 -20.186177 3.635872 -5.820586 17.532717 0.642377 -0.000000 0.000000 0.000000 11.045053 -2.225381 3.523897 7.846450 16.653524 -2.636771 -5.073968 -14.278735 5.153851 -0.000000 0.000000 0.000000 6.753142 0.329774 2.426100 -0.227358 -2.593885 0.503278 5.380250 -0.061548 1.069740 1.373889 -4.158131 -0.081818 -7.321149 -2.260313 2.263165 -0.000000 0.000000 0.000000 -2.197461 -1.847833 -4.588029 1.475114 1.626003 -9.727274 14.797665 -11.656348 -6.673683 14.338843 -0.512448 9.990026 -4.579412 4.946396 4.194524 -3.301390 3.146436 7.550234 6.938117 10.175608 6.831453 11.675839 2.303811 -5.631891 
0.253936 101.309764 -48.893100 -10.592939 -3.691842 -1.741418 10.964980 5.289631 -1.261759 7.606266 -20.702645 3.907198 -5.307568 17.941187 0.239438 -0.000000 0.000000 0.000000 10.912490 -2.327852 3.529775 7.612724 17.481715 -2.710770 -4.550337 -14.880165 5.547663 -0.000000 0.000000 0.000000 6.612873 0.310760 2.417459 -0.832311 -2.463462 0.244574 5.784539 0.022171 1.277871 1.651931 -4.068920 -0.057646 -7.614398 -2.162914 2.510062 -0.000000 0.000000 0.000000 -2.187912 -1.881701 -2.232916 0.471424 2.859385 -5.952110 14.665110 -11.419843 -7.496900 16.039326 -0.053252 11.168863 -5.093280 4.841969 1.882098 -5.335816 2.606695 4.963706 4.713248 9.029517 7.205974 11.579840 1.872876 -6.175577 
0.270662 101.470160 -48.822898 -10.392819 -3.940292 -1.742003 11.059712 5.468597 -1.419928 7.104831 -21.435523 4.012472 -4.704590 18.730847 -0.170244 -0.000000 0.000000 0.000000 10.850548 -2.405941 3.482709 7.316874 18.332607 -2.739827 -4.033539 -15.450974 5.910034 -0.000000 0.000000 0.000000 6.538771 0.321251 2.509946 -1.324753 -2.320083 -0.054895 5.947612 0.193563 1.301068 2.037699 -3.966085 0.034530 -7.965813 -2.323508 3.274112 -0.000000 0.000000 0.000000 -2.053628 -2.101772 -0.409157 -1.027714 4.373465 -1.965542 13.993696 -10.482736 -8.351758 17.235019 -0.224992 12.728163 -5.158732 4.977124 0.033327 -6.841699 1.978002 2.375527 4.233952 7.503699 7.431510 12.098129 1.235897 -7.560470 
0.350453 101.639962 -48.816198 -9.403213 -4.145300 -1.713111 10.230109 4.667829 -1.637227 6.653381 -21.232456 4.076130 -3.970662 19.432933 -0.221443 -0.000000 0.000000 0.000000 9.776975 -2.186218 3.392428 7.091121 18.504916 -2.644520 -3.397783 -15.661200 6.309912 -0.000000 0.000000 0.000000 4.749762 0.355854 2.283307 -1.004496 -2.015454 0.087428 6.650362 0.851272 1.909764 3.443029 -5.483033 -0.251638 -11.584630 -2.718653 3.721585 -0.000000 0.000000 0.000000 -3.512609 -1.469078 1.377669 -1.020049 1.941316 -0.527364 13.622724 -6.412798 -8.519228 18.046313 1.066397 13.701127 -5.567884 4.171150 -1.639450 -7.471043 2.239762 -0.459777 5.137389 5.282760 7.309759 13.275947 0.247468 -8.485866 
0.379079 101.751363 -48.713699 -9.151434 -4.193660 -1.844342 10.081851 4.871746 -1.608070 6.529591 -21.687452 4.255573 -3.602076 19.803549 -0.416385 -0.000000 0.000000 0.000000 9.811845 -2.388952 3.518644 6.600189 19.061705 -2.638846 -2.913211 -15.967991 6.540418 -0.000000 0.000000 0.000000 4.436714 0.429132 2.504698 -1.218451 -1.969801 -0.035234 6.815114 1.020916 1.969198 3.959182 -5.760457 -0.154743 -12.481754 -2.883541 4.325993 -0.000000 0.000000 0.000000 -3.790785 -1.575982 2.683461 -2.305774 2.420583 1.708338 13.350788 -4.153917 -8.653453 19.494141 2.585799 14.328848 -5.452172 4.134777 -3.049347 -8.453242 1.692990 -2.188214 5.754737 3.442458 7.211184 14.612231 -0.480173 -9.946400 
0.413824 101.854956 -48.647398 -8.975604 -4.209554 -1.891035 10.097322 4.814025 -1.616056 6.187966 -22.056177 4.275097 -3.191964 20.228549 -0.625589 -0.000000 0.000000 0.000000 9.861059 -2.496619 3.529379 6.178208 19.458097 -2.586560 -2.479500 -16.225896 6.767632 -0.000000 0.000000 0.000000 4.305646 0.461597 2.633569 -1.419482 -1.889667 -0.163961 6.999733 1.055028 2.101516 4.268332 -5.995399 -0.115150 -13.426905 -2.805728 4.769139 -0.000000 0.000000 0.000000 -3.983747 -1.485650 3.506210 -3.715836 2.681332 3.293228 11.479303 -1.880182 -8.693626 19.866121 3.424462 15.186359 -5.577177 3.953229 -4.138968 -9.215506 1.414407 -3.376932 5.742402 1.864988 7.099694 16.000259 -1.266044 -11.341403 
0.455644 101.933253 -48.595500 -8.864087 -4.152905 -1.914072 10.152570 4.708916 -1.622598 5.884888 -22.360503 4.269789 -2.865008 20.547858 -0.784940 -0.000000 0.000000 0.000000 9.905353 -2.642770 3.550588 5.921913 19.737392 -2.590902 -2.167703 -16.411304 6.942593 -0.000000 0.000000 0.000000 4.255098 0.475223 2.733181 -1.587552 -1.790404 -0.288758 7.129208 1.060824 2.283896 4.555110 -6.354796 -0.062541 -14.237164 -2.600232 5.098101 -0.000000 0.000000 0.000000 -4.550015 -1.257391 3.833122 -5.797190 2.482819 4.564057 7.911031 -0.008446 -8.784413 19.492483 4.453036 15.137887 -5.862150 3.698032 -4.788467 -9.877063 1.252294 -4.188298 4.959336 0.579595 6.864829 17.568741 -2.598018 -11.917899 
0.567727 101.975262 -48.543400 -9.059194 -3.955511 -1.668796 10.458564 4.862462 -2.260912 5.986811 -24.104049 4.786862 -2.732220 22.150368 -0.861839 -0.000000 0.000000 0.000000 10.385902 -2.736850 3.335274 5.619412 20.662128 -2.817759 -2.063126 -17.760054 8.447463 -0.000000 0.000000 0.000000 5.384730 0.296837 2.852376 -4.505834 -1.290715 -0.930911 9.217716 1.178817 2.595708 4.251600 -7.950252 -0.442443 -14.071331 -1.569275 6.543646 -0.000000 0.000000 0.000000 -5.995027 -0.720517 3.812622 -7.644636 1.279689 5.157770 0.796406 0.621733 -8.893346 15.654194 7.460515 15.726842 -7.812694 4.042371 -5.279689 -7.575813 0.401400 -4.286145 0.258244 -1.044804 6.980368 20.587703 -4.799751 -13.405289 
0.640140 102.023566 -48.523200 -9.061396 -3.659956 -1.613874 10.698376 4.456304 -2.324118 5.535217 -23.972291 4.772192 -2.497618 22.123101 -1.062939 -0.000000 0.000000 0.000000 10.540052 -2.843047 3.280668 5.388124 20.306236 -2.807959 -1.849494 -17.553681 8.596605 -0.000000 0.000000 0.000000 5.531929 0.219602 2.989680 -4.771110 -1.305160 -1.086286 9.267186 1.146718 2.841851 4.418941 -8.407682 -0.569253 -14.021191 -1.196240 6.918159 -0.000000 0.000000 0.000000 -6.882121 -0.338476 4.206167 -10.906407 0.456263 3.852954 -6.275161 2.549584 -8.058322 12.496430 7.342323 15.640621 -8.246390 3.745738 -6.083994 -8.401909 0.669660 -3.363265 -1.315855 -2.466263 6.485970 22.098924 -5.939958 -13.520021 
0.707622 102.029359 -48.512599 -9.037651 -3.313417 -1.624031 10.619732 4.656723 -2.304110 5.635750 -23.876707 4.950332 -2.521023 21.542878 -1.156754 -0.000000 0.000000 0.000000 10.646676 -2.992714 3.339393 5.223089 20.007518 -2.842432 -1.749946 -17.368238 8.614698 -0.000000 0.000000 0.000000 5.566283 0.144853 3.187029 -4.800463 -1.475650 -1.155897 9.213679 1.017477 2.964271 4.539734 -8.570030 -0.443168 -14.140884 -0.876455 7.126334 -0.000000 0.000000 0.000000 -7.350617 -0.368938 4.040666 -11.806627 0.372787 2.722791 -7.260282 3.219764 -7.959335 13.327640 8.784850 13.837304 -8.321975 3.688868 -6.292680 -9.174284 0.576356 -2.699551 -2.767607 -2.779044 6.468997 22.138212 -6.747210 -13.587066 
0.759691 101.998067 -48.521301 -9.079959 -3.075192 -1.541663 10.676069 4.659715 -2.364575 5.593743 -23.931003 4.963634 -2.597682 21.297097 -1.069456 -0.000000 0.000000 0.000000 10.767473 -2.944683 3.284390 5.133818 19.744139 -2.846950 -1.833210 -17.359758 8.553349 -0.000000 0.000000 0.000000 5.677946 0.088995 3.215346 -4.650659 -1.652566 -1.150575 9.130898 0.865735 2.916516 4.276719 -8.484913 0.009412 -14.163892 -0.917830 7.263184 -0.000000 0.000000 0.000000 -7.269822 -0.515657 3.682923 -10.587185 0.775766 1.423944 -4.424835 2.568268 -8.281612 15.394070 8.890500 13.402418 -8.437732 3.809205 -6.167872 -9.382514 0.387126 -1.837448 -3.450500 -2.862770 6.554412 21.782757 -6.594550 -13.420487 
0.789602 101.955760 -48.542097 -9.209702 -2.953302 -1.481587 10.723966 4.824151 -2.413552 5.749542 -23.824807 5.010483 -2.780262 20.907267 -1.057964 -0.000000 0.000000 0.000000 10.901833 -2.917754 3.261297 5.177627 19.446666 -2.917303 -1.985472 -17.203598 8.485355 -0.000000 0.000000 0.000000 6.018428 0.065096 3.246506 -4.637164 -1.794333 -1.177694 9.059321 0.797730 2.855837 3.835184 -8.346274 0.403030 -14.020195 -1.181307 7.397859 -0.000000 0.000000 0.000000 -7.323059 -0.709811 3.403247 -9.611927 1.095095 0.004048 -2.461544 2.290232 -8.365632 17.107809 7.869422 14.165821 -8.689078 3.934180 -6.074541 -9.464912 0.196726 -0.677108 -3.747777 -2.960716 6.625887 21.904928 -6.707256 -13.569127 
0.816547 101.923859 -48.572600 -9.307426 -2.953231 -1.484312 10.726633 5.011020 -2.408611 5.910363 -23.680062 5.022399 -2.934949 20.590045 -1.003078 -0.000000 0.000000 0.000000 10.929449 -2.974063 3.271988 5.309791 19.273165 -2.978571 -2.105057 -16.991795 8.370242 -0.000000 0.000000 0.000000 6.329043 0.047875 3.362730 -4.626473 -1.815988 -1.223734 8.957867 0.772651 2.896183 3.434991 -8.546724 0.486561 -14.069771 -1.197612 7.536011 -0.000000 0.000000 0.000000 -7.632412 -0.619978 3.027682 -9.705156 1.205548 -1.052143 -2.049795 1.904629 -8.353371 18.259351 8.116186 13.323119 -8.759158 3.941509 -5.876128 -9.558427 0.081811 0.076729 -3.574479 -2.943207 6.735741 22.639683 -6.973773 -13.232514 
0.840677 101.902068 -48.591498 -9.373088 -3.057999 -1.516939 10.715591 5.061567 -2.420617 6.070566 -23.481509 5.049996 -3.070718 20.460048 -0.975207 -0.000000 0.000000 0.000000 10.945369 -3.011625 3.268112 5.373639 19.121778 -3.014974 -2.171869 -16.744885 8.323758 -0.000000 0.000000 0.000000 6.552620 0.041381 3.508114 -4.663457 -1.815467 -1.226912 8.866417 0.778415 2.911662 3.224122 -8.562314 0.453131 -14.057212 -1.269561 7.526015 -0.000000 0.000000 0.000000 -7.739256 -0.565276 2.798528 -9.827891 1.184325 -1.871283 -2.329704 2.230190 -8.276955 17.824242 8.045845 12.456261 -8.704616 3.939587 -5.676021 -9.445156 0.169353 0.539176 -3.114606 -2.881404 6.758841 23.007706 -7.175194 -13.332106 
0.849970 101.889360 -48.578498 -9.413401 -3.199746 -1.541067 10.791489 5.112877 -2.446099 6.051021 -23.465820 5.044935 -3.103691 20.519396 -0.895667 -0.000000 0.000000 0.000000 10.993430 -3.138047 3.254225 5.358498 19.155132 -3.037112 -2.198808 -16.579080 8.294257 -0.000000 0.000000 0.000000 6.597817 0.078764 3.611156 -4.632478 -1.838551 -1.202487 8.842139 0.769273 2.933797 3.094439 -8.607956 0.350312 -14.025156 -1.199629 7.482043 -0.000000 0.000000 0.000000 -7.831515 -0.530765 2.577340 -9.776735 1.298699 -2.333166 -1.895867 2.109154 -8.145166 18.616056 8.781538 12.620734 -8.738872 3.955828 -5.425493 -9.515331 0.185976 0.502494 -2.704926 -2.825676 6.763061 23.717209 -7.428314 -13.790734 
0.855899 101.875961 -48.548698 -9.419628 -3.345927 -1.528804 10.949625 5.064410 -2.506681 5.835900 -23.514736 4.999376 -3.095359 20.696648 -0.840138 -0.000000 0.000000 0.000000 11.042470 -3.146470 3.209846 5.297457 19.209029 -3.054386 -2.237999 -16.542887 8.295786 -0.000000 0.000000 0.000000 6.499149 0.095113 3.649014 -4.534951 -1.856828 -1.151680 8.780852 0.760976 2.909587 3.199853 -8.555157 0.349654 -14.105393 -1.122804 7.383280 -0.000000 0.000000 0.000000 -7.743515 -0.579159 2.406038 -9.417091 1.434358 -2.308332 -0.954980 1.871221 -8.190673 19.494351 8.635986 13.096864 -8.653735 4.059593 -5.306534 -9.360434 0.190722 0.277724 -2.172330 -2.741867 6.780035 23.910454 -7.335903 -14.265350 
0.843612 101.866460 -48.514301 -9.454484 -3.458255 -1.546927 11.005911 5.169925 -2.510121 5.863051 -23.490436 5.007009 -3.143383 20.692196 -0.838100 -0.000000 0.000000 0.000000 11.118860 -3.092987 3.226105 5.268066 19.306702 -3.084126 -2.269053 -16.577221 8.264260 -0.000000 0.000000 0.000000 6.428180 0.071599 3.694142 -4.485511 -1.857211 -1.112005 8.724091 0.774081 2.869522 3.409640 -8.510623 0.410259 -14.075267 -1.069918 7.334933 -0.000000 0.000000 0.000000 -7.684858 -0.655900 2.334829 -9.296990 1.473762 -1.984192 -0.566188 1.812744 -8.184653 19.925094 8.454684 13.169699 -8.536332 4.178947 -5.282888 -9.317447 0.240519 -0.039293 -2.145495 -2.749257 6.745949 23.658553 -7.342412 -14.698846 
0.834058 101.863658 -48.498198 -9.491752 -3.521955 -1.506642 11.163644 5.038027 -2.540498 5.651702 -23.642040 4.890492 -3.073854 20.958378 -0.774103 -0.000000 0.000000 0.000000 11.122222 -3.018855 3.161841 5.344584 19.422194 -3.057758 -2.323069 -16.713375 8.231002 -0.000000 0.000000 0.000000 6.356714 0.058360 3.676564 -4.441405 -1.855648 -1.099062 8.764049 0.772019 2.851829 3.515740 -8.530900 0.431051 -14.034454 -1.034957 7.361875 -0.000000 0.000000 0.000000 -7.713764 -0.697828 2.410981 -9.339868 1.379420 -1.754414 -0.920942 1.836818 -8.120423 19.647810 8.805040 13.693896 -8.577341 4.221721 -5.370794 -9.301219 0.328515 -0.283532 -2.278191 -2.716416 6.653969 23.556424 -7.508741 -14.993137 
0.808392 101.859868 -48.491699 -9.561736 -3.449285 -1.527779 11.035140 5.270677 -2.477264 6.030372 -23.611152 4.955436 -3.195975 20.738954 -0.814366 -0.000000 0.000000 0.000000 11.181849 -3.065996 3.236976 5.425704 19.457058 -3.098285 -2.367552 -16.766597 8.193165 -0.000000 0.000000 0.000000 6.367711 0.024375 3.708452 -4.443295 -1.912376 -1.102289 8.772250 0.746036 2.848636 3.655968 -8.563308 0.424574 -14.034928 -1.003630 7.386124 -0.000000 0.000000 0.000000 -7.666926 -0.850470 2.484189 -9.367825 1.394324 -1.432668 -0.614765 1.817916 -8.140110 20.103328 8.802106 13.998953 -8.495263 4.342970 -5.480880 -9.318789 0.265222 -0.553025 -2.053230 -2.579718 6.691239 23.475871 -7.330122 -15.264421 
0.788157 101.852953 -48.487598 -9.593381 -3.417724 -1.489425 11.108180 5.157077 -2.491081 5.951785 -23.730942 4.895148 -3.177422 20.907612 -0.767282 -0.000000 0.000000 0.000000 11.161025 -3.046099 3.210925 5.539371 19.461353 -3.081953 -2.444615 -16.840921 8.159860 -0.000000 0.000000 0.000000 6.327607 0.019797 3.692870 -4.389170 -1.937097 -1.101128 8.799812 0.725108 2.817143 3.672028 -8.542701 0.411699 -14.030450 -1.051084 7.361673 -0.000000 0.000000 0.000000 -7.644527 -0.944621 2.539584 -9.262006 1.347493 -1.148140 -0.360377 1.656816 -8.170480 20.267435 8.751694 13.983443 -8.466865 4.389752 -5.520663 -9.252783 0.232699 -0.822223 -1.932398 -2.401983 6.717586 23.342767 -7.141898 -15.395011 
0.764584 101.847255 -48.481798 -9.635203 -3.388636 -1.463888 11.196601 5.072013 -2.502563 5.879845 -23.825457 4.864547 -3.172026 21.049281 -0.738143 -0.000000 0.000000 0.000000 11.180219 -3.029602 3.199758 5.607683 19.468174 -3.071520 -2.500742 -16.896254 8.128833 -0.000000 0.000000 0.000000 6.313034 0.012484 3.693810 -4.338349 -1.955975 -1.099908 8.795324 0.709148 2.783338 3.709865 -8.532031 0.361769 -14.077310 -1.075002 7.340552 -0.000000 0.000000 0.000000 -7.624778 -1.005741 2.525142 -9.247223 1.292828 -0.850247 -0.334700 1.506630 -8.229387 20.330057 8.697364 13.940140 -8.438902 4.423727 -5.487275 -9.186646 0.262130 -1.106028 -1.793003 -2.261022 6.732696 23.361753 -7.047565 -15.718074 
0.733158 101.837158 -48.473498 -9.682159 -3.368347 -1.466410 11.177851 5.139727 -2.472230 6.018967 -23.841745 4.876512 -3.241820 21.020207 -0.723761 -0.000000 0.000000 0.000000 11.242894 -3.052766 3.222802 5.615986 19.536719 -3.063947 -2.551062 -16.952383 8.088578 -0.000000 0.000000 0.000000 6.325991 0.009246 3.706841 -4.306209 -1.958163 -1.098598 8.786664 0.727884 2.771400 3.721857 -8.598643 0.287209 -14.089297 -1.057136 7.325979 -0.000000 0.000000 0.000000 -7.672735 -1.061963 2.462967 -9.212737 1.204516 -0.656125 -0.180833 1.241515 -8.230435 20.526070 8.794254 14.086908 -8.379100 4.490345 -5.466568 -9.121668 0.221400 -1.335985 -1.659575 -2.106194 6.746251 23.424222 -7.107538 -15.857999 
0.692094 101.831365 -48.469600 -9.739564 -3.365377 -1.486564 11.139927 5.247034 -2.425144 6.217994 -23.772983 4.919164 -3.327084 20.895701 -0.752054 -0.000000 0.000000 0.000000 11.299720 -3.057195 3.276845 5.653488 19.544817 -3.081380 -2.586734 -16.947651 8.052904 -0.000000 0.000000 0.000000 6.366884 0.011642 3.731293 -4.277598 -1.959919 -1.103400 8.769749 0.736614 2.751527 3.708900 -8.559701 0.254799 -14.065991 -1.056671 7.291940 -0.000000 0.000000 0.000000 -7.678349 -1.158739 2.476370 -9.149562 1.155959 -0.557313 0.024204 1.162056 -8.300282 20.519157 8.622400 13.845206 -8.333920 4.568554 -5.486859 -9.081771 0.264331 -1.437320 -1.519404 -1.972486 6.783900 23.300816 -6.997382 -15.766671 
0.650885 101.828754 -48.466399 -9.756947 -3.393788 -1.460170 11.183704 5.179262 -2.396600 6.138177 -23.787510 4.820576 -3.287628 20.970851 -0.735735 -0.000000 0.000000 0.000000 11.289037 -3.073996 3.254881 5.692727 19.498180 -3.064453 -2.616133 -16.880966 8.038108 -0.000000 0.000000 0.000000 6.363696 0.032070 3.703966 -4.246152 -1.959714 -1.133243 8.746606 0.738565 2.737369 3.719926 -8.518953 0.240952 -14.043208 -1.040691 7.297923 -0.000000 0.000000 0.000000 -7.718030 -1.242476 2.515631 -9.148715 1.122348 -0.537631 -0.101612 1.049187 -8.294060 20.343613 8.700935 13.553642 -8.354696 4.653679 -5.542454 -9.190647 0.326684 -1.365392 -1.963338 -1.808816 6.713272 22.850759 -6.936758 -15.692941 
0.602815 101.827359 -48.464197 -9.790408 -3.422443 -1.464249 11.211599 5.307413 -2.351226 6.154752 -23.766671 4.813522 -3.296831 20.871922 -0.782743 -0.000000 0.000000 0.000000 11.350978 -3.150646 3.277464 5.665448 19.509962 -3.076702 -2.616877 -16.784666 8.043195 -0.000000 0.000000 0.000000 6.358164 0.029225 3.676248 -4.238268 -1.959853 -1.147665 8.724591 0.771807 2.764028 3.775475 -8.557250 0.200622 -13.994638 -0.966510 7.313106 -0.000000 0.000000 0.000000 -7.797237 -1.339664 2.562208 -9.196629 1.079288 -0.648460 -0.251698 0.976503 -8.221780 20.370198 8.775562 13.844340 -8.411483 4.805538 -5.622943 -9.409250 0.398667 -1.341242 -2.370405 -1.759492 6.762783 22.664812 -6.975873 -15.519575 
0.561653 101.826167 -48.463699 -9.808873 -3.452552 -1.488269 11.220486 5.342895 -2.306004 6.186157 -23.726793 4.819652 -3.329439 20.840878 -0.788377 -0.000000 0.000000 0.000000 11.387534 -3.144827 3.306485 5.641156 19.492782 -3.055242 -2.627386 -16.729855 8.032595 -0.000000 0.000000 0.000000 6.341871 0.030479 3.673491 -4.223850 -1.961235 -1.138067 8.700043 0.794316 2.772322 3.805007 -8.522843 0.183044 -13.916645 -0.977102 7.280736 -0.000000 0.000000 0.000000 -7.782967 -1.448204 2.630643 -9.153681 1.082084 -0.737297 0.111231 0.917409 -8.251284 20.671846 8.651354 13.682668 -8.368784 4.955026 -5.700117 -9.327574 0.531125 -1.303393 -1.686035 -1.510704 6.783635 23.054553 -6.881837 -15.421842 
0.518268 101.825154 -48.464498 -9.826350 -3.511190 -1.510021 11.252147 5.253310 -2.289127 6.177360 -23.692670 4.827065 -3.335833 20.952102 -0.765729 -0.000000 0.000000 0.000000 11.369285 -3.128669 3.308214 5.682534 19.446038 -3.004645 -2.659542 -16.640763 8.027170 -0.000000 0.000000 0.000000 6.352756 0.062950 3.660678 -4.181284 -1.944622 -1.139554 8.673856 0.811442 2.777801 3.734643 -8.482282 0.213402 -13.901453 -1.045243 7.256011 -0.000000 0.000000 0.000000 -7.762396 -1.518685 2.650644 -9.151886 1.071228 -0.745944 0.268365 0.828606 -8.231760 20.810799 8.604645 13.474346 -8.281876 5.059992 -5.734514 -9.240061 0.622432 -1.331861 -1.271880 -1.236844 6.758990 23.023548 -6.697232 -15.840428 
0.468557 101.824367 -48.466301 -9.838966 -3.554047 -1.530219 11.220627 5.294285 -2.239873 6.251845 -23.661533 4.826660 -3.349586 20.938519 -0.781648 -0.000000 0.000000 0.000000 11.355479 -3.161491 3.346109 5.722155 19.462562 -3.013053 -2.660489 -16.582732 8.028530 -0.000000 0.000000 0.000000 6.385094 0.100686 3.649760 -4.150710 -1.920412 -1.159112 8.662493 0.842132 2.792951 3.617333 -8.530675 0.238458 -14.001199 -1.100647 7.342683 -0.000000 0.000000 0.000000 -7.792623 -1.601904 2.670547 -9.149915 1.079904 -0.743333 0.225622 0.746844 -8.200863 20.897473 8.691264 13.626155 -8.263766 5.173773 -5.805915 -9.264546 0.606305 -1.383669 -1.226504 -1.089629 6.759883 22.883671 -6.684734 -15.807534 
0.416992 101.823962 -48.472399 -9.844536 -3.543012 -1.560942 11.109870 5.523897 -2.161747 6.448781 -23.589059 4.888791 -3.382333 20.700320 -0.862092 -0.000000 0.000000 0.000000 11.365194 -3.239754 3.424358 5.724722 19.479265 -3.044222 -2.626487 -16.522250 8.044307 -0.000000 0.000000 0.000000 6.423066 0.112369 3.643434 -4.163825 -1.903859 -1.188992 8.673942 0.866436 2.810025 3.494254 -8.588788 0.287671 -14.039572 -1.178630 7.436545 -0.000000 0.000000 0.000000 -7.783104 -1.666477 2.660855 -9.080036 1.124727 -0.727693 0.476207 0.563436 -8.159634 21.151233 8.812081 13.564882 -8.230979 5.263883 -5.864061 -9.348091 0.578484 -1.438432 -1.160527 -1.051356 6.763858 22.977761 -6.805943 -15.719786 
0.384907 101.823866 -48.484796 -9.780135 -3.517702 -1.536291 11.089317 5.369526 -2.145416 6.318669 -23.628007 4.824352 -3.300334 20.841517 -0.872049 -0.000000 0.000000 0.000000 11.246995 -3.213255 3.416959 5.788315 19.416715 -3.023405 -2.619601 -16.522764 8.071651 -0.000000 0.000000 0.000000 6.402410 0.114069 3.612952 -4.189285 -1.870014 -1.211404 8.687422 0.874032 2.808286 3.340414 -8.594332 0.301590 -14.027398 -1.254209 7.475468 -0.000000 0.000000 0.000000 -7.759795 -1.634486 2.615824 -8.953429 1.115678 -0.743247 0.561072 0.274703 -8.210439 21.116469 8.647328 13.599319 -8.229921 5.267308 -5.853804 -9.247905 0.629791 -1.560824 -0.842253 -0.981614 6.791118 23.119268 -6.861905 -15.711886 
0.356243 101.823962 -48.491901 -9.739876 -3.466609 -1.528620 11.025437 5.332183 -2.121005 6.339165 -23.616347 4.844317 -3.284453 20.825101 -0.907860 -0.000000 0.000000 0.000000 11.170784 -3.182327 3.459684 5.853262 19.358126 -3.034264 -2.630016 -16.552754 8.066526 -0.000000 0.000000 0.000000 6.419239 0.106895 3.617427 -4.217607 -1.849384 -1.233629 8.651326 0.880881 2.804921 3.251020 -8.601945 0.280554 -14.058569 -1.264842 7.491546 -0.000000 0.000000 0.000000 -7.756790 -1.654388 2.574937 -8.946849 1.087963 -0.775648 0.546926 0.301734 -8.247922 21.151491 8.415190 13.671346 -8.184927 5.307535 -5.859929 -9.207829 0.629566 -1.682691 -0.710846 -1.006350 6.788125 23.143657 -6.801750 -15.813159 
0.325391 101.824260 -48.492801 -9.739816 -3.424357 -1.524526 11.018260 5.339889 -2.101479 6.340615 -23.670340 4.841921 -3.277677 20.838491 -0.897568 -0.000000 0.000000 0.000000 11.149089 -3.199865 3.478747 5.901407 19.382236 -3.033497 -2.657048 -16.591735 8.035902 -0.000000 0.000000 0.000000 6.436592 0.104376 3.620862 -4.210514 -1.848081 -1.268995 8.660647 0.880924 2.789717 3.119235 -8.632519 0.250079 -14.030473 -1.271938 7.527569 -0.000000 0.000000 0.000000 -7.795130 -1.704461 2.543183 -8.914277 1.094210 -0.818502 0.555402 0.438424 -8.198063 21.318942 8.685907 13.848046 -8.212452 5.369191 -5.874548 -9.217363 0.627899 -1.759725 -0.642843 -1.006546 6.776886 23.227918 -6.871660 -15.683761 
0.297494 101.824558 -48.492801 -9.740882 -3.404787 -1.508307 11.006642 5.398442 -2.073283 6.349845 -23.709274 4.820323 -3.274484 20.801503 -0.900147 -0.000000 0.000000 0.000000 11.164667 -3.228051 3.483768 5.904500 19.405808 -3.025315 -2.672906 -16.605757 8.015309 -0.000000 0.000000 0.000000 6.424019 0.110626 3.604989 -4.147593 -1.840156 -1.307513 8.663468 0.895843 2.754203 3.023500 -8.674108 0.236614 -14.052243 -1.331171 7.550798 -0.000000 0.000000 0.000000 -7.816291 -1.732220 2.482433 -8.804678 1.131926 -0.745820 0.774278 0.374507 -8.231325 21.591151 8.767678 13.986313 -8.174817 5.433601 -5.852464 -9.209253 0.563612 -1.840271 -0.629683 -0.962682 6.844298 23.202881 -6.807902 -15.702219 
0.268524 101.824963 -48.492599 -9.739179 -3.397484 -1.506267 10.993384 5.443457 -2.040165 6.365271 -23.701949 4.808751 -3.284472 20.751880 -0.932632 -0.000000 0.000000 0.000000 11.169367 -3.248963 3.508884 5.895452 19.393449 -3.039957 -2.687398 -16.579535 8.010443 -0.000000 0.000000 0.000000 6.418623 0.121997 3.580677 -4.109815 -1.812418 -1.328682 8.656083 0.923368 2.742159 2.978836 -8.736767 0.210978 -14.073655 -1.435434 7.552595 -0.000000 0.000000 0.000000 -7.804247 -1.733332 2.435708 -8.729707 1.135911 -0.699089 0.906818 0.316144 -8.246028 21.759553 8.543585 14.090407 -8.132003 5.466686 -5.829237 -9.119350 0.510929 -1.896258 -0.380347 -0.936456 6.887701 23.276141 -6.684307 -15.618775 
0.244623 101.825368 -48.492098 -9.723355 -3.385749 -1.519289 10.946442 5.452124 -2.005574 6.411226 -23.696698 4.815408 -3.281559 20.742723 -0.937506 -0.000000 0.000000 0.000000 11.131716 -3.245905 3.526541 5.924662 19.387082 -3.009996 -2.683294 -16.582128 8.003578 -0.000000 0.000000 0.000000 6.406093 0.137938 3.567474 -4.094749 -1.793653 -1.331227 8.637583 0.926773 2.741712 3.009986 -8.759830 0.187534 -14.069091 -1.466202 7.515827 -0.000000 0.000000 0.000000 -7.793369 -1.755594 2.381483 -8.698011 1.125880 -0.645006 0.927812 0.425032 -8.260848 21.888393 8.596638 14.106306 -8.136639 5.483477 -5.761599 -9.117200 0.532880 -1.974134 -0.384085 -0.954824 6.889452 23.287498 -6.723318 -15.666729 
0.224676 101.825666 -48.491400 -9.703499 -3.388954 -1.543303 10.926450 5.472280 -1.967497 6.405271 -23.701482 4.822519 -3.268929 20.735756 -0.944684 -0.000000 0.000000 0.000000 11.104016 -3.272012 3.551924 5.929907 19.389892 -2.989542 -2.671592 -16.546412 8.003416 -0.000000 0.000000 0.000000 6.369307 0.141459 3.564160 -4.102526 -1.780525 -1.332103 8.616203 0.939673 2.760065 3.139516 -8.782800 0.148115 -14.007361 -1.413583 7.497384 -0.000000 0.000000 0.000000 -7.793409 -1.753166 2.366279 -8.716399 1.133316 -0.675583 1.022288 0.442900 -8.226782 22.045923 8.835074 14.001828 -8.071072 5.525083 -5.747637 -9.124532 0.564165 -1.982480 -0.265052 -0.961494 6.902645 23.333222 -6.779940 -15.627158 
0.205850 101.825762 -48.490798 -9.697214 -3.419064 -1.557601 10.938470 5.460189 -1.951022 6.383948 -23.675366 4.822606 -3.272537 20.751250 -0.943732 -0.000000 0.000000 0.000000 11.122198 -3.267997 3.573571 5.889649 19.404165 -2.989068 -2.671419 -16.526790 7.997680 -0.000000 0.000000 0.000000 6.302738 0.152356 3.540106 -4.051103 -1.760801 -1.313239 8.593388 0.968106 2.769311 3.261042 -8.746155 0.134050 -13.966658 -1.359871 7.470236 -0.000000 0.000000 0.000000 -7.755566 -1.743325 2.347982 -8.702433 1.130138 -0.660121 1.024740 0.386885 -8.272604 21.941993 8.682995 13.925264 -7.986157 5.543792 -5.717777 -9.000431 0.583114 -2.014379 0.101689 -0.840611 6.940491 23.464767 -6.680139 -15.425970 
0.188374 101.825666 -48.490199 -9.705589 -3.429192 -1.569941 10.935002 5.457877 -1.930475 6.415590 -23.666246 4.826936 -3.307260 20.757990 -0.923558 -0.000000 0.000000 0.000000 11.131613 -3.254140 3.596155 5.898955 19.400252 -2.988319 -2.701320 -16.519864 7.972418 -0.000000 0.000000 0.000000 6.260845 0.169361 3.529312 -3.981270 -1.746709 -1.302270 8.573313 0.983480 2.770187 3.345386 -8.698304 0.147157 -13.990250 -1.346773 7.467681 -0.000000 0.000000 0.000000 -7.733598 -1.770910 2.297530 -8.669008 1.131563 -0.598999 1.180736 0.329889 -8.271843 22.098759 8.664064 13.831005 -7.927394 5.554409 -5.659360 -8.978974 0.573206 -2.058332 0.188972 -0.751412 6.957661 23.388161 -6.609098 -15.627106 
0.172027 101.821470 -48.489898 -9.733104 -3.428175 -1.594332 10.875624 5.541160 -1.896111 6.576968 -23.633182 4.865494 -3.373552 20.670764 -0.924412 -0.000000 0.000000 0.000000 11.132842 -3.259867 3.631895 5.953844 19.426184 -2.987423 -2.735126 -16.532649 7.938578 -0.000000 0.000000 0.000000 6.264347 0.177409 3.542716 -3.938289 -1.737209 -1.294614 8.572016 0.994117 2.771151 3.352542 -8.679353 0.146523 -13.980255 -1.334048 7.472114 -0.000000 0.000000 0.000000 -7.713161 -1.810502 2.284640 -8.598011 1.165306 -0.591542 1.353811 0.250544 -8.307925 22.286860 8.636789 13.974844 -7.905551 5.582681 -5.653656 -8.958369 0.534093 -2.070899 0.275364 -0.664746 6.977252 23.423395 -6.596290 -15.546763 
0.164616 101.820159 -48.492500 -9.744709 -3.425098 -1.595180 10.857421 5.546212 -1.883863 6.621559 -23.612386 4.871865 -3.388812 20.652707 -0.924568 -0.000000 0.000000 0.000000 11.112444 -3.241592 3.637684 5.998788 19.419256 -2.983567 -2.754647 -16.537604 7.929284 -0.000000 0.000000 0.000000 6.266788 0.181605 3.539041 -3.918657 -1.731526 -1.290867 8.571722 1.000520 2.772580 3.399628 -8.690449 0.151403 -13.954656 -1.350070 7.485008 -0.000000 0.000000 0.000000 -7.705743 -1.843544 2.250133 -8.538142 1.175263 -0.524533 1.459197 0.198170 -8.324392 22.452937 8.525915 13.921637 -7.877008 5.610465 -5.615294 -8.928321 0.493955 -2.111883 0.290873 -0.568502 6.994815 23.368208 -6.559857 -15.382074 
0.153139 101.819158 -48.500097 -9.734986 -3.425756 -1.584973 10.864851 5.508761 -1.893164 6.586254 -23.629886 4.860720 -3.363652 20.688872 -0.922130 -0.000000 0.000000 0.000000 11.084203 -3.233683 3.629223 6.029787 19.413971 -2.976735 -2.764108 -16.544930 7.922371 -0.000000 0.000000 0.000000 6.247231 0.183583 3.522771 -3.926710 -1.721535 -1.287274 8.568739 0.997113 2.775053 3.485011 -8.741558 0.155404 -13.914854 -1.352670 7.495603 -0.000000 0.000000 0.000000 -7.696166 -1.838684 2.252747 -8.532930 1.128675 -0.537594 1.445628 0.182480 -8.308929 22.480390 8.554961 13.997440 -7.853432 5.620245 -5.623965 -8.865777 0.512065 -2.106319 0.413131 -0.540065 7.061539 23.252688 -6.446230 -15.302123 
0.143562 101.818264 -48.503599 -9.718690 -3.418061 -1.570562 10.846871 5.469476 -1.896324 6.571010 -23.660838 4.843544 -3.338675 20.740473 -0.905280 -0.000000 0.000000 0.000000 11.034008 -3.215217 3.615642 6.078049 19.429313 -2.961499 -2.784640 -16.584968 7.914734 -0.000000 0.000000 0.000000 6.215347 0.181490 3.491014 -3.936614 -1.718338 -1.268960 8.541950 0.992970 2.783771 3.605257 -8.797475 0.191164 -13.847060 -1.360336 7.509806 -0.000000 0.000000 0.000000 -7.668073 -1.888519 2.235206 -8.444001 1.100529 -0.443764 1.616067 0.142151 -8.371097 22.655120 8.611373 13.922624 -7.834735 5.672577 -5.597341 -8.813358 0.495486 -2.173960 0.547885 -0.546020 7.059017 23.449151 -6.424935 -15.063164 
0.130273 101.817262 -48.505500 -9.726629 -3.399600 -1.563389 10.845774 5.471546 -1.890766 6.588659 -23.692164 4.842204 -3.347185 20.756762 -0.908051 -0.000000 0.000000 0.000000 11.041904 -3.214583 3.624750 6.091538 19.433861 -2.963849 -2.807608 -16.615108 7.904114 -0.000000 0.000000 0.000000 6.225240 0.170260 3.474647 -3.946693 -1.729086 -1.259739 8.534401 0.991895 2.793971 3.634993 -8.821908 0.198235 -13.828025 -1.379620 7.516991 -0.000000 0.000000 0.000000 -7.637028 -1.917535 2.233062 -8.413179 1.074876 -0.350196 1.628320 0.157087 -8.370902 22.598123 8.627723 14.025894 -7.833014 5.694846 -5.575327 -8.794316 0.509996 -2.258912 0.566583 -0.496679 7.090875 23.375072 -6.289062 -15.168781 
0.116954 101.816165 -48.500499 -9.741692 -3.378356 -1.575581 10.787175 5.583181 -1.871151 6.735517 -23.656124 4.898426 -3.402076 20.632688 -0.925792 -0.000000 0.000000 0.000000 11.053034 -3.236526 3.661453 6.122049 19.445989 -2.985284 -2.831675 -16.615311 7.883001 -0.000000 0.000000 0.000000 6.224024 0.161001 3.475950 -3.931939 -1.741424 -1.253441 8.535004 0.998366 2.803147 3.650595 -8.830554 0.201304 -13.864527 -1.397368 7.515586 -0.000000 0.000000 0.000000 -7.630298 -1.985544 2.283320 -8.438803 1.059317 -0.265448 1.711067 0.185251 -8.372779 22.681869 8.589924 13.927779 -7.770484 5.753666 -5.657580 -8.757830 0.481944 -2.260179 0.684686 -0.549585 7.087832 23.201043 -6.292785 -14.922234 
0.103904 101.813757 -48.495898 -9.756522 -3.375940 -1.576080 10.765309 5.624758 -1.856699 6.811122 -23.659703 4.909985 -3.429504 20.605395 -0.930428 -0.000000 0.000000 0.000000 11.047972 -3.239143 3.672809 6.176334 19.491099 -2.978686 -2.861493 -16.657281 7.872068 -0.000000 0.000000 0.000000 6.246853 0.158720 3.478125 -3.936474 -1.741723 -1.241426 8.536358 1.003857 2.812870 3.607666 -8.866632 0.196488 -13.878349 -1.422202 7.534234 -0.000000 0.000000 0.000000 -7.642464 -2.027601 2.288984 -8.413766 1.048870 -0.131430 1.703580 0.089710 -8.368519 22.750748 8.616620 13.967603 -7.793302 5.783112 -5.660484 -8.782292 0.458445 -2.383846 0.634264 -0.527936 7.116046 23.363085 -6.409838 -14.815648 
0.089877 101.811755 -48.487899 -9.757063 -3.349714 -1.571804 10.729405 5.664356 -1.845604 6.887236 -23.684484 4.922456 -3.456944 20.579379 -0.944258 -0.000000 0.000000 0.000000 11.024710 -3.241550 3.673292 6.238506 19.481372 -2.978961 -2.900941 -16.669754 7.861401 -0.000000 0.000000 0.000000 6.254984 0.149746 3.475926 -3.926772 -1.761073 -1.233718 8.538709 0.987067 2.817650 3.565103 -8.838990 0.187396 -13.959453 -1.435627 7.523994 -0.000000 0.000000 0.000000 -7.592186 -2.084958 2.288572 -8.341283 1.050064 0.049159 1.904824 0.086299 -8.429207 22.803218 8.518423 14.010729 -7.775813 5.815287 -5.658431 -8.722360 0.462536 -2.493824 0.821307 -0.524314 7.174195 23.266733 -6.263827 -14.863366 
0.079757 101.809764 -48.473200 -9.754416 -3.329328 -1.550772 10.730796 5.624342 -1.845341 6.869038 -23.731086 4.887126 -3.442846 20.632090 -0.922274 -0.000000 0.000000 0.000000 11.017454 -3.233639 3.658241 6.255391 19.491116 -2.971475 -2.924587 -16.704869 7.853127 -0.000000 0.000000 0.000000 6.244681 0.141613 3.459932 -3.941859 -1.779920 -1.232721 8.539567 0.977308 2.828240 3.567926 -8.842767 0.182198 -13.987115 -1.402757 7.548696 -0.000000 0.000000 0.000000 -7.573293 -2.157900 2.329025 -8.327505 1.019045 0.107458 1.950001 0.159579 -8.393894 22.917814 8.669242 14.144111 -7.762779 5.856401 -5.714844 -8.608504 0.455068 -2.500918 1.116531 -0.504874 7.145414 23.389223 -6.239018 -14.744960 
0.071240 101.807559 -48.443499 -9.752477 -3.324183 -1.539146 10.764362 5.648756 -1.835437 6.835320 -23.775030 4.859935 -3.441049 20.640510 -0.932739 -0.000000 0.000000 0.000000 11.039420 -3.268205 3.638306 6.252542 19.514643 -2.952803 -2.942737 -16.702067 7.849878 -0.000000 0.000000 0.000000 6.216374 0.133203 3.452207 -3.951674 -1.799734 -1.219254 8.522844 0.963538 2.835972 3.654633 -8.834423 0.174092 -13.933890 -1.344130 7.533743 -0.000000 0.000000 0.000000 -7.578229 -2.185890 2.300665 -8.324202 0.987968 0.208613 1.955088 0.108883 -8.395693 22.959252 8.797182 14.246824 -7.777955 5.881065 -5.692182 -8.648927 0.513726 -2.599702 1.016080 -0.503921 7.131091 23.350842 -6.348869 -14.802398 
0.057013 101.802754 -48.407501 -9.757026 -3.338265 -1.539801 10.773036 5.686507 -1.827506 6.883785 -23.755479 4.864223 -3.479851 20.610002 -0.922992 -0.000000 0.000000 0.000000 11.056115 -3.265089 3.646330 6.289298 19.510587 -2.959061 -2.983494 -16.687826 7.841554 -0.000000 0.000000 0.000000 6.163806 0.126139 3.441238 -3.931313 -1.811484 -1.199078 8.513787 0.961812 2.839332 3.765405 -8.814299 0.195742 -13.882678 -1.324897 7.516478 -0.000000 0.000000 0.000000 -7.543077 -2.230392 2.328007 -8.254296 0.983033 0.210922 2.127703 0.015740 -8.427662 22.998061 8.717459 14.175139 -7.748271 5.923120 -5.733986 -8.644112 0.519969 -2.575297 1.061268 -0.459689 7.126858 23.286150 -6.312090 -14.664625 
0.040111 101.794958 -48.370600 -9.790155 -3.343962 -1.554128 10.737889 5.799955 -1.786118 7.052596 -23.698154 4.869651 -3.558361 20.481343 -0.931188 -0.000000 0.000000 0.000000 11.089754 -3.283828 3.669069 6.352180 19.490659 -2.975835 -3.029425 -16.643598 7.834461 -0.000000 0.000000 0.000000 6.161904 0.123806 3.446302 -3.911244 -1.815118 -1.191223 8.512394 0.961694 2.844297 3.802630 -8.798857 0.229011 -13.813898 -1.325591 7.531218 -0.000000 0.000000 0.000000 -7.528096 -2.287711 2.322554 -8.255535 0.970884 0.226536 2.182973 -0.002342 -8.458664 23.116154 8.654671 14.161302 -7.721023 5.941990 -5.723522 -8.643626 0.481061 -2.585430 1.120628 -0.372903 7.145370 23.285747 -6.141229 -14.637718 
0.030081 101.790559 -48.340899 -9.794797 -3.376460 -1.533342 10.819961 5.690441 -1.805388 6.950695 -23.754613 4.815548 -3.542570 20.630579 -0.893449 -0.000000 0.000000 0.000000 11.076510 -3.268447 3.639737 6.416487 19.494515 -2.970016 -3.079096 -16.644218 7.820702 -0.000000 0.000000 0.000000 6.143287 0.137065 3.410118 -3.870067 -1.818747 -1.189306 8.485713 0.962291 2.850311 3.836689 -8.815629 0.271615 -13.809559 -1.333449 7.545281 -0.000000 0.000000 0.000000 -7.513987 -2.322921 2.250188 -8.167653 0.966572 0.279573 2.270298 -0.043144 -8.442080 23.219634 8.720406 14.139533 -7.734753 5.978432 -5.656304 -8.632268 0.485452 -2.635534 1.145032 -0.394526 7.172793 23.322509 -6.086011 -14.480637 
0.008920 101.786160 -48.301601 -9.814729 -3.408940 -1.579934 10.734030 5.927941 -1.742781 7.194361 -23.651205 4.880723 -3.624526 20.393139 -0.944471 -0.000000 0.000000 0.000000 11.099063 -3.337492 3.709593 6.471979 19.491784 -3.015446 -3.095046 -16.555124 7.806408 -0.000000 0.000000 0.000000 6.167718 0.118993 3.435786 -3.894322 -1.808516 -1.188756 8.475325 0.989092 2.875068 3.906565 -8.855935 0.311004 -13.789506 -1.317736 7.584160 -0.000000 0.000000 0.000000 -7.525389 -2.343404 2.243561 -8.144786 1.001311 0.232277 2.328829 -0.087483 -8.454315 23.252952 8.741054 14.061731 -7.675290 6.034477 -5.693825 -8.684952 0.427880 -2.545929 1.064269 -0.506036 7.186276 23.292642 -6.181959 -14.202409 
-0.003392 101.783764 -48.266998 -9.789898 -3.475910 -1.588321 10.767343 5.852085 -1.738969 7.135357 -23.626042 4.856830 -3.616584 20.488108 -0.929272 -0.000000 0.000000 0.000000 11.070580 -3.301208 3.715579 6.510568 19.469234 -3.024809 -3.120603 -16.523573 7.801617 -0.000000 0.000000 0.000000 6.149331 0.127531 3.425960 -3.896866 -1.779418 -1.186187 8.445850 0.999924 2.890546 3.958209 -8.904725 0.359275 -13.781108 -1.312862 7.608492 -0.000000 0.000000 0.000000 -7.531053 -2.316892 2.204933 -8.122376 1.018575 0.223010 2.272234 -0.105398 -8.492978 23.308811 8.679715 13.859647 -7.682739 6.037443 -5.683598 -8.669004 0.411540 -2.563050 1.083502 -0.549204 7.284540 23.274821 -6.096124 -13.861583 
-0.022460 101.781261 -48.220199 -9.806707 -3.510131 -1.628371 10.711013 6.050475 -1.706651 7.344308 -23.527707 4.936225 -3.707930 20.295198 -0.973674 -0.000000 0.000000 0.000000 11.125970 -3.318116 3.764880 6.508186 19.513292 -3.042492 -3.129852 -16.495660 7.800903 -0.000000 0.000000 0.000000 6.176842 0.111126 3.445969 -3.898477 -1.775775 -1.185134 8.418133 1.002142 2.913437 4.021756 -8.933364 0.360555 -13.812805 -1.257572 7.597464 -0.000000 0.000000 0.000000 -7.478163 -2.316499 2.145271 -8.135395 1.077793 0.243532 2.330762 0.010539 -8.486905 23.398768 8.708708 13.825781 -7.647970 6.061126 -5.667055 -8.631558 0.415128 -2.615555 1.389140 -0.527769 7.283553 23.455238 -5.972385 -13.695796 
-0.034725 101.775968 -48.176897 -9.797557 -3.584955 -1.649601 10.715810 6.079603 -1.704248 7.390956 -23.509342 4.951545 -3.756600 20.327212 -0.953482 -0.000000 0.000000 0.000000 11.124447 -3.289248 3.775850 6.542582 19.591067 -3.046135 -3.169591 -16.514240 7.783757 -0.000000 0.000000 0.000000 6.182849 0.110277 3.460018 -3.897098 -1.755601 -1.182577 8.415018 1.014207 2.908392 4.039249 -8.952038 0.390646 -13.815332 -1.247077 7.616903 -0.000000 0.000000 0.000000 -7.477098 -2.289228 2.100346 -8.139639 1.113065 0.348859 2.421026 0.062556 -8.560038 23.496469 8.761271 13.808215 -7.605311 6.058194 -5.620176 -8.631507 0.405924 -2.730110 1.376690 -0.429653 7.311073 23.381979 -5.899780 -13.980205 
-0.040981 101.767361 -48.142201 -9.751848 -3.676042 -1.609794 10.896307 5.775721 -1.771927 7.024098 -23.641214 4.832440 -3.680387 20.733136 -0.843838 -0.000000 0.000000 0.000000 11.037651 -3.155294 3.709291 6.627711 19.636584 -3.014990 -3.246328 -16.615435 7.751686 -0.000000 0.000000 0.000000 6.124294 0.120912 3.407758 -3.836477 -1.726767 -1.173278 8.413735 1.015055 2.881971 4.057710 -8.947647 0.408083 -13.830890 -1.294597 7.598619 -0.000000 0.000000 0.000000 -7.456239 -2.284703 2.127463 -7.948717 1.137982 0.431462 2.570619 0.009563 -8.599457 23.467030 8.744268 13.731855 -7.641380 6.082122 -5.658981 -8.491605 0.443993 -2.774009 1.479859 -0.367924 7.329185 23.198213 -5.955130 -13.663035 
-0.054238 101.758063 -48.103800 -9.714152 -3.692351 -1.601150 10.888395 5.665178 -1.774713 7.008137 -23.690030 4.781008 -3.703454 20.913626 -0.773470 -0.000000 0.000000 0.000000 10.981806 -3.108228 3.701996 6.710300 19.699018 -3.009992 -3.330638 -16.693533 7.720140 -0.000000 0.000000 0.000000 6.108511 0.117380 3.374141 -3.836053 -1.733678 -1.157600 8.418738 1.010713 2.871338 4.147714 -9.000467 0.383298 -13.821059 -1.291244 7.570604 -0.000000 0.000000 0.000000 -7.440102 -2.332153 2.116206 -7.889047 1.152911 0.629159 2.699286 -0.009709 -8.637161 23.695784 8.752729 13.766740 -7.675876 6.119317 -5.661684 -8.443638 0.451393 -2.957255 1.699839 -0.163779 7.355328 23.399870 -5.909752 -13.506585 
-0.071494 101.747465 -48.062801 -9.689920 -3.710962 -1.597397 10.861634 5.657268 -1.767019 7.053380 -23.727136 4.759653 -3.747008 20.979039 -0.709076 -0.000000 0.000000 0.000000 10.896269 -3.036507 3.701496 6.867712 19.756943 -3.000638 -3.430484 -16.792578 7.680346 -0.000000 0.000000 0.000000 6.104961 0.089214 3.356919 -3.840454 -1.732343 -1.167017 8.453152 0.990799 2.841517 4.261943 -9.000147 0.384687 -13.761276 -1.307401 7.528697 -0.000000 0.000000 0.000000 -7.335158 -2.360442 2.118607 -7.810118 1.161186 0.886232 2.988504 -0.168036 -8.666576 23.816511 8.794976 13.927775 -7.605453 6.160818 -5.637040 -8.333929 0.532089 -3.128450 2.014323 0.097891 7.363331 23.344261 -5.702579 -14.062303 
-0.092283 101.745963 -48.027000 -9.644071 -3.715375 -1.607427 10.779168 5.614523 -1.728235 7.145639 -23.740692 4.729230 -3.797507 21.066498 -0.695374 -0.000000 0.000000 0.000000 10.801329 -2.927674 3.748498 7.008271 19.760604 -3.024511 -3.509989 -16.886297 7.639177 -0.000000 0.000000 0.000000 6.123936 0.022369 3.370135 -3.894444 -1.728521 -1.196049 8.467845 0.955324 2.810830 4.457458 -9.013662 0.372607 -13.625276 -1.289137 7.491361 -0.000000 0.000000 0.000000 -7.145915 -2.289631 2.088232 -7.796241 1.232360 1.155363 3.219378 -0.774734 -8.699384 23.765473 8.771597 14.190201 -7.430866 6.199622 -5.488799 -8.307543 0.631968 -3.413834 2.208578 0.564609 7.405659 23.416306 -5.135660 -15.811718 
-0.117772 101.744962 -47.975498 -9.571460 -3.787490 -1.621547 10.740583 5.641870 -1.715838 7.146851 -23.674100 4.751617 -3.817300 21.067366 -0.814390 -0.000000 0.000000 0.000000 10.707226 -2.802400 3.787404 7.109802 19.637838 -3.084123 -3.584549 -16.809918 7.718893 -0.000000 0.000000 0.000000 6.123963 -0.070920 3.467459 -3.991139 -1.706608 -1.261633 8.461085 0.877890 2.728319 4.814238 -8.973664 0.329658 -13.553843 -1.339322 7.360205 -0.000000 0.000000 0.000000 -6.760757 -1.936865 1.750660 -8.163273 1.335634 1.855977 3.122136 -1.938091 -8.987531 23.557277 8.423631 14.677866 -7.049199 5.979302 -4.773112 -8.472394 0.843469 -4.192558 1.883595 2.263568 7.395823 23.245848 -3.561203 -21.499970 
-0.148247 101.744366 -47.902399 -9.507966 -4.006041 -1.687673 10.710112 5.851349 -1.700081 7.214025 -23.435379 4.853510 -3.875906 20.903052 -0.990268 -0.000000 0.000000 0.000000 10.597329 -2.615993 3.832995 7.250928 19.519407 -3.149611 -3.649749 -16.591193 7.843644 -0.000000 0.000000 0.000000 6.142808 -0.187438 3.597171 -4.151717 -1.669865 -1.284320 8.492066 0.790436 2.693541 5.211352 -8.867132 0.161159 -13.492247 -1.218045 7.062087 -0.000000 0.000000 0.000000 -6.155438 -1.396309 1.224339 -8.783252 1.695540 2.561241 3.001858 -3.780080 -9.293012 23.382115 8.194326 15.265515 -6.678084 5.480461 -3.971375 -8.369221 1.096203 -4.956316 2.724244 6.579250 6.846071 23.979533 -1.044046 -28.915039 
-0.176331 101.744258 -47.810397 -9.438001 -4.511505 -1.820405 10.643173 6.357017 -1.662900 7.359137 -23.192061 4.923747 -3.953856 20.749047 -1.042481 -0.000000 0.000000 0.000000 10.474732 -2.525838 3.845470 7.366433 19.746167 -3.199853 -3.702254 -16.301242 7.918431 -0.000000 0.000000 0.000000 6.130014 -0.345556 3.760744 -4.293832 -1.586904 -1.250519 8.583965 0.744889 2.714828 5.556020 -8.763227 -0.074267 -13.431731 -0.706103 6.626386 -0.000000 0.000000 0.000000 -5.410443 -0.687711 0.668783 -8.149534 2.759952 2.693376 4.328849 -7.768815 -9.445480 22.514269 9.030343 16.242233 -6.437232 4.932799 -3.712064 -7.473020 1.354556 -5.346005 5.721673 13.385135 5.981998 25.075133 0.580011 -33.606780 
-0.189111 101.748455 -47.702998 -9.323593 -5.391087 -1.920333 10.724929 6.853720 -1.665399 7.131441 -22.971521 4.724338 -3.896656 20.895950 -1.022714 -0.000000 0.000000 0.000000 10.293092 -2.477814 3.707414 7.448424 20.307033 -3.268038 -3.772306 -15.995129 8.034974 -0.000000 0.000000 0.000000 6.051340 -0.559466 3.974956 -4.375254 -1.370220 -1.212153 8.749006 0.788444 2.617334 5.784491 -8.608082 -0.239776 -13.406503 0.048309 6.234610 -0.000000 0.000000 0.000000 -4.456580 0.408336 0.064137 -5.769484 4.217882 1.885827 6.812531 -14.158083 -9.206485 18.667093 9.867267 19.241958 -6.106442 4.238453 -3.776378 -5.631328 1.673687 -5.550675 10.160856 22.208489 4.737727 24.788365 1.919818 -36.666368 
-0.215897 101.774657 -47.576198 -9.313167 -6.520035 -1.978042 10.935258 7.796049 -1.665376 6.881559 -22.280763 4.462423 -3.793862 20.382477 -1.337452 -0.000000 0.000000 0.000000 10.258948 -2.571633 3.462571 7.426691 20.649348 -3.416863 -3.733374 -15.131147 8.309333 -0.000000 0.000000 0.000000 6.152397 -0.744685 4.269647 -4.414272 -1.111651 -1.303534 8.829749 0.913085 2.404601 5.858737 -8.238902 -0.349056 -13.048414 0.771019 5.992775 -0.000000 0.000000 0.000000 -3.614837 1.521090 -0.494565 -3.453088 5.927323 0.036969 8.681229 -21.251577 -8.762732 14.545698 8.232636 23.401980 -5.787380 3.572280 -4.167557 -3.867651 1.951544 -4.945825 14.688581 32.005809 2.716056 24.021485 3.910183 -39.760164 
-0.255974 101.786268 -47.461399 -9.513076 -7.714306 -1.921192 11.591622 8.418073 -1.782860 6.247244 -21.726163 3.984237 -3.598068 20.176764 -1.625596 -0.000000 0.000000 0.000000 10.381403 -2.681362 3.125306 7.546182 20.899691 -3.677276 -3.799658 -14.196401 8.489868 -0.000000 0.000000 0.000000 6.670126 -0.744822 4.486458 -4.386396 -0.852686 -1.355836 8.419613 0.826078 2.147279 5.736016 -6.945303 -0.700031 -11.591054 2.070004 5.167280 -0.000000 0.000000 0.000000 -2.091533 1.792112 -1.838757 -1.324302 8.606096 -1.868917 8.798716 -28.900513 -9.300813 11.659587 5.321052 26.278671 -5.142698 3.320713 -4.859368 -2.001466 1.820580 -3.425343 18.068011 42.517344 0.323540 23.068671 5.267769 -41.182576 
-0.312887 101.816165 -47.407499 -9.570317 -8.738300 -1.762724 11.626692 8.817909 -1.927902 6.469666 -20.230597 3.682861 -3.486491 19.178842 -2.057569 -0.000000 0.000000 0.000000 10.249836 -2.753687 2.823508 7.789405 20.404938 -4.067739 -3.773736 -12.778522 8.759098 -0.000000 0.000000 0.000000 7.043611 -0.715801 4.582093 -4.247110 -0.680752 -1.629023 8.431445 1.067914 2.074033 5.628011 -7.232991 -0.983232 -11.444395 2.474350 5.103478 -0.000000 0.000000 0.000000 -3.064227 2.916295 -2.163656 1.470066 8.265966 -5.697847 10.275049 -34.747126 -10.221146 9.428646 2.741081 25.451699 -5.600372 2.645545 -5.530508 0.171956 2.423739 -1.127076 21.186371 52.519740 -1.338493 20.133934 6.464548 -40.733692 
-0.365520 101.846361 -47.407699 -9.732805 -9.484820 -1.495497 11.467083 9.152057 -1.973716 7.097780 -18.990780 3.226774 -3.436266 18.121348 -2.532237 -0.000000 0.000000 0.000000 10.107216 -2.876146 2.434253 8.180136 19.621789 -4.399813 -3.834405 -11.294354 8.922185 -0.000000 0.000000 0.000000 7.673275 -0.578295 4.651533 -4.222225 -0.721168 -2.042905 8.308379 1.227303 1.817257 5.361635 -6.629619 -1.187560 -10.208132 2.561789 5.113963 -0.000000 0.000000 0.000000 -3.722577 2.962353 -2.757020 3.966224 8.095805 -9.444492 12.368571 -39.491091 -11.546440 6.732142 -0.306815 21.798281 -5.643853 2.522481 -5.758608 2.118497 3.060273 1.974062 23.942505 61.113982 -2.197633 15.488330 8.170933 -39.259024 
-0.397209 101.849353 -47.437599 -9.846359 -9.882126 -1.114867 11.188493 9.083231 -2.047961 7.859646 -17.784924 2.805543 -3.445358 17.007335 -3.001809 -0.000000 0.000000 0.000000 9.938731 -2.839939 1.930271 8.517425 18.598947 -4.519568 -3.953366 -10.077951 9.039589 -0.000000 0.000000 0.000000 8.400334 -0.588506 4.359783 -3.571711 -0.821126 -2.304649 8.014370 0.661367 1.740979 4.467957 -6.719337 -0.965982 -9.989402 3.305679 4.645310 -0.000000 0.000000 0.000000 -3.191547 2.686853 -4.595008 7.762033 7.624461 -12.840263 12.995429 -43.995016 -12.463033 4.479238 -2.543813 18.077827 -6.043896 3.054933 -5.103570 5.209624 4.253564 4.583054 24.243829 68.396135 -0.948058 11.164844 9.202658 -36.495576 
-0.452271 101.819563 -47.461399 -10.001572 -9.929251 -0.807534 10.729051 9.115968 -1.956929 9.014601 -16.783940 2.510372 -3.620998 15.692676 -3.395163 -0.000000 0.000000 0.000000 9.907462 -2.905758 1.571942 8.772485 17.406851 -4.563112 -4.125754 -8.886959 9.083864 -0.000000 0.000000 0.000000 9.140863 -0.433428 4.149447 -3.073130 -0.885449 -2.418954 7.541101 0.475861 1.670667 4.026887 -6.592345 -1.084568 -9.360131 3.464052 4.317922 -0.000000 0.000000 0.000000 -2.932290 1.868821 -6.442541 11.125342 5.840126 -16.376882 16.450767 -47.788729 -11.021703 4.116243 -4.301934 14.879455 -5.755126 3.375425 -4.093039 8.186332 4.704484 7.106921 27.992694 74.867431 -2.326843 6.806483 10.051898 -33.545101 
-0.522438 101.780570 -47.470501 -10.051521 -9.518491 -0.475252 10.109411 8.823103 -1.862919 10.142834 -16.275641 2.241079 -3.696274 14.899347 -3.501887 -0.000000 0.000000 0.000000 9.879783 -3.092315 1.326274 8.954826 16.267851 -4.554369 -4.344525 -8.062594 9.035133 -0.000000 0.000000 0.000000 9.960047 -0.321259 3.834580 -2.729936 -1.099904 -2.489772 7.176002 0.158774 1.562412 3.263974 -6.198959 -0.956837 -8.525242 3.429165 4.267773 -0.000000 0.000000 0.000000 -2.726962 1.469672 -8.249533 13.945185 4.054343 -19.628492 20.383287 -51.988586 -8.198152 2.744510 -5.198621 14.177590 -5.188684 3.461572 -2.554870 11.273762 5.185828 9.871085 33.781563 79.873169 -5.891155 2.349946 10.410743 -32.798590 
-0.657259 101.759267 -47.466299 -10.024330 -8.881549 -0.130865 9.310618 8.486168 -1.758434 11.369404 -16.052154 2.012773 -3.657509 14.456854 -3.454905 -0.000000 0.000000 0.000000 9.903229 -3.238805 1.139868 8.958140 15.384907 -4.418290 -4.463732 -7.681946 8.913020 -0.000000 0.000000 0.000000 10.697904 -0.288111 3.304677 -2.375120 -1.279778 -2.491322 6.916655 -0.087326 1.462631 2.587474 -5.891389 -0.608830 -8.017017 3.110612 4.667733 -0.000000 0.000000 0.000000 -2.580234 1.652977 -9.936944 16.506874 2.285460 -21.554966 23.286286 -57.315731 -5.957813 -0.064740 -5.402072 14.519387 -4.395816 3.235053 -0.689741 14.572366 5.713314 12.606738 29.701143 83.601911 0.018973 -3.251065 9.697082 -33.286883 
-0.849590 101.758361 -47.436798 -9.890984 -8.322209 0.196589 8.599920 7.978104 -1.628787 12.250205 -15.802471 1.717113 -3.487127 14.214410 -3.453951 -0.000000 0.000000 0.000000 9.896911 -3.359829 0.995777 8.834828 14.691503 -4.272253 -4.522180 -7.419066 8.870078 -0.000000 0.000000 0.000000 11.215316 -0.174576 2.738610 -1.976290 -1.301527 -2.453356 6.772106 -0.195414 1.436405 2.063788 -5.804127 -0.402087 -7.647864 2.677101 5.241313 -0.000000 0.000000 0.000000 -2.269169 1.940501 -11.368876 18.668642 0.774816 -22.900351 23.263264 -62.770847 -5.939757 -3.340745 -6.086732 15.753481 -3.479712 3.035292 1.232341 17.756856 5.848828 15.160891 5.292155 85.722853 26.006143 -6.927833 9.100338 -34.121012 
-1.111460 101.783562 -47.422901 -9.584444 -7.799778 0.447534 7.625743 7.422633 -1.255808 13.173459 -15.804500 1.305174 -3.157989 14.069313 -3.522373 -0.000000 0.000000 0.000000 9.713184 -3.433385 1.032608 8.684758 14.229040 -4.153265 -4.482340 -7.383680 8.765159 -0.000000 0.000000 0.000000 11.563292 0.013471 2.115296 -1.773500 -1.199452 -2.293194 6.790648 -0.183749 1.482672 1.794377 -5.704383 -0.163589 -7.273053 2.012314 5.808099 -0.000000 0.000000 0.000000 -1.847937 2.441608 -12.008214 20.879730 -0.577220 -23.813393 23.718417 -68.844852 -5.655589 -7.015833 -5.934154 18.266115 -2.559531 2.568925 2.630021 20.706633 5.912721 17.593417 -24.001459 86.534004 56.949137 -9.573008 8.736288 -36.087545 
-1.442300 101.828265 -47.437999 -9.158373 -7.260142 0.750701 6.379131 6.756876 -0.855882 14.241963 -16.136555 0.865488 -2.601886 14.115933 -3.599871 -0.000000 0.000000 0.000000 9.264473 -3.630728 1.091177 8.726371 13.961851 -4.064423 -4.419058 -7.506092 8.664756 -0.000000 0.000000 0.000000 11.741431 0.366920 1.305732 -1.625082 -1.047360 -2.003205 6.987558 -0.076191 1.701257 1.655575 -5.744180 -0.000347 -7.456809 1.198141 6.569785 -0.000000 0.000000 0.000000 -1.470815 2.961208 -12.335265 22.735406 -1.628802 -23.833789 24.194507 -75.174810 -6.133620 -9.839998 -5.509372 21.559677 -1.508725 1.869544 3.925888 23.549106 5.310526 19.148994 -69.446523 86.647302 103.740390 -11.536137 8.293498 -39.414269 
-1.804860 101.912260 -47.476101 -8.709247 -6.521106 1.107338 4.990386 6.043509 -0.497518 15.417233 -16.415447 0.504857 -1.823103 14.010108 -3.809790 -0.000000 0.000000 0.000000 8.776543 -3.874057 1.158314 8.771538 13.508815 -3.979864 -4.234082 -7.619066 8.600790 -0.000000 0.000000 0.000000 11.905686 0.627198 0.478281 -1.450148 -1.109392 -1.753203 7.209185 -0.120538 1.930600 1.523441 -5.784187 0.407351 -7.829622 0.753159 7.470784 -0.000000 0.000000 0.000000 -0.854036 3.551199 -12.519857 24.272360 -2.114180 -23.992544 20.926109 -80.671452 -9.995074 -12.599001 -5.360268 24.883899 -0.756704 1.173419 4.814616 25.822689 5.135067 21.049196 -91.236525 85.498095 126.518256 -12.117621 8.182516 -41.915233 
-2.218280 102.016866 -47.512498 -8.314727 -5.598604 1.396711 3.671733 5.436435 -0.030315 16.467453 -16.926763 0.193937 -0.921768 13.879459 -4.148950 -0.000000 0.000000 0.000000 8.404252 -4.161704 1.355698 8.705808 13.004769 -3.841151 -3.917455 -7.846232 8.456719 -0.000000 0.000000 0.000000 12.073197 0.751962 -0.264160 -1.328940 -1.368313 -1.498756 7.500693 -0.268190 2.212026 1.578573 -5.659639 0.928442 -8.236106 0.428457 8.284729 -0.000000 0.000000 0.000000 -0.103270 3.950179 -12.708651 26.107165 -2.419372 -24.249173 8.742724 -85.176697 -22.679742 -15.365764 -4.741372 29.282502 -0.084562 0.654504 5.434166 27.812015 5.533020 22.821933 -96.961334 84.066281 133.106395 -12.279236 7.066645 -47.134710 
-2.623280 102.113163 -47.541699 -8.007782 -4.591395 1.603415 2.467556 4.967520 0.460716 17.423986 -17.585758 -0.059657 -0.053003 13.802491 -4.432562 -0.000000 0.000000 0.000000 8.144757 -4.434852 1.574695 8.620065 12.732470 -3.614943 -3.580224 -8.246873 8.267665 -0.000000 0.000000 0.000000 12.252910 0.870213 -0.769694 -1.169437 -1.704650 -1.170699 7.725824 -0.435847 2.621897 1.858633 -5.845477 1.086045 -8.904002 0.402105 9.056374 -0.000000 0.000000 0.000000 0.412656 3.897439 -13.165213 27.792206 -2.596402 -24.859676 -27.077606 -87.777724 -59.482753 -15.238421 -3.529816 34.764917 0.629871 0.576624 5.969973 29.549271 5.489461 24.290685 -98.426383 82.212227 135.057193 -12.127238 4.332006 -53.479636 
-2.988180 102.173662 -47.630998 -7.764078 -3.521581 1.774767 1.123156 4.623090 0.989377 18.644825 -18.025090 -0.304501 0.743033 13.383499 -4.741182 -0.000000 0.000000 0.000000 7.784553 -4.475778 1.785264 8.784915 12.362804 -3.345437 -3.373174 -8.701238 7.986260 -0.000000 0.000000 0.000000 12.567447 0.867866 -0.912879 -0.987169 -2.023247 -0.839732 7.909033 -0.651594 2.886190 1.877282 -6.070388 1.145710 -9.382191 0.481530 9.543729 -0.000000 0.000000 0.000000 0.887815 3.637042 -13.662148 29.169369 -3.102843 -25.904987 -71.480301 -88.212897 -104.641230 -14.679139 -2.800889 39.654798 1.024282 0.527252 6.269007 30.666652 5.519744 25.726338 -97.848606 80.882132 134.551181 -13.101930 3.600279 -57.245484 
-3.362730 102.212059 -47.815499 -7.710235 -2.388568 1.989088 -0.442343 4.247221 1.582672 20.353962 -18.529698 -0.756181 1.746024 13.017273 -5.117872 -0.000000 0.000000 0.000000 7.357416 -4.635990 1.921599 9.324768 12.111160 -3.065474 -3.321038 -9.254583 7.652351 -0.000000 0.000000 0.000000 13.146552 0.855561 -0.930234 -0.812551 -2.406050 -0.471537 8.138235 -0.917226 3.110056 1.759951 -6.350665 1.094271 -9.808488 0.799115 9.875428 -0.000000 0.000000 0.000000 1.229788 3.348382 -14.238516 30.138701 -4.015198 -27.061241 -71.289705 -86.611730 -104.588393 -16.649123 -2.831628 46.308565 0.984439 0.341521 6.648926 31.575037 6.019490 26.196154 -99.811528 80.037947 136.838181 -12.731217 2.955544 -61.627415 
-3.763310 102.208364 -48.020801 -7.855509 -1.318924 2.156022 -2.282467 4.045557 2.455764 22.736547 -18.947145 -1.324132 2.899284 12.092494 -5.925408 -0.000000 0.000000 0.000000 7.037866 -4.773252 2.061336 10.027064 11.386445 -2.759208 -3.405491 -9.311772 7.223595 -0.000000 0.000000 0.000000 13.763538 0.867294 -0.749038 -0.293861 -2.798912 -0.167897 8.175917 -1.075518 3.341352 1.771777 -6.303832 1.086873 -10.195348 0.917380 10.011739 -0.000000 0.000000 0.000000 1.576599 2.811521 -14.987482 30.083174 -4.189063 -28.275049 -59.084056 -85.606026 -91.794474 -17.120600 -2.278811 49.579734 1.432116 0.672802 7.096393 31.647161 6.264241 26.876320 -101.689758 79.566328 138.451880 -13.106274 3.987582 -66.393506 
-4.151350 102.121460 -48.209098 -8.310562 -0.173322 2.349898 -4.261182 4.126384 3.519261 25.773686 -19.444288 -1.905721 4.196813 10.606450 -6.953306 -0.000000 0.000000 0.000000 7.096942 -5.378702 2.086653 10.664939 10.805181 -2.379563 -3.713609 -9.120858 6.731439 -0.000000 0.000000 0.000000 14.512148 1.079366 -0.441122 0.403352 -3.243281 0.314085 8.130329 -1.120428 3.529866 1.885152 -6.331249 0.843190 -10.423387 0.658678 10.108427 -0.000000 0.000000 0.000000 1.360803 2.294877 -15.231214 29.756210 -4.421480 -29.117763 -48.472979 -85.388750 -81.213328 -16.783146 -2.127839 50.950142 1.741569 0.961404 7.276837 31.373771 5.872909 27.363417 -106.571410 79.235150 142.689014 -12.843978 3.842358 -69.052928 
-4.508240 101.908958 -48.371100 -9.086275 0.870096 2.518315 -6.305049 4.306890 4.748371 29.346921 -20.004897 -2.568121 5.675424 9.036392 -7.985277 -0.000000 0.000000 0.000000 7.776081 -6.102336 2.102501 10.927531 10.598133 -1.929868 -4.365807 -9.095092 6.057697 -0.000000 0.000000 0.000000 15.366802 1.462372 0.003901 1.165075 -3.683524 0.872788 7.974885 -1.177080 3.795431 2.554720 -6.818485 0.449047 -10.758634 0.812548 10.243096 -0.000000 0.000000 0.000000 1.113117 1.580377 -15.547540 29.562306 -4.437596 -29.640600 -44.113285 -85.670052 -77.106135 -15.610143 -1.339264 53.029344 1.823956 1.371517 7.252873 31.047678 4.988530 26.737124 -114.300468 78.693527 150.682052 -11.296344 2.502038 -71.578836 
-4.822230 101.571465 -48.502201 -10.122094 1.854559 2.621379 -8.084274 4.405600 6.015940 32.914608 -20.515057 -3.168934 7.024746 7.488297 -8.922798 -0.000000 0.000000 0.000000 8.845692 -6.756344 2.118787 11.088929 10.429374 -1.323329 -5.362926 -9.063478 5.197914 -0.000000 0.000000 0.000000 16.230587 1.792937 0.517604 2.228858 -4.155220 1.500581 7.620303 -1.235439 4.064347 3.472128 -7.298598 0.351733 -11.019771 1.073588 10.383424 -0.000000 0.000000 0.000000 1.141016 0.709311 -16.128729 29.491938 -4.007628 -30.098960 -43.031170 -86.025972 -76.015385 -14.841950 -1.311981 54.214114 2.158850 2.298989 7.392351 30.555552 3.966391 25.388660 -122.957383 78.088727 159.587538 -9.349051 2.186480 -73.485255 
-5.106660 101.218867 -48.590899 -11.462603 2.648684 2.611997 -9.107177 4.621878 7.259487 35.926707 -21.160966 -3.499208 8.108683 6.182872 -9.640959 -0.000000 0.000000 0.000000 10.180011 -7.296914 2.195438 11.438465 10.407315 -0.658351 -6.372039 -9.035005 4.314745 -0.000000 0.000000 0.000000 17.209665 2.023069 1.143514 3.715639 -4.594026 2.197672 7.078420 -1.180087 4.287602 4.302713 -7.484767 0.471285 -11.281545 1.183103 10.389201 -0.000000 0.000000 0.000000 0.924979 0.005246 -16.979521 29.483174 -3.451345 -30.504698 -41.432476 -85.369934 -74.368881 -15.415933 -1.788271 54.829780 2.507134 3.557640 7.643510 30.132511 3.556180 23.926872 -128.596746 77.246362 165.461859 -8.360193 2.223979 -75.784485 
-5.299840 100.890958 -48.725599 -12.893791 2.971291 2.614576 -9.573282 4.908129 8.220106 38.424509 -21.763844 -3.749013 8.850122 5.448832 -10.048327 -0.000000 0.000000 0.000000 11.248848 -7.947538 1.959760 12.296083 10.519597 0.018173 -7.339947 -8.542258 3.701188 -0.000000 0.000000 0.000000 18.430239 2.265000 1.860447 5.161487 -4.812506 2.843190 6.506786 -0.925539 4.467831 4.860912 -7.680641 0.538801 -11.345853 1.123372 10.296294 -0.000000 0.000000 0.000000 0.471817 -0.681756 -17.781990 29.425368 -3.301532 -31.548870 -31.669919 -84.000319 -64.464570 -15.942617 -1.870197 56.737665 2.693639 4.875848 7.726608 29.670461 3.382695 22.952523 -132.807900 76.492026 170.033948 -7.601922 2.693728 -78.356933 
-5.394260 100.576758 -48.947397 -14.054504 3.140110 2.662238 -9.922854 5.067387 8.692090 40.421665 -22.275080 -3.715791 9.293487 5.148076 -10.313176 -0.000000 0.000000 0.000000 11.927379 -8.516056 1.745148 13.218583 10.510615 0.392076 -8.294233 -8.043902 3.142544 -0.000000 0.000000 0.000000 19.683025 2.415272 2.782450 6.191402 -4.865046 3.313408 6.048455 -0.624754 4.585041 5.199296 -8.019365 0.466695 -11.627204 0.878582 10.137848 -0.000000 0.000000 0.000000 -0.004266 -1.192997 -18.496546 29.130411 -3.377680 -32.859287 -22.784785 -82.082678 -55.379179 -16.742048 -1.932536 57.536113 2.929514 5.977837 7.732961 29.348822 3.286178 22.390977 -135.709667 75.706376 173.316196 -7.101767 3.396667 -81.302071 
-5.420190 100.364363 -49.241197 -14.811275 3.198935 2.825793 -10.109089 4.935634 8.551582 41.718462 -22.442902 -3.472347 9.278457 5.205899 -10.423944 -0.000000 0.000000 0.000000 12.205564 -8.740459 1.507661 13.945409 10.385392 0.494853 -9.033202 -7.822298 2.804966 -0.000000 0.000000 0.000000 20.797462 2.599883 3.809298 6.961371 -4.834512 3.597601 5.697276 -0.424204 4.670338 5.314421 -8.383015 0.332691 -12.142091 0.828471 9.968125 -0.000000 0.000000 0.000000 -0.420294 -1.522809 -19.701003 28.638644 -3.394236 -33.889265 -21.751712 -79.387366 -53.575893 -18.655978 -1.939389 56.239920 3.322178 6.681789 8.201986 29.370564 2.869195 21.632949 -136.839465 74.780369 174.417116 -6.852161 3.279139 -83.562224 
-5.341720 100.269568 -49.604800 -14.940074 2.848585 3.287637 -10.000481 4.122337 7.491529 41.791031 -22.190487 -3.658891 8.278299 5.937451 -9.835656 -0.000000 0.000000 0.000000 11.294154 -8.421846 0.741639 15.305705 10.195337 0.473520 -9.664606 -7.724292 2.803618 -0.000000 0.000000 0.000000 21.307682 2.802355 4.592423 7.832662 -4.705047 3.795491 5.421118 -0.242383 4.515510 5.469610 -8.400077 0.358257 -12.912665 0.520012 9.993247 -0.000000 0.000000 0.000000 -0.604052 -1.702037 -20.567481 28.529416 -3.825284 -35.010587 -27.504965 -76.197852 -57.543836 -22.898572 -2.506348 54.697204 3.791385 6.846130 8.685440 29.658454 2.753895 21.199256 -138.060887 74.115904 174.843860 -6.578318 2.471752 -84.761682 
-5.242890 100.344968 -49.915999 -14.598204 2.230968 3.912858 -9.572951 3.264938 6.121943 40.486184 -21.782662 -4.237471 6.735333 6.749162 -8.826110 -0.000000 0.000000 0.000000 10.154483 -8.123699 -0.065274 16.123012 9.865542 0.112747 -9.819707 -7.597252 3.070031 -0.000000 0.000000 0.000000 21.041490 3.011891 4.799973 8.718094 -4.649003 4.098566 5.275254 -0.141554 4.468016 6.343367 -8.406212 0.637477 -13.363047 0.171470 10.058949 -0.000000 0.000000 0.000000 -0.547596 -1.635668 -21.191128 28.360264 -4.033777 -35.682455 -33.599467 -72.988668 -62.217058 -26.019987 -2.414444 53.392101 4.286611 6.816520 9.366306 29.941804 2.772583 20.630109 -137.970218 73.601035 173.723841 -6.371093 1.879977 -85.844675 
-5.151270 100.576758 -50.124496 -14.010450 1.757319 4.417789 -8.962477 2.891651 5.022582 38.297703 -21.021150 -4.620845 6.263624 7.592062 -8.447699 -0.000000 0.000000 0.000000 9.335489 -7.825697 -0.737217 16.007965 9.679868 -0.206752 -9.439359 -7.428734 3.738213 -0.000000 0.000000 0.000000 20.403561 3.089195 4.835724 9.057522 -4.679497 4.453219 5.368992 -0.227316 4.475994 7.608422 -8.318738 1.205808 -12.719597 0.197003 9.969722 -0.000000 0.000000 0.000000 -0.383311 -1.202070 -21.597866 28.220875 -4.203520 -35.510297 -36.871550 -71.101094 -65.057406 -27.096064 -1.907893 52.324115 4.419253 6.331087 10.074019 30.154299 3.155999 19.929653 -137.139489 73.235967 172.114292 -6.378479 1.109576 -86.313525 
-5.015610 100.848353 -50.224602 -13.619421 1.442008 4.774446 -8.047600 3.254655 4.337734 36.043449 -20.397996 -4.790409 6.671882 8.106807 -8.353466 -0.000000 0.000000 0.000000 9.046388 -8.007370 -1.443512 15.425169 9.633715 -0.308617 -8.826130 -6.904795 4.580547 -0.000000 0.000000 0.000000 19.839723 3.047674 5.105456 8.972098 -4.782934 4.679665 5.575336 -0.378620 4.468411 8.933645 -8.254529 1.372053 -12.161958 0.520838 9.829812 -0.000000 0.000000 0.000000 -0.290791 -1.028252 -21.373674 28.425760 -4.365254 -35.374961 -37.807102 -71.444490 -66.069830 -26.798391 -1.090553 52.586896 4.326474 5.756404 10.144171 30.194820 3.334765 20.062572 -137.634624 72.835798 172.104498 -6.177205 -0.088917 -86.116351 
-4.844180 101.039159 -50.263500 -13.429941 1.191432 4.966126 -7.097811 4.347297 4.190321 34.484499 -19.901363 -4.906880 6.100066 8.288739 -8.202697 -0.000000 0.000000 0.000000 9.154967 -8.447767 -1.973644 14.605570 9.848360 -0.341524 -8.313820 -6.393353 5.198439 -0.000000 0.000000 0.000000 19.413093 2.913794 5.506314 8.866783 -4.904472 4.806729 5.738313 -0.457778 4.517026 9.805696 -8.352149 1.164736 -11.929142 0.846725 9.799681 -0.000000 0.000000 0.000000 -0.318864 -1.077841 -21.050676 28.493062 -4.182991 -35.128897 -38.369235 -72.534226 -67.166870 -25.469055 0.188867 52.882095 4.334889 5.266982 10.160378 29.954092 2.793118 20.352888 -138.560961 72.431460 172.661759 -5.370927 -1.362113 -85.472888 
-4.712000 101.083958 -50.316197 -13.293594 0.864142 4.977536 -6.281083 5.627317 4.436999 33.363753 -19.146137 -5.078431 5.829874 8.278668 -8.339960 -0.000000 0.000000 0.000000 9.222611 -8.410529 -2.046091 14.102230 10.206945 -0.514498 -8.172110 -6.461134 5.228694 -0.000000 0.000000 0.000000 19.082657 2.599240 5.835201 8.960777 -4.907422 4.835731 5.831851 -0.491862 4.554343 9.890159 -8.318509 0.920834 -11.965063 1.083819 9.846754 -0.000000 0.000000 0.000000 -0.332550 -1.147591 -20.861849 28.494733 -3.936763 -34.648139 -40.225062 -73.314009 -69.592933 -24.701244 0.689311 53.003699 4.456005 5.040360 10.342820 29.793029 2.423227 20.471947 -138.514750 72.177510 172.329910 -4.868799 -1.643023 -85.263333 
-4.652670 100.989568 -50.389999 -13.242838 0.423465 4.767718 -5.445899 6.784807 4.923610 32.218073 -19.064537 -5.140616 4.927907 7.745660 -8.473552 -0.000000 0.000000 0.000000 9.183339 -8.258775 -1.760858 14.055804 10.547382 -0.768972 -8.430352 -6.661180 4.921308 -0.000000 0.000000 0.000000 18.914898 2.244735 6.042449 9.282286 -4.852038 4.835043 5.734530 -0.457360 4.596892 9.487351 -7.964298 0.783135 -12.201552 1.167000 9.845924 -0.000000 0.000000 0.000000 -0.382812 -1.410269 -20.772716 28.529943 -3.703094 -34.366702 -41.718921 -73.841025 -71.387743 -24.650852 1.004281 53.128546 4.684757 5.172494 10.529509 29.673493 2.024455 20.753643 -139.375777 72.242826 172.713684 -4.477365 -1.538376 -85.208229 
-4.624710 100.812054 -50.466901 -13.209321 0.022470 4.419810 -4.782392 7.346174 5.413883 31.173791 -19.357182 -5.112580 3.943592 7.450992 -8.680755 -0.000000 0.000000 0.000000 9.058179 -7.959865 -1.355707 14.262028 10.883260 -0.899877 -8.882912 -6.863400 4.471157 -0.000000 0.000000 0.000000 18.770619 1.916169 6.125973 9.660687 -4.853739 4.861082 5.615526 -0.476233 4.581988 8.920564 -7.420528 0.915592 -12.406922 1.212071 9.871871 -0.000000 0.000000 0.000000 -0.401111 -1.698895 -20.880529 28.527871 -3.616528 -34.325552 -41.838209 -74.047755 -71.353458 -25.068107 1.739702 53.063527 4.856288 5.286497 10.770531 29.435787 1.817167 21.020765 -140.288291 72.523558 173.028829 -4.434750 -0.744474 -84.827633 
-4.586330 100.639665 -50.534195 -13.265985 -0.162600 3.942379 -4.216548 7.453107 5.810577 30.576644 -19.912098 -4.854775 2.573132 7.527186 -8.599178 -0.000000 0.000000 0.000000 9.058548 -7.614622 -0.787520 14.461903 11.133425 -0.926247 -9.222365 -7.191495 4.025944 -0.000000 0.000000 0.000000 18.668617 1.590023 6.276337 9.812095 -4.976959 4.852411 5.692205 -0.530947 4.503229 8.461420 -6.853465 1.155707 -12.364070 1.257663 9.993358 -0.000000 0.000000 0.000000 -0.474318 -1.970496 -21.110737 28.457932 -3.674144 -34.409417 -40.948422 -73.421843 -70.216744 -25.710682 1.639736 53.079759 4.921175 5.325566 10.919297 29.389594 1.924372 21.452290 -140.458209 72.723750 172.585957 -4.769558 -0.324798 -84.957205 
-4.530760 100.554454 -50.542498 -13.393005 -0.167519 3.366475 -3.463120 7.398595 6.097771 29.774321 -20.409161 -4.448074 1.460599 7.804027 -8.303055 -0.000000 0.000000 0.000000 9.327147 -7.421184 0.012441 14.361504 11.378054 -1.045561 -9.153165 -7.615201 3.643479 -0.000000 0.000000 0.000000 18.419915 1.330806 6.437494 9.875700 -5.097165 4.887486 5.917953 -0.596709 4.418240 8.172607 -6.480680 1.373622 -11.929608 1.282790 10.077735 -0.000000 0.000000 0.000000 -0.537371 -2.213432 -21.379912 28.450277 -4.045412 -34.561551 -40.124656 -72.249742 -69.031546 -26.620745 0.896162 53.780259 4.806324 5.166745 11.140548 29.561154 1.895467 21.750901 -141.216895 72.788889 172.598622 -4.633771 0.040935 -84.654744 
-4.469880 100.553358 -50.509799 -13.554300 -0.119642 2.846317 -2.435999 7.353412 6.077119 28.723787 -20.756495 -3.867984 0.383369 8.387778 -7.756026 -0.000000 0.000000 0.000000 10.028287 -6.976623 1.057548 13.686158 11.751931 -1.485225 -8.889634 -8.499422 3.242272 -0.000000 0.000000 0.000000 18.124548 1.034256 6.487799 9.728717 -5.120508 4.770594 6.245572 -0.683449 4.353292 8.222819 -6.391592 1.506535 -11.563008 1.378304 10.245236 -0.000000 0.000000 0.000000 -0.530622 -2.124504 -21.468815 28.520095 -4.270295 -34.466657 -40.683407 -71.666771 -69.462082 -27.606483 0.922055 54.270804 4.513522 4.822847 11.339453 29.755380 2.129823 21.977816 -141.250716 73.022113 172.161326 -4.464158 0.332364 -84.414929 
-4.385250 100.589561 -50.472897 -13.687169 -0.192431 2.455936 -1.256490 7.540744 5.790100 27.444133 -20.694263 -3.320593 -0.630217 9.098854 -7.005016 -0.000000 0.000000 0.000000 10.648220 -6.468186 1.816355 13.051498 12.108045 -1.882767 -8.609499 -9.207289 3.085912 -0.000000 0.000000 0.000000 17.811184 0.760858 6.354528 9.448325 -5.008378 4.507727 6.484305 -0.724995 4.302466 8.550383 -6.487212 1.575417 -11.229625 1.605554 10.441529 -0.000000 0.000000 0.000000 -0.445437 -1.805731 -21.467780 28.559835 -4.151233 -34.017730 -41.950735 -71.697307 -70.872306 -27.798469 0.923314 54.278696 4.250803 4.550686 11.524720 29.915500 2.385106 22.149366 -139.932870 73.351152 170.642726 -4.398487 0.644982 -83.911566 
-4.274180 100.589955 -50.448197 -13.638981 -0.267711 2.039762 -0.360432 8.008373 5.534246 26.259824 -20.240498 -2.784528 -1.694089 9.622408 -6.071166 -0.000000 0.000000 0.000000 10.956363 -6.133335 2.403534 12.560677 12.415745 -2.102713 -8.455128 -9.647690 2.958122 -0.000000 0.000000 0.000000 17.284752 0.486383 6.247643 9.059073 -4.811749 4.181986 6.686049 -0.720687 4.239527 9.015341 -6.614571 1.593517 -10.793546 1.888875 10.635824 -0.000000 0.000000 0.000000 -0.321180 -1.469284 -21.383885 28.521887 -3.936205 -33.645206 -42.935282 -72.206678 -71.953655 -27.652772 1.269654 54.255067 4.171944 4.455176 11.666545 29.838452 2.637367 22.285700 -138.387507 73.834388 169.131596 -4.445150 1.205713 -83.365738 
-4.140860 100.530565 -50.400299 -13.546799 -0.323984 1.561727 0.549092 8.506786 5.336794 24.950585 -19.859771 -2.312586 -2.933835 10.230400 -5.009811 -0.000000 0.000000 0.000000 10.910492 -6.050764 2.895307 12.629911 12.607584 -2.187746 -8.563776 -9.806863 2.850730 -0.000000 0.000000 0.000000 16.643538 0.258694 6.175012 8.709466 -4.573819 3.917070 6.840605 -0.652060 4.170940 9.448910 -6.731130 1.634998 -10.327277 1.956684 10.749695 -0.000000 0.000000 0.000000 -0.250188 -1.217117 -21.240477 28.528375 -3.869061 -33.456332 -44.234004 -72.471181 -73.297129 -27.804294 1.777285 54.393749 4.262833 4.476256 11.659802 29.843978 2.927629 22.461264 -136.736763 74.107560 167.709922 -4.754915 1.386407 -83.485549 
-3.999660 100.411856 -50.396997 -13.405850 -0.409652 1.101165 1.284533 8.649330 5.146117 23.791484 -19.490296 -1.950575 -4.099777 10.926306 -4.025594 -0.000000 0.000000 0.000000 10.407294 -5.771356 3.358383 13.367300 12.687796 -2.255534 -8.964459 -10.053839 2.613875 -0.000000 0.000000 0.000000 16.019652 0.143454 6.016032 8.459463 -4.271180 3.784525 6.886298 -0.522750 4.105527 9.702549 -6.915000 1.714174 -10.139502 1.762650 10.803804 -0.000000 0.000000 0.000000 -0.141504 -1.211162 -21.145437 28.544186 -3.980641 -33.326248 -45.139615 -72.418146 -74.174332 -27.922028 2.175854 54.692347 4.494016 4.577328 11.674078 29.976928 2.832896 22.790340 -136.165423 74.332792 167.020105 -5.007567 2.157098 -83.100389 
-3.840120 100.311863 -50.485700 -13.285429 -0.346170 0.716385 1.546111 8.171125 4.972653 23.285526 -19.316140 -1.608388 -4.838269 11.578137 -3.317604 -0.000000 0.000000 0.000000 9.798802 -5.307105 3.789337 14.199548 12.552012 -2.297460 -9.295606 -10.422098 2.394243 -0.000000 0.000000 0.000000 15.620632 0.198244 5.810598 8.214788 -4.039854 3.764252 6.946626 -0.482848 4.054995 9.558408 -6.981776 1.920428 -10.102874 1.262924 10.752911 -0.000000 0.000000 0.000000 -0.018115 -1.321150 -20.998551 28.527584 -4.429126 -33.365251 -45.091523 -72.335372 -73.941243 -28.264769 2.214790 55.106043 4.723095 4.585257 11.729303 30.190471 2.693553 23.219441 -135.694642 74.730001 166.105746 -5.591851 3.227140 -83.195680 
-3.657020 100.279570 -50.536400 -13.368432 0.084201 0.575262 1.746280 7.407768 4.735269 23.158600 -19.672177 -1.352831 -5.177862 12.222941 -2.915694 -0.000000 0.000000 0.000000 9.819238 -5.037154 3.966831 14.332935 12.396588 -2.208407 -9.399501 -10.864374 2.357099 -0.000000 0.000000 0.000000 15.382324 0.247731 5.509224 8.136665 -4.096617 3.771852 7.044316 -0.650902 4.031511 9.215140 -6.950301 2.214721 -10.073358 0.778252 10.806200 -0.000000 0.000000 0.000000 0.070993 -1.286394 -20.916298 28.715953 -4.771419 -33.313826 -45.580458 -72.324669 -74.237996 -28.585749 2.255080 55.807877 4.542557 4.386530 11.819230 30.430925 2.889688 23.547213 -132.531223 75.025793 162.685387 -6.797903 4.240745 -83.076130 
-3.449110 100.290263 -50.597996 -13.484372 0.649659 0.498536 1.762362 6.984479 4.679608 23.218125 -20.024381 -1.186455 -5.256926 12.366181 -2.847422 -0.000000 0.000000 0.000000 10.009873 -4.939061 4.046965 14.178666 12.269688 -2.068883 -9.349286 -11.248432 2.398480 -0.000000 0.000000 0.000000 15.299940 0.277339 5.253283 7.991643 -4.216152 3.805889 7.125152 -0.789796 4.082023 8.997324 -6.965408 2.466246 -10.254532 0.471189 10.947671 -0.000000 0.000000 0.000000 0.219270 -1.250100 -20.870194 28.868023 -4.896294 -33.193585 -46.436436 -72.213943 -75.204021 -29.012691 1.988119 56.164777 4.358798 4.087956 11.908785 30.522702 2.854970 23.699640 -131.944244 75.288423 161.875554 -6.840151 4.604320 -82.877885 
-3.234350 100.307059 -50.639701 -13.576161 1.163795 0.377301 1.788474 7.296704 4.910015 23.112926 -20.296843 -1.099113 -5.383766 11.915645 -2.992821 -0.000000 0.000000 0.000000 10.312246 -5.140458 4.103642 13.790878 12.266435 -1.920020 -9.220824 -11.421020 2.478387 -0.000000 0.000000 0.000000 15.334223 0.257712 5.151749 7.685131 -4.234571 3.813791 7.149264 -0.831982 4.243060 9.037900 -7.207916 2.578038 -10.441499 0.457956 11.107859 -0.000000 0.000000 0.000000 0.347459 -1.169126 -20.894819 28.917661 -4.812045 -33.132459 -47.437277 -72.119491 -76.501197 -29.380923 2.104107 56.173284 4.343246 3.819854 11.934125 30.523156 2.478043 23.620507 -132.209094 75.077076 162.102414 -6.766054 4.683390 -82.578005 
-3.027420 100.307262 -50.717396 -13.441279 1.464502 0.195537 1.534364 7.840333 5.252937 22.994945 -20.487333 -1.116389 -5.518042 11.364402 -3.113338 -0.000000 0.000000 0.000000 10.328408 -5.485075 4.100264 13.423703 12.305709 -1.759572 -9.142958 -11.276737 2.574711 -0.000000 0.000000 0.000000 15.298212 0.228061 5.194470 7.325210 -4.147079 3.814972 7.109153 -0.802043 4.394483 9.213093 -7.645382 2.672623 -10.588708 0.675318 11.271634 -0.000000 0.000000 0.000000 0.454401 -1.028374 -21.162336 28.921246 -4.575439 -33.065449 -48.129670 -72.150163 -77.320484 -29.130873 2.593705 56.343772 4.486507 3.780683 11.977748 30.519128 2.129590 23.333135 -130.714079 74.563005 160.998482 -7.004961 4.716112 -82.686002 
-2.817030 100.306666 -50.867403 -13.180754 1.595914 0.084013 1.040033 8.040770 5.360329 23.117481 -20.495105 -1.084154 -5.555474 11.011199 -3.201299 -0.000000 0.000000 0.000000 9.973981 -5.602914 4.031302 13.356176 12.239704 -1.684051 -9.118057 -11.152280 2.633734 -0.000000 0.000000 0.000000 15.238714 0.254520 5.261089 7.215898 -4.052093 3.836159 7.027507 -0.758473 4.462046 9.164272 -7.887419 2.910124 -10.799382 0.787450 11.363769 -0.000000 0.000000 0.000000 0.546392 -0.968925 -21.513264 28.794695 -4.408527 -33.070796 -47.723806 -72.241327 -76.751918 -28.741002 2.859480 56.129379 4.716867 3.965578 12.096220 30.383271 2.043832 22.899113 -130.072799 74.437141 160.683836 -7.101862 4.800300 -82.918075 
-2.629410 100.305557 -51.029599 -13.084751 1.766899 0.050111 0.882532 7.750104 5.203434 23.122223 -20.541993 -0.972624 -5.643987 11.066163 -3.201597 -0.000000 0.000000 0.000000 9.802623 -5.541872 4.055194 13.287561 12.054154 -1.722749 -9.061196 -11.243705 2.572045 -0.000000 0.000000 0.000000 15.329274 0.331790 5.283460 7.524483 -4.079365 3.970175 6.815935 -0.789395 4.555625 9.015150 -7.870238 3.151396 -11.286892 0.795421 11.394812 -0.000000 0.000000 0.000000 0.565918 -1.120924 -21.813492 28.876062 -4.282705 -33.198388 -47.774715 -72.143619 -76.481026 -28.610092 2.821831 56.017201 4.812559 4.352158 12.125338 30.418435 2.088432 22.517703 -129.979273 74.215470 160.527432 -7.288888 4.694578 -83.113703 
-2.465590 100.304258 -51.203400 -13.057612 2.050636 0.019864 0.822296 7.300561 5.009770 23.057607 -20.626075 -0.865378 -5.734664 11.289121 -3.119511 -0.000000 0.000000 0.000000 9.714039 -5.409039 4.113559 13.217230 11.830300 -1.724995 -9.077633 -11.414562 2.481914 -0.000000 0.000000 0.000000 15.442630 0.382685 5.358607 8.007479 -4.209721 4.215576 6.580691 -0.885730 4.669042 9.100076 -7.714122 3.376428 -11.867832 0.746750 11.401116 -0.000000 0.000000 0.000000 0.538932 -1.432052 -21.952443 29.085193 -4.302341 -33.357992 -47.830410 -72.000181 -76.336527 -28.572984 2.666047 56.101887 4.799998 4.745760 11.929349 30.501654 2.295602 22.147200 -129.965864 73.854747 160.531984 -7.778554 4.652718 -83.267262 
-2.296790 100.300169 -51.397997 -12.998166 2.365660 0.016131 0.632354 6.913703 4.792199 23.093005 -20.645791 -0.781925 -5.771185 11.487199 -2.937169 -0.000000 0.000000 0.000000 9.563813 -5.230271 4.084299 13.147000 11.673826 -1.638830 -9.055093 -11.644910 2.397216 -0.000000 0.000000 0.000000 15.618257 0.417744 5.502988 8.285836 -4.343610 4.480217 6.438099 -0.982549 4.791011 9.343152 -7.603631 3.593667 -12.209179 0.694004 11.339275 -0.000000 0.000000 0.000000 0.510113 -1.766183 -21.858341 29.100670 -4.577624 -33.583050 -46.849850 -71.893672 -75.455527 -28.577246 2.445460 56.030607 4.777846 4.987771 11.577337 30.499982 2.562003 22.015711 -130.307815 73.758853 160.794132 -8.003711 4.518404 -83.438960 
-2.161910 100.293863 -51.564497 -12.893466 2.698902 0.056458 0.320321 6.791582 4.651721 23.207216 -20.658882 -0.706710 -5.737227 11.394721 -2.835352 -0.000000 0.000000 0.000000 9.422258 -5.188879 4.049873 13.001270 11.477780 -1.584301 -8.991495 -11.783396 2.278661 -0.000000 0.000000 0.000000 15.773401 0.432397 5.652370 8.388479 -4.492729 4.722719 6.353974 -1.047133 4.898634 9.736846 -7.637227 3.784945 -12.341600 0.566376 11.418440 -0.000000 0.000000 0.000000 0.548244 -2.084990 -21.721708 29.016822 -4.880835 -33.811348 -45.737153 -71.866753 -74.522575 -28.512575 2.459934 56.059428 4.849473 5.089166 11.375138 30.427811 2.625697 22.148160 -130.904767 73.758475 161.177505 -8.035225 4.487657 -83.614762 
-2.076550 100.308156 -51.699799 -12.681965 3.019424 0.142833 -0.128813 6.874780 4.629188 23.283924 -20.623082 -0.766629 -5.557868 11.080949 -2.888662 -0.000000 0.000000 0.000000 9.246422 -5.210603 4.044895 12.759507 11.378491 -1.630620 -8.914687 -11.976016 2.161038 -0.000000 0.000000 0.000000 15.773638 0.418079 5.711600 8.420876 -4.643329 4.967147 6.292967 -1.148301 4.976811 10.175945 -7.807876 3.972881 -12.172841 0.551759 11.579226 -0.000000 0.000000 0.000000 0.710619 -2.309983 -21.892204 28.927468 -5.052704 -33.766661 -45.202330 -71.704529 -74.054770 -28.451984 2.438843 56.105342 4.926997 5.027240 11.562900 30.393666 2.417059 21.838172 -131.620028 73.560515 161.662384 -8.014160 4.517822 -83.404915 
-2.019700 100.350857 -51.779097 -12.477740 3.311517 0.268350 -0.563600 7.070265 4.664758 23.336558 -20.598026 -0.921116 -5.243244 10.688470 -3.015945 -0.000000 0.000000 0.000000 9.190506 -5.260924 3.928198 12.352660 11.318966 -1.589941 -8.736411 -12.100684 2.188731 -0.000000 0.000000 0.000000 15.792198 0.330966 5.733592 8.270783 -4.824056 5.088185 6.335049 -1.254566 4.998290 10.457712 -7.900536 4.126887 -11.985220 0.573066 11.668587 -0.000000 0.000000 0.000000 0.869069 -2.297947 -21.956626 28.842228 -5.160104 -33.802992 -44.674176 -71.458436 -73.641613 -28.549189 2.371093 56.156335 4.861848 4.803877 11.611077 30.279576 2.509820 21.657780 -131.895868 73.591962 161.858064 -7.823063 4.266032 -83.147368 
-2.000350 100.405657 -51.831198 -12.306058 3.467877 0.412231 -0.938683 7.312715 4.727458 23.367523 -20.519677 -1.160729 -4.856085 10.344067 -3.213097 -0.000000 0.000000 0.000000 9.141673 -5.375524 3.785519 12.008931 11.264268 -1.584419 -8.532139 -12.103697 2.239984 -0.000000 0.000000 0.000000 15.898839 0.276559 5.722188 8.029841 -4.937234 5.074932 6.358805 -1.315805 5.029040 10.535899 -8.034753 4.133093 -11.994951 0.625358 11.749771 -0.000000 0.000000 0.000000 0.951013 -2.260635 -21.958585 28.896760 -5.111179 -33.809295 -44.662214 -71.270478 -73.788612 -28.553732 2.344843 56.351574 4.784625 4.684952 11.545765 30.268985 2.641627 21.718330 -131.512191 73.509781 161.562728 -7.781248 4.010269 -83.079008 
-2.005360 100.438559 -51.868498 -12.177951 3.480144 0.522850 -1.176963 7.432912 4.817122 23.331570 -20.417999 -1.443205 -4.557981 10.104031 -3.406831 -0.000000 0.000000 0.000000 9.003419 -5.383367 3.712030 11.923396 11.248407 -1.634392 -8.413120 -12.148965 2.205643 -0.000000 0.000000 0.000000 16.033951 0.279219 5.715793 7.864200 -4.936459 5.028204 6.338031 -1.309812 5.056774 10.424337 -8.197484 4.016334 -12.040427 0.632435 11.842590 -0.000000 0.000000 0.000000 0.921144 -2.272338 -21.979056 28.990692 -5.022240 -33.780179 -44.754634 -71.261414 -73.973622 -28.458206 2.286195 56.386541 4.792670 4.747521 11.523574 30.352603 2.559473 21.730746 -131.317606 73.402184 161.458411 -7.783909 3.831421 -82.999386 
-2.034390 100.438762 -51.876396 -12.078726 3.377570 0.583756 -1.293415 7.468500 4.889553 23.277780 -20.374294 -1.654041 -4.453637 10.017689 -3.512701 -0.000000 0.000000 0.000000 8.857098 -5.311659 3.692386 11.959966 11.229545 -1.721530 -8.363205 -12.156266 2.184738 -0.000000 0.000000 0.000000 16.134200 0.307935 5.727224 7.762921 -4.850991 4.937994 6.320903 -1.246972 5.067134 10.322321 -8.322101 3.965402 -12.051629 0.675053 11.954713 -0.000000 0.000000 0.000000 0.872550 -2.291258 -21.938807 28.979645 -5.027393 -33.774997 -44.554980 -71.280444 -73.838090 -28.451332 2.200533 56.305407 4.845811 4.891628 11.446225 30.362201 2.585131 21.802254 -130.841809 73.512767 161.158014 -7.810047 3.908396 -83.162754 
-2.062580 100.426364 -51.830697 -12.054791 3.357779 0.598026 -1.336778 7.563363 5.004000 23.301389 -20.431847 -1.752185 -4.439544 9.895081 -3.597645 -0.000000 0.000000 0.000000 8.916820 -5.407505 3.695621 11.808613 11.192829 -1.717503 -8.172323 -12.073098 2.224303 -0.000000 0.000000 0.000000 16.158653 0.363633 5.757144 7.813004 -4.809713 4.949370 6.171684 -1.180198 5.097864 10.525516 -8.486283 3.949777 -12.133851 0.802177 12.101494 -0.000000 0.000000 0.000000 0.870557 -2.477807 -22.029734 29.033655 -4.980129 -33.696370 -44.579476 -71.309646 -73.897990 -28.300205 2.400931 56.467472 4.999665 5.141605 11.436961 30.418411 2.396922 21.755657 -130.422186 73.307977 160.853875 -8.009629 3.897855 -83.398740 
-2.078550 100.437462 -51.733601 -12.081417 3.570181 0.610609 -1.389623 7.601052 5.084583 23.454455 -20.540343 -1.718826 -4.377199 9.716534 -3.666689 -0.000000 0.000000 0.000000 9.361542 -5.548003 3.801717 11.182012 11.148309 -1.717446 -7.949551 -12.092673 2.181624 -0.000000 0.000000 0.000000 16.079190 0.396487 5.778268 7.875994 -4.905543 5.078441 6.073430 -1.157148 5.150095 10.897268 -8.568163 4.016549 -12.071793 0.864724 12.225263 -0.000000 0.000000 0.000000 0.945708 -2.698155 -22.103025 28.981342 -5.029168 -33.747506 -44.227874 -71.249726 -73.565358 -28.215677 2.449714 56.477342 5.124874 5.281625 11.423191 30.418417 2.221039 21.646020 -130.850744 73.159336 161.211344 -8.097064 3.799907 -83.401978 
-2.092280 100.479460 -51.616597 -12.072038 3.883631 0.654690 -1.508421 7.508554 5.065988 23.670024 -20.592045 -1.642917 -4.182764 9.645134 -3.722280 -0.000000 0.000000 0.000000 9.867236 -5.524861 3.871800 10.413344 11.139950 -1.680252 -7.676528 -12.297678 2.246391 -0.000000 0.000000 0.000000 15.934270 0.389560 5.759034 7.810390 -5.036393 5.184571 6.114434 -1.207037 5.191896 11.199895 -8.666777 4.207602 -11.978286 0.843309 12.333493 -0.000000 0.000000 0.000000 1.067929 -2.735706 -22.030278 28.868163 -5.252042 -33.870263 -43.707319 -71.127636 -73.110031 -28.347112 2.475241 56.513138 5.061692 5.143963 11.327236 30.347240 2.372249 21.605007 -130.705697 73.215244 161.005003 -8.286131 3.762808 -83.129784 
-2.117960 100.522459 -51.519501 -12.059044 4.114074 0.717706 -1.638971 7.399193 4.985687 23.919579 -20.637466 -1.532887 -3.996823 9.658684 -3.729268 -0.000000 0.000000 0.000000 10.081238 -5.564205 3.821893 10.109072 11.078754 -1.588239 -7.490026 -12.358327 2.406518 -0.000000 0.000000 0.000000 15.897574 0.410495 5.702893 7.646564 -5.103206 5.213092 6.163938 -1.254560 5.236521 11.261286 -8.847945 4.360201 -11.961511 0.764003 12.445514 -0.000000 0.000000 0.000000 1.117776 -2.709385 -22.000052 28.908394 -5.326796 -33.862051 -43.737062 -71.085193 -73.228959 -28.332505 2.601270 56.642364 4.948481 5.025649 11.286823 30.376068 2.415267 21.612795 -130.126601 73.174454 160.396880 -8.467454 3.511473 -82.923737 
-2.167780 100.536561 -51.461697 -12.056394 4.156702 0.752512 -1.704104 7.313870 4.937425 24.085279 -20.636429 -1.463279 -3.894707 9.709474 -3.749062 -0.000000 0.000000 0.000000 10.039248 -5.647370 3.812297 10.222188 10.995133 -1.569231 -7.462436 -12.286852 2.444875 -0.000000 0.000000 0.000000 16.003711 0.484880 5.645683 7.478456 -5.088125 5.152012 6.171464 -1.249646 5.278640 11.116418 -8.971891 4.419367 -12.046933 0.600126 12.576566 -0.000000 0.000000 0.000000 1.108730 -2.689236 -21.941097 28.967663 -5.279748 -33.923931 -43.916395 -71.164786 -73.446602 -28.306485 2.581814 56.675835 4.927461 5.060844 11.239851 30.394804 2.348838 21.777545 -129.886136 73.270556 160.190894 -8.472908 3.394592 -82.870549 
-2.245480 100.516570 -51.412499 -12.068593 4.060376 0.734281 -1.676473 7.316383 5.007343 24.134804 -20.624870 -1.465526 -3.951187 9.731301 -3.779928 -0.000000 0.000000 0.000000 9.996620 -5.667216 3.916089 10.389912 10.961316 -1.649075 -7.550479 -12.198430 2.362546 -0.000000 0.000000 0.000000 16.100878 0.533289 5.593859 7.425109 -5.013921 5.052981 6.128716 -1.193450 5.302913 11.027048 -9.064303 4.402958 -12.205992 0.501346 12.711899 -0.000000 0.000000 0.000000 1.068638 -2.681524 -21.914214 29.007330 -5.256246 -33.911279 -44.117987 -71.062401 -73.704593 -28.506536 2.294377 56.658613 4.994009 5.189887 11.222458 30.414581 2.297694 21.850723 -129.206601 73.325288 159.681019 -8.469189 3.664839 -83.139375 
-2.325960 100.487363 -51.349300 -12.053268 3.957609 0.667146 -1.665459 7.382383 5.173303 24.142089 -20.657407 -1.510606 -4.030508 9.714266 -3.817934 -0.000000 0.000000 0.000000 9.947794 -5.641751 4.057464 10.545287 11.009342 -1.713073 -7.663295 -12.180215 2.260039 -0.000000 0.000000 0.000000 16.079708 0.525296 5.549379 7.483576 -4.944771 5.036423 6.024280 -1.125114 5.303191 11.125058 -9.137811 4.307272 -12.251255 0.544341 12.760250 -0.000000 0.000000 0.000000 1.006797 -2.736066 -22.063186 29.078857 -5.162923 -33.794509 -44.265200 -70.938072 -73.825259 -28.532016 2.287731 56.625323 5.075369 5.363084 11.311435 30.473556 2.131217 21.686124 -129.092050 73.183537 159.656122 -8.529733 3.546544 -83.226447 
-2.388040 100.473559 -51.290900 -12.014991 3.898664 0.644572 -1.711015 7.388728 5.238999 24.206485 -20.708966 -1.514840 -4.048162 9.749705 -3.805015 -0.000000 0.000000 0.000000 9.892624 -5.604634 4.097393 10.632405 11.035890 -1.694276 -7.722949 -12.166090 2.199113 -0.000000 0.000000 0.000000 16.000959 0.490686 5.502597 7.515049 -4.935485 5.013496 5.973158 -1.107397 5.272997 11.358868 -9.088400 4.216010 -12.275803 0.648314 12.743094 -0.000000 0.000000 0.000000 0.998590 -2.790092 -22.111072 29.096027 -5.120091 -33.793586 -44.073682 -71.064380 -73.564295 -28.333140 2.546356 56.809646 5.111170 5.481045 11.282122 30.417631 2.213668 21.675863 -128.931443 73.219261 159.634578 -8.623800 3.499882 -83.286931 
-2.446350 100.478160 -51.257402 -12.055371 3.899617 0.645488 -1.713370 7.351402 5.254560 24.321246 -20.737983 -1.459137 -4.001038 9.789313 -3.845829 -0.000000 0.000000 0.000000 10.009018 -5.504989 4.155035 10.543640 11.070109 -1.684043 -7.704372 -12.257780 2.170888 -0.000000 0.000000 0.000000 16.086441 0.452787 5.498509 7.468688 -4.954043 4.963484 5.960205 -1.108469 5.260223 11.484004 -9.046756 4.068790 -12.296519 0.717576 12.741968 -0.000000 0.000000 0.000000 0.947625 -2.799111 -22.052945 29.154095 -5.110901 -33.748932 -44.095426 -71.169602 -73.678675 -28.318149 2.534465 56.802647 5.074840 5.531969 11.239357 30.434918 2.272902 21.664601 -128.728656 73.235223 159.531238 -8.623695 3.492558 -83.300988 
-2.514000 100.484562 -51.241696 -12.062533 3.873629 0.650516 -1.733812 7.319024 5.257707 24.395359 -20.725467 -1.408866 -3.959924 9.828509 -3.867305 -0.000000 0.000000 0.000000 10.083191 -5.483185 4.208084 10.451965 11.112807 -1.698870 -7.685523 -12.302242 2.143667 -0.000000 0.000000 0.000000 16.165467 0.461601 5.492273 7.423645 -4.970050 4.927655 5.952417 -1.083614 5.259972 11.536069 -9.036061 3.865055 -12.364810 0.763700 12.780790 -0.000000 0.000000 0.000000 0.863400 -2.827983 -21.971399 29.250222 -5.107276 -33.713601 -44.394297 -71.025519 -74.104743 -28.518467 2.394840 56.852682 5.043141 5.559381 11.183768 30.493370 2.241629 21.749923 -128.663019 73.191734 159.457596 -8.570663 3.376836 -83.248301 
-2.589220 100.489056 -51.242596 -11.989074 3.783644 0.647121 -1.788485 7.302285 5.248488 24.380996 -20.689483 -1.350919 -3.925446 9.861511 -3.873416 -0.000000 0.000000 0.000000 9.978801 -5.538106 4.231737 10.478123 11.107723 -1.712499 -7.673626 -12.199676 2.153956 -0.000000 0.000000 0.000000 16.144469 0.506979 5.463175 7.436044 -4.939785 4.912281 5.926736 -1.058558 5.266597 11.568799 -9.034096 3.761977 -12.418670 0.806222 12.812482 -0.000000 0.000000 0.000000 0.838744 -2.845005 -21.961651 29.284847 -5.133919 -33.734688 -44.536536 -70.999113 -74.214711 -28.591980 2.388391 56.963223 5.090484 5.586707 11.196579 30.497417 2.190260 21.847161 -128.441660 73.215135 159.232277 -8.566951 3.367247 -83.313813 
-2.656720 100.490856 -51.244098 -11.923531 3.703475 0.646612 -1.808181 7.290853 5.238596 24.316118 -20.657998 -1.323125 -3.913180 9.921284 -3.876744 -0.000000 0.000000 0.000000 9.875058 -5.564441 4.243930 10.526524 11.116030 -1.716708 -7.671554 -12.128608 2.168851 -0.000000 0.000000 0.000000 16.115846 0.531944 5.435232 7.471197 -4.895448 4.908970 5.899009 -1.058385 5.281555 11.583515 -9.056656 3.764486 -12.414340 0.894201 12.818921 -0.000000 0.000000 0.000000 0.834851 -2.788345 -22.033868 29.277329 -5.117706 -33.698136 -44.604965 -71.087441 -74.229678 -28.523197 2.423815 56.978945 5.110593 5.577728 11.281701 30.480725 2.117598 21.732920 -128.264644 73.201103 159.091050 -8.603878 3.435707 -83.276684 
-2.734120 100.492060 -51.234597 -11.914908 3.663640 0.659039 -1.741716 7.270385 5.242333 24.203167 -20.631616 -1.321932 -3.909846 9.979168 -3.887127 -0.000000 0.000000 0.000000 9.894075 -5.539503 4.273512 10.479738 11.137855 -1.706596 -7.668122 -12.129152 2.167235 -0.000000 0.000000 0.000000 16.134412 0.535618 5.414252 7.440448 -4.880880 4.894326 5.887793 -1.054749 5.304065 11.715987 -9.076229 3.782738 -12.389005 0.985054 12.874079 -0.000000 0.000000 0.000000 0.833387 -2.744138 -22.040235 29.280680 -5.100562 -33.678604 -44.653217 -71.050283 -74.312795 -28.595545 2.350145 56.862893 5.103527 5.550789 11.282634 30.488001 2.110098 21.716699 -128.179320 73.201576 159.024508 -8.560682 3.381765 -83.266189 
-2.800410 100.492656 -51.229995 -11.917188 3.675740 0.668696 -1.720554 7.207932 5.254746 24.165297 -20.636686 -1.329071 -3.899569 10.038805 -3.856793 -0.000000 0.000000 0.000000 9.930432 -5.485163 4.313959 10.427558 11.148589 -1.693156 -7.671930 -12.194913 2.120267 -0.000000 0.000000 0.000000 16.117986 0.522528 5.448308 7.414919 -4.902896 4.903520 5.927072 -1.059792 5.308816 11.807096 -9.088503 3.778706 -12.332999 1.040440 12.910967 -0.000000 0.000000 0.000000 0.803622 -2.762082 -21.989633 29.288942 -5.158966 -33.766004 -44.518260 -71.027663 -74.175901 -28.517272 2.519019 57.039480 5.086367 5.556687 11.185135 30.486722 2.158452 21.782928 -128.228560 73.184092 159.043287 -8.581776 3.300443 -83.234350 
-2.871850 100.489569 -51.221001 -11.951165 3.720862 0.699095 -1.714765 7.199153 5.285982 24.201504 -20.664592 -1.321773 -3.884223 10.013339 -3.892526 -0.000000 0.000000 0.000000 9.993227 -5.481458 4.344780 10.400473 11.149596 -1.680547 -7.697934 -12.243782 2.086168 -0.000000 0.000000 0.000000 16.098439 0.509767 5.444848 7.480532 -4.936556 4.946018 5.930009 -1.087766 5.311856 11.790796 -9.057493 3.831174 -12.278671 1.028535 12.890656 -0.000000 0.000000 0.000000 0.800168 -2.786157 -22.004334 29.278841 -5.182461 -33.754232 -44.448015 -71.047532 -74.097965 -28.500190 2.473512 57.023366 5.050362 5.545648 11.194184 30.458611 2.158919 21.678983 -128.382870 73.185327 159.175808 -8.624718 3.311599 -83.074005 
-2.955020 100.476563 -51.214403 -12.011693 3.757134 0.729639 -1.707424 7.241145 5.350804 24.270922 -20.709254 -1.318988 -3.884428 9.943521 -3.947765 -0.000000 0.000000 0.000000 10.063070 -5.578810 4.351829 10.405297 11.130702 -1.644520 -7.745806 -12.178881 2.065786 -0.000000 0.000000 0.000000 16.097790 0.524865 5.433248 7.570455 -4.976842 4.989217 5.936326 -1.093211 5.312438 11.718712 -9.010311 3.901147 -12.283086 0.868024 12.891175 -0.000000 0.000000 0.000000 0.818670 -2.868352 -21.990758 29.234568 -5.241330 -33.783316 -44.309053 -70.973099 -73.963620 -28.639097 2.273419 57.004970 5.077068 5.574365 11.179808 30.441016 2.160545 21.705394 -128.593241 73.150520 159.324721 -8.705032 3.338198 -83.151196 
-3.034230 100.461566 -51.216799 -12.093656 3.783932 0.745852 -1.702468 7.308171 5.433782 24.369044 -20.751086 -1.314639 -3.886090 9.871652 -3.987891 -0.000000 0.000000 0.000000 10.124332 -5.616693 4.379707 10.459042 11.131649 -1.618250 -7.800012 -12.158987 2.030077 -0.000000 0.000000 0.000000 16.159033 0.518822 5.469469 7.581287 -4.977981 4.993746 5.955390 -1.085429 5.311781 11.644386 -9.031457 3.971182 -12.206302 0.800294 12.891443 -0.000000 0.000000 0.000000 0.817027 -2.922800 -21.977721 29.199737 -5.299279 -33.827172 -44.137786 -70.925067 -73.755768 -28.669333 2.251846 57.063063 5.063895 5.589270 11.142002 30.431070 2.161574 21.692870 -128.743483 73.092161 159.498799 -8.719061 3.347440 -83.219032 
-3.111080 100.449157 -51.202500 -12.161052 3.842474 0.776356 -1.678988 7.354775 5.500875 24.421701 -20.806319 -1.318889 -3.886281 9.809568 -4.022165 -0.000000 0.000000 0.000000 10.211940 -5.622526 4.425202 10.467950 11.162485 -1.609432 -7.854977 -12.234277 1.957537 -0.000000 0.000000 0.000000 16.147391 0.495487 5.469073 7.588558 -4.989784 5.015565 5.997085 -1.102583 5.314068 11.604688 -9.048881 4.062523 -12.042575 0.788613 12.853279 -0.000000 0.000000 0.000000 0.823312 -2.926111 -22.020913 29.165867 -5.291231 -33.815283 -44.080839 -70.931610 -73.676517 -28.607415 2.290902 57.054197 5.038372 5.601226 11.160761 30.420581 2.154445 21.572590 -128.853863 73.091409 159.606817 -8.729540 3.356491 -83.102452 
-3.193150 100.441563 -51.174599 -12.237463 3.884567 0.817817 -1.601139 7.349446 5.542275 24.424523 -20.861615 -1.337298 -3.875913 9.800788 -4.043356 -0.000000 0.000000 0.000000 10.365574 -5.616634 4.462649 10.390773 11.190671 -1.602796 -7.887080 -12.297150 1.899354 -0.000000 0.000000 0.000000 16.099001 0.493413 5.450474 7.623699 -4.987362 5.028140 6.051119 -1.113902 5.304865 11.555993 -9.008767 4.180009 -11.929066 0.739637 12.794842 -0.000000 0.000000 0.000000 0.884740 -2.937253 -22.009224 29.087458 -5.345142 -33.846125 -44.030682 -70.919076 -73.576395 -28.697570 2.241124 57.052251 5.033330 5.580248 11.139795 30.404122 2.259716 21.590445 -128.847253 73.134443 159.570742 -8.824414 3.407031 -83.165845 
-3.274590 100.433660 -51.150298 -12.324080 3.933607 0.837484 -1.538887 7.296187 5.598612 24.470756 -20.933856 -1.351668 -3.854848 9.823807 -4.071039 -0.000000 0.000000 0.000000 10.512805 -5.590114 4.515977 10.335424 11.244353 -1.574262 -7.914400 -12.405290 1.843259 -0.000000 0.000000 0.000000 16.078617 0.505092 5.446570 7.669743 -4.981922 5.063354 6.093495 -1.113037 5.301241 11.404625 -9.024188 4.281419 -11.807075 0.691811 12.729760 -0.000000 0.000000 0.000000 0.898784 -2.942767 -22.043341 29.030187 -5.410524 -33.825148 -43.994339 -70.895779 -73.487627 -28.741632 2.125581 57.030533 5.002610 5.536807 11.162503 30.440963 2.249152 21.516320 -129.070654 73.072726 159.724024 -8.819879 3.402661 -83.138205 
-3.334690 100.424457 -51.134598 -12.391700 3.986951 0.853083 -1.503144 7.245870 5.635864 24.529954 -20.989495 -1.342177 -3.851919 9.839340 -4.083361 -0.000000 0.000000 0.000000 10.610709 -5.606006 4.561057 10.322816 11.260972 -1.555511 -7.954897 -12.455999 1.802332 -0.000000 0.000000 0.000000 16.074399 0.523278 5.442703 7.695766 -4.978695 5.087817 6.135121 -1.122770 5.303470 11.265051 -9.032640 4.363205 -11.718652 0.650722 12.695821 -0.000000 0.000000 0.000000 0.917240 -2.952317 -22.064162 28.973879 -5.451139 -33.846743 -43.945465 -70.865898 -73.373187 -28.774569 2.090728 57.008432 4.981165 5.521896 11.176878 30.455914 2.231007 21.476293 -129.338080 73.065904 159.917205 -8.847141 3.356912 -83.041229 
-3.335480 100.423467 -51.133901 -12.392338 3.987858 0.852047 -1.502556 7.245890 5.636399 24.531129 -20.990013 -1.341927 -3.853072 9.840139 -4.082545 -0.000000 0.000000 0.000000 10.610790 -5.606368 4.561524 10.323695 11.261068 -1.555386 -7.955164 -12.456048 1.801916 -0.000000 0.000000 0.000000 16.074381 0.524739 5.443836 7.696262 -4.978975 5.088821 6.135314 -1.123390 5.303988 11.264274 -9.033368 4.364213 -11.718312 0.650654 12.695542 -0.000000 0.000000 0.000000 0.917385 -2.952696 -22.064964 28.973828 -5.450787 -33.847078 -43.945300 -70.866157 -73.372651 -28.774813 2.090424 57.009010 4.981134 5.522034 11.177180 30.456800 2.230212 21.476963 -129.336522 73.066649 159.915389 -8.847679 3.357170 -83.041249 
-3.335550 100.424063 -51.134300 -12.392354 3.988172 0.850832 -1.502896 7.245845 5.636478 24.531224 -20.990019 -1.341936 -3.854260 9.839444 -4.082985 -0.000000 0.000000 0.000000 10.612301 -5.606421 4.561543 10.322148 11.260947 -1.555172 -7.955198 -12.456143 1.801876 -0.000000 0.000000 0.000000 16.074337 0.524465 5.445442 7.696258 -4.978802 5.088131 6.135289 -1.122873 5.304434 11.263932 -9.032956 4.364142 -11.718316 0.650573 12.695934 -0.000000 0.000000 0.000000 0.917446 -2.952749 -22.064567 28.973925 -5.450718 -33.847244 -43.945575 -70.866423 -73.372741 -28.774751 2.090694 57.008700 4.981195 5.522106 11.176881 30.456749 2.228886 21.477951 -129.336547 73.066643 159.915304 -8.847717 3.357459 -83.041302 
-3.335580 100.424266 -51.134396 -12.392321 3.988313 0.850327 -1.502930 7.245841 5.636488 24.531225 -20.990116 -1.341926 -3.854716 9.839228 -4.083111 -0.000000 0.000000 0.000000 10.613007 -5.606454 4.561543 10.321429 11.260984 -1.555075 -7.955226 -12.456137 1.801845 -0.000000 0.000000 0.000000 16.074447 0.524472 5.446122 7.696257 -4.978767 5.087932 6.135281 -1.122740 5.304563 11.263951 -9.032920 4.364272 -11.718315 0.650542 12.696031 -0.000000 0.000000 0.000000 0.917464 -2.952797 -22.064465 28.973995 -5.450512 -33.847430 -43.945794 -70.866738 -73.372981 -28.774781 2.090869 57.008660 4.981214 5.522150 11.176781 30.456740 2.228500 21.478246 -129.336372 73.066586 159.915115 -8.847765 3.357588 -83.041393 
-3.668290 100.338459 -51.038998 -12.928647 4.462965 0.750856 -1.404768 7.652874 6.176979 25.131089 -22.068346 -1.107118 -4.019178 10.003897 -3.978281 -0.000000 0.000000 0.000000 11.412801 -6.036315 5.059921 10.201338 12.267061 -1.414424 -8.109427 -13.408667 0.906095 -0.000000 0.000000 0.000000 16.136207 0.231801 6.122161 9.076863 -5.049513 4.816802 5.324082 -1.807141 5.337061 10.774719 -13.179649 3.850387 -11.478994 4.840649 14.135644 -0.000000 0.000000 0.000000 3.076305 -4.582377 -23.606303 27.590009 -2.434359 -33.727177 -46.010756 -72.704407 -74.496087 -29.085394 1.867910 56.329844 5.360800 7.166664 10.383722 29.588233 1.318862 22.722327 -128.917934 72.867826 159.824254 -7.981002 3.186704 -82.554250 
-3.742620 100.327659 -51.034200 -12.999029 4.547573 0.751699 -1.408933 7.633421 6.245432 25.224966 -22.195217 -1.084041 -4.024686 10.052321 -4.005572 -0.000000 0.000000 0.000000 11.526882 -6.069078 5.143977 10.172788 12.267370 -1.416789 -8.132787 -13.439873 0.872800 -0.000000 0.000000 0.000000 16.243886 0.206631 6.134038 9.061080 -5.090285 4.811379 5.376501 -1.823871 5.390089 10.662075 -13.351736 3.767487 -11.379544 5.092351 14.326450 -0.000000 0.000000 0.000000 2.655357 -4.441197 -23.658542 27.887237 -2.396007 -33.693114 -45.975159 -72.678729 -74.579549 -29.053947 1.884277 56.441662 5.144542 7.218129 10.373630 29.678830 1.203183 22.630814 -128.953315 72.766453 159.912308 -7.869646 3.079777 -82.439938 
-3.813660 100.316763 -51.014197 -13.061850 4.593567 0.757900 -1.374086 7.611337 6.295668 25.278007 -22.251980 -1.067249 -4.029651 10.053636 -4.008391 -0.000000 0.000000 0.000000 11.618034 -6.101343 5.183513 10.158194 12.250677 -1.384569 -8.149009 -13.419975 0.850036 -0.000000 0.000000 0.000000 16.247840 0.203090 6.128737 9.171853 -5.115728 4.829697 5.381459 -1.827908 5.384829 10.658912 -13.329060 3.814055 -11.306230 5.083496 14.314757 -0.000000 0.000000 0.000000 2.664658 -4.505743 -23.622688 27.839562 -2.459251 -33.762443 -45.801116 -72.664380 -74.331144 -29.130180 1.781947 56.418696 5.136277 7.262503 10.317076 29.642632 1.248899 22.708824 -128.936186 72.800706 159.804146 -7.939445 3.143396 -82.370876 
-3.879990 100.309658 -51.006502 -13.108624 4.573372 0.755898 -1.345246 7.598339 6.323525 25.327267 -22.266484 -1.056748 -4.029679 10.086847 -4.019066 -0.000000 0.000000 0.000000 11.653291 -6.116999 5.200408 10.196171 12.253307 -1.367260 -8.175100 -13.383647 0.848455 -0.000000 0.000000 0.000000 16.280685 0.221040 6.123507 9.243304 -5.105383 4.839858 5.400782 -1.815711 5.358604 10.624194 -13.276451 3.834858 -11.255596 5.030457 14.266985 -0.000000 0.000000 0.000000 2.696540 -4.562336 -23.596492 27.773735 -2.525967 -33.740158 -45.735332 -72.670562 -74.236144 -29.151210 1.785907 56.463327 5.152575 7.264151 10.313687 29.628009 1.285441 22.739922 -129.061314 72.828116 159.913155 -7.933356 3.197242 -82.498210 
-3.938360 100.306058 -51.001400 -13.165761 4.552679 0.755960 -1.334312 7.627437 6.374477 25.411908 -22.264279 -1.025806 -4.022072 10.073246 -4.049930 -0.000000 0.000000 0.000000 11.734175 -6.112346 5.253038 10.184552 12.279779 -1.370425 -8.172763 -13.384008 0.846323 -0.000000 0.000000 0.000000 16.354963 0.219213 6.124429 9.303983 -5.099343 4.850186 5.409476 -1.808479 5.366815 10.547177 -13.275873 3.772063 -11.236151 5.019064 14.235198 -0.000000 0.000000 0.000000 2.636538 -4.557339 -23.608359 27.775833 -2.502631 -33.746233 -45.798351 -72.720164 -74.275766 -29.046164 1.876854 56.513573 5.129272 7.283432 10.316127 29.632876 1.214651 22.634042 -129.300384 72.730040 160.170381 -7.943963 3.155348 -82.443924 
-3.985310 100.304365 -50.992197 -13.195462 4.565838 0.763502 -1.350229 7.632162 6.414485 25.483331 -22.281169 -1.007543 -4.001994 10.058207 -4.066317 -0.000000 0.000000 0.000000 11.794345 -6.123040 5.295688 10.146856 12.278004 -1.362055 -8.170986 -13.380477 0.833714 -0.000000 0.000000 0.000000 16.379249 0.211587 6.114246 9.366596 -5.118442 4.869151 5.419493 -1.808958 5.365276 10.527126 -13.260962 3.758476 -11.195424 4.997930 14.220399 -0.000000 0.000000 0.000000 2.621694 -4.557624 -23.593325 27.760079 -2.522050 -33.767774 -45.855186 -72.723509 -74.320495 -29.109156 1.857823 56.516746 5.105081 7.293985 10.319914 29.607379 1.238037 22.630249 -129.340787 72.771066 160.168095 -7.919350 3.143003 -82.421865 
-4.028850 100.303257 -50.986302 -13.217651 4.559970 0.766702 -1.354660 7.627096 6.427734 25.534567 -22.304733 -0.987366 -3.981008 10.062477 -4.083522 -0.000000 0.000000 0.000000 11.798792 -6.138659 5.312411 10.182391 12.280133 -1.369831 -8.190496 -13.367051 0.817578 -0.000000 0.000000 0.000000 16.407355 0.226255 6.088549 9.390080 -5.115337 4.872763 5.451658 -1.809150 5.355244 10.505218 -13.230240 3.801710 -11.112304 4.931268 14.200506 -0.000000 0.000000 0.000000 2.648771 -4.578619 -23.550837 27.701906 -2.588116 -33.784437 -45.806692 -72.693396 -74.260412 -29.221892 1.784759 56.554614 5.109068 7.269899 10.324660 29.597473 1.281609 22.700783 -129.358284 72.818230 160.148722 -7.974786 3.198741 -82.490070 
-4.057970 100.302362 -50.983101 -13.243055 4.542865 0.765852 -1.330065 7.601276 6.440282 25.547057 -22.311983 -0.980110 -3.972006 10.084493 -4.105923 -0.000000 0.000000 0.000000 11.840277 -6.105937 5.346838 10.185051 12.307021 -1.379692 -8.199514 -13.407221 0.805425 -0.000000 0.000000 0.000000 16.441861 0.228505 6.078810 9.437006 -5.107656 4.883497 5.462652 -1.813910 5.353054 10.458148 -13.259520 3.810806 -11.091863 4.926988 14.184106 -0.000000 0.000000 0.000000 2.644914 -4.580265 -23.577451 27.693485 -2.586443 -33.819333 -45.806381 -72.727042 -74.168437 -29.136840 1.828505 56.632518 5.073371 7.263511 10.331742 29.620055 1.246785 22.652910 -129.534520 72.742248 160.286667 -7.985998 3.123740 -82.421294 
-4.075180 100.301564 -50.970101 -13.259148 4.542883 0.773061 -1.298796 7.589847 6.444608 25.537547 -22.312900 -0.982784 -3.971253 10.087399 -4.107843 -0.000000 0.000000 0.000000 11.850304 -6.098391 5.353078 10.204598 12.310244 -1.385016 -8.206986 -13.420867 0.794614 -0.000000 0.000000 0.000000 16.436089 0.224856 6.066849 9.486460 -5.116389 4.894474 5.468839 -1.821449 5.351266 10.439155 -13.253631 3.822575 -11.080927 4.925088 14.169080 -0.000000 0.000000 0.000000 2.646699 -4.582803 -23.592037 27.685488 -2.580473 -33.818275 -45.860088 -72.745421 -74.192505 -29.094136 1.847559 56.654910 5.061594 7.262523 10.336554 29.604728 1.250229 22.657511 -129.548572 72.746206 160.234822 -7.987334 3.077561 -82.359738 
-4.089270 100.300968 -50.959098 -13.266905 4.544424 0.786833 -1.271406 7.578128 6.439226 25.516952 -22.321158 -0.986967 -3.970714 10.098061 -4.102932 -0.000000 0.000000 0.000000 11.842309 -6.098885 5.349831 10.234286 12.306666 -1.390007 -8.215074 -13.425288 0.789806 -0.000000 0.000000 0.000000 16.422451 0.225372 6.052248 9.512911 -5.123078 4.900162 5.481151 -1.826466 5.346604 10.422710 -13.232943 3.834152 -11.050159 4.906076 14.154619 -0.000000 0.000000 0.000000 2.649745 -4.583111 -23.584662 27.674416 -2.598800 -33.818706 -45.827233 -72.758119 -74.154725 -29.091740 1.857102 56.666647 5.052946 7.251838 10.350412 29.594277 1.268282 22.680680 -129.578153 72.782060 160.223503 -7.995079 3.080508 -82.339980 
-4.102700 100.300360 -50.938201 -13.320069 4.557554 0.822815 -1.173083 7.491816 6.407709 25.476809 -22.344246 -1.019321 -3.952316 10.168374 -4.109617 -0.000000 0.000000 0.000000 11.940133 -6.031287 5.359827 10.209484 12.338270 -1.410187 -8.244080 -13.532709 0.749293 -0.000000 0.000000 0.000000 16.392402 0.217433 6.015192 9.594749 -5.124335 4.934780 5.556552 -1.838637 5.319440 10.260603 -13.146674 3.829734 -10.927220 4.840106 14.034208 -0.000000 0.000000 0.000000 2.668320 -4.567408 -23.556000 27.592903 -2.687555 -33.812684 -45.779308 -72.755080 -74.033389 -29.132402 1.864701 56.647735 4.989670 7.168547 10.410724 29.608231 1.340996 22.640745 -129.925167 72.810493 160.431428 -8.051872 3.075093 -82.246386 
-4.104290 100.301456 -50.922000 -13.352085 4.574137 0.847759 -1.131430 7.481388 6.394284 25.482365 -22.343096 -1.017617 -3.935565 10.146285 -4.128387 -0.000000 0.000000 0.000000 11.997168 -6.028024 5.352414 10.179018 12.351562 -1.414187 -8.240828 -13.564903 0.741276 -0.000000 0.000000 0.000000 16.369398 0.221321 6.009310 9.654627 -5.133256 4.948173 5.569785 -1.837952 5.309169 10.191222 -13.098535 3.819937 -10.918952 4.843302 13.986995 -0.000000 0.000000 0.000000 2.683298 -4.589814 -23.542062 27.564817 -2.721234 -33.816758 -45.823518 -72.760693 -74.039635 -29.160598 1.839015 56.681838 4.980412 7.162252 10.420782 29.601158 1.367663 22.678011 -129.938471 72.836073 160.343468 -8.064216 3.045466 -82.188526 
-4.104680 100.306761 -50.903100 -13.392003 4.593239 0.880457 -1.080427 7.473533 6.367564 25.490639 -22.363892 -1.004708 -3.912667 10.139978 -4.139377 -0.000000 0.000000 0.000000 12.072929 -6.032428 5.326766 10.135042 12.370331 -1.407947 -8.235244 -13.592459 0.735295 -0.000000 0.000000 0.000000 16.342787 0.225132 6.010958 9.681426 -5.130861 4.950407 5.617384 -1.834213 5.287884 10.116545 -13.028363 3.820007 -10.828913 4.818636 13.930254 -0.000000 0.000000 0.000000 2.693377 -4.603579 -23.490529 27.510606 -2.789665 -33.822694 -45.671650 -72.779244 -73.872924 -29.170105 1.838611 56.719536 4.981653 7.140141 10.434525 29.601386 1.416582 22.729413 -130.011060 72.887122 160.337497 -8.089416 3.073431 -82.225898 
-4.104990 100.312364 -50.886697 -13.435216 4.585649 0.903427 -1.006712 7.456602 6.342926 25.471506 -22.359135 -1.015186 -3.899582 10.158832 -4.159599 -0.000000 0.000000 0.000000 12.178613 -6.006553 5.314659 10.064360 12.397173 -1.418898 -8.221394 -13.627083 0.739562 -0.000000 0.000000 0.000000 16.343401 0.218683 6.027071 9.658798 -5.131369 4.945250 5.657841 -1.825629 5.274744 10.088854 -13.028919 3.786947 -10.739169 4.823600 13.876158 -0.000000 0.000000 0.000000 2.638534 -4.554080 -23.487081 27.532143 -2.822108 -33.808248 -45.702717 -72.728277 -73.894475 -29.184797 1.851973 56.705566 4.927882 7.113677 10.443460 29.639888 1.450463 22.634804 -129.967673 72.827048 160.330896 -8.118443 3.016389 -82.222252 
-4.105250 100.316763 -50.865299 -13.473201 4.558049 0.931217 -0.921250 7.460499 6.316427 25.429952 -22.353225 -1.034603 -3.891602 10.169812 -4.165581 -0.000000 0.000000 0.000000 12.227503 -6.011545 5.290587 10.065115 12.412973 -1.438579 -8.223433 -13.622514 0.743067 -0.000000 0.000000 0.000000 16.306848 0.210437 6.034630 9.677515 -5.127286 4.923295 5.689129 -1.817938 5.253897 10.072553 -13.015357 3.777254 -10.714186 4.833758 13.830684 -0.000000 0.000000 0.000000 2.619252 -4.525512 -23.470948 27.534037 -2.815791 -33.810709 -45.778691 -72.750460 -73.929538 -29.225201 1.880479 56.679436 4.901770 7.126255 10.406110 29.623003 1.528572 22.654698 -129.926435 72.876761 160.297499 -8.164840 2.997752 -82.167404 
-4.105510 100.319767 -50.849199 -13.515082 4.502693 0.956347 -0.823281 7.455971 6.287554 25.376820 -22.343412 -1.060604 -3.884756 10.191495 -4.173485 -0.000000 0.000000 0.000000 12.303259 -6.003236 5.263825 10.051562 12.435340 -1.454129 -8.225109 -13.609952 0.746637 -0.000000 0.000000 0.000000 16.285260 0.223595 6.043043 9.715097 -5.098620 4.899891 5.719236 -1.796922 5.231657 9.991950 -12.979029 3.779605 -10.685298 4.794248 13.799771 -0.000000 0.000000 0.000000 2.597040 -4.519278 -23.422819 27.510387 -2.848715 -33.834781 -45.715847 -72.784619 -73.817261 -29.156415 1.936311 56.735915 4.901976 7.138317 10.387138 29.629421 1.577008 22.746500 -129.790235 72.913790 160.138173 -8.172586 3.040999 -82.236753 
-4.105810 100.323856 -50.844997 -13.553281 4.465700 0.974783 -0.761492 7.431367 6.269849 25.363422 -22.332243 -1.085558 -3.861500 10.216418 -4.191433 -0.000000 0.000000 0.000000 12.344435 -5.983287 5.245308 10.049260 12.473669 -1.468343 -8.226828 -13.637837 0.744359 -0.000000 0.000000 0.000000 16.274278 0.241297 6.052311 9.759213 -5.078402 4.918960 5.737987 -1.779917 5.223967 9.895754 -12.965708 3.772453 -10.621660 4.757926 13.773288 -0.000000 0.000000 0.000000 2.549076 -4.512667 -23.433246 27.503186 -2.887784 -33.817768 -45.725273 -72.750413 -73.819016 -29.103152 1.922985 56.780820 4.884994 7.137537 10.423455 29.670808 1.547948 22.665020 -129.894020 72.837351 160.222710 -8.188648 3.010924 -82.274482 
-4.106190 100.325358 -50.845295 -13.572210 4.469145 0.991456 -0.759279 7.427327 6.263680 25.392852 -22.336176 -1.088258 -3.842862 10.209176 -4.203703 -0.000000 0.000000 0.000000 12.369068 -5.993873 5.232913 10.037753 12.479644 -1.464922 -8.213095 -13.636819 0.748951 -0.000000 0.000000 0.000000 16.273333 0.251306 6.060478 9.773065 -5.082961 4.933072 5.754187 -1.780582 5.223767 9.873079 -12.961688 3.799034 -10.606077 4.745093 13.768832 -0.000000 0.000000 0.000000 2.554087 -4.521079 -23.432191 27.472796 -2.902497 -33.832087 -45.705891 -72.736809 -73.776712 -29.144591 1.911027 56.743296 4.876309 7.133901 10.415748 29.654779 1.566229 22.643433 -130.020098 72.848844 160.347080 -8.216756 2.984658 -82.268784 
-4.106690 100.326765 -50.846100 -13.618795 4.489249 1.030614 -0.743952 7.419583 6.231889 25.449492 -22.343265 -1.084885 -3.803301 10.188911 -4.220999 -0.000000 0.000000 0.000000 12.428721 -6.016376 5.199559 10.018818 12.476568 -1.459287 -8.224715 -13.648829 0.741038 -0.000000 0.000000 0.000000 16.305235 0.262725 6.068629 9.806853 -5.091495 4.942175 5.781485 -1.783804 5.224522 9.816984 -12.980158 3.915765 -10.592763 4.677577 13.783953 -0.000000 0.000000 0.000000 2.614030 -4.568033 -23.395318 27.390910 -2.952615 -33.874926 -45.585339 -72.732643 -73.610090 -29.176841 1.871940 56.746446 4.879519 7.114110 10.371201 29.635161 1.601114 22.784799 -130.023451 72.902729 160.246123 -8.258926 3.007525 -82.215089 
-4.107360 100.328064 -50.847000 -13.641349 4.500526 1.050550 -0.738861 7.416327 6.219337 25.468092 -22.352399 -1.086345 -3.788246 10.185767 -4.223171 -0.000000 0.000000 0.000000 12.443088 -6.007984 5.190363 10.030783 12.494785 -1.464676 -8.231412 -13.693205 0.728551 -0.000000 0.000000 0.000000 16.321721 0.267798 6.080773 9.851817 -5.089441 4.973170 5.797422 -1.798348 5.225927 9.797456 -13.029530 4.011892 -10.541597 4.628195 13.805164 -0.000000 0.000000 0.000000 2.644597 -4.582682 -23.449574 27.347099 -2.959500 -33.835054 -45.678096 -72.700566 -73.660441 -29.144527 1.855139 56.735322 4.881384 7.088288 10.421368 29.640402 1.565864 22.692317 -130.124385 72.831773 160.310980 -8.229577 2.999549 -82.215941 
-4.113450 100.329363 -50.848597 -13.660679 4.521021 1.071547 -0.699311 7.417649 6.211513 25.429736 -22.357073 -1.091077 -3.794615 10.163036 -4.221527 -0.000000 0.000000 0.000000 12.460886 -6.025108 5.174941 10.036555 12.474079 -1.455891 -8.234841 -13.689266 0.727956 -0.000000 0.000000 0.000000 16.312593 0.265154 6.082599 9.922480 -5.101090 4.999186 5.803047 -1.808546 5.225525 9.840175 -13.048373 4.136621 -10.488062 4.601244 13.822150 -0.000000 0.000000 0.000000 2.688233 -4.617278 -23.465816 27.282630 -2.977382 -33.865033 -45.571218 -72.691141 -73.483989 -29.128947 1.817175 56.724676 4.884084 7.087603 10.397804 29.603618 1.590028 22.711450 -130.295968 72.841412 160.440584 -8.239648 3.004066 -82.193270 
-4.118370 100.330663 -50.850600 -13.662533 4.526452 1.092558 -0.655408 7.419580 6.184179 25.372960 -22.351815 -1.092315 -3.798883 10.165468 -4.219459 -0.000000 0.000000 0.000000 12.465232 -6.026660 5.152320 10.035579 12.470810 -1.449834 -8.238585 -13.692119 0.731493 -0.000000 0.000000 0.000000 16.284884 0.267500 6.105694 9.988446 -5.102535 5.009920 5.832807 -1.819907 5.210381 9.852332 -13.029954 4.256150 -10.439928 4.573611 13.808163 -0.000000 0.000000 0.000000 2.757970 -4.659881 -23.439985 27.180703 -3.035066 -33.922177 -45.389356 -72.655469 -73.235676 -29.134400 1.798888 56.729579 4.891330 7.068443 10.341595 29.565429 1.679305 22.779581 -130.341932 72.876890 160.451141 -8.256778 3.040023 -82.252117 
-4.128050 100.332165 -50.852698 -13.663147 4.532421 1.109275 -0.624266 7.410142 6.163636 25.318895 -22.346788 -1.089481 -3.793505 10.169299 -4.223759 -0.000000 0.000000 0.000000 12.458938 -6.022790 5.142454 10.039448 12.469878 -1.449428 -8.229202 -13.695321 0.744872 -0.000000 0.000000 0.000000 16.273261 0.270955 6.117580 10.054506 -5.096986 5.041835 5.842673 -1.825790 5.214318 9.831254 -13.033289 4.318003 -10.402467 4.544859 13.800399 -0.000000 0.000000 0.000000 2.781740 -4.678735 -23.470233 27.143084 -3.060741 -33.922621 -45.387757 -72.671766 -73.160261 -29.126033 1.796852 56.705187 4.885156 7.055564 10.374265 29.557170 1.648707 22.682034 -130.607332 72.848577 160.674521 -8.261684 3.052000 -82.180472 
-4.140250 100.336862 -50.854695 -13.665026 4.550210 1.143039 -0.630041 7.418499 6.130444 25.328652 -22.340730 -1.066254 -3.773020 10.145044 -4.231895 -0.000000 0.000000 0.000000 12.452182 -6.041471 5.115185 10.041967 12.444935 -1.445527 -8.225787 -13.679490 0.755375 -0.000000 0.000000 0.000000 16.260049 0.273115 6.125237 10.111740 -5.104499 5.060482 5.846265 -1.827174 5.203136 9.838546 -13.012967 4.372051 -10.385414 4.508868 13.814038 -0.000000 0.000000 0.000000 2.804231 -4.713151 -23.456528 27.104647 -3.075723 -33.913047 -45.378216 -72.698390 -73.126785 -29.121430 1.800953 56.680992 4.900444 7.070506 10.363560 29.537218 1.679543 22.723534 -130.688771 72.862866 160.704940 -8.277369 3.064782 -82.207016 
-4.151560 100.342464 -50.856298 -13.668334 4.556510 1.183128 -0.602266 7.385931 6.087931 25.277460 -22.340520 -1.080985 -3.741133 10.164340 -4.226873 -0.000000 0.000000 0.000000 12.431620 -6.043640 5.077601 10.057868 12.427223 -1.444853 -8.221393 -13.674447 0.769388 -0.000000 0.000000 0.000000 16.247490 0.278411 6.143624 10.143030 -5.103518 5.062412 5.858497 -1.827948 5.183668 9.836595 -12.991877 4.384751 -10.363048 4.479903 13.811768 -0.000000 0.000000 0.000000 2.816941 -4.745594 -23.424209 27.077355 -3.119750 -33.926468 -45.316181 -72.671068 -73.034894 -29.185115 1.739708 56.659206 4.929168 7.082173 10.343335 29.541534 1.706204 22.800464 -130.673607 72.883529 160.633303 -8.275341 3.118215 -82.271072 
-4.161480 100.350463 -50.847095 -13.682018 4.577903 1.221310 -0.565510 7.395019 6.059332 25.238092 -22.349429 -1.080728 -3.707961 10.150025 -4.250792 -0.000000 0.000000 0.000000 12.467972 -6.085447 5.033795 10.029584 12.406418 -1.436442 -8.205912 -13.643921 0.817978 -0.000000 0.000000 0.000000 16.226480 0.282724 6.161963 10.174855 -5.114147 5.064658 5.871287 -1.827672 5.170077 9.829134 -12.988862 4.357343 -10.296457 4.480402 13.774802 -0.000000 0.000000 0.000000 2.795370 -4.722851 -23.437744 27.072614 -3.114034 -33.924488 -45.322523 -72.631147 -73.008773 -29.142553 1.738398 56.635209 4.896740 7.077517 10.365065 29.530994 1.697287 22.714129 -130.672578 72.822177 160.640743 -8.245751 3.076184 -82.206733 
-4.175230 100.356960 -50.826597 -13.702278 4.587701 1.269950 -0.508124 7.406785 6.024154 25.192355 -22.372143 -1.084024 -3.683683 10.143846 -4.259766 -0.000000 0.000000 0.000000 12.527805 -6.135021 4.990632 9.980287 12.401107 -1.434916 -8.192123 -13.613350 0.833410 -0.000000 0.000000 0.000000 16.195960 0.283935 6.173392 10.204855 -5.126641 5.053904 5.872030 -1.826239 5.147338 9.863000 -12.983845 4.319204 -10.284762 4.488006 13.739740 -0.000000 0.000000 0.000000 2.798284 -4.707362 -23.460572 27.089374 -3.068010 -33.894727 -45.326649 -72.683610 -72.997093 -29.072557 1.792720 56.680910 4.896522 7.077824 10.388277 29.512774 1.714674 22.743919 -130.663957 72.830004 160.618298 -8.251998 3.062626 -82.218494 
-4.190180 100.359464 -50.814098 -13.714887 4.583361 1.319214 -0.465675 7.409985 5.981992 25.155443 -22.371044 -1.096171 -3.654986 10.137631 -4.267633 -0.000000 0.000000 0.000000 12.535334 -6.140561 4.946997 9.994897 12.382839 -1.439600 -8.186140 -13.589596 0.841257 -0.000000 0.000000 0.000000 16.176537 0.288976 6.193933 10.202640 -5.119633 5.031226 5.868760 -1.812130 5.117807 9.884163 -12.972101 4.267159 -10.285330 4.468010 13.725621 -0.000000 0.000000 0.000000 2.784300 -4.695925 -23.442577 27.099726 -3.065023 -33.884032 -45.343296 -72.676650 -72.984493 -29.054371 1.852367 56.668150 4.909468 7.073444 10.407743 29.526570 1.722558 22.844820 -130.586757 72.850825 160.495841 -8.229792 3.063122 -82.259985 
-4.204240 100.360262 -50.802296 -13.728578 4.592518 1.359765 -0.438830 7.409157 5.954576 25.141960 -22.372505 -1.097657 -3.635516 10.133379 -4.274003 -0.000000 0.000000 0.000000 12.543902 -6.138832 4.921332 10.014946 12.373918 -1.444403 -8.202896 -13.589853 0.851095 -0.000000 0.000000 0.000000 16.162149 0.290877 6.201941 10.193384 -5.108357 5.035384 5.863389 -1.807486 5.107818 9.893206 -12.964682 4.221283 -10.270572 4.458552 13.700440 -0.000000 0.000000 0.000000 2.766510 -4.668108 -23.442803 27.115380 -3.060599 -33.860249 -45.401783 -72.654382 -73.054743 -29.073015 1.835700 56.627918 4.897333 7.049806 10.451218 29.545885 1.699746 22.827729 -130.586089 72.823265 160.476129 -8.220809 3.058334 -82.240539 
-4.216000 100.360668 -50.789899 -13.741294 4.621401 1.399435 -0.406796 7.403825 5.927328 25.117168 -22.386152 -1.097502 -3.624934 10.133026 -4.276518 -0.000000 0.000000 0.000000 12.555331 -6.156506 4.896508 10.028766 12.354386 -1.446546 -8.208281 -13.591543 0.859518 -0.000000 0.000000 0.000000 16.134955 0.290384 6.206807 10.187669 -5.112559 5.037590 5.852124 -1.813162 5.105708 9.927390 -12.951909 4.195765 -10.268246 4.471511 13.682783 -0.000000 0.000000 0.000000 2.771076 -4.656637 -23.446905 27.127664 -3.057084 -33.844251 -45.432709 -72.643508 -73.093455 -29.097842 1.816570 56.609577 4.883549 7.038276 10.482461 29.545883 1.694549 22.815133 -130.604004 72.830363 160.475727 -8.215475 3.043115 -82.210158 
-4.221330 100.360966 -50.767797 -13.762105 4.692459 1.469734 -0.353117 7.406756 5.854667 25.080817 -22.443486 -1.079656 -3.619073 10.130770 -4.260017 -0.000000 0.000000 0.000000 12.588973 -6.202170 4.846234 10.054785 12.312067 -1.456717 -8.249973 -13.601542 0.853150 -0.000000 0.000000 0.000000 16.118704 0.284368 6.225778 10.109032 -5.132743 5.030239 5.831716 -1.819490 5.106240 10.036333 -12.942528 4.138873 -10.253518 4.533366 13.676224 -0.000000 0.000000 0.000000 2.757430 -4.646472 -23.457382 27.189486 -3.035466 -33.800350 -45.403301 -72.613455 -73.137469 -29.102613 1.835344 56.641119 4.881499 7.013326 10.524016 29.581241 1.667374 22.887945 -130.377544 72.823074 160.245662 -8.209495 3.061549 -82.213339 
-4.227410 100.361061 -50.757301 -13.760271 4.737366 1.485721 -0.360681 7.420666 5.858336 25.082628 -22.459904 -1.084476 -3.618870 10.114517 -4.257916 -0.000000 0.000000 0.000000 12.562903 -6.174487 4.861699 10.102375 12.307279 -1.471958 -8.275676 -13.666791 0.819967 -0.000000 0.000000 0.000000 16.104582 0.261137 6.253640 10.055778 -5.135687 5.048955 5.803387 -1.827228 5.123030 10.080703 -12.991799 4.086964 -10.242909 4.599810 13.686970 -0.000000 0.000000 0.000000 2.710220 -4.626181 -23.512191 27.258363 -2.986842 -33.783024 -45.459151 -72.576245 -73.233669 -29.089512 1.874998 56.633772 4.873551 7.023389 10.568060 29.623102 1.586090 22.775083 -130.507540 72.740162 160.409288 -8.178067 2.980326 -82.204740 
-4.233150 100.360858 -50.746900 -13.744470 4.771153 1.510656 -0.387016 7.433200 5.851128 25.089021 -22.479144 -1.084400 -3.620277 10.084732 -4.255310 -0.000000 0.000000 0.000000 12.535487 -6.184024 4.848875 10.129732 12.297568 -1.469530 -8.303046 -13.681416 0.802352 -0.000000 0.000000 0.000000 16.051105 0.247642 6.253677 10.043717 -5.151510 5.065930 5.775262 -1.834998 5.128325 10.142853 -13.017753 4.093667 -10.278077 4.623953 13.696908 -0.000000 0.000000 0.000000 2.727874 -4.639065 -23.530814 27.278672 -2.965260 -33.769405 -45.464721 -72.548848 -73.276563 -29.110147 1.861718 56.626629 4.876382 7.035534 10.568840 29.606180 1.593904 22.761221 -130.436015 72.750235 160.342205 -8.162303 2.932254 -82.167796 
-4.239890 100.359964 -50.734800 -13.729707 4.795620 1.536212 -0.403548 7.460794 5.843560 25.089822 -22.502207 -1.089185 -3.620291 10.058119 -4.259503 -0.000000 0.000000 0.000000 12.514617 -6.188012 4.832764 10.160243 12.294299 -1.471758 -8.337458 -13.701430 0.769695 -0.000000 0.000000 0.000000 15.998653 0.238046 6.266191 10.025139 -5.163851 5.071953 5.733524 -1.839151 5.130278 10.209217 -13.045125 4.119788 -10.338658 4.617950 13.724825 -0.000000 0.000000 0.000000 2.776943 -4.711941 -23.542721 27.290990 -2.962941 -33.724374 -45.406151 -72.519226 -73.286468 -29.137859 1.842272 56.637724 4.935109 7.065083 10.558065 29.614189 1.574148 22.814002 -130.383252 72.757637 160.301543 -8.193772 2.953492 -82.208860 
-4.249530 100.359058 -50.734800 -13.708973 4.785188 1.531216 -0.425357 7.484355 5.862869 25.077796 -22.500939 -1.094366 -3.617795 10.038834 -4.264592 -0.000000 0.000000 0.000000 12.477246 -6.168157 4.848910 10.182917 12.307287 -1.482612 -8.341069 -13.717502 0.756862 -0.000000 0.000000 0.000000 15.975273 0.234253 6.283017 10.009247 -5.163078 5.080880 5.699538 -1.840457 5.145999 10.213649 -13.098179 4.107235 -10.374388 4.630329 13.742749 -0.000000 0.000000 0.000000 2.769111 -4.734861 -23.585621 27.313808 -2.923734 -33.720965 -45.402259 -72.524096 -73.283924 -29.067401 1.923376 56.619637 4.944735 7.091612 10.565189 29.633850 1.519061 22.742286 -130.500506 72.674714 160.468795 -8.212614 2.856825 -82.217068 
-4.259890 100.358653 -50.735599 -13.662924 4.775836 1.540315 -0.458012 7.492489 5.860809 25.046443 -22.495447 -1.102224 -3.593244 10.018238 -4.271185 -0.000000 0.000000 0.000000 12.445862 -6.180816 4.841527 10.155547 12.311022 -1.487824 -8.328373 -13.704957 0.760417 -0.000000 0.000000 0.000000 15.899106 0.234624 6.267128 10.016013 -5.160467 5.089353 5.668342 -1.841729 5.153994 10.257279 -13.136573 4.126028 -10.460913 4.617433 13.770237 -0.000000 0.000000 0.000000 2.790159 -4.760250 -23.595626 27.332174 -2.924926 -33.698839 -45.435639 -72.513600 -73.350769 -29.075022 1.931777 56.651972 4.974721 7.113760 10.563226 29.623240 1.508279 22.768127 -130.336337 72.688882 160.286169 -8.228352 2.829906 -82.188629 
-4.272060 100.366366 -50.736898 -13.612872 4.747811 1.550608 -0.506391 7.486728 5.848844 25.029362 -22.481828 -1.109490 -3.552532 10.017635 -4.281048 -0.000000 0.000000 0.000000 12.385342 -6.177664 4.825322 10.147683 12.313261 -1.491194 -8.310684 -13.689901 0.767115 -0.000000 0.000000 0.000000 15.846058 0.236520 6.255929 9.966494 -5.160078 5.083410 5.655155 -1.841833 5.155154 10.320012 -13.149152 4.122123 -10.477249 4.627462 13.787217 -0.000000 0.000000 0.000000 2.812224 -4.765099 -23.583964 27.360206 -2.940444 -33.680097 -45.423169 -72.486640 -73.389597 -29.097692 1.900247 56.686338 5.000130 7.114400 10.555237 29.636955 1.518814 22.769361 -130.166015 72.691831 160.160354 -8.260340 2.842397 -82.190905 
-4.288900 100.369954 -50.738800 -13.573032 4.674480 1.544382 -0.541741 7.490100 5.853181 25.016451 -22.453051 -1.124263 -3.505136 10.032817 -4.315069 -0.000000 0.000000 0.000000 12.352795 -6.144259 4.832201 10.109258 12.342105 -1.515557 -8.271055 -13.681861 0.776697 -0.000000 0.000000 0.000000 15.826722 0.236328 6.254705 9.880089 -5.152908 5.057354 5.638538 -1.837443 5.164347 10.429421 -13.172012 4.071468 -10.489743 4.701121 13.818561 -0.000000 0.000000 0.000000 2.793791 -4.751557 -23.585628 27.405383 -2.906798 -33.668748 -45.463775 -72.469359 -73.485015 -29.074302 1.938306 56.670402 4.995351 7.121112 10.524569 29.639458 1.530944 22.705505 -130.057572 72.669644 160.192817 -8.264145 2.762928 -82.196529 
-4.310350 100.370359 -50.742900 -13.558325 4.596193 1.537458 -0.549490 7.523952 5.872100 25.007993 -22.424887 -1.134078 -3.480509 10.026365 -4.332851 -0.000000 0.000000 0.000000 12.352075 -6.153794 4.828880 10.081601 12.371232 -1.524794 -8.255282 -13.633316 0.783972 -0.000000 0.000000 0.000000 15.796530 0.240668 6.238720 9.889272 -5.140595 5.040461 5.611843 -1.816395 5.168973 10.487951 -13.173698 4.041819 -10.568834 4.725187 13.855441 -0.000000 0.000000 0.000000 2.776378 -4.756932 -23.578801 27.433808 -2.878425 -33.654651 -45.560969 -72.485889 -73.593682 -29.071164 1.982656 56.672345 5.030693 7.156529 10.510661 29.629962 1.506140 22.746959 -129.919062 72.680891 160.074948 -8.265197 2.733525 -82.183136 
-4.334590 100.369954 -50.754797 -13.553649 4.507829 1.527893 -0.540497 7.535055 5.882293 24.989313 -22.392065 -1.150384 -3.474504 10.049828 -4.336397 -0.000000 0.000000 0.000000 12.312910 -6.146565 4.825527 10.117112 12.388733 -1.529382 -8.258581 -13.583456 0.786568 -0.000000 0.000000 0.000000 15.792302 0.256136 6.218893 9.916893 -5.121018 5.028580 5.580621 -1.796090 5.171327 10.507926 -13.152173 4.027771 -10.629756 4.706893 13.891728 -0.000000 0.000000 0.000000 2.757649 -4.776661 -23.568449 27.450487 -2.868027 -33.628601 -45.618973 -72.503059 -73.676653 -29.055444 1.988805 56.678238 5.075580 7.185805 10.521634 29.641160 1.459601 22.783820 -129.939233 72.704444 160.103070 -8.279554 2.766073 -82.212392 
-4.359260 100.369561 -50.781602 -13.549859 4.428896 1.500448 -0.552245 7.548415 5.912076 24.990255 -22.353695 -1.156225 -3.476490 10.068102 -4.348920 -0.000000 0.000000 0.000000 12.260037 -6.120438 4.846456 10.169580 12.408623 -1.536045 -8.264134 -13.554537 0.781684 -0.000000 0.000000 0.000000 15.831701 0.259049 6.213638 9.906696 -5.101425 5.022419 5.550139 -1.788470 5.176093 10.534055 -13.135635 4.010184 -10.655866 4.735763 13.911775 -0.000000 0.000000 0.000000 2.740794 -4.786314 -23.583874 27.468752 -2.849787 -33.614489 -45.607355 -72.508100 -73.685167 -29.025288 1.971221 56.666674 5.089504 7.202223 10.530573 29.644741 1.416141 22.747222 -129.974256 72.687869 160.184961 -8.278882 2.803265 -82.213411 
-4.389960 100.369358 -50.810903 -13.525652 4.385724 1.456005 -0.605830 7.571117 5.964959 25.007113 -22.335974 -1.142710 -3.478362 10.078923 -4.349182 -0.000000 0.000000 0.000000 12.212362 -6.103372 4.895888 10.187750 12.424357 -1.530137 -8.266430 -13.539556 0.764943 -0.000000 0.000000 0.000000 15.869661 0.245291 6.203516 9.847398 -5.107176 5.015901 5.520329 -1.792239 5.202974 10.625782 -13.134812 3.999870 -10.676092 4.818509 13.953603 -0.000000 0.000000 0.000000 2.738754 -4.806916 -23.611078 27.515616 -2.835931 -33.603400 -45.558552 -72.487717 -73.703230 -29.038949 1.947868 56.724687 5.101420 7.222473 10.534431 29.641570 1.373519 22.734248 -129.882915 72.687831 160.113538 -8.246843 2.814804 -82.190031 
-4.417120 100.369060 -50.844097 -13.493291 4.361735 1.418911 -0.673152 7.585710 6.004445 25.022928 -22.310281 -1.122708 -3.478781 10.079018 -4.349920 -0.000000 0.000000 0.000000 12.146284 -6.087008 4.931064 10.184679 12.426764 -1.506999 -8.241463 -13.519831 0.760077 -0.000000 0.000000 0.000000 15.897405 0.238069 6.195602 9.781402 -5.122412 5.010173 5.502673 -1.812861 5.229276 10.722879 -13.159876 4.005114 -10.688731 4.860063 14.007832 -0.000000 0.000000 0.000000 2.748600 -4.823909 -23.613361 27.530680 -2.846210 -33.613839 -45.521112 -72.456218 -73.717902 -29.067103 1.945975 56.725929 5.100810 7.211639 10.513735 29.647684 1.365330 22.749146 -129.772162 72.708448 160.027264 -8.229194 2.818585 -82.161506 
-4.447680 100.368762 -50.878602 -13.465050 4.342125 1.392582 -0.714148 7.586025 6.033837 24.998451 -22.298282 -1.118649 -3.472602 10.101813 -4.350667 -0.000000 0.000000 0.000000 12.097852 -6.052639 4.970678 10.167825 12.439683 -1.501355 -8.223211 -13.539389 0.755247 -0.000000 0.000000 0.000000 15.930168 0.228045 6.172159 9.723765 -5.127789 5.003056 5.486911 -1.826864 5.250727 10.775167 -13.176364 4.012469 -10.705024 4.892869 14.050912 -0.000000 0.000000 0.000000 2.756582 -4.835664 -23.614486 27.563446 -2.839903 -33.580486 -45.562006 -72.455314 -73.801981 -29.050837 1.954804 56.749093 5.089174 7.198535 10.520911 29.652396 1.337889 22.716953 -129.757292 72.691774 160.040041 -8.222129 2.792745 -82.115945 
-4.478170 100.368369 -50.912100 -13.442333 4.308421 1.365410 -0.748325 7.585687 6.071539 24.976150 -22.287238 -1.118905 -3.461276 10.105648 -4.359161 -0.000000 0.000000 0.000000 12.062686 -6.038904 5.003580 10.154787 12.440774 -1.492795 -8.205831 -13.524802 0.755487 -0.000000 0.000000 0.000000 15.960965 0.222367 6.157052 9.679062 -5.128293 4.986742 5.471328 -1.827305 5.261654 10.805496 -13.175812 4.017326 -10.728977 4.908230 14.088766 -0.000000 0.000000 0.000000 2.764628 -4.848441 -23.606541 27.573046 -2.832930 -33.581716 -45.504679 -72.454263 -73.782096 -29.066779 1.955241 56.743971 5.106226 7.212645 10.498951 29.638661 1.338656 22.752061 -129.661227 72.733830 159.967651 -8.232136 2.822964 -82.111877 
-4.509580 100.367963 -50.954199 -13.413335 4.250251 1.338966 -0.811311 7.607463 6.104451 24.985235 -22.261002 -1.112954 -3.446432 10.117948 -4.364083 -0.000000 0.000000 0.000000 11.976090 -6.035625 5.025751 10.186619 12.447910 -1.493622 -8.193229 -13.475138 0.756076 -0.000000 0.000000 0.000000 16.006892 0.223357 6.147583 9.625170 -5.118138 4.957957 5.454361 -1.816130 5.267108 10.818427 -13.186521 4.013416 -10.760913 4.900406 14.135722 -0.000000 0.000000 0.000000 2.756561 -4.858803 -23.596950 27.589809 -2.825009 -33.571274 -45.471563 -72.443206 -73.789777 -29.051854 1.970004 56.749725 5.128270 7.235140 10.474156 29.626956 1.318234 22.777278 -129.552120 72.766697 159.917584 -8.221913 2.864321 -82.115637 
-4.537750 100.367558 -50.992596 -13.407247 4.220697 1.313700 -0.852344 7.619734 6.140778 24.989262 -22.265747 -1.107001 -3.424164 10.132163 -4.377007 -0.000000 0.000000 0.000000 11.958157 -6.028294 5.058894 10.166729 12.471225 -1.484374 -8.167035 -13.479561 0.740416 -0.000000 0.000000 0.000000 16.049951 0.225837 6.142362 9.619739 -5.110090 4.943061 5.428234 -1.813214 5.277813 10.805625 -13.212542 3.998706 -10.802531 4.915016 14.175326 -0.000000 0.000000 0.000000 2.739731 -4.862441 -23.626821 27.617775 -2.795418 -33.534732 -45.499785 -72.482842 -73.845586 -29.026221 1.941231 56.798549 5.131118 7.267159 10.483229 29.627635 1.287036 22.732105 -129.522729 72.751934 159.949062 -8.224540 2.892120 -82.134964 
-4.560630 100.367153 -51.028997 -13.398337 4.222085 1.303081 -0.899099 7.615071 6.154954 25.012386 -22.248309 -1.088644 -3.401678 10.124205 -4.382685 -0.000000 0.000000 0.000000 11.920945 -6.032476 5.081395 10.162114 12.463763 -1.478897 -8.136604 -13.461598 0.737054 -0.000000 0.000000 0.000000 16.075693 0.228328 6.144085 9.607813 -5.112352 4.929738 5.410611 -1.813819 5.284949 10.826689 -13.235450 3.984778 -10.845305 4.916116 14.212252 -0.000000 0.000000 0.000000 2.751760 -4.902580 -23.621403 27.626475 -2.803306 -33.545326 -45.396630 -72.483026 -73.757420 -29.012021 1.918880 56.832667 5.150314 7.305165 10.462000 29.620456 1.276688 22.770527 -129.376859 72.765393 159.814845 -8.258305 2.946267 -82.115814 
-4.582290 100.366759 -51.063097 -13.386190 4.236893 1.294513 -0.949097 7.622916 6.171626 25.028438 -22.252088 -1.071082 -3.380319 10.109494 -4.387346 -0.000000 0.000000 0.000000 11.932867 -6.038967 5.100905 10.097100 12.467177 -1.466276 -8.118432 -13.462072 0.732147 -0.000000 0.000000 0.000000 16.096544 0.229777 6.146854 9.539855 -5.119065 4.918135 5.401450 -1.813627 5.294514 10.901315 -13.259787 3.952469 -10.854345 4.935274 14.227134 -0.000000 0.000000 0.000000 2.763585 -4.919548 -23.605356 27.644094 -2.814038 -33.546479 -45.320714 -72.456494 -73.727951 -29.040977 1.911900 56.857120 5.161435 7.313278 10.441540 29.622017 1.272819 22.778367 -129.298731 72.776560 159.777836 -8.253783 2.959741 -82.125787 
-4.600170 100.366366 -51.089901 -13.373653 4.256268 1.294878 -0.991032 7.620674 6.182197 25.026626 -22.271097 -1.059995 -3.355918 10.120506 -4.390278 -0.000000 0.000000 0.000000 11.891844 -6.044132 5.117030 10.088814 12.464928 -1.459480 -8.099199 -13.477382 0.728341 -0.000000 0.000000 0.000000 16.098557 0.220801 6.152211 9.471949 -5.125366 4.911184 5.392690 -1.813639 5.302900 10.988382 -13.289158 3.894750 -10.850621 4.992810 14.237405 -0.000000 0.000000 0.000000 2.752181 -4.904840 -23.619047 27.674189 -2.796805 -33.521316 -45.342833 -72.438110 -73.800624 -29.028234 1.930405 56.853433 5.153354 7.312475 10.444587 29.629373 1.246044 22.728131 -129.198999 72.751233 159.727868 -8.221386 2.929105 -82.097466 
-4.618200 100.366056 -51.113397 -13.388750 4.261870 1.294466 -0.988822 7.614065 6.187762 25.019802 -22.286108 -1.054785 -3.351353 10.131039 -4.390262 -0.000000 0.000000 0.000000 11.894528 -6.037736 5.126249 10.088969 12.465042 -1.456399 -8.099538 -13.486632 0.714543 -0.000000 0.000000 0.000000 16.100168 0.212075 6.158149 9.457182 -5.128648 4.899140 5.378663 -1.814686 5.305812 11.028114 -13.294274 3.849703 -10.892687 5.032756 14.261989 -0.000000 0.000000 0.000000 2.725555 -4.902410 -23.624618 27.705664 -2.772747 -33.519944 -45.313161 -72.446907 -73.799102 -29.021943 1.925888 56.869330 5.156491 7.338707 10.442650 29.636257 1.233691 22.751166 -129.177963 72.756268 159.725218 -8.223136 2.938493 -82.098790 
-4.638140 100.365758 -51.145101 -13.404835 4.270873 1.299219 -1.011599 7.599962 6.195915 25.042519 -22.295804 -1.058073 -3.336320 10.140675 -4.397003 -0.000000 0.000000 0.000000 11.869558 -6.007656 5.143367 10.133507 12.464547 -1.459695 -8.118602 -13.517330 0.686085 -0.000000 0.000000 0.000000 16.127404 0.207055 6.162841 9.438965 -5.130253 4.896471 5.354070 -1.816647 5.309345 11.051421 -13.295830 3.815607 -10.936855 5.060157 14.283788 -0.000000 0.000000 0.000000 2.713560 -4.913203 -23.637431 27.732290 -2.754601 -33.504626 -45.292599 -72.444059 -73.813912 -29.029154 1.915063 56.856488 5.171827 7.363829 10.458038 29.656936 1.201240 22.742547 -129.206342 72.754359 159.767463 -8.194493 2.970685 -82.126066 
-4.658490 100.365460 -51.176697 -13.419582 4.302023 1.309643 -1.058000 7.594468 6.215149 25.089331 -22.333447 -1.049887 -3.310179 10.126702 -4.418645 -0.000000 0.000000 0.000000 11.858838 -6.012154 5.159007 10.153080 12.449138 -1.455470 -8.128322 -13.530217 0.666848 -0.000000 0.000000 0.000000 16.174723 0.200642 6.171257 9.373836 -5.138340 4.890226 5.330379 -1.817462 5.323900 11.096231 -13.299983 3.783949 -10.960149 5.105795 14.320686 -0.000000 0.000000 0.000000 2.675452 -4.911146 -23.664337 27.792455 -2.727452 -33.450750 -45.314971 -72.422264 -73.909271 -29.023209 1.907282 56.892014 5.165198 7.371664 10.482824 29.664815 1.164946 22.696107 -129.135046 72.734141 159.761314 -8.179145 2.988834 -82.128831 
-4.671140 100.365365 -51.197100 -13.421319 4.332342 1.318838 -1.083532 7.593130 6.219617 25.107773 -22.348419 -1.040256 -3.289247 10.119594 -4.423220 -0.000000 0.000000 0.000000 11.850323 -6.013454 5.161486 10.146174 12.437279 -1.447313 -8.116111 -13.527476 0.659761 -0.000000 0.000000 0.000000 16.181970 0.195132 6.178852 9.322868 -5.152551 4.886502 5.313035 -1.817631 5.338229 11.174319 -13.334960 3.760772 -10.973163 5.144711 14.354012 -0.000000 0.000000 0.000000 2.664452 -4.927583 -23.673165 27.822553 -2.721299 -33.469136 -45.240561 -72.387378 -73.861604 -29.026197 1.915363 56.901705 5.160456 7.387581 10.468544 29.678618 1.138773 22.720522 -129.109827 72.725754 159.741860 -8.164361 2.949401 -82.128921 
-4.686520 100.365257 -51.218897 -13.422416 4.349737 1.324986 -1.116477 7.618970 6.224872 25.124689 -22.363877 -1.019153 -3.277274 10.103512 -4.425854 -0.000000 0.000000 0.000000 11.837628 -6.029891 5.171959 10.138490 12.433996 -1.444803 -8.107664 -13.528073 0.659021 -0.000000 0.000000 0.000000 16.193212 0.190145 6.190849 9.263031 -5.152673 4.879654 5.306062 -1.816452 5.355310 11.219317 -13.352823 3.744158 -11.000597 5.169517 14.381201 -0.000000 0.000000 0.000000 2.643120 -4.919372 -23.667031 27.844381 -2.725725 -33.476710 -45.191249 -72.364978 -73.881477 -29.049153 1.907629 56.919267 5.161034 7.374850 10.460276 29.688417 1.106985 22.695217 -129.110786 72.714929 159.801339 -8.161718 2.936193 -82.126342 
-4.704210 100.365257 -51.239699 -13.422573 4.347104 1.326415 -1.115923 7.618716 6.225353 25.086352 -22.366488 -1.014834 -3.264870 10.123105 -4.425435 -0.000000 0.000000 0.000000 11.827644 -6.019787 5.179774 10.134834 12.428087 -1.451279 -8.101227 -13.538153 0.655166 -0.000000 0.000000 0.000000 16.212958 0.187170 6.194403 9.227250 -5.143906 4.873768 5.282330 -1.816329 5.374567 11.252526 -13.380513 3.738343 -11.042898 5.208955 14.427195 -0.000000 0.000000 0.000000 2.602603 -4.908836 -23.697684 27.909148 -2.687648 -33.432731 -45.386908 -72.326103 -74.102434 -29.023174 1.961309 56.918975 5.156588 7.407098 10.470616 29.723889 1.072064 22.663160 -128.874355 72.649767 159.598034 -8.158693 2.913885 -82.122103 
-4.724130 100.365365 -51.256198 -13.422053 4.342454 1.327474 -1.113368 7.611346 6.225409 25.065302 -22.364477 -1.016661 -3.256530 10.136675 -4.423708 -0.000000 0.000000 0.000000 11.786920 -6.006881 5.188762 10.164008 12.417642 -1.452980 -8.093059 -13.540678 0.652456 -0.000000 0.000000 0.000000 16.216144 0.185223 6.196385 9.213245 -5.140884 4.870764 5.264385 -1.816868 5.377918 11.276083 -13.389505 3.747953 -11.060286 5.220826 14.457154 -0.000000 0.000000 0.000000 2.591682 -4.925449 -23.698624 27.928996 -2.680451 -33.432186 -45.359636 -72.334320 -74.081886 -29.014777 1.974068 56.914220 5.170567 7.431320 10.454924 29.732443 1.055795 22.699106 -128.887391 72.665154 159.608283 -8.159120 2.913020 -82.106168 
-4.743040 100.366163 -51.273197 -13.414316 4.337340 1.329762 -1.128172 7.600287 6.227710 25.062754 -22.365235 -1.011928 -3.246823 10.142686 -4.424540 -0.000000 0.000000 0.000000 11.785806 -6.001881 5.198037 10.147184 12.417081 -1.451728 -8.091154 -13.542311 0.649305 -0.000000 0.000000 0.000000 16.225532 0.183623 6.198364 9.193371 -5.142315 4.867459 5.256420 -1.816297 5.381990 11.264269 -13.387230 3.748179 -11.071142 5.226238 14.468637 -0.000000 0.000000 0.000000 2.590791 -4.920837 -23.690949 27.935775 -2.688457 -33.443505 -45.297672 -72.334524 -74.031930 -29.018673 1.973207 56.896358 5.167985 7.428162 10.443915 29.734195 1.051774 22.702410 -128.867234 72.684820 159.609930 -8.144829 2.915543 -82.096160 
-4.763450 100.367367 -51.299196 -13.403276 4.327740 1.328330 -1.162640 7.582998 6.232613 25.060377 -22.381024 -1.001010 -3.217848 10.168539 -4.445934 -0.000000 0.000000 0.000000 11.764117 -5.989887 5.211755 10.142682 12.417616 -1.451619 -8.080512 -13.542452 0.645477 -0.000000 0.000000 0.000000 16.289255 0.180296 6.203995 9.147759 -5.147863 4.851286 5.248936 -1.814861 5.395296 11.191144 -13.376028 3.731465 -11.127920 5.251754 14.509467 -0.000000 0.000000 0.000000 2.540982 -4.904129 -23.716722 27.993057 -2.667462 -33.410233 -45.332075 -72.322891 -74.113780 -29.011410 1.970165 56.915454 5.133208 7.431518 10.449387 29.747771 1.044147 22.656995 -128.797030 72.689419 159.612673 -8.105894 2.911060 -82.130157 
-4.786660 100.368762 -51.315999 -13.389512 4.325121 1.328342 -1.193507 7.584748 6.237249 25.062511 -22.371239 -0.992503 -3.184637 10.161605 -4.453523 -0.000000 0.000000 0.000000 11.716477 -5.993281 5.216306 10.149481 12.413729 -1.445751 -8.060036 -13.533828 0.647625 -0.000000 0.000000 0.000000 16.310459 0.180215 6.213078 9.129266 -5.150700 4.842116 5.237343 -1.815162 5.394824 11.196349 -13.381277 3.733376 -11.142807 5.265598 14.544276 -0.000000 0.000000 0.000000 2.551247 -4.956395 -23.707206 28.002231 -2.672388 -33.407552 -45.277849 -72.325556 -74.080771 -29.001817 1.956108 56.962432 5.163463 7.467479 10.422204 29.755210 1.031213 22.739115 -128.781727 72.694674 159.560294 -8.097387 2.922475 -82.140396 
-4.806220 100.370061 -51.324403 -13.373172 4.321892 1.328835 -1.221824 7.607072 6.241855 25.067043 -22.365150 -0.987069 -3.165363 10.144769 -4.459565 -0.000000 0.000000 0.000000 11.712154 -5.994934 5.223195 10.118821 12.415311 -1.437450 -8.039006 -13.524040 0.649376 -0.000000 0.000000 0.000000 16.305847 0.178466 6.217667 9.075182 -5.156228 4.833626 5.254716 -1.812997 5.395270 11.229095 -13.378458 3.710557 -11.102255 5.300804 14.533664 -0.000000 0.000000 0.000000 2.535447 -4.952066 -23.684000 28.012134 -2.689022 -33.420403 -45.220841 -72.298439 -74.047785 -28.948589 2.047277 57.006706 5.148098 7.447221 10.402405 29.756047 1.032329 22.722490 -128.747270 72.685645 159.547927 -8.073407 2.889136 -82.078033 
-4.830770 100.370967 -51.325798 -13.379817 4.308181 1.338264 -1.195321 7.605246 6.245106 25.032931 -22.374672 -0.992555 -3.156660 10.160894 -4.467375 -0.000000 0.000000 0.000000 11.722780 -5.996425 5.227648 10.113945 12.417033 -1.433906 -8.043965 -13.520366 0.644170 -0.000000 0.000000 0.000000 16.291394 0.172455 6.203308 9.092807 -5.159234 4.834590 5.255008 -1.814483 5.395305 11.226027 -13.348362 3.678095 -11.098838 5.310514 14.512731 -0.000000 0.000000 0.000000 2.515748 -4.934727 -23.685567 28.030106 -2.691578 -33.397185 -45.335626 -72.284529 -74.178244 -28.995259 2.009539 56.981399 5.131724 7.448516 10.400563 29.757065 1.051589 22.674927 -128.687962 72.683971 159.505093 -8.094798 2.899088 -82.074231 
-4.857120 100.371361 -51.327097 -13.416067 4.281022 1.341655 -1.155344 7.609794 6.247025 25.034932 -22.372220 -0.993467 -3.153222 10.189152 -4.469641 -0.000000 0.000000 0.000000 11.771771 -5.996611 5.232254 10.110267 12.435250 -1.435085 -8.052499 -13.516886 0.638632 -0.000000 0.000000 0.000000 16.312853 0.174657 6.201772 9.140937 -5.158477 4.838477 5.249310 -1.811562 5.394592 11.177995 -13.317648 3.656915 -11.110831 5.305814 14.504099 -0.000000 0.000000 0.000000 2.497624 -4.954437 -23.672710 28.032087 -2.694235 -33.394329 -45.307317 -72.307121 -74.160164 -28.989919 1.978767 57.006493 5.136893 7.467297 10.397040 29.763743 1.051137 22.713720 -128.766218 72.686281 159.553610 -8.105630 2.898217 -82.104301 
-4.886360 100.370467 -51.327896 -13.458968 4.260509 1.342500 -1.147946 7.610290 6.277350 25.097959 -22.355403 -0.988247 -3.146562 10.188674 -4.483788 -0.000000 0.000000 0.000000 11.776935 -5.995935 5.253436 10.161178 12.444320 -1.441924 -8.067457 -13.508834 0.622101 -0.000000 0.000000 0.000000 16.350370 0.179108 6.200480 9.176239 -5.158220 4.841557 5.242604 -1.800577 5.392981 11.127400 -13.284703 3.637187 -11.072066 5.314867 14.478638 -0.000000 0.000000 0.000000 2.479523 -4.970905 -23.668864 28.028591 -2.709367 -33.411330 -45.177452 -72.341894 -74.004091 -28.967799 1.957113 57.025528 5.130113 7.474130 10.410115 29.759134 1.028833 22.703773 -128.906025 72.672980 159.690903 -8.106179 2.930163 -82.085815 
-4.909300 100.368369 -51.324201 -13.485613 4.260201 1.346802 -1.135814 7.616819 6.288220 25.126291 -22.371146 -0.976798 -3.140494 10.176943 -4.489625 -0.000000 0.000000 0.000000 11.835717 -6.015967 5.264870 10.126050 12.454337 -1.435912 -8.063958 -13.496234 0.618786 -0.000000 0.000000 0.000000 16.356828 0.180588 6.199600 9.178346 -5.160225 4.842044 5.253718 -1.801504 5.392932 11.134350 -13.271773 3.648117 -11.025422 5.342670 14.451053 -0.000000 0.000000 0.000000 2.478575 -4.970919 -23.665695 28.023985 -2.717058 -33.408632 -45.307908 -72.293945 -74.118860 -29.021263 1.957647 57.034642 5.104828 7.476110 10.416767 29.757095 1.050637 22.672284 -128.782791 72.663596 159.569324 -8.096568 2.905863 -82.100496 
-4.933510 100.365961 -51.316398 -13.514784 4.248383 1.349817 -1.105663 7.638853 6.298048 25.135612 -22.369989 -0.966083 -3.137368 10.169259 -4.489213 -0.000000 0.000000 0.000000 11.918601 -6.031353 5.274742 10.064131 12.476515 -1.421049 -8.053765 -13.483125 0.617322 -0.000000 0.000000 0.000000 16.353414 0.181290 6.198976 9.203059 -5.159573 4.845017 5.267501 -1.803886 5.389377 11.122927 -13.253274 3.672815 -10.984319 5.339481 14.437494 -0.000000 0.000000 0.000000 2.498577 -4.979653 -23.662118 27.992674 -2.722379 -33.422467 -45.316589 -72.293119 -74.108662 -29.039225 1.943209 57.022388 5.118751 7.473630 10.395434 29.747796 1.063616 22.730589 -128.866441 72.678578 159.614081 -8.070918 2.870968 -82.139593 
-4.957670 100.363255 -51.312798 -13.528350 4.227753 1.347877 -1.090164 7.635758 6.312057 25.141498 -22.352521 -0.965792 -3.136488 10.190585 -4.480171 -0.000000 0.000000 0.000000 11.943859 -6.030558 5.278150 10.043913 12.507408 -1.412396 -8.051377 -13.502613 0.613891 -0.000000 0.000000 0.000000 16.332664 0.183887 6.197672 9.251031 -5.153778 4.867561 5.282508 -1.806495 5.381766 11.057346 -13.241869 3.705902 -10.933868 5.333496 14.381361 -0.000000 0.000000 0.000000 2.533994 -4.997197 -23.681871 27.938962 -2.735107 -33.426601 -45.296018 -72.324867 -74.032086 -29.015432 1.970743 57.020805 5.133691 7.454995 10.412955 29.741616 1.046590 22.677420 -129.045065 72.658879 159.757886 -8.111856 2.881487 -82.089591 
-4.978270 100.359654 -51.305002 -13.539188 4.216216 1.346663 -1.056341 7.616911 6.311317 25.121065 -22.336841 -0.977247 -3.149861 10.210986 -4.463525 -0.000000 0.000000 0.000000 11.961485 -6.031151 5.279718 10.036871 12.519554 -1.402478 -8.057171 -13.505386 0.611846 -0.000000 0.000000 0.000000 16.307661 0.192765 6.194638 9.304059 -5.148970 4.882090 5.289912 -1.816716 5.379609 10.989391 -13.211204 3.750527 -10.885414 5.334010 14.329440 -0.000000 0.000000 0.000000 2.575048 -5.017935 -23.704912 27.909324 -2.737142 -33.445333 -45.339093 -72.337394 -73.998142 -29.039280 1.955511 57.021336 5.146309 7.455286 10.434704 29.725838 1.067349 22.646946 -129.066091 72.666214 159.730962 -8.148130 2.908456 -82.065067 
-5.001060 100.355864 -51.297098 -13.555168 4.212511 1.347483 -1.034293 7.595612 6.311192 25.130714 -22.342310 -0.970455 -3.162128 10.236658 -4.452840 -0.000000 0.000000 0.000000 11.975592 -6.033395 5.289728 10.042927 12.535298 -1.400842 -8.070534 -13.515988 0.606588 -0.000000 0.000000 0.000000 16.287856 0.199453 6.192578 9.359719 -5.144479 4.902568 5.301680 -1.818590 5.367675 10.916904 -13.170184 3.805121 -10.855607 5.313120 14.281703 -0.000000 0.000000 0.000000 2.633556 -5.056137 -23.702361 27.847069 -2.760566 -33.445456 -45.353507 -72.332688 -73.973532 -29.075426 1.908269 57.010528 5.167563 7.444837 10.433862 29.719967 1.096033 22.678909 -129.215131 72.668035 159.808040 -8.149798 2.904149 -82.107210 
-5.016870 100.351763 -51.288199 -13.594787 4.205235 1.349734 -0.995481 7.596439 6.321540 25.151307 -22.342067 -0.962459 -3.177334 10.248952 -4.443192 -0.000000 0.000000 0.000000 12.025151 -6.032348 5.301319 10.046883 12.554603 -1.397385 -8.086306 -13.528695 0.600515 -0.000000 0.000000 0.000000 16.307331 0.204472 6.192326 9.421265 -5.139950 4.924464 5.311671 -1.817982 5.363801 10.801812 -13.149146 3.846388 -10.838072 5.299573 14.249266 -0.000000 0.000000 0.000000 2.632380 -5.076303 -23.717791 27.811961 -2.778957 -33.438707 -45.348076 -72.342050 -73.932164 -29.061707 1.934773 57.006350 5.146837 7.422796 10.435136 29.732427 1.077458 22.653750 -129.409288 72.624780 159.949399 -8.135566 2.862168 -82.063159 
-5.030980 100.348055 -51.279998 -13.621371 4.222936 1.358044 -0.977368 7.587445 6.328454 25.173614 -22.342249 -0.956274 -3.178233 10.239205 -4.436937 -0.000000 0.000000 0.000000 12.080849 -6.039660 5.307619 10.033208 12.560608 -1.386247 -8.105279 -13.533608 0.594959 -0.000000 0.000000 0.000000 16.288347 0.204243 6.192683 9.530414 -5.153668 4.953345 5.318689 -1.832755 5.359292 10.704964 -13.103041 3.919642 -10.836134 5.274147 14.213118 -0.000000 0.000000 0.000000 2.691912 -5.135716 -23.712028 27.741253 -2.807919 -33.478151 -45.307006 -72.381104 -73.819974 -29.055795 1.927600 57.042883 5.160389 7.437468 10.414459 29.708086 1.121277 22.696288 -129.556353 72.661227 160.011921 -8.167115 2.906027 -82.082601 
-5.044950 100.346458 -51.272398 -13.648437 4.243055 1.375405 -0.949898 7.579544 6.320575 25.181749 -22.342703 -0.955373 -3.178020 10.238663 -4.433203 -0.000000 0.000000 0.000000 12.104809 -6.049873 5.300530 10.043869 12.560411 -1.377510 -8.122590 -13.540514 0.589498 -0.000000 0.000000 0.000000 16.279740 0.203136 6.193772 9.609693 -5.165262 4.982154 5.329104 -1.839681 5.345106 10.631652 -13.057155 3.992869 -10.790096 5.221259 14.184994 -0.000000 0.000000 0.000000 2.755612 -5.195428 -23.703920 27.686598 -2.849533 -33.469198 -45.334126 -72.377145 -73.798722 -29.071806 1.872348 57.078850 5.175575 7.422863 10.413255 29.705009 1.145293 22.727677 -129.717336 72.654678 160.078031 -8.203194 2.909583 -82.088470 
-5.054580 100.345159 -51.262701 -13.663606 4.264802 1.385911 -0.932681 7.572313 6.317465 25.181163 -22.352959 -0.954911 -3.177863 10.238261 -4.430413 -0.000000 0.000000 0.000000 12.108372 -6.046252 5.303582 10.061711 12.556700 -1.378568 -8.121752 -13.574530 0.584086 -0.000000 0.000000 0.000000 16.267409 0.201163 6.195059 9.619916 -5.178437 5.001839 5.359023 -1.847151 5.337318 10.615468 -13.064828 4.010334 -10.732024 5.220069 14.149003 -0.000000 0.000000 0.000000 2.754876 -5.192122 -23.703458 27.663123 -2.867283 -33.459644 -45.325430 -72.356606 -73.785197 -29.034721 1.906393 57.099082 5.146638 7.396370 10.418608 29.708546 1.157926 22.679968 -129.894111 72.625624 160.220451 -8.169719 2.825027 -82.027842 
-5.063490 100.344062 -51.245099 -13.686091 4.264172 1.405789 -0.893778 7.566457 6.311897 25.177670 -22.366174 -0.951124 -3.176599 10.248579 -4.428250 -0.000000 0.000000 0.000000 12.178587 -6.053629 5.296584 10.029353 12.562476 -1.378046 -8.129739 -13.574930 0.581383 -0.000000 0.000000 0.000000 16.245669 0.201337 6.195595 9.637653 -5.182473 5.003622 5.388952 -1.849086 5.325302 10.601082 -13.051656 4.018258 -10.674275 5.207842 14.100159 -0.000000 0.000000 0.000000 2.759215 -5.171654 -23.686515 27.640508 -2.886350 -33.479173 -45.339255 -72.359634 -73.767065 -29.065945 1.926311 57.071960 5.130038 7.386603 10.407049 29.696768 1.215207 22.699547 -129.821109 72.648992 160.126343 -8.194897 2.838620 -82.013424 
-5.075560 100.343168 -51.232898 -13.718931 4.238337 1.419067 -0.847965 7.557767 6.305930 25.185236 -22.366111 -0.964871 -3.173294 10.264768 -4.435883 -0.000000 0.000000 0.000000 12.180065 -6.040944 5.286397 10.079037 12.573212 -1.386833 -8.145090 -13.581086 0.575737 -0.000000 0.000000 0.000000 16.248801 0.208418 6.194793 9.693481 -5.164496 5.013587 5.402883 -1.833365 5.309985 10.510810 -13.023360 4.010252 -10.653653 5.159739 14.063332 -0.000000 0.000000 0.000000 2.728497 -5.153739 -23.682849 27.623064 -2.900143 -33.469936 -45.356774 -72.378982 -73.758579 -29.054467 1.929040 57.058340 5.129643 7.374070 10.439700 29.707523 1.189536 22.698865 -129.948560 72.630372 160.205807 -8.198625 2.856796 -82.021091 
-5.087300 100.342464 -51.223499 -13.752873 4.215610 1.429035 -0.810811 7.556042 6.303010 25.202194 -22.356338 -0.974501 -3.169594 10.266725 -4.452593 -0.000000 0.000000 0.000000 12.238331 -6.035308 5.289018 10.071127 12.598929 -1.394022 -8.157530 -13.592232 0.568167 -0.000000 0.000000 0.000000 16.238050 0.226673 6.190483 9.788586 -5.148070 5.048100 5.403200 -1.823618 5.307922 10.417939 -13.002226 4.006134 -10.652306 5.108891 14.019209 -0.000000 0.000000 0.000000 2.712203 -5.156467 -23.710312 27.597313 -2.908850 -33.464274 -45.413135 -72.398824 -73.765366 -29.034489 1.933383 57.065122 5.125484 7.370249 10.502002 29.710731 1.136055 22.622752 -130.238179 72.602685 160.442874 -8.207872 2.876901 -82.003859 
-5.095790 100.341952 -51.219100 -13.777365 4.228297 1.443670 -0.802211 7.553068 6.298678 25.236900 -22.356239 -0.966465 -3.168975 10.253578 -4.459588 -0.000000 0.000000 0.000000 12.282796 -6.036800 5.293300 10.056784 12.597233 -1.392496 -8.167742 -13.601962 0.559928 -0.000000 0.000000 0.000000 16.240954 0.230527 6.190649 9.832422 -5.154984 5.067771 5.407526 -1.828757 5.308493 10.383104 -12.978913 4.012489 -10.662936 5.082795 13.988377 -0.000000 0.000000 0.000000 2.727160 -5.164929 -23.714042 27.570362 -2.926707 -33.478884 -45.367217 -72.421254 -73.694915 -29.068192 1.914152 57.071991 5.126135 7.360130 10.522782 29.692065 1.148365 22.615788 -130.393246 72.649785 160.556755 -8.205405 2.904301 -82.019772 
-5.104320 100.341558 -51.216400 -13.811402 4.256569 1.455050 -0.793212 7.553952 6.285091 25.288299 -22.374905 -0.940043 -3.168872 10.249957 -4.458030 -0.000000 0.000000 0.000000 12.305045 -6.031845 5.297358 10.086391 12.610183 -1.401086 -8.188559 -13.638496 0.540546 -0.000000 0.000000 0.000000 16.256991 0.226309 6.193427 9.863331 -5.164117 5.090592 5.426396 -1.835042 5.309194 10.336444 -12.958086 4.013665 -10.632676 5.070088 13.948816 -0.000000 0.000000 0.000000 2.739624 -5.171543 -23.711716 27.544041 -2.954445 -33.474625 -45.380529 -72.394930 -73.704168 -29.111383 1.853332 57.086792 5.111929 7.329738 10.542955 29.701991 1.153402 22.622577 -130.414426 72.616673 160.507011 -8.196356 2.889087 -82.028086 
-5.109970 100.341165 -51.215398 -13.834240 4.267232 1.460778 -0.778729 7.555747 6.286084 25.307336 -22.380329 -0.931701 -3.179823 10.247433 -4.453783 -0.000000 0.000000 0.000000 12.330351 -6.007949 5.305289 10.095486 12.617895 -1.406883 -8.207454 -13.680092 0.513356 -0.000000 0.000000 0.000000 16.278897 0.210579 6.199598 9.865501 -5.168219 5.100668 5.446755 -1.835180 5.307387 10.312867 -12.940729 4.014395 -10.601852 5.079418 13.926898 -0.000000 0.000000 0.000000 2.729658 -5.172620 -23.716657 27.536021 -2.971163 -33.462690 -45.397608 -72.394424 -73.721225 -29.105138 1.877012 57.100471 5.095306 7.307396 10.557341 29.708544 1.145602 22.612253 -130.539013 72.596243 160.595630 -8.176611 2.871611 -82.027369 
-5.121480 100.340760 -51.214498 -13.864205 4.275506 1.466251 -0.736664 7.556734 6.300853 25.295320 -22.392513 -0.930447 -3.196858 10.251289 -4.448244 -0.000000 0.000000 0.000000 12.357201 -5.999102 5.327403 10.093125 12.626391 -1.407314 -8.216518 -13.697910 0.498896 -0.000000 0.000000 0.000000 16.280577 0.202435 6.202846 9.905746 -5.177400 5.117415 5.458213 -1.836355 5.301006 10.299353 -12.914330 4.037512 -10.580637 5.075153 13.914137 -0.000000 0.000000 0.000000 2.732702 -5.194922 -23.704146 27.501825 -2.991909 -33.465063 -45.314866 -72.414362 -73.634221 -29.086597 1.904172 57.096496 5.091851 7.303901 10.556543 29.698994 1.157103 22.636279 -130.678494 72.626686 160.686507 -8.174230 2.888517 -82.014183 
-5.132030 100.340462 -51.213700 -13.891460 4.272984 1.468881 -0.696650 7.541525 6.296657 25.283683 -22.394426 -0.933667 -3.204756 10.266762 -4.444686 -0.000000 0.000000 0.000000 12.380500 -5.993935 5.340063 10.108879 12.639575 -1.411142 -8.220691 -13.718337 0.484123 -0.000000 0.000000 0.000000 16.292417 0.195369 6.206540 9.937523 -5.185714 5.126020 5.480144 -1.840527 5.284620 10.239289 -12.885639 4.044270 -10.539915 5.057913 13.887565 -0.000000 0.000000 0.000000 2.728360 -5.223227 -23.676649 27.483431 -3.033284 -33.466366 -45.269059 -72.390860 -73.581525 -29.125753 1.876715 57.083281 5.076622 7.302219 10.528621 29.711598 1.200300 22.669099 -130.704975 72.609453 160.667825 -8.209285 2.860623 -82.014407 
-5.142580 100.340056 -51.212895 -13.908613 4.262615 1.469024 -0.686977 7.533024 6.296167 25.303535 -22.400964 -0.922865 -3.194422 10.283449 -4.458037 -0.000000 0.000000 0.000000 12.428149 -5.992298 5.343160 10.084835 12.658655 -1.408390 -8.218655 -13.732096 0.481170 -0.000000 0.000000 0.000000 16.309599 0.198702 6.207593 9.970761 -5.190263 5.137938 5.494791 -1.844173 5.283861 10.165433 -12.870874 4.030374 -10.525162 5.047640 13.859820 -0.000000 0.000000 0.000000 2.712021 -5.235594 -23.674500 27.483954 -3.050774 -33.459103 -45.352820 -72.371140 -73.652493 -29.149913 1.868469 57.113404 5.050531 7.310067 10.530805 29.721457 1.212799 22.609026 -130.753322 72.568395 160.709670 -8.212052 2.840170 -82.007318 
-5.155280 100.339758 -51.212001 -13.931106 4.255844 1.480920 -0.674082 7.534542 6.295046 25.320565 -22.390741 -0.921594 -3.164019 10.272920 -4.476119 -0.000000 0.000000 0.000000 12.445159 -5.991376 5.333644 10.087446 12.663888 -1.409035 -8.216262 -13.725632 0.482259 -0.000000 0.000000 0.000000 16.310371 0.202090 6.208845 10.043530 -5.203083 5.151705 5.512098 -1.847177 5.281103 10.077802 -12.837876 4.028390 -10.510987 5.011520 13.835830 -0.000000 0.000000 0.000000 2.703408 -5.257549 -23.638888 27.452194 -3.089012 -33.491747 -45.278468 -72.399213 -73.554246 -29.135176 1.862002 57.139214 5.041655 7.326843 10.529520 29.698459 1.239815 22.626223 -130.810007 72.593082 160.709939 -8.230156 2.861740 -81.984934 
-5.166950 100.339460 -51.210898 -13.956702 4.249246 1.494040 -0.643725 7.526241 6.291617 25.314494 -22.384339 -0.927643 -3.159445 10.280248 -4.482950 -0.000000 0.000000 0.000000 12.459724 -5.989229 5.323974 10.087560 12.668511 -1.407130 -8.215530 -13.723281 0.482642 -0.000000 0.000000 0.000000 16.326212 0.203362 6.218676 10.085868 -5.205579 5.158109 5.527558 -1.849833 5.266222 10.020553 -12.799117 4.032792 -10.469240 4.977071 13.799503 -0.000000 0.000000 0.000000 2.705119 -5.271700 -23.616729 27.434687 -3.128857 -33.476930 -45.302521 -72.392207 -73.561616 -29.168846 1.826534 57.121356 5.033267 7.313390 10.531918 29.715668 1.259586 22.622969 -130.885345 72.576721 160.737071 -8.238851 2.858864 -81.991571 
-5.177210 100.339162 -51.209599 -13.962401 4.244111 1.496905 -0.631961 7.516427 6.290695 25.303608 -22.393613 -0.928308 -3.156072 10.288910 -4.485975 -0.000000 0.000000 0.000000 12.495334 -5.988629 5.321605 10.058714 12.675010 -1.405458 -8.215101 -13.734887 0.480625 -0.000000 0.000000 0.000000 16.315399 0.191458 6.235191 10.088516 -5.205797 5.159301 5.554725 -1.850087 5.258366 10.026063 -12.785541 4.011751 -10.419903 5.007907 13.759880 -0.000000 0.000000 0.000000 2.691489 -5.258408 -23.613422 27.428864 -3.148580 -33.487334 -45.269369 -72.390729 -73.508260 -29.170977 1.852418 57.133059 5.014580 7.303103 10.523786 29.708895 1.276940 22.570863 -130.987926 72.554679 160.839213 -8.239632 2.825523 -81.938630 
-5.192410 100.338960 -51.200294 -13.986539 4.219624 1.509008 -0.571827 7.514308 6.283657 25.262116 -22.394313 -0.945333 -3.152296 10.305119 -4.486929 -0.000000 0.000000 0.000000 12.516277 -5.984530 5.322626 10.068951 12.678757 -1.406680 -8.216083 -13.721309 0.481381 -0.000000 0.000000 0.000000 16.294803 0.186734 6.239507 10.117184 -5.203603 5.163047 5.577178 -1.845162 5.247622 10.045753 -12.761285 3.997411 -10.390106 5.017361 13.724332 -0.000000 0.000000 0.000000 2.682304 -5.249394 -23.584607 27.413616 -3.166633 -33.522964 -45.237623 -72.409710 -73.435831 -29.192887 1.876103 57.114135 5.010029 7.309264 10.495200 29.694966 1.330821 22.604553 -130.913226 72.581346 160.750348 -8.273052 2.846189 -81.931324 
-5.210910 100.338662 -51.192403 -14.021574 4.188348 1.523360 -0.516443 7.504035 6.277649 25.248305 -22.383054 -0.957856 -3.147424 10.328115 -4.488743 -0.000000 0.000000 0.000000 12.580115 -5.982000 5.316068 10.046652 12.697184 -1.406362 -8.217818 -13.726254 0.478100 -0.000000 0.000000 0.000000 16.292267 0.192055 6.244989 10.172621 -5.198396 5.172588 5.584932 -1.831475 5.229490 9.988553 -12.723450 3.977063 -10.373977 4.981514 13.686786 -0.000000 0.000000 0.000000 2.659202 -5.242321 -23.586454 27.398355 -3.177952 -33.483256 -45.293541 -72.411780 -73.484365 -29.213846 1.853721 57.075831 5.014565 7.295786 10.533439 29.698595 1.311971 22.596123 -131.102259 72.577851 160.901895 -8.262190 2.861456 -81.964335 
-5.227480 100.338459 -51.189500 -14.060794 4.186205 1.535471 -0.488786 7.497100 6.280800 25.280857 -22.377557 -0.948585 -3.134702 10.325071 -4.501282 -0.000000 0.000000 0.000000 12.588040 -5.981564 5.318726 10.082151 12.713180 -1.411419 -8.222764 -13.739928 0.465717 -0.000000 0.000000 0.000000 16.296155 0.196952 6.255426 10.227227 -5.191689 5.191111 5.601230 -1.829365 5.229301 9.904558 -12.696014 3.963636 -10.354692 4.974087 13.656799 -0.000000 0.000000 0.000000 2.634389 -5.235149 -23.580755 27.375475 -3.207028 -33.508881 -45.240422 -72.408637 -73.400715 -29.196449 1.860265 57.093003 4.993332 7.281080 10.545370 29.695494 1.308677 22.573819 -131.212156 72.551936 160.967984 -8.263216 2.851310 -81.925961 
-5.246710 100.338268 -51.188797 -14.098385 4.199407 1.550757 -0.485848 7.518945 6.290474 25.342548 -22.376452 -0.916599 -3.121527 10.290146 -4.526084 -0.000000 0.000000 0.000000 12.629907 -5.992439 5.327409 10.092487 12.714282 -1.402756 -8.237114 -13.748936 0.450243 -0.000000 0.000000 0.000000 16.322390 0.194679 6.263091 10.231753 -5.191329 5.194507 5.611595 -1.828264 5.232296 9.874152 -12.659734 3.989003 -10.317676 4.985163 13.649338 -0.000000 0.000000 0.000000 2.643964 -5.256152 -23.557129 27.363658 -3.223865 -33.543794 -45.221691 -72.411153 -73.370969 -29.210903 1.847887 57.128852 4.994431 7.280492 10.535235 29.703390 1.311594 22.615564 -131.271431 72.571326 160.989912 -8.238666 2.865700 -81.928331 
-5.266460 100.337958 -51.188302 -14.134365 4.214392 1.565254 -0.462485 7.536389 6.292638 25.364194 -22.386151 -0.897405 -3.114210 10.277238 -4.539316 -0.000000 0.000000 0.000000 12.681099 -5.998523 5.337049 10.078692 12.711476 -1.398227 -8.241982 -13.762512 0.444921 -0.000000 0.000000 0.000000 16.350773 0.195209 6.268496 10.227936 -5.191379 5.199344 5.624834 -1.826833 5.240465 9.848573 -12.656477 4.026342 -10.281777 4.993876 13.651720 -0.000000 0.000000 0.000000 2.632655 -5.255969 -23.572365 27.362671 -3.231084 -33.511970 -45.252808 -72.410472 -73.424814 -29.171949 1.862020 57.128115 4.976546 7.276290 10.546609 29.727681 1.296858 22.599773 -131.144465 72.521173 160.845899 -8.228970 2.896362 -81.937350 
-5.287100 100.337756 -51.187998 -14.158214 4.235718 1.572166 -0.444939 7.548441 6.290016 25.370018 -22.400394 -0.882113 -3.113904 10.266993 -4.536338 -0.000000 0.000000 0.000000 12.741692 -6.009399 5.341996 10.047673 12.711430 -1.395870 -8.244033 -13.773491 0.438365 -0.000000 0.000000 0.000000 16.356184 0.196285 6.278797 10.233222 -5.189170 5.213583 5.644156 -1.825016 5.247274 9.824640 -12.654080 4.069356 -10.247139 4.986996 13.643321 -0.000000 0.000000 0.000000 2.619243 -5.256334 -23.555813 27.328061 -3.265714 -33.556081 -45.074589 -72.430407 -73.239684 -29.157374 1.891991 57.108120 4.958920 7.266550 10.522263 29.716974 1.318063 22.570677 -131.257725 72.521015 160.964663 -8.234553 2.858386 -81.961022 
-5.311270 100.337660 -51.187897 -14.172118 4.247727 1.589081 -0.411023 7.529812 6.279815 25.339393 -22.399925 -0.884060 -3.112959 10.271797 -4.529643 -0.000000 0.000000 0.000000 12.728959 -6.022343 5.341428 10.074329 12.706656 -1.397167 -8.247190 -13.771462 0.429578 -0.000000 0.000000 0.000000 16.340134 0.202404 6.279627 10.253372 -5.187068 5.221040 5.659328 -1.824353 5.242566 9.810538 -12.631623 4.123489 -10.215293 4.963816 13.637312 -0.000000 0.000000 0.000000 2.643213 -5.279732 -23.544785 27.302731 -3.307539 -33.576074 -45.078903 -72.402793 -73.189723 -29.217405 1.877719 57.097234 4.985276 7.265864 10.500724 29.715836 1.342021 22.609327 -131.269626 72.529860 160.943397 -8.264556 2.893009 -81.971664 
-5.340180 100.337470 -51.187897 -14.190169 4.245931 1.609963 -0.385213 7.516385 6.274789 25.323870 -22.410460 -0.886384 -3.097673 10.294571 -4.543599 -0.000000 0.000000 0.000000 12.782357 -6.022483 5.340998 10.032005 12.735688 -1.395606 -8.247963 -13.787243 0.423814 -0.000000 0.000000 0.000000 16.331194 0.218652 6.275877 10.294574 -5.183845 5.226230 5.672079 -1.822559 5.232047 9.760307 -12.598571 4.163766 -10.182423 4.918322 13.627987 -0.000000 0.000000 0.000000 2.646273 -5.293412 -23.544353 27.274110 -3.321806 -33.526215 -45.125968 -72.416069 -73.250495 -29.235703 1.849363 57.087857 4.986587 7.265313 10.524389 29.710285 1.337081 22.564653 -131.459275 72.546989 161.138414 -8.285885 2.923740 -81.998941 
-5.368430 100.337255 -51.188099 -14.207538 4.254873 1.632273 -0.363097 7.497633 6.273885 25.310265 -22.417072 -0.890133 -3.080256 10.304863 -4.553078 -0.000000 0.000000 0.000000 12.761609 -6.025504 5.339125 10.070148 12.721397 -1.396448 -8.248604 -13.797628 0.419493 -0.000000 0.000000 0.000000 16.340589 0.227276 6.275088 10.320677 -5.182438 5.228094 5.672266 -1.819435 5.231555 9.731890 -12.594970 4.162066 -10.180775 4.907687 13.623945 -0.000000 0.000000 0.000000 2.638451 -5.308902 -23.536820 27.263540 -3.339667 -33.547847 -45.063728 -72.445897 -73.165253 -29.221840 1.871133 57.102253 4.980089 7.269066 10.512491 29.710460 1.328232 22.549318 -131.545533 72.533695 161.217349 -8.340134 2.939567 -81.945738 
-5.401150 100.337064 -51.192099 -14.227912 4.269338 1.653784 -0.367139 7.505571 6.276494 25.333017 -22.410309 -0.871323 -3.046107 10.272337 -4.585133 -0.000000 0.000000 0.000000 12.780485 -6.046632 5.341832 10.070759 12.700189 -1.393263 -8.240954 -13.777808 0.423214 -0.000000 0.000000 0.000000 16.361502 0.237540 6.278556 10.367642 -5.179305 5.231483 5.671921 -1.817765 5.231283 9.694898 -12.553067 4.155209 -10.176653 4.899635 13.599151 -0.000000 0.000000 0.000000 2.618507 -5.323287 -23.519451 27.260678 -3.365383 -33.572857 -44.999313 -72.449027 -73.085060 -29.225030 1.861362 57.087359 4.995808 7.285364 10.507705 29.717979 1.322440 22.586919 -131.515286 72.524441 161.149701 -8.368242 2.983004 -81.973134 
-5.435810 100.336957 -51.203299 -14.254614 4.288830 1.671171 -0.367673 7.535180 6.289298 25.345154 -22.409296 -0.858468 -3.007049 10.242290 -4.609629 -0.000000 0.000000 0.000000 12.835617 -6.078582 5.340518 10.009399 12.693525 -1.378585 -8.204712 -13.752507 0.449707 -0.000000 0.000000 0.000000 16.407370 0.248088 6.290093 10.390801 -5.183165 5.233541 5.671080 -1.816015 5.231075 9.675996 -12.530286 4.140720 -10.144819 4.904107 13.594659 -0.000000 0.000000 0.000000 2.609113 -5.324805 -23.535571 27.267588 -3.367729 -33.535744 -45.076473 -72.440468 -73.161039 -29.226266 1.831850 57.094649 4.989044 7.285861 10.539652 29.718817 1.290259 22.531534 -131.559739 72.493035 161.188580 -8.343213 2.976103 -81.988855 
-5.473990 100.342059 -51.211298 -14.267060 4.324417 1.688165 -0.358399 7.537430 6.305350 25.314787 -22.428155 -0.861672 -2.975558 10.232425 -4.631550 -0.000000 0.000000 0.000000 12.895527 -6.106584 5.348050 9.908819 12.694453 -1.354956 -8.160489 -13.750512 0.473410 -0.000000 0.000000 0.000000 16.412659 0.250773 6.291893 10.428519 -5.202102 5.240179 5.669840 -1.813326 5.230866 9.692483 -12.517534 4.114092 -10.141705 4.926473 13.576803 -0.000000 0.000000 0.000000 2.596777 -5.317348 -23.526968 27.259691 -3.380305 -33.532562 -45.044488 -72.431703 -73.146641 -29.189991 1.830972 57.147080 4.966064 7.276843 10.525627 29.702758 1.314331 22.511261 -131.632609 72.468285 161.252476 -8.328357 2.927348 -81.983379 
-5.512530 100.346661 -51.222998 -14.263637 4.329212 1.704297 -0.358815 7.544921 6.304309 25.289366 -22.427741 -0.847089 -2.942652 10.232250 -4.638684 -0.000000 0.000000 0.000000 12.950731 -6.152273 5.337337 9.805089 12.666890 -1.329785 -8.113162 -13.675167 0.517704 -0.000000 0.000000 0.000000 16.425361 0.258441 6.308202 10.435184 -5.207696 5.241931 5.667451 -1.799578 5.229672 9.744072 -12.508097 4.091551 -10.131142 4.928729 13.570572 -0.000000 0.000000 0.000000 2.586274 -5.310958 -23.528723 27.266293 -3.365295 -33.528152 -45.088497 -72.415413 -73.174505 -29.188280 1.853355 57.148537 4.983028 7.277101 10.522995 29.698686 1.303759 22.576512 -131.537232 72.463758 161.163342 -8.299221 2.943466 -81.998839 
-5.550960 100.347960 -51.241297 -14.255141 4.310218 1.722092 -0.356246 7.517784 6.303671 25.234588 -22.417589 -0.874026 -2.915390 10.262429 -4.641750 -0.000000 0.000000 0.000000 12.920413 -6.140224 5.333653 9.805897 12.668260 -1.327431 -8.097834 -13.675849 0.529227 -0.000000 0.000000 0.000000 16.440005 0.261105 6.306214 10.459535 -5.204481 5.244927 5.663043 -1.794671 5.229363 9.752536 -12.511751 4.070827 -10.123880 4.931792 13.561760 -0.000000 0.000000 0.000000 2.573018 -5.304440 -23.546551 27.268007 -3.352413 -33.506155 -45.149101 -72.422149 -73.220363 -29.176914 1.847286 57.132275 4.983214 7.278593 10.550520 29.711572 1.284034 22.547121 -131.583059 72.451896 161.200098 -8.285720 2.922635 -81.993464 
-5.595020 100.348866 -51.261395 -14.250209 4.293271 1.733969 -0.355997 7.505233 6.303298 25.200798 -22.405229 -0.889132 -2.885301 10.274646 -4.646521 -0.000000 0.000000 0.000000 12.927887 -6.135908 5.334729 9.763020 12.670562 -1.318797 -8.072789 -13.667228 0.542856 -0.000000 0.000000 0.000000 16.458765 0.265900 6.301227 10.500933 -5.198985 5.250062 5.643511 -1.794915 5.229076 9.778670 -12.510749 4.039553 -10.157608 4.942564 13.559667 -0.000000 0.000000 0.000000 2.576917 -5.303150 -23.561179 27.276711 -3.334675 -33.504005 -45.194923 -72.444908 -73.249822 -29.162135 1.849539 57.124001 4.989732 7.282008 10.570461 29.708319 1.258630 22.525620 -131.682019 72.442058 161.285931 -8.282460 2.918354 -81.988623 
-5.636470 100.349569 -51.287401 -14.242500 4.275122 1.746653 -0.370650 7.495163 6.305082 25.177864 -22.386380 -0.887796 -2.857655 10.285138 -4.650950 -0.000000 0.000000 0.000000 12.877242 -6.137216 5.335999 9.778816 12.650794 -1.315000 -8.059079 -13.640748 0.553144 -0.000000 0.000000 0.000000 16.486317 0.270319 6.296072 10.532017 -5.194370 5.254833 5.623077 -1.795441 5.228917 9.813388 -12.498685 4.015059 -10.191099 4.947902 13.564691 -0.000000 0.000000 0.000000 2.579843 -5.321298 -23.567573 27.279257 -3.328402 -33.502956 -45.174531 -72.459434 -73.225640 -29.136430 1.850213 57.125796 5.011782 7.290158 10.585582 29.707049 1.226820 22.538415 -131.746553 72.440553 161.333867 -8.274472 2.932121 -81.998498 
-5.678970 100.350058 -51.317900 -14.232247 4.261843 1.755865 -0.400148 7.492053 6.309368 25.169429 -22.366419 -0.886517 -2.832625 10.291401 -4.654970 -0.000000 0.000000 0.000000 12.810703 -6.139173 5.343693 9.816328 12.637506 -1.309556 -8.050320 -13.626661 0.557375 -0.000000 0.000000 0.000000 16.515888 0.274721 6.291044 10.543945 -5.192082 5.258430 5.606758 -1.795936 5.232996 9.858941 -12.493508 4.005027 -10.200235 4.957874 13.576910 -0.000000 0.000000 0.000000 2.578910 -5.340838 -23.572624 27.278804 -3.327166 -33.499391 -45.126507 -72.464397 -73.193008 -29.113862 1.847728 57.138954 5.028648 7.298870 10.591817 29.705432 1.198345 22.544260 -131.782696 72.445502 161.364094 -8.256578 2.946739 -82.009962 
-5.723190 100.350356 -51.348799 -14.212382 4.256234 1.745055 -0.455952 7.518649 6.335364 25.182176 -22.334332 -0.871843 -2.807675 10.274294 -4.660295 -0.000000 0.000000 0.000000 12.775229 -6.150507 5.363605 9.807001 12.621008 -1.297287 -8.034045 -13.589542 0.561168 -0.000000 0.000000 0.000000 16.533444 0.277983 6.287415 10.554650 -5.199360 5.268648 5.557766 -1.798953 5.250169 9.978595 -12.509757 3.998404 -10.227593 4.983902 13.611263 -0.000000 0.000000 0.000000 2.594493 -5.373598 -23.590508 27.289358 -3.309390 -33.495744 -45.102934 -72.461908 -73.186256 -29.102600 1.839740 57.139599 5.050001 7.318345 10.597877 29.679303 1.156399 22.523200 -131.830732 72.433694 161.435901 -8.236444 2.966979 -81.999883 
-5.763800 100.350463 -51.374799 -14.184356 4.243456 1.737431 -0.515950 7.560757 6.365447 25.184383 -22.309248 -0.858317 -2.785899 10.252375 -4.665018 -0.000000 0.000000 0.000000 12.771923 -6.179219 5.381140 9.761774 12.622729 -1.280755 -8.017518 -13.543121 0.561368 -0.000000 0.000000 0.000000 16.529869 0.277632 6.284155 10.560785 -5.205327 5.276718 5.503919 -1.802938 5.266528 10.126837 -12.557996 4.000613 -10.250711 5.007436 13.657954 -0.000000 0.000000 0.000000 2.614905 -5.409010 -23.611308 27.305598 -3.294638 -33.489315 -45.065842 -72.451887 -73.184345 -29.094370 1.819990 57.161826 5.081162 7.339138 10.592264 29.652825 1.111302 22.528726 -131.800496 72.414184 161.428107 -8.212023 2.971332 -81.985311 
-5.802970 100.350463 -51.397496 -14.163089 4.219281 1.734632 -0.550166 7.576326 6.384339 25.171362 -22.288240 -0.857543 -2.778279 10.251559 -4.664681 -0.000000 0.000000 0.000000 12.705620 -6.178690 5.394017 9.786989 12.621467 -1.275202 -8.014679 -13.523817 0.562197 -0.000000 0.000000 0.000000 16.520868 0.278579 6.275453 10.550525 -5.202139 5.276478 5.489762 -1.804650 5.271658 10.198390 -12.580371 4.022783 -10.238034 5.009714 13.678613 -0.000000 0.000000 0.000000 2.621354 -5.415543 -23.620378 27.311115 -3.290900 -33.478461 -45.054127 -72.440278 -73.196947 -29.094259 1.800024 57.160083 5.100110 7.340467 10.594004 29.652964 1.094136 22.517906 -131.773822 72.422110 161.424589 -8.198135 2.982371 -81.990246 
-5.843320 100.350356 -51.417500 -14.145460 4.190975 1.731337 -0.577764 7.589619 6.406545 25.159864 -22.262867 -0.860623 -2.764427 10.250561 -4.663166 -0.000000 0.000000 0.000000 12.655541 -6.173101 5.412550 9.808139 12.620615 -1.276292 -8.013018 -13.507660 0.561182 -0.000000 0.000000 0.000000 16.511070 0.279311 6.262507 10.542852 -5.197937 5.275977 5.467107 -1.806677 5.280767 10.260993 -12.605406 4.044554 -10.239827 5.007912 13.700912 -0.000000 0.000000 0.000000 2.632875 -5.424182 -23.633232 27.316051 -3.284319 -33.465046 -45.070921 -72.426172 -73.229591 -29.075631 1.792449 57.146749 5.118129 7.355507 10.594638 29.650058 1.076453 22.504400 -131.670132 72.417588 161.350786 -8.187945 2.993537 -82.002564 
-5.880350 100.350153 -51.438099 -14.116472 4.158792 1.727496 -0.601285 7.575654 6.421644 25.118862 -22.243792 -0.880937 -2.745211 10.269822 -4.652999 -0.000000 0.000000 0.000000 12.582097 -6.164507 5.418801 9.837869 12.620397 -1.268088 -8.011842 -13.489914 0.557290 -0.000000 0.000000 0.000000 16.479744 0.283569 6.245769 10.553256 -5.191168 5.276692 5.443901 -1.808907 5.284939 10.303811 -12.618714 4.059676 -10.263755 5.000072 13.730980 -0.000000 0.000000 0.000000 2.644187 -5.436169 -23.640389 27.322060 -3.282604 -33.458862 -45.085360 -72.420913 -73.249007 -29.065221 1.796038 57.142527 5.146497 7.370834 10.594567 29.648386 1.063841 22.507243 -131.628807 72.425655 161.325321 -8.187555 2.999300 -82.007149 
-5.916920 100.349867 -51.457000 -14.089262 4.136118 1.721035 -0.635544 7.569910 6.437906 25.098993 -22.222587 -0.892686 -2.724196 10.279189 -4.648577 -0.000000 0.000000 0.000000 12.528985 -6.162313 5.430087 9.850233 12.621533 -1.260736 -8.009573 -13.473656 0.552682 -0.000000 0.000000 0.000000 16.445574 0.290174 6.229768 10.557707 -5.184911 5.276744 5.417878 -1.810911 5.288016 10.344978 -12.625755 4.071880 -10.288168 4.995493 13.765509 -0.000000 0.000000 0.000000 2.652444 -5.450736 -23.649820 27.336080 -3.276613 -33.436208 -45.117383 -72.412531 -73.301848 -29.062172 1.795357 57.139509 5.174228 7.382398 10.601728 29.648621 1.043014 22.496050 -131.605205 72.431622 161.322634 -8.191429 3.014947 -82.010205 
-5.956390 100.349665 -51.472896 -14.015344 4.105827 1.708698 -0.717629 7.572323 6.468811 25.069977 -22.179073 -0.906266 -2.678041 10.287077 -4.643000 -0.000000 0.000000 0.000000 12.460312 -6.152919 5.455438 9.822751 12.626137 -1.253457 -7.993347 -13.456084 0.529480 -0.000000 0.000000 0.000000 16.360212 0.303660 6.216536 10.507567 -5.174427 5.268443 5.360120 -1.802862 5.301798 10.514137 -12.667107 4.073801 -10.320706 5.040897 13.840324 -0.000000 0.000000 0.000000 2.689105 -5.497066 -23.669791 27.364420 -3.256711 -33.410417 -45.104391 -72.378586 -73.337505 -29.066632 1.815332 57.155653 5.236758 7.421592 10.596527 29.633874 1.003189 22.485213 -131.543939 72.435202 161.320353 -8.224821 2.996382 -81.978014 
-5.986250 100.349259 -51.481897 -13.999099 4.077561 1.709998 -0.730420 7.582097 6.472614 25.057206 -22.169551 -0.898738 -2.672257 10.295831 -4.629582 -0.000000 0.000000 0.000000 12.455754 -6.145363 5.467023 9.805187 12.637841 -1.254046 -7.996982 -13.447514 0.507097 -0.000000 0.000000 0.000000 16.314975 0.304663 6.218808 10.439919 -5.172447 5.236279 5.343422 -1.796670 5.303440 10.624626 -12.706088 4.040442 -10.345645 5.090345 13.878497 -0.000000 0.000000 0.000000 2.695368 -5.513096 -23.649448 27.392335 -3.249076 -33.417211 -45.039012 -72.365807 -73.314698 -29.059752 1.827327 57.181759 5.262115 7.457384 10.544544 29.628817 1.016397 22.542384 -131.280206 72.463015 161.112219 -8.237035 2.944174 -81.992347 
-6.017620 100.348961 -51.488799 -14.018341 4.043678 1.715638 -0.712880 7.593993 6.488317 25.051777 -22.169988 -0.911745 -2.661884 10.313173 -4.638395 -0.000000 0.000000 0.000000 12.412891 -6.137666 5.480131 9.864112 12.659358 -1.264435 -8.000197 -13.458575 0.485725 -0.000000 0.000000 0.000000 16.311372 0.307954 6.214044 10.414687 -5.157389 5.213194 5.327739 -1.788545 5.306092 10.634938 -12.729735 4.002937 -10.378483 5.108822 13.908141 -0.000000 0.000000 0.000000 2.676550 -5.514136 -23.670574 27.421485 -3.212355 -33.361198 -45.127970 -72.362732 -73.448227 -29.057449 1.825977 57.144741 5.268710 7.484361 10.564552 29.637999 0.978751 22.517826 -131.096353 72.436820 160.967817 -8.266806 2.944691 -81.976887 
-6.049430 100.348568 -51.502997 -14.023623 4.022670 1.722161 -0.737567 7.595423 6.506263 25.073623 -22.150169 -0.925639 -2.635222 10.310095 -4.652827 -0.000000 0.000000 0.000000 12.393526 -6.133317 5.485152 9.891022 12.658070 -1.263771 -8.014645 -13.439641 0.471614 -0.000000 0.000000 0.000000 16.289037 0.313970 6.200976 10.412272 -5.148142 5.206793 5.291726 -1.775337 5.307688 10.660174 -12.735932 3.989575 -10.417549 5.098731 13.937142 -0.000000 0.000000 0.000000 2.683141 -5.538102 -23.693013 27.446568 -3.191701 -33.337457 -45.150112 -72.356307 -73.484993 -29.061205 1.787826 57.140225 5.312566 7.522185 10.585399 29.652503 0.944149 22.534921 -131.103742 72.445632 160.987651 -8.244196 2.950102 -82.048925 
-6.078380 100.348163 -51.523697 -14.024913 4.017057 1.730658 -0.783717 7.610130 6.523992 25.115524 -22.142531 -0.929199 -2.602702 10.292585 -4.661909 -0.000000 0.000000 0.000000 12.399476 -6.129901 5.494171 9.900350 12.646100 -1.262260 -8.026141 -13.432971 0.456038 -0.000000 0.000000 0.000000 16.298377 0.313503 6.190676 10.341388 -5.142062 5.183906 5.279374 -1.775846 5.317960 10.710290 -12.752183 4.002850 -10.422357 5.122460 13.975380 -0.000000 0.000000 0.000000 2.680503 -5.529015 -23.688244 27.477180 -3.190405 -33.326908 -45.108966 -72.339101 -73.492637 -29.047848 1.775881 57.175661 5.315863 7.529469 10.564687 29.670855 0.955416 22.547853 -130.928093 72.446380 160.891423 -8.274264 3.015359 -82.085677 
-6.103520 100.347769 -51.543802 -14.025013 4.016624 1.732117 -0.819368 7.622282 6.544524 25.136775 -22.141902 -0.929371 -2.571019 10.280364 -4.671365 -0.000000 0.000000 0.000000 12.343476 -6.132579 5.505281 9.955373 12.637705 -1.272912 -8.021854 -13.427318 0.453019 -0.000000 0.000000 0.000000 16.300729 0.311290 6.183040 10.273835 -5.138150 5.175847 5.260930 -1.776617 5.337852 10.777003 -12.796769 4.000902 -10.440816 5.172122 14.018919 -0.000000 0.000000 0.000000 2.676141 -5.526079 -23.708990 27.515615 -3.157681 -33.317936 -45.174323 -72.328452 -73.590314 -29.046766 1.809037 57.176985 5.309478 7.542115 10.559186 29.665381 0.921494 22.490728 -130.756375 72.431043 160.798729 -8.259354 3.004219 -82.047682 
-6.127720 100.347459 -51.560795 -14.024402 4.016501 1.733338 -0.835621 7.631866 6.557134 25.136465 -22.140260 -0.929731 -2.551947 10.277678 -4.682641 -0.000000 0.000000 0.000000 12.384074 -6.134603 5.520329 9.887229 12.640415 -1.260248 -8.004101 -13.421259 0.452142 -0.000000 0.000000 0.000000 16.285243 0.307037 6.177448 10.245617 -5.139989 5.174281 5.242651 -1.777752 5.354974 10.831900 -12.836615 4.003353 -10.472550 5.181138 14.051588 -0.000000 0.000000 0.000000 2.694311 -5.553459 -23.719251 27.530169 -3.142503 -33.330365 -45.145610 -72.326737 -73.589534 -29.054402 1.794690 57.193011 5.336381 7.579960 10.556703 29.667507 0.908758 22.500510 -130.699527 72.431505 160.761908 -8.277464 3.009463 -82.103773 
-6.152810 100.347066 -51.583195 -14.007711 4.016997 1.733337 -0.860539 7.632290 6.568302 25.111585 -22.132670 -0.940243 -2.543873 10.293258 -4.665264 -0.000000 0.000000 0.000000 12.347837 -6.123347 5.531429 9.897079 12.641100 -1.251771 -8.003385 -13.431328 0.441152 -0.000000 0.000000 0.000000 16.252528 0.300642 6.177500 10.221620 -5.141931 5.171797 5.221636 -1.780786 5.357890 10.886042 -12.874190 4.009361 -10.498163 5.171039 14.083567 -0.000000 0.000000 0.000000 2.712497 -5.563876 -23.727634 27.551736 -3.137082 -33.305703 -45.215966 -72.294662 -73.683951 -29.069637 1.810945 57.220378 5.358597 7.590159 10.559641 29.679625 0.890838 22.475009 -130.715142 72.422250 160.812671 -8.290312 3.005373 -82.088717 
-6.175710 100.346768 -51.612997 -13.990613 4.017449 1.733281 -0.894971 7.630261 6.578624 25.101356 -22.118647 -0.941437 -2.533024 10.295186 -4.668639 -0.000000 0.000000 0.000000 12.273536 -6.100520 5.550719 9.949262 12.632725 -1.256712 -8.007373 -13.447987 0.423356 -0.000000 0.000000 0.000000 16.256512 0.283594 6.182323 10.153834 -5.149864 5.156272 5.210746 -1.786521 5.363534 10.932370 -12.907770 3.999112 -10.535841 5.200303 14.115757 -0.000000 0.000000 0.000000 2.721123 -5.568934 -23.745971 27.576781 -3.105962 -33.268195 -45.243625 -72.283012 -73.759780 -29.048248 1.797103 57.215475 5.355536 7.598879 10.550992 29.673495 0.893678 22.461110 -130.548212 72.429700 160.696229 -8.285841 3.013818 -82.070465 
-6.198150 100.346553 -51.636297 -13.984266 4.017375 1.734039 -0.903782 7.629754 6.583156 25.070310 -22.118245 -0.943191 -2.522616 10.297034 -4.675204 -0.000000 0.000000 0.000000 12.268122 -6.100055 5.562216 9.932125 12.626819 -1.249345 -8.009027 -13.441917 0.415527 -0.000000 0.000000 0.000000 16.246209 0.276123 6.184501 10.136370 -5.156252 5.151039 5.185787 -1.794659 5.368574 10.973137 -12.945765 3.982582 -10.576561 5.200696 14.150868 -0.000000 0.000000 0.000000 2.732732 -5.588282 -23.765518 27.593952 -3.088241 -33.270180 -45.212739 -72.265157 -73.738471 -29.034536 1.815543 57.206938 5.373548 7.617470 10.550893 29.669054 0.868392 22.463254 -130.452093 72.417197 160.627623 -8.276309 3.032728 -82.088616 
-6.215910 100.346255 -51.675200 -13.975403 4.016996 1.734737 -0.936487 7.625988 6.589260 25.060837 -22.109199 -0.943214 -2.501701 10.298726 -4.683449 -0.000000 0.000000 0.000000 12.118230 -6.093655 5.557061 10.064787 12.600087 -1.246362 -8.006129 -13.425825 0.420037 -0.000000 0.000000 0.000000 16.270117 0.268981 6.187713 10.107451 -5.162917 5.144819 5.174930 -1.803045 5.371286 10.978396 -12.941141 3.979865 -10.611905 5.213031 14.171223 -0.000000 0.000000 0.000000 2.724867 -5.592464 -23.776187 27.619039 -3.087831 -33.247323 -45.214581 -72.257133 -73.770392 -29.026027 1.821396 57.217968 5.361511 7.618315 10.557064 29.668035 0.871335 22.434098 -130.442408 72.418650 160.667266 -8.270234 3.031436 -82.109764 
-6.235660 100.346160 -51.709199 -13.965480 4.012318 1.737596 -0.968596 7.625917 6.594713 25.050296 -22.098545 -0.947554 -2.469634 10.297999 -4.691529 -0.000000 0.000000 0.000000 12.169606 -6.096211 5.552967 9.984729 12.603185 -1.238903 -7.988938 -13.418567 0.427743 -0.000000 0.000000 0.000000 16.268742 0.264460 6.189469 10.084903 -5.168490 5.138740 5.162585 -1.809994 5.374025 11.013683 -12.949003 3.982286 -10.631724 5.224931 14.199741 -0.000000 0.000000 0.000000 2.737732 -5.603583 -23.781762 27.642017 -3.080808 -33.218958 -45.271976 -72.239578 -73.854214 -29.064701 1.759275 57.225712 5.363047 7.623174 10.560734 29.668761 0.884583 22.427587 -130.338674 72.434858 160.581304 -8.259678 3.031908 -82.116305 
-6.256580 100.346065 -51.744699 -13.931130 4.001494 1.743982 -1.023226 7.645218 6.602660 25.023544 -22.075968 -0.951326 -2.416056 10.278085 -4.701600 -0.000000 0.000000 0.000000 12.051164 -6.106991 5.543425 10.022044 12.595823 -1.236788 -7.952467 -13.383992 0.446546 -0.000000 0.000000 0.000000 16.265570 0.261046 6.192500 9.996167 -5.180797 5.124910 5.146178 -1.813026 5.376563 11.139790 -12.972082 3.953379 -10.627424 5.275034 14.230079 -0.000000 0.000000 0.000000 2.757729 -5.636822 -23.786234 27.674246 -3.069107 -33.189400 -45.290645 -72.183905 -73.915088 -29.076747 1.770943 57.226170 5.388124 7.650439 10.556971 29.679149 0.872097 22.430154 -130.200075 72.424093 160.470544 -8.247477 3.015787 -82.095892 
-6.271900 100.350463 -51.773798 -13.920933 3.967377 1.748479 -1.036468 7.670212 6.603833 25.000237 -22.064049 -0.952652 -2.378310 10.277768 -4.718551 -0.000000 0.000000 0.000000 12.070276 -6.114396 5.531640 9.963418 12.604296 -1.230203 -7.923427 -13.355867 0.470519 -0.000000 0.000000 0.000000 16.272136 0.252913 6.212721 9.927332 -5.183383 5.102876 5.137405 -1.807110 5.380331 11.225132 -12.999769 3.886319 -10.643497 5.322998 14.248900 -0.000000 0.000000 0.000000 2.728845 -5.625251 -23.774090 27.701082 -3.059451 -33.188207 -45.193610 -72.182122 -73.878683 -29.008982 1.824402 57.228500 5.381811 7.651702 10.534640 29.667699 0.863951 22.411671 -130.054620 72.402067 160.423389 -8.245930 2.990368 -82.082332 
-6.291440 100.351965 -51.805997 -13.928190 3.918471 1.755624 -1.034169 7.669988 6.602074 24.972252 -22.046903 -0.970686 -2.344041 10.303001 -4.732282 -0.000000 0.000000 0.000000 12.002699 -6.095826 5.530228 10.025955 12.612278 -1.247386 -7.915802 -13.350218 0.468427 -0.000000 0.000000 0.000000 16.292205 0.248094 6.217012 9.908446 -5.172443 5.085820 5.116036 -1.796558 5.383466 11.252479 -13.013969 3.836819 -10.696002 5.346142 14.282605 -0.000000 0.000000 0.000000 2.700907 -5.621194 -23.772908 27.747071 -3.036756 -33.165382 -45.251063 -72.200692 -73.969312 -29.034752 1.827005 57.212519 5.394034 7.682596 10.535526 29.676552 0.840138 22.427191 -129.952317 72.415016 160.348654 -8.218890 3.010690 -82.094191 
-6.313039 100.353158 -51.841801 -13.937199 3.880884 1.758995 -1.052299 7.682199 6.606670 24.981894 -22.025846 -0.977723 -2.314170 10.297827 -4.755727 -0.000000 0.000000 0.000000 11.946312 -6.072450 5.535937 10.083460 12.613002 -1.262333 -7.915637 -13.353306 0.466903 -0.000000 0.000000 0.000000 16.315155 0.247247 6.217433 9.901390 -5.163795 5.082064 5.082425 -1.794026 5.396271 11.286757 -13.031190 3.800125 -10.749693 5.358472 14.318376 -0.000000 0.000000 0.000000 2.688897 -5.637870 -23.794967 27.783796 -3.011765 -33.141310 -45.336361 -72.185394 -74.065528 -29.038430 1.803720 57.223448 5.414917 7.723739 10.566339 29.695233 0.791775 22.406170 -129.875665 72.404492 160.288585 -8.202535 3.035615 -82.126119 
-6.330450 100.354159 -51.881599 -13.935057 3.856838 1.753570 -1.100993 7.697396 6.624178 25.013367 -22.010787 -0.973840 -2.285911 10.292100 -4.770607 -0.000000 0.000000 0.000000 11.892250 -6.071318 5.539200 10.132583 12.600772 -1.262488 -7.916774 -13.328065 0.469402 -0.000000 0.000000 0.000000 16.341589 0.232948 6.221654 9.857232 -5.166637 5.076605 5.059779 -1.797176 5.409657 11.348359 -13.061022 3.771760 -10.816700 5.399475 14.355882 -0.000000 0.000000 0.000000 2.679749 -5.648968 -23.805984 27.810179 -2.990944 -33.159974 -45.242819 -72.188712 -74.013602 -28.987667 1.824996 57.253483 5.417761 7.751861 10.551279 29.692583 0.771105 22.392666 -129.791274 72.386351 160.268685 -8.194629 3.018841 -82.154319 
-6.345790 100.354958 -51.916200 -13.946470 3.846843 1.752371 -1.125218 7.711777 6.635991 25.025176 -22.000430 -0.974263 -2.262824 10.289023 -4.776681 -0.000000 0.000000 0.000000 11.921476 -6.067220 5.546998 10.098806 12.605896 -1.253791 -7.906664 -13.324098 0.471714 -0.000000 0.000000 0.000000 16.365309 0.221995 6.224605 9.822492 -5.168632 5.072259 5.039956 -1.800629 5.421277 11.415172 -13.096154 3.768523 -10.854035 5.426495 14.398281 -0.000000 0.000000 0.000000 2.677289 -5.664080 -23.822288 27.843809 -2.971653 -33.144645 -45.281117 -72.168695 -74.085628 -28.990639 1.821815 57.263806 5.425654 7.771938 10.550737 29.696203 0.736050 22.389601 -129.733702 72.376477 160.229964 -8.161964 3.022082 -82.151777 
-6.362450 100.355661 -51.945996 -13.963346 3.845968 1.753663 -1.131974 7.727687 6.649089 25.024929 -21.998015 -0.968787 -2.239490 10.287273 -4.791262 -0.000000 0.000000 0.000000 11.917862 -6.062275 5.559592 10.096854 12.599567 -1.254171 -7.894551 -13.333858 0.472876 -0.000000 0.000000 0.000000 16.383800 0.214394 6.226326 9.795284 -5.170076 5.068848 5.027589 -1.802185 5.435453 11.457949 -13.128312 3.767829 -10.880102 5.427712 14.429668 -0.000000 0.000000 0.000000 2.680615 -5.675711 -23.839598 27.851759 -2.966608 -33.121085 -45.287507 -72.166993 -74.118531 -29.007866 1.820541 57.256203 5.426411 7.772183 10.572420 29.694205 0.700681 22.339996 -129.784210 72.383558 160.311782 -8.137586 3.027779 -82.144881 
-6.381970 100.356257 -51.978296 -13.968942 3.830696 1.750431 -1.142095 7.741176 6.659261 25.010294 -21.994161 -0.964961 -2.225565 10.286026 -4.787544 -0.000000 0.000000 0.000000 11.816476 -6.063557 5.560246 10.200252 12.593552 -1.250262 -7.893642 -13.314603 0.476163 -0.000000 0.000000 0.000000 16.389032 0.212337 6.225475 9.772365 -5.171351 5.066095 5.023651 -1.803092 5.436554 11.476301 -13.141303 3.778615 -10.889527 5.436314 14.451615 -0.000000 0.000000 0.000000 2.682148 -5.688801 -23.837232 27.861426 -2.973126 -33.145341 -45.238204 -72.168895 -74.077427 -29.008070 1.825747 57.297660 5.437248 7.783630 10.542337 29.699676 0.711981 22.379467 -129.701682 72.378702 160.245551 -8.182844 3.047639 -82.161862 
-6.400870 100.356758 -52.013898 -13.984127 3.803749 1.744979 -1.134927 7.740604 6.659750 24.991619 -21.990566 -0.962590 -2.207465 10.305225 -4.788234 -0.000000 0.000000 0.000000 11.843950 -6.063580 5.566136 10.179660 12.598992 -1.252135 -7.890031 -13.297891 0.490866 -0.000000 0.000000 0.000000 16.417640 0.213376 6.223237 9.749667 -5.172921 5.063668 5.012513 -1.805126 5.436053 11.477424 -13.140801 3.796382 -10.876062 5.440877 14.473555 -0.000000 0.000000 0.000000 2.678035 -5.696718 -23.833804 27.887803 -2.962060 -33.104835 -45.338777 -72.147731 -74.200304 -29.002957 1.797185 57.318052 5.428531 7.795576 10.548180 29.713362 0.707821 22.390416 -129.589756 72.371481 160.138610 -8.152859 3.058100 -82.166925 
-6.419170 100.357258 -52.043200 -14.014319 3.801764 1.746840 -1.111178 7.734245 6.666513 24.969330 -21.988546 -0.965083 -2.187278 10.308342 -4.803026 -0.000000 0.000000 0.000000 11.808723 -6.058656 5.571083 10.217743 12.591919 -1.253470 -7.873960 -13.289889 0.499157 -0.000000 0.000000 0.000000 16.418998 0.211753 6.222307 9.782175 -5.179903 5.068295 5.009160 -1.812167 5.435967 11.447846 -13.125383 3.800871 -10.872488 5.435871 14.472626 -0.000000 0.000000 0.000000 2.670578 -5.699905 -23.820060 27.882789 -2.976014 -33.102286 -45.325545 -72.155265 -74.188738 -29.028228 1.781636 57.304282 5.402739 7.796799 10.539465 29.711079 0.736456 22.387551 -129.584775 72.387514 160.128015 -8.156912 3.072061 -82.140620 
-6.434440 100.357759 -52.074498 -14.039340 3.804942 1.749705 -1.110474 7.722556 6.677521 24.969852 -21.988217 -0.963406 -2.171767 10.316579 -4.806788 -0.000000 0.000000 0.000000 11.830833 -6.045501 5.586851 10.201522 12.602937 -1.253183 -7.863701 -13.325041 0.496592 -0.000000 0.000000 0.000000 16.422138 0.210496 6.221635 9.831714 -5.183253 5.074435 5.007552 -1.820212 5.431642 11.385164 -13.104467 3.795846 -10.858732 5.431173 14.440720 -0.000000 0.000000 0.000000 2.682381 -5.712395 -23.812833 27.864736 -2.999945 -33.120109 -45.285206 -72.157772 -74.121790 -29.038446 1.753600 57.332150 5.394909 7.795941 10.537615 29.715070 0.766947 22.376485 -129.614834 72.372890 160.135041 -8.177842 3.071647 -82.152750 
-6.447770 100.358260 -52.110296 -14.055142 3.810647 1.752693 -1.118074 7.707195 6.677808 24.970285 -21.979398 -0.966695 -2.144230 10.318664 -4.811749 -0.000000 0.000000 0.000000 11.846210 -6.043820 5.584161 10.182464 12.614581 -1.244887 -7.854718 -13.337835 0.506673 -0.000000 0.000000 0.000000 16.424946 0.209442 6.220858 9.851099 -5.185953 5.077492 5.007704 -1.824347 5.424885 11.371330 -13.088196 3.799792 -10.833133 5.447676 14.425082 -0.000000 0.000000 0.000000 2.684105 -5.716363 -23.833078 27.872730 -2.998299 -33.084948 -45.360999 -72.165960 -74.199021 -29.026244 1.735785 57.377639 5.393562 7.797671 10.557279 29.731479 0.767624 22.342972 -129.618884 72.363357 160.123316 -8.163936 3.062677 -82.159595 
-6.459440 100.358760 -52.142102 -14.057497 3.818650 1.755516 -1.142085 7.711107 6.679483 24.964346 -21.976506 -0.969904 -2.112287 10.314910 -4.817644 -0.000000 0.000000 0.000000 11.788560 -6.067551 5.567712 10.224080 12.601726 -1.230453 -7.849716 -13.317041 0.519468 -0.000000 0.000000 0.000000 16.407728 0.206445 6.219696 9.821778 -5.189566 5.075661 5.028961 -1.825369 5.420261 11.412349 -13.065604 3.785040 -10.790711 5.477258 14.411866 -0.000000 0.000000 0.000000 2.687238 -5.716473 -23.809294 27.866943 -3.012182 -33.099367 -45.332655 -72.139625 -74.174043 -29.056636 1.749539 57.373548 5.397647 7.796369 10.536066 29.712308 0.799122 22.358525 -129.572287 72.371349 160.075447 -8.183070 3.050169 -82.143688 
-6.470410 100.359166 -52.167100 -14.081394 3.817677 1.763818 -1.128066 7.714874 6.675766 24.950091 -21.973789 -0.976151 -2.090281 10.319785 -4.821272 -0.000000 0.000000 0.000000 11.837870 -6.096104 5.548803 10.186049 12.607357 -1.215177 -7.857683 -13.295262 0.547648 -0.000000 0.000000 0.000000 16.381894 0.202817 6.217626 9.844426 -5.187758 5.079441 5.036657 -1.827482 5.416548 11.422846 -13.030551 3.761137 -10.746143 5.481977 14.376418 -0.000000 0.000000 0.000000 2.679437 -5.711110 -23.782720 27.857246 -3.040262 -33.123936 -45.296663 -72.130581 -74.130997 -29.070269 1.740965 57.354498 5.400671 7.789234 10.524650 29.702796 0.804552 22.365187 -129.659574 72.376413 160.152065 -8.168979 3.038370 -82.148171 
-6.482190 100.359559 -52.190799 -14.125878 3.813869 1.776983 -1.096228 7.714056 6.669832 24.944787 -21.971153 -0.994253 -2.072600 10.331765 -4.823486 -0.000000 0.000000 0.000000 11.881232 -6.109416 5.520034 10.202386 12.606054 -1.201463 -7.905183 -13.311473 0.584512 -0.000000 0.000000 0.000000 16.379479 0.214394 6.201662 9.900843 -5.181606 5.099033 5.040613 -1.829871 5.414381 11.365233 -12.993694 3.766028 -10.716561 5.486370 14.332766 -0.000000 0.000000 0.000000 2.660098 -5.704421 -23.799757 27.861906 -3.039937 -33.091334 -45.351702 -72.188508 -74.183570 -29.034312 1.739925 57.389989 5.380417 7.784064 10.566069 29.716018 0.791769 22.301084 -129.644423 72.334837 160.118037 -8.201766 3.079684 -82.113014 
-6.492280 100.359964 -52.219898 -14.149073 3.827793 1.797811 -1.115441 7.681617 6.671398 24.973483 -21.942281 -1.026651 -2.037545 10.338171 -4.817371 -0.000000 0.000000 0.000000 11.820410 -6.098602 5.484972 10.304645 12.584199 -1.187986 -7.965629 -13.326823 0.605740 -0.000000 0.000000 0.000000 16.366387 0.224190 6.178098 9.947072 -5.184670 5.125679 5.044981 -1.832306 5.413099 11.311961 -12.948947 3.779138 -10.713789 5.460704 14.307657 -0.000000 0.000000 0.000000 2.678104 -5.713229 -23.803011 27.835776 -3.057073 -33.101400 -45.397718 -72.174815 -74.180280 -29.062772 1.715431 57.387564 5.390749 7.775268 10.594655 29.712585 0.794801 22.281647 -129.792622 72.341895 160.216142 -8.190382 3.068708 -82.152140 
-6.498940 100.360358 -52.247399 -14.187825 3.853261 1.808910 -1.143288 7.699648 6.685044 25.037449 -21.917102 -1.035569 -1.999954 10.314729 -4.818172 -0.000000 0.000000 0.000000 11.838940 -6.123016 5.468512 10.326842 12.569319 -1.175295 -7.987748 -13.319386 0.631119 -0.000000 0.000000 0.000000 16.381100 0.233477 6.175178 9.961835 -5.188142 5.142018 5.056578 -1.841058 5.412850 11.277116 -12.921161 3.809732 -10.656191 5.451085 14.272695 -0.000000 0.000000 0.000000 2.708489 -5.726002 -23.786977 27.789942 -3.095232 -33.134309 -45.293323 -72.161673 -74.075586 -29.088926 1.651948 57.398198 5.392680 7.762434 10.587539 29.707325 0.810386 22.284853 -129.865836 72.352196 160.262952 -8.187110 3.110795 -82.177034 
-6.502800 100.360763 -52.267998 -14.231118 3.884759 1.821870 -1.145811 7.709507 6.693789 25.064748 -21.921447 -1.038946 -1.976390 10.291172 -4.844031 -0.000000 0.000000 0.000000 11.817567 -6.157384 5.450938 10.380445 12.551548 -1.164640 -7.994133 -13.301315 0.676001 -0.000000 0.000000 0.000000 16.389336 0.246714 6.171855 9.989491 -5.198151 5.160328 5.072371 -1.857387 5.413194 11.244941 -12.901510 3.855890 -10.611475 5.440988 14.234403 -0.000000 0.000000 0.000000 2.728729 -5.737225 -23.799809 27.763203 -3.111525 -33.130796 -45.290290 -72.159064 -74.050273 -29.058015 1.652175 57.427027 5.369754 7.735309 10.598951 29.687530 0.814135 22.236565 -129.904091 72.330933 160.291138 -8.193452 3.114561 -82.128858 
-6.504340 100.361156 -52.289701 -14.251672 3.892457 1.827122 -1.141930 7.710782 6.694235 25.079510 -21.905969 -1.037302 -1.966774 10.280756 -4.829915 -0.000000 0.000000 0.000000 11.822667 -6.175193 5.432752 10.391455 12.541345 -1.154713 -7.992997 -13.280607 0.691768 -0.000000 0.000000 0.000000 16.378776 0.253764 6.170507 10.019848 -5.193699 5.166463 5.084819 -1.859545 5.411676 11.227005 -12.891888 3.899803 -10.577699 5.418318 14.211810 -0.000000 0.000000 0.000000 2.752900 -5.758265 -23.795407 27.733107 -3.121916 -33.155214 -45.329973 -72.156256 -74.030001 -29.055925 1.680370 57.429952 5.385718 7.744181 10.581601 29.678143 0.836102 22.264085 -129.942918 72.329578 160.295500 -8.219730 3.112779 -82.147423 
-6.505580 100.361562 -52.299303 -14.283452 3.891215 1.831084 -1.109280 7.715306 6.691102 25.068074 -21.906943 -1.039814 -1.963390 10.273198 -4.843227 -0.000000 0.000000 0.000000 11.845061 -6.173255 5.439646 10.392486 12.548949 -1.156904 -7.991843 -13.289355 0.694396 -0.000000 0.000000 0.000000 16.367484 0.263745 6.168701 10.080028 -5.183610 5.182282 5.085180 -1.859431 5.408502 11.204344 -12.879827 3.939709 -10.551120 5.381183 14.195530 -0.000000 0.000000 0.000000 2.761755 -5.766456 -23.781760 27.703224 -3.138307 -33.160815 -45.330757 -72.173978 -74.009640 -29.042582 1.671015 57.415636 5.402010 7.748527 10.580742 29.675929 0.829992 22.284897 -130.002802 72.332503 160.316110 -8.225163 3.125217 -82.149973 
-6.506570 100.361967 -52.315801 -14.312599 3.889346 1.834928 -1.078330 7.687839 6.681595 25.059295 -21.906588 -1.045514 -1.959249 10.307145 -4.843084 -0.000000 0.000000 0.000000 11.921963 -6.159670 5.431138 10.340287 12.559570 -1.147399 -8.003147 -13.303130 0.707589 -0.000000 0.000000 0.000000 16.383226 0.272506 6.168142 10.122161 -5.177411 5.191573 5.099711 -1.858346 5.398359 11.126182 -12.861513 3.975219 -10.505596 5.359182 14.161346 -0.000000 0.000000 0.000000 2.753964 -5.765268 -23.807068 27.684734 -3.143576 -33.149804 -45.351595 -72.172834 -73.978157 -29.026443 1.660733 57.384772 5.382585 7.738270 10.604738 29.680886 0.837362 22.243177 -130.080053 72.322558 160.366272 -8.234544 3.160353 -82.119689 
-6.507350 100.362360 -52.328497 -14.325508 3.887238 1.838484 -1.067241 7.659626 6.668234 25.058528 -21.906028 -1.051735 -1.958038 10.326492 -4.836765 -0.000000 0.000000 0.000000 11.891767 -6.189427 5.385815 10.406489 12.537662 -1.124801 -8.075250 -13.263808 0.781845 -0.000000 0.000000 0.000000 16.362695 0.279678 6.167010 10.195656 -5.187269 5.215875 5.110377 -1.857941 5.383025 11.041049 -12.807759 3.994833 -10.475748 5.315322 14.111375 -0.000000 0.000000 0.000000 2.775325 -5.773774 -23.801094 27.659250 -3.164177 -33.185537 -45.345097 -72.166932 -73.899171 -29.021343 1.679031 57.416912 5.376330 7.736741 10.612439 29.674432 0.858691 22.248094 -130.157434 72.304009 160.391348 -8.231601 3.137801 -82.114692 
-6.507950 100.360966 -52.337795 -14.336069 3.884520 1.842981 -1.084109 7.675215 6.660804 25.095639 -21.893260 -1.051776 -1.961085 10.336116 -4.814971 -0.000000 0.000000 0.000000 11.836697 -6.228124 5.333014 10.515379 12.533739 -1.101408 -8.159825 -13.229353 0.840551 -0.000000 0.000000 0.000000 16.364134 0.288330 6.176714 10.232190 -5.184887 5.231927 5.123528 -1.857036 5.371159 10.948101 -12.757960 3.980017 -10.440480 5.269960 14.067958 -0.000000 0.000000 0.000000 2.758823 -5.765136 -23.790916 27.647552 -3.179268 -33.176906 -45.336466 -72.192306 -73.900396 -29.019312 1.660337 57.448789 5.370765 7.714982 10.645088 29.668864 0.848889 22.214883 -130.296809 72.296886 160.525751 -8.204228 3.128348 -82.138498 
-6.505670 100.359654 -52.338898 -14.341864 3.877285 1.843334 -1.069795 7.671688 6.650369 25.085357 -21.892258 -1.054505 -1.966646 10.350823 -4.804779 -0.000000 0.000000 0.000000 11.807591 -6.233367 5.312901 10.561898 12.536558 -1.096234 -8.181555 -13.225438 0.852185 -0.000000 0.000000 0.000000 16.361821 0.296077 6.178071 10.259113 -5.183649 5.240394 5.126534 -1.856218 5.369666 10.912077 -12.743762 3.955183 -10.439226 5.255126 14.046286 -0.000000 0.000000 0.000000 2.751263 -5.764523 -23.786457 27.641523 -3.186898 -33.174924 -45.344604 -72.197096 -73.901608 -29.015842 1.651709 57.449533 5.370615 7.711908 10.665221 29.667856 0.837018 22.202701 -130.336111 72.284952 160.545095 -8.207203 3.139937 -82.133714 
-6.493000 100.358260 -52.324003 -14.373276 3.852941 1.840345 -0.989261 7.668109 6.626438 25.048216 -21.873637 -1.057664 -2.007097 10.390005 -4.766831 -0.000000 0.000000 0.000000 11.880235 -6.238697 5.295095 10.549970 12.577546 -1.087677 -8.239527 -13.246252 0.883776 -0.000000 0.000000 0.000000 16.314478 0.286391 6.189901 10.397073 -5.190366 5.288086 5.143067 -1.841375 5.345097 10.755820 -12.627498 3.803616 -10.368797 5.235709 13.917119 -0.000000 0.000000 0.000000 2.684389 -5.757886 -23.773336 27.634103 -3.232002 -33.197935 -45.340068 -72.184456 -73.859408 -29.036160 1.674484 57.448407 5.368311 7.701870 10.756934 29.694391 0.784397 22.139798 -130.686292 72.214965 160.730272 -8.214706 3.109289 -82.124097 
-6.482820 100.356960 -52.305502 -14.383006 3.846283 1.836828 -0.978824 7.693876 6.626461 25.072899 -21.867897 -1.053886 -2.018176 10.385376 -4.760253 -0.000000 0.000000 0.000000 11.906534 -6.239484 5.296755 10.544814 12.598719 -1.092437 -8.242588 -13.252774 0.886389 -0.000000 0.000000 0.000000 16.301085 0.265010 6.219035 10.375085 -5.203203 5.288190 5.176821 -1.842427 5.325774 10.746678 -12.586440 3.738712 -10.290137 5.293704 13.854098 -0.000000 0.000000 0.000000 2.646566 -5.727874 -23.762626 27.637720 -3.247464 -33.184314 -45.255845 -72.171132 -73.798645 -29.026930 1.689547 57.439424 5.332145 7.660601 10.756539 29.701094 0.817351 22.135946 -130.691191 72.193289 160.723082 -8.204759 3.056995 -82.075488 
-6.468580 100.355661 -52.277696 -14.398413 3.805164 1.841035 -0.952446 7.707255 6.621658 25.101813 -21.866168 -1.063257 -2.018109 10.396600 -4.758218 -0.000000 0.000000 0.000000 11.904468 -6.243645 5.268219 10.590757 12.619107 -1.106197 -8.242102 -13.234339 0.902056 -0.000000 0.000000 0.000000 16.285804 0.251710 6.229133 10.366524 -5.208863 5.287055 5.216806 -1.843747 5.302992 10.716887 -12.554547 3.675641 -10.204093 5.321966 13.798316 -0.000000 0.000000 0.000000 2.608970 -5.688958 -23.745537 27.657413 -3.262620 -33.190359 -45.218047 -72.178495 -73.752901 -29.040096 1.680403 57.458434 5.283464 7.631970 10.762779 29.699827 0.861215 22.132690 -130.580097 72.189167 160.600431 -8.224332 3.039164 -81.998155 
-6.455890 100.354362 -52.251297 -14.431937 3.748968 1.845203 -0.893628 7.691161 6.605808 25.120932 -21.860710 -1.076357 -2.015833 10.427606 -4.756398 -0.000000 0.000000 0.000000 11.931989 -6.242797 5.250777 10.622592 12.647303 -1.119698 -8.230864 -13.216473 0.903468 -0.000000 0.000000 0.000000 16.287816 0.261937 6.225697 10.433833 -5.205360 5.292627 5.227210 -1.831558 5.291457 10.645033 -12.522592 3.651576 -10.189760 5.288505 13.770348 -0.000000 0.000000 0.000000 2.577562 -5.690127 -23.732611 27.659934 -3.262759 -33.182581 -45.346002 -72.183570 -73.849523 -29.058747 1.694996 57.424700 5.286833 7.645358 10.779888 29.711422 0.850958 22.169181 -130.693739 72.175116 160.635636 -8.215165 3.006320 -81.981695 
-6.440130 100.353158 -52.220297 -14.476832 3.704475 1.836958 -0.854381 7.715590 6.624275 25.189733 -21.846146 -1.073252 -2.029150 10.401162 -4.785345 -0.000000 0.000000 0.000000 12.026930 -6.231854 5.275298 10.591686 12.692391 -1.152123 -8.208538 -13.230507 0.871442 -0.000000 0.000000 0.000000 16.299567 0.263675 6.224475 10.486004 -5.202752 5.302832 5.242483 -1.820432 5.286765 10.637446 -12.528961 3.670841 -10.111283 5.253273 13.748738 -0.000000 0.000000 0.000000 2.560166 -5.700806 -23.714603 27.624586 -3.282758 -33.185122 -45.280123 -72.203131 -73.794060 -29.005082 1.695549 57.414339 5.290215 7.655323 10.780831 29.708881 0.841606 22.172933 -130.790634 72.162823 160.697286 -8.223413 3.027285 -81.977984 
-6.415540 100.352061 -52.191395 -14.473831 3.686687 1.822730 -0.843726 7.685414 6.620935 25.216586 -21.828719 -1.099779 -2.045380 10.423096 -4.768121 -0.000000 0.000000 0.000000 12.053685 -6.184018 5.284789 10.576546 12.707719 -1.164493 -8.199707 -13.262234 0.830887 -0.000000 0.000000 0.000000 16.261036 0.249490 6.227270 10.503239 -5.211860 5.325090 5.263819 -1.834022 5.288825 10.775574 -12.572290 3.738640 -10.007993 5.253826 13.729108 -0.000000 0.000000 0.000000 2.593471 -5.712832 -23.722864 27.578743 -3.305575 -33.218790 -45.225851 -72.213800 -73.676471 -28.997564 1.800677 57.367093 5.296064 7.659232 10.765689 29.680685 0.894241 22.126455 -130.862693 72.182684 160.763908 -8.275594 2.991486 -81.994281 
-6.386300 100.351059 -52.159303 -14.491889 3.691150 1.803517 -0.841474 7.714132 6.619891 25.299837 -21.827586 -1.062377 -2.082999 10.393175 -4.757743 -0.000000 0.000000 0.000000 12.091581 -6.159107 5.314118 10.580161 12.743840 -1.185010 -8.168814 -13.302794 0.772277 -0.000000 0.000000 0.000000 16.251011 0.230111 6.246724 10.527923 -5.222750 5.352848 5.279926 -1.841177 5.290305 10.900484 -12.643677 3.796349 -9.970862 5.252464 13.723298 -0.000000 0.000000 0.000000 2.631611 -5.734369 -23.707154 27.531128 -3.337865 -33.241568 -45.139645 -72.236462 -73.593255 -28.961064 1.830159 57.435388 5.292806 7.656855 10.699721 29.669373 0.947087 22.163147 -130.941384 72.169211 160.823066 -8.293055 2.969431 -82.007416 
-6.357070 100.350058 -52.127898 -14.526274 3.693505 1.797884 -0.786407 7.707472 6.611068 25.327184 -21.826229 -1.050244 -2.137088 10.394563 -4.751119 -0.000000 0.000000 0.000000 12.175133 -6.107194 5.349534 10.546442 12.796735 -1.223300 -8.155771 -13.386681 0.700603 -0.000000 0.000000 0.000000 16.271411 0.221728 6.259525 10.586170 -5.226413 5.381895 5.299374 -1.849831 5.292201 10.875198 -12.682847 3.844116 -9.937586 5.204121 13.715794 -0.000000 0.000000 0.000000 2.647427 -5.755804 -23.703865 27.491038 -3.373935 -33.243794 -45.169927 -72.221534 -73.590219 -28.979553 1.809387 57.426360 5.276949 7.635214 10.703799 29.668589 0.945321 22.146996 -131.080581 72.134836 160.896610 -8.291271 2.964132 -82.000417 
-6.322930 100.349164 -52.099603 -14.535980 3.699629 1.791168 -0.755511 7.694684 6.590365 25.335664 -21.822336 -1.041145 -2.179665 10.393089 -4.734800 -0.000000 0.000000 0.000000 12.220990 -6.079642 5.360703 10.521873 12.808189 -1.235714 -8.148816 -13.413291 0.658396 -0.000000 0.000000 0.000000 16.282891 0.220220 6.282433 10.624221 -5.238774 5.403382 5.312423 -1.864901 5.294511 10.825888 -12.677720 3.898751 -9.930193 5.177555 13.695385 -0.000000 0.000000 0.000000 2.676017 -5.790943 -23.712347 27.452680 -3.390251 -33.265819 -45.069635 -72.215222 -73.450183 -28.958056 1.805516 57.409203 5.272325 7.629281 10.710571 29.666106 0.957686 22.145572 -131.231401 72.149448 160.989183 -8.292670 2.980866 -81.997839 
-6.287500 100.348568 -52.070498 -14.530949 3.715075 1.791001 -0.724602 7.694380 6.576011 25.327176 -21.824742 -1.051162 -2.224776 10.392784 -4.712521 -0.000000 0.000000 0.000000 12.242955 -6.107165 5.336188 10.510033 12.797870 -1.225851 -8.147195 -13.375706 0.661361 -0.000000 0.000000 0.000000 16.294026 0.225092 6.303504 10.649418 -5.262121 5.422641 5.332731 -1.872578 5.296517 10.749979 -12.650110 3.943416 -9.921625 5.156243 13.682065 -0.000000 0.000000 0.000000 2.678600 -5.813800 -23.701252 27.421521 -3.412535 -33.295974 -44.986055 -72.181732 -73.342548 -28.946953 1.793370 57.418113 5.260541 7.618316 10.689194 29.663652 0.992100 22.188644 -131.297083 72.147964 160.996836 -8.273817 2.936996 -82.035424 
-6.251360 100.348353 -52.041501 -14.521613 3.718044 1.786567 -0.701456 7.699932 6.569994 25.305754 -21.835086 -1.068842 -2.242042 10.391408 -4.701722 -0.000000 0.000000 0.000000 12.278462 -6.115270 5.314772 10.460571 12.804430 -1.209931 -8.119217 -13.356579 0.664108 -0.000000 0.000000 0.000000 16.317008 0.223793 6.324326 10.665568 -5.268859 5.439530 5.339683 -1.872792 5.297297 10.675063 -12.629976 3.969696 -9.914499 5.138135 13.676877 -0.000000 0.000000 0.000000 2.663823 -5.816527 -23.697230 27.413537 -3.427986 -33.299388 -44.953853 -72.171255 -73.315230 -28.957932 1.791556 57.398684 5.246212 7.610541 10.685435 29.670914 0.993058 22.159562 -131.481573 72.116228 161.172296 -8.288222 2.964347 -82.032724 
-6.217620 100.353265 -52.013201 -14.515645 3.738200 1.786660 -0.673908 7.690044 6.553603 25.282313 -21.844334 -1.071247 -2.247548 10.379069 -4.713893 -0.000000 0.000000 0.000000 12.346562 -6.093911 5.322420 10.366221 12.812267 -1.225938 -8.069658 -13.388316 0.658539 -0.000000 0.000000 0.000000 16.343243 0.218317 6.329839 10.686664 -5.275380 5.454976 5.357694 -1.882219 5.299306 10.579888 -12.605287 4.002079 -9.909970 5.139172 13.658316 -0.000000 0.000000 0.000000 2.672565 -5.831775 -23.684904 27.381687 -3.462784 -33.325968 -44.890342 -72.176719 -73.224046 -28.987679 1.760087 57.377762 5.228860 7.605525 10.677898 29.682602 1.010711 22.142160 -131.560288 72.116805 161.208351 -8.314781 2.996531 -82.009031 
-6.185740 100.363064 -51.992899 -14.498542 3.753530 1.787066 -0.668668 7.695614 6.534503 25.267842 -21.836027 -1.069633 -2.230106 10.364700 -4.728742 -0.000000 0.000000 0.000000 12.359241 -6.088114 5.318091 10.324533 12.805873 -1.244378 -8.009787 -13.381182 0.653866 -0.000000 0.000000 0.000000 16.376783 0.218123 6.340320 10.695576 -5.284067 5.459065 5.376527 -1.886351 5.300789 10.491056 -12.571962 4.033565 -9.906046 5.129954 13.660569 -0.000000 0.000000 0.000000 2.674634 -5.853686 -23.663609 27.360874 -3.483301 -33.346419 -44.808898 -72.192578 -73.131751 -28.967597 1.767976 57.385358 5.218270 7.603045 10.659771 29.676160 1.046968 22.164671 -131.578037 72.130941 161.204243 -8.333730 3.011051 -82.021003 
-6.148810 100.373769 -51.979798 -14.480459 3.768549 1.787876 -0.665687 7.683046 6.503439 25.249798 -21.821740 -1.058345 -2.218620 10.354204 -4.726183 -0.000000 0.000000 0.000000 12.372171 -6.084563 5.308523 10.262144 12.791761 -1.246488 -7.943023 -13.368163 0.667821 -0.000000 0.000000 0.000000 16.417067 0.217348 6.365680 10.687745 -5.300723 5.462988 5.392927 -1.888429 5.301945 10.429758 -12.558335 4.027958 -9.902405 5.128944 13.657373 -0.000000 0.000000 0.000000 2.670050 -5.881566 -23.638425 27.354935 -3.509782 -33.363697 -44.734088 -72.177565 -73.059259 -28.917634 1.767581 57.378431 5.205011 7.615676 10.625818 29.684260 1.067739 22.163201 -131.636082 72.112616 161.242698 -8.326733 2.991990 -82.018362 
-6.116430 100.382960 -51.959401 -14.482833 3.771285 1.786338 -0.627972 7.685264 6.479521 25.231201 -21.833481 -1.043499 -2.220805 10.356563 -4.737093 -0.000000 0.000000 0.000000 12.497278 -6.094284 5.309002 10.098105 12.799953 -1.248862 -7.874205 -13.367358 0.673577 -0.000000 0.000000 0.000000 16.461954 0.219035 6.378543 10.693452 -5.315592 5.468207 5.408147 -1.889412 5.302987 10.385597 -12.553234 4.021119 -9.885293 5.135262 13.634226 -0.000000 0.000000 0.000000 2.666754 -5.892639 -23.621782 27.349138 -3.533599 -33.379233 -44.710885 -72.157231 -73.029447 -28.956413 1.716662 57.409872 5.180847 7.628395 10.591289 29.695641 1.117484 22.166854 -131.575671 72.102346 161.178791 -8.334180 2.976255 -82.046979 
-6.089610 100.388062 -51.943803 -14.484773 3.741772 1.774851 -0.584721 7.674452 6.464833 25.192171 -21.834350 -1.044349 -2.228528 10.371205 -4.738523 -0.000000 0.000000 0.000000 12.562016 -6.082022 5.314386 10.002153 12.813473 -1.266802 -7.836107 -13.374650 0.668017 -0.000000 0.000000 0.000000 16.488605 0.225701 6.382285 10.731783 -5.306186 5.473147 5.412732 -1.877751 5.302545 10.321906 -12.541224 4.021303 -9.877186 5.103383 13.618686 -0.000000 0.000000 0.000000 2.659778 -5.907004 -23.621053 27.323740 -3.550961 -33.392207 -44.675510 -72.169008 -72.966195 -28.938179 1.702148 57.415709 5.188036 7.645002 10.591891 29.711561 1.108126 22.180483 -131.684749 72.107503 161.261899 -8.336284 3.024132 -82.096662 
-6.065710 100.392365 -51.942497 -14.468623 3.700128 1.757459 -0.575631 7.665966 6.457565 25.175883 -21.796710 -1.057335 -2.241138 10.385429 -4.739631 -0.000000 0.000000 0.000000 12.517377 -6.065576 5.307780 10.030862 12.807516 -1.275848 -7.818925 -13.347009 0.695510 -0.000000 0.000000 0.000000 16.516367 0.231245 6.381914 10.783979 -5.295237 5.488539 5.410877 -1.866206 5.302038 10.247645 -12.521922 4.037051 -9.908194 5.054466 13.619322 -0.000000 0.000000 0.000000 2.653197 -5.920995 -23.621603 27.306360 -3.556437 -33.407079 -44.664870 -72.182164 -72.916599 -28.877716 1.726974 57.409577 5.200072 7.650892 10.605565 29.716434 1.076238 22.170686 -131.853584 72.092138 161.391994 -8.347546 3.043723 -82.099815 
-6.044010 100.396168 -51.946199 -14.467806 3.700454 1.747461 -0.575379 7.661440 6.454308 25.167328 -21.793549 -1.062298 -2.243468 10.385690 -4.742840 -0.000000 0.000000 0.000000 12.509805 -6.088650 5.294616 10.035198 12.797648 -1.276206 -7.794822 -13.318219 0.711605 -0.000000 0.000000 0.000000 16.536831 0.234535 6.381855 10.836859 -5.305860 5.511426 5.410725 -1.874142 5.303634 10.182517 -12.481864 4.074452 -9.903776 5.020075 13.618049 -0.000000 0.000000 0.000000 2.657293 -5.926090 -23.612024 27.288975 -3.571982 -33.418888 -44.659520 -72.189457 -72.914286 -28.903421 1.684579 57.429392 5.200380 7.642011 10.617571 29.702954 1.091131 22.162552 -132.003841 72.120541 161.523277 -8.326807 3.045424 -82.138828 
-6.021310 100.397360 -51.954198 -14.486662 3.710738 1.734137 -0.555576 7.659491 6.449706 25.166015 -21.797210 -1.050616 -2.246171 10.385288 -4.744303 -0.000000 0.000000 0.000000 12.549413 -6.103682 5.297441 9.989579 12.786421 -1.264405 -7.761401 -13.290658 0.744384 -0.000000 0.000000 0.000000 16.586479 0.240698 6.381679 10.848176 -5.320141 5.519547 5.416309 -1.886160 5.309414 10.156139 -12.473587 4.119312 -9.884238 4.994677 13.613195 -0.000000 0.000000 0.000000 2.672483 -5.939571 -23.600534 27.276438 -3.601112 -33.446888 -44.644308 -72.173222 -72.866544 -28.962677 1.657699 57.423600 5.180252 7.617050 10.609965 29.700308 1.094214 22.170528 -132.044941 72.122422 161.545703 -8.307790 3.053445 -82.130146 
-6.000200 100.397968 -51.963997 -14.490320 3.720925 1.718270 -0.549392 7.658096 6.447259 25.158221 -21.803797 -1.033256 -2.254503 10.384854 -4.736549 -0.000000 0.000000 0.000000 12.577389 -6.112143 5.302023 9.945157 12.795372 -1.256221 -7.736719 -13.302618 0.753836 -0.000000 0.000000 0.000000 16.598341 0.242634 6.381568 10.860642 -5.328590 5.537616 5.421419 -1.894653 5.311377 10.141737 -12.475330 4.144001 -9.869673 4.981042 13.607216 -0.000000 0.000000 0.000000 2.678508 -5.942683 -23.602825 27.262680 -3.618003 -33.451336 -44.615625 -72.174293 -72.824420 -28.958329 1.644482 57.457389 5.162819 7.600175 10.606472 29.697434 1.098529 22.177733 -132.127438 72.110010 161.594336 -8.305529 2.986358 -82.115091 
-5.979320 100.398457 -51.980096 -14.491419 3.725764 1.699731 -0.547654 7.653123 6.446033 25.146369 -21.795118 -1.031320 -2.263110 10.384864 -4.725504 -0.000000 0.000000 0.000000 12.609105 -6.115469 5.300985 9.874209 12.802141 -1.239224 -7.704040 -13.300393 0.769451 -0.000000 0.000000 0.000000 16.602303 0.244030 6.381291 10.875043 -5.325524 5.552307 5.428072 -1.900300 5.312897 10.109103 -12.480119 4.156692 -9.847113 4.950277 13.597827 -0.000000 0.000000 0.000000 2.689179 -5.945458 -23.599152 27.246408 -3.644667 -33.459109 -44.577992 -72.173312 -72.777354 -28.962102 1.636436 57.445375 5.159804 7.587348 10.619867 29.694707 1.098774 22.176827 -132.153944 72.096977 161.569082 -8.307335 2.995270 -82.080810 
-5.959470 100.398755 -52.005398 -14.492032 3.708810 1.679187 -0.546919 7.648266 6.446343 25.144237 -21.790591 -1.033806 -2.267419 10.402010 -4.715239 -0.000000 0.000000 0.000000 12.602362 -6.119983 5.284189 9.843180 12.807325 -1.213009 -7.680138 -13.269347 0.782562 -0.000000 0.000000 0.000000 16.605431 0.245670 6.380885 10.865481 -5.327622 5.548528 5.434722 -1.900536 5.313819 10.081999 -12.459975 4.145263 -9.827295 4.944692 13.581204 -0.000000 0.000000 0.000000 2.680125 -5.938619 -23.587356 27.229828 -3.661314 -33.460582 -44.526561 -72.155134 -72.733944 -28.975622 1.642696 57.374846 5.155672 7.567391 10.625933 29.688653 1.102461 22.159726 -132.102707 72.104481 161.521671 -8.351526 3.046374 -82.028784 
-5.944580 100.398862 -52.030498 -14.511870 3.685825 1.655499 -0.550481 7.659149 6.463521 25.147281 -21.792377 -1.032514 -2.271394 10.411102 -4.712372 -0.000000 0.000000 0.000000 12.621197 -6.137242 5.288717 9.815616 12.833568 -1.211596 -7.660135 -13.258496 0.789396 -0.000000 0.000000 0.000000 16.606126 0.249085 6.379863 10.876406 -5.327837 5.545379 5.433565 -1.895268 5.313948 10.050506 -12.438433 4.112766 -9.844450 4.968855 13.572443 -0.000000 0.000000 0.000000 2.662074 -5.934679 -23.606232 27.239308 -3.629195 -33.446826 -44.575475 -72.192647 -72.790897 -28.956474 1.680420 57.365270 5.157431 7.576488 10.637189 29.682962 1.089010 22.109447 -132.241937 72.086817 161.690147 -8.335166 2.995197 -82.064746 
-5.934210 100.398970 -52.060997 -14.525116 3.653775 1.635303 -0.553950 7.665141 6.474946 25.148100 -21.781729 -1.039271 -2.275041 10.413913 -4.710663 -0.000000 0.000000 0.000000 12.614321 -6.161182 5.290811 9.814258 12.847208 -1.210403 -7.646043 -13.224412 0.797582 -0.000000 0.000000 0.000000 16.602532 0.266387 6.374614 10.919181 -5.324290 5.548188 5.414169 -1.882979 5.312869 10.029236 -12.414939 4.096137 -9.874872 4.976204 13.577879 -0.000000 0.000000 0.000000 2.642043 -5.940433 -23.614377 27.256159 -3.621179 -33.432316 -44.601863 -72.207224 -72.818497 -28.931810 1.659254 57.402779 5.177348 7.604470 10.649363 29.692644 1.075895 22.130215 -132.178613 72.072948 161.607194 -8.365082 3.020732 -82.072707 
-5.921189 100.398970 -52.096802 -14.548799 3.638398 1.621302 -0.556378 7.663971 6.481993 25.161091 -21.769998 -1.047279 -2.264941 10.415137 -4.711385 -0.000000 0.000000 0.000000 12.600077 -6.154802 5.287681 9.835702 12.864198 -1.205976 -7.634833 -13.231818 0.798807 -0.000000 0.000000 0.000000 16.610982 0.279737 6.370179 10.938656 -5.323373 5.546121 5.404719 -1.882663 5.313605 10.005810 -12.391578 4.085993 -9.876383 4.971034 13.578374 -0.000000 0.000000 0.000000 2.629811 -5.935414 -23.614332 27.252762 -3.622935 -33.404079 -44.660933 -72.194764 -72.890593 -28.931411 1.649282 57.430831 5.183020 7.607382 10.679907 29.695422 1.047738 22.113253 -132.199308 72.091684 161.627233 -8.320244 3.013938 -82.094469 
-5.906290 100.398862 -52.135503 -14.574378 3.649239 1.605246 -0.569737 7.674986 6.495640 25.182497 -21.777334 -1.042806 -2.264571 10.415720 -4.709701 -0.000000 0.000000 0.000000 12.625109 -6.166904 5.291722 9.792198 12.873043 -1.194236 -7.612344 -13.235345 0.802855 -0.000000 0.000000 0.000000 16.627146 0.277935 6.372163 10.902146 -5.327839 5.538312 5.400032 -1.882813 5.317204 10.049970 -12.397055 4.057959 -9.887853 5.016604 13.587696 -0.000000 0.000000 0.000000 2.641382 -5.939741 -23.618077 27.264567 -3.610813 -33.413450 -44.646519 -72.186268 -72.884758 -28.964004 1.644782 57.427206 5.188172 7.603121 10.671907 29.694637 1.041042 22.117971 -132.182883 72.077473 161.621162 -8.333998 3.007189 -82.091988 
-5.889440 100.398755 -52.169698 -14.583684 3.665705 1.588981 -0.592539 7.692451 6.504295 25.192550 -21.782929 -1.038556 -2.266061 10.402098 -4.703964 -0.000000 0.000000 0.000000 12.630668 -6.178062 5.293402 9.754629 12.882734 -1.175205 -7.599085 -13.238805 0.804699 -0.000000 0.000000 0.000000 16.603030 0.269847 6.384541 10.858487 -5.332854 5.529909 5.391218 -1.883389 5.322054 10.143856 -12.432639 4.021632 -9.890306 5.066642 13.596980 -0.000000 0.000000 0.000000 2.651637 -5.935356 -23.630791 27.279453 -3.585722 -33.405541 -44.655503 -72.163106 -72.925125 -28.966097 1.660872 57.438545 5.188728 7.594402 10.670912 29.696111 1.031557 22.125870 -132.088589 72.046393 161.536881 -8.333545 2.966878 -82.062089 
-5.877220 100.398564 -52.201802 -14.602141 3.669268 1.581207 -0.595654 7.714435 6.517350 25.188075 -21.785375 -1.043599 -2.267150 10.384387 -4.702968 -0.000000 0.000000 0.000000 12.649908 -6.177895 5.298661 9.739019 12.891705 -1.177428 -7.594906 -13.240620 0.794728 -0.000000 0.000000 0.000000 16.577656 0.260801 6.377072 10.833401 -5.336784 5.518697 5.377098 -1.884883 5.324063 10.211022 -12.460710 3.998164 -9.891023 5.098955 13.603609 -0.000000 0.000000 0.000000 2.661171 -5.915534 -23.641657 27.291198 -3.554518 -33.372125 -44.648546 -72.175884 -72.955799 -28.945738 1.650686 57.410000 5.184897 7.580737 10.680103 29.697948 1.036835 22.126460 -131.973173 72.051578 161.458117 -8.307660 2.939855 -82.030955 
-5.868730 100.398362 -52.240199 -14.622455 3.656519 1.573584 -0.606579 7.725047 6.522172 25.206210 -21.786970 -1.043424 -2.266866 10.381992 -4.701758 -0.000000 0.000000 0.000000 12.602377 -6.158805 5.306747 9.815671 12.890327 -1.191443 -7.610445 -13.250343 0.769284 -0.000000 0.000000 0.000000 16.566707 0.256168 6.367010 10.818797 -5.330221 5.510495 5.358903 -1.886885 5.325938 10.246309 -12.476276 3.967939 -9.947199 5.115770 13.628072 -0.000000 0.000000 0.000000 2.658869 -5.921509 -23.649809 27.311921 -3.527240 -33.363405 -44.651055 -72.189416 -72.974596 -28.939891 1.679251 57.411399 5.197723 7.591471 10.682560 29.690644 1.009964 22.141134 -131.995209 72.071814 161.499017 -8.297398 2.934569 -82.019714 
-5.858470 100.394559 -52.289099 -14.638003 3.647380 1.562159 -0.635488 7.717672 6.533224 25.233286 -21.783972 -1.052450 -2.266542 10.378695 -4.700564 -0.000000 0.000000 0.000000 12.525616 -6.139898 5.309203 9.929569 12.880846 -1.193233 -7.641275 -13.256940 0.752002 -0.000000 0.000000 0.000000 16.577743 0.256066 6.361669 10.797045 -5.321680 5.502040 5.330941 -1.889438 5.331555 10.264464 -12.492952 3.948344 -9.996839 5.135385 13.651249 -0.000000 0.000000 0.000000 2.653378 -5.934624 -23.661292 27.341622 -3.517743 -33.361693 -44.674787 -72.186282 -73.016304 -28.959999 1.654476 57.429167 5.212050 7.610798 10.687765 29.708453 0.975050 22.145307 -131.953006 72.038773 161.463890 -8.323890 2.969399 -82.001715 
-5.850110 100.385261 -52.340597 -14.651155 3.637987 1.545174 -0.690510 7.722177 6.557014 25.288224 -21.769617 -1.069296 -2.266858 10.378249 -4.693648 -0.000000 0.000000 0.000000 12.425462 -6.127898 5.311515 10.068361 12.870526 -1.189713 -7.682077 -13.256519 0.724048 -0.000000 0.000000 0.000000 16.599760 0.257909 6.357372 10.742969 -5.314857 5.490504 5.297632 -1.891598 5.345667 10.310286 -12.490729 3.948017 -10.027640 5.178859 13.682997 -0.000000 0.000000 0.000000 2.651122 -5.941788 -23.680676 27.375882 -3.491012 -33.342049 -44.663947 -72.169953 -73.062319 -28.975330 1.590234 57.417849 5.227014 7.627786 10.696508 29.706553 0.947785 22.110538 -131.903183 72.070694 161.478721 -8.284604 2.990995 -82.026134 
-5.845230 100.381565 -52.377099 -14.671815 3.644968 1.521960 -0.713946 7.736310 6.585169 25.320493 -21.771580 -1.063238 -2.267709 10.365797 -4.690104 -0.000000 0.000000 0.000000 12.435981 -6.133615 5.324532 10.056603 12.882014 -1.169313 -7.678042 -13.257526 0.713299 -0.000000 0.000000 0.000000 16.580204 0.255571 6.354349 10.728316 -5.316385 5.492031 5.267692 -1.892574 5.367095 10.395118 -12.513502 3.954629 -10.062961 5.221382 13.733719 -0.000000 0.000000 0.000000 2.656389 -5.974908 -23.688613 27.384265 -3.479657 -33.350432 -44.643873 -72.145481 -73.074917 -28.961133 1.626919 57.445933 5.250306 7.654950 10.683989 29.698868 0.916758 22.104390 -131.853322 72.065850 161.470265 -8.291504 2.990257 -82.037121 
-5.844440 100.381362 -52.413297 -14.673222 3.643915 1.491230 -0.746442 7.744311 6.609759 25.334314 -21.776860 -1.048087 -2.269025 10.359837 -4.679816 -0.000000 0.000000 0.000000 12.464298 -6.124822 5.349035 9.990822 12.917520 -1.153602 -7.657595 -13.278037 0.700357 -0.000000 0.000000 0.000000 16.543808 0.252730 6.348527 10.713115 -5.309089 5.500811 5.230919 -1.890708 5.384620 10.480807 -12.559766 3.968825 -10.107521 5.253199 13.773106 -0.000000 0.000000 0.000000 2.665525 -5.989423 -23.702846 27.387054 -3.470267 -33.340367 -44.641748 -72.143614 -73.112578 -28.968287 1.656586 57.457750 5.283032 7.672044 10.665457 29.711512 0.877706 22.094398 -131.881757 72.042965 161.539790 -8.307660 2.966873 -82.038043 
-5.843790 100.381267 -52.452999 -14.654913 3.615768 1.468696 -0.772519 7.740649 6.621991 25.305638 -21.755974 -1.057794 -2.268198 10.377539 -4.669001 -0.000000 0.000000 0.000000 12.419652 -6.105288 5.358250 9.980931 12.929600 -1.147803 -7.640605 -13.280941 0.703440 -0.000000 0.000000 0.000000 16.517257 0.254509 6.335197 10.653721 -5.295122 5.479999 5.219466 -1.888382 5.390059 10.537625 -12.584754 3.991740 -10.141546 5.276984 13.808636 -0.000000 0.000000 0.000000 2.681428 -5.973032 -23.721684 27.406855 -3.445535 -33.306135 -44.675516 -72.132768 -73.183036 -28.958690 1.658981 57.415874 5.299213 7.672238 10.665914 29.706952 0.881823 22.084167 -131.665422 72.053044 161.376417 -8.316409 2.968401 -82.027253 
-5.843260 100.381362 -52.496099 -14.613967 3.568482 1.445071 -0.824913 7.737444 6.631943 25.281655 -21.735113 -1.070032 -2.260852 10.395984 -4.668745 -0.000000 0.000000 0.000000 12.288104 -6.101677 5.358880 10.050740 12.934498 -1.146624 -7.634233 -13.253871 0.709433 -0.000000 0.000000 0.000000 16.484192 0.257055 6.322198 10.594222 -5.278749 5.451913 5.200502 -1.886168 5.394604 10.577545 -12.606634 3.987787 -10.195048 5.298417 13.843577 -0.000000 0.000000 0.000000 2.709861 -5.961088 -23.744528 27.427002 -3.407742 -33.301270 -44.712915 -72.137023 -73.224212 -28.957922 1.680372 57.427116 5.330849 7.677276 10.671440 29.689058 0.874345 22.053273 -131.505030 72.073578 161.304393 -8.365272 3.023138 -82.015461 
-5.842810 100.381565 -52.533400 -14.602067 3.525833 1.416818 -0.856278 7.758736 6.658728 25.270298 -21.728956 -1.077100 -2.254949 10.398633 -4.670960 -0.000000 0.000000 0.000000 12.250695 -6.103766 5.375276 10.057061 12.949884 -1.153180 -7.615041 -13.221487 0.720269 -0.000000 0.000000 0.000000 16.478515 0.259259 6.311521 10.579306 -5.265034 5.432141 5.165083 -1.875390 5.402440 10.576806 -12.627848 3.960955 -10.286354 5.304004 13.884584 -0.000000 0.000000 0.000000 2.703816 -5.950810 -23.764003 27.447900 -3.360296 -33.274473 -44.782221 -72.158546 -73.328512 -28.923371 1.685613 57.438482 5.351105 7.693403 10.674548 29.686219 0.838432 22.064495 -131.517326 72.081802 161.366399 -8.321642 3.022786 -82.041515 
-5.842380 100.381863 -52.577096 -14.592859 3.493103 1.394534 -0.893765 7.751211 6.675104 25.271122 -21.708287 -1.087702 -2.243913 10.399680 -4.673377 -0.000000 0.000000 0.000000 12.197916 -6.095021 5.379843 10.079872 12.953539 -1.149546 -7.610518 -13.202581 0.737133 -0.000000 0.000000 0.000000 16.494994 0.261654 6.305683 10.576887 -5.262116 5.414370 5.127584 -1.876851 5.409542 10.561582 -12.636182 3.923982 -10.397959 5.335631 13.932312 -0.000000 0.000000 0.000000 2.697024 -5.961009 -23.787233 27.477058 -3.325763 -33.251295 -44.839872 -72.137377 -73.404570 -28.911823 1.655388 57.421662 5.356717 7.716618 10.676921 29.701500 0.816170 22.077387 -131.335373 72.061487 161.199665 -8.295827 2.993382 -82.055315 
-5.841950 100.382161 -52.615696 -14.581013 3.488754 1.379114 -0.947034 7.755154 6.688165 25.289203 -21.686510 -1.092976 -2.212861 10.398987 -4.679184 -0.000000 0.000000 0.000000 12.193071 -6.090541 5.384574 10.046358 12.949907 -1.135883 -7.602070 -13.199802 0.754655 -0.000000 0.000000 0.000000 16.520126 0.254282 6.293512 10.546736 -5.278302 5.403063 5.084486 -1.879102 5.419852 10.609549 -12.646697 3.885281 -10.475013 5.389703 13.975852 -0.000000 0.000000 0.000000 2.720499 -5.990912 -23.810434 27.528497 -3.292523 -33.236463 -44.893847 -72.114485 -73.478086 -28.951801 1.636810 57.463105 5.360781 7.746958 10.685182 29.710925 0.808246 22.055673 -131.246394 72.062769 161.148742 -8.292343 2.980244 -82.052520 
-5.841470 100.385964 -52.647901 -14.568535 3.477138 1.367189 -1.000809 7.772174 6.694649 25.319671 -21.687630 -1.081969 -2.190593 10.399114 -4.683402 -0.000000 0.000000 0.000000 12.122871 -6.094013 5.376569 10.072212 12.953740 -1.133839 -7.590218 -13.183507 0.778419 -0.000000 0.000000 0.000000 16.542866 0.244008 6.292385 10.472812 -5.295143 5.381214 5.063502 -1.880244 5.424074 10.690030 -12.659416 3.839956 -10.507808 5.439213 13.996589 -0.000000 0.000000 0.000000 2.730741 -6.004036 -23.804491 27.565084 -3.273646 -33.202705 -44.886010 -72.112632 -73.544300 -28.970633 1.631806 57.500055 5.364081 7.764565 10.664894 29.708701 0.820520 22.051123 -131.145856 72.071380 161.120551 -8.290558 2.977124 -82.065353 
-5.840900 100.390863 -52.673298 -14.555274 3.455601 1.357512 -1.045791 7.790784 6.699440 25.338511 -21.665606 -1.087086 -2.154430 10.398135 -4.689925 -0.000000 0.000000 0.000000 12.121874 -6.096604 5.371532 10.024440 12.974117 -1.138560 -7.568870 -13.173042 0.796666 -0.000000 0.000000 0.000000 16.549000 0.235670 6.291637 10.404719 -5.304807 5.362231 5.053138 -1.881027 5.423802 10.754439 -12.683480 3.783513 -10.509329 5.466751 14.012211 -0.000000 0.000000 0.000000 2.727954 -6.015953 -23.779575 27.588499 -3.276941 -33.180184 -44.815325 -72.107784 -73.548728 -28.970638 1.623365 57.513444 5.363873 7.775551 10.643537 29.711565 0.820304 22.051198 -131.039403 72.082077 161.080910 -8.290888 2.958354 -82.048341 
-5.840210 100.393963 -52.692997 -14.553622 3.437902 1.350906 -1.070493 7.791942 6.701480 25.359666 -21.654381 -1.089707 -2.138585 10.401094 -4.692440 -0.000000 0.000000 0.000000 12.146374 -6.098696 5.366723 9.980050 12.985507 -1.132012 -7.561911 -13.169474 0.807437 -0.000000 0.000000 0.000000 16.556770 0.231976 6.292163 10.380521 -5.309502 5.351750 5.040051 -1.881992 5.425516 10.781835 -12.706664 3.740722 -10.536115 5.478827 14.025061 -0.000000 0.000000 0.000000 2.723249 -6.026570 -23.775674 27.608165 -3.267645 -33.168874 -44.811010 -72.106854 -73.573415 -28.968582 1.623428 57.511674 5.364097 7.793673 10.638423 29.714315 0.818684 22.051674 -130.974871 72.083543 161.043892 -8.289822 2.957915 -82.039828 
-5.834770 100.395465 -52.711600 -14.547693 3.413870 1.342374 -1.105408 7.786695 6.705462 25.386743 -21.636411 -1.095661 -2.120210 10.413889 -4.691398 -0.000000 0.000000 0.000000 12.122247 -6.099567 5.358759 9.986787 12.985584 -1.130147 -7.555655 -13.147021 0.823502 -0.000000 0.000000 0.000000 16.558690 0.230154 6.292405 10.372920 -5.311843 5.346474 5.021037 -1.883447 5.427309 10.804343 -12.720612 3.705852 -10.588468 5.487000 14.045475 -0.000000 0.000000 0.000000 2.715300 -6.042304 -23.776738 27.636167 -3.255763 -33.153700 -44.840142 -72.096588 -73.627038 -28.955320 1.625401 57.537746 5.377041 7.816267 10.636832 29.721477 0.805470 22.058373 -130.864746 72.077879 160.955527 -8.288820 2.971319 -82.051166 
-5.826360 100.396955 -52.729899 -14.531451 3.388733 1.332400 -1.148970 7.780341 6.710771 25.422163 -21.617279 -1.094624 -2.106371 10.424043 -4.688277 -0.000000 0.000000 0.000000 12.075866 -6.097406 5.349410 10.010296 12.982563 -1.132260 -7.550384 -13.117586 0.841108 -0.000000 0.000000 0.000000 16.558901 0.228197 6.292241 10.350207 -5.315244 5.340077 4.997779 -1.886095 5.429449 10.837774 -12.739826 3.677896 -10.640938 5.500941 14.076036 -0.000000 0.000000 0.000000 2.708122 -6.055652 -23.778605 27.663667 -3.243471 -33.141051 -44.851426 -72.080763 -73.668031 -28.939183 1.635273 57.555940 5.390638 7.837126 10.635389 29.729303 0.788865 22.066372 -130.780923 72.058525 160.903955 -8.287444 2.984279 -82.061879 
-5.810310 100.398362 -52.739102 -14.515691 3.373005 1.317088 -1.174355 7.780598 6.714215 25.430371 -21.607206 -1.097321 -2.104254 10.424354 -4.683968 -0.000000 0.000000 0.000000 12.025911 -6.094472 5.344935 10.037743 12.975756 -1.131397 -7.544057 -13.102652 0.849065 -0.000000 0.000000 0.000000 16.559209 0.228072 6.298898 10.326186 -5.317945 5.335920 4.987752 -1.886589 5.436053 10.877751 -12.751844 3.677666 -10.656708 5.519437 14.095204 -0.000000 0.000000 0.000000 2.707120 -6.054351 -23.784794 27.675609 -3.235491 -33.142390 -44.839357 -72.070024 -73.672803 -28.934189 1.633445 57.549980 5.395223 7.841842 10.631192 29.724589 0.784824 22.049372 -130.732357 72.056012 160.887780 -8.284277 2.989508 -82.060186 
-5.791920 100.399864 -52.749401 -14.454492 3.334930 1.282594 -1.243428 7.800164 6.728179 25.432928 -21.584175 -1.108037 -2.102740 10.424656 -4.680447 -0.000000 0.000000 0.000000 11.953737 -6.091999 5.349571 10.038174 12.973589 -1.129351 -7.515217 -13.054917 0.867802 -0.000000 0.000000 0.000000 16.559306 0.225314 6.305763 10.237989 -5.316795 5.324330 4.956550 -1.887648 5.457489 11.025893 -12.804166 3.681444 -10.720440 5.579508 14.178161 -0.000000 0.000000 0.000000 2.704765 -6.053863 -23.805947 27.710691 -3.205442 -33.143584 -44.795704 -72.040922 -73.697290 -28.896690 1.661714 57.561781 5.423750 7.858689 10.607839 29.712222 0.755068 22.045068 -130.569609 72.061760 160.813865 -8.248208 2.976253 -82.092529 
-5.773230 100.401258 -52.751499 -14.412463 3.299115 1.255398 -1.276004 7.818689 6.738403 25.412344 -21.569979 -1.115378 -2.114222 10.425592 -4.666866 -0.000000 0.000000 0.000000 11.879110 -6.082658 5.353336 10.072440 12.970389 -1.133035 -7.502279 -13.027828 0.877632 -0.000000 0.000000 0.000000 16.559443 0.222138 6.308771 10.179370 -5.310997 5.315074 4.934072 -1.888394 5.473439 11.113093 -12.849528 3.686100 -10.763735 5.606703 14.242639 -0.000000 0.000000 0.000000 2.698680 -6.065841 -23.811332 27.744643 -3.184315 -33.131749 -44.817881 -72.037867 -73.768096 -28.872276 1.671773 57.564662 5.441354 7.878622 10.591088 29.718878 0.717986 22.049537 -130.512681 72.054894 160.804446 -8.222772 2.939787 -82.091696 
-5.750760 100.402761 -52.752799 -14.373650 3.268815 1.232388 -1.292460 7.822738 6.742525 25.379161 -21.552554 -1.125940 -2.116008 10.426360 -4.665337 -0.000000 0.000000 0.000000 11.871303 -6.075427 5.358122 10.023917 12.969738 -1.135485 -7.458201 -12.985598 0.886989 -0.000000 0.000000 0.000000 16.560119 0.214194 6.312189 10.146716 -5.318923 5.310560 4.906435 -1.890236 5.484506 11.185259 -12.885520 3.671481 -10.808770 5.634042 14.283015 -0.000000 0.000000 0.000000 2.708655 -6.085144 -23.813395 27.771876 -3.162312 -33.127447 -44.783385 -72.030587 -73.764869 -28.859384 1.659584 57.559549 5.446801 7.912161 10.574703 29.709949 0.722192 22.028671 -130.422161 72.063024 160.780222 -8.223644 2.980943 -82.100788 
-5.722800 100.404263 -52.759999 -14.320986 3.239790 1.207699 -1.329920 7.817489 6.748932 25.346552 -21.538445 -1.142545 -2.117147 10.427101 -4.666267 -0.000000 0.000000 0.000000 11.809179 -6.049205 5.366848 10.006081 12.961500 -1.155730 -7.425483 -12.970117 0.884810 -0.000000 0.000000 0.000000 16.549810 0.198004 6.331909 10.104388 -5.339375 5.297205 4.884288 -1.892799 5.485228 11.249672 -12.919098 3.631900 -10.849345 5.667010 14.313793 -0.000000 0.000000 0.000000 2.729096 -6.141198 -23.808065 27.796723 -3.160644 -33.126975 -44.675761 -71.990100 -73.691869 -28.883867 1.598015 57.556005 5.468914 7.968289 10.532047 29.701680 0.743050 22.042666 -130.353294 72.088101 160.761324 -8.237572 3.028934 -82.104902 
-5.694940 100.407159 -52.769399 -14.265246 3.197208 1.179328 -1.387346 7.832199 6.757310 25.346394 -21.524150 -1.145120 -2.118211 10.427949 -4.669431 -0.000000 0.000000 0.000000 11.723522 -6.026039 5.360219 10.028248 12.960150 -1.155727 -7.406734 -12.951658 0.893431 -0.000000 0.000000 0.000000 16.563149 0.185169 6.346605 10.054054 -5.342618 5.285897 4.872512 -1.894780 5.485726 11.262735 -12.945674 3.594532 -10.895087 5.681930 14.341523 -0.000000 0.000000 0.000000 2.722650 -6.160479 -23.806810 27.827360 -3.159895 -33.111694 -44.639769 -71.993856 -73.704016 -28.857291 1.615133 57.571953 5.474136 7.983884 10.502174 29.696375 0.743262 22.032952 -130.233757 72.064035 160.700936 -8.246665 3.013552 -82.097457 
-5.667600 100.410855 -52.779901 -14.215335 3.153290 1.157773 -1.439003 7.850515 6.757560 25.342717 -21.492255 -1.152858 -2.117943 10.429107 -4.678806 -0.000000 0.000000 0.000000 11.676997 -6.015917 5.345805 10.010018 12.962176 -1.153594 -7.383583 -12.907901 0.916438 -0.000000 0.000000 0.000000 16.581482 0.180699 6.337204 10.038148 -5.345577 5.278374 4.854270 -1.896846 5.495065 11.254818 -12.944873 3.588368 -10.974147 5.690016 14.387795 -0.000000 0.000000 0.000000 2.716578 -6.185120 -23.804717 27.845378 -3.149828 -33.098843 -44.649966 -72.001656 -73.746905 -28.812890 1.604063 57.603938 5.470378 8.009020 10.490306 29.690130 0.755725 22.034617 -130.047966 72.079225 160.560524 -8.257712 3.049676 -82.123198 
-5.639420 100.414658 -52.781701 -14.159270 3.114776 1.132905 -1.486695 7.859454 6.755080 25.326795 -21.463596 -1.157778 -2.120595 10.430052 -4.671491 -0.000000 0.000000 0.000000 11.645336 -6.020601 5.341322 9.955076 12.971708 -1.161947 -7.351147 -12.871155 0.933865 -0.000000 0.000000 0.000000 16.589189 0.182654 6.332801 9.982358 -5.359623 5.269907 4.847477 -1.898082 5.501647 11.292021 -12.944494 3.585200 -10.988432 5.710686 14.413196 -0.000000 0.000000 0.000000 2.742342 -6.234440 -23.795312 27.856166 -3.170097 -33.107678 -44.541706 -71.964055 -73.665210 -28.850371 1.573591 57.635454 5.499149 8.026948 10.477872 29.693315 0.756145 22.046423 -130.060635 72.102307 160.592346 -8.269488 3.079102 -82.135971 
-5.609320 100.417256 -52.783102 -14.112561 3.086033 1.096555 -1.518065 7.889640 6.775244 25.290695 -21.464072 -1.170037 -2.123157 10.417833 -4.669657 -0.000000 0.000000 0.000000 11.604481 -6.027786 5.354800 9.914004 12.987336 -1.173554 -7.309302 -12.848272 0.950072 -0.000000 0.000000 0.000000 16.593464 0.166686 6.349012 9.899764 -5.371058 5.257782 4.847635 -1.898698 5.505498 11.356261 -12.948437 3.547732 -10.967328 5.775728 14.424996 -0.000000 0.000000 0.000000 2.711508 -6.226480 -23.778950 27.886976 -3.166760 -33.107537 -44.463698 -71.934979 -73.661683 -28.838903 1.598687 57.639434 5.481623 8.018314 10.443262 29.693312 0.766899 22.031510 -129.992228 72.090051 160.588171 -8.227078 2.978025 -82.119651 
-5.579540 100.418055 -52.784902 -14.087778 3.037551 1.076600 -1.525922 7.902027 6.778429 25.275565 -21.442782 -1.186928 -2.119508 10.424371 -4.689627 -0.000000 0.000000 0.000000 11.603023 -6.018916 5.339144 9.876741 12.999535 -1.172203 -7.288810 -12.820880 0.978373 -0.000000 0.000000 0.000000 16.592391 0.160673 6.341345 9.885460 -5.370182 5.251071 4.847778 -1.898942 5.509358 11.365341 -12.933433 3.525464 -10.989177 5.800886 14.426029 -0.000000 0.000000 0.000000 2.705863 -6.218137 -23.768382 27.896285 -3.167882 -33.097975 -44.467530 -71.959322 -73.685534 -28.797369 1.595259 57.640759 5.476191 8.021018 10.425336 29.689361 0.787267 22.014312 -129.853181 72.090640 160.495253 -8.248774 2.997085 -82.113730 
-5.550680 100.418866 -52.792096 -14.080953 2.960655 1.059185 -1.540749 7.896708 6.783079 25.294024 -21.401946 -1.216223 -2.097269 10.427100 -4.697839 -0.000000 0.000000 0.000000 11.551907 -5.996831 5.311055 9.911300 13.011644 -1.180040 -7.271811 -12.782961 0.992838 -0.000000 0.000000 0.000000 16.621614 0.178121 6.323057 9.905359 -5.352951 5.247401 4.839358 -1.883501 5.512297 11.315678 -12.922751 3.510003 -11.030374 5.766955 14.442363 -0.000000 0.000000 0.000000 2.694565 -6.248361 -23.757768 27.907264 -3.175161 -33.096879 -44.537168 -71.949745 -73.753285 -28.781803 1.564246 57.662363 5.499371 8.063651 10.429570 29.701463 0.764215 22.029990 -129.836808 72.096435 160.471204 -8.230003 3.018621 -82.176691 
-5.519870 100.419569 -52.802098 -14.081750 2.921537 1.032507 -1.576470 7.905730 6.804349 25.356493 -21.381935 -1.232379 -2.080093 10.413541 -4.715003 -0.000000 0.000000 0.000000 11.575602 -5.995180 5.311400 9.868694 13.026295 -1.175439 -7.252713 -12.757049 1.003050 -0.000000 0.000000 0.000000 16.661264 0.189762 6.318642 9.912846 -5.357911 5.248430 4.826859 -1.878834 5.515657 11.305607 -12.908364 3.525786 -11.017947 5.760214 14.439032 -0.000000 0.000000 0.000000 2.704776 -6.276209 -23.759225 27.902249 -3.166513 -33.089698 -44.524609 -71.953086 -73.750975 -28.795217 1.548617 57.649946 5.515961 8.091007 10.428314 29.704068 0.748058 22.013426 -129.976628 72.109831 160.616242 -8.225805 3.025805 -82.198361 
-5.488380 100.420260 -52.809799 -14.083427 2.903998 1.005169 -1.612051 7.915833 6.821266 25.415028 -21.365991 -1.236031 -2.074783 10.396649 -4.730594 -0.000000 0.000000 0.000000 11.587775 -5.996980 5.315080 9.836797 13.037965 -1.172374 -7.224276 -12.739597 1.013536 -0.000000 0.000000 0.000000 16.676804 0.191665 6.316918 9.917638 -5.362101 5.253034 4.827501 -1.886070 5.517726 11.313676 -12.904034 3.555255 -10.997457 5.781553 14.427679 -0.000000 0.000000 0.000000 2.724017 -6.291727 -23.764152 27.880709 -3.173622 -33.098345 -44.477579 -71.959177 -73.694738 -28.771830 1.543638 57.656523 5.519822 8.101593 10.409460 29.691704 0.780973 22.002209 -129.885933 72.106112 160.537404 -8.246845 3.086961 -82.188891 
-5.453050 100.420856 -52.814603 -14.087765 2.890510 0.979098 -1.626510 7.920202 6.829075 25.448772 -21.355245 -1.239075 -2.089174 10.393547 -4.719448 -0.000000 0.000000 0.000000 11.623870 -5.981296 5.315713 9.790386 13.063626 -1.171260 -7.209984 -12.753028 1.015773 -0.000000 0.000000 0.000000 16.678656 0.191625 6.314701 9.952606 -5.363862 5.274582 4.829591 -1.894626 5.519639 11.321128 -12.916925 3.581906 -10.983783 5.777507 14.421703 -0.000000 0.000000 0.000000 2.755689 -6.307054 -23.765930 27.849265 -3.186175 -33.118352 -44.486610 -71.951540 -73.680625 -28.779675 1.527590 57.682485 5.523189 8.098275 10.407013 29.684013 0.790196 21.977387 -129.905445 72.093438 160.550332 -8.260031 3.114124 -82.209126 
-5.417870 100.421560 -52.820498 -14.090912 2.890315 0.956264 -1.613198 7.911415 6.826573 25.451856 -21.351246 -1.240193 -2.115940 10.408320 -4.699045 -0.000000 0.000000 0.000000 11.645171 -5.957132 5.316782 9.764868 13.086798 -1.164942 -7.209515 -12.788787 1.010124 -0.000000 0.000000 0.000000 16.679138 0.191164 6.312299 9.992124 -5.366808 5.298289 4.831731 -1.900264 5.521041 11.320089 -12.914347 3.625398 -10.971090 5.767327 14.416257 -0.000000 0.000000 0.000000 2.776949 -6.318085 -23.764638 27.810948 -3.202137 -33.123619 -44.461522 -71.960687 -73.644257 -28.795808 1.512227 57.673851 5.514385 8.082084 10.400345 29.674233 0.811411 21.963203 -130.093504 72.100454 160.706425 -8.262958 3.090366 -82.210525 
-5.380730 100.422263 -52.831000 -14.092988 2.893091 0.936636 -1.622895 7.891073 6.814807 25.468563 -21.351287 -1.235401 -2.147494 10.430586 -4.671009 -0.000000 0.000000 0.000000 11.585990 -5.948149 5.314376 9.832156 13.090764 -1.164144 -7.228003 -12.810232 1.000946 -0.000000 0.000000 0.000000 16.679236 0.190588 6.310035 10.010813 -5.371037 5.313912 4.834306 -1.904906 5.522167 11.312715 -12.916662 3.667495 -10.960478 5.764756 14.411705 -0.000000 0.000000 0.000000 2.775161 -6.334309 -23.764035 27.800653 -3.219516 -33.126601 -44.448126 -71.944044 -73.634081 -28.789766 1.501837 57.706144 5.511843 8.079563 10.385843 29.671515 0.827609 21.984039 -130.083299 72.091850 160.663667 -8.243523 3.077036 -82.207183 
-5.344170 100.422859 -52.838999 -14.102974 2.901275 0.924776 -1.614714 7.877077 6.806758 25.473657 -21.356049 -1.243882 -2.174731 10.439650 -4.654649 -0.000000 0.000000 0.000000 11.596223 -5.932046 5.319043 9.857702 13.088700 -1.178382 -7.254118 -12.840492 0.989370 -0.000000 0.000000 0.000000 16.679739 0.190129 6.308304 10.044678 -5.374917 5.334909 4.837548 -1.914378 5.523546 11.277270 -12.912282 3.704061 -10.947399 5.744918 14.403831 -0.000000 0.000000 0.000000 2.794949 -6.365156 -23.760050 27.783564 -3.237863 -33.144010 -44.418625 -71.952901 -73.564887 -28.791958 1.505051 57.715234 5.522694 8.091791 10.381376 29.674088 0.815201 21.982377 -130.152179 72.078542 160.674013 -8.269349 3.068737 -82.195476 
-5.307440 100.423563 -52.842098 -14.131607 2.919982 0.917985 -1.588826 7.872174 6.807278 25.480667 -21.363604 -1.256656 -2.204927 10.418329 -4.643442 -0.000000 0.000000 0.000000 11.589441 -5.928491 5.299909 9.893336 13.084197 -1.167873 -7.249839 -12.845664 1.000688 -0.000000 0.000000 0.000000 16.669498 0.188800 6.307684 10.126311 -5.388349 5.364106 4.839525 -1.923472 5.521941 11.232830 -12.881486 3.741913 -10.934877 5.703769 14.369931 -0.000000 0.000000 0.000000 2.825505 -6.398786 -23.754565 27.744011 -3.265555 -33.158131 -44.392697 -71.961666 -73.510452 -28.777615 1.490423 57.727248 5.517554 8.089846 10.383145 29.662566 0.850308 21.984129 -130.271125 72.076497 160.744806 -8.279248 3.084942 -82.205747 
-5.268400 100.424361 -52.843297 -14.165125 2.949138 0.911632 -1.563549 7.890340 6.802121 25.495548 -21.367475 -1.259320 -2.216001 10.397714 -4.652114 -0.000000 0.000000 0.000000 11.678476 -5.944494 5.292342 9.820883 13.106805 -1.156842 -7.244402 -12.844830 1.008180 -0.000000 0.000000 0.000000 16.677646 0.190146 6.308967 10.193855 -5.398266 5.393759 4.841536 -1.934870 5.520375 11.161782 -12.859162 3.763329 -10.923547 5.667241 14.331775 -0.000000 0.000000 0.000000 2.838112 -6.408891 -23.752247 27.706167 -3.284039 -33.155464 -44.331120 -71.986130 -73.439962 -28.768108 1.458609 57.704942 5.506161 8.071840 10.406100 29.655912 0.845784 21.938640 -130.504162 72.071603 160.944936 -8.263272 3.085267 -82.209087 
-5.229730 100.425160 -52.844298 -14.166805 2.974691 0.905767 -1.580405 7.888246 6.794116 25.519680 -21.374578 -1.264181 -2.205509 10.376747 -4.654502 -0.000000 0.000000 0.000000 11.680937 -5.955078 5.269252 9.813082 13.092210 -1.151571 -7.229129 -12.846338 1.033057 -0.000000 0.000000 0.000000 16.682588 0.191519 6.311120 10.214394 -5.408058 5.412855 4.845491 -1.939750 5.518418 11.134561 -12.853549 3.794456 -10.905945 5.655511 14.324683 -0.000000 0.000000 0.000000 2.842358 -6.410880 -23.750960 27.696483 -3.305584 -33.174013 -44.369671 -71.951904 -73.453476 -28.781757 1.447456 57.750689 5.489264 8.054557 10.404685 29.667665 0.864038 21.941440 -130.495201 72.046290 160.903464 -8.270893 3.081436 -82.210744 
-5.191340 100.425971 -52.845299 -14.158480 2.991639 0.897032 -1.607329 7.883459 6.785084 25.539809 -21.377933 -1.263646 -2.207134 10.368900 -4.643830 -0.000000 0.000000 0.000000 11.684023 -5.970493 5.257535 9.790534 13.084258 -1.153403 -7.215301 -12.853058 1.046942 -0.000000 0.000000 0.000000 16.684608 0.194733 6.319912 10.168718 -5.414363 5.412483 4.871706 -1.938100 5.517259 11.138584 -12.846008 3.816231 -10.849487 5.679924 14.304368 -0.000000 0.000000 0.000000 2.844279 -6.411222 -23.745306 27.695595 -3.319745 -33.186592 -44.387616 -71.925696 -73.466237 -28.793574 1.442582 57.788536 5.487152 8.051205 10.385953 29.671565 0.886428 21.932407 -130.466331 72.044662 160.880440 -8.276481 3.094295 -82.211409 
-5.154150 100.430763 -52.846402 -14.166243 2.989391 0.895192 -1.580689 7.882350 6.764340 25.519109 -21.377266 -1.272114 -2.212389 10.369481 -4.641137 -0.000000 0.000000 0.000000 11.696755 -5.973289 5.234004 9.769334 13.080409 -1.160590 -7.193048 -12.835120 1.070991 -0.000000 0.000000 0.000000 16.665634 0.194515 6.324169 10.171528 -5.415022 5.411195 4.893089 -1.936647 5.516616 11.133470 -12.842537 3.820174 -10.811910 5.671952 14.279743 -0.000000 0.000000 0.000000 2.847401 -6.410605 -23.725882 27.676700 -3.337779 -33.195644 -44.338330 -71.935060 -73.406365 -28.786262 1.463352 57.771057 5.484773 8.048773 10.370349 29.659019 0.916375 21.915902 -130.469318 72.061308 160.902594 -8.298290 3.112341 -82.205870 
-5.119430 100.435567 -52.847803 -14.193752 2.985762 0.890908 -1.520843 7.859856 6.745323 25.487194 -21.376118 -1.284578 -2.221083 10.383675 -4.636629 -0.000000 0.000000 0.000000 11.778136 -5.970029 5.225237 9.698268 13.096098 -1.164726 -7.170447 -12.856205 1.082907 -0.000000 0.000000 0.000000 16.643438 0.205003 6.321027 10.237525 -5.406973 5.430978 4.896584 -1.936713 5.516210 11.097136 -12.842913 3.819405 -10.814768 5.640733 14.244412 -0.000000 0.000000 0.000000 2.849007 -6.410009 -23.714211 27.661413 -3.366620 -33.213951 -44.321097 -71.963425 -73.345348 -28.779818 1.463275 57.784231 5.487242 8.049362 10.371810 29.678668 0.919576 21.918427 -130.562221 72.042246 160.944242 -8.321833 3.074739 -82.221977 
-5.086170 100.439262 -52.849603 -14.214822 2.982186 0.887799 -1.488429 7.840115 6.721996 25.484518 -21.375345 -1.286534 -2.224099 10.391979 -4.633642 -0.000000 0.000000 0.000000 11.812185 -5.969531 5.206846 9.678271 13.108886 -1.171729 -7.159857 -12.851973 1.096060 -0.000000 0.000000 0.000000 16.642209 0.219585 6.316945 10.277552 -5.402257 5.442697 4.896776 -1.936963 5.516358 11.056010 -12.820048 3.818308 -10.820751 5.613979 14.226078 -0.000000 0.000000 0.000000 2.843197 -6.406897 -23.710920 27.651590 -3.376751 -33.203384 -44.362303 -71.961547 -73.371885 -28.773828 1.445879 57.799144 5.485593 8.051045 10.391684 29.688266 0.923747 21.919090 -130.556443 72.034385 160.900788 -8.309034 3.078201 -82.267934 
-5.053120 100.443459 -52.859998 -14.221094 2.993148 0.887794 -1.503741 7.823407 6.703581 25.518155 -21.370715 -1.277714 -2.212204 10.391025 -4.635475 -0.000000 0.000000 0.000000 11.815953 -5.970436 5.196787 9.671482 13.100264 -1.178269 -7.145009 -12.863328 1.104289 -0.000000 0.000000 0.000000 16.658976 0.223441 6.316373 10.267157 -5.402510 5.448571 4.906312 -1.936261 5.517288 11.033069 -12.816573 3.824024 -10.795656 5.595952 14.218563 -0.000000 0.000000 0.000000 2.840815 -6.404962 -23.703849 27.641899 -3.395411 -33.212891 -44.315903 -71.956943 -73.321960 -28.766230 1.434913 57.781379 5.477996 8.040611 10.400821 29.696720 0.921026 21.908128 -130.591527 72.045073 160.923783 -8.304285 3.104994 -82.268849 
-5.019450 100.445867 -52.867997 -14.231697 3.014870 0.888984 -1.503081 7.818086 6.681839 25.533457 -21.380480 -1.267852 -2.210121 10.390545 -4.637140 -0.000000 0.000000 0.000000 11.837860 -5.969994 5.185784 9.630084 13.111374 -1.184223 -7.112005 -12.883629 1.114110 -0.000000 0.000000 0.000000 16.678926 0.225099 6.316300 10.255326 -5.403053 5.453818 4.909412 -1.936210 5.518271 11.008027 -12.832062 3.831316 -10.769472 5.601196 14.214195 -0.000000 0.000000 0.000000 2.836780 -6.402882 -23.702028 27.640836 -3.399271 -33.225457 -44.325109 -71.941323 -73.331666 -28.756435 1.436701 57.805777 5.464153 8.033022 10.407356 29.710764 0.913008 21.904017 -130.528135 72.014585 160.836786 -8.301609 3.091865 -82.264193 
-4.990070 100.446570 -52.877200 -14.239124 3.044402 0.881399 -1.500632 7.811114 6.671371 25.528911 -21.396309 -1.261715 -2.211413 10.390683 -4.626342 -0.000000 0.000000 0.000000 11.864563 -5.944768 5.207559 9.579244 13.138685 -1.202186 -7.094639 -12.954930 1.087523 -0.000000 0.000000 0.000000 16.696658 0.226680 6.315914 10.245786 -5.403160 5.461265 4.920141 -1.935512 5.520058 10.966314 -12.841905 3.848145 -10.751906 5.595308 14.209294 -0.000000 0.000000 0.000000 2.839851 -6.404119 -23.700457 27.626118 -3.420847 -33.223076 -44.328905 -71.937378 -73.337562 -28.785398 1.441015 57.814436 5.463024 8.034360 10.410510 29.727177 0.913907 21.910778 -130.585029 72.024955 160.864965 -8.294286 3.110679 -82.262266 
-4.962240 100.447154 -52.889401 -14.231669 3.068050 0.865436 -1.507697 7.787321 6.672936 25.510481 -21.403720 -1.265014 -2.230183 10.400318 -4.605734 -0.000000 0.000000 0.000000 11.858711 -5.899161 5.222253 9.552884 13.155003 -1.199984 -7.090579 -13.019904 1.067384 -0.000000 0.000000 0.000000 16.704561 0.227846 6.315248 10.236229 -5.402995 5.471505 4.930842 -1.943838 5.523439 10.918113 -12.846781 3.873725 -10.739803 5.585590 14.204844 -0.000000 0.000000 0.000000 2.857482 -6.411893 -23.697378 27.610913 -3.443275 -33.236138 -44.230944 -71.961274 -73.235486 -28.751503 1.467644 57.809838 5.454187 8.033324 10.403777 29.732405 0.930544 21.908863 -130.641825 72.031242 160.900123 -8.330666 3.134729 -82.215956 
-4.939860 100.447667 -52.898598 -14.225730 3.091145 0.843107 -1.508938 7.767251 6.674680 25.499531 -21.419360 -1.262550 -2.246623 10.414472 -4.594687 -0.000000 0.000000 0.000000 11.890998 -5.896011 5.227500 9.488544 13.175374 -1.178431 -7.074494 -13.042467 1.068730 -0.000000 0.000000 0.000000 16.715639 0.230250 6.314110 10.237113 -5.405841 5.482868 4.935082 -1.947945 5.529037 10.879081 -12.830022 3.914741 -10.733069 5.578077 14.202553 -0.000000 0.000000 0.000000 2.871996 -6.422330 -23.693898 27.597217 -3.464655 -33.237738 -44.208873 -71.956773 -73.212213 -28.785301 1.460000 57.835180 5.443185 8.031345 10.390966 29.735048 0.966842 21.895372 -130.676712 72.045750 160.936812 -8.359780 3.143698 -82.239777 
-4.920290 100.448155 -52.913797 -14.224657 3.101430 0.820209 -1.525570 7.753236 6.678502 25.506967 -21.429516 -1.257937 -2.252108 10.433452 -4.592806 -0.000000 0.000000 0.000000 11.879544 -5.912199 5.230201 9.473476 13.180232 -1.157228 -7.057980 -13.028663 1.076719 -0.000000 0.000000 0.000000 16.742739 0.239316 6.311320 10.238309 -5.407181 5.483884 4.946766 -1.948131 5.533542 10.815243 -12.810909 3.943531 -10.718715 5.546865 14.197348 -0.000000 0.000000 0.000000 2.866385 -6.439356 -23.681478 27.581709 -3.490993 -33.241501 -44.190965 -71.946882 -73.191841 -28.810001 1.426434 57.872330 5.444062 8.031355 10.374344 29.740613 0.980805 21.912174 -130.737083 72.063149 161.000163 -8.361722 3.144200 -82.274903 
-4.904540 100.448561 -52.924198 -14.240233 3.110482 0.795038 -1.532419 7.764442 6.703195 25.530732 -21.433748 -1.250792 -2.262604 10.418320 -4.592350 -0.000000 0.000000 0.000000 11.925519 -5.924558 5.246302 9.417025 13.191037 -1.142831 -7.046837 -13.026649 1.082262 -0.000000 0.000000 0.000000 16.791394 0.248369 6.301926 10.252361 -5.406790 5.485545 4.950627 -1.948923 5.537016 10.743234 -12.807793 3.957011 -10.704709 5.508829 14.188608 -0.000000 0.000000 0.000000 2.858957 -6.435206 -23.673720 27.573755 -3.505800 -33.249112 -44.183305 -71.959716 -73.177298 -28.827605 1.390647 57.890054 5.420805 8.028594 10.374780 29.737273 0.974200 21.877338 -130.777909 72.063117 161.059977 -8.363974 3.144604 -82.257764 
-4.890800 100.448954 -52.934396 -14.241895 3.118177 0.776956 -1.547420 7.749281 6.708523 25.544616 -21.431758 -1.248715 -2.271465 10.420322 -4.590423 -0.000000 0.000000 0.000000 11.920167 -5.917385 5.256327 9.414667 13.196534 -1.138095 -7.047904 -13.041826 1.082773 -0.000000 0.000000 0.000000 16.813547 0.253805 6.277630 10.295265 -5.403668 5.489589 4.950595 -1.951226 5.538592 10.664549 -12.793881 3.979694 -10.709088 5.474901 14.172019 -0.000000 0.000000 0.000000 2.867301 -6.438715 -23.679527 27.564516 -3.523263 -33.255866 -44.232840 -71.967231 -73.190960 -28.822438 1.362015 57.901264 5.412829 8.030147 10.387288 29.733022 0.982482 21.858552 -130.816415 72.070721 161.063689 -8.346900 3.142050 -82.265402 
-4.881320 100.449359 -52.948397 -14.243434 3.126963 0.758290 -1.555878 7.726179 6.713105 25.557274 -21.427749 -1.242045 -2.279896 10.433038 -4.583285 -0.000000 0.000000 0.000000 11.908082 -5.900183 5.271411 9.432522 13.181176 -1.132293 -7.042100 -13.042919 1.086812 -0.000000 0.000000 0.000000 16.866556 0.257699 6.252712 10.325666 -5.402264 5.492306 4.952050 -1.955966 5.538630 10.611173 -12.775848 4.008310 -10.693256 5.436061 14.174905 -0.000000 0.000000 0.000000 2.873290 -6.455051 -23.666464 27.563640 -3.531852 -33.264975 -44.271003 -71.989662 -73.208170 -28.800059 1.342575 57.932790 5.419451 8.033391 10.392720 29.755526 0.968401 21.893509 -130.877344 72.076649 161.072394 -8.362711 3.182963 -82.267402 
-4.871120 100.449657 -52.951801 -14.246997 3.150212 0.740390 -1.549324 7.708331 6.722246 25.547553 -21.441612 -1.235143 -2.298709 10.448634 -4.566057 -0.000000 0.000000 0.000000 11.900684 -5.913570 5.279740 9.427986 13.162318 -1.125482 -7.028946 -13.044150 1.100282 -0.000000 0.000000 0.000000 16.888323 0.257360 6.245217 10.318921 -5.416351 5.493451 4.972273 -1.958870 5.538340 10.616713 -12.759837 4.001925 -10.642780 5.436481 14.149769 -0.000000 0.000000 0.000000 2.866805 -6.446646 -23.651326 27.555147 -3.553993 -33.256842 -44.220564 -71.981805 -73.159639 -28.795971 1.324398 57.948542 5.389300 8.013314 10.380719 29.753145 0.999902 21.884543 -130.902508 72.071518 161.084540 -8.356082 3.150094 -82.242491 
-4.859460 100.449955 -52.942598 -14.250826 3.177219 0.728119 -1.532676 7.710399 6.724691 25.534395 -21.466772 -1.225200 -2.321112 10.446961 -4.554389 -0.000000 0.000000 0.000000 11.973769 -5.942524 5.288080 9.337154 13.169284 -1.108894 -7.007962 -13.045001 1.111980 -0.000000 0.000000 0.000000 16.884054 0.255718 6.241101 10.315358 -5.423867 5.493807 4.993996 -1.960773 5.529815 10.623608 -12.751303 3.968945 -10.606583 5.438320 14.112346 -0.000000 0.000000 0.000000 2.855350 -6.433186 -23.645401 27.553618 -3.578122 -33.248347 -44.220141 -71.952376 -73.161698 -28.830627 1.326468 57.952359 5.361166 7.990312 10.387717 29.755785 1.026107 21.883897 -130.859740 72.077041 161.027388 -8.345837 3.116296 -82.219082 
-4.849710 100.450158 -52.936596 -14.275397 3.170649 0.723918 -1.485924 7.696381 6.718396 25.517056 -21.476199 -1.225610 -2.335097 10.472168 -4.551686 -0.000000 0.000000 0.000000 12.003899 -5.937355 5.291935 9.324066 13.175122 -1.104536 -7.002958 -13.046405 1.122440 -0.000000 0.000000 0.000000 16.913978 0.268274 6.233893 10.351986 -5.415496 5.495990 4.993560 -1.950611 5.524470 10.551716 -12.729218 3.925853 -10.603300 5.410983 14.078550 -0.000000 0.000000 0.000000 2.837045 -6.421503 -23.631085 27.551888 -3.583289 -33.247383 -44.268085 -71.993165 -73.197559 -28.821503 1.309616 57.971414 5.356283 7.989892 10.408017 29.776603 1.004274 21.901973 -130.931885 72.075272 161.062171 -8.347758 3.136349 -82.235920 
-4.841970 100.450468 -52.934796 -14.279923 3.167526 0.719857 -1.483589 7.687996 6.717023 25.527820 -21.469643 -1.225514 -2.334481 10.475002 -4.556753 -0.000000 0.000000 0.000000 12.026503 -5.928751 5.287790 9.312328 13.178920 -1.105371 -7.003782 -13.046581 1.125360 -0.000000 0.000000 0.000000 16.928391 0.273112 6.228463 10.382809 -5.411424 5.498479 4.993167 -1.944793 5.523951 10.506095 -12.713508 3.909873 -10.612081 5.402055 14.071030 -0.000000 0.000000 0.000000 2.822502 -6.413758 -23.626654 27.551586 -3.586059 -33.248412 -44.306722 -72.003063 -73.222542 -28.815826 1.301817 57.969770 5.352171 7.988702 10.416082 29.784612 0.994878 21.891772 -130.977430 72.066883 161.094165 -8.333570 3.144094 -82.232785 
-4.832610 100.450659 -52.929497 -14.302060 3.177600 0.720029 -1.479586 7.673084 6.715154 25.566288 -21.465132 -1.224481 -2.332924 10.475208 -4.560943 -0.000000 0.000000 0.000000 12.033764 -5.948992 5.276182 9.327504 13.162265 -1.103097 -6.999503 -13.024542 1.145003 -0.000000 0.000000 0.000000 16.967554 0.291933 6.208777 10.406193 -5.411792 5.501246 5.004897 -1.945285 5.525314 10.444315 -12.652440 3.927504 -10.578512 5.392701 14.048185 -0.000000 0.000000 0.000000 2.809205 -6.422786 -23.598750 27.536512 -3.621229 -33.261792 -44.287827 -71.988249 -73.196828 -28.839470 1.262655 58.000306 5.350036 7.986306 10.408671 29.793113 1.011996 21.901969 -131.017665 72.080889 161.109840 -8.355481 3.199014 -82.227582 
-4.819610 100.450957 -52.923900 -14.317508 3.199574 0.719539 -1.465467 7.661873 6.711912 25.572932 -21.472444 -1.218930 -2.332726 10.459633 -4.562383 -0.000000 0.000000 0.000000 12.127121 -5.972905 5.273472 9.233142 13.156381 -1.086153 -6.985633 -13.006555 1.159365 -0.000000 0.000000 0.000000 16.996291 0.308366 6.206203 10.403509 -5.416556 5.508560 5.018563 -1.944916 5.531177 10.418431 -12.622169 3.953205 -10.538644 5.381753 14.028810 -0.000000 0.000000 0.000000 2.816071 -6.439382 -23.586564 27.524223 -3.653016 -33.280587 -44.222002 -71.987084 -73.121547 -28.841696 1.245015 58.009527 5.346746 7.984313 10.406197 29.789316 1.014909 21.887101 -131.064992 72.091041 161.154981 -8.360844 3.219230 -82.249475 
-4.811040 100.451159 -52.914900 -14.313278 3.225515 0.715253 -1.463295 7.661129 6.709824 25.567005 -21.497499 -1.208368 -2.330657 10.465940 -4.565244 -0.000000 0.000000 0.000000 12.139657 -5.987431 5.272317 9.196841 13.167242 -1.077245 -6.968381 -13.017830 1.172498 -0.000000 0.000000 0.000000 17.005770 0.311765 6.198406 10.407911 -5.420855 5.527857 5.030800 -1.943311 5.538411 10.396574 -12.615328 3.968649 -10.507715 5.376014 14.016139 -0.000000 0.000000 0.000000 2.805975 -6.435976 -23.583618 27.513574 -3.676059 -33.285520 -44.249485 -71.971533 -73.146546 -28.855698 1.244248 58.030829 5.332599 7.980422 10.407810 29.793285 1.022654 21.862394 -131.048832 72.060347 161.125474 -8.358383 3.159932 -82.280241 
-4.801180 100.451458 -52.904600 -14.304156 3.239922 0.715247 -1.461297 7.656900 6.706923 25.563083 -21.501491 -1.207931 -2.335672 10.460406 -4.557563 -0.000000 0.000000 0.000000 12.156821 -5.986550 5.268824 9.164760 13.166478 -1.067184 -6.968282 -13.015870 1.180925 -0.000000 0.000000 0.000000 17.002947 0.314588 6.194844 10.421759 -5.420718 5.536597 5.035154 -1.942840 5.539551 10.374053 -12.609605 3.981303 -10.499061 5.370627 14.009410 -0.000000 0.000000 0.000000 2.802259 -6.434874 -23.582011 27.507506 -3.689223 -33.286813 -44.281167 -71.961509 -73.176040 -28.857423 1.243755 58.032492 5.329700 7.973352 10.409218 29.796468 1.019940 21.867546 -130.986049 72.042411 161.039031 -8.361653 3.151276 -82.276555 
-4.794020 100.451756 -52.897096 -14.301733 3.246910 0.716728 -1.457073 7.642856 6.699216 25.562560 -21.508500 -1.204527 -2.356194 10.472739 -4.548335 -0.000000 0.000000 0.000000 12.141090 -5.985362 5.267576 9.172302 13.152880 -1.062269 -6.971291 -13.011494 1.183033 -0.000000 0.000000 0.000000 17.030813 0.320365 6.191605 10.428427 -5.421261 5.541120 5.038847 -1.942367 5.540287 10.327608 -12.592150 4.002332 -10.493655 5.346965 13.996571 -0.000000 0.000000 0.000000 2.800450 -6.433036 -23.566326 27.504029 -3.708500 -33.316127 -44.237765 -71.995712 -73.112489 -28.850985 1.263497 58.038896 5.328079 7.962998 10.411327 29.797168 1.022002 21.868517 -131.086347 72.058038 161.134001 -8.383145 3.193360 -82.265859 
-4.789740 100.452161 -52.889496 -14.300149 3.247597 0.716866 -1.451086 7.631457 6.697004 25.562992 -21.514603 -1.201039 -2.358362 10.484878 -4.545425 -0.000000 0.000000 0.000000 12.146701 -5.996054 5.270111 9.176608 13.150214 -1.059545 -6.975025 -12.998920 1.188245 -0.000000 0.000000 0.000000 17.058203 0.326715 6.187994 10.451582 -5.420582 5.545056 5.043657 -1.941728 5.540744 10.272709 -12.565405 4.018828 -10.491331 5.332409 13.986413 -0.000000 0.000000 0.000000 2.793582 -6.430982 -23.568804 27.500265 -3.716023 -33.314459 -44.236416 -72.008942 -73.086876 -28.850843 1.259099 58.049525 5.315857 7.961063 10.413745 29.802724 1.016818 21.852191 -131.172062 72.038557 161.202793 -8.394715 3.184787 -82.274043 
-4.788320 100.452566 -52.876300 -14.296355 3.247861 0.716890 -1.449486 7.630890 6.695805 25.564448 -21.514803 -1.200304 -2.356380 10.484771 -4.548141 -0.000000 0.000000 0.000000 12.155226 -6.000567 5.266684 9.171468 13.149107 -1.056286 -6.979231 -12.991531 1.193256 -0.000000 0.000000 0.000000 17.070724 0.331536 6.182804 10.466636 -5.421093 5.547593 5.048424 -1.941064 5.540941 10.256321 -12.560346 4.020597 -10.489534 5.314963 13.983916 -0.000000 0.000000 0.000000 2.790871 -6.432076 -23.570835 27.497572 -3.722162 -33.313723 -44.233436 -72.010800 -73.080536 -28.855900 1.248574 58.051173 5.311784 7.962096 10.420356 29.803544 1.017750 21.848988 -131.224275 72.045714 161.248707 -8.391656 3.198290 -82.275429 
-4.787030 100.454164 -52.864796 -14.291949 3.247820 0.716850 -1.447633 7.629706 6.694901 25.565306 -21.509228 -1.202686 -2.354058 10.483461 -4.553176 -0.000000 0.000000 0.000000 12.192595 -6.012905 5.253614 9.135113 13.151752 -1.050535 -6.986625 -12.973322 1.199956 -0.000000 0.000000 0.000000 17.085976 0.342096 6.175135 10.512327 -5.421811 5.553428 5.053710 -1.940333 5.540985 10.201827 -12.554961 4.020529 -10.477765 5.261236 13.970554 -0.000000 0.000000 0.000000 2.787473 -6.430945 -23.556522 27.485705 -3.749062 -33.323153 -44.224135 -72.020513 -73.052475 -28.864707 1.221253 58.069893 5.303413 7.961560 10.427622 29.803721 1.021498 21.849664 -131.284572 72.056711 161.279403 -8.392014 3.214139 -82.275729 
-4.785810 100.456655 -52.852601 -14.283726 3.247655 0.716509 -1.446176 7.628462 6.694246 25.566793 -21.494794 -1.209667 -2.351773 10.467653 -4.575332 -0.000000 0.000000 0.000000 12.170913 -6.022620 5.236904 9.149573 13.147305 -1.048433 -6.987489 -12.949777 1.222730 -0.000000 0.000000 0.000000 17.093237 0.348788 6.157965 10.568308 -5.423871 5.560525 5.058723 -1.939639 5.540911 10.157231 -12.531112 4.027837 -10.461414 5.212266 13.945174 -0.000000 0.000000 0.000000 2.783973 -6.430112 -23.544928 27.476116 -3.768122 -33.323393 -44.305783 -72.009387 -73.103766 -28.874655 1.171284 58.083969 5.285993 7.944619 10.436725 29.796603 1.034134 21.823497 -131.296265 72.036255 161.264034 -8.389897 3.203683 -82.266357 
-4.784630 100.459063 -52.832901 -14.267983 3.247029 0.717598 -1.444820 7.627819 6.693754 25.567956 -21.495105 -1.209196 -2.363577 10.466994 -4.562820 -0.000000 0.000000 0.000000 12.191409 -6.028950 5.233966 9.115226 13.146748 -1.041087 -6.989373 -12.946117 1.225139 -0.000000 0.000000 0.000000 17.094434 0.351181 6.155863 10.564451 -5.427400 5.561085 5.062562 -1.938702 5.535709 10.177506 -12.522210 4.022997 -10.439979 5.209689 13.941416 -0.000000 0.000000 0.000000 2.781273 -6.430343 -23.541034 27.471208 -3.775895 -33.316498 -44.300965 -72.003409 -73.107032 -28.881868 1.170035 58.101695 5.287444 7.939200 10.440477 29.794893 1.039777 21.828204 -131.303920 72.040809 161.252961 -8.385157 3.181801 -82.269109 
-4.783450 100.461459 -52.807999 -14.249329 3.236732 0.717210 -1.444083 7.633427 6.693430 25.568213 -21.496639 -1.208387 -2.367608 10.468309 -4.566352 -0.000000 0.000000 0.000000 12.185863 -6.068609 5.209001 9.106219 13.131065 -1.026822 -6.985428 -12.879812 1.266606 -0.000000 0.000000 0.000000 17.081721 0.362689 6.155970 10.564390 -5.430144 5.561830 5.063092 -1.933285 5.531914 10.211893 -12.507770 4.012036 -10.425292 5.196381 13.929786 -0.000000 0.000000 0.000000 2.776227 -6.428829 -23.531568 27.470221 -3.781784 -33.309664 -44.282961 -71.993280 -73.094769 -28.882814 1.171385 58.101050 5.291481 7.933134 10.447865 29.781719 1.035490 21.826555 -131.290771 72.043530 161.251779 -8.381962 3.183010 -82.283780 
-4.782220 100.463855 -52.780896 -14.235317 3.215917 0.714620 -1.444336 7.644229 6.695811 25.565942 -21.493516 -1.211291 -2.371874 10.470562 -4.570232 -0.000000 0.000000 0.000000 12.216284 -6.112978 5.171463 9.074608 13.125304 -1.005165 -6.983578 -12.800018 1.320572 -0.000000 0.000000 0.000000 17.074039 0.377273 6.160867 10.570097 -5.432380 5.563035 5.059803 -1.927002 5.527916 10.225091 -12.488738 3.992723 -10.428957 5.187773 13.914422 -0.000000 0.000000 0.000000 2.766431 -6.425354 -23.526404 27.474963 -3.777892 -33.302123 -44.288748 -71.995111 -73.102219 -28.872570 1.159509 58.096244 5.294772 7.926809 10.455861 29.768535 1.025844 21.817817 -131.279821 72.032272 161.265239 -8.370781 3.183220 -82.281052 
-4.780900 100.468457 -52.752602 -14.198579 3.141207 0.697297 -1.463445 7.686096 6.707821 25.563708 -21.453081 -1.239109 -2.361768 10.471336 -4.567782 -0.000000 0.000000 0.000000 12.167029 -6.275181 5.034872 9.114362 13.070562 -0.920524 -7.005212 -12.479050 1.527342 -0.000000 0.000000 0.000000 17.041104 0.426240 6.150083 10.601770 -5.431285 5.566315 5.033247 -1.903049 5.522441 10.266801 -12.417006 3.967630 -10.481971 5.137091 13.905424 -0.000000 0.000000 0.000000 2.739098 -6.413246 -23.516571 27.507354 -3.774838 -33.296377 -44.362108 -71.974792 -73.187094 -28.860487 1.134270 58.103107 5.328202 7.918966 10.481492 29.721635 0.975261 21.795971 -131.171188 72.008349 161.232257 -8.366717 3.197659 -82.293778 
-4.779450 100.475359 -52.727699 -14.095233 3.010833 0.678327 -1.571374 7.738661 6.722746 25.579002 -21.361289 -1.305237 -2.324626 10.493543 -4.513640 -0.000000 0.000000 0.000000 11.977820 -6.539876 4.812706 9.228783 12.980558 -0.768870 -7.026944 -11.985740 1.849655 -0.000000 0.000000 0.000000 16.968067 0.510951 6.099183 10.595281 -5.425884 5.562394 4.998481 -1.875824 5.533266 10.348441 -12.337423 4.000937 -10.514555 5.046936 13.924946 -0.000000 0.000000 0.000000 2.705853 -6.389095 -23.490439 27.540718 -3.809716 -33.312200 -44.399070 -71.939965 -73.268663 -28.849968 1.130131 58.129924 5.392223 7.900751 10.507034 29.645518 0.901329 21.734552 -130.980570 71.996976 161.176180 -8.384453 3.237209 -82.334439 
-4.775130 100.478756 -52.690399 -13.980332 2.817911 0.641555 -1.655881 7.820049 6.720769 25.592879 -21.302393 -1.335449 -2.397196 10.557895 -4.415137 -0.000000 0.000000 0.000000 11.827754 -6.804108 4.631292 9.282410 12.921600 -0.666599 -7.050036 -11.528674 2.202450 -0.000000 0.000000 0.000000 16.911274 0.596099 6.002663 10.531037 -5.417729 5.533580 4.961484 -1.852638 5.572231 10.499396 -12.311215 4.091210 -10.602018 5.009719 14.012529 -0.000000 0.000000 0.000000 2.705676 -6.362218 -23.477654 27.567350 -3.790915 -33.345715 -44.499594 -71.894673 -73.433161 -28.840244 1.125790 58.157535 5.453836 7.880417 10.478465 29.567609 0.823055 21.705421 -130.643920 71.985689 161.015845 -8.419339 3.218612 -82.323617 
-4.764320 100.481761 -52.645999 -13.856704 2.621458 0.591486 -1.725389 7.843297 6.723414 25.594345 -21.245873 -1.401211 -2.530612 10.659334 -4.246883 -0.000000 0.000000 0.000000 11.687105 -6.924347 4.514735 9.306365 12.896620 -0.587027 -7.058233 -11.250556 2.409746 -0.000000 0.000000 0.000000 16.830793 0.640111 5.868854 10.448590 -5.403974 5.498928 4.940630 -1.823840 5.583945 10.625586 -12.307490 4.207254 -10.614565 4.940261 14.094387 -0.000000 0.000000 0.000000 2.741439 -6.351064 -23.514118 27.582740 -3.789375 -33.316279 -44.585133 -71.837511 -73.528285 -28.833852 1.132018 58.175220 5.552446 7.871486 10.515915 29.540988 0.753023 21.719831 -130.423747 72.050170 160.837993 -8.488113 3.260754 -82.291458 
-4.744580 100.485766 -52.592999 -13.665712 2.436430 0.518538 -1.844849 7.936339 6.773627 25.550343 -21.238783 -1.484683 -2.728221 10.710113 -4.002399 -0.000000 0.000000 0.000000 11.480372 -7.063717 4.407260 9.319887 12.915934 -0.476505 -7.037485 -10.997342 2.563595 -0.000000 0.000000 0.000000 16.674122 0.642628 5.678205 10.288835 -5.405432 5.446791 4.968069 -1.821971 5.587696 10.697462 -12.331480 4.333432 -10.520587 4.837967 14.153491 -0.000000 0.000000 0.000000 2.802769 -6.296440 -23.548346 27.580849 -3.790568 -33.257992 -44.709032 -71.767893 -73.676577 -28.905077 1.180514 58.204159 5.626006 7.830044 10.588656 29.485458 0.750035 21.700939 -129.932064 72.145555 160.372099 -8.625834 3.314195 -82.151583 
-4.717860 100.499260 -52.528703 -13.445360 2.295566 0.419305 -1.915716 7.997704 6.836464 25.378995 -21.285617 -1.543921 -2.951177 10.767960 -3.786874 -0.000000 0.000000 0.000000 11.296740 -7.255673 4.325021 9.261089 12.911829 -0.351846 -6.964913 -10.689524 2.743981 -0.000000 0.000000 0.000000 16.434682 0.628131 5.469714 10.074843 -5.460616 5.340056 5.038922 -1.889471 5.584253 10.714486 -12.324140 4.383036 -10.449584 4.779246 14.175636 -0.000000 0.000000 0.000000 2.884890 -6.202435 -23.478458 27.542145 -3.780562 -33.352648 -44.854637 -71.603871 -73.728064 -29.145695 1.328487 58.297823 5.584392 7.727976 10.560522 29.343796 0.960966 21.751089 -129.195452 72.362258 159.788347 -8.808220 3.201067 -81.908333 
-4.683350 100.523257 -52.444899 -13.196851 2.128243 0.282408 -1.863149 7.951591 6.851265 25.030244 -21.336793 -1.550802 -3.221965 10.943319 -3.524359 -0.000000 0.000000 0.000000 11.166588 -7.430579 4.274622 9.071686 12.943851 -0.227182 -6.837760 -10.382408 2.982564 -0.000000 0.000000 0.000000 16.077952 0.635463 5.245019 9.801993 -5.503278 5.184872 5.159014 -1.935555 5.539805 10.614013 -12.268356 4.332244 -10.293375 4.669128 14.128995 -0.000000 0.000000 0.000000 2.927654 -6.124022 -23.351396 27.553723 -3.877665 -33.405210 -45.058430 -71.335630 -73.788918 -29.456790 1.471934 58.500379 5.507884 7.623515 10.543521 29.293033 1.223184 21.888724 -128.348565 72.615343 158.997140 -9.028373 2.984488 -81.537078 
-4.632470 100.561857 -52.328396 -12.932376 1.924400 0.132186 -1.635363 7.829614 6.768350 24.462550 -21.376484 -1.476678 -3.482560 11.228563 -3.250182 -0.000000 0.000000 0.000000 11.086609 -7.516287 4.267889 8.810064 13.038991 -0.165990 -6.690513 -10.167919 3.249449 -0.000000 0.000000 0.000000 15.618711 0.660177 4.984195 9.438893 -5.493248 4.986120 5.331894 -1.920545 5.435373 10.399697 -12.154264 4.206293 -10.106704 4.424379 14.024313 -0.000000 0.000000 0.000000 2.890861 -6.003086 -23.117195 27.668639 -4.117653 -33.237914 -45.020457 -71.244692 -73.817719 -29.682627 1.522494 58.717389 5.395840 7.468024 10.562423 29.354948 1.507944 22.115911 -127.469290 72.988953 158.145774 -9.320947 2.820949 -81.022218 
-4.555060 100.615060 -52.199197 -12.650917 1.630942 0.000614 -1.241289 7.589549 6.518359 23.685199 -21.300952 -1.343529 -3.742657 11.686445 -2.931784 -0.000000 0.000000 0.000000 10.970987 -7.495258 4.223854 8.578633 13.134394 -0.138490 -6.515103 -9.976911 3.545850 -0.000000 0.000000 0.000000 15.053127 0.695097 4.676239 9.069472 -5.430284 4.706176 5.515113 -1.900229 5.290707 10.127332 -12.007809 3.998164 -9.955326 4.185249 13.903324 -0.000000 0.000000 0.000000 2.886674 -5.838397 -22.773482 27.867428 -4.248300 -33.027724 -45.477941 -71.336184 -74.263722 -29.808339 1.591639 58.794303 5.258035 7.367443 10.535306 29.415164 1.894360 22.408320 -125.969826 73.444887 156.713067 -9.650732 2.684337 -80.339948 
-4.443950 100.699365 -52.055597 -12.329869 1.276636 -0.101059 -0.643784 7.240380 6.047275 22.614929 -21.072083 -1.084497 -3.942806 12.267624 -2.568689 -0.000000 0.000000 0.000000 10.823467 -7.319724 4.202447 8.327886 13.246289 -0.240930 -6.255001 -9.897396 3.873242 -0.000000 0.000000 0.000000 14.354467 0.749810 4.302092 8.681068 -5.301645 4.395585 5.710978 -1.881642 5.114831 9.792197 -11.764226 3.771722 -9.670661 3.957604 13.635384 -0.000000 0.000000 0.000000 2.900870 -5.601786 -22.354982 28.071583 -4.484469 -32.812518 -45.791979 -71.458437 -74.494113 -29.836015 1.603385 58.890669 5.068124 7.251906 10.509991 29.541771 2.411744 22.749779 -123.980773 74.122935 154.721063 -10.018323 2.749829 -79.353799 
-4.297210 100.801861 -51.882702 -12.031318 0.849153 -0.185324 0.196459 6.894462 5.423143 21.242157 -20.812202 -0.706518 -4.076267 12.987829 -2.209512 -0.000000 0.000000 0.000000 10.780187 -7.122727 4.185227 7.965859 13.343702 -0.434682 -5.932803 -9.789659 4.256840 -0.000000 0.000000 0.000000 13.659819 0.795477 3.928681 8.063990 -5.125071 3.990278 5.947780 -1.835375 4.909515 9.547996 -11.496506 3.495621 -9.336890 3.734008 13.352102 -0.000000 0.000000 0.000000 2.798695 -5.212040 -21.882665 28.330141 -4.785118 -32.459949 -45.793439 -71.550222 -74.560480 -29.878015 1.710900 58.905437 4.775166 7.054626 10.530061 29.705701 3.074560 23.089922 -120.904688 74.871435 151.804340 -10.325763 2.844059 -78.499052 
-4.114450 100.899756 -51.685601 -11.767722 0.427788 -0.269054 1.179157 6.639447 4.755199 19.679527 -20.551109 -0.251666 -4.129980 13.733011 -1.982229 -0.000000 0.000000 0.000000 10.777254 -7.029941 4.131273 7.629130 13.309534 -0.639022 -5.625297 -9.460958 4.703029 -0.000000 0.000000 0.000000 13.080662 0.806050 3.609914 7.243588 -4.951544 3.528076 6.135630 -1.724422 4.691963 9.205675 -11.165087 2.942031 -9.025168 3.450545 13.285801 -0.000000 0.000000 0.000000 1.992318 -4.543361 -21.452644 29.125278 -4.887716 -31.882589 -45.665119 -71.727936 -74.754590 -29.583831 2.045793 58.550890 4.249347 6.883085 10.679275 30.059340 3.453409 23.455651 -117.475983 75.367189 148.703470 -10.746104 3.113084 -77.320535 
-3.868500 101.010466 -51.485997 -11.276280 -0.131186 -0.248952 2.275958 6.034247 3.835761 17.584761 -19.633877 0.195137 -3.992205 14.256897 -1.748602 -0.000000 0.000000 0.000000 10.407034 -6.549479 3.860165 7.409019 12.778967 -0.808308 -5.386807 -8.906578 5.577902 -0.000000 0.000000 0.000000 11.989729 1.145348 2.682567 6.158161 -4.569986 3.504923 6.888688 -1.203336 4.600561 9.062367 -8.410836 3.468913 -8.999866 0.240048 11.778760 -0.000000 0.000000 0.000000 0.883451 -3.372571 -19.818919 29.510338 -8.076958 -31.634342 -42.381652 -70.468981 -72.004257 -28.990646 2.252127 58.884741 3.910359 5.352617 11.198069 30.774487 4.654000 22.709489 -115.271787 76.139040 146.233171 -11.863280 3.986158 -76.648130 
-3.584130 101.078463 -51.291597 -10.905296 -0.592998 -0.364376 3.456207 5.914104 3.045757 15.482784 -19.433049 0.860540 -4.121043 14.943315 -1.363745 -0.000000 0.000000 0.000000 10.112862 -6.388388 3.754340 7.355720 12.800461 -0.999250 -5.227394 -8.691571 5.975723 -0.000000 0.000000 0.000000 11.210743 1.079326 2.459529 5.403299 -4.287547 3.066704 6.945830 -1.174042 4.347695 8.743120 -8.094052 3.078544 -8.770949 0.115720 11.216311 -0.000000 0.000000 0.000000 0.975399 -3.124922 -19.422347 29.511249 -8.298731 -31.297868 -40.691431 -70.715312 -70.245496 -28.464541 2.900620 58.340205 3.733212 5.162218 11.268749 30.831288 5.178839 22.770308 -111.620672 76.774468 143.066855 -12.178025 4.313007 -75.419577 
-3.258610 101.153958 -51.102197 -10.509922 -1.056230 -0.485109 4.764888 5.864327 2.147863 13.100986 -19.353369 1.630849 -4.202178 15.728216 -0.861279 -0.000000 0.000000 0.000000 9.803870 -6.114886 3.677667 7.267430 12.864998 -1.228742 -5.026277 -8.617954 6.333229 -0.000000 0.000000 0.000000 10.442814 0.897927 2.282801 4.580028 -3.969648 2.626728 6.941072 -1.140117 4.105297 8.442098 -7.854622 2.610962 -8.528620 0.194721 10.628473 -0.000000 0.000000 0.000000 0.966706 -2.781100 -19.056614 29.493834 -8.461704 -30.959629 -38.193817 -70.798819 -67.829018 -27.925527 3.670636 57.383595 3.482248 5.021010 11.252663 30.892239 5.759723 22.734682 -107.306943 77.460362 139.383432 -12.627965 5.086810 -73.684320 
-2.905710 101.247656 -50.906599 -10.174952 -1.524166 -0.608022 6.089541 5.748499 1.228810 10.741107 -19.290856 2.404148 -3.973460 16.498315 -0.450846 -0.000000 0.000000 0.000000 9.595413 -5.817962 3.573462 7.093703 12.889663 -1.427211 -4.733596 -8.526173 6.754141 -0.000000 0.000000 0.000000 9.746627 0.732321 2.126151 3.789121 -3.650543 2.254910 6.823627 -1.118005 3.842351 8.140697 -7.573438 2.162655 -8.219903 0.317171 9.920327 -0.000000 0.000000 0.000000 0.991864 -2.397019 -18.720657 29.416245 -8.590710 -30.454940 -34.766423 -70.742407 -64.652070 -27.287823 3.970647 55.676993 3.173107 4.810955 11.285825 30.933874 6.246264 22.368727 -103.108686 78.272963 135.940114 -12.803003 6.239220 -71.262018 
-2.513400 101.343262 -50.761199 -9.831314 -1.908450 -0.658769 7.112489 5.201946 0.288088 8.811381 -19.259719 3.086687 -3.592918 17.403530 -0.073737 -0.000000 0.000000 0.000000 9.395386 -5.418711 3.395242 6.818276 12.857611 -1.594400 -4.421801 -8.579520 7.165127 -0.000000 0.000000 0.000000 9.208978 0.628782 1.971151 2.845227 -3.398352 1.898854 6.701052 -1.130825 3.559859 7.737423 -7.335970 1.727632 -7.791563 0.490734 9.226749 -0.000000 0.000000 0.000000 1.076757 -2.113468 -18.444790 29.243940 -8.537425 -29.790311 -29.972796 -70.686613 -60.225956 -26.103600 4.134437 53.040757 2.873191 4.640596 11.379982 30.931034 6.569698 21.900821 -99.055586 79.433156 132.573987 -12.190238 7.112532 -68.729842 
-2.124970 101.422465 -50.641698 -9.481372 -2.220380 -0.730115 7.802640 4.724562 -0.284986 7.277224 -19.128479 3.430066 -3.249216 17.942325 0.006900 -0.000000 0.000000 0.000000 9.212219 -5.039781 3.233348 6.481681 12.739637 -1.713073 -4.124642 -8.561874 7.555550 -0.000000 0.000000 0.000000 8.748027 0.582610 1.892827 1.871645 -3.180348 1.517521 6.548029 -1.131116 3.302354 7.250643 -7.015352 1.295940 -7.298171 0.598383 8.521806 -0.000000 0.000000 0.000000 1.192106 -1.972681 -18.159596 28.902452 -8.243793 -29.087595 -24.218351 -70.547567 -54.927510 -24.295919 4.642355 49.392118 2.742495 4.573832 11.447843 30.763268 6.745778 21.542197 -94.362974 80.953957 128.599905 -10.708616 7.575306 -66.766654 
-1.741460 101.476157 -50.554502 -9.077831 -2.504794 -0.831563 8.233861 4.382169 -0.520500 5.908152 -18.852871 3.433328 -2.931685 18.031389 -0.188859 -0.000000 0.000000 0.000000 8.958999 -4.556633 3.024014 6.098732 12.430424 -1.675860 -3.837175 -8.411583 7.938712 -0.000000 0.000000 0.000000 8.256632 0.519109 1.855477 1.023591 -2.878985 1.179412 6.244910 -1.123548 3.054174 6.716495 -6.642953 0.946663 -6.710152 0.636704 7.707224 -0.000000 0.000000 0.000000 1.358352 -1.805113 -17.824484 28.203189 -7.918584 -28.423873 -15.440738 -70.515209 -46.627355 -21.676614 4.979146 43.837871 2.735147 4.483045 11.511129 30.239429 6.722743 21.108572 -87.149827 82.636135 122.197011 -10.416205 9.583579 -62.974561 
-1.344570 101.516259 -50.503296 -8.711341 -2.746449 -0.911875 8.500483 3.907263 -0.812678 4.880376 -18.593309 3.482053 -2.689815 18.229443 -0.309121 -0.000000 0.000000 0.000000 8.753480 -4.087237 2.803345 5.671551 12.160440 -1.639879 -3.568567 -8.351996 8.336864 -0.000000 0.000000 0.000000 7.895882 0.419089 1.808522 0.103738 -2.568086 0.902041 6.040681 -1.096689 2.733757 5.961036 -6.107388 0.776238 -5.803542 0.576241 6.808127 -0.000000 0.000000 0.000000 1.533145 -1.412158 -17.352152 27.255060 -7.985796 -27.666209 -6.696232 -69.484403 -38.277783 -20.821778 2.951190 38.260626 2.524275 4.156992 11.612366 29.569490 6.991663 20.339843 -70.508313 84.516946 106.374509 -10.324805 12.686218 -58.109810 
-0.951976 101.558065 -50.447798 -8.481664 -2.864005 -1.118284 8.795551 3.396418 -1.075364 4.094372 -18.446615 3.731758 -2.544968 18.597521 -0.280386 -0.000000 0.000000 0.000000 8.763005 -3.684146 2.839204 5.201100 12.016242 -1.741543 -3.257268 -8.454048 8.657959 -0.000000 0.000000 0.000000 7.727975 0.293865 1.926972 -0.876429 -2.361065 0.628941 5.844488 -1.040613 2.476546 5.433295 -5.523223 0.524777 -5.212466 0.630390 6.015970 -0.000000 0.000000 0.000000 1.510551 -1.068390 -16.850870 26.205160 -7.809517 -26.904374 -0.266471 -67.727953 -32.225420 -19.997548 1.782797 33.640947 2.284058 3.950414 11.569593 28.930746 7.247114 19.224238 -36.045562 86.279641 73.174577 -7.014244 13.961926 -56.683472 
-0.563720 101.584566 -50.419098 -8.280164 -2.997232 -1.386494 8.889505 2.991387 -1.202322 3.672149 -18.116684 3.918434 -2.536194 18.732712 -0.295112 -0.000000 0.000000 0.000000 8.703807 -3.139822 2.953428 4.884654 11.727951 -1.856464 -2.995073 -8.509989 8.904067 -0.000000 0.000000 0.000000 7.523231 0.189194 2.120353 -1.527560 -2.113912 0.410437 5.518680 -0.967606 2.278386 4.876685 -4.886038 0.269458 -4.875456 0.629564 5.094510 -0.000000 0.000000 0.000000 1.426399 -0.807007 -16.305763 24.479102 -7.283209 -26.123629 7.584295 -65.458896 -24.585554 -17.292665 1.746639 27.358619 2.217780 3.867164 11.411939 27.771707 7.103733 17.704252 21.951125 85.820241 16.513065 -3.958158 16.215989 -54.968640 
-0.181339 101.599956 -50.439399 -8.152999 -3.075320 -1.581638 8.876932 2.452419 -1.301533 3.499264 -17.539780 3.994551 -2.586996 18.640542 -0.446504 -0.000000 0.000000 0.000000 8.620216 -2.570573 2.929700 4.696108 11.200106 -1.883712 -2.812175 -8.439483 9.240017 -0.000000 0.000000 0.000000 7.361216 0.038767 2.257214 -1.955441 -1.970858 0.214947 5.195554 -0.889962 1.943318 4.141107 -3.942137 0.322937 -4.217720 0.342641 4.058056 -0.000000 0.000000 0.000000 1.347830 -0.344646 -15.400333 21.801548 -6.725564 -24.839872 15.278392 -61.720566 -17.172672 -15.232151 -0.879024 17.815179 1.881955 3.642635 11.095308 25.851332 7.322839 15.862498 55.863040 81.121438 -16.152305 1.275518 19.437005 -50.862235 
0.184860 101.616466 -50.471902 -8.192754 -3.113446 -1.692407 9.089760 2.010439 -1.456789 3.184580 -17.502113 3.960661 -2.555088 18.971592 -0.401783 -0.000000 0.000000 0.000000 8.679756 -2.290508 2.831675 4.579054 11.341922 -1.904898 -2.682312 -8.801647 9.446456 -0.000000 0.000000 0.000000 7.332558 -0.083259 2.304202 -2.510228 -1.974208 0.000651 5.134079 -0.752739 1.600339 3.671062 -3.234728 0.259530 -3.758953 0.076158 3.371259 -0.000000 0.000000 0.000000 0.889540 -0.100918 -14.079299 19.406814 -6.240282 -22.947852 17.988702 -56.971727 -14.672332 -13.885291 -2.933809 12.692975 0.916013 3.494091 10.467883 24.099657 7.928275 13.810001 64.627430 74.479827 -23.256988 9.584804 18.997585 -48.209550 
0.517194 101.623464 -50.507599 -8.349847 -3.208332 -1.830375 9.378735 1.987358 -1.586311 2.931729 -17.946345 3.921348 -2.535325 19.512130 -0.243576 -0.000000 0.000000 0.000000 8.771528 -2.137755 2.813985 4.641648 11.962863 -1.966514 -2.596184 -9.488378 9.442011 -0.000000 0.000000 0.000000 7.312798 -0.154046 2.281252 -3.045427 -1.945207 -0.140464 5.308112 -0.631164 1.422738 3.325900 -2.839947 -0.017356 -3.561517 -0.081745 2.808205 -0.000000 0.000000 0.000000 0.221449 -0.077010 -12.256509 17.079059 -5.872112 -21.260419 18.749452 -51.136092 -13.471185 -11.695922 -3.226816 12.517115 -0.299700 3.581904 9.241360 22.359748 8.752339 12.211031 61.775170 67.295477 -18.658026 13.809677 17.762305 -44.650258 
0.824041 101.650965 -50.519902 -8.584238 -3.352109 -1.947014 9.756348 2.033665 -1.780616 2.701591 -18.522467 3.939349 -2.438583 20.195458 -0.152378 -0.000000 0.000000 0.000000 8.919831 -2.035811 2.761993 4.757490 12.688077 -2.012804 -2.448134 -10.222700 9.480918 -0.000000 0.000000 0.000000 7.298659 -0.168316 2.237851 -3.546878 -1.829795 -0.283890 5.552321 -0.501351 1.311217 3.065866 -2.644245 -0.371930 -3.418845 -0.205461 2.349031 -0.000000 0.000000 0.000000 -0.610033 -0.035415 -10.380237 14.405010 -5.608037 -19.376218 18.771101 -43.504506 -12.258662 -8.862962 -3.945266 13.345212 -1.419909 3.825399 7.917856 20.344854 9.249274 11.090992 52.749980 59.125774 -8.690196 14.397635 16.036578 -40.057727 
1.104040 101.695764 -50.527298 -8.736911 -3.539364 -2.075477 10.063693 2.096756 -1.950074 2.429239 -19.271942 3.932951 -2.264640 21.087301 -0.013620 -0.000000 0.000000 0.000000 8.995398 -1.941054 2.734228 4.835007 13.744995 -2.034754 -2.258037 -11.218526 9.470094 -0.000000 0.000000 0.000000 7.170024 -0.184991 2.260263 -4.017240 -1.678811 -0.421596 5.812198 -0.366575 1.196689 2.973758 -2.651941 -0.797306 -3.598414 -0.185734 2.121638 -0.000000 0.000000 0.000000 -1.523667 0.094459 -9.031699 11.596986 -5.087485 -16.582058 17.578341 -35.532960 -11.264664 -5.639994 -3.052177 15.363238 -2.205481 4.141757 7.292077 18.178243 9.185025 9.217487 45.288135 49.697887 -1.191389 15.471127 12.844432 -37.273320 
1.367010 101.730955 -50.502801 -8.812139 -3.776351 -2.198212 10.352220 2.104934 -2.108899 2.086300 -19.861615 3.909493 -2.095741 21.916143 0.108797 -0.000000 0.000000 0.000000 9.094621 -1.747324 2.689844 4.750309 14.837064 -2.011969 -2.068990 -12.292380 9.455217 -0.000000 0.000000 0.000000 6.780113 -0.162121 2.249543 -4.248459 -1.520173 -0.452940 6.035549 -0.199378 1.045994 2.934410 -2.761297 -1.069080 -3.871355 -0.310052 1.995553 -0.000000 0.000000 0.000000 -2.031271 0.035210 -7.806691 8.469199 -4.533979 -13.331873 15.775680 -27.483927 -10.115950 -2.561699 -2.899534 17.921831 -2.701052 4.518953 7.008310 15.749404 8.702927 7.101475 40.879055 39.440182 2.184097 17.481912 11.204911 -34.722317 
1.599800 101.777363 -50.462699 -8.888025 -4.062528 -2.317450 10.553709 2.254067 -2.261243 1.937711 -20.248050 3.939963 -1.972396 22.468737 0.126071 -0.000000 0.000000 0.000000 9.229048 -1.520043 2.662639 4.620320 15.802186 -2.028891 -1.840323 -13.199190 9.451139 -0.000000 0.000000 0.000000 6.348543 -0.043216 2.207063 -4.348127 -1.454325 -0.368705 6.193403 -0.108300 1.027813 2.924907 -2.725625 -1.433437 -4.092722 -0.545704 1.676090 -0.000000 0.000000 0.000000 -2.357815 -0.502930 -6.458043 5.363711 -3.852332 -10.712601 13.897088 -18.786084 -8.528130 2.301720 -2.290938 20.651799 -3.157618 5.083459 6.485778 12.949010 8.078226 5.199552 36.227775 29.384212 4.240221 17.405584 9.265405 -31.808313 
1.822360 101.832867 -50.412899 -8.926922 -4.388175 -2.424557 10.739199 2.269767 -2.430757 1.743423 -20.716344 3.941470 -1.751218 23.197658 0.277051 -0.000000 0.000000 0.000000 9.314072 -1.368334 2.619138 4.505176 16.722196 -2.055492 -1.604238 -13.947255 9.407967 -0.000000 0.000000 0.000000 5.879041 0.100784 2.249714 -4.369377 -1.489599 -0.348372 6.372971 -0.024185 1.098979 2.959222 -2.662714 -1.837692 -4.709359 -0.671243 1.487239 -0.000000 0.000000 0.000000 -2.790247 -1.201062 -4.621371 2.737134 -2.879622 -8.515466 13.499159 -11.519852 -7.242413 7.804430 0.470390 21.285331 -3.512825 5.853698 5.258607 9.679009 7.448141 3.999418 31.299358 20.364102 5.409867 17.425252 6.860953 -29.897192 
2.033990 101.888669 -50.385296 -8.965125 -4.745716 -2.527211 10.748567 2.457123 -2.603256 1.864484 -20.878010 4.019288 -1.653614 23.533249 0.307990 -0.000000 0.000000 0.000000 9.280232 -1.287772 2.589571 4.564546 17.464352 -2.129000 -1.395068 -14.434981 9.379506 -0.000000 0.000000 0.000000 5.461846 0.207521 2.342838 -4.346425 -1.520501 -0.360231 6.630977 0.100661 1.191257 2.844067 -2.604524 -2.060653 -5.466683 -0.846156 1.391161 -0.000000 0.000000 0.000000 -2.849154 -1.800946 -2.664397 0.311237 -1.843715 -6.416275 13.346280 -5.689647 -6.785408 11.582050 1.227338 20.224322 -3.846115 6.408887 3.676117 6.194343 7.006292 2.973404 26.989619 13.137933 5.671291 17.991312 6.072668 -28.208814 
2.231430 101.954663 -50.374997 -9.075940 -5.050513 -2.576515 10.890179 2.512919 -2.813798 1.837417 -21.231622 4.034139 -1.439073 24.121018 0.401637 -0.000000 0.000000 0.000000 9.263835 -1.260002 2.531595 4.735624 18.310057 -2.216529 -1.247437 -15.017869 9.289720 -0.000000 0.000000 0.000000 5.192242 0.249532 2.391700 -4.275831 -1.477458 -0.444560 6.989842 0.186665 1.381573 2.586603 -2.748545 -2.167748 -6.508419 -0.762636 1.472725 -0.000000 0.000000 0.000000 -2.810368 -2.000970 -0.885077 -1.678473 -0.521576 -4.227210 12.159485 -2.996758 -7.131788 13.888601 2.722820 19.451316 -4.179773 6.848164 1.842082 3.232430 6.677822 2.102955 22.242960 7.533894 6.033001 18.399748 4.811507 -27.148911 
2.404500 102.020359 -50.389397 -9.226666 -5.263281 -2.610401 11.038631 2.599167 -3.024662 1.859678 -21.543495 4.101244 -1.233512 24.592728 0.386407 -0.000000 0.000000 0.000000 9.296535 -1.321292 2.469969 4.891777 19.119595 -2.297488 -1.077313 -15.560082 9.291558 -0.000000 0.000000 0.000000 5.039468 0.298492 2.478160 -4.188137 -1.355271 -0.538338 7.384309 0.278213 1.501512 2.241829 -2.983135 -2.128274 -7.523821 -0.718089 1.843053 -0.000000 0.000000 0.000000 -2.667930 -2.007683 0.436656 -3.499624 0.824172 -1.870718 9.996747 -2.303437 -7.780574 14.750268 2.862051 19.512425 -4.386964 7.059742 0.222382 0.977482 6.047338 0.987056 18.042538 3.984331 6.406032 18.615317 3.501944 -25.773649 
2.541870 102.079964 -50.391197 -9.393974 -5.265738 -2.649410 11.218430 2.764613 -3.140700 1.861194 -22.065704 4.163630 -1.078639 24.968866 0.280959 -0.000000 0.000000 0.000000 9.477220 -1.410934 2.494228 4.914986 19.709674 -2.416989 -0.884340 -16.016001 9.316225 -0.000000 0.000000 0.000000 5.122131 0.335156 2.720020 -4.301952 -1.322984 -0.706200 7.528141 0.280054 1.441714 2.116472 -3.109997 -1.956193 -7.966345 -0.805230 2.418242 -0.000000 0.000000 0.000000 -2.433323 -2.240538 1.414868 -5.441683 2.546521 0.568865 8.550979 -2.311045 -8.340456 15.627626 2.679428 18.567122 -4.396671 7.159093 -1.207493 -1.110151 4.961528 0.084288 14.601186 2.234011 6.774605 17.679968 3.331277 -24.655303 
2.696970 102.179861 -50.501400 -8.840528 -5.066329 -2.531517 10.433633 2.028672 -3.376292 2.058385 -21.423639 4.367981 -0.716235 24.858526 0.203716 -0.000000 0.000000 0.000000 8.726857 -1.108951 2.415188 5.001154 19.321707 -2.444162 -0.500227 -16.122461 9.644078 -0.000000 0.000000 0.000000 3.960623 0.338998 2.547268 -4.243389 -1.119668 -0.709464 8.461221 0.960959 2.015893 3.117339 -5.596101 -2.090370 -11.655036 -1.550461 3.353941 -0.000000 0.000000 0.000000 -4.731535 -1.012335 2.962108 -4.984559 -0.994924 -0.252927 7.551727 0.525903 -8.178478 16.317904 3.969687 18.466166 -5.495361 5.681718 -2.269026 -2.589607 4.568675 -1.221091 10.195342 0.861641 7.143995 16.023836 2.987126 -24.012879 
2.765000 102.244556 -50.568998 -8.851676 -4.685864 -2.457499 10.377402 2.094668 -3.447821 2.059300 -21.871996 4.439461 -0.455592 24.867580 0.074259 -0.000000 0.000000 0.000000 8.771243 -1.262540 2.454960 4.967292 19.517970 -2.552920 -0.279850 -16.498996 9.713070 -0.000000 0.000000 0.000000 3.969944 0.341750 2.598815 -4.334563 -1.234739 -0.825728 8.747268 0.933728 2.110058 3.064465 -6.133974 -2.025046 -12.553174 -1.671460 3.906268 -0.000000 0.000000 0.000000 -5.000821 -1.029235 3.790187 -5.611683 -0.470774 0.382389 6.734187 1.178251 -8.333367 16.992776 4.940727 18.750849 -6.089045 5.280452 -3.349159 -4.152630 3.509025 -1.472214 7.047299 0.157401 6.976231 15.533088 2.618803 -22.763870 
2.810900 102.301753 -50.649500 -8.879298 -4.341588 -2.341167 10.383814 2.068303 -3.551336 1.977308 -22.240484 4.497625 -0.197336 24.890469 -0.105984 -0.000000 0.000000 0.000000 8.793794 -1.363528 2.428477 4.977298 19.552743 -2.635468 -0.114993 -16.757216 9.833262 -0.000000 0.000000 0.000000 4.078730 0.344300 2.627982 -4.407760 -1.257155 -0.950956 8.883207 0.884782 2.168214 3.029831 -6.603297 -1.932380 -13.280091 -1.763379 4.366993 -0.000000 0.000000 0.000000 -5.348107 -0.895378 4.207123 -6.455581 -0.131920 1.110185 5.503916 1.620689 -8.444657 17.811669 5.363529 18.226625 -6.449171 4.840179 -4.074216 -5.259443 2.446982 -1.725892 4.054280 -0.705954 6.919090 14.794847 1.961386 -21.617797 
2.826210 102.345455 -50.746298 -8.862571 -4.002365 -2.250870 10.264937 2.188428 -3.586305 2.021993 -22.556022 4.549832 -0.060184 24.768995 -0.268325 -0.000000 0.000000 0.000000 8.755985 -1.467022 2.440648 4.992062 19.697136 -2.697684 0.013807 -17.081137 9.911601 -0.000000 0.000000 0.000000 4.249701 0.288373 2.681634 -4.580262 -1.279781 -1.018934 9.021881 0.781635 2.235910 2.905311 -7.067898 -1.966533 -13.808646 -1.718389 4.742287 -0.000000 0.000000 0.000000 -5.551328 -0.623848 4.242480 -7.116485 0.154311 1.677785 4.362200 2.024463 -8.557919 18.448603 5.914192 18.312828 -6.823939 4.319148 -4.338328 -5.796582 1.677715 -2.217652 2.672774 -1.210123 6.931711 15.124977 1.076246 -20.396422 
2.826400 102.364361 -50.842994 -8.821303 -3.712051 -2.161324 10.156878 2.307611 -3.607179 1.996466 -22.823481 4.574184 0.017242 24.635256 -0.372864 -0.000000 0.000000 0.000000 8.724962 -1.431237 2.448843 4.946568 19.742805 -2.733305 0.069204 -17.387845 9.918668 -0.000000 0.000000 0.000000 4.380640 0.170427 2.724243 -4.686377 -1.373287 -1.043518 9.068033 0.658042 2.279544 2.919100 -7.353846 -2.004268 -14.364678 -1.572064 4.912845 -0.000000 0.000000 0.000000 -5.639091 -0.389169 4.123473 -7.413399 0.496836 1.972597 4.095016 2.474051 -8.600108 19.382933 6.577012 18.280669 -6.989867 3.930569 -4.521654 -5.974373 1.088760 -2.392096 2.019359 -1.507538 6.939146 15.244752 0.494484 -19.974035 
2.807160 102.369463 -50.956398 -8.818287 -3.465352 -2.070075 10.092941 2.481572 -3.598403 1.954926 -23.092905 4.541539 -0.013632 24.428297 -0.394355 -0.000000 0.000000 0.000000 8.701671 -1.449597 2.458258 4.962164 19.796123 -2.787806 0.013729 -17.593741 9.856232 -0.000000 0.000000 0.000000 4.514548 0.050621 2.742111 -4.724355 -1.457565 -1.066084 9.124587 0.558806 2.334012 2.943007 -7.607658 -2.017243 -14.713443 -1.362672 5.074821 -0.000000 0.000000 0.000000 -5.830913 -0.209033 3.945211 -7.721134 0.625737 1.921901 3.526826 2.861370 -8.627768 19.900885 7.516726 18.352689 -7.141446 3.634567 -4.600675 -6.258247 0.629062 -2.390907 0.767539 -1.912499 6.940146 14.920657 -0.122433 -19.513819 
2.776570 102.370763 -51.102000 -8.861734 -3.190806 -1.971823 9.982162 2.494307 -3.590834 2.053622 -23.270978 4.499235 -0.129375 24.226239 -0.330774 -0.000000 0.000000 0.000000 8.646633 -1.458643 2.463416 5.085926 19.761661 -2.827402 -0.099196 -17.723244 9.722614 -0.000000 0.000000 0.000000 4.710901 -0.041585 2.794292 -4.786058 -1.594839 -1.133687 9.190363 0.417764 2.389164 2.962878 -7.824413 -2.091440 -14.759641 -1.103146 5.220136 -0.000000 0.000000 0.000000 -6.050639 -0.200404 3.936143 -8.187395 0.720342 1.396598 3.019338 3.242637 -8.654614 20.708026 8.051859 17.953508 -7.376093 3.482477 -4.863068 -6.501653 0.320645 -1.984353 0.465061 -2.082087 7.005271 15.435528 -0.485958 -18.188799 
2.752110 102.371752 -51.259202 -8.949033 -2.944175 -1.883300 9.894270 2.539275 -3.573456 2.209158 -23.291650 4.468616 -0.317777 23.876135 -0.289089 -0.000000 0.000000 0.000000 8.622544 -1.394455 2.503554 5.224567 19.624742 -2.907545 -0.207299 -17.810480 9.555987 -0.000000 0.000000 0.000000 5.003435 -0.158002 2.898289 -4.897724 -1.714196 -1.234480 9.228327 0.311495 2.389728 3.007045 -7.992093 -2.140320 -14.623378 -0.956908 5.359295 -0.000000 0.000000 0.000000 -6.304665 -0.225019 3.989911 -8.616368 0.725465 0.668015 2.670547 3.245544 -8.569253 21.453003 8.236799 17.212956 -7.488243 3.434781 -5.180205 -6.672391 0.051241 -1.228056 0.207366 -2.169957 6.941789 16.207909 -0.758400 -17.451265 
2.721410 102.372563 -51.417702 -8.987209 -2.850616 -1.781819 9.842971 2.593548 -3.567644 2.157723 -23.298475 4.358312 -0.388955 23.652415 -0.283059 -0.000000 0.000000 0.000000 8.541668 -1.285449 2.479203 5.307061 19.529955 -2.936714 -0.281073 -17.912298 9.406761 -0.000000 0.000000 0.000000 5.228219 -0.268442 2.918694 -4.933208 -1.773782 -1.277512 9.261344 0.255996 2.378069 2.916494 -8.088781 -2.110791 -14.405373 -1.002175 5.481848 -0.000000 0.000000 0.000000 -6.497742 -0.227511 3.893268 -8.727602 0.629961 0.064273 2.566495 3.073095 -8.461520 21.689741 8.142562 16.834562 -7.558919 3.398900 -5.243671 -6.681716 -0.009137 -0.750996 0.063445 -2.264499 6.883946 16.131608 -1.160889 -16.683573 
2.683190 102.373457 -51.574999 -9.020727 -2.894775 -1.740997 9.798310 2.643040 -3.584792 2.130674 -23.329097 4.337050 -0.420965 23.571314 -0.204789 -0.000000 0.000000 0.000000 8.415998 -1.329799 2.462662 5.424910 19.456869 -2.971888 -0.377249 -17.753159 9.303176 -0.000000 0.000000 0.000000 5.486353 -0.294342 2.966209 -4.927534 -1.842398 -1.312079 9.283224 0.204609 2.386928 2.704707 -8.061476 -2.078443 -14.339523 -1.087175 5.550785 -0.000000 0.000000 0.000000 -6.638580 -0.282687 3.894796 -8.624276 0.730533 -0.604577 2.910087 2.911039 -8.385230 22.003265 8.355045 16.333884 -7.636751 3.416226 -5.369662 -6.753084 -0.100968 -0.231775 0.010395 -2.218122 6.778047 15.983396 -1.560058 -16.064537 
2.656880 102.374363 -51.720399 -9.030649 -3.008461 -1.716338 9.737874 2.608855 -3.592648 2.100819 -23.282654 4.285502 -0.453009 23.596498 -0.154769 -0.000000 0.000000 0.000000 8.274917 -1.305083 2.451067 5.527473 19.487702 -3.008211 -0.455103 -17.675808 9.244713 -0.000000 0.000000 0.000000 5.722315 -0.293165 3.013975 -4.867094 -1.865090 -1.324159 9.309457 0.184554 2.390689 2.381023 -8.076795 -2.018529 -14.409184 -1.093326 5.650675 -0.000000 0.000000 0.000000 -6.808991 -0.264869 3.688371 -8.471260 0.792182 -0.903419 3.005348 2.693094 -8.361132 22.219915 8.655661 15.767444 -7.734953 3.407603 -5.275959 -6.846008 -0.199399 -0.153280 -0.278061 -2.252388 6.758753 16.214807 -1.874045 -15.427675 
2.627260 102.375567 -51.845300 -9.012042 -3.159980 -1.729053 9.577945 2.701397 -3.556210 2.205477 -23.143734 4.262383 -0.460634 23.507405 -0.188930 -0.000000 0.000000 0.000000 8.180802 -1.277690 2.469092 5.484830 19.500480 -3.018861 -0.429784 -17.572626 9.232876 -0.000000 0.000000 0.000000 5.973859 -0.307527 3.062248 -4.938579 -1.873448 -1.337504 9.331888 0.190226 2.421036 2.217375 -8.104989 -1.900449 -14.485530 -1.096576 5.823064 -0.000000 0.000000 0.000000 -6.864533 -0.206399 3.587769 -8.541004 0.887236 -1.166240 2.886951 2.756611 -8.319370 22.396961 8.670248 15.794208 -7.740714 3.370483 -5.258230 -6.810934 -0.235750 -0.020292 -0.026430 -2.236181 6.730594 16.548021 -2.028688 -15.504641 
2.592400 102.379858 -51.955098 -8.956441 -3.363463 -1.759269 9.444789 2.709059 -3.543368 2.223773 -23.065297 4.267573 -0.413197 23.588878 -0.190895 -0.000000 0.000000 0.000000 8.073228 -1.225073 2.494718 5.396108 19.608413 -3.021535 -0.363390 -17.540764 9.243493 -0.000000 0.000000 0.000000 6.134339 -0.295616 3.078260 -4.980499 -1.841689 -1.342179 9.388401 0.196049 2.437197 2.096894 -8.146466 -1.743030 -14.524731 -1.079998 5.975722 -0.000000 0.000000 0.000000 -6.871157 -0.089574 3.434936 -8.539545 0.952544 -1.155829 2.743567 2.695217 -8.301302 22.374874 8.841113 15.977956 -7.749993 3.286484 -5.179751 -6.834454 -0.262837 -0.039866 -0.272770 -2.243317 6.748421 16.491641 -2.163768 -15.842255 
2.563600 102.383757 -52.042902 -8.928561 -3.553276 -1.796239 9.385725 2.735195 -3.531567 2.188755 -23.011664 4.264338 -0.388999 23.672161 -0.198644 -0.000000 0.000000 0.000000 7.927004 -1.235196 2.506915 5.458866 19.658577 -3.037177 -0.348043 -17.414801 9.272535 -0.000000 0.000000 0.000000 6.281050 -0.274836 3.046588 -4.975577 -1.834141 -1.323521 9.396739 0.203317 2.470405 2.094180 -8.128764 -1.614906 -14.593129 -1.126406 6.057694 -0.000000 0.000000 0.000000 -6.841469 -0.051346 3.320998 -8.425886 1.062315 -1.014875 2.826507 2.652712 -8.309225 22.363570 8.900111 15.891337 -7.765945 3.273600 -5.088872 -6.774118 -0.239634 -0.167127 -0.005699 -2.239315 6.687677 16.718635 -2.380846 -15.732397 
2.539940 102.387059 -52.112299 -8.880453 -3.690249 -1.843021 9.273285 2.790363 -3.492572 2.231677 -22.960411 4.270584 -0.406790 23.688062 -0.165489 -0.000000 0.000000 0.000000 7.799251 -1.192436 2.552732 5.474581 19.726872 -3.031858 -0.340362 -17.390129 9.248725 -0.000000 0.000000 0.000000 6.357532 -0.270486 3.039477 -4.981139 -1.824379 -1.321658 9.447101 0.219445 2.493638 2.132808 -8.174311 -1.520718 -14.604098 -1.179042 6.188161 -0.000000 0.000000 0.000000 -6.829258 -0.042700 3.371974 -8.533162 1.099095 -0.958210 2.796094 2.707661 -8.338530 22.556032 9.172163 15.749262 -7.699960 3.257237 -5.145005 -6.800071 -0.287065 -0.149172 0.046104 -2.137275 6.679686 16.790086 -2.272935 -16.064926 
2.519810 102.388763 -52.168500 -8.860818 -3.803763 -1.883747 9.200433 2.815972 -3.460416 2.267967 -22.946296 4.279596 -0.393510 23.741005 -0.175799 -0.000000 0.000000 0.000000 7.710269 -1.172028 2.612978 5.512792 19.740903 -3.069812 -0.324728 -17.308097 9.245516 -0.000000 0.000000 0.000000 6.469059 -0.266207 3.010809 -5.023330 -1.818727 -1.324879 9.466936 0.235150 2.515893 2.260794 -8.204557 -1.425942 -14.622290 -1.274159 6.304616 -0.000000 0.000000 0.000000 -6.793419 -0.074660 3.386563 -8.591911 1.102316 -0.805369 2.754819 2.716925 -8.351716 22.531200 9.292944 15.684591 -7.645331 3.288154 -5.133368 -6.901131 -0.276465 -0.231130 -0.151813 -2.145075 6.669792 16.620699 -2.247087 -16.681414 
2.501920 102.389669 -52.208799 -8.840909 -3.864352 -1.926716 9.147360 2.756815 -3.434930 2.292698 -22.933199 4.305337 -0.377394 23.839184 -0.165152 -0.000000 0.000000 0.000000 7.679404 -1.077238 2.673674 5.476672 19.829860 -3.063378 -0.316179 -17.393145 9.199885 -0.000000 0.000000 0.000000 6.527089 -0.266729 2.962829 -5.018661 -1.841421 -1.299049 9.487831 0.222407 2.545331 2.339581 -8.193873 -1.391173 -14.635878 -1.273128 6.302504 -0.000000 0.000000 0.000000 -6.753848 -0.129661 3.417808 -8.594613 1.094255 -0.713697 2.631184 2.721894 -8.346011 22.348441 9.380120 15.878475 -7.695396 3.346791 -5.204602 -6.889492 -0.128359 -0.241537 -0.107085 -2.124723 6.577799 16.697684 -2.559242 -16.817975 
2.490220 102.390254 -52.236897 -8.820543 -3.941522 -1.979132 9.070708 2.792038 -3.399186 2.371684 -22.868232 4.332230 -0.391145 23.842552 -0.141974 -0.000000 0.000000 0.000000 7.617656 -1.071000 2.725397 5.492790 19.860371 -3.061445 -0.302732 -17.349145 9.186351 -0.000000 0.000000 0.000000 6.580526 -0.261135 2.962272 -5.007728 -1.839041 -1.313552 9.514675 0.240286 2.558039 2.341127 -8.219978 -1.367979 -14.658234 -1.261477 6.350783 -0.000000 0.000000 0.000000 -6.764279 -0.205205 3.480992 -8.670698 1.073388 -0.656326 2.535867 2.636474 -8.309667 22.349225 9.515063 15.869476 -7.657552 3.436762 -5.313540 -6.958346 -0.128084 -0.224933 -0.103353 -1.989393 6.573511 16.820893 -2.385729 -16.966094 
2.478650 102.390563 -52.257997 -8.799846 -4.016090 -2.016533 8.990401 2.813091 -3.361801 2.446083 -22.816740 4.336201 -0.374973 23.862913 -0.156067 -0.000000 0.000000 0.000000 7.553056 -1.081153 2.762392 5.522355 19.879039 -3.072230 -0.275766 -17.283440 9.194231 -0.000000 0.000000 0.000000 6.676448 -0.241534 2.948119 -5.018648 -1.827436 -1.330427 9.540111 0.262212 2.574521 2.245636 -8.225869 -1.359499 -14.701096 -1.331278 6.432555 -0.000000 0.000000 0.000000 -6.790517 -0.264057 3.537590 -8.718538 1.030482 -0.665882 2.372004 2.571819 -8.234756 22.162982 9.619658 15.877041 -7.620745 3.514976 -5.385800 -6.947535 -0.075751 -0.204613 -0.021023 -1.972126 6.556189 16.654533 -2.457021 -17.009505 
2.468590 102.390957 -52.274501 -8.793121 -4.058348 -2.034847 8.922176 2.803712 -3.340497 2.517274 -22.741737 4.335653 -0.333547 23.880769 -0.196329 -0.000000 0.000000 0.000000 7.488696 -1.098210 2.772758 5.572254 19.844911 -3.066796 -0.256486 -17.210972 9.219240 -0.000000 0.000000 0.000000 6.784273 -0.210477 2.919127 -4.982213 -1.839725 -1.348584 9.560680 0.272138 2.596927 2.083702 -8.174254 -1.367930 -14.847098 -1.398636 6.462411 -0.000000 0.000000 0.000000 -6.821177 -0.350164 3.599966 -8.710164 1.039543 -0.696411 2.306718 2.585328 -8.236423 21.945071 9.734989 15.530111 -7.651889 3.584709 -5.462643 -7.038254 -0.048093 -0.161338 -0.115902 -1.992197 6.487913 16.630979 -2.580472 -16.871819 
2.452960 102.391064 -52.282298 -8.801448 -4.100529 -2.070722 8.828183 2.930710 -3.294519 2.693968 -22.603695 4.369406 -0.285903 23.751604 -0.306604 -0.000000 0.000000 0.000000 7.455646 -1.148816 2.812989 5.634315 19.798222 -3.086852 -0.216382 -17.099047 9.262405 -0.000000 0.000000 0.000000 6.927446 -0.183661 2.914874 -4.932777 -1.845962 -1.373463 9.565815 0.282064 2.618373 1.933510 -8.165643 -1.368876 -15.057804 -1.433435 6.531816 -0.000000 0.000000 0.000000 -6.863858 -0.403230 3.575972 -8.734754 1.096736 -0.631650 2.289720 2.549824 -8.258282 22.064270 9.786773 15.373264 -7.647213 3.650444 -5.477338 -7.130951 -0.071482 -0.186821 -0.288464 -1.993028 6.535808 16.498067 -2.650628 -16.892327 
2.445630 102.385759 -52.280200 -8.805754 -4.131152 -2.072381 8.809148 2.911351 -3.282595 2.703023 -22.550078 4.350942 -0.133065 23.802546 -0.416818 -0.000000 0.000000 0.000000 7.386952 -1.215337 2.791465 5.737599 19.720938 -3.082816 -0.187481 -16.977229 9.341910 -0.000000 0.000000 0.000000 7.054524 -0.142126 2.869383 -4.888701 -1.866427 -1.378844 9.560153 0.288083 2.639746 1.830192 -8.135925 -1.356388 -15.176242 -1.497395 6.588898 -0.000000 0.000000 0.000000 -6.869546 -0.446307 3.564075 -8.653650 1.167150 -0.653401 2.326359 2.521904 -8.237905 22.142071 9.795074 15.684662 -7.688351 3.695331 -5.485792 -7.074793 -0.073722 -0.159610 -0.004791 -1.939291 6.508364 16.766960 -2.852424 -16.835587 
2.437410 102.379763 -52.259099 -8.819880 -4.161913 -2.084369 8.808590 2.957624 -3.275924 2.739560 -22.459893 4.375102 -0.048068 23.780351 -0.490195 -0.000000 0.000000 0.000000 7.367193 -1.266260 2.786031 5.793112 19.639722 -3.083422 -0.121470 -16.859066 9.453755 -0.000000 0.000000 0.000000 7.158728 -0.093276 2.843629 -4.817265 -1.862623 -1.375526 9.536137 0.308808 2.658844 1.817272 -8.109150 -1.315500 -15.268290 -1.567008 6.609089 -0.000000 0.000000 0.000000 -6.846107 -0.470641 3.501454 -8.504607 1.215608 -0.601209 2.584495 2.405240 -8.286880 22.303922 9.824583 15.644395 -7.672537 3.693050 -5.444028 -7.128571 -0.152758 -0.236458 -0.154795 -1.920098 6.492354 16.781059 -2.913873 -17.164626 
2.427550 102.379763 -52.221000 -8.820521 -4.159159 -2.108840 8.785932 3.039959 -3.260587 2.826417 -22.369674 4.422604 -0.022916 23.687613 -0.534588 -0.000000 0.000000 0.000000 7.398435 -1.312791 2.789215 5.750079 19.593299 -3.053487 -0.032698 -16.773706 9.529306 -0.000000 0.000000 0.000000 7.204627 -0.062492 2.833886 -4.740138 -1.856340 -1.352418 9.505281 0.325863 2.686777 1.880604 -8.092459 -1.282097 -15.307185 -1.579079 6.634099 -0.000000 0.000000 0.000000 -6.855214 -0.445320 3.471572 -8.505719 1.245684 -0.590943 2.582340 2.323385 -8.297207 22.320910 9.798871 15.486019 -7.658573 3.668537 -5.426285 -7.133169 -0.176476 -0.325679 -0.106271 -1.914861 6.446084 16.761668 -3.023021 -17.031986 
2.419350 102.379763 -52.170795 -8.810687 -4.157004 -2.124607 8.751931 3.074172 -3.255501 2.927519 -22.320161 4.463769 -0.005121 23.662476 -0.567239 -0.000000 0.000000 0.000000 7.436394 -1.392916 2.790433 5.699374 19.538593 -3.045783 0.041224 -16.668815 9.619516 -0.000000 0.000000 0.000000 7.222040 -0.012138 2.847887 -4.721626 -1.848203 -1.351121 9.493844 0.334936 2.696630 2.045673 -8.142375 -1.220651 -15.313554 -1.563184 6.695138 -0.000000 0.000000 0.000000 -6.871632 -0.469364 3.467859 -8.520651 1.236912 -0.614411 2.460645 2.403200 -8.257202 22.323063 9.920345 15.585681 -7.646600 3.651853 -5.489104 -7.197296 -0.307093 -0.318158 -0.368691 -1.878936 6.394709 16.619349 -3.048358 -17.059448 
2.409210 102.379763 -52.115899 -8.787089 -4.157146 -2.127725 8.749176 3.101723 -3.232656 2.921859 -22.311296 4.445557 0.067390 23.660091 -0.628594 -0.000000 0.000000 0.000000 7.475135 -1.454652 2.781899 5.633269 19.529475 -3.031615 0.096856 -16.628857 9.678891 -0.000000 0.000000 0.000000 7.215575 0.003192 2.853449 -4.721082 -1.845038 -1.350840 9.498042 0.331470 2.697218 2.176829 -8.160846 -1.155498 -15.234992 -1.518167 6.725226 -0.000000 0.000000 0.000000 -6.853177 -0.420216 3.365146 -8.483257 1.265117 -0.494643 2.404834 2.347995 -8.257998 22.305893 9.939469 15.805575 -7.680191 3.617138 -5.412991 -7.231994 -0.271604 -0.489184 -0.411863 -1.865788 6.451977 16.682940 -3.090499 -17.138519 
2.398220 102.379763 -52.054501 -8.738849 -4.158931 -2.124233 8.729980 3.218046 -3.240065 2.930422 -22.245293 4.493194 0.107593 23.531702 -0.677492 -0.000000 0.000000 0.000000 7.479077 -1.503476 2.789828 5.606398 19.458903 -3.045119 0.129381 -16.542660 9.708404 -0.000000 0.000000 0.000000 7.153111 0.002839 2.875492 -4.683342 -1.856645 -1.350493 9.475664 0.342061 2.695411 2.360411 -8.164342 -1.126489 -15.298166 -1.537451 6.700313 -0.000000 0.000000 0.000000 -6.806727 -0.405870 3.382491 -8.506528 1.340419 -0.506898 2.459415 2.433671 -8.281931 22.370545 9.872392 15.774867 -7.585514 3.619594 -5.500740 -7.222734 -0.282645 -0.432973 -0.242076 -1.798770 6.395485 16.645220 -3.089400 -17.347770 
