HIERARCHY
ROOT pelvis
{
	OFFSET 0.286713 97.548574 0.947434
	CHANNELS 6 Xposition Yposition Zposition Xrotation Yrotation Zrotation 
	JOINT left_hip
	{
		OFFSET 5.493730 -9.470790 -2.881370
		CHANNELS 3 Xrotation Yrotation Zrotation
		JOINT left_knee
		{
			OFFSET 5.379850 -39.168596 -1.056940
			CHANNELS 3 Xrotation Yrotation Zrotation
			JOINT left_ankle
			{
				OFFSET -4.183430 -41.114497 -3.100610
				CHANNELS 3 Xrotation Yrotation Zrotation
				JOINT left_foot
				{
					OFFSET 4.577560 -6.017070 11.821200
					CHANNELS 3 Xrotation Yrotation Zrotation
					End Site
					{
						OFFSET 0.000000 0.000000 0.000000
					}
				}
			}
		}
	}
	JOINT right_hip
	{
		OFFSET -6.009400 -10.600899 -2.492930
		CHANNELS 3 Xrotation Yrotation Zrotation
		JOINT right_knee
		{
			OFFSET -4.342880 -37.487596 -1.712060
			CHANNELS 3 Xrotation Yrotation Zrotation
			JOINT right_ankle
			{
				OFFSET 1.519640 -41.933498 -1.941220
				CHANNELS 3 Xrotation Yrotation Zrotation
				JOINT right_foot
				{
					OFFSET -3.786790 -6.026880 11.903699
					CHANNELS 3 Xrotation Yrotation Zrotation
					End Site
					{
						OFFSET 0.000000 0.000000 0.000000
					}
				}
			}
		}
	}
	JOINT spine1
	{
		OFFSET -0.251132 11.291300 -2.228620
		CHANNELS 3 Xrotation Yrotation Zrotation
		JOINT spine2
		{
			OFFSET 0.871475 13.988100 -0.238236
			CHANNELS 3 Xrotation Yrotation Zrotation
			JOINT spine3
			{
				OFFSET -1.105550 5.158220 2.826860
				CHANNELS 3 Xrotation Yrotation Zrotation
				JOINT neck
				{
					OFFSET -1.133650 16.817801 -3.509890
					CHANNELS 3 Xrotation Yrotation Zrotation
					JOINT head
					{
						OFFSET 2.448460 16.038200 0.988566
						CHANNELS 3 Xrotation Yrotation Zrotation
						JOINT jaw
						{
							OFFSET -1.579540 -0.045875 -0.593417
							CHANNELS 3 Xrotation Yrotation Zrotation
							End Site
							{
								OFFSET 0.000000 0.000000 0.000000
							}
						}
					}
				}
				JOINT left_collar
				{
					OFFSET 4.543420 8.608440 -0.890991
					CHANNELS 3 Xrotation Yrotation Zrotation
					JOINT left_shoulder
					{
						OFFSET 11.177900 6.110070 -1.239960
						CHANNELS 3 Xrotation Yrotation Zrotation
						JOINT left_elbow
						{
							OFFSET 24.770799 -7.189210 -3.770250
							CHANNELS 3 Xrotation Yrotation Zrotation
							JOINT left_wrist
							{
								OFFSET 24.690099 2.307440 -0.151751
								CHANNELS 3 Xrotation Yrotation Zrotation
								End Site
								{
									OFFSET 0.000000 0.000000 0.000000
								}
							}
						}
					}
				}
				JOINT right_collar
				{
					OFFSET -4.573520 8.568260 -1.466680
					CHANNELS 3 Xrotation Yrotation Zrotation
					JOINT right_shoulder
					{
						OFFSET -9.612180 5.625600 -0.968519
						CHANNELS 3 Xrotation Yrotation Zrotation
						JOINT right_elbow
						{
							OFFSET -26.361001 -3.674630 -2.233860
							CHANNELS 3 Xrotation Yrotation Zrotation
							JOINT right_wrist
							{
								OFFSET -24.439600 -0.364418 -1.405480
								CHANNELS 3 Xrotation Yrotation Zrotation
								End Site
								{
									OFFSET 0.000000 0.000000 0.000000
								}
							}
						}
					}
				}
			}
		}
	}
}
MOTION
Frames: 809
Frame Time: 0.033334
-6.896040 96.238601 -47.687000 -147.936540 86.696657 146.026983 8.091284 0.384585 4.146757 -4.481172 -20.274513 -0.077566 -10.084194 25.256842 4.504742 -0.000000 0.000000 0.000000 5.769000 -1.948429 2.447418 1.741665 13.664769 -4.106591 -12.196461 -23.263461 -1.589823 -0.000000 0.000000 0.000000 -4.571405 1.046603 -0.953113 1.175117 -4.543022 1.972740 5.489325 0.318594 -0.233607 2.252011 -6.872873 4.251733 -9.230160 -5.797009 7.013301 -0.000000 0.000000 0.000000 -7.326662 5.667966 13.402233 -15.814069 -12.559346 -19.958244 -3.399798 -1.506019 7.167035 14.331236 7.378218 20.177596 -6.629488 -3.718144 -12.780085 -14.035926 6.327609 18.105125 -4.826404 1.524908 -8.397583 3.277270 -2.044171 -22.432014 
-6.844130 96.239108 -47.654998 -148.213929 86.705203 146.307254 8.124275 0.388461 4.160998 -4.517264 -20.284801 -0.067644 -10.065798 25.285295 4.484558 -0.000000 0.000000 0.000000 5.766316 -1.934595 2.467094 1.781425 13.677942 -4.106391 -12.232872 -23.294514 -1.633792 -0.000000 0.000000 0.000000 -4.537297 1.037100 -0.940717 1.146234 -4.555702 1.963444 5.552661 0.316221 -0.232919 2.177558 -6.890857 4.211342 -9.299503 -5.785246 7.023351 -0.000000 0.000000 0.000000 -7.256660 5.569198 13.393490 -15.831918 -12.524626 -19.960001 -3.380930 -1.578697 7.165788 14.148386 7.363235 20.296430 -6.601501 -3.633775 -12.797630 -14.064161 6.300618 18.139769 -4.843798 1.640094 -8.409726 3.075880 -2.031082 -22.560704 
-6.793600 96.240008 -47.624400 -148.424046 86.718391 146.525964 8.087226 0.367192 4.168663 -4.404671 -20.297415 -0.053904 -10.128024 25.307965 4.508708 -0.000000 0.000000 0.000000 5.797719 -1.905160 2.485193 1.760000 13.688707 -4.110709 -12.237704 -23.327267 -1.667389 -0.000000 0.000000 0.000000 -4.466569 1.023103 -0.917041 1.071700 -4.558137 1.941074 5.622875 0.319705 -0.232618 2.145217 -6.900942 4.174780 -9.379604 -5.761385 7.010057 -0.000000 0.000000 0.000000 -7.234152 5.472627 13.380731 -15.802290 -12.503237 -19.977382 -3.282558 -1.628294 7.175552 14.030182 7.341594 20.290412 -6.612238 -3.561061 -12.827756 -14.074118 6.273623 18.173169 -4.786214 1.777140 -8.425485 2.887259 -1.999654 -22.465181 
-6.740310 96.240801 -47.593498 -148.727031 86.742559 146.831831 8.126141 0.347904 4.170454 -4.462885 -20.289909 -0.028590 -10.084523 25.342864 4.487201 -0.000000 0.000000 0.000000 5.827374 -1.874398 2.507795 1.709960 13.688665 -4.112836 -12.233598 -23.348898 -1.672417 -0.000000 0.000000 0.000000 -4.419610 1.009276 -0.880723 1.018875 -4.557647 1.922703 5.684100 0.332444 -0.233183 2.124008 -6.880086 4.117492 -9.376736 -5.733058 7.004914 -0.000000 0.000000 0.000000 -7.236261 5.413056 13.400143 -15.845974 -12.535054 -20.057460 -3.295612 -1.681626 7.153135 13.941948 7.321018 20.306579 -6.610330 -3.518958 -12.853661 -14.129966 6.280486 18.197402 -4.790955 1.906069 -8.436306 2.852218 -2.018072 -22.536257 
-6.685960 96.241009 -47.561100 -148.754273 86.771100 146.859387 8.208226 0.360068 4.186330 -4.571493 -20.264445 -0.023424 -10.042267 25.346672 4.461178 -0.000000 0.000000 0.000000 5.847941 -1.847611 2.531187 1.710503 13.700695 -4.118154 -12.253422 -23.355593 -1.710103 -0.000000 0.000000 0.000000 -4.347023 1.001191 -0.841696 0.964485 -4.557927 1.900040 5.733214 0.344506 -0.233834 2.122221 -6.846330 4.095798 -9.377482 -5.721485 6.966526 -0.000000 0.000000 0.000000 -7.246376 5.355546 13.424242 -15.890541 -12.562573 -20.137568 -3.321124 -1.736494 7.175346 13.854525 7.299424 20.251846 -6.613911 -3.468721 -12.895071 -14.167083 6.290833 18.237865 -4.721771 2.009385 -8.501435 2.916955 -2.056997 -22.577491 
-6.619560 96.233100 -47.527197 -148.565613 86.802016 146.669621 8.226164 0.380200 4.206503 -4.526378 -20.255930 -0.022552 -10.111002 25.350267 4.476712 -0.000000 0.000000 0.000000 5.881970 -1.836526 2.554015 1.709437 13.719409 -4.119112 -12.317220 -23.359670 -1.735639 -0.000000 0.000000 0.000000 -4.299494 0.996050 -0.810388 0.972449 -4.556201 1.894515 5.765167 0.349695 -0.234107 2.143491 -6.817992 4.070644 -9.406992 -5.703040 6.935313 -0.000000 0.000000 0.000000 -7.247901 5.309605 13.439355 -15.891586 -12.614910 -20.194440 -3.244784 -1.771015 7.196525 13.777371 7.329574 20.279317 -6.626812 -3.420469 -12.930722 -14.183603 6.331888 18.254522 -4.795469 2.141248 -8.553996 2.652097 -2.012874 -22.627541 
-6.553600 96.227306 -47.488499 -148.914315 86.862495 147.017298 8.229368 0.385278 4.233427 -4.533003 -20.238327 -0.031952 -10.162345 25.366758 4.494756 -0.000000 0.000000 0.000000 5.869771 -1.804833 2.584891 1.724075 13.756718 -4.133136 -12.400660 -23.366187 -1.777234 -0.000000 0.000000 0.000000 -4.273462 0.991135 -0.794949 1.015397 -4.553708 1.895611 5.738448 0.355408 -0.239770 2.153986 -6.823966 4.068317 -9.380119 -5.661741 6.944324 -0.000000 0.000000 0.000000 -7.226762 5.288021 13.367015 -15.849522 -12.591938 -20.126739 -3.245888 -2.033574 7.254384 13.632585 7.345216 20.184544 -6.624632 -3.399894 -12.903021 -14.180898 6.345493 18.230070 -4.751932 2.416298 -8.640207 2.578402 -1.981090 -22.600078 
-6.517350 96.231610 -47.445497 -149.383780 86.976066 147.456151 8.213522 0.459330 4.297079 -4.598807 -20.209277 -0.054729 -10.244275 25.371148 4.518613 -0.000000 0.000000 0.000000 5.920392 -1.751305 2.672530 1.540998 13.855083 -4.190289 -12.410132 -23.384145 -1.869775 -0.000000 0.000000 0.000000 -4.140136 0.958733 -0.733578 0.992381 -4.540192 1.872866 5.693263 0.376595 -0.245131 2.115390 -6.902783 4.061288 -9.408035 -5.537292 7.026623 -0.000000 0.000000 0.000000 -7.164690 5.216616 13.046748 -15.786505 -12.435971 -19.769552 -3.605341 -2.579810 7.386563 12.988821 7.332578 20.095083 -6.592081 -3.335600 -12.799410 -14.162943 6.279027 18.104543 -4.695709 2.796129 -8.708518 2.307686 -2.033954 -22.441688 
-6.527970 96.270102 -47.393098 -148.144637 87.219643 146.094651 8.105571 0.603253 4.425285 -4.477763 -20.151397 -0.049120 -10.412451 25.435484 4.596505 -0.000000 0.000000 0.000000 6.092122 -1.672095 2.859853 1.071697 14.006432 -4.256556 -12.161680 -23.336809 -1.925204 -0.000000 0.000000 0.000000 -3.784183 0.882035 -0.540899 0.748936 -4.444337 1.803092 5.762726 0.452496 -0.251929 1.912943 -7.083228 4.097059 -9.346439 -5.326958 7.124176 -0.000000 0.000000 0.000000 -7.089481 5.176485 12.522168 -15.738989 -12.140813 -19.246013 -4.226161 -3.624434 7.666110 12.076398 7.647329 20.296261 -6.485880 -3.258051 -12.639691 -14.205994 6.182619 17.904453 -4.500017 3.205438 -8.713616 2.006526 -2.238687 -22.356476 
-6.578550 96.364206 -47.318599 -145.091162 87.676790 142.874998 7.645786 0.755999 4.574550 -3.809945 -19.929965 -0.010134 -10.660607 25.524000 4.705074 -0.000000 0.000000 0.000000 6.043085 -1.540829 3.011389 0.748643 14.180392 -4.201554 -11.771883 -23.172251 -1.939381 -0.000000 0.000000 0.000000 -3.311549 0.832467 -0.333590 0.332047 -4.300074 1.716643 5.878611 0.579615 -0.235399 1.708468 -7.414666 4.155561 -9.248474 -4.985355 7.348742 -0.000000 0.000000 0.000000 -6.948436 5.045035 11.798613 -15.591729 -11.672618 -18.361922 -5.261377 -5.091309 7.936025 9.801709 7.791155 19.897461 -6.382364 -3.077920 -12.487175 -14.230324 6.030919 17.650110 -4.309473 3.584725 -8.644040 1.318726 -2.530647 -21.931685 
-6.680369 96.489304 -47.207698 -136.053809 88.319419 133.627125 6.660699 0.858981 4.838872 -2.216812 -19.443336 -0.098352 -11.281036 25.562090 4.948517 -0.000000 0.000000 0.000000 5.304829 -1.382005 3.077626 1.538933 14.357488 -3.950418 -11.773873 -22.825874 -1.998172 -0.000000 0.000000 0.000000 -2.614422 0.837012 -0.122804 -0.341636 -4.099846 1.622381 6.079667 0.728696 -0.185202 1.412852 -7.840476 4.222521 -9.060416 -4.594490 7.637406 -0.000000 0.000000 0.000000 -6.800662 4.869562 11.194841 -15.344389 -11.131709 -17.448639 -6.673308 -6.712175 8.334670 5.763295 7.868508 17.830962 -6.277318 -2.805764 -12.352099 -14.218824 5.887754 17.269739 -4.272051 3.972589 -8.627938 -0.065036 -2.995910 -20.427917 
-6.820760 96.621203 -47.046396 -107.635781 88.905622 104.964959 5.613114 0.847099 5.189238 -0.412713 -18.726043 -0.235318 -11.917719 25.615372 5.191637 -0.000000 0.000000 0.000000 2.995996 -1.294127 3.056696 5.245036 14.309737 -3.506579 -12.965113 -22.137362 -2.196483 -0.000000 0.000000 0.000000 -1.680790 0.855637 0.024755 -1.354018 -3.830789 1.509378 6.604486 0.824804 -0.033012 0.934652 -8.159700 4.350895 -8.895581 -4.335834 7.867603 -0.000000 0.000000 0.000000 -6.672806 4.800819 10.878694 -15.253579 -10.356565 -16.922536 -8.376346 -8.919587 8.756266 1.583771 7.533560 15.626558 -6.153541 -2.471145 -12.299586 -14.350144 5.719010 16.871260 -4.439996 4.496345 -8.715813 -1.810167 -3.207230 -18.403313 
-6.974060 96.745807 -46.828201 -59.571497 88.726814 56.688761 4.662408 0.717504 5.498876 1.638010 -17.894792 -0.317256 -12.557652 25.731121 5.473113 -0.000000 0.000000 0.000000 0.362126 -1.148409 2.970746 9.867295 14.075927 -2.973798 -14.172905 -21.209718 -2.213286 -0.000000 0.000000 0.000000 -0.357961 0.704864 0.073321 -2.773469 -3.496583 1.359214 7.530348 0.890213 0.211909 0.259467 -8.475555 4.437756 -8.755816 -3.983502 8.066867 -0.000000 0.000000 0.000000 -6.361904 4.776931 10.569208 -15.124018 -9.031629 -16.871670 -10.180255 -12.392716 9.911046 -3.424937 6.242439 13.913468 -6.037764 -2.094796 -12.085111 -14.734021 5.456150 16.369067 -4.639308 5.863059 -9.271725 -3.598249 -3.559372 -15.877185 
-7.118760 96.849602 -46.556097 -42.038428 87.870801 38.953833 3.797842 0.556935 5.819394 4.130218 -16.949100 -0.371472 -13.342432 25.710076 5.796482 -0.000000 0.000000 0.000000 -2.342578 -0.782560 2.790834 15.116418 13.663327 -2.250084 -14.899928 -20.065077 -1.811254 -0.000000 0.000000 0.000000 1.393786 0.216269 0.150845 -4.479303 -3.117579 1.142240 8.737334 0.919722 0.455077 -0.498597 -8.612822 4.623728 -8.601516 -3.626450 8.032306 -0.000000 0.000000 0.000000 -6.000949 5.078536 10.199612 -15.139774 -7.243236 -17.707770 -12.107630 -17.583032 11.825423 -7.676753 4.408032 13.543944 -5.853167 -1.868241 -11.820708 -15.458162 5.197812 16.184291 -4.614862 8.507613 -10.411492 -5.004353 -3.817185 -13.943464 
-7.349940 96.909404 -46.271598 -29.145248 86.775681 26.063605 2.854845 -2.152126 5.558984 6.996257 -13.777726 -0.246664 -13.924441 26.645980 5.580716 -0.000000 0.000000 0.000000 -5.686224 1.140542 2.207175 20.890340 12.540663 -1.071764 -15.600063 -19.208826 1.168750 -0.000000 0.000000 0.000000 2.920369 0.120571 0.823138 -5.924791 -1.313638 0.015207 9.651590 -0.252641 1.146946 -1.802626 -7.216632 4.572272 -7.046445 -5.480071 7.682339 -0.000000 0.000000 0.000000 -5.359778 3.354455 9.797357 -13.462090 -3.047386 -18.936326 -9.836705 -23.590052 14.392522 -14.766014 -0.194299 19.725939 -7.387155 1.216900 -12.795687 -9.570942 3.092204 16.866356 -8.820929 13.109921 -12.715181 -6.926209 -5.189103 -11.349976 
-7.458380 96.952003 -45.900798 -31.163493 85.560953 27.795938 2.043995 -2.225906 5.773192 10.347240 -12.947451 -0.013212 -14.781364 26.891920 5.591792 -0.000000 0.000000 0.000000 -8.292746 1.592148 1.446575 26.806122 13.261959 -0.166986 -14.799295 -15.334474 4.326092 -0.000000 0.000000 0.000000 4.785391 -0.277077 1.256761 -6.321261 -0.981114 0.059088 9.968025 -0.245094 1.039495 -2.940137 -7.294752 4.704136 -6.165003 -5.593013 7.150146 -0.000000 0.000000 0.000000 -4.522515 3.805248 8.711441 -12.240878 -1.380215 -21.790816 -8.860162 -30.294823 19.223192 -14.603921 -4.081931 24.258337 -7.526911 1.250307 -12.549477 -10.374967 2.321542 16.898657 -8.298603 18.204868 -14.715039 -9.659407 -4.234516 -9.090330 
-7.497869 96.828103 -45.461199 -33.898169 84.567210 30.173124 1.008341 -2.323008 6.013220 14.242100 -12.471845 0.434355 -16.044736 27.141029 5.814336 -0.000000 0.000000 0.000000 -10.637314 2.088258 0.663976 32.719350 15.675843 -0.190451 -14.670694 -10.440344 7.934091 -0.000000 0.000000 0.000000 6.242651 -0.547367 1.967823 -6.297085 -0.840489 0.139339 10.160275 -0.283329 0.815877 -3.627767 -7.570109 4.590173 -5.662198 -5.798876 6.609279 -0.000000 0.000000 0.000000 -3.618004 4.249222 7.299596 -10.578477 0.289974 -25.361741 -6.042077 -37.711703 24.565661 -15.559563 -7.083836 27.498478 -7.611569 1.124434 -12.332379 -11.518355 1.477475 16.899448 -7.106072 24.158268 -17.263576 -11.041752 -3.789122 -7.819341 
-7.406640 96.549600 -44.926298 -38.730079 84.133062 34.648437 -0.262252 -2.385268 6.268732 18.383025 -12.329419 1.130539 -17.232239 27.118885 6.149909 -0.000000 0.000000 0.000000 -12.141596 2.663504 -0.160360 37.265774 18.586793 -0.749645 -14.902860 -5.751328 11.114833 -0.000000 0.000000 0.000000 6.974839 -0.735445 2.732034 -5.892461 -0.977472 0.401798 10.320322 -0.390291 0.607114 -3.828971 -8.020383 4.224878 -5.084729 -6.111442 5.944680 -0.000000 0.000000 0.000000 -2.857829 4.670057 5.931283 -8.688442 1.345849 -29.980991 -0.953154 -44.161240 30.229037 -16.715170 -9.121459 29.427358 -7.644562 0.749916 -12.199116 -12.664178 0.636154 17.026374 -5.099786 30.788795 -21.205423 -11.958094 -3.734547 -6.724729 
-7.153900 96.193802 -44.277999 -48.090639 84.301930 43.767218 -1.256972 -2.562725 6.718428 21.822082 -12.126995 1.688574 -18.094342 26.218747 6.364768 -0.000000 0.000000 0.000000 -12.488863 2.931900 -1.228810 40.082745 18.754272 -1.560122 -13.999677 -5.867405 10.658781 -0.000000 0.000000 0.000000 7.023815 -0.969901 3.385797 -5.263691 -1.312786 0.759589 10.606031 -0.772740 0.583792 -3.674448 -9.528734 3.602034 -4.174190 -5.583413 5.534437 -0.000000 0.000000 0.000000 -1.516840 4.851574 4.009569 -6.848596 1.912702 -35.101549 6.096952 -49.098457 36.081002 -17.784121 -10.758287 31.351311 -7.583509 0.381924 -11.960304 -13.390930 -0.379474 17.623542 -3.782186 39.179283 -26.558023 -12.872657 -3.842872 -7.055257 
-6.787570 95.761901 -43.433699 -62.213370 84.802414 57.898316 -2.128749 -3.299687 7.153855 24.682760 -11.751541 2.130298 -18.713211 24.828602 6.310748 -0.000000 0.000000 0.000000 -11.974760 3.191603 -2.680896 41.441774 15.844033 -2.577291 -12.983123 -9.918917 7.673704 -0.000000 0.000000 0.000000 6.653421 -1.103619 3.773940 -4.704420 -1.761275 1.115484 10.581192 -1.352442 0.632966 -2.882703 -11.638450 3.020920 -3.154468 -4.619073 5.206775 -0.000000 0.000000 0.000000 0.402896 4.540554 1.519868 -5.324165 2.133419 -40.372828 13.893077 -51.549963 41.666625 -18.489101 -11.277570 31.324132 -7.473499 0.029782 -11.367820 -13.740999 -1.556480 18.854303 -1.107172 49.142491 -34.696535 -14.121205 -3.846454 -7.341467 
-6.386530 95.186907 -42.412397 -82.074183 85.197519 77.945361 -3.675949 -4.516797 7.369519 28.470948 -11.852999 2.755278 -19.364864 23.702022 6.365194 -0.000000 0.000000 0.000000 -10.924226 3.474681 -4.361975 41.949762 13.474844 -3.894225 -11.383543 -13.771692 4.595561 -0.000000 0.000000 0.000000 6.061227 -0.916955 3.835552 -4.385624 -2.366104 1.612252 10.558235 -1.893584 0.674754 -2.191550 -13.666742 2.633612 -1.701758 -3.943089 4.763731 -0.000000 0.000000 0.000000 2.021690 3.992469 -1.235315 -4.218963 1.549475 -45.797877 19.270309 -51.291010 43.890687 -18.951098 -11.708433 31.457699 -7.723632 -0.574176 -10.186778 -14.084481 -2.356825 20.036258 6.326009 58.751000 -47.734815 -15.107942 -3.227220 -7.092972 
-6.029850 94.255698 -41.166100 -105.540020 84.839883 101.531231 -6.112526 -5.924722 7.811462 33.930527 -12.032714 3.356370 -20.346334 22.244239 6.169137 -0.000000 0.000000 0.000000 -9.401438 3.958705 -5.705703 42.779272 12.846327 -5.756228 -11.734771 -16.628601 2.285021 -0.000000 0.000000 0.000000 5.689226 -0.332378 3.695070 -3.946694 -3.043472 2.308538 10.293636 -2.164728 0.675450 -1.789095 -15.419362 2.586552 -0.512539 -4.100002 4.511132 -0.000000 0.000000 0.000000 2.936573 3.056271 -3.780824 -3.774187 0.470719 -51.164354 20.300136 -49.283210 41.180984 -20.228933 -11.548172 31.225102 -8.098586 -1.146739 -8.736310 -14.588739 -3.217802 20.804069 21.585847 66.078653 -68.624090 -14.410697 -2.852657 -6.942965 
-5.793460 92.765903 -39.762297 -125.566891 83.481986 121.808060 -9.462911 -7.219385 8.007834 40.997252 -12.236289 4.521896 -21.552363 20.196293 5.661256 -0.000000 0.000000 0.000000 -7.616627 4.297814 -7.225005 44.349725 13.035826 -7.818752 -12.566302 -18.109161 0.821980 -0.000000 0.000000 0.000000 5.791973 0.502039 3.325719 -3.353208 -3.793035 3.045820 9.750458 -2.248727 0.683516 -1.818465 -17.017971 2.738478 -0.127359 -5.086543 4.579336 -0.000000 0.000000 0.000000 3.174490 1.602125 -6.157175 -4.078256 -0.606728 -56.085406 17.391481 -45.407955 34.690154 -21.256356 -10.984092 31.101895 -8.596320 -1.499830 -7.209166 -15.346559 -4.072842 20.521985 44.733951 69.250462 -96.708706 -12.251750 -2.275607 -8.250453 
-5.735330 90.747607 -38.131499 -138.109811 81.653020 134.773155 -13.075923 -8.409824 8.107478 48.035319 -12.674998 5.744458 -23.330359 18.329899 5.498403 -0.000000 0.000000 0.000000 -6.022657 4.517492 -8.898892 46.483991 13.294293 -9.827689 -13.411759 -19.198210 -0.223110 -0.000000 0.000000 0.000000 6.235612 1.391694 2.797909 -3.061075 -4.511600 3.549885 9.456272 -2.331788 0.661326 -2.428570 -18.436611 3.028211 0.125901 -6.367982 4.731485 -0.000000 0.000000 0.000000 3.107131 -0.327551 -8.176307 -4.849813 -1.343916 -60.501802 13.062935 -39.234068 27.602795 -21.572525 -9.739948 31.819632 -9.285616 -1.429253 -6.026119 -16.266913 -4.613547 19.963559 67.258590 67.859820 -123.335133 -10.670123 -1.768708 -9.513210 
-5.694840 88.547301 -36.099300 -144.008361 80.180602 141.231165 -14.959636 -8.752493 8.897124 51.776352 -13.308984 6.551130 -26.992253 16.926104 6.295659 -0.000000 0.000000 0.000000 -4.847690 4.628606 -10.489032 48.666084 13.311872 -11.415591 -16.152206 -20.342662 -1.578798 -0.000000 0.000000 0.000000 6.742884 2.015122 1.969605 -3.225700 -4.916319 3.695725 9.709626 -2.279649 0.655323 -3.320168 -18.957899 3.639694 0.769823 -8.085436 4.668540 -0.000000 0.000000 0.000000 3.049609 -1.608212 -8.672856 -5.431138 -1.750431 -64.750994 10.064615 -31.732486 20.853020 -23.061428 -8.563120 32.332311 -10.161056 -1.270717 -5.635935 -17.431211 -4.079650 20.199429 81.710266 64.144232 -140.414799 -9.652778 -0.969108 -11.164313 
-5.451600 86.835206 -33.328399 -147.292607 79.853578 145.318478 -14.547021 -8.206238 10.341205 50.782667 -14.086315 7.247551 -31.213012 16.338362 7.798648 -0.000000 0.000000 0.000000 -4.696379 4.688028 -11.664917 50.215594 13.678109 -12.259470 -18.030288 -20.928533 -2.665634 -0.000000 0.000000 0.000000 6.250918 2.121320 0.529770 -3.290443 -4.893468 3.526833 10.135396 -2.006783 0.608826 -3.495041 -18.712931 4.209255 1.653748 -9.842789 4.501327 -0.000000 0.000000 0.000000 3.444971 -1.849790 -8.375149 -4.610150 -1.365392 -67.405750 9.135720 -25.876846 14.647154 -25.010377 -6.509023 31.435549 -10.754323 -0.806501 -5.404885 -18.860880 -1.969845 20.720633 90.676383 60.228689 -150.803748 -7.303599 -1.129323 -12.996369 
-5.032540 86.321706 -29.480898 -148.446885 80.297608 147.196017 -13.993512 -8.835902 11.656534 49.420685 -14.393229 8.330083 -29.063787 17.611356 5.829472 -0.000000 0.000000 0.000000 -4.911447 4.998821 -11.125142 50.883758 14.364930 -12.366508 -21.583793 -20.132273 -1.194371 -0.000000 0.000000 0.000000 5.462548 2.560474 -1.106285 -3.135390 -4.625420 3.102938 9.785139 -1.629131 0.154504 -2.283946 -17.597086 4.931087 2.588737 -12.022931 4.153638 -0.000000 0.000000 0.000000 3.904422 -1.407598 -8.010747 -2.787318 -0.073261 -68.439829 9.274559 -20.516889 11.429279 -23.539585 -4.568988 29.816665 -11.095932 0.010882 -5.294463 -20.301278 0.260580 20.680729 95.291361 57.236247 -155.350948 -5.867620 -0.899536 -15.669966 
-4.484730 87.070209 -24.527700 -141.513316 81.751517 140.286806 -10.460203 -8.597461 15.098619 43.567416 -14.275514 8.415237 -22.274319 19.286406 1.969009 -0.000000 0.000000 0.000000 -5.843026 4.800457 -8.085360 51.674967 14.721512 -12.216724 -24.104123 -20.414078 -3.260124 -0.000000 0.000000 0.000000 4.842272 3.202359 -2.042204 -2.788355 -3.150610 1.892093 9.425623 -0.946559 -0.351392 -0.529408 -17.305113 5.560007 3.493237 -12.676115 4.787943 -0.000000 0.000000 0.000000 4.005775 0.039101 -7.642974 -1.374022 3.125700 -67.952095 6.632956 -16.961848 9.854162 -22.730839 -3.178071 30.047238 -10.997297 1.300101 -6.505784 -21.965548 1.581876 20.484324 96.039507 56.526275 -155.359222 -3.556303 -0.923845 -19.255663 
-3.931230 88.942903 -18.822700 -135.293141 83.409609 134.018942 -5.976805 -7.335759 18.585512 33.848347 -13.903113 9.352038 -9.871813 19.554320 -4.450388 -0.000000 0.000000 0.000000 -6.847703 3.947634 -5.180562 49.540531 13.462443 -10.037485 -23.758233 -20.045121 -4.711526 -0.000000 0.000000 0.000000 3.135512 3.132633 -3.323677 -1.528403 -1.582897 0.211703 8.529290 -0.216698 -1.042273 2.172979 -16.938720 7.082806 3.734030 -12.450378 6.315007 -0.000000 0.000000 0.000000 4.325055 1.988817 -7.408598 0.088592 6.586972 -65.268601 1.261077 -16.429821 9.055391 -23.442326 -2.604419 30.796857 -10.824894 2.592673 -8.587816 -23.837530 3.376258 20.685077 93.319605 58.799372 -151.504219 -1.911031 -2.218640 -20.722534 
-3.348480 91.549206 -13.175000 -148.299357 84.260969 147.578376 -3.666396 -8.226980 18.599766 25.129679 -13.479467 11.213197 4.934099 21.244498 -6.073882 -0.000000 0.000000 0.000000 -6.987070 3.044011 -3.401672 44.892661 13.804924 -7.653482 -20.741859 -19.090116 -4.963542 -0.000000 0.000000 0.000000 -0.074528 3.202619 -4.878859 -0.509066 -1.006279 -1.621553 8.107234 -0.273578 -2.170776 5.077619 -17.431951 8.695666 4.405066 -11.610193 7.932184 -0.000000 0.000000 0.000000 4.900766 3.240630 -6.434292 1.018973 8.262507 -61.837732 -1.574384 -15.260371 9.583670 -22.446499 -1.126632 30.511703 -10.960502 3.441119 -11.993177 -25.128587 5.179532 21.230557 85.281796 63.091454 -142.749807 -4.802964 -3.880617 -17.858973 
-2.756070 94.552100 -8.345769 -164.795360 83.768145 164.233590 -3.487237 -10.807286 16.971492 24.773307 -18.991894 11.362712 7.237722 18.171291 -3.008653 -0.000000 0.000000 0.000000 -5.916379 3.311741 -1.106455 38.863334 15.613199 -6.018418 -14.548337 -20.021308 -3.130563 -0.000000 0.000000 0.000000 -2.625940 3.470083 -4.979248 0.023273 -0.834232 -3.107177 7.663421 -0.509701 -3.448585 8.021167 -19.241644 9.762735 4.301257 -9.753168 8.526453 -0.000000 0.000000 0.000000 5.038515 4.295542 -6.115677 1.558357 8.476429 -58.791548 -3.346298 -13.154652 10.706806 -20.741737 -1.094709 30.185298 -11.782872 4.266115 -15.830593 -25.515733 7.432531 20.133205 66.763117 67.882409 -122.917625 -7.939265 -5.027869 -13.683920 
-2.048110 97.984004 -4.163510 -158.309789 83.815374 157.297377 -2.238345 -11.904240 14.292611 28.006963 -24.707837 9.634138 4.194583 12.316461 -3.755615 -0.000000 0.000000 0.000000 -2.840406 3.480338 0.868974 31.270532 15.868429 -4.236289 -3.612105 -18.920659 2.471614 -0.000000 0.000000 0.000000 -2.757259 4.006432 -4.088728 -0.093455 -0.193277 -4.275950 7.631053 0.124462 -4.107650 10.707656 -20.803289 10.861200 4.088350 -8.105952 8.767607 -0.000000 0.000000 0.000000 3.820770 5.665808 -5.756819 2.064993 8.093880 -57.424609 -6.453315 -11.873747 11.732681 -18.474791 -1.177430 29.360252 -13.148392 5.128929 -19.055535 -25.776116 10.094240 18.685251 39.017557 68.780790 -92.557209 -6.193256 -7.134809 -9.980996 
-1.549220 101.324201 -0.196975 -139.010125 85.242056 137.397149 -0.197057 -11.830148 10.840405 27.610166 -22.526644 6.380947 3.302634 13.844764 -5.650824 -0.000000 0.000000 0.000000 -1.491175 2.184540 1.171288 25.384096 14.409207 -2.079515 9.764884 -11.488711 10.826723 -0.000000 0.000000 0.000000 -2.224759 5.043218 -3.198341 -0.881467 1.238403 -5.156457 8.077028 1.278517 -4.146241 12.649201 -21.314011 12.038122 3.823763 -7.307676 8.988203 -0.000000 0.000000 0.000000 2.494716 7.155065 -3.981761 2.643379 6.892076 -58.400789 -8.610387 -11.992572 12.211512 -18.571381 -1.022610 27.144291 -14.288977 5.608932 -21.798050 -27.081330 13.075586 18.233418 14.639842 64.433962 -65.039728 -6.788736 -8.805702 -6.160305 
-1.234990 103.859198 3.711330 -110.311031 86.664964 107.745674 0.412670 -9.860356 7.851630 25.416908 -17.225357 4.301654 5.777919 13.554785 -8.049187 -0.000000 0.000000 0.000000 -2.142022 0.053104 1.402721 22.431313 13.724073 -1.513549 18.344386 -0.081023 16.201656 -0.000000 0.000000 0.000000 -2.794533 5.836409 -2.187035 -0.772730 2.268495 -5.470829 7.715641 2.312060 -3.906188 14.299788 -20.535359 12.715631 2.261799 -6.840985 8.966704 -0.000000 0.000000 0.000000 2.094540 8.135063 -1.413956 3.813666 5.581586 -61.133965 -8.349412 -13.091030 12.796744 -19.512242 -2.143555 24.773666 -14.798347 6.415090 -24.598391 -29.964135 16.388145 18.975910 -0.045918 56.152222 -46.535886 -8.411789 -9.528035 -2.848702 
-0.919380 105.114198 7.449910 -96.779197 87.141357 93.380693 0.050395 -8.360102 5.054684 23.522659 -17.601053 3.617656 6.397389 11.501204 -8.516965 -0.000000 0.000000 0.000000 -2.944001 -0.861261 1.759843 22.223625 15.152255 -1.975643 17.863016 4.300471 16.379433 -0.000000 0.000000 0.000000 -3.727802 5.528454 -1.092665 -1.087915 2.710795 -5.554841 7.989387 2.745767 -3.693819 14.870065 -19.716596 12.788669 1.439603 -5.964311 8.208402 -0.000000 0.000000 0.000000 1.851204 8.808656 0.685788 5.320706 3.859757 -63.551016 -5.278091 -14.000044 14.087795 -21.298573 -3.491809 23.810544 -15.311513 7.724039 -27.309475 -32.637549 20.107991 20.023211 -6.072255 45.470156 -36.055277 -8.242152 -10.468860 0.345865 
-0.540699 105.199194 11.039300 -126.557152 86.648362 122.409643 -0.247936 -9.413015 2.695722 21.543681 -22.007354 3.591156 7.102978 9.432887 -9.327309 -0.000000 0.000000 0.000000 -2.994896 -0.213415 1.527544 23.142605 12.498469 -2.196820 14.331258 -2.386558 14.377241 -0.000000 0.000000 0.000000 -3.961425 4.494891 0.064211 -1.823954 3.088525 -5.638753 8.499264 2.491486 -3.729926 14.853262 -20.317641 13.157101 2.061231 -4.767938 7.420188 -0.000000 0.000000 0.000000 1.728355 9.172280 1.509607 5.844447 1.382122 -64.091662 -2.692530 -14.690200 15.373679 -23.724154 -4.552124 23.850251 -16.467651 8.841519 -29.396385 -32.321609 23.721104 20.236191 -8.163545 35.787000 -29.682622 -8.874381 -11.510428 3.009171 
-0.128858 104.247200 14.492899 -150.293194 84.391082 145.373709 -0.331720 -11.828493 0.804647 19.970573 -26.159659 4.308155 9.433277 8.215693 -9.240859 -0.000000 0.000000 0.000000 -2.046750 0.224052 0.275328 23.588292 9.039131 -2.564814 13.174416 -8.867874 11.859648 -0.000000 0.000000 0.000000 -3.670279 3.973123 1.294907 -2.368326 3.194231 -5.772869 8.636170 2.141161 -3.682198 15.352441 -22.150977 13.669646 2.387030 -3.773393 7.592153 -0.000000 0.000000 0.000000 1.341440 8.755566 1.850296 5.159006 -0.628334 -63.862867 -1.847856 -15.067974 16.173568 -24.512162 -4.625740 23.559425 -16.732815 10.002780 -31.216902 -30.507536 24.705159 19.952950 -8.510384 30.829377 -26.315481 -9.748122 -12.694764 6.100207 
0.119696 102.166200 17.889699 -163.533941 81.875626 157.749823 -1.765064 -14.872316 -0.618315 21.994986 -26.101641 4.900929 4.374864 13.983331 -2.050010 -0.000000 0.000000 0.000000 -1.558993 0.696097 -1.816103 24.258635 8.185722 -2.948052 12.606246 -14.498755 10.064586 -0.000000 0.000000 0.000000 -3.882196 4.079085 2.515503 -3.235989 3.133578 -5.559069 9.251044 1.840804 -3.560648 15.698017 -25.017987 13.930430 2.683066 -2.497993 8.021481 -0.000000 0.000000 0.000000 1.164093 7.796553 1.771544 3.605347 -1.982093 -63.491576 -0.947308 -15.887571 16.233419 -25.136915 -4.537342 24.772151 -16.224787 10.910291 -32.184550 -28.774784 24.406993 19.522132 -8.293159 29.773547 -25.842203 -9.555680 -13.032267 6.970309 
0.333964 99.131006 21.382700 -167.677849 79.503855 160.523048 -3.227813 -15.253671 0.510764 29.887040 -22.916697 6.339844 -9.958645 18.660350 5.563762 -0.000000 0.000000 0.000000 -0.364167 0.899354 -3.641041 25.118495 9.695319 -4.162245 9.681827 -18.356289 8.568461 -0.000000 0.000000 0.000000 -3.405499 4.467369 4.012616 -4.583210 3.064072 -4.920146 10.125243 1.856691 -3.107144 15.096942 -27.301250 13.663099 3.176870 -2.133574 7.955194 -0.000000 0.000000 0.000000 0.999874 6.289962 1.632074 1.850756 -2.327367 -63.780841 1.004453 -17.034451 16.474408 -25.748612 -4.528021 25.523149 -15.494839 11.665635 -32.117199 -28.201618 23.218715 18.902054 -7.561286 31.876107 -27.377354 -9.812197 -13.702407 6.681221 
0.462884 95.863503 24.955200 -169.002992 77.035135 161.433817 -5.924926 -13.809738 2.450694 38.254976 -22.775778 9.203930 -20.521598 14.634289 8.352120 -0.000000 0.000000 0.000000 1.557485 0.149601 -6.632528 25.330501 12.121601 -6.192264 6.807744 -18.891584 7.296800 -0.000000 0.000000 0.000000 -2.418117 5.112625 4.169397 -5.033888 2.556944 -4.206534 9.899625 1.955237 -2.632797 14.605714 -27.995601 13.543750 3.380977 -3.047519 7.881320 -0.000000 0.000000 0.000000 0.817892 4.804936 1.322445 0.413045 -2.724520 -64.001084 3.644585 -18.407387 17.033682 -25.656739 -4.359093 25.772936 -14.881603 11.889835 -30.996540 -28.575960 21.551963 19.118975 -7.457907 37.015990 -29.729458 -11.462326 -13.982021 6.025076 
0.385229 92.737103 28.770098 -173.859010 74.602235 166.982526 -11.487331 -14.741206 2.501686 48.593259 -25.249743 12.220438 -27.110669 13.572928 9.969534 -0.000000 0.000000 0.000000 2.406589 -0.500695 -10.611328 25.336859 14.351223 -8.111888 4.132201 -19.174029 6.450562 -0.000000 0.000000 0.000000 -2.691134 5.985809 2.884346 -5.067780 1.594023 -3.586198 10.072676 1.800205 -2.536244 14.002661 -28.030529 13.826823 3.755187 -4.268592 8.286290 -0.000000 0.000000 0.000000 0.684201 3.572084 0.511902 -0.777191 -3.568588 -63.316082 6.221517 -20.452402 17.508486 -25.795978 -4.525456 26.901533 -14.847667 11.315363 -28.934846 -28.526450 20.419397 19.781079 -5.662502 43.246066 -34.176164 -11.936308 -14.906770 5.258862 
0.649168 90.326107 33.091000 -176.365769 72.862194 170.836813 -14.642656 -16.082920 3.257879 53.063584 -25.381018 12.270368 -31.263711 13.086506 11.354118 -0.000000 0.000000 0.000000 3.544448 -0.533296 -14.067145 25.186100 15.791638 -10.124820 1.332103 -20.032790 5.093148 -0.000000 0.000000 0.000000 -3.589974 7.178449 1.065778 -4.101285 0.796662 -3.454119 9.852539 1.674329 -2.829803 14.660931 -27.439954 14.237963 4.211617 -5.618712 8.922489 -0.000000 0.000000 0.000000 0.966724 2.416576 -0.250156 -1.646764 -4.254838 -61.841109 8.190319 -22.318588 17.925215 -25.167428 -4.654909 27.387387 -14.185969 10.690848 -26.810663 -28.001938 19.360922 21.228014 -2.211712 48.758802 -40.488054 -12.227449 -15.278196 3.993124 
1.177510 88.781303 37.940300 -176.805608 72.628064 172.311562 -13.986253 -16.122028 5.851607 52.172056 -25.399492 13.165769 -34.230852 12.485493 11.031930 -0.000000 0.000000 0.000000 4.356373 0.559428 -15.671856 25.870935 17.966862 -12.089907 -2.859293 -20.620947 2.915563 -0.000000 0.000000 0.000000 -4.255926 7.681844 0.224611 -3.234756 1.145385 -3.742495 9.491154 2.181247 -3.407592 15.410450 -26.144077 13.894075 5.256836 -6.802404 8.924618 -0.000000 0.000000 0.000000 0.767730 2.210675 -0.865378 -1.894524 -4.368522 -60.229563 10.451891 -23.626792 18.184728 -24.037938 -4.617456 27.108337 -13.160355 10.489699 -25.021009 -27.724208 18.612871 22.608397 1.038106 53.500559 -45.668372 -13.829499 -14.851587 1.621988 
1.740670 88.083100 43.428501 -178.793084 72.874512 175.162169 -13.270114 -17.685928 7.901693 50.912455 -25.961574 14.780607 -32.692453 14.816463 9.273472 -0.000000 0.000000 0.000000 4.028938 3.597832 -14.909308 28.898827 21.506244 -14.456107 -6.734916 -19.257101 3.340559 -0.000000 0.000000 0.000000 -4.835436 7.737723 -0.956362 -2.524766 1.699245 -3.904964 9.016667 2.709988 -4.125418 15.126117 -23.823885 13.387899 6.197999 -7.968097 8.490564 -0.000000 0.000000 0.000000 0.392364 2.617067 -1.469689 -1.415927 -4.599641 -58.514804 11.650495 -24.895088 18.809988 -22.891484 -4.609712 26.848331 -12.905294 10.210610 -23.191326 -27.419131 19.083954 23.334835 4.390111 56.477349 -49.973274 -14.869908 -14.162268 -0.124957 
2.221530 88.000000 49.667498 179.403552 71.535105 177.724350 -12.003703 -19.992606 10.639771 48.106029 -27.768453 16.973486 -27.476858 17.170281 5.488029 -0.000000 0.000000 0.000000 3.001711 6.452382 -12.231329 33.393203 22.599178 -15.361147 -14.258964 -21.726043 3.719969 -0.000000 0.000000 0.000000 -3.756502 7.283033 -3.118248 -2.605537 1.803139 -4.246079 9.030215 2.482390 -4.447380 12.974650 -21.542398 13.034306 6.766306 -9.015547 8.515605 -0.000000 0.000000 0.000000 0.263363 2.663931 -1.289986 -1.131993 -4.857026 -56.802729 12.340184 -26.078647 19.560863 -22.815201 -4.825151 27.390741 -13.259984 10.211120 -22.815529 -26.686302 18.755093 23.723675 6.443383 58.692491 -53.663887 -15.572932 -14.372845 -1.459596 
2.658030 88.430703 56.287599 -179.415314 68.345351 177.407989 -9.549669 -21.425567 13.692452 43.578783 -31.255336 20.341018 -19.441700 18.170564 1.757026 -0.000000 0.000000 0.000000 2.198150 7.168000 -9.224107 36.819837 22.121601 -13.581907 -22.115851 -22.205790 0.259718 -0.000000 0.000000 0.000000 -0.476288 6.289242 -5.422705 -2.592801 1.302410 -5.184477 8.904054 1.817663 -4.480275 9.940727 -19.560678 12.512390 6.208744 -10.508936 9.412401 -0.000000 0.000000 0.000000 -0.135833 1.565033 -0.331965 -0.752930 -4.771808 -54.624188 13.115073 -27.029918 20.113197 -23.500827 -4.901142 27.371935 -13.470137 10.820244 -23.902530 -26.592984 16.371329 23.483325 7.775462 60.639984 -56.672757 -18.185909 -13.459357 -3.645852 
3.056430 89.234900 62.482399 -179.233945 64.127793 177.908642 -8.732122 -22.667839 14.931816 40.114559 -33.961535 23.301270 -11.133984 19.319953 2.001530 -0.000000 0.000000 0.000000 0.663214 4.350790 -6.983175 37.317708 19.648879 -9.562311 -27.525655 -21.552657 -3.381975 -0.000000 0.000000 0.000000 2.449865 5.731095 -6.708121 -2.718786 0.232993 -6.231304 8.919397 0.811408 -4.593696 8.016832 -18.830118 11.604114 5.372633 -11.604647 10.186729 -0.000000 0.000000 0.000000 -0.345362 0.112966 0.442728 -0.373925 -4.734140 -51.983518 15.051299 -27.417553 20.564179 -23.114887 -4.402831 27.827168 -13.346005 11.422839 -25.534142 -27.104637 13.649560 22.493786 9.717820 61.571280 -60.003507 -18.740851 -12.457340 -5.693636 
3.491140 90.654308 67.555100 -179.972780 59.185933 179.093407 -11.295715 -22.873461 13.150189 41.069647 -35.739006 24.829852 -10.080776 17.072931 5.022040 -0.000000 0.000000 0.000000 -0.094448 0.239204 -4.783453 35.264579 16.470839 -6.729705 -28.189923 -20.778785 -4.970198 -0.000000 0.000000 0.000000 4.105262 5.824476 -7.001256 -2.793683 -1.371953 -6.870655 8.435979 -0.217946 -4.823696 9.130564 -19.420433 11.070200 4.352668 -11.878128 10.485464 -0.000000 0.000000 0.000000 -0.342046 -1.066949 0.259308 -0.045141 -4.639905 -49.741598 16.873353 -27.172239 20.734506 -21.878664 -4.157073 27.637628 -13.401134 11.651735 -26.785215 -27.718716 11.779817 21.706087 10.962685 63.390460 -62.634206 -21.141751 -11.314244 -7.181549 
4.153220 92.981303 71.769994 -179.598677 55.191844 178.844269 -13.426843 -21.886745 10.190970 43.083962 -35.053840 22.929325 -11.105319 13.218625 2.844598 -0.000000 0.000000 0.000000 0.619203 -0.172629 -1.546625 32.259148 14.210689 -5.608157 -23.004648 -20.997293 -3.050303 -0.000000 0.000000 0.000000 5.230665 5.933654 -7.303139 -2.766803 -2.055676 -6.622490 8.015365 -0.439257 -4.817986 11.494740 -20.085895 11.602991 4.571186 -12.456566 10.440622 -0.000000 0.000000 0.000000 -0.863428 -1.285605 0.038794 0.064410 -5.210314 -49.295744 16.372255 -26.732219 20.302377 -19.788838 -3.914064 26.269892 -14.404858 11.080600 -26.800954 -27.587880 11.513740 20.937157 14.956523 65.614398 -68.511662 -22.010010 -10.453125 -7.364537 
4.909580 96.001303 75.298399 -178.935766 52.684774 177.921059 -13.598157 -21.002604 7.017629 43.474463 -29.874066 17.909213 -10.276908 13.912573 2.093207 -0.000000 0.000000 0.000000 0.918445 0.939456 1.229660 28.719087 12.340984 -3.788834 -12.689450 -22.068188 0.690052 -0.000000 0.000000 0.000000 5.603768 6.028976 -7.545285 -3.058467 -1.772731 -5.921060 8.439183 -0.290722 -4.410019 13.877841 -21.200060 12.516254 5.695298 -11.743866 10.421702 -0.000000 0.000000 0.000000 -1.039358 -0.647040 0.246330 -0.250645 -5.619604 -50.672013 14.735304 -26.800451 19.545894 -18.792754 -3.707667 25.576131 -15.481363 10.082969 -26.665138 -27.378049 12.372645 20.670124 22.615703 67.354593 -78.605553 -20.234741 -9.454539 -7.564846 
5.596160 99.284005 78.372002 -178.441807 50.062161 176.797439 -13.148004 -18.671839 4.291547 42.899494 -23.301266 12.438124 -7.948492 14.003102 1.057647 -0.000000 0.000000 0.000000 0.501444 -0.068784 2.862254 25.213638 8.909041 -1.859956 1.480026 -18.764268 7.455755 -0.000000 0.000000 0.000000 5.866414 6.099468 -7.482049 -3.410846 -2.091020 -5.087476 8.910169 -0.394124 -3.753931 15.772765 -21.627249 13.476230 6.259117 -10.801861 10.408853 -0.000000 0.000000 0.000000 -0.767928 -0.057143 0.584042 -0.216058 -5.194096 -52.762349 12.754082 -27.321770 18.987193 -17.529024 -3.886101 25.330984 -16.647850 8.905926 -26.741027 -28.073038 13.602269 21.263375 33.463385 69.068042 -91.449545 -17.542170 -8.703450 -9.125623 
6.214650 102.226198 81.172401 -177.829289 46.983541 175.603808 -11.555255 -14.612281 2.272222 41.836062 -19.178112 8.149621 -4.068240 11.356650 -1.945093 -0.000000 0.000000 0.000000 -0.736479 -2.221868 2.966125 23.593135 5.961012 -0.129722 15.794747 -10.338094 14.070195 -0.000000 0.000000 0.000000 6.502920 5.706128 -6.982767 -3.714599 -2.704695 -4.450294 8.922494 -0.637791 -3.118048 17.085636 -21.843488 14.017556 6.022277 -10.279127 10.432587 -0.000000 0.000000 0.000000 -0.326710 0.050369 1.311219 0.373083 -4.100608 -55.153132 11.502081 -27.791111 18.907737 -16.315570 -4.522783 25.173248 -17.731413 8.191342 -27.284084 -29.577670 14.112712 22.018827 46.485944 70.038836 -105.365825 -15.799997 -7.541863 -9.728361 
6.740620 104.223204 83.907896 -177.664012 44.313657 174.604278 -9.184403 -9.296084 1.146084 40.101149 -17.203166 5.779747 3.019608 7.298326 -6.674600 -0.000000 0.000000 0.000000 -2.972804 -3.821615 2.778233 24.455786 7.119736 0.008188 23.106272 0.668971 16.456113 -0.000000 0.000000 0.000000 6.820794 4.888603 -5.677490 -3.504525 -3.134408 -3.904831 7.999826 -0.693757 -2.797525 17.651173 -21.629067 13.794831 4.679883 -10.453262 10.126655 -0.000000 0.000000 0.000000 -0.190034 0.056996 1.883501 1.830575 -2.441778 -57.049030 11.196559 -28.981946 19.184834 -15.328267 -4.979987 24.815480 -18.488071 8.003494 -27.729892 -31.728200 14.323253 22.222690 59.908333 70.120867 -118.334515 -13.440080 -6.662728 -10.752581 
7.250450 104.984200 86.601502 -178.146783 41.398689 173.846851 -6.142161 -6.046531 0.653305 36.672256 -16.035698 4.264591 11.064274 4.666618 -9.649146 -0.000000 0.000000 0.000000 -5.715293 -3.188882 2.749301 27.109132 8.305881 -0.024421 23.800815 3.475565 15.221525 -0.000000 0.000000 0.000000 6.174492 3.570356 -3.885280 -3.354205 -2.984326 -3.177903 7.593112 -0.755260 -2.654110 17.255248 -22.100301 13.325636 4.004593 -10.659519 9.284048 -0.000000 0.000000 0.000000 0.018520 0.353643 1.959417 2.938487 -1.625841 -58.137442 11.967469 -30.082968 19.973836 -14.707015 -5.099620 24.712579 -18.756203 8.053824 -27.751128 -32.972429 14.975293 21.483661 69.775868 69.429842 -128.157347 -11.380478 -5.699024 -11.938687 
7.746970 104.569197 89.133197 -178.603395 37.147308 172.841106 -2.113316 -5.378409 0.695052 31.811541 -15.030291 3.587689 16.335839 5.585644 -9.953501 -0.000000 0.000000 0.000000 -7.363074 -1.529711 2.229748 29.784992 5.252407 0.229016 19.577805 -3.848700 13.462611 -0.000000 0.000000 0.000000 5.576857 2.068319 -1.701325 -3.429188 -2.441406 -2.471339 7.485359 -0.987063 -2.476646 16.711369 -24.151641 13.363118 4.255259 -10.509615 8.531536 -0.000000 0.000000 0.000000 0.678447 0.575281 1.419878 2.754539 -1.873918 -58.393506 12.901045 -30.935872 20.660900 -15.213577 -5.343303 25.285305 -18.679661 8.313460 -27.533347 -32.236095 15.117765 19.826080 75.981521 68.704764 -134.942336 -8.962141 -4.004421 -13.912657 
8.067290 102.990198 91.746801 -179.607816 32.088549 172.152555 1.357336 -6.201428 1.510756 27.594787 -14.182219 2.813136 12.323430 10.776394 -6.833178 -0.000000 0.000000 0.000000 -8.669397 0.067540 0.628261 32.095599 2.959430 0.678174 14.052081 -10.628157 11.047683 -0.000000 0.000000 0.000000 4.777907 1.101860 0.413809 -3.727373 -2.156651 -1.789346 7.694162 -1.365786 -2.208383 15.700334 -26.281755 13.716524 4.470440 -10.985975 8.056683 -0.000000 0.000000 0.000000 0.957151 0.532694 0.904573 1.704777 -2.389644 -58.494579 13.582484 -31.897989 20.957722 -15.830021 -5.515045 25.682571 -18.453040 8.270759 -27.164714 -31.242484 14.783936 18.224652 77.884751 68.182909 -137.097635 -6.909642 -2.592259 -16.615551 
8.234160 100.253201 94.465798 178.811798 26.646064 171.767646 3.603074 -5.976253 3.625967 23.261616 -12.457466 2.136820 0.756851 16.921720 -1.479832 -0.000000 0.000000 0.000000 -9.911858 0.772750 -1.781240 34.400584 3.142604 0.479522 7.659224 -14.967418 8.343864 -0.000000 0.000000 0.000000 3.316086 0.424770 2.393783 -4.422341 -2.255951 -1.252378 8.475161 -1.894625 -1.807986 14.318599 -28.054391 13.822788 4.567434 -11.663315 7.701288 -0.000000 0.000000 0.000000 1.210684 0.137987 0.918432 0.103290 -2.786263 -58.983204 15.227343 -32.520467 21.315863 -16.602412 -5.916314 26.406321 -17.901472 8.092705 -27.150480 -31.064862 14.212820 17.530543 73.925853 68.455802 -132.491350 -5.342083 -1.361402 -19.189968 
8.463839 97.049201 97.177696 177.959145 20.659580 172.046728 3.323666 -3.597121 6.236477 23.084066 -14.606094 2.564795 -15.570452 14.801370 4.725751 -0.000000 0.000000 0.000000 -9.391720 0.327695 -5.427290 36.029607 5.140342 -1.102437 2.139046 -17.127636 6.302718 -0.000000 0.000000 0.000000 2.452292 -0.094877 2.783406 -4.780652 -2.845278 -0.904890 8.497268 -2.371996 -1.459114 14.078737 -29.211477 14.380380 4.305638 -12.607781 7.610405 -0.000000 0.000000 0.000000 1.622306 -0.681473 0.854683 -1.598164 -3.218802 -58.783463 17.767936 -32.415207 21.862253 -17.076235 -6.393266 26.910152 -17.221199 7.930175 -26.908957 -31.066248 13.437789 17.951873 66.031800 69.338681 -123.317362 -5.274783 -0.455097 -19.542313 
8.933520 94.197899 99.936301 177.833155 13.584174 173.323440 -0.369562 -3.156427 6.619237 28.555143 -20.615320 5.399997 -27.164739 11.834443 9.019528 -0.000000 0.000000 0.000000 -6.588245 -0.812079 -9.591009 36.517925 8.276549 -3.832137 -0.903180 -17.997118 5.627000 -0.000000 0.000000 0.000000 2.547441 -0.100861 1.291427 -5.419459 -4.135765 -0.897374 8.656262 -3.072093 -1.357195 14.515822 -29.938310 15.873272 5.366905 -13.970236 8.226655 -0.000000 0.000000 0.000000 1.650199 -1.421218 0.377525 -3.232498 -4.617221 -57.296000 20.492213 -31.564408 21.876245 -17.425149 -6.377970 27.551444 -17.179560 7.328133 -25.853805 -29.773270 12.587928 18.979697 55.272114 69.639127 -111.254534 -6.332480 -0.575431 -19.957340 
9.506039 91.531700 102.681994 177.500661 6.753575 174.288027 -4.693520 -6.651440 5.056385 35.739531 -24.168987 9.197157 -36.667476 12.017863 14.149839 -0.000000 0.000000 0.000000 -2.973493 -0.728855 -12.047032 37.067383 11.832522 -6.767360 -2.776667 -18.338440 5.720618 -0.000000 0.000000 0.000000 2.233965 0.799078 0.505687 -5.669484 -5.292723 -0.723475 8.729207 -3.618269 -1.279283 14.297740 -31.354315 16.500692 5.341924 -15.236176 9.021599 -0.000000 0.000000 0.000000 1.325567 -2.448629 0.586516 -4.683595 -6.774488 -57.253073 21.929794 -30.531310 20.926852 -17.857363 -6.102630 27.437076 -17.314543 7.047165 -25.543824 -27.984976 11.375494 18.232415 40.268404 68.987916 -94.713991 -6.521801 -0.878965 -19.668187 
10.403200 89.341003 105.469000 176.357028 2.092244 175.142839 -12.129766 -13.281155 1.429064 46.659105 -22.962440 12.280254 -40.917363 13.295911 16.787107 -0.000000 0.000000 0.000000 -0.259214 2.395068 -12.750921 38.517320 14.381981 -9.535999 -4.364716 -19.555439 5.487840 -0.000000 0.000000 0.000000 0.567477 1.904608 -0.639463 -5.414943 -5.811205 0.062910 8.318507 -3.605996 -1.596920 14.852111 -31.851710 17.430646 4.298400 -16.139714 9.023430 -0.000000 0.000000 0.000000 1.326315 -2.835050 0.235006 -4.862934 -9.844906 -57.339601 21.488573 -29.764179 20.622693 -17.787831 -6.587476 27.190057 -17.509784 6.535522 -24.603834 -25.723790 12.345125 17.422632 23.813668 65.866771 -77.684235 -6.648167 -2.671492 -18.015172 
12.052400 87.665004 108.004999 175.321613 -1.625160 175.535520 -18.666150 -18.153001 -0.590353 53.978049 -21.948090 12.856055 -42.068150 14.214266 17.290216 -0.000000 0.000000 0.000000 2.139576 5.895986 -11.425023 41.432060 16.945798 -12.860367 -8.526453 -21.145997 3.117639 -0.000000 0.000000 0.000000 -0.703093 2.776325 -1.866423 -5.454660 -5.786441 0.519771 7.737014 -3.534305 -1.865440 15.027459 -32.019024 18.566774 4.614420 -16.710821 9.318453 -0.000000 0.000000 0.000000 1.424386 -2.317178 -0.099592 -3.692344 -11.616924 -56.810164 22.788812 -30.253504 21.700407 -17.848648 -6.908278 26.657367 -17.734013 6.219032 -23.983508 -23.939240 13.021275 17.046302 10.099659 61.343705 -63.271510 -9.354604 -3.857684 -15.187027 
14.191100 86.497605 110.576999 174.382830 -4.811325 175.925346 -22.991020 -19.171878 -1.249105 57.272686 -22.641360 15.493184 -42.472834 13.869297 16.603334 -0.000000 0.000000 0.000000 3.079872 7.365580 -9.799795 44.544386 19.954532 -16.197901 -10.007888 -20.891425 1.861141 -0.000000 0.000000 0.000000 -1.084675 2.791346 -2.920851 -6.141086 -5.489359 0.100286 7.712277 -3.458065 -2.062039 14.535203 -32.257290 19.643540 4.828407 -16.777789 10.339904 -0.000000 0.000000 0.000000 1.635977 -1.336197 -0.706624 -2.110435 -11.417250 -55.324405 24.663557 -31.551295 23.155539 -17.779659 -7.257658 27.073279 -17.592436 6.213514 -23.842184 -23.468950 12.907508 17.156548 -0.614671 56.740323 -51.080420 -12.242522 -4.013063 -14.702020 
17.019400 86.007202 113.165998 173.828082 -7.658581 176.712499 -25.924448 -20.597326 -1.979526 58.460682 -24.344277 18.038791 -40.988210 15.367135 15.418231 -0.000000 0.000000 0.000000 3.745251 7.724066 -8.721157 44.870262 22.259445 -17.447780 -12.760336 -19.087865 1.734656 -0.000000 0.000000 0.000000 -0.512643 2.923278 -4.577273 -6.738455 -5.446743 -0.775627 7.807092 -3.468281 -2.360894 13.556393 -31.804956 20.554295 5.069925 -18.121446 11.442570 -0.000000 0.000000 0.000000 1.712809 -0.609556 -0.795849 -0.277463 -11.116674 -53.207138 25.191040 -31.464551 23.670758 -17.573316 -7.748163 27.523063 -17.638676 6.271189 -23.917457 -23.010819 12.747372 17.265907 -6.277655 50.242630 -43.227651 -13.886265 -5.185833 -13.721397 
20.432699 86.231005 115.748000 173.675523 -9.991083 177.650980 -26.712916 -23.300823 -1.860375 56.122569 -26.234239 19.307275 -37.830148 18.017844 13.633256 -0.000000 0.000000 0.000000 3.995368 8.332730 -7.544566 43.298004 22.740448 -16.598712 -16.783738 -20.476188 0.900891 -0.000000 0.000000 0.000000 0.442990 3.291986 -6.035929 -6.866928 -5.110310 -1.860161 8.034793 -3.536053 -2.756810 12.400098 -31.899419 20.474558 5.175516 -19.599419 12.334355 -0.000000 0.000000 0.000000 1.722772 -0.352693 -0.589628 1.033740 -11.233014 -50.979639 23.606678 -29.619922 22.425754 -17.477451 -7.753449 27.220219 -17.405860 6.878394 -24.366625 -21.953802 12.329727 16.196567 -10.721495 44.077173 -36.827012 -17.637495 -7.112755 -9.939010 
24.487600 87.126404 118.382001 174.039599 -12.329209 178.166004 -25.084613 -24.661972 0.293045 50.451785 -28.643181 21.169892 -31.854147 20.160135 9.850989 -0.000000 0.000000 0.000000 3.292349 8.653632 -4.961668 43.070227 21.148891 -15.783908 -20.000982 -23.727029 -0.920143 -0.000000 0.000000 0.000000 2.369651 2.969020 -6.812647 -7.194913 -4.297057 -3.229332 8.448887 -3.476050 -2.860660 11.558017 -32.436021 19.647271 4.711574 -20.249967 13.294363 -0.000000 0.000000 0.000000 1.779458 -0.492083 0.172342 1.336027 -10.737438 -49.402098 21.712106 -26.973443 20.646875 -17.416981 -7.122034 26.294522 -16.646455 8.170221 -26.092806 -21.065376 10.891104 15.324240 -12.825621 37.836615 -31.669432 -18.740789 -7.876939 -8.518245 
29.088598 88.715905 121.123993 174.935638 -15.020572 178.218418 -21.391943 -24.987674 4.532329 41.142345 -32.316875 22.326406 -21.352928 21.359537 3.663360 -0.000000 0.000000 0.000000 1.492780 7.992773 -1.561782 42.991717 19.076320 -14.143447 -20.785052 -25.183078 -3.152410 -0.000000 0.000000 0.000000 5.546351 2.247759 -7.160221 -7.310421 -3.414079 -4.490750 8.404327 -3.403595 -2.671477 10.814199 -32.771082 18.493513 4.502669 -20.570684 14.591994 -0.000000 0.000000 0.000000 1.445473 -0.961784 0.992926 1.591974 -9.982469 -48.194070 19.833266 -24.740232 19.706311 -17.656793 -6.123312 25.176818 -15.587336 9.808693 -28.266697 -20.665995 8.738527 14.222648 -13.342140 32.010919 -28.078450 -21.159685 -10.428859 -4.734256 
33.770198 90.738702 124.091995 175.551325 -18.605657 178.304260 -19.420542 -25.377226 7.769541 30.801404 -34.575236 20.906979 -6.074147 21.846876 -3.216700 -0.000000 0.000000 0.000000 -0.865353 6.075364 0.494089 41.548806 16.530102 -10.787727 -19.172277 -25.679616 -3.902452 -0.000000 0.000000 0.000000 9.302482 1.679214 -7.202655 -7.334381 -2.961029 -5.676601 7.929275 -3.699392 -2.492922 10.231752 -33.405812 17.369527 4.165861 -20.190149 16.082247 -0.000000 0.000000 0.000000 1.132414 -1.592382 1.663754 1.942166 -9.607273 -46.798931 18.164721 -23.913490 18.976857 -17.697954 -5.894453 25.229293 -14.614063 11.055368 -30.476032 -20.485044 6.296232 12.388167 -14.185103 27.547220 -24.112416 -23.249169 -11.463067 -1.263260 
38.004002 92.881006 127.019989 176.060052 -22.331260 178.697256 -20.954648 -23.782038 7.611602 24.959537 -33.569839 17.771743 4.885726 20.486084 -3.956670 -0.000000 0.000000 0.000000 -2.410393 3.113759 0.908945 38.892666 15.584731 -8.159533 -16.434207 -24.204963 -3.399293 -0.000000 0.000000 0.000000 12.549147 1.595884 -6.724684 -7.584971 -2.875292 -6.805120 7.993706 -3.843970 -2.580031 10.275726 -34.289807 16.374984 3.802638 -19.224307 17.263836 -0.000000 0.000000 0.000000 0.935622 -2.527246 2.350560 2.184750 -9.351165 -45.532810 19.101998 -23.579712 18.699240 -16.825013 -5.716159 25.566369 -13.207080 11.880902 -32.887490 -21.219358 3.780369 11.216321 -14.884318 24.676209 -22.675571 -24.297926 -11.091120 -0.272101 
41.418201 95.115602 129.307008 176.789789 -24.015040 178.726147 -22.617812 -19.182387 6.278579 30.629651 -37.557770 18.232793 1.132384 10.252732 -1.765554 -0.000000 0.000000 0.000000 -2.507373 -0.099589 1.227124 34.829831 16.355385 -7.433951 -11.886876 -21.380167 -0.652035 -0.000000 0.000000 0.000000 13.690974 2.300964 -5.726149 -7.642194 -2.566994 -7.296573 8.153569 -3.095351 -2.873045 12.608062 -33.740758 15.917636 3.233240 -18.439817 16.673342 -0.000000 0.000000 0.000000 0.494988 -2.833163 2.653783 2.548788 -8.810656 -45.609653 21.727566 -22.651503 18.646444 -15.903871 -5.850793 25.381139 -12.300840 12.345756 -34.134746 -23.038544 2.917452 11.483168 -15.617908 26.136466 -23.869066 -27.141070 -11.110478 -1.345171 
44.258398 97.806799 130.982995 177.405790 -23.154859 177.877578 -20.894585 -16.427975 5.263870 35.495280 -34.636065 17.431730 0.567118 9.637025 -3.502741 -0.000000 0.000000 0.000000 -1.884276 -0.444860 2.535418 28.714893 16.560888 -6.280993 -3.379418 -19.116271 3.204409 -0.000000 0.000000 0.000000 13.124660 3.206482 -5.071327 -7.406122 -1.677794 -6.831113 8.303780 -1.999995 -2.838043 15.740858 -32.700765 16.372111 4.091318 -16.647416 15.603588 -0.000000 0.000000 0.000000 0.190628 -1.698018 1.945960 3.226661 -7.751906 -46.846976 21.400262 -22.909410 18.187728 -14.697110 -5.507700 25.542752 -12.995050 11.939137 -32.793409 -24.381928 4.526654 12.680580 -16.701873 33.410268 -25.968326 -27.855200 -10.055192 -2.407850 
46.820199 100.702202 132.483995 177.706673 -22.042752 176.584391 -18.312198 -15.363520 4.391861 37.911554 -26.623243 13.330120 0.047577 13.888164 -2.260092 -0.000000 0.000000 0.000000 -2.027737 0.371481 4.146207 22.870973 15.776567 -4.835505 8.429374 -16.524164 8.267877 -0.000000 0.000000 0.000000 12.022045 3.807882 -4.835631 -7.065596 -1.185099 -5.741670 8.889346 -1.424676 -2.351964 17.669678 -31.855000 17.138356 5.069219 -14.124284 14.832261 -0.000000 0.000000 0.000000 0.793549 -0.163135 1.352527 3.618719 -6.178457 -49.255690 18.915412 -24.002634 16.956455 -13.358370 -5.323057 27.327684 -13.910530 10.699623 -31.263745 -24.374036 6.789108 14.658259 -14.008811 42.136167 -31.468562 -24.542194 -9.340419 -3.509490 
49.238399 103.304195 134.087002 177.643617 -21.906837 175.330656 -16.056628 -13.677878 3.733585 38.822888 -17.544244 8.243651 1.577279 15.687506 -1.775461 -0.000000 0.000000 0.000000 -3.467074 -0.080892 4.646160 18.389543 12.561779 -2.783263 20.526123 -10.241515 13.652672 -0.000000 0.000000 0.000000 11.348551 3.889984 -4.660784 -6.710440 -1.607078 -4.616279 9.155450 -1.545990 -1.750791 17.803129 -30.145663 17.629247 5.031497 -12.317868 14.169368 -0.000000 0.000000 0.000000 2.085446 0.961612 1.443695 4.092756 -4.366014 -52.680512 17.034416 -24.335939 16.698427 -12.607083 -4.888711 25.617227 -14.776087 9.008620 -30.290217 -25.090894 9.117061 17.064378 -8.373754 49.963322 -39.878465 -21.049288 -8.199962 -5.284931 
51.480097 104.998195 135.694003 177.920404 -22.315291 174.414372 -13.161829 -10.232056 3.044276 39.827697 -12.419237 5.539324 5.409995 15.146630 -3.895822 -0.000000 0.000000 0.000000 -4.842354 -1.557601 4.275884 16.959276 10.881267 -1.611766 24.609335 -2.341348 16.080000 -0.000000 0.000000 0.000000 11.232478 3.673385 -3.924331 -6.228213 -2.350685 -3.803687 8.990190 -1.640170 -1.347095 16.720331 -27.929157 17.297338 3.965645 -11.517977 13.367628 -0.000000 0.000000 0.000000 3.001233 1.120976 1.737564 5.411631 -2.661641 -55.930896 16.635136 -24.316732 16.407926 -12.357362 -5.012691 24.968031 -15.556940 8.173647 -29.840064 -27.000227 10.040314 18.869619 -0.464232 57.200900 -49.543987 -18.742372 -7.164042 -6.391098 
53.585202 105.423200 137.229991 178.301351 -22.941533 173.869008 -9.208968 -6.604216 2.148848 39.522733 -13.015289 4.629741 6.497744 13.549375 -3.959542 -0.000000 0.000000 0.000000 -6.723200 -1.601202 3.828285 20.110412 11.507968 -1.576614 20.892738 -1.400082 14.947795 -0.000000 0.000000 0.000000 10.837306 2.707168 -2.705076 -6.221308 -2.280054 -3.402125 9.209575 -1.453385 -1.286791 15.467677 -26.735280 16.585391 3.462676 -10.650470 12.170628 -0.000000 0.000000 0.000000 3.410516 1.161543 1.636858 6.718248 -0.937047 -58.122936 17.237632 -24.591884 16.233597 -13.067697 -4.865053 24.944265 -15.819117 8.276985 -29.580894 -28.662994 10.164749 19.755113 9.813263 62.894766 -61.420156 -15.384064 -6.508892 -7.359501 
55.753797 104.664195 138.733995 178.254728 -24.561031 172.738244 -4.932831 -4.179814 2.420752 36.629740 -14.357259 3.789449 6.691432 12.150688 -4.879339 -0.000000 0.000000 0.000000 -8.886031 -0.128410 3.894078 25.185052 10.043977 -1.764004 14.078207 -7.149223 11.517723 -0.000000 0.000000 0.000000 10.110863 1.262128 -0.895182 -6.379332 -1.636986 -2.943475 9.363510 -1.199618 -1.345900 14.335952 -26.744637 16.146801 3.850267 -10.153564 11.078453 -0.000000 0.000000 0.000000 3.563940 1.398627 0.956149 6.982509 0.382013 -59.521562 16.901877 -24.735831 16.307466 -13.729916 -4.534290 25.155731 -15.920908 8.565819 -28.950438 -29.411321 10.247050 19.856796 22.690470 67.059023 -75.988861 -12.034800 -5.632352 -9.386725 
57.986599 102.825201 140.332985 177.563362 -27.071781 171.058167 -1.269616 -3.057102 3.447637 32.224480 -13.204970 2.793500 8.631195 12.675245 -5.980622 -0.000000 0.000000 0.000000 -11.347806 1.442934 4.045447 30.629042 7.882087 -1.877460 8.505143 -12.446411 6.205211 -0.000000 0.000000 0.000000 9.030593 0.239271 1.075116 -6.201181 -0.962183 -2.354022 9.117086 -1.069944 -1.325873 13.301870 -27.490156 15.856197 4.037382 -10.121000 10.575489 -0.000000 0.000000 0.000000 3.302056 1.404406 0.125745 6.550144 1.217075 -60.399346 16.079645 -25.097222 16.484947 -13.515856 -3.893814 24.982450 -15.624754 8.772155 -28.161052 -29.715632 9.837494 19.385330 37.719147 69.661147 -92.617517 -11.031044 -4.589482 -10.732253 
60.239697 99.825203 142.056000 175.905061 -30.081354 169.066279 1.086960 -2.828363 4.292150 28.737799 -12.025115 2.136842 2.160159 15.727370 -2.285024 -0.000000 0.000000 0.000000 -14.533523 2.353278 3.771229 36.521364 6.609325 -2.001387 3.397553 -17.357464 1.879142 -0.000000 0.000000 0.000000 7.306317 -0.271341 2.617764 -6.144620 -0.516793 -1.712650 8.920197 -1.146736 -1.154114 12.415284 -28.741449 15.760588 3.474215 -10.183627 10.268628 -0.000000 0.000000 0.000000 3.353709 0.974080 -0.144573 5.484118 1.693507 -61.246835 16.103394 -25.603861 16.409137 -13.794712 -3.950486 25.306214 -15.002341 8.908766 -27.915480 -29.594100 8.970743 18.994035 50.272730 69.777541 -106.263943 -9.821250 -3.693343 -12.432007 
62.597400 95.907605 143.826997 174.020038 -33.627593 167.208905 2.108400 -2.134506 5.897358 26.507085 -10.785616 1.722846 -16.291312 18.940397 5.124098 -0.000000 0.000000 0.000000 -17.156617 2.946672 3.176945 41.786223 7.009844 -2.281929 -1.147686 -19.874725 -0.167434 -0.000000 0.000000 0.000000 6.109176 -0.599841 3.413726 -6.782451 -0.558810 -1.145381 9.153813 -1.367744 -0.831187 10.925012 -29.245203 15.867011 2.481878 -11.008805 9.732254 -0.000000 0.000000 0.000000 3.360326 0.217838 -0.095119 4.409943 1.793805 -61.661299 17.587083 -26.018063 16.663200 -13.978233 -4.343770 25.630865 -14.795669 8.650412 -27.579018 -29.633151 8.676205 18.759634 55.435737 68.500903 -111.441362 -7.717844 -2.672501 -15.097858 
65.027297 92.220408 145.281994 173.833560 -38.012394 167.696007 0.672764 -1.070065 6.733866 29.750719 -14.526404 3.242111 -32.264974 15.544491 11.630794 -0.000000 0.000000 0.000000 -16.919274 2.852649 1.616816 46.808857 10.226058 -3.609092 -13.064303 -17.590353 -0.511648 -0.000000 0.000000 0.000000 7.067799 -0.607054 1.954703 -7.132469 -1.528146 -0.805860 8.955409 -1.665008 -0.746020 9.371753 -27.744034 17.233981 1.968640 -13.959321 9.557336 -0.000000 0.000000 0.000000 2.867521 -0.836606 0.069813 3.583196 1.123116 -60.644867 19.554779 -25.947790 16.569425 -14.254681 -4.565640 26.279869 -14.940707 8.338318 -26.512980 -29.504395 7.851999 19.327579 57.110412 67.686527 -112.751440 -7.154962 -1.410327 -17.808988 
67.578596 89.362603 146.417010 173.790939 -43.279362 169.247853 -3.067415 -2.061004 5.230138 37.023191 -19.496938 6.701230 -42.767877 15.171579 17.002201 -0.000000 0.000000 0.000000 -16.660887 2.536122 -0.358102 52.150438 13.206439 -4.794721 -23.569159 -15.135001 0.696566 -0.000000 0.000000 0.000000 8.609499 -0.548943 -0.724977 -6.998618 -2.970195 -0.557287 8.276721 -2.260338 -0.849802 8.093184 -26.181142 18.883733 1.874500 -17.271792 9.748591 -0.000000 0.000000 0.000000 2.135312 -1.912017 -0.010127 2.753215 -0.274166 -58.470327 21.336418 -26.054424 16.371513 -14.957267 -4.003930 26.264009 -15.701677 7.790949 -24.926684 -28.716290 7.438881 19.971335 55.770611 67.357817 -111.039421 -8.243662 -1.258294 -19.340863 
70.156896 87.808502 146.962988 173.684375 -47.154157 170.360040 -8.359475 -6.467416 2.346956 47.049180 -18.943143 10.051671 -45.233850 16.518900 18.352019 -0.000000 0.000000 0.000000 -17.123138 3.744696 -0.843153 56.655102 14.023385 -5.488171 -27.877926 -12.537308 1.620683 -0.000000 0.000000 0.000000 9.592378 0.381267 -3.128009 -6.176640 -4.069871 -0.082758 6.948123 -2.655477 -1.293020 8.021253 -24.877786 20.521427 1.514708 -20.381587 10.126229 -0.000000 0.000000 0.000000 1.335225 -2.794923 -0.435664 2.423978 -2.485955 -56.561799 21.008640 -25.973081 16.567300 -13.690181 -3.710566 25.738759 -16.402402 7.193516 -22.964387 -27.145886 7.772861 20.733085 52.093276 66.945376 -107.379519 -10.259915 -1.401798 -19.870019 
72.851795 86.990005 147.024000 174.156300 -48.641743 170.233777 -12.646769 -10.462911 2.045389 54.597534 -17.201901 10.461818 -44.055978 18.427338 17.531124 -0.000000 0.000000 0.000000 -18.809691 6.054927 1.532172 61.227557 14.482316 -6.373292 -28.709112 -11.063283 2.173113 -0.000000 0.000000 0.000000 10.977392 1.304722 -3.526996 -6.055604 -3.522951 0.340823 6.273170 -2.245119 -1.410376 6.708493 -24.735756 20.683459 1.019124 -22.143096 10.370517 -0.000000 0.000000 0.000000 0.435281 -3.280999 -0.506449 2.353224 -4.300456 -56.186614 20.636081 -26.969761 17.751035 -13.474916 -3.893208 25.300810 -16.422987 7.445746 -22.184669 -26.210479 7.583554 19.947537 43.848270 66.205563 -98.722972 -11.371709 -1.403434 -19.925966 
75.494903 86.584902 146.775997 174.698071 -49.538542 170.307092 -14.374177 -11.621382 2.930562 57.358602 -17.086972 11.815257 -43.273813 18.757026 16.306617 -0.000000 0.000000 0.000000 -20.902517 7.105573 2.865010 65.023098 14.419195 -7.212102 -28.205089 -11.728974 1.790090 -0.000000 0.000000 0.000000 12.181649 1.046939 -3.480299 -5.964600 -2.428978 0.192398 6.128098 -1.692741 -1.337911 4.987759 -25.594942 20.351132 -0.117615 -22.151138 10.901787 -0.000000 0.000000 0.000000 0.270536 -3.451185 -0.524142 2.411208 -4.967866 -56.110101 21.014257 -29.377971 19.800120 -14.389244 -5.058658 26.983542 -15.893745 8.485222 -22.707983 -26.049404 7.201545 19.317512 32.560900 64.986014 -86.854103 -10.862989 -2.324892 -18.543724 
78.201300 86.449009 145.936000 174.567559 -51.560300 170.838276 -14.594605 -11.717402 4.230608 55.953983 -18.998272 12.872000 -43.943151 18.792950 16.518041 -0.000000 0.000000 0.000000 -22.469609 6.777888 2.028042 67.135252 12.875799 -7.930390 -27.640439 -14.587483 -0.537232 -0.000000 0.000000 0.000000 12.813154 0.337404 -4.342736 -5.966462 -2.017046 -0.527843 6.261457 -1.961711 -1.145755 4.024921 -26.839968 20.308805 -0.960167 -21.594295 11.874505 -0.000000 0.000000 0.000000 1.108675 -3.568453 0.044414 2.411275 -5.009806 -55.246163 23.666275 -31.423265 22.354307 -16.157427 -5.995931 27.965994 -15.365011 9.450737 -24.108380 -25.873972 6.982528 20.048842 20.642297 62.367543 -73.592239 -12.289656 -3.057100 -16.921438 
80.895597 86.686909 144.647992 173.561705 -54.755691 170.962394 -15.046443 -12.542867 5.326045 53.600479 -21.147999 14.107675 -42.493501 18.709628 15.220253 -0.000000 0.000000 0.000000 -23.069892 6.025886 0.136455 66.642276 10.835554 -8.548901 -25.982740 -17.725228 -2.609268 -0.000000 0.000000 0.000000 13.010759 -0.079454 -5.142364 -5.914740 -2.257516 -1.409063 6.000704 -2.643356 -1.155050 4.040678 -28.513496 20.281522 -1.631028 -21.163823 13.120883 -0.000000 0.000000 0.000000 1.872134 -4.057529 0.295506 2.450385 -5.330648 -53.565489 25.462387 -32.149690 23.584057 -16.200805 -6.490625 28.383451 -14.880770 10.297515 -25.450281 -24.971357 6.627847 20.297838 11.029177 58.919884 -61.863035 -13.420254 -4.488319 -14.456104 
83.525002 87.445003 142.851996 172.897647 -58.487209 170.901510 -14.735599 -13.450563 6.999346 50.242363 -23.840021 15.507999 -38.640625 19.228846 12.745847 -0.000000 0.000000 0.000000 -21.779375 5.253273 -1.032288 63.555424 10.491324 -9.136999 -22.570319 -19.474573 -2.923429 -0.000000 0.000000 0.000000 13.384983 -0.154200 -5.286550 -6.048678 -2.372720 -2.256595 6.013686 -3.021063 -1.099088 3.914391 -30.504138 19.647654 -1.987761 -21.245304 14.507927 -0.000000 0.000000 0.000000 1.963484 -4.845423 0.679058 2.037154 -6.262056 -52.387518 26.034663 -31.303930 23.220011 -15.895091 -6.361234 27.817229 -14.252450 11.088146 -26.802073 -23.803513 5.321417 19.285125 4.805596 54.507207 -52.480498 -14.030188 -5.923789 -11.543630 
86.195099 88.865602 140.343988 173.057078 -62.429859 171.117359 -12.552659 -12.554195 10.503308 43.025150 -27.254056 16.524820 -32.201725 18.888305 7.719690 -0.000000 0.000000 0.000000 -18.966474 4.219872 -0.892936 59.624858 12.653082 -8.847761 -20.475506 -18.304280 1.476320 -0.000000 0.000000 0.000000 13.709623 -0.284660 -5.476075 -5.987271 -2.329558 -2.874353 6.430231 -3.073661 -0.845233 3.255252 -31.035248 18.809273 -2.086051 -22.595333 15.363724 -0.000000 0.000000 0.000000 1.556050 -5.317677 1.841784 1.227646 -7.433943 -52.385478 25.541348 -29.320758 22.062629 -16.858086 -7.079462 26.734846 -13.616708 11.464892 -28.250597 -23.201954 3.863222 18.149411 0.953374 49.441169 -44.610260 -16.270578 -7.415595 -8.537568 
88.996398 90.988600 137.214005 173.914224 -66.873571 171.749108 -9.913622 -11.515927 14.432751 33.459143 -30.266856 16.249174 -20.389723 18.390569 0.801156 -0.000000 0.000000 0.000000 -15.542680 2.738159 0.365416 53.839062 13.608009 -6.225385 -18.416566 -18.539359 1.675580 -0.000000 0.000000 0.000000 14.153487 -0.803111 -5.789316 -5.901356 -2.440238 -3.509728 6.856810 -3.337421 -0.382065 3.603676 -31.707756 17.877406 -1.365430 -22.737136 16.503296 -0.000000 0.000000 0.000000 1.476766 -5.524363 2.813780 0.917555 -7.782023 -52.215257 24.451914 -28.363146 21.340098 -17.215577 -5.864679 26.903296 -13.042734 12.094929 -29.586348 -23.260337 2.637620 17.699758 -3.314516 45.634346 -37.407539 -19.642908 -9.258284 -5.605221 
91.939694 93.763405 133.930993 172.506439 -71.459130 170.838315 -9.738039 -11.927989 15.582722 24.682212 -28.074373 14.685265 -2.903888 19.195390 -6.270010 -0.000000 0.000000 0.000000 -13.068281 0.248454 0.775539 46.188129 10.953603 -2.181985 -14.081942 -18.199890 1.900566 -0.000000 0.000000 0.000000 13.998012 -0.683419 -6.717368 -5.154195 -3.165383 -4.055113 6.371083 -3.937627 -0.412444 5.065135 -32.081485 17.782920 -0.335939 -22.849095 17.715018 -0.000000 0.000000 0.000000 1.759094 -5.434232 2.876778 1.000925 -8.313727 -50.635526 23.150348 -28.040956 20.862161 -17.394646 -6.068253 25.772739 -12.746015 11.859183 -29.773192 -23.069141 2.209000 17.482483 -5.632859 42.445497 -34.024528 -21.104036 -9.885945 -2.575938 
94.767302 96.938002 130.919003 167.520113 -74.924700 166.947033 -12.258608 -11.419498 13.616554 19.237653 -22.139901 12.028474 10.560103 19.595431 -5.576413 -0.000000 0.000000 0.000000 -12.390833 -2.377146 0.970962 39.226269 9.265898 -0.755917 -5.118829 -16.335499 4.343264 -0.000000 0.000000 0.000000 13.282291 -0.079832 -7.598668 -5.284777 -3.596670 -4.804362 6.306326 -4.446713 -0.902825 7.070215 -33.615411 18.090035 1.666343 -22.003074 19.117413 -0.000000 0.000000 0.000000 1.937327 -4.780013 1.826883 1.112747 -8.682127 -48.565186 22.475096 -28.153310 20.476154 -15.369963 -4.709453 25.810323 -12.337478 10.739178 -29.290985 -22.408745 1.835027 17.599057 -7.224596 42.500080 -33.913077 -21.781412 -9.468135 -1.504416 
97.101092 100.221193 128.274989 169.154976 -76.344323 168.204884 -12.990011 -8.512344 12.224237 21.878073 -24.028066 9.467855 6.121200 11.610883 -2.668530 -0.000000 0.000000 0.000000 -10.518055 -4.020697 1.973144 32.382120 9.909475 -0.568248 7.610326 -12.214420 10.658883 -0.000000 0.000000 0.000000 13.992631 0.421261 -7.135100 -5.922960 -3.403518 -5.097891 6.479002 -3.900780 -1.090503 8.735953 -34.846124 18.068043 2.336485 -21.058724 19.293200 -0.000000 0.000000 0.000000 1.567508 -3.883151 0.438889 1.227607 -7.950648 -48.831381 21.233811 -27.776261 19.903194 -13.213624 -4.487121 25.674216 -12.441113 9.936766 -28.583908 -22.224379 1.287967 17.166279 -6.379500 45.891959 -36.348060 -21.009744 -9.559366 -0.077247 
99.112499 103.161192 125.878990 174.024191 -75.943132 171.982142 -10.982649 -7.417273 10.434287 24.543900 -21.538521 6.422108 5.829352 9.810934 -5.308428 -0.000000 0.000000 0.000000 -8.254088 -3.794110 2.469337 25.392846 10.270045 0.605911 20.016712 -4.208508 16.745179 -0.000000 0.000000 0.000000 14.245167 1.283312 -6.322450 -5.766305 -3.097347 -4.638854 6.388736 -3.026288 -1.044248 9.711380 -34.827114 17.452921 2.094871 -20.589086 18.351106 -0.000000 0.000000 0.000000 1.332120 -2.717376 -0.215983 1.806923 -7.238200 -51.498847 18.401960 -27.233014 19.104214 -12.445523 -4.016911 23.865297 -13.330536 8.957527 -27.359916 -22.621059 2.227668 16.538554 -3.205844 50.782007 -41.120975 -19.829266 -9.736483 1.684405 
101.055992 105.056202 123.570991 176.572643 -74.607305 173.340515 -8.721634 -6.529578 8.226991 27.142694 -17.025662 4.747413 6.012317 12.254199 -7.945920 -0.000000 0.000000 0.000000 -7.585833 -3.686487 2.478825 22.217440 10.988662 0.772330 22.424440 4.620130 20.577881 -0.000000 0.000000 0.000000 13.295740 2.327705 -5.030027 -5.644139 -2.914304 -4.086380 6.666448 -2.248554 -1.088073 9.692696 -33.263162 16.409221 1.229105 -20.562847 16.482595 -0.000000 0.000000 0.000000 1.135260 -1.563826 -0.255440 3.276981 -5.971357 -54.699220 16.603903 -27.177916 18.226421 -11.523887 -3.684451 23.593296 -14.462823 8.084200 -26.456830 -23.975244 3.534624 16.242453 2.599036 55.963876 -47.441980 -18.170180 -9.220602 2.085358 
103.024995 105.702198 121.325994 177.571191 -73.293555 172.951647 -6.822280 -4.938926 6.646409 29.653130 -16.044546 4.367045 6.064915 10.662763 -8.445897 -0.000000 0.000000 0.000000 -8.338076 -2.767733 2.898126 23.446689 11.430783 0.005603 17.723260 3.955309 19.096582 -0.000000 0.000000 0.000000 11.819475 2.134594 -2.851288 -5.774494 -2.282259 -3.655834 6.954897 -1.645887 -1.174817 9.711854 -32.454655 15.089903 0.206494 -19.045087 14.337066 -0.000000 0.000000 0.000000 1.728017 -0.201079 -0.504451 4.874362 -3.699512 -57.792970 16.901048 -27.772617 18.636973 -12.291058 -2.326130 21.484461 -14.354805 8.012651 -26.392172 -25.756498 4.439160 16.182421 9.257895 60.871001 -55.133976 -16.817083 -8.510200 2.149008 
104.943001 105.154204 119.169998 178.174800 -72.820564 172.240322 -4.429796 -4.123540 5.262710 30.414941 -19.109362 4.849096 7.044045 7.317629 -9.140452 -0.000000 0.000000 0.000000 -9.315282 -1.331386 2.601843 26.176600 10.236255 -0.736328 11.954282 -2.906520 14.347003 -0.000000 0.000000 0.000000 10.337178 1.186786 -0.388146 -6.067253 -1.422320 -3.258383 7.538620 -1.275902 -1.203754 9.443765 -32.737792 13.819701 0.057754 -16.852723 12.426558 -0.000000 0.000000 0.000000 2.684152 1.027218 -1.137063 6.422054 -1.802446 -60.759965 17.353667 -28.488900 19.552830 -14.348956 -0.914329 20.841697 -14.206400 8.323146 -26.419680 -26.897258 5.015470 15.734800 17.023154 65.320852 -64.314920 -15.681666 -7.426255 2.323713 
106.869006 103.496194 117.051995 177.709474 -73.256109 170.482177 -1.703699 -4.403458 4.573335 29.066269 -21.929472 5.180462 7.683004 6.204900 -9.539491 -0.000000 0.000000 0.000000 -10.375167 -0.256342 1.395587 29.001230 8.087639 -1.409178 7.457620 -9.036746 9.377068 -0.000000 0.000000 0.000000 8.849036 0.524187 1.935441 -6.310833 -0.750642 -2.703372 7.988976 -1.155255 -0.985163 9.205015 -33.490409 12.925874 -0.059279 -15.125469 10.908656 -0.000000 0.000000 0.000000 3.582207 2.001980 -1.654848 7.575135 -0.255866 -63.908782 17.272585 -29.325382 20.015569 -16.418264 0.426545 20.980267 -14.355146 8.461257 -26.403782 -27.755772 5.131387 15.015188 27.766244 68.923178 -76.309529 -14.251562 -6.790333 2.228291 
108.866990 100.636196 115.029991 174.159552 -74.176572 165.932836 0.258971 -5.692507 4.383659 27.327462 -19.484531 4.600192 -1.877664 14.147359 -1.762464 -0.000000 0.000000 0.000000 -12.402448 0.710328 -0.973774 32.441779 6.860295 -1.692596 3.161527 -15.624021 5.914523 -0.000000 0.000000 0.000000 6.857476 0.308157 4.050993 -6.954042 -0.084806 -2.052756 8.628535 -1.227175 -0.656270 8.717328 -35.325969 12.337166 -0.278538 -13.152211 9.559009 -0.000000 0.000000 0.000000 4.790907 3.007556 -1.971744 7.832327 1.350330 -66.542332 18.569927 -30.367740 19.768266 -17.936829 1.383557 21.903720 -14.263274 8.063093 -26.684701 -28.164617 5.058096 14.042158 39.987860 70.791474 -90.181030 -11.745038 -6.038555 0.495284 
110.901999 96.951306 112.995005 171.048499 -75.817453 162.204087 0.870008 -5.025938 5.882165 27.988654 -16.246464 4.632885 -18.315116 18.066851 6.551233 -0.000000 0.000000 0.000000 -13.726136 1.211094 -4.283124 36.156813 7.212608 -2.501153 -0.747287 -19.432298 3.863900 -0.000000 0.000000 0.000000 5.547314 0.382164 5.352279 -7.240762 0.149863 -1.326624 8.717829 -1.329301 -0.271534 8.119631 -36.447165 12.426330 -1.087875 -12.325729 8.356272 -0.000000 0.000000 0.000000 5.894273 3.314325 -2.653976 7.701646 2.858798 -68.301042 20.297838 -30.677789 19.599433 -18.059237 1.282369 23.162059 -14.202217 7.357542 -26.345786 -28.984571 4.957148 12.866276 51.957322 71.452009 -103.685437 -9.607709 -4.961523 -1.686957 
112.922990 93.324500 110.637999 171.022364 -79.059589 162.610604 -1.236359 -3.518316 7.230211 33.582989 -18.001164 7.080321 -30.868234 15.025626 11.785280 -0.000000 0.000000 0.000000 -12.518545 0.528621 -8.459781 38.672416 9.232627 -4.674927 -4.032223 -20.132279 2.787304 -0.000000 0.000000 0.000000 6.126719 0.616438 4.690503 -7.457330 -0.675705 -0.831899 7.980543 -1.608909 0.006500 8.534305 -36.729592 13.661579 -1.440086 -12.555397 8.155469 -0.000000 0.000000 0.000000 6.474396 2.904927 -4.089236 7.368643 4.170668 -68.040773 21.522895 -29.770314 18.686927 -17.390985 1.126302 25.973749 -14.378378 6.720317 -24.836982 -29.334627 4.169701 12.820637 65.971769 71.191812 -119.600278 -8.421079 -4.168530 -4.217061 
114.971995 90.279704 107.929003 169.088121 -83.192121 162.244271 -4.361523 -5.454554 6.452231 41.485383 -21.570492 10.536447 -39.681448 15.825335 16.056890 -0.000000 0.000000 0.000000 -10.029899 0.286211 -12.701189 39.608652 11.101806 -6.903386 -5.539328 -20.542136 3.661683 -0.000000 0.000000 0.000000 7.058256 1.434932 2.544406 -8.059099 -2.055641 -0.497734 7.512523 -2.174652 -0.001532 8.445217 -36.677504 15.050727 -0.075285 -14.608587 8.422102 -0.000000 0.000000 0.000000 6.177986 2.390138 -5.353987 6.110745 4.224024 -66.595921 21.360620 -26.814659 16.180431 -16.112685 0.871019 28.760237 -15.450850 5.431428 -22.189596 -28.236713 3.419865 13.072308 77.542230 69.259819 -133.283985 -8.642939 -2.851839 -8.469940 
116.733003 88.436103 104.440999 163.660459 -85.840127 157.897719 -7.443545 -7.987617 6.752597 47.328672 -21.099339 12.449770 -41.922755 15.783105 15.758376 -0.000000 0.000000 0.000000 -7.203455 1.517853 -13.876020 39.716127 12.847699 -9.523001 -7.877592 -20.786505 3.267514 -0.000000 0.000000 0.000000 6.749281 2.361469 0.445903 -7.712590 -3.015472 -0.015587 6.508455 -2.441037 -0.217218 9.194990 -35.954249 15.957864 1.087923 -16.723612 8.582641 -0.000000 0.000000 0.000000 5.746330 2.318976 -6.463346 4.844019 4.300832 -65.284210 18.889937 -23.151957 13.786281 -14.938777 1.553790 28.878720 -15.953559 4.139130 -19.285854 -27.033242 3.112004 13.466928 84.196898 67.122030 -141.986248 -9.144119 -1.737951 -10.798364 
118.194997 87.859410 99.947900 165.154011 -86.446226 159.600671 -8.072716 -8.201029 10.480497 47.267344 -21.154316 12.057828 -40.383186 15.481748 12.706807 -0.000000 0.000000 0.000000 -4.774340 4.283061 -11.374247 41.017787 17.724900 -12.992204 -9.629267 -19.754230 2.895163 -0.000000 0.000000 0.000000 6.183993 2.336002 -1.188518 -7.531964 -2.976400 0.349688 6.516850 -2.253047 -0.124769 8.290469 -34.480672 15.499671 2.251479 -17.886131 8.742953 -0.000000 0.000000 0.000000 5.484457 2.909798 -6.767350 4.372023 5.025018 -64.448973 15.736485 -21.507582 11.431011 -16.151442 1.729883 29.676261 -16.083178 3.164943 -17.562318 -26.388905 3.296675 13.561305 88.827848 66.553596 -147.061856 -10.864414 -1.415576 -14.879369 
119.480002 88.466102 94.646794 153.312218 -87.794596 148.356083 -7.009589 -6.904910 14.813167 41.542422 -22.995118 12.261240 -34.958806 15.615864 7.811841 -0.000000 0.000000 0.000000 -3.193114 5.346131 -8.564399 40.470805 19.371365 -13.420630 -14.235880 -22.777317 2.871791 -0.000000 0.000000 0.000000 5.382042 1.241225 -3.018922 -7.415144 -3.052859 -0.075434 6.809495 -2.579365 -0.190713 7.258395 -33.111532 14.963999 3.049482 -18.292967 8.951318 -0.000000 0.000000 0.000000 5.933209 3.691448 -6.341694 4.108273 5.811962 -62.623342 16.268772 -21.012874 10.423724 -16.835395 1.060317 29.654635 -15.966081 2.502681 -17.753500 -25.750298 2.820553 13.175800 89.154534 67.091234 -146.685989 -12.329526 -0.358981 -17.524307 
120.690000 90.174907 88.659298 38.043893 -88.285868 33.520409 -5.903443 -6.162523 18.649763 33.688903 -24.633414 13.277323 -22.598514 16.320227 0.597581 -0.000000 0.000000 0.000000 -2.558756 3.263119 -5.985429 38.002578 16.993324 -9.709431 -16.951315 -23.951385 0.451619 -0.000000 0.000000 0.000000 5.238249 0.410669 -4.715580 -6.804520 -3.825484 -1.114221 6.450177 -3.674811 -0.323523 6.869343 -32.339741 14.825852 3.067911 -18.806056 10.084121 -0.000000 0.000000 0.000000 6.202825 3.833397 -5.574846 4.405281 6.053986 -60.327333 17.381881 -21.517613 11.190095 -16.568936 0.402727 29.684355 -16.057982 1.840372 -19.630542 -25.393141 0.826006 11.728613 86.213287 68.314001 -142.085107 -14.144938 -0.275511 -17.411208 
121.992993 92.794901 82.523799 18.336491 -85.509740 14.794379 -5.394914 -7.279438 19.117775 26.020785 -22.204370 14.000994 -4.380117 19.135066 -4.982652 -0.000000 0.000000 0.000000 -3.305208 0.619301 -4.186492 35.395739 13.509436 -6.483463 -14.367741 -21.811787 0.836795 -0.000000 0.000000 0.000000 5.205578 0.365567 -6.741954 -6.326534 -4.451305 -2.699910 6.236984 -4.880269 -0.874565 7.603368 -32.274675 15.481497 3.222123 -19.355605 12.131061 -0.000000 0.000000 0.000000 6.204973 4.147687 -4.835069 4.582174 5.335743 -57.562285 16.107871 -22.937430 12.125457 -16.264455 0.100088 30.525465 -15.932651 0.683047 -22.034887 -24.358485 -1.532440 10.398408 83.005728 70.503431 -137.348996 -18.657079 0.625799 -17.394155 
123.247004 95.922303 76.850194 13.534473 -84.402845 10.976442 -4.727203 -8.372964 17.634577 19.625512 -17.210076 11.717868 8.925264 23.040880 -3.303621 -0.000000 0.000000 0.000000 -3.690741 0.125840 -1.878285 32.662738 13.696997 -5.212214 -7.480620 -21.738833 1.809994 -0.000000 0.000000 0.000000 5.293503 0.095180 -7.774145 -6.433299 -3.989976 -4.446788 6.916991 -5.296253 -1.751074 8.569927 -34.372328 15.593969 4.184215 -17.855228 13.930356 -0.000000 0.000000 0.000000 6.097214 4.825811 -5.040859 4.214665 4.508867 -54.598960 14.960145 -24.801349 12.548315 -15.055526 -0.208436 31.724748 -15.377591 -0.009550 -24.241405 -22.961872 -3.221174 8.562885 74.960712 71.766034 -128.935955 -17.274067 1.752245 -18.138443 
124.178004 99.163204 71.927595 -2.496322 -84.198801 -5.643382 -4.545839 -5.470264 17.142040 20.112371 -20.859852 8.362762 5.756556 12.544609 -4.310205 -0.000000 0.000000 0.000000 -2.029734 -0.511076 1.180268 28.165971 13.587237 -4.226933 3.099565 -19.936793 6.741491 -0.000000 0.000000 0.000000 6.772517 -0.440668 -6.683995 -6.756335 -3.384597 -5.471054 6.812714 -4.537129 -2.205421 10.806769 -35.857935 15.432491 3.489072 -16.622261 14.115854 -0.000000 0.000000 0.000000 5.343330 5.276881 -5.643919 4.079335 4.145757 -53.798061 14.608243 -25.148442 13.025582 -11.911133 -1.904188 31.422033 -15.121194 0.424930 -26.014378 -23.218057 -3.705755 5.463391 63.287393 72.401649 -114.263985 -11.545714 4.506142 -21.234587 
125.130999 102.194190 67.524296 -19.105582 -84.517917 -22.983880 -3.355471 -3.898242 14.399954 21.644562 -22.793079 5.880342 5.550937 7.971594 -8.140296 -0.000000 0.000000 0.000000 -1.540024 -2.021218 1.703877 24.453628 11.312059 -1.299584 14.374029 -12.433702 13.459021 -0.000000 0.000000 0.000000 8.176275 -0.212985 -5.431878 -7.103655 -2.677530 -6.225586 6.541978 -3.670252 -2.520143 12.978506 -35.690423 16.213196 3.529671 -16.178061 13.837604 -0.000000 0.000000 0.000000 3.911174 5.966775 -5.796441 4.419461 2.940622 -54.635523 12.873521 -25.046594 13.056885 -10.736554 -2.949820 30.460978 -15.942819 0.865214 -27.049458 -23.862246 -1.539596 3.947766 44.720578 71.180817 -91.579011 -5.605267 5.789178 -24.889174 
126.127994 104.224205 63.288897 -43.284681 -86.083823 -48.481731 -1.602500 -3.324257 11.023400 22.949516 -21.715921 5.521476 6.073149 8.699339 -11.261500 -0.000000 0.000000 0.000000 -2.389878 -4.177779 1.663408 23.449377 9.406408 0.510169 18.601557 -2.221788 17.778846 -0.000000 0.000000 0.000000 8.205387 0.735695 -3.411660 -7.037481 -1.664218 -6.832165 6.122091 -2.629368 -2.760681 14.832378 -34.262312 17.342903 2.678880 -15.783135 13.354418 -0.000000 0.000000 0.000000 2.491021 6.359687 -4.598539 5.204861 1.383279 -57.568201 11.437104 -24.214491 13.508413 -11.630818 -3.231212 28.858318 -16.710262 2.256680 -29.189132 -25.587608 2.035013 4.921802 20.254654 64.864464 -61.785834 -4.119560 4.333715 -24.007166 
127.242994 104.874194 59.075296 -110.743464 -87.133140 -117.606575 -0.935448 -3.635306 8.541778 24.341111 -22.703450 4.911247 5.771033 6.520238 -11.626325 -0.000000 0.000000 0.000000 -4.801048 -4.257337 2.526338 24.885220 8.917291 0.087783 15.234067 -1.622997 16.167110 -0.000000 0.000000 0.000000 6.235124 1.049867 -1.133613 -7.034675 0.161931 -6.784224 6.453377 -1.542980 -2.804228 16.115411 -33.364638 18.114338 2.590039 -14.135484 12.275250 -0.000000 0.000000 0.000000 1.567588 7.522306 -3.146150 5.687198 -1.116454 -61.247304 11.537655 -22.384927 14.570634 -14.156303 -3.186048 27.574089 -16.940524 4.297822 -31.812574 -27.462247 7.842995 7.034317 2.880037 50.100878 -39.318423 -4.746008 1.045485 -17.642947 
128.248990 104.416192 54.968297 -140.363606 -84.803922 -148.460153 0.294420 -5.685671 5.922714 24.872104 -26.527324 4.711345 5.166603 4.470220 -12.221735 -0.000000 0.000000 0.000000 -6.050901 -2.706960 2.613905 25.754140 6.611875 -1.209612 13.005238 -8.039300 13.409931 -0.000000 0.000000 0.000000 5.029672 0.750219 1.194050 -7.529636 2.145978 -6.944995 7.422662 -0.712732 -3.037077 17.823539 -33.675960 19.389631 3.490051 -11.809065 11.725577 -0.000000 0.000000 0.000000 0.765984 8.675215 -2.088996 5.835724 -4.460675 -63.705292 11.940288 -20.402535 15.183936 -17.610821 -3.253784 26.417022 -17.289694 6.288751 -34.814819 -26.922650 13.068830 9.682677 -4.130059 32.561493 -27.384634 -5.686728 -4.122220 -10.347995 
129.218996 102.969193 51.025903 -139.337236 -83.752217 -147.941431 1.123007 -9.325247 2.869639 25.850528 -29.262462 5.226451 2.508135 8.323747 -6.158625 -0.000000 0.000000 0.000000 -6.438378 -1.649306 0.598449 26.074056 4.523076 -1.863606 12.299992 -14.430678 11.353348 -0.000000 0.000000 0.000000 4.779271 0.758664 2.979632 -8.295701 3.453381 -7.432136 8.394893 -0.427780 -3.315334 20.312511 -35.533826 21.221516 4.511966 -9.378130 12.269355 -0.000000 0.000000 0.000000 0.239668 9.018480 -1.187897 5.122502 -7.297165 -65.000422 13.260155 -19.044974 14.987462 -20.187654 -2.737464 25.542802 -16.436159 7.730414 -38.360722 -23.901730 14.386740 12.868417 -5.436153 20.189343 -21.923733 -8.412756 -7.452129 -4.775445 
130.190992 100.475204 47.076401 -128.853498 -84.480908 -138.269556 0.303388 -11.219572 2.216627 30.595666 -25.370159 5.919529 -7.208644 17.494430 2.907768 -0.000000 0.000000 0.000000 -6.659123 -0.947742 -1.865384 27.032138 4.566909 -2.254777 9.692995 -18.750170 9.768601 -0.000000 0.000000 0.000000 4.544600 0.947882 4.318035 -9.370988 3.814857 -7.287706 9.534589 -0.537551 -3.214090 22.209803 -37.521863 23.028975 5.614005 -7.826492 12.913616 -0.000000 0.000000 0.000000 0.378393 8.477658 -1.134207 3.940212 -8.642337 -65.897985 15.894965 -19.049635 15.272708 -21.844072 -2.388915 26.327061 -15.743909 8.358296 -39.721050 -22.538608 14.195033 15.666729 -6.052573 15.220343 -19.752036 -11.147981 -8.860574 -3.999714 
131.104004 97.421908 42.940399 -94.059896 -85.370780 -104.209072 -0.939546 -9.538187 4.949059 36.911164 -24.146682 8.233601 -19.317215 16.236669 8.181881 -0.000000 0.000000 0.000000 -5.529918 -1.449092 -4.437100 28.336449 6.569816 -3.710905 5.307906 -20.390691 7.338113 -0.000000 0.000000 0.000000 4.915531 1.000567 4.646554 -9.708480 3.082120 -6.769390 9.681974 -0.954548 -2.643932 23.312891 -38.526645 24.263520 6.208209 -7.842282 13.682888 -0.000000 0.000000 0.000000 1.084873 6.862073 -1.644064 2.750881 -8.609779 -66.113632 18.556846 -19.986482 15.527080 -21.572881 -2.438501 27.134457 -14.719115 8.519359 -38.910797 -22.524228 11.782373 16.354829 -6.581446 16.717778 -18.891172 -12.024157 -8.754853 -4.691613 
132.102001 94.227803 38.694301 -49.329153 -84.119744 -58.940314 -3.655883 -8.284508 7.496102 43.405729 -27.957954 12.142561 -28.813921 12.798953 10.347872 -0.000000 0.000000 0.000000 -4.000734 -2.286071 -8.126529 29.611830 8.512021 -5.328158 2.520809 -22.416937 5.482082 -0.000000 0.000000 0.000000 5.281186 0.599019 3.710626 -10.119899 1.884842 -6.595069 9.845865 -1.771559 -2.209205 23.667052 -38.977812 24.976501 6.686615 -8.001560 14.456006 -0.000000 0.000000 0.000000 2.187797 5.318399 -2.293503 1.763921 -8.512810 -65.217150 21.950192 -21.311852 15.958598 -22.308372 -3.057785 28.009331 -13.747495 8.323301 -37.737615 -21.649063 9.467392 16.069034 -4.860257 18.292429 -18.913303 -12.274657 -8.261813 -5.534708 
133.052003 91.665900 34.016898 -29.567374 -81.658605 -37.150217 -6.171623 -9.591575 8.065697 47.385392 -30.136026 13.704958 -35.045105 13.308380 13.202234 -0.000000 0.000000 0.000000 -2.288922 -2.439146 -12.351952 30.031717 8.522136 -6.910658 3.385655 -25.150911 6.869297 -0.000000 0.000000 0.000000 5.043941 0.559241 1.388860 -10.126186 0.700563 -6.967109 9.956865 -2.710675 -2.441978 24.134877 -38.999230 25.783349 7.740604 -8.123827 14.919525 -0.000000 0.000000 0.000000 3.210257 4.627518 -2.662309 1.248849 -9.026033 -63.220082 24.453862 -22.148353 16.247743 -21.870572 -4.101122 29.248624 -13.930739 7.783730 -36.895069 -20.246175 9.137339 17.177971 -6.352614 17.765664 -18.572419 -14.462920 -8.647116 -6.391622 
133.753991 90.157700 28.598198 -27.272000 -80.488705 -33.393844 -6.978169 -10.471788 10.202592 48.523222 -30.523936 14.848796 -36.183575 12.722643 11.368581 -0.000000 0.000000 0.000000 -0.358755 -1.782221 -13.926057 30.447571 9.655157 -9.179504 3.629788 -25.871706 6.786144 -0.000000 0.000000 0.000000 4.625364 0.776412 -0.158373 -9.570028 0.466050 -7.627219 9.708927 -2.891585 -2.862171 24.429589 -38.457045 25.702921 8.349523 -8.271596 15.140940 -0.000000 0.000000 0.000000 3.485219 4.816556 -2.706796 1.340772 -8.680718 -61.669507 25.088075 -22.158373 16.425234 -20.831617 -5.191817 29.767083 -14.192233 7.706405 -36.734236 -20.122623 9.196395 18.399996 -8.304679 15.321455 -17.236331 -14.916312 -8.823678 -6.315623 
134.173000 89.739901 22.440799 -32.274035 -80.844473 -37.446602 -5.141071 -11.033110 13.759226 45.224931 -31.007608 14.157486 -33.343273 14.982179 8.918138 -0.000000 0.000000 0.000000 1.221907 0.242650 -12.707165 32.291526 13.462410 -11.395630 1.016881 -24.549104 5.899628 -0.000000 0.000000 0.000000 3.911200 0.962761 -1.053353 -8.823747 1.292761 -8.446832 9.629607 -2.362884 -3.469269 23.600043 -37.259724 24.680037 8.701520 -8.701652 15.150094 -0.000000 0.000000 0.000000 3.100757 5.597325 -2.519117 2.102690 -7.658105 -60.164131 24.330922 -22.220984 16.418766 -20.920811 -5.501123 29.403208 -13.980667 7.791772 -37.021502 -20.385233 8.980481 19.030478 -9.527544 12.557703 -15.733349 -16.495793 -9.409189 -7.200954 
134.703004 90.149510 15.558299 -34.325473 -81.429830 -38.950895 -2.446313 -10.569018 18.619838 38.004687 -31.702650 13.515636 -25.727288 16.960823 2.807751 -0.000000 0.000000 0.000000 0.777063 1.455844 -10.255543 33.788723 13.948798 -10.487096 -5.812349 -26.980938 6.295005 -0.000000 0.000000 0.000000 3.261134 0.551901 -2.234840 -7.997115 2.325195 -9.061479 9.297634 -1.952520 -3.972267 21.128723 -35.697171 23.409403 8.910282 -9.929042 14.908140 -0.000000 0.000000 0.000000 3.184503 6.937551 -2.505279 2.495932 -6.534175 -58.302776 23.570091 -22.261267 16.950806 -22.093563 -7.719515 29.456164 -13.717822 7.541176 -36.856162 -20.744466 8.739900 18.480892 -10.545010 10.947394 -14.880144 -17.889679 -8.946316 -8.768914 
135.475993 91.201305 8.264900 -31.236629 -80.945508 -35.335016 -1.688985 -10.196757 21.456519 33.139869 -31.356446 15.078677 -12.317803 18.796917 -3.157039 -0.000000 0.000000 0.000000 -0.889578 -0.163490 -8.655325 34.454414 12.124223 -6.041614 -12.921738 -25.723691 2.600776 -0.000000 0.000000 0.000000 3.694043 0.245493 -3.743849 -6.865616 2.192084 -9.914632 8.293133 -2.168759 -4.296911 18.335696 -34.156014 21.688369 7.443865 -11.817789 15.402408 -0.000000 0.000000 0.000000 3.224584 7.284622 -1.884950 3.299112 -4.893861 -56.376625 22.808816 -23.020533 17.848636 -22.906212 -7.925376 29.699808 -13.006374 7.255405 -37.005608 -21.689452 6.763355 17.535015 -9.854378 12.127231 -15.517844 -19.306785 -8.180225 -10.464466 
136.331999 92.675501 1.512240 -27.639630 -80.174064 -30.748158 -3.030095 -10.234246 20.361074 32.225731 -29.193294 16.265319 -3.198263 21.153034 -0.837759 -0.000000 0.000000 0.000000 -2.000197 -3.961555 -8.094443 33.483878 10.531591 -2.750880 -16.390746 -21.554818 1.299562 -0.000000 0.000000 0.000000 4.671964 0.608741 -4.805686 -6.779728 1.479662 -11.027400 8.112271 -2.573335 -4.831065 15.915190 -33.665369 19.863962 6.342079 -13.212617 15.790054 -0.000000 0.000000 0.000000 3.171923 7.145515 -1.851442 3.968948 -3.198803 -54.056255 22.350967 -23.682532 18.562525 -22.941980 -7.336373 29.497430 -11.943391 6.791890 -36.706193 -22.710169 4.276508 15.476058 -9.308683 15.984544 -17.727822 -20.844073 -7.352381 -12.518746 
136.960006 94.857204 -4.372530 -34.046064 -81.788437 -37.570369 -3.073645 -9.168085 19.166353 34.584197 -31.193427 15.460244 -5.529142 15.258939 -1.553694 -0.000000 0.000000 0.000000 -1.708484 -5.036659 -4.302253 30.251197 10.814135 -2.653592 -14.637660 -19.174840 2.052851 -0.000000 0.000000 0.000000 4.694166 1.465989 -4.367686 -6.195282 1.380555 -11.080620 7.222133 -2.117353 -5.092765 15.242529 -32.809755 18.882974 4.512500 -13.696840 15.053877 -0.000000 0.000000 0.000000 2.799508 7.427688 -3.023045 4.614675 -0.757448 -53.265815 20.417389 -23.335904 18.919047 -20.082776 -6.949145 28.507482 -11.464088 6.529652 -35.167185 -23.769981 3.095825 12.920543 -8.095276 22.620759 -21.770226 -19.966007 -5.734854 -14.289449 
137.583995 97.702402 -9.702790 -65.101075 -85.092170 -69.651012 -1.151604 -9.109854 16.191810 34.843951 -30.810121 12.077145 -6.094970 12.328285 -4.140758 -0.000000 0.000000 0.000000 -1.967458 -1.808051 -0.011033 26.447371 11.525595 -1.933001 -6.966320 -18.516891 4.751165 -0.000000 0.000000 0.000000 3.536204 1.797115 -3.960595 -5.857426 2.291101 -9.988696 6.976549 -1.136742 -4.974599 14.544018 -31.520836 18.632557 3.534010 -13.004454 13.678355 -0.000000 0.000000 0.000000 2.506318 8.795066 -4.019007 5.231647 0.535945 -54.423684 15.188403 -22.541248 17.703172 -18.442433 -6.265155 27.519008 -12.319492 5.510598 -32.603329 -24.030872 4.838964 11.464930 -7.829290 31.404693 -26.902921 -17.954786 -3.791106 -16.117163 
138.214004 100.732195 -14.526600 -123.798759 -84.463274 -129.412464 0.873032 -8.281551 11.926646 32.156236 -26.972626 8.313293 -3.739175 12.171402 -6.758528 -0.000000 0.000000 0.000000 -2.694558 -1.090825 1.921755 22.739549 10.425338 -0.225299 5.149931 -11.370465 11.403522 -0.000000 0.000000 0.000000 2.563338 2.197621 -3.426354 -5.683813 2.250815 -8.664346 7.260767 -0.490934 -4.458599 13.004458 -29.346211 17.948752 2.316858 -12.299341 12.179301 -0.000000 0.000000 0.000000 2.430245 9.792342 -3.999248 5.943923 1.877641 -57.674630 9.427123 -21.140031 16.058744 -17.389999 -5.230136 25.836391 -13.814185 4.061308 -30.555594 -25.105502 7.199074 11.555462 -4.627668 41.320681 -33.769199 -15.101111 -2.482149 -15.576869 
139.037991 103.088200 -19.080700 -149.810520 -80.686387 -156.939475 1.436472 -5.890963 8.219360 29.990988 -24.806154 5.973141 -1.037292 8.264933 -9.864474 -0.000000 0.000000 0.000000 -4.482501 -2.789943 3.267222 21.455751 9.396664 0.591793 13.722052 -1.095481 17.275545 -0.000000 0.000000 0.000000 2.234885 2.474188 -2.202490 -5.698127 1.414085 -7.150442 7.528275 -0.280028 -3.563367 10.579866 -26.629787 16.390251 -0.444742 -11.442115 10.583089 -0.000000 0.000000 0.000000 2.862673 9.746649 -3.261974 7.098546 3.382207 -62.248000 5.589376 -20.130211 14.507450 -17.811410 -4.079376 24.711558 -14.751520 2.957627 -29.564768 -26.962195 8.400742 11.782463 1.806933 51.457794 -42.236763 -12.545361 -1.874113 -16.528027 
140.093005 104.131198 -23.464398 -159.509398 -76.376978 -167.801534 1.426347 -4.704418 4.728406 28.002892 -24.240854 4.161422 2.073708 5.122543 -12.173173 -0.000000 0.000000 0.000000 -7.002180 -2.813527 4.221418 23.198267 8.724179 0.525063 12.697767 0.119618 17.197809 -0.000000 0.000000 0.000000 2.658008 1.945634 -0.851406 -6.055981 0.662645 -5.756358 8.267852 -0.440182 -2.609733 6.985054 -24.292094 14.198653 -3.430681 -9.489598 8.928441 -0.000000 0.000000 0.000000 3.765935 8.751492 -2.251079 8.835837 4.128768 -66.896150 5.349387 -20.265149 13.615646 -19.732887 -3.055251 24.323471 -15.134474 2.999920 -29.667978 -28.586682 8.586407 12.115686 10.289602 60.298181 -53.982913 -12.480243 -1.947070 -16.825080 
141.042995 103.966200 -27.745101 -160.614004 -73.190926 -170.154180 2.107785 -4.913243 1.929990 25.996218 -23.225175 3.623252 4.423038 5.391711 -11.351228 -0.000000 0.000000 0.000000 -8.458241 -1.450041 4.505709 24.855541 6.672584 0.127581 9.241643 -6.152744 13.850226 -0.000000 0.000000 0.000000 4.405201 0.864878 0.755435 -6.741892 0.113930 -4.573484 9.282919 -0.889218 -1.663033 3.332666 -23.252908 12.002054 -4.747988 -6.880720 7.392078 -0.000000 0.000000 0.000000 4.816101 7.303361 -1.425078 10.169832 3.713234 -70.044975 8.650313 -21.061962 13.203741 -21.524803 -2.454085 23.781664 -15.688883 3.661322 -30.042158 -28.985821 8.444405 12.246503 22.276213 66.681285 -70.007973 -11.897430 -2.379362 -16.379654 
142.022991 102.711201 -31.873000 -160.966457 -71.841860 -171.672628 1.851041 -6.060485 0.194170 25.308567 -21.604811 3.558149 3.435258 8.657633 -5.866309 -0.000000 0.000000 0.000000 -9.963816 -0.516894 3.230152 25.296723 5.297938 -0.068289 9.936369 -11.465618 11.744783 -0.000000 0.000000 0.000000 6.283781 0.122201 2.356426 -7.800415 -0.600377 -3.445935 10.188963 -1.595266 -0.731945 0.710069 -23.452335 9.937251 -5.394615 -3.977560 6.452981 -0.000000 0.000000 0.000000 5.940436 5.648168 -0.986755 10.453639 2.971014 -71.404894 12.383256 -22.987856 12.997542 -22.827051 -1.246289 23.355811 -16.025433 4.177281 -30.016892 -28.900746 8.219522 12.117020 38.987537 71.099354 -90.819513 -11.329708 -3.393137 -15.420744 
142.971992 100.437200 -36.024502 -161.601961 -71.657700 -173.470398 0.969064 -6.442794 0.471328 28.743236 -18.140044 3.714865 -5.013113 15.304935 3.091926 -0.000000 0.000000 0.000000 -11.870465 0.374954 1.018281 26.328117 5.911523 -0.358953 9.567371 -16.097904 9.752760 -0.000000 0.000000 0.000000 7.514946 -0.416601 3.988225 -8.598441 -1.452032 -2.458019 10.939303 -2.364002 0.108652 -0.961744 -24.148599 8.300222 -5.986535 -1.139707 6.037413 -0.000000 0.000000 0.000000 6.995066 3.589105 -0.584846 10.086796 3.180917 -71.411739 16.268830 -25.631810 12.797022 -24.030043 -0.771847 24.355870 -15.909175 4.903317 -29.716595 -29.224368 7.481676 12.258507 58.816240 72.531958 -113.748816 -11.923439 -3.786999 -14.931827 
143.826997 97.627002 -40.329701 -161.597424 -72.353254 -174.113418 0.018986 -5.438609 2.836734 34.927366 -18.036271 5.925949 -17.342099 14.705355 8.008478 -0.000000 0.000000 0.000000 -13.233629 1.070450 -1.954650 27.865143 7.635688 -1.896697 6.094138 -18.905594 7.427841 -0.000000 0.000000 0.000000 8.104334 -0.709059 4.572076 -8.252858 -2.594023 -1.374464 10.831860 -3.015740 0.763911 -1.525738 -23.456527 7.789737 -6.589970 -0.536917 5.468455 -0.000000 0.000000 0.000000 7.506059 1.589450 -0.097658 8.813436 3.869781 -70.392114 19.897773 -26.738941 13.098289 -22.957374 -0.905629 24.334946 -15.634135 5.230742 -28.730039 -29.660410 6.760534 13.039363 74.088247 70.841124 -131.047716 -11.173390 -3.737636 -15.311720 
144.634986 94.672203 -44.823298 -161.693514 -73.562004 -173.760806 -0.667068 -4.726239 5.778643 39.268702 -21.153601 7.650119 -28.024617 12.639992 10.569442 -0.000000 0.000000 0.000000 -13.745962 1.845003 -6.175766 28.592689 10.209767 -3.758567 5.538954 -20.054167 7.029709 -0.000000 0.000000 0.000000 8.468438 -0.911454 3.712433 -7.996328 -3.568194 -0.578917 10.497436 -3.481716 1.141793 -1.278808 -22.696218 8.291431 -6.349820 -1.358077 5.283896 -0.000000 0.000000 0.000000 7.508855 0.590553 -0.126752 7.423224 4.078849 -67.807972 23.369244 -27.597854 14.039778 -22.183376 -1.056097 25.230377 -15.703911 4.811783 -26.636979 -29.426401 6.666927 14.379106 83.093348 67.949687 -141.609299 -9.620751 -3.927213 -16.526788 
145.304000 92.083901 -49.655899 -162.188265 -74.860574 -172.598279 -1.875865 -4.155881 7.560914 42.718292 -22.835848 8.070989 -35.465076 12.369451 13.821459 -0.000000 0.000000 0.000000 -13.429417 2.324167 -11.146594 28.696324 13.573813 -5.937849 7.215724 -18.887458 8.683023 -0.000000 0.000000 0.000000 8.455633 -0.802746 1.428287 -7.762146 -4.418896 -0.162551 9.830044 -3.846031 1.168020 -0.494041 -22.383874 9.119338 -5.099939 -2.927746 5.522462 -0.000000 0.000000 0.000000 7.324904 0.382957 -0.683684 5.573350 4.557088 -64.161684 23.971634 -28.530946 13.862134 -21.828529 -1.068407 26.221221 -16.246105 3.765102 -23.749417 -28.531489 7.230795 16.061280 89.160224 65.282879 -148.813900 -8.728528 -4.149782 -17.148868 
145.945001 90.201807 -54.966098 -162.978848 -76.467968 -172.065841 -3.390508 -3.517279 9.873717 46.103662 -23.602462 10.369100 -38.606171 11.264364 12.785403 -0.000000 0.000000 0.000000 -12.414359 2.198342 -14.269339 29.037207 17.433495 -8.809344 7.348966 -16.198063 9.454344 -0.000000 0.000000 0.000000 8.805373 -0.402977 -0.340156 -7.841289 -5.013813 -0.126095 8.769013 -4.073397 1.049396 -0.618864 -22.124526 9.369309 -3.150048 -5.306311 5.556636 -0.000000 0.000000 0.000000 6.345821 0.469270 -1.626893 3.894035 5.189322 -60.752264 23.021085 -28.982680 13.970100 -20.191417 -0.612937 26.462929 -16.684670 2.898015 -20.715663 -28.100435 7.318057 16.231149 94.986499 63.295719 -155.297068 -8.382066 -4.505174 -17.482623 
146.292996 89.113003 -60.786998 -165.771413 -77.814833 -173.981109 -3.050999 -5.066975 12.673222 45.875145 -24.529520 11.435372 -38.888624 12.844995 11.677745 -0.000000 0.000000 0.000000 -10.362842 4.084099 -14.517297 31.052271 21.309003 -12.061328 4.545279 -15.605150 7.923053 -0.000000 0.000000 0.000000 7.682263 0.015690 -1.352497 -7.314748 -4.906510 -0.181832 8.128444 -3.890245 0.582143 -1.067939 -22.128236 8.881202 -2.471233 -7.682316 5.551882 -0.000000 0.000000 0.000000 5.458368 0.405440 -2.084408 2.184218 5.153134 -58.688967 21.195503 -28.817363 14.374120 -20.206905 -0.582028 26.948228 -16.679755 2.549096 -18.936848 -28.030037 7.070360 15.737159 96.627688 61.395827 -158.139381 -7.737649 -4.006477 -19.657363 
146.483994 88.900399 -67.324597 -169.683974 -79.016185 -176.990596 -0.603511 -5.893539 16.752421 40.514525 -25.951208 11.422054 -35.479448 14.779125 8.590145 -0.000000 0.000000 0.000000 -8.056962 7.116463 -12.532655 35.380126 24.553712 -14.644180 0.744788 -16.382081 8.025098 -0.000000 0.000000 0.000000 5.828132 -0.425826 -2.689146 -6.832131 -4.168039 -0.530780 8.151123 -3.342914 -0.131513 -1.655917 -21.696982 8.671743 -1.203333 -10.218240 5.531769 -0.000000 0.000000 0.000000 4.638143 0.856344 -2.173140 0.940457 4.991360 -56.459757 19.514823 -29.273210 14.653694 -20.786210 -0.178608 27.295993 -16.651890 2.618964 -18.001258 -28.294976 7.624062 15.506197 96.144214 60.390667 -158.861217 -6.194512 -3.547441 -23.436640 
146.645987 89.455807 -74.513900 -173.333222 -81.787094 -179.560168 1.388920 -6.375109 20.791941 34.064976 -26.899738 12.463110 -25.881367 15.827218 1.852193 -0.000000 0.000000 0.000000 -5.708983 7.608963 -10.404726 34.676955 21.605219 -12.242694 -6.031398 -22.114537 8.052394 -0.000000 0.000000 0.000000 4.106009 -1.084697 -4.869687 -6.086946 -3.933458 -1.212447 8.289618 -3.279438 -0.671150 -2.225592 -21.411115 8.830646 0.148759 -12.960067 5.975817 -0.000000 0.000000 0.000000 4.604142 1.346730 -0.911772 -0.643907 4.302257 -54.613903 18.729904 -29.421431 14.849553 -21.888931 -0.692084 26.664723 -16.751659 2.993599 -18.757446 -28.734727 7.897488 15.541977 93.547197 60.720736 -157.362357 -5.335910 -2.784827 -25.474209 
146.914995 90.738899 -81.956100 175.135174 -86.722347 170.244308 -1.113350 -7.591268 22.470609 32.174934 -26.298329 14.493697 -11.486003 16.694867 -2.645411 -0.000000 0.000000 0.000000 -4.551635 3.371886 -8.773081 32.371118 17.157854 -8.204890 -14.079712 -21.733212 4.007049 -0.000000 0.000000 0.000000 3.618289 -0.386539 -7.596449 -5.111089 -5.066277 -2.428403 7.160592 -4.004209 -1.464713 -1.195052 -21.629112 9.826462 0.489728 -16.394958 7.953147 -0.000000 0.000000 0.000000 4.114723 0.905818 0.125737 -1.028926 3.067109 -50.881222 20.258964 -30.335213 15.979072 -21.931947 -0.336894 25.887566 -16.887961 2.985842 -20.359953 -29.549437 6.716937 15.189612 88.197263 61.863578 -151.644080 -5.215839 -2.917097 -25.964925 
147.123992 92.652100 -88.533199 31.563169 -88.285210 28.191426 -4.584728 -8.700226 20.374254 31.818281 -23.194017 14.444631 -4.234139 18.378472 1.904611 -0.000000 0.000000 0.000000 -3.987237 -1.537335 -7.003834 30.634574 14.509884 -5.905960 -15.747813 -20.090613 1.868944 -0.000000 0.000000 0.000000 4.675839 0.785542 -8.889715 -5.588600 -5.617231 -4.522570 6.819244 -4.605728 -2.636266 0.400562 -24.447291 10.531725 2.076726 -17.973826 10.219732 -0.000000 0.000000 0.000000 2.962084 0.235961 -0.221334 -1.374722 1.419993 -47.017406 21.922473 -31.212509 17.368209 -19.218616 0.026337 26.824391 -16.543629 3.574140 -22.548100 -29.397028 4.999201 14.247756 81.154066 63.942900 -144.124837 -5.022889 -2.131610 -26.074563 
147.007990 95.277703 -94.257498 -4.916607 -87.488779 -8.997793 -4.191381 -7.366479 19.072447 31.356395 -23.118010 11.821273 -6.211945 13.425571 -0.090242 -0.000000 0.000000 0.000000 -2.876620 -1.971722 -2.520658 29.691451 13.381680 -4.747071 -9.950827 -19.378740 3.291995 -0.000000 0.000000 0.000000 5.838137 1.386127 -7.828120 -5.369648 -4.282473 -5.508051 6.572683 -3.415380 -3.373730 3.277544 -26.858121 11.395599 2.468701 -18.812722 11.201092 -0.000000 0.000000 0.000000 1.520095 0.160178 -0.881894 -1.570772 -0.110027 -46.998122 21.659455 -30.947856 18.835596 -16.775447 -1.132840 26.040447 -15.746265 4.907302 -24.175713 -29.691378 4.850165 13.380308 69.503395 65.764121 -131.022841 -3.380400 -0.804071 -27.223932 
146.775997 98.372900 -99.315000 -30.436898 -87.833684 -35.700105 -2.606054 -6.694874 15.945215 30.099496 -22.778765 7.890603 -4.728480 10.932957 -3.373131 -0.000000 0.000000 0.000000 -3.601706 -1.185304 0.232704 28.979685 11.341211 -1.893935 2.348446 -14.971383 9.226784 -0.000000 0.000000 0.000000 6.004209 1.672236 -6.839510 -5.412840 -2.356199 -5.668593 6.654923 -1.784576 -3.673101 6.907075 -28.113474 12.965801 3.330632 -19.109357 11.543314 -0.000000 0.000000 0.000000 0.294814 1.114599 -0.959761 -0.943236 -2.108674 -49.559728 19.233660 -30.750236 18.907661 -15.528185 -1.606484 25.084081 -15.937490 5.529404 -25.143402 -29.732830 6.964586 14.510984 55.049833 66.666799 -114.535998 -2.091323 -0.552375 -26.669418 
146.398997 101.210201 -103.950989 -38.731092 -87.007920 -45.447029 -1.161763 -5.752146 12.287111 27.996106 -21.258394 4.996242 -1.637138 9.414636 -7.419880 -0.000000 0.000000 0.000000 -4.565479 -2.894936 1.108395 28.092035 8.361172 1.165510 16.075221 -4.725267 15.963431 -0.000000 0.000000 0.000000 6.150952 2.150132 -5.574674 -5.262438 -1.736102 -5.636356 6.630820 -1.063213 -3.482231 10.374896 -28.270480 14.572014 3.221168 -18.852034 11.841254 -0.000000 0.000000 0.000000 -0.319059 1.817331 -0.224019 0.257487 -3.230118 -53.386788 16.705944 -30.572394 18.208504 -15.034305 -2.253312 24.310078 -16.453553 5.933595 -26.618408 -30.332249 9.095165 16.336821 37.569069 66.721002 -93.562913 -3.128178 -0.342642 -26.038802 
146.109998 102.920198 -108.462989 -33.760485 -86.033463 -42.175811 -0.590935 -3.654342 9.364452 26.821176 -21.074407 3.735300 1.477060 5.594749 -10.471433 -0.000000 0.000000 0.000000 -5.549789 -5.063643 2.112078 28.413017 8.414620 1.554622 20.722995 5.900575 18.778700 -0.000000 0.000000 0.000000 6.064184 2.347940 -3.680417 -5.148282 -1.706401 -5.518464 6.615820 -0.839827 -3.092617 12.513708 -27.880055 15.461479 1.873800 -18.156238 11.788778 -0.000000 0.000000 0.000000 -0.580719 2.012294 0.914464 1.970745 -3.739988 -57.379598 16.316466 -30.022070 18.542216 -15.186718 -2.914480 22.907954 -16.878786 6.872733 -28.972944 -31.988898 10.587207 17.324738 18.865586 62.946955 -69.940196 -3.822353 -0.910061 -22.772526 
145.844996 103.241193 -112.829006 -22.516340 -84.868646 -32.458922 -0.279960 -3.324049 6.424088 26.753902 -22.110401 3.669776 3.213358 4.092350 -10.479614 -0.000000 0.000000 0.000000 -6.339644 -4.439051 3.243472 27.980507 7.105848 0.691830 18.028082 1.248270 16.372593 -0.000000 0.000000 0.000000 5.691881 1.302239 -1.383433 -6.155130 -0.953783 -5.486817 7.503867 -0.995308 -2.729335 13.349764 -29.427112 15.821244 1.624514 -15.693291 11.115011 -0.000000 0.000000 0.000000 0.076263 2.923930 1.695001 3.044302 -5.042955 -60.453674 17.974244 -29.153627 19.161343 -16.956309 -3.464323 22.853975 -17.363464 8.011442 -31.755087 -32.117644 12.910887 17.379993 4.456845 54.910299 -50.756382 -4.061830 -1.086078 -19.465298 
145.473003 102.430189 -117.085993 -13.017728 -82.600708 -24.136989 0.893030 -5.389846 3.766692 26.269554 -22.304285 3.636565 2.578747 7.366429 -6.737197 -0.000000 0.000000 0.000000 -6.084332 -2.144487 3.037167 25.695597 4.414501 -0.095588 13.492801 -9.147387 13.272987 -0.000000 0.000000 0.000000 5.252377 0.073898 0.722925 -7.157582 0.016417 -5.509558 8.695423 -1.283597 -2.445538 14.127812 -32.168813 16.549448 1.844729 -12.882552 10.644357 -0.000000 0.000000 0.000000 1.015441 3.761895 2.078081 3.235830 -7.117439 -62.552640 19.450089 -28.155050 19.420610 -19.719386 -3.747767 22.909869 -17.609756 8.985722 -34.520769 -30.224704 15.050024 16.335178 -2.747230 44.691150 -38.896869 -4.806811 -2.152271 -15.618029 
145.115006 100.586200 -121.352994 -4.573945 -79.182423 -16.976180 1.642828 -7.065637 3.099950 26.192050 -20.221713 3.191137 -2.439712 13.819292 -0.822243 -0.000000 0.000000 0.000000 -5.862165 -0.460376 1.858298 23.681054 4.065336 -1.021133 8.485576 -16.249142 9.626873 -0.000000 0.000000 0.000000 4.447400 -0.644908 2.813147 -7.949820 0.534890 -5.534088 9.775355 -1.810327 -2.107636 15.052338 -35.199817 17.516389 1.975877 -10.546271 10.747760 -0.000000 0.000000 0.000000 1.844077 3.978634 2.242555 2.758677 -8.379188 -64.254563 20.678842 -27.479349 19.566025 -21.755172 -3.836177 22.892178 -17.203140 9.706231 -37.144480 -28.158313 15.812773 15.013716 -4.097706 35.316185 -31.942339 -5.929407 -3.752399 -10.497366 
144.727004 97.938401 -125.694001 0.285648 -75.299276 -13.144571 1.489334 -5.998858 5.246684 28.283164 -15.926244 3.130010 -15.352570 19.008449 6.292429 -0.000000 0.000000 0.000000 -5.476248 0.364486 -0.247365 22.682008 6.431312 -2.350826 3.762309 -19.737369 6.765471 -0.000000 0.000000 0.000000 3.603323 -1.149146 4.141924 -8.562900 0.643318 -5.554607 10.552899 -2.285223 -1.630806 16.078002 -37.266122 18.822599 1.439478 -8.717027 11.186022 -0.000000 0.000000 0.000000 2.663763 3.976626 2.536033 1.866613 -8.249365 -65.670298 22.791401 -27.043556 19.685876 -23.078857 -4.089158 23.152527 -16.232083 9.782399 -39.507294 -26.868055 15.588553 14.847279 -2.770415 28.555022 -27.482317 -6.689000 -5.580604 -7.113552 
144.255996 95.247704 -130.184996 1.458035 -70.744511 -11.628366 -0.215482 -3.627158 8.552089 32.099080 -18.407004 5.434822 -25.772887 14.949918 9.426732 -0.000000 0.000000 0.000000 -3.899776 -0.015042 -3.603184 22.356426 10.358443 -4.485373 0.404748 -20.380061 4.881307 -0.000000 0.000000 0.000000 3.745389 -1.577969 3.552959 -8.838287 0.177563 -5.814457 10.410169 -2.769716 -1.284633 17.207117 -37.551391 20.709302 1.363869 -7.945169 12.073220 -0.000000 0.000000 0.000000 3.426711 3.752971 2.154252 1.228399 -7.520518 -65.490174 24.867723 -26.430193 19.824484 -23.912226 -4.095876 23.247801 -15.339055 9.745065 -40.282815 -26.531996 14.862682 16.021624 -2.593996 24.925266 -24.788616 -8.033807 -6.948146 -5.616215 
143.685997 92.887199 -134.832990 2.582102 -66.051916 -8.891915 -3.417196 -5.531355 10.055371 38.261068 -24.208217 7.606436 -32.949816 14.819567 11.883678 -0.000000 0.000000 0.000000 -2.170151 0.136284 -7.803165 23.236716 14.717126 -6.515745 0.182752 -20.104669 5.846836 -0.000000 0.000000 0.000000 3.589370 -1.114646 1.493477 -9.036085 -0.686368 -6.122209 10.474142 -3.324044 -1.490817 17.581758 -37.479748 22.280473 2.395852 -8.438631 13.133529 -0.000000 0.000000 0.000000 3.806159 3.196000 1.548636 0.875980 -7.732958 -63.927952 25.855851 -25.481655 18.960367 -24.413431 -4.180138 24.350216 -15.506377 9.464904 -39.551020 -25.518875 14.439716 17.145266 -3.366781 22.838437 -23.019832 -10.126676 -7.888186 -5.222185 
142.588997 91.249305 -139.792991 2.433495 -62.164577 -7.391575 -5.338842 -6.893328 11.913027 40.964858 -26.076622 8.460522 -36.393747 14.506171 12.671213 -0.000000 0.000000 0.000000 0.134460 0.767916 -10.015608 25.754440 19.484204 -9.732454 0.080125 -17.598359 6.413478 -0.000000 0.000000 0.000000 3.320225 -0.239089 -0.634781 -8.804282 -1.165494 -6.584725 10.090726 -3.431188 -1.951387 18.100837 -37.007208 22.992207 3.704226 -9.884552 14.014728 -0.000000 0.000000 0.000000 3.574781 2.759542 1.032131 0.963254 -7.548752 -61.801644 26.172640 -24.005597 17.754393 -22.660662 -3.857128 23.482093 -15.175696 9.323196 -38.171354 -24.433651 13.674976 17.580853 -3.014543 20.689568 -21.812795 -10.845204 -8.759633 -3.538248 
140.991998 90.322602 -145.072997 2.532864 -59.403896 -6.609663 -6.111107 -6.565541 15.192079 40.470062 -27.067252 10.551573 -36.375052 13.332521 10.103897 -0.000000 0.000000 0.000000 1.877232 2.821535 -8.498206 30.590903 25.230375 -14.121494 -3.127823 -15.082083 4.521368 -0.000000 0.000000 0.000000 2.250001 0.022480 -2.025130 -8.051634 -0.721100 -6.959524 9.514292 -2.908460 -2.324003 18.610042 -36.255140 22.883447 4.428877 -11.380015 14.756234 -0.000000 0.000000 0.000000 3.227287 2.700613 0.903841 1.225641 -6.660195 -60.305125 25.305941 -22.803600 16.655662 -21.462665 -3.126588 22.827058 -14.154092 9.424453 -37.525923 -24.114426 12.260300 18.153239 -3.471700 18.420827 -19.903683 -12.680844 -9.237079 -2.555480 
139.042008 90.038806 -150.671005 3.401420 -56.286492 -4.368252 -5.751533 -9.892379 16.577058 38.314833 -28.670267 12.424635 -32.942342 16.456444 7.676841 -0.000000 0.000000 0.000000 3.580301 6.592695 -6.487747 32.489628 26.971746 -15.492962 -8.376120 -18.359188 6.305751 -0.000000 0.000000 0.000000 0.724344 -0.091740 -4.764959 -7.145339 -0.297441 -7.316400 9.217630 -2.744159 -2.969143 18.521002 -35.029404 23.042349 5.267472 -12.928543 14.852954 -0.000000 0.000000 0.000000 3.415527 3.662300 0.989804 1.637094 -7.189459 -57.874255 23.293931 -22.200077 15.999644 -21.927855 -3.211621 22.741244 -14.571532 9.253526 -36.530469 -22.424718 13.039318 18.764681 -5.651272 14.629884 -17.821710 -14.350993 -10.143515 -1.651423 
136.914992 90.164506 -156.451988 3.110271 -51.705940 -3.353409 -4.876382 -13.262799 18.297521 35.449558 -31.655065 15.076455 -26.116535 19.558595 4.258052 -0.000000 0.000000 0.000000 4.622533 8.563400 -3.608418 34.007493 27.089189 -14.134491 -16.920398 -21.391999 2.215018 -0.000000 0.000000 0.000000 1.075223 -0.426410 -6.850929 -6.454773 -0.404614 -8.243430 8.609057 -3.024335 -3.582392 17.348502 -33.994645 22.408232 5.597662 -14.355991 15.363032 -0.000000 0.000000 0.000000 3.105787 3.685588 1.359703 2.520627 -7.142472 -54.679599 22.598219 -21.797603 15.897016 -21.602909 -3.092628 22.300255 -14.677460 9.748207 -36.550571 -21.497942 11.876607 18.525088 -6.941922 11.174866 -15.867096 -17.131575 -11.167087 0.209322 
134.955990 90.716302 -161.995995 2.444236 -47.202544 -2.951630 -5.120522 -14.793757 19.133670 33.175124 -32.810788 17.346174 -18.699606 21.421438 3.714136 -0.000000 0.000000 0.000000 3.615667 6.067498 -1.276256 34.277302 23.990645 -10.327100 -22.510168 -21.548817 -1.651387 -0.000000 0.000000 0.000000 2.708359 -0.149312 -7.904655 -6.184991 -0.772213 -9.394787 7.999854 -3.394989 -4.140836 15.941394 -33.452220 21.297764 5.354487 -15.711995 16.171894 -0.000000 0.000000 0.000000 2.476846 3.002081 1.383001 2.964620 -6.679436 -51.406714 22.273198 -21.273285 15.720538 -21.093052 -2.236507 22.048544 -14.136637 9.974332 -36.878629 -21.536866 9.218089 17.855940 -7.874901 10.938072 -16.007153 -19.318300 -11.397924 -0.930377 
133.242989 91.853905 -166.742992 1.850407 -44.771006 -2.535432 -6.572676 -13.670067 17.889789 33.590264 -32.410121 17.645631 -16.526098 20.218342 6.730802 -0.000000 0.000000 0.000000 2.449074 2.140858 0.220693 33.602803 21.400998 -8.185916 -23.379925 -19.800226 -2.998279 -0.000000 0.000000 0.000000 3.748077 0.636854 -8.147349 -6.128426 -0.842111 -10.419711 7.462590 -3.246947 -4.654200 15.706854 -33.275005 19.935596 4.434360 -15.943893 16.453780 -0.000000 0.000000 0.000000 2.000990 2.284063 0.955475 2.978210 -5.256963 -49.485352 21.345599 -20.566804 15.360040 -20.162659 -1.261301 22.731293 -12.910804 10.176347 -36.763374 -22.770501 6.538747 17.079870 -10.394659 15.044827 -17.799126 -23.850488 -10.326045 -4.205428 
131.498992 93.842399 -170.544004 0.585167 -44.163706 -3.705109 -6.573130 -11.252894 16.723890 35.146038 -31.464519 15.108442 -15.894010 16.066508 2.929426 -0.000000 0.000000 0.000000 3.115156 0.925288 2.630090 30.851436 20.488720 -7.701838 -18.805127 -17.068251 -0.594773 -0.000000 0.000000 0.000000 3.523815 1.547708 -7.882776 -5.340278 -0.776018 -10.146866 7.081458 -2.433404 -4.852083 16.067715 -31.952983 18.978744 3.883487 -16.510479 15.643205 -0.000000 0.000000 0.000000 1.410871 2.550075 0.044481 2.783318 -3.962519 -49.670218 18.591714 -19.388921 15.024898 -18.494631 -0.917853 22.252397 -12.669046 9.760210 -34.674211 -24.157229 6.711597 15.846465 -10.648749 21.740524 -21.054663 -25.338038 -7.696363 -7.840340 
129.819000 96.577603 -173.597002 -0.126053 -43.847626 -5.029673 -5.500363 -10.294997 14.715631 36.010011 -27.359685 10.757567 -13.467070 15.211798 0.572570 -0.000000 0.000000 0.000000 3.398862 1.983797 5.137788 26.886380 19.830977 -5.789852 -9.128183 -16.584759 2.783867 -0.000000 0.000000 0.000000 2.063607 2.203523 -7.600271 -4.620728 -0.488276 -9.033950 7.273209 -1.798992 -4.714919 16.965541 -31.289602 18.611392 4.051055 -15.710767 14.663490 -0.000000 0.000000 0.000000 1.694783 3.363556 -0.548410 2.483045 -3.167954 -51.383250 15.312384 -18.650019 14.042896 -17.694482 -0.638752 21.895272 -12.812510 8.714116 -32.459152 -24.384878 8.276488 15.509588 -9.011445 29.570297 -26.453459 -23.853858 -5.015614 -9.636712 
128.378999 99.583405 -176.231003 -0.880532 -42.808042 -6.674638 -4.197053 -8.768278 12.163114 36.318339 -21.730682 7.077416 -10.453854 14.675967 0.201272 -0.000000 0.000000 0.000000 2.507537 1.398566 6.640775 23.778568 16.582570 -2.626146 4.358124 -12.791955 8.416052 -0.000000 0.000000 0.000000 1.638196 2.451814 -7.278175 -4.453204 -0.803473 -7.715332 7.506788 -1.621147 -4.194754 16.967338 -30.756416 18.768387 3.991683 -15.131453 14.026080 -0.000000 0.000000 0.000000 2.275885 4.039230 -0.902850 2.773471 -2.052559 -53.914471 13.106321 -18.918672 13.228264 -16.256541 -0.489238 21.276450 -13.599595 7.330821 -30.716575 -25.158985 9.468822 16.846278 -6.027346 39.157153 -34.315887 -20.359859 -2.682135 -11.828850 
127.231002 102.133203 -178.807008 -1.592240 -41.092474 -8.133525 -2.913579 -6.157197 9.374412 36.193070 -17.692603 5.099773 -5.601916 13.366549 -1.556319 -0.000000 0.000000 0.000000 1.064664 -0.804296 6.938579 22.432905 12.986075 -0.436796 15.971122 -4.195463 13.643750 -0.000000 0.000000 0.000000 2.495955 2.270855 -7.001016 -4.730451 -1.686656 -6.508838 7.867268 -1.696747 -3.315947 15.211104 -30.097283 18.420933 2.628467 -15.558443 13.862091 -0.000000 0.000000 0.000000 3.105890 3.534769 -0.583571 3.974149 -1.076021 -57.214316 12.727742 -20.023643 12.874091 -15.245258 -0.600666 20.726340 -14.109828 6.203992 -29.468477 -26.271743 8.510327 17.413883 0.919540 50.096087 -44.762105 -16.900790 -0.642409 -13.767091 
126.208997 103.595197 -181.488001 -1.709945 -39.010063 -9.141256 -1.454813 -3.672995 7.115222 34.749400 -16.481886 4.462543 1.522772 10.316290 -5.702757 -0.000000 0.000000 0.000000 -1.088641 -2.187053 7.454811 23.692639 12.392225 0.000293 18.859461 2.544660 15.060642 -0.000000 0.000000 0.000000 3.193615 1.757538 -6.414548 -4.447861 -2.798523 -5.240789 8.025880 -2.009776 -2.401907 12.293365 -29.235386 17.231985 -0.341002 -16.616802 13.338383 -0.000000 0.000000 0.000000 3.863249 2.437304 0.287594 5.645808 -0.428004 -60.879864 13.825959 -21.924364 13.144801 -16.256746 -0.564260 20.104030 -14.557196 5.855147 -29.104358 -28.090422 6.963017 17.461317 11.927005 58.862597 -59.012894 -15.277472 0.169507 -14.240820 
125.294995 103.773201 -184.090996 -1.216738 -36.092608 -9.770752 0.605829 -3.401827 5.319944 31.433858 -16.981809 3.876314 7.227067 8.222676 -7.290265 -0.000000 0.000000 0.000000 -3.863219 -1.754983 7.457963 26.753077 9.007053 0.825629 16.017719 -2.883717 13.433458 -0.000000 0.000000 0.000000 3.524401 0.582881 -5.098617 -4.693072 -3.216945 -4.170359 8.624154 -2.552082 -1.672251 9.776229 -30.173810 15.842440 -2.559480 -16.517062 12.510401 -0.000000 0.000000 0.000000 4.938244 1.469806 1.039031 6.400544 -0.659436 -64.033245 15.502775 -23.751005 13.441268 -18.587520 -0.420185 20.708037 -14.694778 6.090329 -29.506301 -28.874455 5.489381 17.270518 24.240032 65.648590 -75.504190 -15.899902 0.981823 -15.172219 
124.478996 102.813196 -186.594999 -0.743549 -32.442805 -10.558868 3.107270 -4.088537 4.176644 27.898080 -17.192731 3.913347 7.744129 10.527278 -5.410278 -0.000000 0.000000 0.000000 -6.210221 -0.963580 6.377267 30.064657 4.996049 1.762057 9.369794 -10.708328 10.034974 -0.000000 0.000000 0.000000 4.146906 -0.572883 -3.141722 -5.168151 -3.400174 -3.350874 9.060248 -2.972341 -1.099908 7.939598 -31.733106 14.848597 -4.417075 -16.274544 11.809157 -0.000000 0.000000 0.000000 5.470606 0.588371 1.251843 6.379688 -0.967289 -66.055050 17.378631 -25.400234 13.646697 -20.016560 0.284196 21.364193 -14.548817 6.461360 -29.807337 -29.109260 3.770907 16.809212 41.481025 70.003577 -96.855712 -15.830921 0.837303 -16.914723 
123.834991 100.718200 -189.206994 0.436641 -28.593286 -11.461819 4.689530 -4.447319 4.739724 24.364190 -12.019289 3.761032 -0.287679 19.971623 -0.670791 -0.000000 0.000000 0.000000 -9.171718 0.215025 4.988272 33.780010 3.001255 2.175253 1.412810 -15.834069 5.845928 -0.000000 0.000000 0.000000 4.418941 -1.236825 -0.633310 -5.622602 -3.408027 -2.401796 9.416712 -3.197901 -0.430682 5.929468 -33.365075 14.274868 -6.555509 -16.507116 11.196563 -0.000000 0.000000 0.000000 5.504063 -0.533960 0.935490 5.548331 -1.162735 -67.330925 19.903864 -26.812109 14.054462 -20.732190 0.967953 21.298958 -14.341222 6.467953 -29.429221 -29.969334 2.060136 15.263237 60.588671 70.963153 -118.721095 -17.119388 1.775178 -18.689517 
123.136997 97.942805 -191.870999 1.213795 -24.298347 -12.098723 4.768815 -2.863222 7.508677 23.863876 -8.865360 3.187790 -14.820522 21.054028 4.619376 -0.000000 0.000000 0.000000 -11.048103 0.883979 2.762668 37.007801 2.719742 1.398220 -5.428804 -19.785323 2.043314 -0.000000 0.000000 0.000000 4.918102 -1.547568 0.735233 -5.326334 -3.922796 -1.222173 9.123247 -3.558935 0.333655 4.651562 -34.279739 14.451066 -8.753309 -17.117075 10.773773 -0.000000 0.000000 0.000000 5.818847 -2.036371 0.297976 4.165646 -0.931926 -67.844321 22.483451 -28.171397 14.553486 -20.805998 0.804647 21.554584 -14.099795 6.444544 -28.222922 -31.073414 1.052153 14.539293 74.414760 69.158944 -134.996803 -14.866350 2.103975 -20.576025 
122.170997 95.066702 -194.564998 1.604124 -18.948323 -11.657998 1.550381 -0.813728 10.060458 28.267404 -13.072202 4.857828 -26.888546 15.764576 8.309840 -0.000000 0.000000 0.000000 -11.356960 0.524086 -0.356704 39.617781 5.192075 -1.308811 -11.538736 -20.885697 -1.123956 -0.000000 0.000000 0.000000 5.949099 -1.804368 0.174071 -4.988704 -5.380928 -0.277847 8.359974 -4.280106 1.004926 4.791875 -34.208992 15.336306 -9.908065 -18.013227 10.872202 -0.000000 0.000000 0.000000 6.614499 -4.004182 -0.560760 2.982147 -0.197765 -66.899906 26.610253 -29.518481 15.942313 -21.323250 0.736434 21.807706 -13.519207 6.654909 -26.231199 -31.957864 -0.436430 15.959873 84.967895 66.145403 -147.711487 -15.115693 2.996585 -21.925497 
121.148002 92.141503 -197.335994 2.343787 -13.472797 -10.121384 -4.068685 -1.383544 10.432769 36.155854 -18.385421 7.195706 -36.793307 13.370312 12.195183 -0.000000 0.000000 0.000000 -11.342836 0.979853 -4.071487 42.220943 9.752183 -4.886747 -14.254640 -19.299380 -1.028343 -0.000000 0.000000 0.000000 7.105023 -1.668469 -1.158398 -5.208980 -7.117584 0.605611 7.568615 -5.044275 1.248456 4.081684 -34.116691 15.760536 -9.711920 -19.886072 10.836318 -0.000000 0.000000 0.000000 6.939904 -5.502288 -1.686203 2.370871 -0.396397 -65.032469 30.585403 -31.137995 16.921862 -21.775161 0.368634 23.206375 -13.786040 6.309603 -23.150393 -31.779602 -0.945579 17.155402 91.825178 63.120732 -155.922124 -15.877829 4.416221 -24.330579 
119.764996 89.630502 -200.022006 2.688756 -8.564236 -8.425338 -10.537095 -4.037881 8.608160 46.474658 -18.980612 10.462970 -41.550256 12.182985 13.634154 -0.000000 0.000000 0.000000 -9.908083 2.525581 -6.709416 43.949141 12.519920 -9.129534 -15.510069 -18.813493 -0.496266 -0.000000 0.000000 0.000000 8.377993 -1.243567 -2.876077 -5.231602 -8.670299 1.559797 6.638609 -5.608922 1.184154 3.192455 -34.152747 15.984049 -9.452368 -22.203292 10.532571 -0.000000 0.000000 0.000000 7.142232 -6.174994 -3.428902 1.813118 -1.193822 -62.808795 32.620122 -32.168626 17.535349 -20.389810 -0.119666 24.197847 -14.415036 5.347765 -19.136418 -30.475034 -0.219692 17.731844 94.872527 60.551958 -160.003011 -13.005953 5.480008 -28.754803 
117.811990 87.674403 -202.506995 3.131429 -5.058482 -7.100119 -15.869209 -8.636078 7.018478 54.041388 -17.837218 11.290545 -43.151745 12.328337 13.659730 -0.000000 0.000000 0.000000 -8.187292 6.160568 -6.990827 45.894160 14.232488 -13.480980 -19.056709 -20.300173 -2.484198 -0.000000 0.000000 0.000000 8.505584 -0.454766 -4.413587 -5.177394 -9.250497 2.378475 6.405910 -5.674583 1.056879 1.911662 -34.487951 15.662547 -9.435751 -24.805996 10.115384 -0.000000 0.000000 0.000000 7.168341 -6.260298 -4.326078 1.130931 -2.468974 -61.974152 32.043206 -32.015976 16.946754 -19.709831 -0.567107 25.199234 -14.673102 4.400119 -15.941614 -28.650741 0.022333 18.092913 95.578133 58.583620 -162.433251 -11.996178 6.337975 -31.422597 
115.310991 86.387902 -204.689002 2.920465 -3.203461 -5.966230 -18.145701 -11.839958 6.055735 57.121076 -16.946095 11.896123 -43.712915 13.420695 13.656722 -0.000000 0.000000 0.000000 -6.507795 10.543232 -5.960401 48.837078 16.911558 -17.379124 -21.295784 -20.446233 -3.557427 -0.000000 0.000000 0.000000 8.270691 -0.060719 -5.624173 -4.658006 -8.885498 2.733311 6.354757 -5.228999 0.750279 0.592999 -34.461776 14.866654 -9.951292 -27.113931 9.447227 -0.000000 0.000000 0.000000 7.153945 -5.897254 -4.782418 1.015923 -2.494171 -61.826973 30.490899 -31.764316 16.722790 -19.792722 -0.397422 24.677667 -14.716478 4.002863 -13.771793 -27.477639 0.297094 18.829527 96.423653 56.922127 -164.382258 -12.378670 6.833313 -33.037625 
112.084997 85.767704 -206.731987 2.677526 -2.053414 -4.794091 -18.636028 -13.468290 6.046484 57.058243 -17.467776 13.393263 -43.244094 15.037378 13.229183 -0.000000 0.000000 0.000000 -6.284447 13.284569 -4.510004 52.100092 20.279002 -19.713039 -21.862398 -18.518083 -1.994761 -0.000000 0.000000 0.000000 7.734488 -0.094292 -6.974326 -4.151771 -8.366885 2.637857 6.288967 -4.740600 0.282062 -0.389717 -33.562911 14.040740 -10.375425 -29.110471 8.491376 -0.000000 0.000000 0.000000 7.247349 -5.083127 -4.999722 1.845601 -1.902438 -60.937138 28.963462 -31.659947 15.926650 -19.919265 -0.905116 25.371147 -14.768358 3.861384 -12.412651 -26.943474 1.419959 19.427860 96.693213 56.066413 -164.225315 -11.086074 7.709261 -36.266135 
108.095002 86.000305 -208.638000 2.407343 -0.750996 -3.783654 -17.917801 -14.132974 7.708461 54.019715 -19.074500 14.646194 -40.126167 16.426064 11.013416 -0.000000 0.000000 0.000000 -7.182558 13.100786 -3.293833 52.695257 19.738640 -18.772299 -25.352323 -20.415859 -2.945768 -0.000000 0.000000 0.000000 7.563940 -0.198586 -7.973885 -4.024495 -7.818254 1.861088 5.845379 -4.594297 -0.324280 -0.828952 -33.172680 13.322693 -10.059613 -30.171538 8.042643 -0.000000 0.000000 0.000000 7.552283 -4.163263 -5.085318 2.718508 -0.496391 -59.086476 28.806492 -30.460439 15.337347 -19.089243 -1.074758 25.062502 -14.660733 4.252147 -12.427818 -26.745553 1.952756 19.280472 95.261901 56.149461 -162.042006 -8.747122 8.007427 -37.798796 
103.404999 87.201303 -210.535002 1.347801 0.275258 -3.360113 -15.048272 -12.819978 11.679975 47.148725 -21.591079 15.447388 -33.445807 16.940855 6.186616 -0.000000 0.000000 0.000000 -7.944088 10.000000 -2.504202 50.700630 17.461373 -15.725417 -26.602975 -20.277258 -2.655680 -0.000000 0.000000 0.000000 8.702301 -0.051657 -8.291992 -3.984782 -7.177380 0.411144 5.510929 -4.381424 -0.742236 -1.822760 -32.701968 12.638516 -9.637346 -31.220137 8.617629 -0.000000 0.000000 0.000000 7.279108 -3.574903 -4.562514 2.994295 1.713472 -57.408253 27.035504 -28.123963 14.329860 -18.122440 -0.862764 24.281924 -14.309737 5.029651 -13.960869 -27.842273 1.035274 18.414641 92.728878 57.501749 -158.195320 -6.800974 7.745331 -38.237415 
98.295993 89.465106 -212.409997 0.532909 0.521701 -3.449211 -11.304757 -10.245442 16.707767 36.491666 -23.751303 15.242837 -21.090527 16.207314 -1.225554 -0.000000 0.000000 0.000000 -8.287496 6.306039 -1.354635 46.587886 16.306822 -12.821770 -25.140651 -17.936345 -2.087019 -0.000000 0.000000 0.000000 9.379027 0.245260 -8.356264 -3.611047 -6.256300 -1.278168 5.202726 -3.947977 -1.093741 -2.096014 -32.278829 12.347993 -8.753518 -32.122680 10.143301 -0.000000 0.000000 0.000000 6.660728 -2.882089 -3.862133 2.592853 3.794269 -55.873081 22.876090 -25.182436 12.833210 -17.413468 -0.289055 24.278524 -13.433541 5.745571 -16.095222 -29.393177 -0.235569 17.719664 88.964890 60.158635 -152.654469 -6.826384 7.830615 -38.024820 
93.385804 92.754799 -214.399981 1.534775 1.456798 -3.194068 -10.374280 -10.765036 17.708233 28.112952 -23.283165 15.689363 -3.850110 16.490253 -4.807970 -0.000000 0.000000 0.000000 -9.177490 3.927365 -0.296434 40.622555 17.193278 -10.214246 -18.906793 -16.144925 -1.135564 -0.000000 0.000000 0.000000 8.176697 0.679061 -9.068822 -2.918375 -5.811712 -2.483689 4.719244 -4.071936 -1.686135 -0.832940 -33.336683 12.690353 -7.229473 -31.924529 12.195494 -0.000000 0.000000 0.000000 6.335219 -1.886401 -3.718176 1.578145 4.336085 -54.059850 17.866338 -22.078296 11.808038 -16.694895 1.227513 24.371853 -12.852104 5.734110 -17.823415 -29.550670 -0.267101 17.908100 80.909454 62.849671 -144.074347 -6.826285 6.317419 -34.361385 
89.396000 96.616501 -216.171002 1.695482 3.427570 -2.945912 -10.414761 -13.092106 15.283455 29.180573 -27.826239 16.602520 -0.437823 13.899429 -0.082893 -0.000000 0.000000 0.000000 -7.662559 2.539904 0.191738 32.248138 18.314978 -7.102535 -8.764272 -15.818257 2.150034 -0.000000 0.000000 0.000000 8.331978 0.943847 -8.855664 -3.378010 -5.886570 -3.593170 5.195285 -4.329941 -2.153964 0.566216 -36.179437 12.758536 -5.787417 -30.558357 13.764868 -0.000000 0.000000 0.000000 5.778890 -1.084934 -4.100101 0.222882 3.880593 -53.351311 13.169204 -19.255871 11.171386 -15.868225 2.432302 24.499266 -13.054828 5.820293 -19.747766 -28.474847 -0.195633 18.162153 70.339322 65.275297 -133.258617 -7.156081 4.115752 -28.892147 
85.990196 100.699198 -217.728996 0.246595 3.797383 -3.727836 -9.317173 -13.964696 12.437155 34.259400 -30.581345 16.241422 -1.497590 8.662463 -2.299063 -0.000000 0.000000 0.000000 -4.207259 1.954176 1.400769 22.042460 16.681611 -4.229479 6.209693 -12.112935 8.978893 -0.000000 0.000000 0.000000 10.043229 1.611954 -7.730332 -4.090510 -5.787951 -4.070399 5.937566 -3.988625 -1.928578 1.626029 -37.945788 12.902958 -5.607924 -29.634430 14.460522 -0.000000 0.000000 0.000000 4.987416 -0.666973 -4.039722 -0.263205 2.976425 -55.369436 8.827872 -17.473020 11.260656 -15.099638 2.840455 23.136907 -13.723046 6.110316 -21.128592 -27.635395 0.385996 17.999608 58.793797 67.196905 -120.077141 -8.313610 2.588872 -25.114519 
82.661396 104.257202 -219.401979 -1.055271 1.336030 -5.246578 -7.405772 -13.386611 10.181284 35.703898 -26.453724 12.811518 -0.539190 10.038769 -3.883343 -0.000000 0.000000 0.000000 -4.294093 0.487413 2.877580 16.804998 13.095403 -1.766634 20.881899 -5.747055 15.438158 -0.000000 0.000000 0.000000 10.851338 2.451750 -6.302154 -4.429236 -4.756928 -4.146481 6.372590 -3.248877 -1.501785 2.864758 -38.859477 13.154852 -5.886187 -27.663382 14.772422 -0.000000 0.000000 0.000000 4.799920 -0.380148 -3.180392 0.337486 2.053746 -58.534748 6.922897 -17.406270 11.126143 -15.435869 2.467118 21.901333 -14.227541 6.779899 -22.876943 -27.316988 1.504077 18.705536 44.580279 67.836257 -103.550534 -9.386648 1.588991 -21.467059 
79.299200 106.538200 -221.342993 -1.796748 -2.607611 -6.568712 -6.724725 -9.636375 8.224962 35.309485 -19.974045 9.242559 2.407583 10.999730 -5.217104 -0.000000 0.000000 0.000000 -8.644145 -1.832179 4.140412 23.036531 9.454911 -0.646635 23.213028 -3.507774 15.943209 -0.000000 0.000000 0.000000 10.937040 2.240274 -4.686713 -4.902815 -2.942729 -4.457769 6.334580 -2.422739 -1.377006 4.158975 -39.123443 13.451420 -6.554102 -24.809142 14.709172 -0.000000 0.000000 0.000000 4.981822 -0.077468 -2.654696 2.208644 1.971357 -61.034176 8.203007 -19.333379 12.277907 -17.211546 2.751292 19.366771 -13.811054 8.107453 -25.036474 -28.356699 2.467066 19.260021 29.836858 67.963341 -85.715124 -12.109783 0.826981 -16.215096 
76.047403 107.522202 -223.164988 -3.341564 -5.725829 -7.615094 -4.374535 -5.159058 6.361133 33.266125 -19.151641 7.510735 5.524577 8.546820 -7.547753 -0.000000 0.000000 0.000000 -13.179541 -2.009233 4.938785 35.311316 7.234057 0.261263 17.874494 -4.763399 12.662219 -0.000000 0.000000 0.000000 11.721363 0.422460 -2.543825 -5.118917 -1.247493 -4.966758 6.194902 -1.583392 -1.793591 4.638985 -38.556774 13.459417 -6.640706 -22.553934 14.064138 -0.000000 0.000000 0.000000 4.665309 0.133529 -2.902374 4.839723 2.023546 -62.683917 9.636118 -21.293681 14.133986 -17.732463 2.568816 19.014068 -13.318913 9.951636 -26.766418 -29.335609 3.684464 18.842549 17.987659 66.347249 -70.247574 -13.529426 -0.943413 -12.119721 
72.823894 107.296205 -224.880981 -4.638746 -6.870643 -8.927789 -1.189578 -4.456888 4.828667 30.244388 -23.472807 7.063130 9.051418 5.396962 -10.004260 -0.000000 0.000000 0.000000 -17.366259 -0.999528 5.505139 46.896626 5.365584 1.249515 15.370081 -5.709066 11.410352 -0.000000 0.000000 0.000000 11.744949 -1.191118 -0.228358 -4.634964 -0.356939 -4.850424 6.367868 -1.296916 -2.120266 5.300096 -38.093992 13.165273 -6.674883 -21.126650 12.899679 -0.000000 0.000000 0.000000 4.201545 -0.057274 -3.087286 6.425694 1.000131 -64.550655 9.524468 -21.758384 15.650707 -18.430031 2.684930 18.525911 -13.307204 11.571048 -27.986494 -29.418683 5.378947 17.426780 11.367522 62.973791 -59.945548 -12.983555 -2.400183 -8.028208 
69.646299 105.969191 -226.425004 -5.001501 -5.592612 -10.239789 1.044183 -7.162181 3.675347 28.639228 -28.549113 7.923715 11.280682 4.758469 -10.231162 -0.000000 0.000000 0.000000 -20.311914 0.089111 5.273104 54.348725 5.273253 2.122780 13.709869 -6.227147 10.683656 -0.000000 0.000000 0.000000 11.202928 -1.835989 1.833331 -4.637984 -0.248380 -4.223465 6.623134 -1.689652 -2.117602 7.303212 -38.311350 13.433856 -6.483125 -20.523528 11.972329 -0.000000 0.000000 0.000000 3.855610 -0.051896 -2.785494 6.416219 -0.572174 -66.022447 8.849253 -21.359941 15.313219 -19.006729 2.738930 18.293123 -13.497226 12.017012 -28.959541 -28.516458 6.409383 15.807937 8.980846 59.814542 -53.230990 -12.174842 -1.574273 -6.908518 
66.551495 103.578198 -227.863002 -4.380173 -2.932286 -11.131635 1.624284 -10.468304 3.077571 29.581488 -31.154112 9.061244 7.017189 7.825280 -5.781429 -0.000000 0.000000 0.000000 -22.587086 1.414905 3.902814 59.062231 6.126616 2.378837 12.228038 -8.057574 10.200170 -0.000000 0.000000 0.000000 9.457412 -1.992139 3.152474 -4.451710 -0.472641 -3.256437 6.900281 -2.342584 -1.883643 10.307490 -39.411511 14.738706 -6.352402 -19.880933 11.451086 -0.000000 0.000000 0.000000 3.923072 -0.277805 -2.421125 5.248229 -2.229049 -66.930859 8.723252 -21.116018 14.423197 -20.583221 3.758203 17.403267 -13.503995 11.661543 -29.788197 -27.230368 6.768483 14.306402 8.584355 57.517940 -50.033841 -10.917322 -1.579887 -6.068054 
63.457197 100.096190 -229.248977 -3.645278 0.138943 -11.931861 1.345649 -11.892643 3.597503 34.366626 -28.973803 10.853233 -7.067338 15.084314 3.837511 -0.000000 0.000000 0.000000 -23.731042 2.998122 1.925216 61.997941 7.959121 1.518190 10.909958 -10.964451 10.011327 -0.000000 0.000000 0.000000 7.683834 -2.133474 4.020552 -4.961366 -0.459865 -2.307391 7.944050 -2.838627 -1.361335 12.909319 -41.234077 16.592676 -5.259471 -18.828029 11.295278 -0.000000 0.000000 0.000000 4.228537 -0.828177 -2.151382 3.593607 -3.681006 -67.380035 10.711686 -21.390749 14.192365 -21.595899 4.383376 17.389517 -13.570894 11.158066 -30.414089 -26.385172 6.717288 12.759611 7.780830 55.604258 -48.066839 -10.620878 -2.270990 -4.068023 
60.371697 96.192902 -230.533981 -3.929884 4.229685 -11.980225 0.405876 -10.873183 5.141186 40.041374 -27.773697 13.459239 -22.560101 15.098826 10.741701 -0.000000 0.000000 0.000000 -21.382908 3.670361 -1.156819 62.262199 9.735783 -1.368284 8.997747 -12.841573 9.961748 -0.000000 0.000000 0.000000 7.694490 -2.223637 3.903633 -5.494046 -1.161918 -1.717046 8.208866 -3.421364 -0.797649 15.766795 -41.993198 19.298214 -3.930557 -18.235065 11.523757 -0.000000 0.000000 0.000000 4.700733 -1.584498 -2.116426 2.128635 -4.291668 -67.157560 13.968724 -22.164967 14.783607 -22.055918 3.773104 17.663237 -13.645047 10.814084 -30.618052 -26.274447 6.401321 12.431883 6.486778 54.464706 -46.934310 -10.231058 -2.717985 -3.490677 
57.100797 92.282701 -231.821990 -4.181129 9.490600 -10.887796 -2.016997 -9.877879 6.071505 46.892906 -29.708155 17.815188 -35.271600 12.262705 15.557591 -0.000000 0.000000 0.000000 -16.885135 3.396729 -5.037978 60.563023 11.498985 -5.411289 7.582343 -15.482700 9.690265 -0.000000 0.000000 0.000000 8.048712 -2.496844 2.365506 -5.969156 -2.682000 -1.430973 8.432098 -4.345835 -0.200776 18.342967 -42.206350 22.247078 -2.279226 -17.743499 12.506633 -0.000000 0.000000 0.000000 5.457904 -2.274874 -1.563707 0.519698 -4.610248 -66.379723 18.069527 -22.934226 15.219152 -23.298767 3.128412 18.416628 -14.020489 10.382591 -31.142216 -26.045226 6.073515 13.775101 5.193625 52.959681 -46.674993 -9.708496 -3.413486 -4.732831 
53.548300 88.887405 -232.941985 -4.104508 13.845148 -8.935852 -5.190559 -12.961088 4.493036 55.547564 -30.813737 22.440015 -43.898932 12.596679 18.881899 -0.000000 0.000000 0.000000 -11.535884 4.359999 -8.404176 57.577688 13.030896 -9.344028 5.949927 -18.821188 9.182776 -0.000000 0.000000 0.000000 7.208068 -2.074573 -0.257864 -5.400897 -4.193841 -1.176076 8.117716 -5.098165 -0.177936 21.154018 -41.972308 25.353255 -1.097684 -18.044963 13.455016 -0.000000 0.000000 0.000000 5.999309 -2.816223 -1.557199 -0.386755 -5.755620 -64.432753 20.091347 -23.188754 15.508268 -24.065959 2.799632 18.208358 -14.699662 9.941482 -30.640598 -24.785689 6.701421 14.516662 3.055431 51.147357 -46.167032 -10.853483 -4.932330 -4.270597 
49.125701 86.668003 -233.714986 -3.496820 15.488233 -7.341021 -9.249649 -17.754327 3.660657 61.217348 -29.381875 21.905138 -46.163648 13.876748 19.446706 -0.000000 0.000000 0.000000 -6.984349 7.682679 -8.678122 55.376284 15.422715 -13.862638 1.479950 -21.405398 6.676285 -0.000000 0.000000 0.000000 5.520515 -1.022493 -3.405960 -5.456805 -4.702777 -1.085481 8.089597 -5.309906 -0.616911 23.355976 -40.765695 28.061482 2.125135 -18.914049 14.286708 -0.000000 0.000000 0.000000 6.125611 -1.867384 -2.007724 -0.212551 -6.521569 -61.859639 19.102603 -23.246442 15.476353 -23.111158 1.896879 18.566471 -15.542704 8.992048 -28.941337 -22.971806 8.454831 15.195058 1.026294 49.195033 -45.268520 -12.226462 -6.093129 -3.118120 
43.917197 85.626000 -233.962011 -3.465367 14.490941 -6.320843 -8.992717 -17.709174 6.867702 59.841787 -29.584960 21.710720 -46.604038 14.176173 17.610199 -0.000000 0.000000 0.000000 -3.198979 11.288881 -5.976599 55.984388 21.401317 -20.867386 -1.811233 -19.645090 4.778967 -0.000000 0.000000 0.000000 3.755892 -0.516312 -5.397110 -5.169302 -3.755193 -1.751014 7.916549 -4.561919 -1.116210 24.135888 -39.230045 28.848548 4.366824 -19.210900 15.272069 -0.000000 0.000000 0.000000 5.704601 -0.437327 -2.310907 0.916586 -4.890090 -59.245226 17.972060 -23.460049 15.472315 -21.934986 1.815873 18.107303 -15.384513 8.912215 -28.277249 -22.521381 8.979632 15.452670 -0.512649 47.118027 -42.690871 -13.267866 -7.032265 -1.950595 
38.011500 85.573006 -234.044003 -3.503961 12.906666 -5.142892 -6.764910 -15.969727 11.298249 54.537656 -31.480616 21.739894 -44.104856 15.530324 14.417557 -0.000000 0.000000 0.000000 -0.289651 13.917513 -3.638432 55.879972 26.786828 -25.194744 -8.351010 -20.794987 1.935315 -0.000000 0.000000 0.000000 1.942426 -0.862599 -6.776184 -4.852506 -2.607203 -3.087560 8.336829 -3.780974 -2.069438 22.367983 -37.857053 27.657565 6.222119 -18.861826 15.575502 -0.000000 0.000000 0.000000 5.486155 1.089734 -2.505989 2.165162 -2.513974 -55.646717 16.645132 -23.144839 14.718580 -21.486693 1.446461 18.299626 -14.944768 9.329737 -28.448846 -22.834942 9.609328 15.532710 -4.379001 45.407712 -38.267732 -16.575394 -8.779648 -0.139184 
31.485099 86.169106 -234.078002 -3.627062 12.697236 -3.807111 -3.467798 -14.674721 16.701857 45.257466 -34.496679 19.978877 -37.546216 17.509087 9.062866 -0.000000 0.000000 0.000000 1.549947 13.645343 -3.249149 51.244067 26.232469 -22.160250 -18.850254 -25.704813 -2.263908 -0.000000 0.000000 0.000000 0.922015 -1.274679 -8.246518 -4.124345 -2.118537 -4.672934 8.388449 -3.548215 -2.813080 19.170166 -36.795541 25.000238 5.891997 -19.468520 15.279246 -0.000000 0.000000 0.000000 5.829444 1.836894 -1.410075 2.544168 -0.482691 -52.627083 16.403816 -20.729993 13.950571 -21.653806 1.662038 17.666758 -14.224136 9.968727 -29.533219 -23.495307 9.212383 14.812740 -6.700313 43.758073 -35.304704 -19.744162 -10.108106 1.524345 
24.781601 87.222803 -234.348011 -3.556607 13.920750 -3.154179 -2.164959 -13.549626 21.176948 37.709393 -35.328123 19.432507 -24.581025 19.351506 1.054739 -0.000000 0.000000 0.000000 0.688962 9.428770 -3.217257 45.590443 21.979018 -15.981220 -24.807740 -25.712455 -3.373694 -0.000000 0.000000 0.000000 1.765196 -1.031140 -8.956873 -3.300203 -2.502053 -6.144847 6.972912 -3.722731 -3.436309 16.004760 -35.916562 22.327798 3.555963 -21.551703 15.369996 -0.000000 0.000000 0.000000 5.574339 1.912872 -0.548340 2.161939 1.753021 -49.553100 14.912083 -17.869644 13.126933 -20.782948 2.505343 16.328027 -13.620157 10.092078 -30.435189 -24.924643 7.381779 13.107134 -4.854214 43.708759 -35.855795 -19.512466 -9.426437 1.641151 
18.543799 88.751405 -235.046005 -2.522360 16.218801 -2.804910 -5.574001 -14.565802 20.874438 39.290848 -34.513160 22.281749 -13.362246 19.103832 1.215899 -0.000000 0.000000 0.000000 -2.268226 3.456826 -3.170562 42.203870 19.459994 -10.565868 -27.282804 -22.837030 -5.230473 -0.000000 0.000000 0.000000 3.108194 0.133710 -9.292095 -3.654829 -3.158346 -7.345768 6.221498 -4.091206 -4.048797 13.570309 -36.594698 20.158858 2.063975 -23.252476 16.251896 -0.000000 0.000000 0.000000 4.593628 1.552228 -0.159091 0.722497 3.001336 -46.648486 12.809784 -15.921409 12.504414 -19.718268 4.355558 16.668211 -12.615574 9.574416 -31.279022 -26.481555 4.088379 11.194427 -2.652787 46.767116 -39.920376 -20.090656 -8.857327 0.481704 
13.442099 91.019207 -235.503983 -3.284323 18.085125 -2.981157 -7.288966 -15.816719 17.895350 50.737505 -36.401392 28.758154 -14.876174 15.605388 3.470218 -0.000000 0.000000 0.000000 -1.719806 0.026750 -1.125982 38.530971 19.592816 -8.467169 -24.259965 -20.464906 -3.853840 -0.000000 0.000000 0.000000 5.577098 1.618234 -8.361753 -4.110948 -3.418663 -7.916302 6.149561 -3.833142 -4.127622 12.173550 -37.532471 18.569127 0.127094 -23.799458 16.231486 -0.000000 0.000000 0.000000 3.143392 0.617214 -0.258133 -0.198373 3.930310 -46.148760 11.243218 -15.807338 13.061476 -17.757214 5.442303 17.697260 -12.289821 10.018215 -31.787787 -27.917328 0.535203 9.055434 -0.256012 52.372763 -45.992423 -20.313096 -7.995721 -2.120410 
9.166310 94.119304 -235.734987 -3.568130 15.937480 -4.049723 -7.758489 -17.415462 14.086622 59.776205 -31.093053 27.211321 -17.075016 16.605420 4.999790 -0.000000 0.000000 0.000000 -0.440752 2.319205 2.304506 32.030418 20.343641 -7.208231 -16.341975 -20.601867 -1.085789 -0.000000 0.000000 0.000000 4.904153 3.037145 -7.785094 -3.702558 -2.404235 -7.130933 6.164564 -2.541416 -4.194770 12.984644 -37.319386 18.902428 -1.298332 -22.461981 15.316172 -0.000000 0.000000 0.000000 2.723209 1.349077 -0.910085 0.552607 3.984474 -47.324033 10.200145 -17.685537 13.575418 -16.910188 4.747049 18.743673 -12.822740 9.575519 -30.888512 -28.274601 1.222349 9.767499 3.860782 58.326699 -56.152494 -19.795990 -7.312972 -4.809772 
5.278520 97.854400 -235.896993 -3.066806 12.283371 -5.305347 -9.104996 -16.912218 10.371092 62.820406 -23.010055 20.297355 -17.159616 17.589247 6.084047 -0.000000 0.000000 0.000000 0.088533 4.000117 5.103923 23.835739 20.008427 -6.323363 -2.900454 -18.734414 4.285133 -0.000000 0.000000 0.000000 2.555060 4.249547 -7.906111 -3.290799 -1.699712 -5.954594 6.250104 -1.431497 -4.117629 14.601928 -36.067927 20.280257 -1.048727 -20.597871 14.860630 -0.000000 0.000000 0.000000 3.274789 2.825931 -1.809536 2.095565 4.340832 -48.763433 10.428461 -19.732360 13.619207 -15.159485 5.319871 17.342900 -13.484073 8.045099 -28.740466 -28.620782 3.946211 12.010527 13.356860 64.425131 -70.948642 -19.621216 -6.497579 -7.525664 
1.736050 101.601195 -236.088991 -3.059443 10.143220 -6.126524 -9.895501 -14.561716 6.684265 62.946305 -17.905951 14.671906 -15.542262 16.405639 5.760854 -0.000000 0.000000 0.000000 -0.292835 2.552179 6.060794 17.408707 16.703155 -3.704255 13.596137 -12.416820 11.666660 -0.000000 0.000000 0.000000 1.803619 4.770706 -8.184727 -3.413457 -2.221187 -4.994363 6.383853 -1.411247 -3.788064 15.051813 -34.489861 21.362658 -0.477432 -19.301013 14.572152 -0.000000 0.000000 0.000000 4.254733 3.715217 -2.370399 3.881722 4.596834 -51.023257 10.914066 -20.107561 12.819280 -13.213801 4.286683 17.125562 -14.650349 6.273582 -27.184127 -29.057241 6.310248 14.398020 26.900098 68.342506 -87.415227 -19.634024 -4.983457 -10.324963 
-1.693960 104.577196 -236.599994 -3.809202 7.882403 -6.866624 -8.749272 -10.137798 4.138234 59.501104 -16.228822 10.648195 -10.944435 14.585060 2.720265 -0.000000 0.000000 0.000000 -2.061484 -0.956950 6.090291 15.951800 11.202526 -1.569572 23.802585 -4.575219 17.432351 -0.000000 0.000000 0.000000 3.077826 4.212941 -7.782048 -4.238564 -2.890733 -4.487548 6.813863 -1.779685 -3.080475 13.064412 -32.916002 20.977404 -1.058377 -18.223841 13.903467 -0.000000 0.000000 0.000000 5.094908 3.932540 -2.206926 5.617783 5.462263 -54.973851 11.874502 -20.070873 12.466497 -13.268751 4.658925 14.904741 -15.960516 5.222066 -27.047564 -30.758231 7.156644 16.086943 40.367015 70.257375 -102.047382 -19.291833 -4.632726 -11.380020 
-5.239900 106.266201 -237.326980 -4.933457 5.150175 -8.102651 -5.665926 -5.596481 3.675113 52.100804 -15.721836 6.731654 -5.480593 12.146221 -1.436687 -0.000000 0.000000 0.000000 -6.132649 -2.006495 7.136094 22.935021 8.221604 -0.537587 22.891144 -5.925003 15.620025 -0.000000 0.000000 0.000000 4.747906 2.158222 -6.403479 -4.986533 -2.907917 -3.981847 7.499786 -2.209488 -2.066453 9.983053 -32.048108 19.052467 -2.959092 -15.919941 13.014036 -0.000000 0.000000 0.000000 6.150103 3.373904 -1.385062 6.953062 6.504780 -60.342499 12.162075 -19.899468 11.954887 -16.100725 5.090891 14.359166 -16.286876 5.584481 -28.406165 -32.869534 6.671837 16.845479 49.528724 71.559236 -112.098310 -19.391592 -4.046627 -11.705938 
-8.735870 106.758201 -237.975001 -6.537324 3.772936 -9.941787 -1.092456 -2.223137 4.333803 42.728874 -15.918734 4.544567 1.860063 8.331907 -7.441603 -0.000000 0.000000 0.000000 -10.325184 -1.197919 8.381921 32.874900 5.367230 0.881466 18.542978 -8.182136 12.669047 -0.000000 0.000000 0.000000 7.119416 -0.560911 -3.962882 -5.412518 -2.975156 -3.381432 7.920407 -2.696176 -1.243439 7.041119 -30.666359 16.829008 -4.768654 -14.131530 11.774173 -0.000000 0.000000 0.000000 6.516777 2.320692 -0.492089 8.082792 6.501226 -65.422175 11.694798 -19.400716 11.773775 -18.728891 5.472310 13.582360 -16.478910 6.386213 -29.868097 -34.388624 5.950305 16.780375 56.016747 72.445570 -118.928703 -19.366409 -3.737643 -11.417280 
-12.118600 106.024194 -238.735986 -7.213707 3.946419 -12.060252 2.526602 -0.593607 5.111703 33.708001 -17.428760 3.965100 9.494705 4.975095 -11.037288 -0.000000 0.000000 0.000000 -15.576518 -0.665858 8.976953 42.834594 3.787037 2.229730 16.715768 -8.072234 10.961961 -0.000000 0.000000 0.000000 9.172420 -2.659578 -1.008170 -5.635492 -3.146211 -2.600003 8.022411 -3.426264 -0.603171 4.657971 -29.619522 15.063294 -5.922520 -13.039773 10.736198 -0.000000 0.000000 0.000000 6.123054 1.085469 -0.003921 8.192997 5.518982 -68.761468 11.845165 -18.971233 11.886114 -19.389560 6.067724 12.806473 -16.674122 6.835063 -30.844838 -35.108045 5.120742 15.656508 61.224574 72.643678 -123.910904 -19.138074 -3.071958 -11.671145 
-15.356100 104.066193 -239.591980 -6.588417 4.990347 -13.715113 4.389368 -1.649521 4.924238 26.790193 -20.046562 4.484314 15.743146 4.787044 -11.505890 -0.000000 0.000000 0.000000 -21.480650 -0.003482 8.061533 50.227564 4.681549 3.120343 16.386153 -7.445339 9.959117 -0.000000 0.000000 0.000000 9.528835 -3.798759 1.241959 -5.185658 -3.469619 -1.487508 8.155742 -4.260283 -0.078428 3.335520 -29.160941 14.162672 -7.192145 -12.256593 10.154195 -0.000000 0.000000 0.000000 5.532055 -0.277684 0.145854 7.152702 3.402734 -70.345321 12.067059 -19.198717 11.948420 -20.441853 6.604618 13.150033 -16.824911 6.802305 -31.181012 -35.160609 4.684754 14.096785 65.124710 72.276359 -127.778647 -18.390934 -2.938458 -11.486088 
-18.547800 100.965202 -240.401983 -5.395433 6.166337 -14.579622 4.611427 -4.203128 3.907443 28.128027 -20.932999 5.663013 4.320291 13.344560 -1.258132 -0.000000 0.000000 0.000000 -27.039033 1.586919 5.893404 55.528567 6.828110 3.155569 13.635226 -9.316768 9.527452 -0.000000 0.000000 0.000000 8.700514 -4.236347 2.293567 -4.581518 -3.662550 -0.360174 8.440075 -4.856154 0.327422 3.628469 -29.773125 14.571785 -8.735443 -11.090273 9.776442 -0.000000 0.000000 0.000000 5.261446 -1.659194 0.027117 5.252340 1.412271 -70.063907 13.513199 -20.848383 12.111233 -21.373096 6.849989 14.904635 -16.686124 6.555785 -31.252461 -34.367752 4.504807 13.122493 67.326537 71.490232 -130.663890 -17.062922 -3.200086 -12.297977 
-21.931699 97.251403 -241.057992 -4.416238 7.464452 -15.430867 3.666777 -5.210888 4.807015 33.516126 -19.154949 7.390005 -13.996693 17.036585 7.934963 -0.000000 0.000000 0.000000 -31.189457 4.058714 4.483860 59.102411 8.413410 1.762309 8.909973 -12.049018 8.541172 -0.000000 0.000000 0.000000 8.103318 -4.294766 2.786616 -4.150954 -3.678505 0.739625 8.250574 -5.106837 0.600403 5.096504 -29.884169 16.348335 -9.461040 -11.008774 9.507737 -0.000000 0.000000 0.000000 4.922439 -2.999547 -0.937185 3.296544 -0.170715 -68.147659 15.363302 -22.769793 13.372517 -20.857351 6.557084 15.822480 -16.298650 6.331175 -30.029529 -33.517907 4.973024 12.718656 70.288200 70.518705 -134.283652 -17.151411 -3.300106 -13.213860 
-25.324398 93.734199 -241.602993 -3.612898 9.401061 -15.259810 1.391077 -5.703163 5.939595 39.556091 -20.263530 9.964235 -27.484893 15.303649 13.439798 -0.000000 0.000000 0.000000 -32.907886 6.646408 2.303364 60.322782 10.539408 -1.332466 6.609167 -13.666269 8.748385 -0.000000 0.000000 0.000000 8.116063 -4.160977 1.829182 -3.897343 -3.957373 1.659243 7.564357 -5.230277 0.612297 7.204320 -29.674210 19.457953 -8.565936 -12.162546 9.958388 -0.000000 0.000000 0.000000 4.328634 -3.778884 -2.711079 1.155696 -1.716889 -64.683229 16.885362 -24.151596 14.428785 -19.429870 5.107956 18.034338 -16.193175 5.803236 -27.334375 -31.890430 5.831027 13.765209 75.496605 68.623578 -140.308333 -16.077739 -2.883192 -15.265947 
-28.708300 90.359104 -241.944003 -2.576019 11.471180 -14.500915 -0.286417 -6.151564 6.988035 43.366827 -22.468513 11.777149 -40.101060 13.897907 19.026238 -0.000000 0.000000 0.000000 -33.095627 9.326634 -0.039380 61.227454 14.241088 -5.829966 5.307727 -13.638691 8.833931 -0.000000 0.000000 0.000000 7.525885 -4.031265 0.464260 -3.762125 -4.324048 2.270796 7.428373 -5.272167 0.730623 8.294848 -29.666650 21.275528 -6.946761 -14.017328 10.779401 -0.000000 0.000000 0.000000 3.838446 -4.398697 -2.654063 -1.294022 -2.624689 -62.832803 18.346135 -25.640215 14.747182 -19.046055 4.718731 19.609357 -16.094231 5.650495 -25.472253 -30.906798 6.633336 15.774626 78.346966 66.715417 -143.092958 -14.664457 -2.147532 -18.806069 
-32.174301 87.694305 -241.762996 -2.496492 13.134906 -12.858482 -2.294454 -7.797841 6.346512 49.698948 -22.019495 13.982617 -46.751152 13.093019 21.057826 -0.000000 0.000000 0.000000 -30.405251 12.203120 -2.121120 61.498559 16.665965 -11.014540 3.018229 -13.896585 8.391786 -0.000000 0.000000 0.000000 7.118923 -3.570372 -1.644437 -2.588417 -4.709703 2.855207 6.298674 -5.058682 0.467773 9.601049 -29.439604 22.435438 -6.324199 -16.234348 10.804835 -0.000000 0.000000 0.000000 3.437941 -5.036519 -2.972667 -2.690632 -3.975285 -60.608003 18.393248 -26.538046 14.955327 -18.725355 3.787603 19.809730 -16.277772 5.940211 -23.371495 -29.362706 8.788288 17.749046 79.342986 65.454235 -143.876568 -13.710785 -2.218148 -20.928509 
-36.067098 85.981607 -240.836000 -2.280058 14.552596 -11.333610 -4.521063 -10.753534 6.772482 54.916719 -21.373908 13.409225 -48.568002 13.912904 21.065106 -0.000000 0.000000 0.000000 -26.174093 14.676458 -2.864377 60.955462 18.321556 -16.140256 0.004737 -15.569052 6.833729 -0.000000 0.000000 0.000000 5.822124 -2.469227 -3.787719 -2.419759 -4.946749 2.867246 6.629476 -4.817285 0.011864 9.849774 -29.593345 23.097866 -3.810160 -18.798487 11.177236 -0.000000 0.000000 0.000000 3.043482 -5.214978 -2.830348 -3.458674 -5.554450 -58.141977 19.399593 -26.724067 14.834062 -17.616234 2.801083 20.019263 -16.245878 6.120578 -21.590810 -27.247030 10.315053 19.591743 77.656916 64.397010 -141.716032 -14.137284 -2.196941 -22.029355 
-40.155497 85.185701 -239.207006 -2.454965 15.261272 -10.351100 -3.353471 -9.583062 9.734958 54.141106 -22.227380 14.387194 -49.330461 13.226691 19.234286 -0.000000 0.000000 0.000000 -21.011202 16.105030 -1.828244 61.274358 22.474457 -21.694127 -2.447544 -13.416936 6.169064 -0.000000 0.000000 0.000000 4.229664 -1.971920 -4.694194 -1.886628 -4.288331 2.221772 6.761355 -3.925821 -0.354700 9.976509 -30.056780 22.762459 -2.821038 -21.000832 12.012089 -0.000000 0.000000 0.000000 2.464748 -5.340227 -2.080665 -3.661038 -5.018033 -57.218347 19.965157 -26.702525 15.108397 -16.424556 3.564840 19.208844 -15.436669 7.222924 -21.375101 -26.580443 9.945254 21.011998 75.218801 64.166143 -136.900720 -13.048455 -2.139201 -22.644628 
-44.596297 85.164505 -236.923981 -2.612701 16.519388 -8.818717 -0.599433 -8.372481 12.533693 50.199014 -24.604757 15.737816 -47.796393 14.048161 17.030149 -0.000000 0.000000 0.000000 -15.154948 16.252608 -1.671511 59.918276 26.892119 -23.934841 -4.816865 -11.026350 6.305862 -0.000000 0.000000 0.000000 2.558990 -1.869022 -6.233934 -1.531659 -3.820645 1.185948 7.070645 -3.177288 -0.921475 9.240817 -30.230629 22.149790 -1.298646 -23.070956 12.596452 -0.000000 0.000000 0.000000 2.262416 -4.696087 -1.604021 -2.977728 -4.312555 -55.372019 18.800564 -27.153106 14.617941 -17.658857 2.662439 19.593707 -15.272717 8.043953 -21.328499 -26.008953 10.564094 22.239067 70.078664 64.551715 -128.725693 -12.257968 -2.704599 -20.969838 
-49.456400 85.521603 -234.302998 -1.993538 19.203138 -7.107824 1.986041 -8.660462 15.965184 43.799705 -27.969366 15.436950 -43.981572 15.710036 13.713666 -0.000000 0.000000 0.000000 -9.576525 14.661526 -2.765977 53.209754 25.332538 -20.596422 -14.026846 -18.518922 3.434871 -0.000000 0.000000 0.000000 0.930497 -1.683585 -8.098273 -1.756490 -3.637243 -0.416052 7.324852 -3.108469 -1.485525 8.435257 -31.279270 21.297076 0.213320 -24.392239 13.170587 -0.000000 0.000000 0.000000 2.919757 -3.940330 -0.633785 -2.649510 -3.700156 -52.719290 19.777967 -26.900063 14.449441 -18.151744 2.581880 19.634171 -14.934986 9.087221 -22.414670 -24.907671 10.765725 22.835647 61.310368 65.157799 -117.196937 -12.515795 -3.935104 -18.082783 
-54.607397 86.107606 -231.615996 -0.843958 21.957754 -6.092063 3.212510 -8.786404 19.985847 37.295582 -29.525982 14.449757 -35.975136 17.584273 7.840175 -0.000000 0.000000 0.000000 -6.727905 11.335071 -3.213411 46.935529 21.272649 -15.855651 -23.012335 -22.287316 0.039216 -0.000000 0.000000 0.000000 -0.166369 -0.776651 -9.072988 -1.541974 -3.529593 -2.194305 6.523704 -3.088995 -2.324022 6.738585 -31.659621 19.997930 0.350046 -26.306985 13.699541 -0.000000 0.000000 0.000000 2.920600 -3.651515 0.209160 -1.892866 -3.206109 -49.658830 20.208786 -25.643471 14.370549 -17.730651 2.057619 19.129070 -14.478910 10.136687 -23.883138 -24.625637 10.351513 21.860047 49.455035 64.939937 -101.817670 -13.007998 -5.324197 -14.917985 
-59.718400 87.045503 -229.153991 0.014996 24.288751 -5.434970 1.537398 -9.183450 21.571262 37.151384 -28.035602 15.939341 -24.259759 19.792679 3.295524 -0.000000 0.000000 0.000000 -5.597151 7.239772 -3.123132 42.210695 19.301381 -11.624520 -28.999639 -21.120798 -3.272604 -0.000000 0.000000 0.000000 -0.282259 0.530528 -9.298294 -0.904013 -3.301721 -3.985963 5.476809 -2.757031 -3.255276 5.097547 -32.318917 18.724159 -0.854668 -27.629726 14.647532 -0.000000 0.000000 0.000000 2.138504 -3.894865 0.681549 -1.405298 -2.722124 -46.790322 19.422399 -24.309159 14.456105 -16.402068 2.662442 19.148014 -13.316354 11.358220 -25.609316 -25.412584 9.012152 19.938443 36.829232 63.367361 -85.865761 -12.942646 -6.991012 -12.005732 
-64.112395 88.513309 -227.145982 0.698195 26.000845 -5.326777 -1.595005 -10.489952 20.253468 42.220080 -26.657298 18.488165 -17.616488 19.820185 5.929484 -0.000000 0.000000 0.000000 -5.286417 3.806055 -2.363026 39.011183 20.018103 -8.812992 -29.822141 -19.239379 -4.883450 -0.000000 0.000000 0.000000 0.400684 1.729303 -7.991784 -1.518816 -2.421372 -5.716332 5.471802 -2.073376 -4.131845 3.543905 -34.488900 17.043756 -1.463795 -27.323850 15.425443 -0.000000 0.000000 0.000000 0.912339 -3.834470 0.606977 -1.514405 -2.792633 -45.512368 19.259790 -23.058786 15.220540 -15.000721 4.031480 19.197218 -11.791675 12.573254 -27.811803 -26.354329 7.416698 17.826199 24.550338 61.664485 -71.527207 -16.168777 -8.037545 -9.961530 
-67.497593 90.730304 -225.138998 0.273709 27.142575 -6.225794 -3.399483 -11.481251 18.084916 49.477295 -26.865862 20.503354 -19.163706 18.104201 6.516161 -0.000000 0.000000 0.000000 -3.307835 1.985036 0.500857 34.427218 19.535379 -6.718906 -25.106264 -18.183921 -3.641435 -0.000000 0.000000 0.000000 1.708684 2.879602 -5.697618 -2.241431 -1.470080 -6.308973 5.396548 -1.057409 -4.155337 3.607356 -36.451582 16.032671 -3.213472 -25.972957 15.375813 -0.000000 0.000000 0.000000 0.126157 -3.383549 0.175722 -1.062778 -2.509703 -47.206552 17.957370 -23.125306 16.303651 -15.498946 4.262483 19.358545 -11.286070 13.756519 -29.485044 -27.422118 6.866149 16.281849 14.830967 59.415537 -60.155509 -19.228669 -9.467093 -7.561801 
-70.344597 93.680102 -223.088002 -0.307115 27.164402 -6.952955 -3.468059 -12.724501 15.047288 50.818853 -25.137797 17.612556 -17.012649 17.704485 5.210993 -0.000000 0.000000 0.000000 -1.661500 1.977005 3.113542 29.819817 18.160899 -4.794181 -15.041336 -16.834818 0.459295 -0.000000 0.000000 0.000000 1.933326 4.035980 -5.047140 -2.468191 -0.458802 -5.878085 5.796174 -0.201483 -3.606458 4.727343 -36.928759 17.038599 -3.609641 -24.491263 15.253310 -0.000000 0.000000 0.000000 -0.052410 -1.858498 0.124527 0.274128 -2.475576 -50.045347 15.797527 -24.377076 16.608344 -16.304893 3.787555 19.080763 -11.874358 13.719763 -29.973343 -27.985875 8.369166 17.051559 7.911778 57.370932 -54.189096 -20.146148 -10.741731 -5.095259 
-72.917295 96.849704 -221.059990 -0.701710 27.398433 -7.599304 -3.582203 -12.422098 11.789019 48.143073 -23.786393 13.863331 -10.491991 15.897765 1.729305 -0.000000 0.000000 0.000000 -2.304030 1.666752 4.682139 27.868754 15.770610 -2.185498 -0.839054 -13.232805 6.576851 -0.000000 0.000000 0.000000 2.209958 4.296621 -5.311870 -3.113322 0.037249 -5.060634 6.271069 0.048642 -2.979413 6.008399 -35.911757 19.056287 -2.529319 -23.359038 15.222894 -0.000000 0.000000 0.000000 0.602458 -0.111730 0.321123 2.731923 -2.381193 -52.553180 15.651731 -25.236632 16.471443 -15.960593 3.035115 18.572092 -13.070695 12.762595 -29.622199 -28.473343 10.548305 19.201805 3.270120 57.369470 -51.220175 -22.438705 -10.441714 -5.301991 
-75.283700 99.535710 -219.189000 -1.090636 27.807003 -7.999031 -3.419676 -10.596343 8.355480 44.087996 -24.109983 10.942833 -6.737082 12.763080 0.446168 -0.000000 0.000000 0.000000 -4.890374 -0.498278 4.575704 28.971305 12.926293 0.514590 13.304211 -5.777961 11.983585 -0.000000 0.000000 0.000000 2.974859 4.039556 -5.395207 -3.766444 -0.033515 -4.480356 6.566440 -0.017211 -2.513490 6.801087 -34.482640 20.582414 -1.773987 -22.443400 15.162773 -0.000000 0.000000 0.000000 1.795760 0.767295 0.574261 5.506156 -1.888154 -54.982402 16.713675 -25.207595 16.296490 -15.205625 2.858186 16.663128 -14.041114 11.809439 -29.515625 -29.618326 11.782452 20.738918 2.015896 57.853695 -51.046191 -23.161051 -10.170233 -4.572885 
-77.732903 101.125193 -217.487001 -1.641920 27.756408 -8.742513 -2.677909 -7.724531 6.353018 39.390945 -23.900386 8.186560 -2.139415 10.003924 -3.818437 -0.000000 0.000000 0.000000 -8.646179 -2.758657 4.668605 33.082276 10.772483 1.720438 21.742915 1.622132 14.785662 -0.000000 0.000000 0.000000 4.323710 3.371484 -4.303231 -3.966375 -0.132739 -4.096945 6.178472 -0.141144 -2.187128 6.847935 -33.153289 20.689322 -2.908135 -21.561128 14.519083 -0.000000 0.000000 0.000000 2.662063 1.313880 0.860381 8.037926 -0.650973 -57.845979 17.191726 -24.779972 15.743447 -16.023943 2.792303 14.182795 -14.914970 11.371909 -30.136436 -31.521456 12.428629 21.092121 1.716884 58.354746 -50.953952 -22.659747 -10.034662 -4.289956 
-80.136997 101.369202 -215.903997 -2.118452 28.102881 -9.856937 -1.618817 -5.540588 5.382935 35.617468 -23.110675 5.956650 2.107848 7.264513 -7.256887 -0.000000 0.000000 0.000000 -12.381025 -3.460134 4.932560 37.466127 6.233513 2.654091 19.858936 -2.757857 13.352133 -0.000000 0.000000 0.000000 5.846466 1.962883 -2.244010 -4.697060 0.116839 -3.847529 6.421037 -0.444668 -1.794653 6.535855 -33.384024 19.745817 -4.064482 -19.728697 13.517478 -0.000000 0.000000 0.000000 3.769239 1.856638 1.150802 9.267040 0.535802 -61.359858 16.640762 -23.576206 14.925336 -18.497125 3.287596 13.116516 -15.002496 11.449026 -31.673816 -32.991689 12.343909 20.399202 0.435814 59.390893 -50.864316 -21.920458 -9.642173 -4.951876 
-82.420498 100.449204 -214.389992 -2.337235 29.745090 -11.028159 -0.429305 -4.566274 4.544313 33.903070 -22.757308 5.226453 1.106150 7.678801 -5.490138 -0.000000 0.000000 0.000000 -15.240436 -3.291799 4.311601 38.508293 2.395472 3.205929 13.950743 -9.507920 10.870925 -0.000000 0.000000 0.000000 7.275407 0.585286 0.085276 -5.727665 0.241446 -3.635742 7.319428 -0.812693 -1.387613 6.325503 -34.636641 18.561236 -4.748388 -18.017255 12.590694 -0.000000 0.000000 0.000000 4.598219 2.243848 1.119518 8.821586 1.509679 -64.320840 15.431450 -21.349314 13.884454 -20.562199 4.177197 12.807194 -14.737921 11.307954 -32.965629 -33.961714 11.484327 18.809055 1.032674 61.182965 -53.283317 -20.641765 -9.207990 -5.485682 
-84.683597 98.471802 -212.859988 -1.905261 32.359094 -12.514332 0.649168 -4.170494 4.318694 33.656996 -18.301950 5.625356 -4.418445 15.481869 1.444655 -0.000000 0.000000 0.000000 -17.650242 -2.232341 3.304429 36.426687 2.329549 2.542560 8.433504 -13.944854 7.943197 -0.000000 0.000000 0.000000 8.361791 -0.346160 2.342281 -7.048369 0.283655 -3.400942 8.376488 -1.281403 -0.865937 6.542088 -36.553767 17.660765 -4.641114 -16.196269 12.252512 -0.000000 0.000000 0.000000 5.034278 2.346764 0.946887 7.351513 3.039529 -66.303996 14.218782 -19.156627 12.571022 -20.925911 5.583761 13.234478 -14.345207 10.797106 -33.555179 -34.603524 9.781175 16.764896 5.137625 63.976966 -59.197500 -18.674878 -8.660997 -6.519044 
-86.934501 95.651805 -211.237001 -0.874600 35.074091 -13.808419 1.338962 -3.672681 5.287973 34.844675 -14.448687 6.681131 -16.971515 19.867803 6.726960 -0.000000 0.000000 0.000000 -20.036519 0.087647 1.757524 33.355552 4.272261 0.341119 2.692907 -17.249001 5.632449 -0.000000 0.000000 0.000000 8.560043 -0.698291 3.553350 -7.266798 0.135450 -2.816081 8.500423 -1.708697 -0.472828 7.102181 -37.128124 17.921438 -4.786457 -15.757725 11.685343 -0.000000 0.000000 0.000000 5.295774 2.188655 0.176779 5.845586 4.032248 -66.668487 13.029913 -17.548923 11.280016 -20.665539 6.123599 13.508038 -14.452285 9.661726 -32.635151 -34.786536 8.937663 14.833812 13.337148 67.236471 -69.798745 -15.908166 -8.327278 -8.005716 
-89.199096 92.357200 -209.492993 0.202958 38.561771 -14.378762 0.813061 -3.571628 7.135827 37.934889 -16.027707 8.681732 -29.355545 18.582116 11.855892 -0.000000 0.000000 0.000000 -21.283023 3.106872 -0.865691 30.373068 7.947317 -2.436630 -2.364310 -20.415415 3.122435 -0.000000 0.000000 0.000000 8.713606 -1.119856 3.634158 -7.231359 -0.354041 -2.129753 8.415605 -2.121554 -0.249745 8.001960 -37.170115 18.906605 -4.509005 -15.872704 11.492094 -0.000000 0.000000 0.000000 5.636378 1.235574 -1.326613 4.330913 4.229336 -65.214592 13.404722 -16.539063 10.325459 -20.258014 6.340743 14.156152 -14.509970 8.738665 -30.593344 -34.631664 8.232000 13.382511 28.035512 69.887718 -87.790426 -12.765699 -7.877041 -9.803168 
-91.523397 89.138305 -207.489991 0.843191 42.478577 -13.713408 -1.063427 -4.609636 8.204502 44.397036 -20.020735 11.274752 -38.984954 17.386764 15.364644 -0.000000 0.000000 0.000000 -20.834602 6.119966 -4.352049 28.838501 13.584973 -6.255008 -5.972816 -20.858442 2.497331 -0.000000 0.000000 0.000000 9.480287 -1.081266 2.304013 -7.345039 -1.408870 -1.453937 7.990885 -2.468312 -0.219990 8.990077 -36.195365 20.270378 -3.768546 -17.149816 11.541061 -0.000000 0.000000 0.000000 5.407217 0.079152 -2.222071 2.700796 3.928571 -62.939884 15.346480 -15.307990 9.094026 -19.495489 6.651018 14.824953 -14.885079 7.788557 -28.012753 -34.094411 7.564752 13.576618 49.202702 69.999788 -112.195350 -10.537235 -6.977831 -13.698214 
-93.926495 86.492908 -204.940987 1.093034 45.965440 -12.475378 -2.404071 -5.121725 9.465603 48.208378 -20.795498 12.044665 -45.741690 16.520168 18.277998 -0.000000 0.000000 0.000000 -19.567747 8.600490 -6.973858 30.655505 20.478078 -11.441724 -7.928963 -18.335174 2.623860 -0.000000 0.000000 0.000000 10.138171 -0.493096 0.651707 -7.333226 -2.419174 -1.064607 7.377056 -2.783008 -0.428239 9.291561 -34.955623 20.882767 -1.888154 -19.265226 11.807816 -0.000000 0.000000 0.000000 4.478929 -0.762240 -2.627200 0.732885 4.319013 -60.540599 15.929388 -14.419171 8.248419 -18.033803 7.991099 14.535209 -15.429663 6.948102 -25.169942 -33.860248 7.511332 14.994620 68.482376 67.133914 -134.015597 -8.778919 -6.161433 -18.387380 
-96.255600 84.748405 -201.547003 1.040223 48.618399 -11.535307 -2.329257 -4.324193 12.189386 49.665204 -21.869024 14.285937 -48.324885 14.695643 16.429200 -0.000000 0.000000 0.000000 -18.014534 11.408999 -7.164587 36.404989 25.573471 -16.955402 -11.338148 -16.302527 2.722375 -0.000000 0.000000 0.000000 9.756120 -0.824083 -0.464755 -6.456943 -2.730778 -0.740382 6.752130 -2.549918 -0.698908 8.759463 -33.419720 20.548118 -1.062080 -21.112495 11.604270 -0.000000 0.000000 0.000000 3.721911 -1.366115 -3.123665 -0.929564 5.297123 -58.500024 14.472356 -15.095348 8.310442 -17.017783 8.188137 15.552966 -15.385868 7.131664 -22.760691 -34.123285 7.794809 15.902628 80.719804 63.738630 -147.696267 -7.003811 -5.564953 -23.029815 
-98.511702 84.039104 -197.270000 1.573196 50.740250 -10.677630 -1.278599 -5.727418 14.728940 48.317785 -23.210864 14.047928 -47.117220 16.053629 15.078509 -0.000000 0.000000 0.000000 -17.480580 14.578347 -6.328833 43.762303 26.289810 -19.156825 -15.935691 -18.023037 2.214114 -0.000000 0.000000 0.000000 8.021745 -1.482548 -2.026652 -5.584776 -2.578617 -0.524176 6.696043 -2.299544 -1.328579 7.146061 -31.953717 19.681152 -0.175412 -22.501743 10.760335 -0.000000 0.000000 0.000000 3.312268 -1.484792 -3.247990 -1.692877 4.890945 -56.260652 13.826851 -16.661077 9.000319 -16.591774 6.750008 16.206360 -15.619948 7.389542 -21.343076 -33.557151 9.096271 16.294565 84.180341 61.342175 -152.267731 -5.562377 -5.905316 -23.664266 
-100.783992 84.368402 -192.212999 2.481447 54.424315 -9.945065 0.666457 -5.734567 18.868548 42.229669 -25.728042 13.730528 -41.486770 16.410419 9.928370 -0.000000 0.000000 0.000000 -16.965500 14.189721 -5.746327 47.038141 22.368025 -16.885908 -19.296352 -20.819275 2.538687 -0.000000 0.000000 0.000000 6.645469 -2.377538 -3.718916 -5.205468 -2.725743 -1.091262 6.672744 -2.637364 -1.667757 5.306095 -30.694208 18.715921 -0.026847 -23.689081 10.466541 -0.000000 0.000000 0.000000 3.416537 -1.632343 -2.443739 -2.034420 4.153861 -54.138308 15.403575 -18.714346 10.262108 -16.633430 5.520128 16.399235 -15.665721 7.557521 -21.846819 -33.130996 9.187160 16.152324 82.131332 61.461384 -149.354449 -4.768553 -4.994129 -24.958531 
-103.023994 85.701907 -186.354005 2.169316 60.381804 -8.534649 2.133319 -4.349354 23.579317 34.861216 -28.706753 14.863296 -28.764474 15.930600 1.047961 -0.000000 0.000000 0.000000 -13.583723 9.539621 -5.398644 44.637427 18.958320 -12.905402 -25.184161 -21.464348 -0.372125 -0.000000 0.000000 0.000000 6.464999 -2.891160 -5.869154 -4.437925 -4.002430 -1.981790 6.526936 -3.649724 -1.450045 3.918872 -29.711866 17.933234 -0.097014 -24.988572 11.499020 -0.000000 0.000000 0.000000 3.620814 -2.432367 -0.632348 -2.101833 3.410500 -52.371497 17.984744 -20.638472 11.739943 -17.654338 4.476389 16.952985 -15.653484 7.983896 -24.002547 -33.338622 7.452994 16.161769 75.854978 63.270249 -141.028518 -4.596549 -5.711304 -23.756844 
-105.281997 88.069201 -180.417991 3.667783 66.793467 -8.305127 0.038697 -5.608644 24.811424 30.823906 -27.757970 15.516258 -10.380427 16.960236 -5.089749 -0.000000 0.000000 0.000000 -10.321832 4.559985 -4.720625 40.270191 16.337206 -9.716979 -27.281429 -20.619051 -3.121313 -0.000000 0.000000 0.000000 6.057083 -2.124287 -8.622819 -3.835826 -5.675393 -3.059174 6.226950 -5.070135 -1.639481 4.230805 -29.835771 17.989577 0.977423 -26.221200 13.476833 -0.000000 0.000000 0.000000 3.692480 -3.280374 0.693452 -2.394937 1.476682 -49.697457 19.967179 -21.684749 12.551433 -17.935684 3.878612 17.806121 -15.744783 7.927894 -25.815411 -32.666938 6.083475 16.648621 65.441688 65.337657 -128.656382 -7.244352 -5.547632 -22.352957 
-107.164001 91.180003 -175.138998 5.286066 71.467669 -8.974336 -2.555016 -7.697808 23.089700 27.788737 -20.846574 14.050412 5.745201 19.942002 -4.124039 -0.000000 0.000000 0.000000 -7.880880 2.809780 -1.992520 35.711759 14.787913 -7.373852 -22.719336 -21.981480 -5.148080 -0.000000 0.000000 0.000000 5.439803 -1.376393 -9.469752 -3.319925 -5.883457 -4.250209 5.882287 -5.603231 -2.253106 6.449518 -32.258783 17.757918 1.939495 -24.924306 15.345090 -0.000000 0.000000 0.000000 3.411983 -3.686438 0.881592 -3.276670 -1.100646 -47.956161 20.527233 -22.080446 12.717386 -17.309720 4.090097 17.863793 -14.979277 8.257147 -27.670034 -31.218064 5.727751 16.659991 47.009302 66.142007 -108.719247 -7.418178 -4.711152 -23.164355 
-108.606994 94.484299 -170.622993 0.620793 74.360102 -5.023942 -3.260287 -7.291694 20.740619 28.891209 -20.399797 12.911451 4.341133 16.851135 -1.318997 -0.000000 0.000000 0.000000 -3.913746 1.764954 1.373563 29.863773 13.592216 -5.599400 -14.330096 -22.372744 -2.598503 -0.000000 0.000000 0.000000 6.764675 -1.189046 -8.006107 -4.201962 -4.980620 -5.434274 6.338716 -4.777102 -2.454085 8.684900 -34.520004 17.007063 2.174955 -22.826612 15.758910 -0.000000 0.000000 0.000000 2.339836 -3.741378 1.181188 -3.814419 -3.447889 -49.516657 20.828943 -22.077077 13.487589 -16.175380 3.473457 18.335175 -14.577612 9.584284 -30.074822 -30.978573 6.040729 16.246812 23.355476 62.920419 -81.806647 -5.016155 -3.912115 -23.442663 
-109.878993 97.752804 -166.510999 -3.641211 75.737537 -1.871924 -3.029754 -7.449121 17.435207 30.231028 -22.475895 10.380639 2.923944 11.999235 -3.968499 -0.000000 0.000000 0.000000 -1.479318 1.283880 3.809804 24.479554 12.028451 -3.685160 -2.390420 -19.146639 4.192068 -0.000000 0.000000 0.000000 7.205763 -0.557617 -6.392172 -4.842960 -3.806416 -6.028844 6.746838 -3.731346 -2.502253 11.011541 -34.897237 17.226254 2.308347 -21.052655 15.346546 -0.000000 0.000000 0.000000 0.960281 -2.820811 1.730986 -3.455537 -6.313470 -52.756158 20.377780 -22.037521 14.400429 -16.604398 2.053035 17.343305 -15.156892 10.380682 -31.978082 -31.236121 8.358128 16.436483 3.317009 54.110077 -57.719306 -6.650266 -2.955636 -20.328188 
-111.126995 100.557196 -162.660992 -4.446197 75.865376 -2.111993 -2.600851 -8.252307 13.196991 30.054871 -24.058240 7.675002 1.571112 10.546275 -6.134241 -0.000000 0.000000 0.000000 -1.605694 0.610203 4.886470 21.458472 11.410159 -1.748799 9.215927 -12.167502 11.701033 -0.000000 0.000000 0.000000 6.681044 0.364235 -4.726598 -5.615811 -2.378764 -6.453495 7.263696 -2.880528 -2.610831 13.057839 -34.521935 18.325333 2.559751 -19.071849 14.873647 -0.000000 0.000000 0.000000 -0.377921 -1.290370 2.090403 -2.446535 -9.219152 -56.135397 19.180482 -21.858109 15.130426 -17.132908 0.815992 16.317753 -16.136364 10.496735 -33.666238 -31.144787 11.391566 16.529706 -8.825306 41.483381 -40.520372 -11.210571 -3.837592 -14.450766 
-112.450993 102.417207 -158.939993 -4.511230 75.041767 -3.058702 -2.585844 -7.324325 9.011418 29.156401 -24.541086 6.441541 1.606301 9.828991 -7.672203 -0.000000 0.000000 0.000000 -2.686422 -0.220777 5.508372 21.493472 14.499711 -2.109643 13.622882 -0.877861 15.175960 -0.000000 0.000000 0.000000 6.021335 1.061169 -2.683951 -6.224515 -0.909095 -6.977329 7.638743 -1.914535 -2.778575 14.374708 -33.325750 19.074342 1.946402 -17.521136 14.636670 -0.000000 0.000000 0.000000 -1.800773 -0.086974 2.702004 -0.652190 -11.265622 -59.350887 18.435798 -21.478557 15.773915 -18.263826 0.156858 15.704533 -16.601601 10.574777 -35.889735 -30.749557 13.254759 16.392256 -12.252668 28.109151 -28.502144 -16.444555 -5.644391 -9.230452 
-113.776004 103.018200 -155.224001 -3.967488 74.758957 -4.614379 -2.718092 -6.722863 5.923268 27.555628 -23.852518 5.148782 2.941143 8.984887 -8.154616 -0.000000 0.000000 0.000000 -3.947598 0.321455 6.224312 23.328127 15.414675 -3.370714 12.327337 -0.592852 13.759141 -0.000000 0.000000 0.000000 4.895358 0.878647 -0.537512 -6.722654 0.522311 -7.180988 8.240531 -1.358280 -2.782894 15.786437 -33.532756 19.100934 1.043750 -14.738871 14.193635 -0.000000 0.000000 0.000000 -2.002060 0.790067 3.315297 0.610226 -12.624980 -62.203794 18.445959 -20.919222 16.241101 -19.920727 0.111308 15.318945 -16.288912 11.022372 -38.778519 -28.116939 14.501005 16.440516 -8.917528 17.508927 -20.914089 -18.520285 -9.632766 -2.066249 
-115.037000 102.452195 -151.600003 -4.562920 76.236869 -5.088805 -2.396776 -8.035875 3.703032 26.242546 -24.245023 4.203131 3.051149 9.108477 -7.619470 -0.000000 0.000000 0.000000 -4.714584 1.713220 5.723607 25.057814 10.960274 -3.360857 7.500150 -9.123768 11.007547 -0.000000 0.000000 0.000000 4.498543 -0.004173 1.288041 -7.398775 1.200467 -6.835838 8.718351 -1.342082 -2.608868 16.830310 -34.503431 19.227818 1.413946 -12.336793 13.183731 -0.000000 0.000000 0.000000 -1.249360 1.713523 3.702469 0.568872 -13.196132 -64.901974 18.575179 -19.868785 16.123408 -21.530427 0.219271 13.713600 -16.134005 11.689344 -40.510786 -25.949641 16.127996 18.008991 -6.515239 11.595356 -18.097235 -17.201101 -11.667736 4.436286 
-116.244006 100.807202 -148.076987 -5.541767 78.949247 -5.249607 -2.034278 -9.146877 2.582075 26.204081 -21.656694 4.035303 -1.333164 14.985545 -0.790914 -0.000000 0.000000 0.000000 -4.488253 2.239476 3.861067 25.974096 8.090364 -2.942625 2.253318 -15.246515 7.136001 -0.000000 0.000000 0.000000 4.186399 -0.372504 2.943294 -7.981602 1.115815 -6.240750 9.565188 -1.641540 -2.251523 17.374762 -35.791592 19.619523 2.122817 -10.894820 12.701876 -0.000000 0.000000 0.000000 -0.213170 1.836964 3.015575 0.080108 -12.704671 -66.455602 18.699897 -19.686164 15.272987 -22.944269 0.941824 13.770594 -15.500904 11.708783 -40.302092 -25.102790 15.791952 19.193401 -7.854668 12.623000 -18.503042 -18.452333 -11.614850 2.946104 
-117.447996 98.242807 -144.499993 -8.429597 82.134711 -3.685958 -2.215000 -7.657399 4.321579 29.384727 -15.322091 4.088331 -14.304560 20.635620 5.743432 -0.000000 0.000000 0.000000 -3.443391 1.390300 1.503872 26.356625 6.953651 -3.191538 -1.533729 -19.154345 4.630587 -0.000000 0.000000 0.000000 4.413065 -0.264183 4.224689 -8.505351 0.477015 -5.337585 10.149680 -2.027912 -1.414300 17.268170 -37.217501 19.905015 2.429565 -10.021117 12.400930 -0.000000 0.000000 0.000000 1.142168 1.116966 1.444993 -0.790381 -10.639967 -67.282021 18.741004 -19.764373 14.354981 -22.609656 1.271683 13.918493 -14.691407 11.355258 -38.194177 -24.976722 14.095630 17.854881 -6.819389 17.659994 -20.111950 -15.995366 -10.529001 1.742630 
-118.777001 95.185405 -140.811992 -16.780217 85.905566 4.383874 -4.440337 -4.511070 7.549345 34.066293 -14.939928 5.573696 -25.308222 16.328137 9.630575 -0.000000 0.000000 0.000000 -1.921110 -0.818685 -2.147741 26.399407 6.841344 -4.045150 -4.631665 -22.051741 2.528766 -0.000000 0.000000 0.000000 5.110077 -0.351066 4.161836 -8.791468 -0.653991 -4.655599 10.127977 -2.671320 -0.571413 17.168117 -37.863613 20.366994 2.361745 -9.681385 12.527255 -0.000000 0.000000 0.000000 2.838724 0.068807 0.417594 -1.758557 -8.707256 -67.296579 20.346950 -19.101372 13.492040 -22.639767 1.275292 13.792671 -13.346825 10.796962 -36.601787 -24.982807 11.870249 16.808850 -5.205783 22.656441 -22.372392 -14.989511 -9.779273 1.262427 
-120.352995 92.080402 -136.851001 -110.762348 89.186513 99.430791 -8.907716 -4.627991 8.759053 42.116275 -19.881020 8.718656 -33.930139 15.281479 12.504434 -0.000000 0.000000 0.000000 -0.789565 -2.287418 -6.518402 26.960675 7.545525 -5.414345 -6.626517 -24.628839 1.359455 -0.000000 0.000000 0.000000 5.771154 -0.541994 2.498783 -9.400411 -2.304016 -4.297196 10.445899 -3.652773 0.047005 17.029396 -37.906834 21.092723 2.258104 -9.560661 12.980366 -0.000000 0.000000 0.000000 4.188334 -0.872831 0.281814 -2.439674 -7.411400 -66.581924 22.276112 -17.982405 12.468076 -23.695073 1.697400 14.336281 -13.320871 10.320512 -35.565702 -24.903948 10.630526 17.166501 -4.790652 25.868096 -24.022963 -15.939886 -10.532016 0.302174 
-121.774995 89.511806 -132.518995 -166.836595 86.691262 157.016313 -12.383784 -7.312685 8.635911 49.063870 -21.139162 10.735462 -38.486412 16.023816 14.422704 -0.000000 0.000000 0.000000 0.607629 -2.194970 -10.382625 27.579485 7.930617 -6.752171 -7.124472 -26.387806 1.080004 -0.000000 0.000000 0.000000 6.239851 -0.057257 0.772612 -9.317611 -3.571226 -4.199195 10.117770 -4.384674 -0.080313 17.307200 -37.643803 21.836370 2.236321 -10.007427 13.156365 -0.000000 0.000000 0.000000 4.876355 -1.325752 0.056728 -2.505087 -7.161012 -64.810279 22.500043 -15.983855 11.119280 -22.975558 1.848892 15.033881 -13.768292 9.880780 -34.494009 -24.304808 10.838317 17.252405 -6.285025 26.716816 -24.236973 -17.527983 -10.479577 -0.598892 
-122.758996 88.103700 -127.395999 -158.739168 86.468622 149.831728 -13.203423 -9.364180 10.721568 51.483903 -20.615518 10.769796 -38.998642 16.813675 13.177445 -0.000000 0.000000 0.000000 1.345280 -1.071724 -11.826384 28.831165 9.579345 -8.584995 -7.746645 -26.930779 0.137782 -0.000000 0.000000 0.000000 5.971752 0.828439 -0.576734 -8.827293 -3.426900 -4.315470 9.921820 -4.236048 -0.472173 17.698990 -36.890949 22.390674 3.433589 -10.896327 13.415764 -0.000000 0.000000 0.000000 4.746561 -0.590995 -0.527496 -2.112616 -5.954527 -62.249429 21.400025 -14.140754 10.207614 -21.071896 2.332275 15.391975 -13.753982 9.473230 -32.990730 -24.241015 11.056937 16.914357 -7.896368 27.355923 -24.135397 -18.636951 -10.563837 -1.689250 
-123.444998 87.855107 -121.520996 -125.401036 87.742700 117.006242 -11.033569 -8.284270 15.184271 47.834020 -21.353663 10.526023 -36.659936 17.956562 10.403695 -0.000000 0.000000 0.000000 0.697063 0.600267 -11.145866 31.302978 14.903639 -10.061972 -6.274092 -22.984344 1.786246 -0.000000 0.000000 0.000000 5.022018 1.054017 -1.537366 -7.733581 -2.125983 -4.663027 9.239123 -3.316969 -1.050129 18.086984 -35.378696 22.367636 3.927196 -11.961011 13.747366 -0.000000 0.000000 0.000000 4.496465 0.736843 -0.902557 -1.022701 -3.478194 -59.360689 19.685623 -13.786247 10.258214 -20.878634 3.226619 15.400689 -13.191482 9.204727 -32.033964 -25.211151 11.107998 16.686854 -8.614862 27.435842 -23.831280 -20.296172 -11.130313 -2.823755 
-124.111998 88.539201 -114.944994 -79.872943 87.825995 72.010808 -7.767105 -5.568067 20.256551 39.822595 -22.459218 10.314472 -29.835420 19.310081 4.865265 -0.000000 0.000000 0.000000 -0.666357 1.049126 -9.477290 33.424164 16.490611 -9.488842 -10.557407 -23.048771 3.372992 -0.000000 0.000000 0.000000 4.256752 0.392743 -2.511078 -6.972082 -0.789972 -5.381228 8.756291 -2.654322 -1.676773 16.875801 -33.268529 21.592235 4.736345 -12.807669 13.546856 -0.000000 0.000000 0.000000 4.450318 2.362422 -0.510696 0.140424 -1.005478 -56.090113 19.014734 -14.141769 10.337314 -21.397097 3.101535 15.620641 -12.783594 9.163849 -32.126613 -26.395149 11.264378 16.445784 -10.655874 26.844685 -22.411823 -22.860312 -11.540999 -4.159152 
-124.793994 89.856106 -107.865000 -65.121766 88.054930 57.745606 -4.829228 -3.612328 24.230444 30.221622 -22.650199 10.945970 -16.505566 20.562775 -2.749693 -0.000000 0.000000 0.000000 -2.147432 -0.174550 -7.721542 33.975207 15.367433 -6.381265 -15.300008 -21.110338 2.508494 -0.000000 0.000000 0.000000 3.195418 -0.197827 -3.916971 -5.719480 -0.437913 -6.205273 7.799966 -2.592006 -2.101440 15.334179 -30.571157 20.758136 4.268784 -14.012547 13.683274 -0.000000 0.000000 0.000000 4.433518 3.547233 0.955201 1.300439 1.036557 -53.427595 18.851657 -13.997654 11.006163 -21.518770 3.140624 15.170089 -12.567460 8.932732 -33.114404 -27.964506 10.778841 16.030991 -10.829053 25.709760 -21.697550 -24.907282 -11.169967 -4.058057 
-125.466001 91.740799 -101.085997 -152.692196 89.516041 146.672546 -4.451478 -5.338849 23.679180 24.381124 -20.179632 12.539666 -0.217104 24.170540 -6.047716 -0.000000 0.000000 0.000000 -3.149059 -2.208989 -6.238212 32.133689 13.495034 -3.775884 -17.217073 -18.451291 1.605951 -0.000000 0.000000 0.000000 1.486168 0.294478 -6.015854 -4.726800 -1.128867 -7.155137 6.964382 -3.299363 -2.851957 14.582871 -28.809223 20.593992 3.967883 -15.066810 14.175780 -0.000000 0.000000 0.000000 4.276174 4.425745 1.645524 1.718352 1.774520 -49.922395 17.059040 -13.415559 11.472448 -21.115604 3.935007 15.038207 -12.945511 7.817306 -33.625109 -28.339791 10.551398 15.461517 -11.290569 25.771155 -23.223696 -26.878265 -11.045678 -4.743584 
-125.850999 94.341403 -95.273596 159.309716 88.359635 -164.341680 -4.595298 -7.779012 21.081129 26.037060 -23.913870 12.990470 1.535862 21.669435 -0.014603 -0.000000 0.000000 0.000000 -2.040216 -2.545260 -2.768957 28.066035 13.877494 -3.505130 -14.497843 -20.154243 0.290309 -0.000000 0.000000 0.000000 0.739082 0.851928 -6.879184 -4.700607 -1.377939 -7.950724 6.558046 -3.638607 -3.558675 15.364972 -29.660636 20.531007 3.982901 -14.023927 14.446573 -0.000000 0.000000 0.000000 3.717752 5.108362 0.805882 1.235300 2.631321 -47.000429 15.294178 -12.890239 11.795942 -18.108338 4.615570 16.114640 -13.126111 7.317618 -33.996011 -27.667599 9.412201 14.413151 -12.954697 29.270021 -26.168692 -28.452419 -10.471569 -5.804779 
-125.969005 97.514904 -90.194392 -85.469568 89.562515 80.198001 -2.607070 -8.249386 18.276281 29.194019 -27.304670 11.217459 0.683703 14.129702 -3.288623 -0.000000 0.000000 0.000000 0.124625 0.648755 1.659271 23.754086 13.957388 -3.900699 -5.359059 -21.609030 3.190072 -0.000000 0.000000 0.000000 1.025953 0.976585 -6.465225 -4.485505 -0.729265 -7.775579 6.135206 -2.790652 -3.780044 16.129700 -29.922606 20.247045 3.114195 -12.995898 13.786215 -0.000000 0.000000 0.000000 3.166470 5.665058 -0.000399 1.265872 3.282574 -47.484068 11.826461 -12.303142 12.396478 -15.030049 4.065788 16.146574 -13.894757 7.253973 -33.398071 -27.586036 9.502305 13.293290 -13.102321 35.429628 -30.710372 -26.201953 -8.927570 -6.399632 
-126.183999 100.673199 -85.628301 -18.226743 86.010869 12.529948 0.014278 -8.742106 13.993209 29.559788 -25.928710 7.880661 -0.413372 13.536501 -4.657054 -0.000000 0.000000 0.000000 -0.257655 2.112087 3.134982 21.015207 13.266228 -2.214220 6.903122 -17.029639 9.764868 -0.000000 0.000000 0.000000 0.633909 1.679387 -5.498542 -4.508678 0.023903 -7.188212 6.624417 -1.655759 -3.896690 15.263550 -28.976232 19.338401 2.228733 -12.491819 12.450439 -0.000000 0.000000 0.000000 2.568645 6.325685 -0.254675 2.218221 3.438447 -49.933588 8.913812 -12.646458 12.136489 -13.726548 4.369597 15.356436 -14.883258 6.451657 -32.195685 -28.292438 10.821705 12.692445 -10.708847 43.875486 -37.280797 -23.246656 -7.729872 -7.767713 
-126.521003 103.182197 -81.244004 -9.732701 81.906153 3.117914 0.992909 -7.247059 9.903929 27.743791 -21.999539 6.260922 3.252190 12.715197 -6.309280 -0.000000 0.000000 0.000000 -2.208362 0.448027 3.547194 20.157669 12.521218 -0.956137 15.951239 -6.124510 15.199862 -0.000000 0.000000 0.000000 -0.360461 2.520942 -3.915887 -4.219082 0.103257 -6.275663 6.839908 -0.752406 -3.743837 13.404791 -26.930030 17.743176 0.408827 -12.400852 10.908312 -0.000000 0.000000 0.000000 2.349613 6.563704 0.117508 4.097279 3.942857 -53.954695 8.560671 -13.773793 12.145053 -12.810269 4.665864 13.780913 -15.516793 5.657410 -31.420368 -30.587067 11.933827 12.840997 -4.239246 52.782962 -46.261519 -20.569924 -6.870254 -8.496883 
-126.963997 104.480195 -76.989800 -4.921944 78.497220 -2.527086 0.669951 -5.546414 6.623216 25.312746 -19.992220 5.336604 5.441645 10.427826 -6.770344 -0.000000 0.000000 0.000000 -4.611388 -0.671559 3.998926 21.466417 14.173675 -1.320860 17.300385 2.012952 16.431137 -0.000000 0.000000 0.000000 -1.285510 2.811796 -2.339211 -4.411329 -0.144234 -5.143545 7.399940 -0.271829 -3.216002 10.597350 -24.887152 15.443869 -1.917362 -12.027666 9.046925 -0.000000 0.000000 0.000000 2.503096 6.504763 1.048097 6.210037 4.185764 -59.216054 9.564290 -15.398879 12.577942 -14.365514 4.546660 13.805148 -15.958918 5.200883 -31.420882 -33.169745 12.584409 13.293096 5.892970 61.051820 -58.290037 -20.043383 -6.083983 -9.122982 
-127.347994 104.596198 -72.825104 -5.898911 77.397961 -2.351057 0.987459 -6.036372 4.274559 22.458243 -21.091075 4.813561 7.075440 8.064234 -7.958386 -0.000000 0.000000 0.000000 -5.503949 -0.035630 4.195579 23.255651 12.083718 -1.956818 13.628671 -3.645905 13.465288 -0.000000 0.000000 0.000000 -0.558394 2.197845 -0.973292 -5.082362 -0.433659 -4.162212 8.187671 -0.532240 -2.222368 7.755104 -24.701852 13.000182 -3.335126 -10.344394 7.477578 -0.000000 0.000000 0.000000 3.416818 5.758406 1.941449 7.017724 4.132994 -64.445193 10.485756 -17.097172 13.007439 -17.595827 4.599928 14.752784 -16.459560 5.692182 -31.975036 -34.016507 12.182344 13.505442 21.359370 67.642651 -76.272030 -18.612653 -5.456238 -9.862324 
-127.719998 103.640199 -68.818998 -7.882140 78.065370 -0.884818 1.204311 -8.220767 2.318420 20.407163 -22.779348 4.772813 5.363875 8.731900 -5.168590 -0.000000 0.000000 0.000000 -5.605548 0.782353 2.733019 24.121016 8.444177 -2.101775 9.065980 -11.907809 10.088225 -0.000000 0.000000 0.000000 0.646087 1.631308 0.206486 -5.689873 -1.048809 -3.385601 8.865803 -1.162514 -1.429929 5.522286 -25.499353 11.292966 -4.140841 -8.783783 6.505621 -0.000000 0.000000 0.000000 4.350220 4.588778 2.321333 6.627685 3.463742 -68.161195 11.619914 -18.539803 13.168117 -20.897772 5.102085 15.413256 -16.906555 6.121491 -32.380926 -33.582879 11.216148 14.028571 44.145404 70.763601 -102.296146 -17.490422 -5.287164 -10.166380 
-128.169000 101.613200 -64.811796 -8.796949 79.167625 -0.840227 0.299095 -9.351990 2.076450 22.388230 -19.693527 4.862274 -2.003176 15.493039 0.858022 -0.000000 0.000000 0.000000 -5.815517 1.348288 0.645060 24.401160 6.563429 -2.032364 5.563122 -17.720529 7.227344 -0.000000 0.000000 0.000000 1.885620 1.289220 1.749626 -6.543137 -1.698808 -2.620024 9.449895 -1.741701 -0.701378 3.467553 -26.832194 9.960378 -4.587746 -7.152803 5.895952 -0.000000 0.000000 0.000000 4.956157 3.207729 1.762676 5.772907 3.292875 -69.975805 13.950655 -20.384784 13.097969 -22.714161 5.533296 16.170628 -16.958098 6.422804 -31.715086 -33.526503 10.289456 13.818393 66.604408 70.272564 -127.086703 -17.077603 -4.344865 -11.483713 
-128.679001 98.846102 -60.712701 -11.538706 80.207418 1.093277 -0.952642 -8.064212 4.106491 29.525296 -17.035334 6.292505 -14.278043 16.117694 5.825014 -0.000000 0.000000 0.000000 -5.678538 0.931825 -1.991608 24.452820 6.626795 -2.762853 2.433697 -20.509126 5.620243 -0.000000 0.000000 0.000000 3.504061 1.355067 3.002578 -7.264902 -2.457056 -2.011804 9.721239 -2.125285 -0.057853 2.024285 -27.554502 9.361257 -4.976058 -6.497137 5.674746 -0.000000 0.000000 0.000000 5.377042 1.385757 1.062960 4.290635 3.554147 -70.879566 16.127320 -21.618078 13.151543 -22.885925 5.176152 16.952044 -16.409644 6.677066 -30.456063 -34.033178 8.961776 14.016745 81.192884 67.614945 -143.459826 -15.645895 -3.904753 -12.787282 
-129.244006 95.887101 -56.330395 -13.919518 81.127307 3.715337 -2.996103 -5.649822 7.329963 35.848459 -18.361094 8.170146 -23.225224 11.578479 6.290772 -0.000000 0.000000 0.000000 -5.567202 0.241603 -5.583781 24.035640 8.588678 -4.286244 -0.481518 -20.441084 4.371166 -0.000000 0.000000 0.000000 4.627484 1.500380 2.413579 -6.875578 -3.206663 -1.351322 9.030841 -2.214564 0.394044 2.008058 -27.121940 9.949817 -5.688145 -7.626733 6.078400 -0.000000 0.000000 0.000000 5.472172 -0.043741 0.274466 2.851643 3.423946 -70.174075 18.789690 -22.813562 13.444606 -23.326608 4.972536 17.316071 -15.650801 6.451029 -28.117018 -34.445936 7.689095 15.039643 90.207894 64.591528 -153.587529 -15.038153 -3.425121 -14.728932 
-129.693997 93.219805 -51.553100 -13.429056 81.706183 4.966160 -4.719977 -4.791757 9.390850 40.217545 -21.463880 8.520561 -29.983414 11.121507 7.813204 -0.000000 0.000000 0.000000 -5.786824 0.121275 -10.126254 23.081870 10.354415 -6.081975 -0.459190 -20.509754 4.962337 -0.000000 0.000000 0.000000 4.885979 1.571574 0.422011 -6.512354 -3.769406 -1.220728 8.329454 -2.309716 0.223819 2.663328 -26.708038 10.591987 -5.209578 -9.161585 6.576516 -0.000000 0.000000 0.000000 5.347104 -0.527258 -1.136931 1.728935 3.309319 -67.056952 21.031614 -24.017910 13.280461 -23.651138 4.795238 18.017216 -15.433286 5.792532 -24.832898 -33.631540 7.903708 16.790729 95.519166 61.865587 -159.320939 -15.454895 -2.922509 -17.410443 
-130.031991 91.382903 -46.122101 -11.148477 82.155296 4.409102 -5.226836 -3.712393 12.140875 40.586853 -21.903546 8.194430 -32.913090 10.327999 7.200717 -0.000000 0.000000 0.000000 -6.251171 0.322196 -13.258257 23.228095 11.420921 -7.784484 -3.235975 -20.770963 5.421424 -0.000000 0.000000 0.000000 4.672156 1.531240 -1.252913 -6.238512 -3.935417 -1.542386 7.732714 -2.401735 -0.397118 2.370325 -26.133105 10.261922 -3.106619 -11.517962 6.352651 -0.000000 0.000000 0.000000 5.015844 -0.533935 -2.279073 0.611524 3.180160 -63.581330 20.793142 -24.039786 12.991677 -22.766204 4.566867 18.748628 -15.153690 5.225765 -21.802500 -32.298066 8.625186 17.149908 99.500819 60.119482 -162.598802 -16.189868 -2.471514 -19.351747 
-130.274987 90.545899 -39.961699 -10.804087 83.016183 5.198142 -4.164670 -3.706072 15.511247 38.529144 -23.057137 8.876508 -31.240375 10.681610 3.902847 -0.000000 0.000000 0.000000 -6.440622 1.547212 -13.524255 26.705582 13.859817 -9.684178 -7.433037 -19.870949 5.183918 -0.000000 0.000000 0.000000 4.465793 1.436544 -2.608771 -5.710988 -3.868367 -1.975354 7.336407 -2.435101 -0.870194 1.533439 -25.223667 9.227508 -2.478770 -13.934544 6.261399 -0.000000 0.000000 0.000000 4.240892 -0.853805 -1.946483 -0.772261 3.430386 -61.029143 18.829221 -22.888740 12.121125 -21.284652 4.470594 18.346503 -14.844993 5.307460 -20.779143 -31.276945 8.265430 16.520283 101.525849 59.439495 -163.329742 -16.977949 -2.277313 -20.208418 
-130.432010 90.481609 -33.175898 -14.283397 84.248894 9.581687 -1.569014 -4.553952 19.170757 33.924522 -24.997081 9.156967 -25.144045 13.007237 -0.247892 -0.000000 0.000000 0.000000 -6.505349 3.955918 -11.601106 32.735020 16.361630 -10.481741 -12.346367 -19.336203 6.686187 -0.000000 0.000000 0.000000 4.595422 0.802040 -3.898527 -5.231849 -3.382839 -2.635830 7.200035 -2.383920 -1.599184 0.202748 -23.810866 8.505970 -1.890917 -16.222151 6.153526 -0.000000 0.000000 0.000000 3.231716 -0.848870 -1.055998 -1.387257 3.159591 -57.997069 17.187992 -22.529854 11.845989 -21.224390 4.351305 18.078145 -15.099334 5.644983 -21.278533 -30.457992 8.222334 15.848262 100.346574 61.029414 -160.947803 -19.256796 -1.611809 -21.456878 
-130.695009 91.047007 -25.954598 -22.497577 85.935265 18.584403 0.259649 -5.149645 21.921777 29.947608 -26.296980 11.415478 -14.654972 13.908328 -4.413146 -0.000000 0.000000 0.000000 -6.895185 5.116264 -8.403301 37.255271 17.844762 -9.441566 -19.137796 -19.400207 2.966749 -0.000000 0.000000 0.000000 4.834927 -0.002754 -5.381962 -4.153192 -3.070016 -3.674111 6.681617 -2.474098 -2.329460 -0.556230 -22.713315 8.352572 -1.787385 -17.716649 7.010385 -0.000000 0.000000 0.000000 2.406247 -1.208794 0.351785 -1.411838 2.993842 -54.506437 16.795777 -22.999718 12.649590 -20.725282 4.424824 18.221617 -14.971413 6.751369 -23.174363 -30.497704 7.593212 15.582966 94.833630 63.992939 -154.747139 -21.116525 -2.094247 -20.872783 
-130.960000 92.311698 -19.337299 -31.046270 88.679325 28.376746 -1.439765 -7.469079 19.906245 31.182843 -25.427895 15.225701 -4.962886 17.331432 0.241477 -0.000000 0.000000 0.000000 -7.747190 2.573541 -6.269276 37.367212 16.437578 -6.675517 -22.837493 -19.657611 -1.467739 -0.000000 0.000000 0.000000 4.154583 0.060746 -6.594700 -3.798418 -3.285953 -5.075681 6.709775 -2.975833 -3.363382 -0.037818 -23.444799 8.482272 -0.997097 -17.690951 8.147087 -0.000000 0.000000 0.000000 2.085447 -1.272339 0.945926 -1.403405 1.650618 -50.468273 18.571697 -23.668161 14.172887 -20.166533 4.638692 19.306679 -14.631956 7.421961 -25.407673 -30.126255 7.637339 15.571193 81.997170 66.821290 -141.129624 -20.133793 -2.703167 -20.249923 
-130.781007 94.559801 -13.709500 -108.531829 89.952840 105.911331 -3.024021 -9.490839 17.087695 32.918830 -23.103146 14.546819 -4.061226 19.858444 5.291135 -0.000000 0.000000 0.000000 -6.962986 0.679513 -2.454902 33.909121 14.786055 -5.980210 -19.841325 -19.159098 -2.483055 -0.000000 0.000000 0.000000 3.150060 1.242122 -6.414935 -3.410245 -3.132488 -5.905310 6.412092 -2.866491 -4.023004 2.295802 -25.036975 9.051271 -0.776185 -16.724026 8.875076 -0.000000 0.000000 0.000000 1.343211 -0.761751 0.650211 -1.316328 0.453623 -48.782895 18.817322 -24.156984 15.426936 -17.974269 4.355399 20.062176 -14.682847 7.887262 -27.143271 -29.482634 8.957519 15.787361 63.779792 67.918349 -120.986785 -16.527533 -3.190844 -20.463506 
-130.401003 97.638607 -8.575930 -61.107284 89.089020 57.534644 -2.846429 -9.250029 15.364663 31.819827 -21.028690 9.163420 -4.746083 15.615954 1.370177 -0.000000 0.000000 0.000000 -4.379415 2.081609 2.091606 28.948838 14.536426 -5.381767 -10.864874 -19.302749 1.053368 -0.000000 0.000000 0.000000 3.598966 1.889012 -6.189641 -3.563877 -2.076006 -5.898849 6.355327 -1.894078 -3.928572 4.833533 -25.962745 10.586889 -0.058660 -16.128141 9.586380 -0.000000 0.000000 0.000000 0.523988 0.177328 0.814160 -0.944823 -0.890724 -49.876257 16.628508 -24.344067 15.834919 -16.825703 3.170696 19.763380 -15.343851 8.263758 -27.897305 -28.945239 11.292007 16.860937 44.603508 67.287958 -100.055081 -13.434798 -3.883243 -19.630319 
-129.993999 100.929189 -4.098360 -65.536424 88.349297 61.062288 -2.478085 -7.941383 12.102332 28.827964 -19.357406 5.412643 -1.797054 13.120408 -3.701122 -0.000000 0.000000 0.000000 -3.356947 2.084670 3.633665 24.585445 12.344100 -2.103728 2.708057 -14.621746 8.427639 -0.000000 0.000000 0.000000 3.832815 2.019704 -5.612837 -3.677195 -1.239845 -5.843557 6.554326 -0.998630 -3.796400 7.182206 -26.189996 12.368322 0.472850 -15.850960 10.108356 -0.000000 0.000000 0.000000 -0.156909 1.062562 1.062980 -0.058273 -2.533388 -51.899088 14.602052 -23.793892 15.667785 -16.107663 2.220878 18.862679 -16.202100 8.377271 -28.381698 -29.301127 13.933959 18.442857 26.220900 65.427274 -79.622123 -14.342995 -3.683696 -17.819822 
-129.656005 103.711200 0.091452 -71.171307 87.743595 65.312281 -1.911445 -5.442722 9.099572 25.291162 -18.350291 4.085166 1.689512 9.950108 -9.109495 -0.000000 0.000000 0.000000 -3.652371 -0.928997 3.733461 22.961836 9.124951 0.267489 14.065786 -2.262138 16.047487 -0.000000 0.000000 0.000000 4.492356 2.384507 -4.298796 -3.930845 -1.201621 -5.709515 6.484079 -0.501804 -3.401254 8.922093 -25.154647 13.793884 0.043901 -16.322743 10.205970 -0.000000 0.000000 0.000000 -0.838328 1.528566 1.907049 1.285952 -3.511726 -55.148627 13.227933 -22.632423 15.477763 -15.955950 1.575389 16.876681 -17.375543 8.577060 -29.427295 -31.054779 16.147959 20.180234 11.626107 60.790041 -60.942342 -15.540166 -4.022981 -15.818269 
-129.570997 105.187201 4.235160 -66.308268 87.501917 58.854858 -2.027640 -3.883021 6.880585 23.138066 -20.674594 3.658748 4.766232 5.741399 -11.452722 -0.000000 0.000000 0.000000 -5.351053 -2.811241 4.341653 24.540003 10.155547 -0.109210 18.014241 5.567126 17.779522 -0.000000 0.000000 0.000000 5.033269 2.164560 -2.442192 -4.971050 -0.992082 -5.527939 7.192448 -0.351058 -2.706369 9.419143 -24.998123 14.068907 -1.120477 -15.346959 10.220773 -0.000000 0.000000 0.000000 -0.932431 1.862842 3.416848 2.554281 -3.934739 -59.204250 13.226245 -21.935823 15.413965 -17.569621 1.241187 16.310147 -17.889351 9.601284 -32.024266 -33.234676 17.591446 21.409861 1.047551 53.452673 -46.030242 -16.129660 -5.175108 -13.553715 
-129.399991 105.374193 8.373020 -73.847880 87.644433 65.242640 -1.943102 -5.473466 4.621767 21.667002 -22.837848 3.461859 6.901709 5.401676 -11.148707 -0.000000 0.000000 0.000000 -7.147563 -1.568706 4.320433 27.082202 8.501342 -0.959185 15.879952 -1.942818 14.867574 -0.000000 0.000000 0.000000 4.992664 1.131087 -0.771094 -5.857237 -0.205580 -5.305363 8.228768 -0.652185 -2.188778 9.773158 -26.609524 14.192418 -1.442125 -12.944073 9.753959 -0.000000 0.000000 0.000000 0.106741 2.483022 4.778235 3.088734 -5.226417 -62.485404 14.976554 -21.332231 15.957233 -21.087148 1.135057 15.643917 -18.236037 10.945213 -34.933539 -33.490804 19.789515 21.830828 -5.294812 43.433750 -36.626583 -16.135782 -6.984424 -9.416845 
-129.089999 104.497194 12.393100 -103.167876 87.465278 93.639093 -1.353710 -8.256240 2.718208 20.719851 -23.329888 3.793013 6.298561 9.205210 -6.358839 -0.000000 0.000000 0.000000 -7.467813 -0.222633 2.392395 27.372982 5.664876 -1.078801 12.863426 -9.727876 12.598344 -0.000000 0.000000 0.000000 5.145670 0.416290 0.908206 -6.552169 0.525726 -5.162499 9.120056 -0.930651 -1.890461 10.369697 -28.997510 14.741557 -0.796901 -10.711016 9.339648 -0.000000 0.000000 0.000000 0.961433 2.982179 5.373725 3.043335 -7.155644 -64.645225 16.159051 -20.761499 16.231149 -23.495539 1.024379 16.043895 -18.402404 11.940124 -37.277903 -32.084424 21.514297 21.297815 -8.332394 34.464128 -30.918073 -15.740460 -8.495155 -3.700055 
-128.728998 102.583194 16.412701 -136.115896 86.796393 125.192293 -1.546280 -9.216210 2.841430 22.749249 -18.818927 4.344996 -1.503192 17.919765 0.530819 -0.000000 0.000000 0.000000 -7.328024 0.269030 0.176540 26.207768 5.670582 -1.704792 9.674574 -13.847879 10.254836 -0.000000 0.000000 0.000000 4.795380 0.314962 2.976975 -7.494471 0.981264 -5.026456 10.168312 -1.078095 -1.506339 11.521166 -31.626693 15.693098 -0.410873 -8.820196 9.572479 -0.000000 0.000000 0.000000 1.540335 3.302550 5.322405 2.214044 -7.362272 -66.284417 17.576419 -20.855551 16.566400 -25.161673 1.464074 15.893780 -17.667738 12.137702 -38.896234 -31.229877 21.499037 20.736525 -7.903080 28.943227 -27.790583 -14.977166 -9.730888 -1.183904 
-128.285992 100.010192 20.489900 -156.596026 84.795896 144.704189 -2.230154 -7.951256 4.986443 27.627289 -16.942757 5.986828 -13.609074 19.408244 6.235921 -0.000000 0.000000 0.000000 -6.223168 0.033341 -2.613393 24.284117 7.881326 -3.188504 8.407342 -15.839977 9.624652 -0.000000 0.000000 0.000000 4.466365 0.478266 4.104891 -8.012776 0.915593 -4.782717 10.723506 -1.255010 -1.089204 13.143617 -33.405542 17.228673 -0.053706 -8.057551 10.180192 -0.000000 0.000000 0.000000 2.148152 3.259947 4.624694 1.097972 -6.696722 -66.797777 19.140922 -21.056477 16.576912 -25.677189 1.402580 16.298795 -16.644359 11.897210 -39.133513 -30.789748 20.601157 20.778885 -7.217062 27.197449 -26.826804 -14.466209 -10.788875 -0.883697 
-127.902997 97.284907 24.804701 -167.841961 81.669770 156.185437 -4.334593 -7.116122 7.843576 33.277558 -20.153201 8.201260 -22.859145 16.023232 8.217563 -0.000000 0.000000 0.000000 -4.479567 -0.123858 -6.303613 22.497105 11.282087 -4.867921 7.222016 -16.572351 9.362679 -0.000000 0.000000 0.000000 4.079629 0.620483 3.145576 -7.809834 0.272813 -4.453528 10.511091 -1.592107 -0.737433 15.233962 -34.025178 19.481796 0.610520 -8.630998 11.140128 -0.000000 0.000000 0.000000 2.865175 2.889160 3.439652 -0.018380 -6.303623 -65.849858 20.184130 -21.159479 16.371152 -25.967074 1.285988 16.575936 -15.633592 11.299617 -37.845276 -29.988065 19.287361 21.007977 -6.690055 27.882964 -26.856602 -14.683203 -10.566256 -1.484244 
-127.473998 94.781208 29.451001 -173.375857 78.451490 163.056029 -7.209972 -8.921815 9.146191 39.508166 -23.661673 9.412384 -29.345867 16.388343 10.684422 -0.000000 0.000000 0.000000 -2.437604 0.367888 -10.403183 21.407292 14.445107 -6.510259 5.861406 -17.476807 9.266171 -0.000000 0.000000 0.000000 3.284481 1.219138 0.782826 -7.616824 -0.667678 -4.343864 10.607527 -2.068045 -0.780590 17.498772 -34.001887 21.756293 2.080394 -9.708413 12.466033 -0.000000 0.000000 0.000000 3.410864 2.345542 2.485066 -0.925025 -6.588855 -63.718278 20.652087 -20.795674 15.162678 -25.909983 1.159693 17.660199 -15.257963 10.514682 -35.881286 -28.242560 18.628885 21.713970 -5.328746 28.401011 -26.803794 -15.036105 -10.448055 -2.922186 
-126.859999 92.875904 34.590301 -173.907106 76.036761 164.913195 -9.530796 -10.062740 10.838088 44.327036 -24.211157 10.360371 -31.585605 15.780774 10.318338 -0.000000 0.000000 0.000000 -0.062603 0.810338 -12.973200 21.084165 16.882108 -8.946984 5.424865 -17.441969 8.938653 -0.000000 0.000000 0.000000 2.849359 1.968686 -1.158811 -7.273940 -1.128204 -4.792992 10.442485 -2.234670 -1.215359 19.532367 -33.635983 23.141273 4.500028 -10.618808 13.717148 -0.000000 0.000000 0.000000 3.471731 1.990987 1.941578 -1.489160 -6.729796 -61.242145 20.427930 -19.619989 13.927847 -24.357057 1.256494 17.321747 -14.516358 10.196550 -34.417932 -26.446429 18.186839 22.567160 -4.440048 27.200571 -25.377555 -15.758962 -10.436176 -2.829044 
-126.005995 91.485405 40.117800 -171.874621 74.971058 163.652998 -9.017328 -10.098488 14.140651 44.805932 -25.204641 11.419689 -32.149381 15.603021 8.561937 -0.000000 0.000000 0.000000 1.795123 1.815761 -13.153691 23.035780 20.831837 -11.973328 3.044907 -16.678890 6.708097 -0.000000 0.000000 0.000000 2.102444 2.480209 -1.977399 -6.498883 -0.594755 -5.473532 10.361173 -1.698055 -1.781665 20.817721 -33.149813 23.074781 6.621962 -11.269215 14.678500 -0.000000 0.000000 0.000000 3.149480 1.610125 1.635701 -1.549602 -6.396786 -59.025785 19.777151 -18.676324 13.218849 -23.564872 1.541649 16.697094 -13.236335 10.883917 -33.543540 -25.602837 17.470441 22.621860 -3.932128 24.215744 -22.680359 -16.731533 -11.273410 -0.465438 
-124.985003 90.639603 46.145099 -170.864505 74.733266 163.549768 -7.103427 -10.298628 17.787316 41.822725 -26.526326 11.662627 -30.205480 17.138708 6.152364 -0.000000 0.000000 0.000000 2.329284 4.037780 -12.115802 27.039529 24.824799 -13.802533 -0.236295 -15.408885 7.077319 -0.000000 0.000000 0.000000 0.940500 2.644762 -3.173880 -5.678535 0.609453 -6.100043 10.054800 -0.811845 -2.654974 21.206680 -31.462723 22.606739 8.524962 -12.402594 14.809140 -0.000000 0.000000 0.000000 2.488424 2.241621 1.670820 -1.250785 -6.507483 -56.386494 19.177871 -18.015725 12.841028 -23.103990 1.773487 16.184193 -12.569012 11.184816 -32.755666 -25.222837 18.139935 23.331383 -4.439738 19.699932 -19.787195 -18.095564 -12.250900 0.396637 
-123.980999 90.104008 52.713197 -171.384811 73.112042 165.127238 -5.363829 -10.859080 21.170501 38.030379 -28.938227 13.341450 -24.631544 18.490987 1.349340 -0.000000 0.000000 0.000000 2.343407 5.202220 -10.523771 30.024614 24.475380 -12.513860 -10.321489 -18.471087 6.598309 -0.000000 0.000000 0.000000 0.618383 2.336348 -4.811419 -4.793551 1.464890 -7.025216 9.526829 -0.239072 -3.455094 19.992422 -29.493558 21.712218 9.111981 -13.812698 14.990899 -0.000000 0.000000 0.000000 1.947616 2.491769 2.225741 -1.004087 -6.628555 -53.192555 18.586372 -18.070692 12.953531 -23.710816 1.775845 15.883527 -11.983447 11.815619 -32.626920 -25.000461 17.613654 23.386471 -5.978621 15.674831 -17.265820 -20.219070 -13.604170 1.930414 
-123.052001 89.784205 59.434301 -173.133096 69.458538 167.848210 -5.447801 -12.903423 23.127809 36.854594 -32.223657 17.023991 -16.149742 19.424276 -2.655006 -0.000000 0.000000 0.000000 1.511031 3.789834 -8.685800 32.899109 22.004308 -9.239743 -21.760123 -18.233246 2.705098 -0.000000 0.000000 0.000000 1.760009 2.316262 -6.461354 -4.004876 1.063208 -8.118478 8.425521 -0.412948 -4.139531 17.616113 -27.355928 20.303302 8.196278 -15.952146 15.436922 -0.000000 0.000000 0.000000 1.090871 1.952363 2.918697 -0.339570 -6.410476 -49.557578 18.735634 -18.876819 13.744272 -23.848548 2.014780 15.784842 -11.555109 12.222943 -32.929434 -25.061373 15.363020 22.722765 -6.008600 14.034436 -16.222679 -22.929665 -13.929459 2.117300 
-122.317994 89.764506 65.610701 -175.583318 65.678315 171.317509 -7.677662 -15.481068 22.686886 38.532205 -33.981479 20.128716 -10.043020 20.357156 -0.999953 -0.000000 0.000000 0.000000 -0.429876 -0.163457 -7.313656 34.443523 18.865992 -5.623065 -29.626218 -16.823572 -1.651336 -0.000000 0.000000 0.000000 3.201971 3.238900 -7.374237 -3.738330 0.340252 -9.288871 7.472490 -0.943602 -4.959755 15.296010 -26.470235 18.531305 7.083839 -17.576499 15.716330 -0.000000 0.000000 0.000000 0.245894 1.037268 2.640618 0.377569 -6.278217 -45.591100 19.806201 -20.093279 15.118748 -23.443476 2.818501 16.599516 -10.772445 12.188695 -32.988501 -25.008761 12.327808 20.878183 -6.667458 15.591613 -17.513363 -27.248664 -14.283391 -0.109896 
-121.617997 90.639901 70.681393 -175.375940 64.778310 171.478512 -9.591909 -15.648544 20.936330 46.026422 -35.234296 22.960472 -11.770038 16.636493 0.376543 -0.000000 0.000000 0.000000 -1.021985 -2.611311 -4.634572 34.446660 18.505339 -5.753785 -31.965524 -14.917387 -3.041446 -0.000000 0.000000 0.000000 4.266551 4.629498 -6.917273 -3.038656 0.425793 -10.013774 5.998487 -0.569435 -5.627040 14.722028 -26.110624 17.153551 5.113161 -17.866392 15.268727 -0.000000 0.000000 0.000000 -0.766889 0.662023 1.328374 0.982875 -4.833230 -43.442297 19.834854 -21.535857 16.697399 -21.254320 2.991258 17.423417 -9.852661 12.275593 -32.234949 -25.155735 9.358646 18.372287 -6.932221 21.276768 -20.013477 -29.621599 -13.151549 -2.779940 
-120.792997 92.690808 74.785399 -174.155290 66.722102 169.901707 -10.112671 -15.723695 17.753731 55.009137 -30.360217 22.152162 -13.990907 16.823470 0.885404 -0.000000 0.000000 0.000000 -0.866329 0.210069 -0.384552 32.639777 18.849949 -5.880701 -28.251136 -16.967455 -4.141709 -0.000000 0.000000 0.000000 3.419187 5.035463 -6.346846 -2.631853 1.709679 -9.615418 5.565641 0.516077 -5.958019 15.274649 -26.052635 16.522292 4.015008 -15.790369 13.949392 -0.000000 0.000000 0.000000 -0.774233 2.072172 -0.204309 1.718844 -3.295640 -43.486227 17.596754 -23.215739 17.339053 -19.674436 2.908142 18.358988 -9.762786 11.782678 -30.398702 -24.684891 9.895899 16.832829 -7.624019 28.887886 -23.747850 -29.953497 -11.460524 -5.220717 
-120.008004 95.617306 78.034103 -174.703754 68.013020 170.114468 -11.571288 -16.321577 12.658213 62.772943 -23.593542 18.449849 -15.930932 17.898994 3.272262 -0.000000 0.000000 0.000000 -0.215619 2.078288 2.490423 27.723975 17.924161 -5.535499 -19.283680 -17.764339 -1.553803 -0.000000 0.000000 0.000000 1.719556 5.461752 -6.308784 -2.739156 1.757985 -8.748499 5.922230 0.923039 -5.951413 16.053516 -25.843222 16.476660 3.377861 -13.107992 12.843208 -0.000000 0.000000 0.000000 0.092362 3.588307 -1.107742 2.581218 -1.515175 -45.095350 14.865877 -23.797441 16.600916 -17.943226 3.093573 17.824905 -10.562359 10.468385 -28.756885 -24.574557 11.697035 17.068190 -6.992186 37.658039 -29.130701 -28.089751 -10.091272 -5.870832 
-119.306993 98.926103 80.699992 -176.460137 67.700245 171.821919 -13.483057 -16.279600 6.350865 67.961556 -19.227104 14.438222 -15.841719 17.053643 4.946025 -0.000000 0.000000 0.000000 0.022469 1.731973 3.594545 22.394781 15.557557 -4.308531 -6.677102 -15.976480 4.266361 -0.000000 0.000000 0.000000 0.147889 6.057098 -6.803826 -2.978229 0.644355 -7.715609 6.886231 0.564655 -5.762048 15.964448 -25.295707 16.685341 2.811355 -11.554095 12.232407 -0.000000 0.000000 0.000000 1.080545 4.165315 -1.531648 3.478746 -0.532099 -47.474427 12.411718 -22.109842 14.920207 -15.536863 3.665065 16.753735 -11.631130 8.492714 -27.378569 -24.234112 12.756303 17.599423 -3.161651 47.617695 -37.590876 -26.831416 -9.463838 -5.655927 
-118.751001 102.110195 83.098292 -177.197947 67.304145 172.363676 -13.736238 -13.915076 1.225889 68.311906 -17.224779 11.000409 -12.984153 15.688819 4.735738 -0.000000 0.000000 0.000000 -0.976743 0.066327 3.753374 19.188329 12.589020 -2.275335 7.560570 -11.233820 10.130838 -0.000000 0.000000 0.000000 -0.143613 6.001705 -7.071150 -3.568147 -0.313840 -6.782544 7.520935 0.216131 -5.110218 15.028457 -25.024611 16.272883 1.502537 -10.367811 11.859317 -0.000000 0.000000 0.000000 1.725056 4.066349 -1.648694 4.407157 0.663767 -50.688440 10.365266 -19.762120 12.760307 -13.245586 5.059008 15.215570 -12.505249 6.755181 -26.553602 -24.235056 12.292545 17.602171 5.393494 57.953057 -49.820502 -25.506593 -8.978614 -5.938157 
-118.331003 104.581189 85.635900 -176.065079 67.626733 170.478216 -11.275527 -9.704506 -0.783629 63.244483 -15.708369 7.845800 -9.580777 13.617117 2.638783 -0.000000 0.000000 0.000000 -2.532047 -1.867740 4.351842 18.836630 10.947275 -1.479610 17.287789 -4.310182 13.805600 -0.000000 0.000000 0.000000 0.789098 5.350056 -6.537523 -4.012914 -0.990780 -5.937711 7.875932 0.092005 -4.119985 12.654410 -24.547818 15.051464 -0.830906 -9.560412 11.365587 -0.000000 0.000000 0.000000 2.197488 3.473364 -1.403967 5.284977 2.574183 -54.770736 8.991129 -18.255035 11.415189 -12.448558 6.239895 12.988527 -13.314488 5.833728 -26.452149 -25.816239 10.764067 17.258095 20.899089 66.012007 -68.382363 -23.165123 -8.809939 -5.280096 
-117.882001 105.881202 88.260102 -174.847132 67.197703 168.133807 -7.355799 -6.204288 -0.705695 54.438251 -13.955462 4.664190 -6.765682 12.015522 0.097336 -0.000000 0.000000 0.000000 -4.297110 -2.062081 5.736116 21.037585 8.809774 -1.565103 19.916688 -5.393198 13.252623 -0.000000 0.000000 0.000000 1.664493 3.777047 -5.301163 -4.268657 -1.617849 -5.138956 8.427069 -0.498449 -3.055163 10.147746 -24.471901 13.141180 -3.666541 -7.910914 10.541935 -0.000000 0.000000 0.000000 3.454517 2.842244 -0.535762 5.974430 4.247947 -59.578539 9.551165 -17.998543 11.176790 -14.249821 7.255219 12.140507 -13.737170 5.666319 -27.826987 -27.727068 9.486030 18.021020 39.285730 70.746962 -90.749922 -24.063916 -8.533250 -6.618708 
-117.339993 106.020200 90.760100 -174.325088 64.912806 166.231368 -2.537199 -3.972988 0.230664 43.581443 -12.825272 2.312502 -1.293900 11.259809 -2.818676 -0.000000 0.000000 0.000000 -5.332812 -0.916688 6.759141 23.066716 4.839506 -1.080065 16.210464 -12.906926 10.868715 -0.000000 0.000000 0.000000 2.705135 1.496915 -3.613302 -5.047446 -2.247239 -4.382238 9.313501 -1.498397 -2.065534 8.018576 -24.697918 11.411288 -4.515749 -6.012061 9.483944 -0.000000 0.000000 0.000000 4.939438 2.314850 0.198098 6.469955 4.737405 -63.675413 11.068563 -18.689032 11.342331 -17.326413 7.238943 12.884784 -14.288636 5.809997 -29.024379 -29.020067 8.633529 18.644956 59.419883 73.243568 -114.622400 -26.363407 -7.387376 -8.369158 
-116.887999 105.034196 93.197602 -175.243420 61.535626 165.746397 1.271765 -2.011879 1.105526 33.902846 -12.892788 1.436112 6.484892 9.007446 -7.000986 -0.000000 0.000000 0.000000 -6.266831 -0.306765 6.951087 24.438549 2.438067 -0.957383 11.687278 -16.055102 7.068540 -0.000000 0.000000 0.000000 3.703999 -0.445210 -1.867969 -5.543991 -3.138798 -3.685458 9.533566 -2.547979 -1.256243 6.413710 -24.312420 10.432243 -4.726730 -5.196113 8.649490 -0.000000 0.000000 0.000000 5.463624 1.904686 0.601074 6.766680 4.894179 -66.395927 12.410272 -20.058003 11.832100 -19.078322 7.003597 12.750765 -15.074505 5.661780 -29.579201 -30.348900 7.741422 18.884201 77.233146 72.352823 -135.078634 -26.541900 -6.554765 -9.274108 
-116.653001 102.863204 95.744598 -177.837732 58.351649 166.791827 3.143350 -1.468678 1.466037 27.000587 -13.205784 1.358960 10.804238 9.422513 -7.605739 -0.000000 0.000000 0.000000 -8.897115 0.729357 6.953515 27.615116 2.922558 -1.311983 3.167724 -18.487905 1.274310 -0.000000 0.000000 0.000000 3.770130 -1.728250 -0.316909 -5.221700 -3.698773 -2.728911 9.161140 -3.362329 -0.647710 5.070186 -24.182856 10.352644 -5.820366 -5.045113 8.365613 -0.000000 0.000000 0.000000 5.523720 1.158560 0.527484 6.485077 4.488084 -67.678111 13.873896 -22.017464 12.492777 -20.525757 6.950356 13.425875 -15.351295 5.423166 -29.666767 -31.323152 6.385337 17.917193 87.064267 69.871429 -147.310034 -24.901492 -5.882935 -11.008152 
-116.716003 99.437499 98.547298 178.226683 55.516614 168.312937 3.110680 -1.428265 2.801149 26.690261 -11.455836 1.385683 -4.209979 16.523448 1.724748 -0.000000 0.000000 0.000000 -15.071586 2.457909 7.016309 34.889527 4.424912 -0.505357 -3.583129 -21.957437 -1.346331 -0.000000 0.000000 0.000000 3.340828 -2.768220 1.685181 -5.301473 -3.522491 -1.454524 9.099021 -3.852985 -0.104245 3.444526 -25.334778 10.985716 -7.233416 -4.543189 7.986530 -0.000000 0.000000 0.000000 5.583735 -0.107885 -0.023914 5.145445 3.836175 -67.822674 16.301482 -24.162809 13.485711 -21.257056 6.510305 15.199406 -15.498582 5.284955 -29.488586 -32.083415 5.447248 15.993214 90.205912 68.110150 -152.858274 -23.250077 -5.060115 -12.802691 
-116.777003 95.563501 101.464999 176.007322 53.623446 168.919184 2.363704 0.293115 5.535745 28.940997 -12.519321 2.597792 -22.837448 13.839142 8.427092 -0.000000 0.000000 0.000000 -22.189233 3.839808 5.794049 44.761645 5.902504 0.697459 -10.187656 -20.928094 -2.058755 -0.000000 0.000000 0.000000 4.239669 -3.348742 2.606008 -4.972731 -3.204938 -0.044703 7.663981 -3.792630 0.199777 2.234592 -24.167154 12.874168 -8.958165 -5.984210 7.122208 -0.000000 0.000000 0.000000 4.693612 -1.402545 -1.171025 4.007848 2.893762 -66.630872 17.772087 -25.143469 14.367224 -20.172659 5.408050 16.103155 -15.593387 5.202412 -27.947586 -33.305600 5.896954 14.742998 91.494171 66.934966 -155.921059 -21.756684 -4.270759 -14.292929 
-116.615999 92.102402 104.361999 175.104604 51.734752 169.948056 0.714974 0.523885 7.226997 32.664519 -17.966231 3.824701 -37.051466 10.352295 13.975045 -0.000000 0.000000 0.000000 -27.427961 4.599950 2.501598 52.111846 6.839391 0.820573 -14.282242 -19.724223 -1.663669 -0.000000 0.000000 0.000000 5.931584 -3.724940 2.048964 -5.284254 -3.446167 0.605409 6.791954 -3.702614 0.074458 1.114136 -22.518307 15.270585 -9.073631 -8.112062 7.003696 -0.000000 0.000000 0.000000 3.481789 -2.714118 -2.506668 2.499003 1.835500 -63.515086 19.697538 -24.762750 14.033045 -18.696858 4.910754 16.912981 -15.440444 5.296863 -25.554593 -33.928391 6.784954 15.838208 91.481881 65.091837 -157.675340 -19.578757 -2.497528 -18.957825 
-116.069996 89.241105 106.918001 175.919281 48.763743 170.886334 -0.800555 -0.312180 6.318868 38.186026 -19.711698 5.831433 -46.217110 9.197631 19.176335 -0.000000 0.000000 0.000000 -29.369950 4.926307 -2.517220 55.958712 6.623416 -0.336981 -17.306539 -20.221587 -2.075786 -0.000000 0.000000 0.000000 7.977831 -3.299631 0.284970 -4.601948 -4.411653 0.955563 5.562328 -4.144492 0.058062 0.810860 -22.113890 16.997722 -9.931131 -10.524611 7.645882 -0.000000 0.000000 0.000000 3.127315 -5.084959 -2.614942 -0.187685 0.233590 -60.999185 20.761784 -22.758060 12.353121 -17.709334 4.457483 18.276545 -15.422846 5.846632 -23.726412 -33.329010 7.170875 17.556480 90.635070 63.783099 -157.681567 -17.257427 -0.007794 -24.281109 
-114.803004 87.357903 109.284997 175.568619 45.916739 172.749855 -6.283849 -4.066883 4.469681 49.564585 -18.661532 8.390454 -48.015406 10.247401 19.339335 -0.000000 0.000000 0.000000 -30.396040 6.197033 -6.155485 56.933075 5.544712 -2.607284 -20.592868 -21.085674 -3.493135 -0.000000 0.000000 0.000000 8.369287 -2.126893 -1.877077 -4.132939 -5.405820 1.454612 4.201833 -4.564459 -0.412107 1.739836 -22.251516 18.780736 -8.911767 -13.676465 8.055073 -0.000000 0.000000 0.000000 2.663913 -6.883022 -3.783464 -2.119052 -2.544761 -57.667403 19.593465 -20.341523 10.699806 -16.511757 4.964650 17.578830 -15.558585 5.787022 -20.356202 -31.202560 8.698411 18.435282 88.504344 62.529787 -155.469807 -15.626310 0.817680 -26.008501 
-112.955999 86.066300 111.451995 175.069920 44.976393 173.436999 -8.301030 -6.737766 4.547834 54.222052 -17.721515 9.193562 -49.782999 11.901119 20.467891 -0.000000 0.000000 0.000000 -31.049187 8.835675 -6.266002 56.852029 7.477333 -6.091309 -18.780859 -21.062894 -2.579181 -0.000000 0.000000 0.000000 8.075749 -0.886713 -2.102899 -4.434000 -4.495117 1.356798 3.992367 -4.067637 -0.785777 1.459344 -23.883120 19.375323 -7.462115 -16.181602 9.096382 -0.000000 0.000000 0.000000 1.241223 -7.217991 -4.545920 -3.816549 -4.307075 -55.952518 18.787088 -19.898922 10.029981 -14.157376 5.818438 16.172210 -15.100494 5.932615 -18.525659 -29.223142 8.516837 18.168059 85.601250 62.865292 -151.814449 -14.876649 0.715432 -25.958539 
-110.405993 85.258305 113.238990 176.219181 45.835399 172.335057 -6.132742 -6.335277 6.159672 54.538910 -17.309598 11.175630 -51.487668 12.789779 20.390595 -0.000000 0.000000 0.000000 -29.937921 11.730588 -4.120922 56.575035 11.679278 -10.467335 -19.453828 -19.406427 -2.165661 -0.000000 0.000000 0.000000 7.277854 -1.092679 -1.572973 -3.522168 -2.771863 1.053134 4.322776 -2.727772 -0.874964 1.164221 -25.023361 19.190125 -7.948367 -17.410407 10.027832 -0.000000 0.000000 0.000000 0.470763 -6.896781 -4.320181 -4.720738 -4.244221 -56.280669 17.396788 -21.872511 11.096567 -14.843413 6.496595 15.246047 -13.854993 7.161504 -18.670858 -28.934598 8.140789 19.103522 79.560914 64.687040 -144.122863 -14.379389 0.170336 -25.090230 
-107.178998 84.854007 115.033996 176.161834 45.712591 173.149189 -4.452625 -6.892081 7.188465 53.961362 -18.150190 12.479509 -51.342355 14.825184 20.158939 -0.000000 0.000000 0.000000 -29.080198 14.078111 -3.209354 56.878847 15.316564 -13.724146 -21.330806 -18.431185 -1.656366 -0.000000 0.000000 0.000000 5.468842 -1.618930 -2.435193 -2.498980 -2.005279 0.738995 4.375050 -2.209105 -1.350856 0.740026 -25.341570 19.295194 -7.528472 -18.558220 10.228390 -0.000000 0.000000 0.000000 0.583208 -6.061486 -3.811571 -3.904888 -4.842985 -55.303679 17.635813 -24.596721 12.265644 -16.619247 5.207065 15.702264 -13.684491 7.912290 -18.911742 -28.120503 9.649705 20.586347 67.784952 66.636421 -130.575732 -14.077929 -1.701476 -22.109373 
-103.469002 84.845608 116.917992 175.320314 44.169557 174.764405 -3.105354 -8.077394 9.239065 52.256640 -20.540944 13.055376 -49.413456 16.655336 18.685400 -0.000000 0.000000 0.000000 -28.414844 15.041493 -3.007491 57.703906 18.418868 -15.551104 -21.419918 -16.112302 0.307297 -0.000000 0.000000 0.000000 4.169219 -1.764594 -3.376616 -2.385481 -2.081818 0.085661 4.391013 -2.535389 -2.012953 -0.503213 -25.407102 19.387470 -6.610619 -20.188182 10.452975 -0.000000 0.000000 0.000000 0.640628 -5.262760 -3.635654 -2.147618 -5.382431 -53.140187 19.701586 -26.813112 13.814070 -16.160344 3.749343 16.442999 -13.982139 8.067017 -19.133026 -27.159220 11.024387 20.803994 52.926727 67.552033 -112.813943 -14.062116 -3.311458 -20.992024 
-99.063694 85.213703 118.806994 175.259526 42.933336 175.597729 -0.326717 -6.629312 13.463128 47.112623 -23.508981 12.563471 -45.744259 17.325359 15.094906 -0.000000 0.000000 0.000000 -27.228613 15.093553 -1.780675 58.970691 21.456542 -16.583026 -23.584342 -12.750264 1.804024 -0.000000 0.000000 0.000000 3.307349 -2.278116 -4.297796 -2.257473 -1.798481 -0.828362 4.507657 -2.564593 -2.362345 -1.845446 -25.153318 19.157630 -6.372667 -21.957045 10.899759 -0.000000 0.000000 0.000000 0.638544 -4.871151 -2.611766 -0.640454 -5.186644 -51.817136 21.277907 -26.941778 14.614336 -15.859771 2.696320 16.474908 -13.892640 8.575631 -20.500492 -27.017371 10.829637 20.503389 37.296758 66.311738 -93.296406 -14.323872 -4.576399 -18.795164 
-94.081897 85.927004 120.769000 174.972112 41.610369 176.666736 2.059648 -3.927579 18.542978 39.995538 -25.616266 11.082910 -38.224744 16.801089 8.613409 -0.000000 0.000000 0.000000 -26.355187 14.421758 -0.182476 59.145224 21.580596 -15.478221 -25.018408 -14.640849 1.841450 -0.000000 0.000000 0.000000 2.098111 -3.341915 -5.411708 -2.088492 -1.182758 -1.930298 4.457626 -2.554537 -2.591739 -2.363262 -25.793253 18.518973 -6.301018 -22.340055 11.532336 -0.000000 0.000000 0.000000 1.175136 -4.363596 -1.606608 0.097915 -4.256887 -50.325553 21.590957 -25.888447 14.265350 -15.985785 3.393130 14.619351 -13.525082 9.414917 -22.511021 -27.207935 10.765047 19.638631 23.274292 62.836130 -75.748940 -12.817942 -7.052629 -14.152346 
-88.517994 87.154305 122.722995 175.702313 39.965982 177.132691 4.624656 -1.429717 22.835830 33.263097 -27.419152 10.458391 -25.584464 16.323892 -0.077418 -0.000000 0.000000 0.000000 -23.791326 12.415521 0.850597 57.520948 20.579349 -13.056592 -28.093179 -15.049839 -0.143227 -0.000000 0.000000 0.000000 1.306727 -4.152974 -6.824944 -1.406775 -1.123027 -3.252844 4.296962 -2.770530 -2.794381 -2.403168 -25.527048 17.931986 -6.427354 -22.900371 12.234071 -0.000000 0.000000 0.000000 1.675652 -3.906776 -0.001587 0.926611 -3.016722 -49.194842 21.359138 -23.539411 13.297566 -15.974965 3.586008 13.441641 -13.026963 10.364627 -25.302415 -27.906090 10.438400 19.466367 11.714260 58.539893 -60.200515 -15.962581 -8.486943 -11.522292 
-82.593900 89.237309 124.327004 176.972523 38.593544 177.430092 6.999056 -0.230877 24.258456 28.053340 -26.444309 10.959768 -8.050964 16.874631 -7.816995 -0.000000 0.000000 0.000000 -19.229273 9.740617 1.795676 53.250551 19.562454 -11.553979 -29.059259 -13.206072 -1.745506 -0.000000 0.000000 0.000000 0.232958 -3.932801 -8.339560 -0.498750 -1.281040 -4.815775 4.091402 -2.974664 -3.272124 -0.937441 -25.189819 17.844402 -5.499620 -23.231844 13.130545 -0.000000 0.000000 0.000000 2.014638 -3.300677 1.334412 1.964477 -2.220364 -48.033626 20.823709 -19.852677 12.380116 -14.644115 4.290576 12.128241 -12.727124 11.031948 -27.724255 -28.149562 10.413338 19.527093 4.846332 52.585460 -48.871611 -18.147242 -8.885412 -9.359727 
-77.032894 92.183304 125.545990 176.782084 38.138596 178.315749 7.056823 -1.928420 22.392279 25.717052 -19.418207 10.950990 10.474695 20.686660 -11.323764 -0.000000 0.000000 0.000000 -15.713306 9.433207 4.204092 47.650848 19.874747 -10.489734 -24.343139 -14.012571 -3.235300 -0.000000 0.000000 0.000000 -2.365386 -3.113270 -8.928128 0.427482 -0.808756 -5.985371 3.873280 -3.000824 -4.187229 1.709162 -26.829086 17.925116 -3.764024 -21.003187 13.937250 -0.000000 0.000000 0.000000 2.054369 -1.655704 0.621202 2.722643 -1.701046 -46.531471 17.827787 -17.179221 12.176199 -12.625198 6.193379 10.653786 -12.765475 11.050719 -28.817184 -27.131516 12.057993 18.510689 -0.075446 47.700048 -41.667033 -20.323188 -11.024337 -3.304809 
-72.158301 95.654100 126.225996 176.986498 37.395840 178.255834 6.230428 -4.843078 19.121949 26.435339 -17.990961 9.872635 13.723907 22.849872 -5.104492 -0.000000 0.000000 0.000000 -11.540243 8.979110 5.834044 39.953399 21.329438 -8.588706 -15.184178 -15.116858 -1.607575 -0.000000 0.000000 0.000000 -3.365455 -2.240812 -8.270826 -0.315180 -0.302547 -6.713855 4.300938 -2.732565 -4.657884 4.545270 -29.774380 17.907285 -2.290811 -17.685176 14.372770 -0.000000 0.000000 0.000000 2.028607 0.518986 -0.800293 2.546611 -1.357933 -46.597575 13.457222 -15.539106 11.805960 -11.892850 6.972021 11.770904 -12.863156 10.594467 -29.654786 -25.918523 13.257124 16.913816 -4.065938 45.695660 -36.892528 -22.563084 -11.048011 0.342452 
-67.700601 99.320704 126.471996 178.118534 34.953917 176.920327 4.797089 -6.030966 16.266189 26.184981 -22.490516 8.107214 9.171615 16.277912 -4.304235 -0.000000 0.000000 0.000000 -6.478547 6.416354 6.022531 30.261526 20.558851 -5.054232 -1.484583 -11.307805 5.461152 -0.000000 0.000000 0.000000 -2.657978 -1.065726 -7.325426 -1.495471 -0.878368 -6.795828 4.998150 -2.425157 -4.343873 6.654891 -30.711968 18.060113 -1.755181 -17.172799 14.310332 -0.000000 0.000000 0.000000 1.614046 2.023801 -1.150904 2.193629 -1.071948 -49.117803 10.328947 -13.938700 11.582541 -11.477149 6.516388 11.548712 -13.804043 9.431212 -29.936850 -26.334295 13.760135 16.048756 -2.679131 45.466026 -37.537092 -19.746797 -9.804067 -0.007616 
-63.438499 102.581191 126.724994 178.973291 32.823421 175.249199 3.374730 -5.817153 13.477154 23.145721 -23.956288 5.857649 8.584629 10.359787 -8.057458 -0.000000 0.000000 0.000000 -3.747810 3.134844 6.080980 23.141476 17.970359 -1.539763 13.700248 -2.299327 13.659230 -0.000000 0.000000 0.000000 -2.013576 0.417620 -6.262452 -1.943530 -1.458795 -6.163534 5.203500 -2.101418 -3.744810 8.057451 -30.471980 18.377167 -2.224064 -18.079354 13.840188 -0.000000 0.000000 0.000000 1.351553 2.975772 -0.655425 2.711581 -1.049970 -52.581103 9.016538 -13.487210 11.205192 -11.549619 6.184908 9.763198 -15.321272 8.030339 -29.996141 -27.941857 14.368073 15.837673 -0.845714 46.564577 -40.364675 -17.003527 -8.962249 -0.760833 
-59.478700 104.685199 127.255988 179.049530 33.004119 173.970423 1.479570 -4.544957 10.470756 20.294428 -22.113796 4.312339 7.712360 7.932014 -10.386422 -0.000000 0.000000 0.000000 -4.138379 0.598703 6.144293 21.452225 16.510647 -0.977965 21.321582 7.951176 19.886140 -0.000000 0.000000 0.000000 -1.778570 1.687728 -4.571789 -2.688134 -1.238300 -5.381349 5.457847 -1.303968 -3.254343 7.990503 -29.622951 18.377465 -3.523795 -18.959528 12.797295 -0.000000 0.000000 0.000000 1.105814 3.871427 0.165159 4.456521 -0.972251 -56.310946 9.944679 -14.264263 11.090344 -12.133928 5.924257 7.529615 -16.620857 7.097733 -30.394728 -30.481133 15.091726 15.441757 -0.776580 49.106039 -42.437771 -16.447520 -8.961888 -1.238209 
-55.694300 105.512190 127.917993 179.381887 33.818705 172.806409 0.137116 -4.737950 7.377700 18.120662 -18.788814 3.331087 8.400159 8.939556 -8.844670 -0.000000 0.000000 0.000000 -5.599874 0.933551 6.371704 24.145161 14.942827 -2.179946 20.630070 3.562824 17.832666 -0.000000 0.000000 0.000000 -1.345530 1.755159 -2.341364 -3.710966 -0.230167 -4.882708 6.171704 -0.696902 -2.960818 7.514942 -30.782803 17.657836 -3.922918 -17.351959 11.784906 -0.000000 0.000000 0.000000 1.924664 4.589159 0.421671 6.070408 -0.513939 -59.567747 12.159768 -15.835896 11.649054 -14.385296 6.169514 6.923147 -16.535718 7.462535 -31.537863 -32.191560 15.327749 14.632663 -1.686690 52.155347 -45.255844 -16.501994 -8.528956 -1.518446 
-51.895899 105.210197 128.518999 -179.297220 33.241199 171.111894 -0.260581 -6.208926 5.046090 16.679042 -17.235889 3.053917 9.564484 10.650791 -8.132979 -0.000000 0.000000 0.000000 -6.139440 2.587229 5.481269 26.568301 12.338649 -2.597791 15.395999 -3.514381 15.248296 -0.000000 0.000000 0.000000 0.345089 1.229036 -0.251780 -4.820743 0.304334 -4.347140 6.987617 -0.366377 -2.603277 6.776921 -31.817100 16.867553 -3.892582 -16.144550 10.597737 -0.000000 0.000000 0.000000 2.723530 5.164137 0.481577 7.427102 -0.197678 -62.556472 13.594706 -17.344818 12.353728 -16.761947 6.547912 7.066016 -16.679871 8.015552 -32.187263 -33.141565 15.632518 13.548412 -0.363321 55.600283 -49.805938 -14.359564 -8.586033 -2.068381 
-48.179001 103.824198 129.114997 -178.662654 31.758965 169.739244 -1.262587 -7.513132 3.605842 16.461615 -17.638946 3.173402 6.744695 12.809555 -3.871378 -0.000000 0.000000 0.000000 -6.268568 2.936350 3.315813 26.791274 12.631693 -2.890799 10.496041 -6.400565 12.194131 -0.000000 0.000000 0.000000 1.327253 1.266323 1.719032 -5.333766 0.123073 -3.639398 7.476358 -0.388367 -2.175243 6.542165 -32.761312 16.239447 -4.297035 -15.266220 9.712287 -0.000000 0.000000 0.000000 3.260059 5.426418 0.477376 8.196183 0.560430 -65.095731 14.671993 -18.750633 12.283363 -18.580046 6.913045 7.264071 -16.673348 8.144912 -32.825756 -34.147336 15.267093 12.831729 3.922877 59.708899 -56.420795 -12.455560 -9.034857 -2.084102 
-44.443402 101.471198 129.753995 -178.337947 30.150482 168.434938 -3.003513 -7.068590 3.643432 21.810544 -14.547427 4.093994 -4.018165 19.323489 2.309664 -0.000000 0.000000 0.000000 -6.024444 2.054489 0.435699 24.819391 13.573644 -3.444907 6.954763 -9.536566 10.124802 -0.000000 0.000000 0.000000 2.197048 1.771335 3.498878 -6.214073 -0.189966 -2.926296 7.974778 -0.582870 -1.503833 6.897580 -34.319582 15.936555 -4.390858 -13.902382 9.202606 -0.000000 0.000000 0.000000 4.061738 5.261585 0.188038 8.184765 2.253984 -66.821694 17.014769 -19.834024 11.834170 -20.267260 7.757554 7.039038 -16.590185 8.020025 -32.847307 -35.217641 14.490959 12.129523 11.599786 64.168070 -65.326199 -12.019163 -9.092852 -2.516129 
-40.527800 98.625004 130.464005 -177.860380 28.241582 167.511086 -4.397759 -5.300737 5.704433 29.887750 -14.055176 6.579421 -15.711852 17.200149 6.340459 -0.000000 0.000000 0.000000 -4.999214 0.396212 -2.875619 21.196625 13.432571 -4.704203 4.300822 -13.102246 8.671431 -0.000000 0.000000 0.000000 3.047167 2.328960 4.241773 -6.683170 -0.751925 -2.369186 8.030003 -0.800546 -0.759902 8.224079 -35.283003 16.508511 -4.256030 -13.083427 9.093538 -0.000000 0.000000 0.000000 5.107608 4.350238 -0.576796 7.383000 3.856336 -67.528799 18.764159 -19.631622 11.256873 -20.432358 8.154705 7.308398 -16.022452 7.971847 -32.010648 -35.947711 12.988809 12.093169 25.174779 68.280959 -80.676979 -9.932024 -9.040157 -3.442105 
-36.469501 95.621204 131.408000 -178.476763 25.940017 168.277596 -6.956901 -5.343368 7.990730 37.109680 -16.512425 8.405905 -24.382042 14.457662 7.929146 -0.000000 0.000000 0.000000 -5.072925 -0.384085 -7.171078 17.890820 12.475128 -5.434563 2.641595 -16.924589 7.676395 -0.000000 0.000000 0.000000 2.672183 2.806424 3.104383 -6.164970 -1.650881 -1.572330 7.374729 -1.194570 -0.322802 10.082633 -35.217293 17.846840 -4.313470 -13.555537 9.186112 -0.000000 0.000000 0.000000 6.095910 3.122972 -1.558994 5.865347 4.356574 -66.852000 19.985978 -18.248371 10.132581 -20.373926 8.596903 7.837594 -15.728186 7.350290 -29.962869 -35.816250 12.189957 12.943822 44.107383 69.702702 -101.906642 -8.205193 -8.258862 -6.219462 
-31.966698 93.151104 132.520998 -179.068654 23.732023 170.057640 -8.957022 -6.399786 9.085138 42.306513 -18.592286 9.104074 -29.972649 15.130315 10.298387 -0.000000 0.000000 0.000000 -5.425404 -0.303100 -11.656629 16.041973 12.118512 -6.098182 1.572426 -19.765950 7.082904 -0.000000 0.000000 0.000000 2.596969 3.136972 0.787738 -6.345667 -2.568955 -1.258923 6.771591 -1.618106 -0.525365 11.992873 -34.392500 19.160978 -2.362400 -15.030111 9.469121 -0.000000 0.000000 0.000000 6.370954 2.646216 -2.547119 4.084660 4.731100 -64.364261 20.994205 -16.213879 8.609456 -19.710274 9.527384 7.963332 -15.767196 6.221916 -26.719955 -34.961894 12.480782 15.543284 62.195355 67.974131 -122.338976 -7.293377 -7.138115 -10.779981 
-26.859999 91.396403 133.761001 -178.978236 22.018526 170.883587 -9.136057 -5.719843 12.452218 43.909876 -19.229694 9.905444 -32.444936 13.065085 8.664115 -0.000000 0.000000 0.000000 -5.734148 -0.420071 -13.994846 16.168953 12.980403 -7.167423 1.514119 -19.142250 6.961390 -0.000000 0.000000 0.000000 2.788341 3.325981 -0.537753 -6.137193 -2.971277 -1.297083 6.422995 -1.784056 -0.714593 11.836918 -33.471610 18.818259 -0.064424 -17.058062 9.763060 -0.000000 0.000000 0.000000 6.139810 2.283908 -2.957902 1.911573 5.720340 -62.630187 19.509389 -14.578417 8.218145 -18.308240 9.823218 8.600654 -15.258849 5.720746 -23.976584 -34.919487 12.234025 16.865528 73.573344 66.116327 -134.426636 -7.057755 -4.898093 -15.586817 
-21.190099 90.347999 135.060000 -178.218951 20.827151 171.396890 -7.018469 -5.161133 16.436931 41.963831 -20.772951 10.085149 -31.930513 12.912453 6.377418 -0.000000 0.000000 0.000000 -5.682828 0.361800 -14.701607 18.759045 14.917301 -7.920891 1.343666 -17.586249 7.020612 -0.000000 0.000000 0.000000 2.967432 3.038626 -1.617711 -5.781209 -2.780476 -1.747322 6.843246 -1.642395 -0.915595 10.939970 -32.533937 17.665271 1.085522 -18.711912 10.186317 -0.000000 0.000000 0.000000 5.887279 2.042391 -2.339185 0.046283 6.111152 -61.295463 17.531186 -14.576389 7.957155 -18.707601 9.014851 10.782116 -14.471606 5.834942 -22.892152 -34.963727 11.691540 17.667968 73.714425 65.596735 -133.839922 -4.780510 -2.360870 -21.221175 
-14.937299 89.944202 136.570001 -177.467958 19.069885 172.169917 -4.875648 -5.032137 20.534387 38.764139 -23.179753 10.218143 -27.141590 13.557527 1.824254 -0.000000 0.000000 0.000000 -5.664787 1.440346 -14.049824 24.061523 16.476715 -8.300927 -3.413522 -16.328590 9.100343 -0.000000 0.000000 0.000000 3.395830 2.445889 -3.079788 -5.353714 -2.447386 -2.407702 6.909848 -1.455163 -1.505983 9.795371 -30.910014 16.707833 1.877972 -20.883141 10.195973 -0.000000 0.000000 0.000000 4.994530 1.912100 -1.526437 -0.902505 5.149007 -58.519148 17.260985 -15.205946 8.019665 -19.255572 8.246542 10.566168 -14.262319 6.191695 -22.882157 -34.537865 11.482559 17.767545 64.448543 66.864492 -123.143481 -5.031072 -2.996145 -21.666507 
-8.134740 90.033108 138.296998 -176.832751 16.197908 172.699995 -3.325608 -4.406272 25.083218 34.171571 -26.237142 11.731167 -17.944206 12.220670 -5.192976 -0.000000 0.000000 0.000000 -5.790571 1.222556 -11.829645 30.274489 16.687060 -7.312282 -12.159092 -16.025707 7.932793 -0.000000 0.000000 0.000000 3.988363 1.612405 -4.570603 -4.775149 -2.270967 -3.346530 6.814145 -1.540651 -1.928989 8.858716 -29.320570 15.973618 2.381720 -22.934666 10.932778 -0.000000 0.000000 0.000000 3.871861 1.337970 0.140055 -1.519702 4.032481 -55.819179 17.557395 -15.893635 8.835802 -20.118735 8.266542 9.655020 -13.799184 7.195208 -24.569630 -34.549847 10.080785 17.374433 47.075873 68.209718 -103.204348 -9.161868 -3.771184 -19.233112 
-1.164430 90.621608 140.186000 -176.481119 12.839960 173.575789 -2.932235 -5.210547 26.687056 31.541940 -28.860394 15.234483 -6.129810 12.215101 -8.031092 -0.000000 0.000000 0.000000 -6.776646 -0.304676 -9.115627 35.691996 15.379061 -5.120875 -18.869300 -15.806140 3.745206 -0.000000 0.000000 0.000000 4.905162 0.827310 -6.320864 -4.234590 -2.326453 -4.789063 6.257989 -2.085120 -2.475716 9.015230 -28.331233 16.037954 2.541734 -23.701675 12.407938 -0.000000 0.000000 0.000000 3.086109 0.736793 1.968070 -1.831531 2.828139 -52.364059 18.095738 -16.870468 9.805545 -20.682113 7.976624 10.318064 -13.378336 8.255823 -27.213762 -34.112816 8.719591 17.335517 24.567101 64.680696 -77.001837 -9.636771 -4.059761 -19.172005 
4.897010 91.925704 141.757989 -176.998806 9.669823 175.311353 -3.283960 -8.323051 23.731397 31.256475 -28.767018 17.318822 1.364418 17.235602 -1.173968 -0.000000 0.000000 0.000000 -6.946171 -2.806805 -7.464841 35.961108 13.357608 -2.308894 -21.711364 -16.370898 -0.516267 -0.000000 0.000000 0.000000 4.431571 0.850984 -7.552513 -4.246067 -2.587038 -6.593007 6.626059 -2.876936 -3.566115 10.087829 -29.003129 16.579782 3.720971 -22.410577 13.455686 -0.000000 0.000000 0.000000 2.342515 0.588216 2.240599 -1.815246 0.372004 -48.151461 18.699610 -17.082006 10.559667 -20.371114 7.121397 12.264105 -13.288665 8.931117 -29.834441 -32.481934 9.173269 17.443454 8.115125 57.091309 -57.356804 -11.328775 -4.812685 -17.071694 
10.120700 94.395906 142.623985 -176.518562 8.181935 175.099044 -2.262079 -9.885133 21.320057 30.538255 -26.904059 14.949299 -1.325531 18.678106 -0.458543 -0.000000 0.000000 0.000000 -3.118008 -2.021067 -2.114504 30.873658 11.667357 -3.039247 -18.425602 -17.777812 -0.133158 -0.000000 0.000000 0.000000 4.068331 1.399266 -7.382196 -3.967262 -2.278249 -7.352765 6.460866 -2.665619 -3.834610 13.041346 -29.897517 17.604385 3.375900 -20.883877 13.823171 -0.000000 0.000000 0.000000 1.555115 0.708466 2.440424 -1.508912 -1.515034 -47.418408 18.009008 -16.954255 11.619438 -18.550058 6.810094 11.757043 -13.670807 9.815789 -31.686431 -30.842071 10.686828 17.264015 -0.707245 48.832028 -44.422771 -13.489933 -5.363694 -15.358852 
14.738899 97.676808 143.281007 -176.152546 7.164991 174.288737 -1.915736 -10.191701 18.472627 29.602626 -24.971120 10.020218 -1.709083 15.065104 -3.610981 -0.000000 0.000000 0.000000 -0.110333 0.949100 2.900977 24.638197 10.727696 -2.463573 -8.604888 -20.868261 2.441265 -0.000000 0.000000 0.000000 3.715958 1.272895 -7.156945 -4.335319 -1.362992 -7.330037 6.408266 -2.245358 -3.610745 16.203464 -31.156437 19.090635 3.876599 -18.767770 14.154679 -0.000000 0.000000 0.000000 1.185506 1.608830 2.614071 -1.196137 -3.379531 -48.374705 16.542138 -17.060612 11.888837 -17.830385 6.267595 10.207061 -14.475200 10.158952 -32.713931 -29.055505 13.430177 17.711986 -4.722912 40.702285 -37.271164 -13.448001 -5.900423 -12.666456 
18.716298 101.004195 143.865991 -176.080788 6.308512 173.366443 -2.358360 -8.681677 14.262127 29.456552 -23.261730 6.813443 0.104469 12.274889 -6.849211 -0.000000 0.000000 0.000000 1.201369 -0.321345 4.487929 19.192130 7.832207 -0.476654 5.451367 -15.076239 10.411691 -0.000000 0.000000 0.000000 3.391095 1.592893 -6.405603 -4.823450 -1.317659 -7.233323 6.636885 -2.018728 -3.265824 17.962873 -31.285765 20.526637 3.488664 -17.595798 14.470751 -0.000000 0.000000 0.000000 0.738418 2.069159 3.070527 -0.180384 -4.796478 -50.528721 15.609760 -16.767481 11.644969 -17.426536 5.258778 8.891223 -15.481921 10.017830 -33.897075 -28.515945 15.526143 18.255162 -5.308049 33.869099 -32.358134 -14.067429 -6.876228 -8.627156 
22.403900 103.641200 144.654000 -176.198991 6.501911 172.022276 -2.844209 -5.315236 10.257599 29.552934 -20.403434 5.217233 1.912733 10.784249 -8.405371 -0.000000 0.000000 0.000000 0.714717 -3.609812 4.830413 16.845119 6.815058 0.501744 16.476045 -3.039116 17.276014 -0.000000 0.000000 0.000000 3.329358 1.880581 -4.790884 -5.240505 -1.598147 -6.966435 6.635509 -1.933725 -2.820228 17.834797 -31.159361 20.949298 2.069432 -16.408848 14.348367 -0.000000 0.000000 0.000000 0.514700 2.091238 3.867067 1.285233 -5.260233 -53.878083 15.767789 -16.288975 11.976503 -17.272445 4.883185 7.312693 -16.585074 10.178395 -35.466989 -29.696115 17.020578 18.757449 -5.003308 28.818627 -28.385641 -15.114874 -8.144895 -1.466949 
26.071501 105.001199 145.684993 -177.002290 7.673809 170.610025 -3.293168 -2.846885 7.156028 28.502522 -17.240441 3.591870 4.970643 9.937247 -9.348137 -0.000000 0.000000 0.000000 -1.902638 -3.521779 5.833335 18.005275 10.349901 -0.396560 19.064667 3.770692 17.955305 -0.000000 0.000000 0.000000 2.375618 1.397373 -2.920631 -5.606772 -1.389505 -6.233126 7.197877 -1.857159 -2.352074 16.020648 -31.189816 20.315374 0.221819 -15.141884 13.509654 -0.000000 0.000000 0.000000 0.599367 2.269394 4.831639 2.454446 -5.597824 -57.704445 15.863294 -15.780187 12.342654 -18.532058 4.836946 5.990866 -17.083814 10.365997 -37.051992 -31.233232 18.518879 18.508655 -5.015771 25.523338 -25.980175 -16.777595 -9.006406 4.669121 
29.735899 105.175197 146.615994 -177.077299 7.951298 169.312767 -1.709485 -2.695094 4.549820 25.410257 -15.734562 1.979751 8.371866 9.220626 -10.225030 -0.000000 0.000000 0.000000 -3.919204 -0.883841 6.339023 20.749167 9.477881 -1.130031 16.578633 -3.101360 15.337612 -0.000000 0.000000 0.000000 2.588446 -0.101160 -1.204320 -6.353753 -0.766855 -5.464661 8.092332 -1.995751 -1.831600 14.075898 -32.105043 19.520811 -0.665483 -13.092674 12.420826 -0.000000 0.000000 0.000000 1.233389 2.654114 5.359374 2.681636 -6.050278 -60.952190 15.256910 -15.373448 12.422467 -21.192504 5.107520 5.763320 -17.434928 10.807654 -38.241587 -31.226101 19.782924 17.990809 -6.783122 24.966828 -26.048762 -17.252226 -10.323216 7.261340 
33.264801 104.264188 147.492003 -176.972237 7.061487 168.287638 0.479647 -3.927353 1.927092 22.194630 -17.712787 1.525050 8.756959 8.818583 -8.990557 -0.000000 0.000000 0.000000 -5.329752 0.828836 5.046678 22.864691 6.856425 -1.264901 12.048035 -9.146545 12.746602 -0.000000 0.000000 0.000000 3.420382 -1.194129 0.536592 -6.793092 -0.728507 -4.880333 8.470337 -2.232297 -1.520371 12.427924 -32.551359 18.831548 -1.383839 -11.903312 11.296764 -0.000000 0.000000 0.000000 1.500096 2.458942 5.038262 2.659490 -6.281128 -63.106471 14.277152 -15.125842 12.508166 -22.264120 5.497931 5.805832 -17.613353 11.100182 -38.351424 -31.155426 19.819748 17.150857 -8.581244 28.416141 -28.009212 -17.708251 -11.403523 7.773930 
36.820799 102.212203 148.420000 -177.787420 5.728441 166.857368 1.339509 -5.205545 0.814149 20.584421 -15.088409 1.422493 3.233842 16.731570 -1.483357 -0.000000 0.000000 0.000000 -7.273652 1.881843 3.620595 24.446887 7.076419 -1.546974 7.426871 -13.273285 9.249410 -0.000000 0.000000 0.000000 3.365548 -1.679127 2.623897 -7.395807 -0.899745 -4.095766 9.203271 -2.547277 -1.045704 10.745407 -33.732684 17.888852 -1.981852 -10.149067 10.587258 -0.000000 0.000000 0.000000 1.829425 1.814043 4.314715 1.863040 -5.631166 -64.736252 14.189023 -15.649744 12.416289 -22.517651 6.511950 6.397498 -17.180431 10.919216 -37.926890 -31.451960 18.517288 15.568653 -8.555229 34.874293 -31.587305 -17.382214 -11.734394 7.583375 
40.450400 99.404001 149.440992 -178.789354 4.183569 165.548909 0.816980 -4.015323 2.646801 22.707433 -9.594918 1.011587 -12.406942 21.139205 7.091132 -0.000000 0.000000 0.000000 -9.240312 2.795728 2.097502 26.409353 9.172764 -2.785745 3.274626 -16.661111 7.025253 -0.000000 0.000000 0.000000 3.266461 -1.799771 3.920292 -7.587978 -1.289254 -2.929357 9.429753 -2.907497 -0.390706 9.152806 -34.376060 17.282170 -2.846341 -8.859604 9.743971 -0.000000 0.000000 0.000000 2.306841 1.055392 3.075000 0.625777 -4.389020 -65.642861 14.681946 -16.668151 12.426374 -22.560542 7.085251 6.922243 -16.903452 10.064492 -36.518530 -31.955622 17.640670 14.526450 -6.566506 43.049228 -37.796416 -15.297539 -12.022262 6.547186 
44.271702 96.738899 150.414002 -179.102354 0.762572 165.670637 -1.284672 -1.374368 5.835522 27.805618 -11.410317 2.620279 -23.957204 14.566046 10.069773 -0.000000 0.000000 0.000000 -8.722584 2.541204 -0.805721 27.633316 11.949324 -4.846956 -0.272705 -17.754576 5.413539 -0.000000 0.000000 0.000000 4.395444 -1.958672 2.670933 -7.178676 -2.708297 -1.951259 8.493219 -3.467463 0.223303 9.269204 -33.500874 18.096780 -3.376475 -9.108964 9.737455 -0.000000 0.000000 0.000000 3.078454 -0.185110 1.726175 -0.640184 -3.046262 -65.122685 16.025867 -17.475166 12.400268 -22.066879 6.790353 7.892470 -16.714916 9.112866 -34.228453 -32.478881 15.896606 15.699336 -0.303349 52.335586 -48.652704 -12.552571 -11.641163 4.663963 
48.141199 94.112206 151.358986 -179.906472 -4.407492 167.108420 -4.945353 -2.428712 7.229775 34.342714 -17.496962 3.916902 -33.128424 13.320655 13.876865 -0.000000 0.000000 0.000000 -7.224818 2.222696 -5.062366 28.850316 15.358223 -6.412465 -3.472806 -17.764881 4.678984 -0.000000 0.000000 0.000000 5.272450 -1.717485 0.160476 -7.600350 -4.848904 -1.422761 8.675039 -4.345728 0.558569 8.719488 -32.722987 18.712670 -2.215923 -10.884831 10.376084 -0.000000 0.000000 0.000000 3.377194 -1.659112 1.434050 -1.875089 -2.566252 -64.155423 18.478806 -18.459998 11.661711 -22.915832 6.849397 9.236112 -17.112433 8.034724 -31.890807 -32.219036 13.536417 17.604252 12.906293 60.037096 -65.769710 -10.659422 -10.598744 0.800856 
52.218896 92.204005 152.117002 178.896916 -9.539032 169.282046 -9.883818 -5.211283 6.005862 41.866190 -18.744554 6.905710 -37.096333 12.379302 14.844766 -0.000000 0.000000 0.000000 -5.218599 2.652446 -8.902363 29.725263 16.828628 -8.340393 -6.342753 -16.587675 4.750633 -0.000000 0.000000 0.000000 5.473589 -0.855833 -3.435719 -7.367518 -6.724622 -0.832388 7.620817 -5.074211 0.303238 9.143030 -31.257188 19.670019 -0.886516 -14.491463 10.312842 -0.000000 0.000000 0.000000 3.570328 -2.303663 0.326162 -2.958884 -3.473326 -61.999413 19.173907 -18.752878 10.820489 -22.235667 6.310513 9.787794 -18.196037 6.127089 -27.835170 -30.954591 13.514943 19.449117 30.637232 65.271790 -86.705474 -12.884902 -7.052013 -5.127481 
56.724203 91.047007 152.374995 177.958475 -13.231596 170.046083 -13.207691 -8.514573 7.157447 46.016205 -18.675652 7.837828 -38.298437 11.618478 13.664854 -0.000000 0.000000 0.000000 -2.928168 4.630394 -8.500681 31.668610 19.536210 -11.881985 -7.817223 -16.303211 3.180264 -0.000000 0.000000 0.000000 5.164565 0.421737 -5.756086 -7.401651 -7.276288 -0.374285 7.038525 -4.988511 -0.006268 9.265407 -30.621275 19.763886 1.428878 -17.382299 10.642260 -0.000000 0.000000 0.000000 3.091226 -2.518875 -1.061394 -3.385192 -3.955027 -59.963174 18.933887 -19.597929 10.241371 -21.145926 5.206069 10.656205 -18.277559 5.031159 -24.090040 -29.577565 12.852680 20.103064 50.097658 67.130234 -109.354853 -13.790391 -5.474205 -8.812446 
61.490101 90.536404 152.259004 177.526069 -15.488440 170.827621 -13.580335 -10.655233 8.954419 45.460727 -19.180036 8.748428 -38.177236 11.811271 12.524409 -0.000000 0.000000 0.000000 -0.626148 8.142699 -6.300822 34.599715 24.857162 -15.557806 -6.273629 -14.274417 4.410452 -0.000000 0.000000 0.000000 3.927990 1.320603 -7.977315 -6.499036 -6.849717 -0.151786 7.244225 -4.130058 -0.343593 8.776244 -29.858022 19.256119 2.553384 -19.979477 11.361579 -0.000000 0.000000 0.000000 2.884027 -2.805581 -1.557310 -3.562641 -3.580653 -58.781051 17.849939 -21.393449 10.662204 -20.368602 5.287835 11.078521 -17.578691 4.942435 -21.061693 -29.247379 11.719896 20.904715 66.457272 65.896825 -128.709377 -12.767309 -4.186164 -11.606694 
66.542500 90.270907 152.016008 176.951336 -18.905320 172.114702 -13.745146 -13.286254 9.955527 43.745368 -20.815346 10.228361 -36.567212 13.259236 10.851933 -0.000000 0.000000 0.000000 1.236995 10.651661 -4.462574 35.064202 25.109788 -15.532024 -13.124527 -18.882861 3.054545 -0.000000 0.000000 0.000000 3.248513 1.400746 -10.154647 -5.956336 -6.478587 -0.666726 7.391558 -3.721561 -1.091381 7.503564 -28.497285 18.249604 3.471710 -22.457908 11.148978 -0.000000 0.000000 0.000000 3.416889 -2.549837 -1.440058 -3.500167 -3.946397 -56.451111 18.778488 -23.271132 10.730884 -21.715860 3.789106 12.277231 -17.028123 5.078011 -19.328242 -28.553684 12.075535 22.175671 71.797657 64.823495 -135.418854 -12.657944 0.175406 -20.279939 
71.696800 90.043002 151.699996 176.617135 -24.097883 173.236738 -14.190353 -14.621019 11.580064 41.166762 -23.897247 12.529912 -33.347600 13.478798 7.274616 -0.000000 0.000000 0.000000 2.240731 9.943537 -2.791938 34.514232 22.768299 -13.294976 -20.926997 -20.968423 0.489028 -0.000000 0.000000 0.000000 4.156440 1.380648 -11.047612 -5.728978 -6.648868 -1.907902 6.869101 -3.613954 -2.102153 5.824616 -27.088395 16.420702 3.263166 -24.682869 10.537663 -0.000000 0.000000 0.000000 3.124489 -2.962335 -1.492026 -2.751574 -4.352382 -53.162687 20.616841 -24.445419 10.808384 -22.338559 1.930477 13.046820 -16.767782 5.969178 -19.062834 -28.508448 12.199941 21.931419 70.960924 64.887731 -133.884663 -11.769098 3.161862 -27.005521 
76.812696 89.954805 151.380992 176.783710 -29.870568 174.347627 -14.668780 -15.217653 12.940274 37.996598 -27.398295 15.290387 -28.090948 13.270880 3.359320 -0.000000 0.000000 0.000000 2.384618 6.284583 -1.214598 34.183936 19.186343 -10.639471 -27.661791 -19.629123 -1.697762 -0.000000 0.000000 0.000000 6.237332 1.889447 -11.078538 -5.435432 -6.845638 -3.617630 6.310111 -3.489389 -2.789282 4.086762 -26.148609 14.331289 1.492337 -26.330746 10.621451 -0.000000 0.000000 0.000000 1.683558 -4.146256 -0.583372 -2.229932 -4.588863 -51.321364 22.503990 -24.272080 11.924902 -20.079688 3.846939 13.193598 -16.321072 7.516956 -21.063605 -29.356970 10.234151 21.053101 65.597161 65.399179 -126.616628 -11.699205 3.004719 -28.201042 
81.554902 90.314907 151.091003 176.756362 -35.526549 175.109262 -15.780719 -16.483413 13.564443 34.600068 -29.175099 16.467173 -20.806483 13.715974 0.905196 -0.000000 0.000000 0.000000 1.614744 2.560904 0.527159 34.111105 16.499045 -7.808000 -31.256786 -18.913975 -4.311522 -0.000000 0.000000 0.000000 8.110230 2.851541 -10.695525 -5.154825 -6.512430 -5.080393 5.896073 -3.261324 -3.293040 3.041251 -26.158011 12.613070 -0.096773 -26.503644 11.042906 -0.000000 0.000000 0.000000 0.199765 -5.451948 0.203473 -2.424360 -5.573674 -50.299556 22.809323 -23.452072 12.540481 -19.334329 4.790489 12.564788 -15.347808 9.089435 -23.833801 -29.862728 8.055671 19.516770 55.595309 66.207121 -115.073387 -13.474445 1.117264 -24.989110 
85.409200 91.522104 150.598991 176.661777 -40.365908 175.559003 -17.432496 -17.238087 13.020348 32.733792 -28.095342 15.353526 -14.755845 14.121658 1.594415 -0.000000 0.000000 0.000000 1.809035 0.472614 2.232171 31.838588 14.919243 -5.725944 -30.208459 -18.658823 -5.129697 -0.000000 0.000000 0.000000 8.784164 3.864697 -10.482951 -4.890010 -5.725128 -5.984012 5.790884 -2.762935 -3.441050 3.516632 -26.379813 12.148325 -0.700691 -24.709357 11.686508 -0.000000 0.000000 0.000000 -0.810621 -5.810496 0.743857 -2.466858 -6.564487 -50.442156 23.271911 -23.313888 13.177766 -17.902121 5.293449 13.001743 -14.563009 10.194423 -26.348658 -30.147718 7.505472 19.004684 41.844296 66.213623 -99.615392 -14.786965 -1.210965 -21.710616 
88.471603 93.638706 149.921000 176.589705 -43.884908 175.956246 -19.222589 -17.272149 11.197873 36.117394 -28.456298 13.825586 -12.195054 9.660346 2.172725 -0.000000 0.000000 0.000000 2.727035 -0.068800 4.134898 27.538133 13.869294 -4.659718 -24.537700 -20.097887 -4.714266 -0.000000 0.000000 0.000000 8.447925 4.565328 -10.868774 -4.728359 -4.682294 -6.437267 5.909045 -2.119767 -3.380011 4.958255 -26.170213 13.085746 -0.220436 -21.579460 12.595895 -0.000000 0.000000 0.000000 -0.980689 -5.148525 1.369775 -1.730271 -7.205664 -51.095146 23.589423 -23.805109 13.668899 -17.097955 4.402415 13.352449 -14.392584 11.022436 -28.531540 -30.116445 8.948201 20.299597 25.293023 63.826588 -82.042109 -15.550732 -3.938718 -17.472630 
90.765500 96.479106 149.121988 177.146816 -47.213017 176.745270 -20.015432 -17.258986 7.758199 41.650372 -25.880843 12.300238 -10.473991 9.867473 1.318147 -0.000000 0.000000 0.000000 4.581911 0.398554 5.866550 21.812627 12.060666 -4.133748 -14.079313 -21.938125 -0.965661 -0.000000 0.000000 0.000000 7.942961 4.932368 -11.355360 -4.779053 -4.053199 -6.732194 6.449473 -1.833545 -3.305501 7.257820 -26.222721 14.979339 0.667432 -18.043427 13.298490 -0.000000 0.000000 0.000000 -0.486907 -4.099197 1.794930 0.151122 -7.919859 -51.485064 24.002243 -24.146344 14.057652 -17.482691 3.663054 13.132999 -15.235549 11.448655 -30.184114 -29.663008 11.839990 21.767161 9.616638 59.183806 -65.055038 -17.846975 -7.673655 -11.613133 
92.674798 99.475604 148.473001 176.950558 -50.268125 176.385141 -20.561472 -16.684531 4.701353 46.211485 -20.853597 10.017713 -7.920556 12.207544 2.454117 -0.000000 0.000000 0.000000 4.416873 0.239965 6.558211 17.796782 10.022142 -2.611934 -0.543013 -20.801786 5.449186 -0.000000 0.000000 0.000000 6.803829 4.901430 -10.693019 -5.307180 -3.417760 -7.014737 7.161975 -1.799022 -3.310487 9.937683 -27.116856 16.377880 0.960779 -14.273717 13.636958 -0.000000 0.000000 0.000000 0.400834 -3.012319 2.190250 2.260965 -8.495993 -52.216309 24.937824 -23.661023 14.043120 -16.197009 3.961253 12.373615 -15.641243 11.709056 -31.939210 -29.514208 14.655309 21.809835 -2.623149 53.148940 -49.939519 -19.869531 -9.524828 -7.614807 
94.491094 102.182198 147.950995 176.876232 -52.329428 175.875910 -19.372525 -14.547787 2.930351 47.409196 -15.878212 7.482334 -4.526682 14.079830 2.508448 -0.000000 0.000000 0.000000 2.728659 -0.884516 6.390525 16.976133 9.503866 -1.744849 12.226654 -14.174028 11.194689 -0.000000 0.000000 0.000000 5.948538 4.546623 -9.484048 -5.923672 -2.717851 -7.387131 7.780174 -1.740307 -3.216816 11.930358 -27.612224 17.040682 0.271855 -11.317578 13.663694 -0.000000 0.000000 0.000000 1.341358 -1.903685 3.110644 4.177619 -8.296076 -53.989526 25.054404 -22.943366 13.387513 -16.249812 3.691941 11.797287 -15.906658 11.833731 -34.315005 -30.178604 17.084284 21.564489 -7.701378 44.651741 -39.819322 -19.363440 -9.680775 -5.100888 
96.293896 104.082191 147.457993 177.224544 -53.654059 175.516027 -16.719081 -11.225561 2.183510 46.322650 -13.504775 5.569949 -0.083556 14.509297 0.456181 -0.000000 0.000000 0.000000 0.645435 -1.720851 6.131200 18.465172 12.127632 -2.046381 18.907023 -5.335276 13.171329 -0.000000 0.000000 0.000000 5.206243 3.932611 -7.927858 -5.738036 -2.021095 -7.489696 7.979752 -1.535944 -3.074090 12.483986 -27.465236 16.944077 -1.150057 -9.284834 13.187970 -0.000000 0.000000 0.000000 1.881647 -0.871469 4.208017 6.138174 -7.558694 -56.531661 24.643969 -22.210103 12.991257 -17.115938 3.616603 9.975622 -16.305445 12.187821 -36.646502 -31.752266 19.287605 20.629680 -8.767137 35.869246 -33.165088 -18.036323 -10.882642 1.967606 
98.040801 104.830194 146.990001 177.294704 -55.641723 174.717632 -13.310707 -8.162702 1.988644 43.118281 -13.922021 3.921493 4.019713 13.778061 -1.438273 -0.000000 0.000000 0.000000 -1.851102 -1.756127 6.441942 21.388486 14.106022 -2.664511 18.131903 -2.421033 13.046375 -0.000000 0.000000 0.000000 4.487330 2.797193 -6.095887 -5.761416 -1.277160 -7.249201 8.389862 -1.395363 -2.830194 12.353557 -27.712425 16.458090 -1.896687 -7.736657 12.343160 -0.000000 0.000000 0.000000 2.448008 0.066452 5.091575 7.842150 -6.876031 -59.114120 24.623217 -21.762359 12.864639 -18.747259 3.691077 8.440245 -16.624617 12.838762 -38.643790 -32.891971 20.738165 19.160396 -9.195621 29.710475 -28.320725 -18.002555 -13.357887 9.718568 
99.631500 104.428196 146.643996 177.144945 -59.294223 173.815023 -9.564081 -6.526820 1.454669 39.107705 -15.244393 2.678445 4.969162 13.010278 -2.473694 -0.000000 0.000000 0.000000 -3.337058 -0.626913 6.748319 23.255688 10.995778 -2.721157 10.647731 -11.454505 8.610587 -0.000000 0.000000 0.000000 4.210827 1.012676 -4.041599 -6.462627 -0.558617 -7.076330 9.044538 -1.604545 -2.582530 12.562423 -29.107865 16.116597 -1.686924 -5.935968 11.414006 -0.000000 0.000000 0.000000 3.421675 1.100163 5.518150 8.597538 -5.936476 -61.131129 25.227418 -21.597088 12.921008 -21.011855 4.364066 7.788342 -16.655919 13.305213 -40.216750 -32.974454 20.990886 18.676478 -10.103700 28.207986 -26.458316 -17.404706 -14.266460 12.050801 
101.148999 102.958190 146.440995 177.117365 -64.194323 173.116473 -5.639286 -6.121778 0.790296 35.218263 -14.902377 1.729972 5.815365 13.573909 -4.624960 -0.000000 0.000000 0.000000 -3.847313 0.556235 6.479321 23.432620 5.409636 -2.669371 6.577555 -20.336866 4.340026 -0.000000 0.000000 0.000000 4.384333 -0.397481 -2.242233 -6.805707 -0.394712 -6.758445 9.314004 -2.004561 -2.207343 13.081722 -30.833592 16.165941 -1.705844 -4.884674 10.949062 -0.000000 0.000000 0.000000 4.447709 1.530740 5.137487 8.534968 -4.482442 -62.541730 24.382503 -21.449723 13.015322 -20.961264 4.370164 7.309401 -16.439852 13.468546 -40.602843 -32.382410 20.028919 18.198987 -10.438779 30.984475 -28.145228 -16.077771 -13.820318 11.071516 
102.756000 100.408196 146.361995 175.441618 -69.479937 170.965303 -2.567989 -5.319889 0.539978 32.756114 -13.951789 0.896617 1.100374 15.743379 -2.881228 -0.000000 0.000000 0.000000 -4.575776 0.629981 5.303571 24.355690 5.237367 -2.163895 4.867920 -18.385643 6.754790 -0.000000 0.000000 0.000000 4.003595 -0.710398 -1.025794 -6.578308 -1.079401 -5.820045 9.394718 -2.363355 -1.910926 12.651261 -30.972371 16.503911 -2.315614 -6.496386 10.305423 -0.000000 0.000000 0.000000 4.714291 1.435135 4.839152 8.263132 -3.636580 -63.503059 23.790003 -21.464155 12.997796 -19.861811 5.372826 7.008316 -16.522227 12.483974 -39.326132 -32.632152 18.789705 17.143290 -8.802346 36.748388 -31.778999 -15.530327 -12.888304 8.314051 
104.526997 96.877110 146.279001 171.624581 -74.526551 166.013103 0.086309 -2.533627 2.209611 29.809171 -11.171210 0.079186 -14.386145 21.040378 4.660972 -0.000000 0.000000 0.000000 -6.804347 0.520906 4.959729 31.930592 11.321010 0.071505 -9.947085 -13.695081 4.189012 -0.000000 0.000000 0.000000 3.293087 -0.753011 0.581911 -6.356180 -1.799190 -4.450228 9.731534 -2.447321 -1.691848 10.811807 -29.663850 16.632514 -2.652740 -9.797212 9.170582 -0.000000 0.000000 0.000000 3.799253 0.384335 4.715653 8.162987 -2.588005 -64.130477 23.948938 -21.276854 12.206987 -19.605454 5.905646 7.514173 -15.776624 11.458608 -37.776637 -33.797090 16.245413 15.646029 -5.424721 44.223274 -37.890467 -15.977404 -12.633583 5.389273 
106.422997 93.637198 146.261001 169.606929 -79.124505 163.092008 0.385878 1.520176 4.383138 30.068501 -11.270008 1.147856 -29.413728 18.473529 11.553337 -0.000000 0.000000 0.000000 -10.597109 -0.643502 3.368267 41.913241 15.061059 2.673254 -17.324616 -5.911072 5.679468 -0.000000 0.000000 0.000000 4.633642 -0.901069 1.161098 -5.892778 -2.653123 -2.894385 8.423163 -2.292833 -1.635984 9.935999 -27.020099 17.995345 -2.886540 -13.594718 8.071740 -0.000000 0.000000 0.000000 2.151624 -0.433229 3.035805 7.888538 -1.197132 -63.432983 23.266253 -20.100391 11.654375 -16.808174 6.493098 7.913364 -16.337905 9.919376 -34.102036 -35.422854 14.502955 16.050659 2.400774 53.662341 -48.405692 -14.759256 -12.069672 1.730204 
108.724999 90.946704 146.134996 170.078003 -84.107866 163.773233 -2.160733 2.523928 4.916177 35.644462 -16.219226 3.921345 -39.751598 15.998812 16.678393 -0.000000 0.000000 0.000000 -16.707762 -3.022265 -0.479179 54.124940 16.693356 4.821521 -16.111829 2.362311 10.876080 -0.000000 0.000000 0.000000 8.346022 -0.912647 0.251804 -6.188721 -3.911840 -1.763681 7.343731 -2.539466 -1.293746 8.201650 -24.632806 19.447306 -3.081368 -16.833643 8.271516 -0.000000 0.000000 0.000000 0.910923 -1.904632 2.080416 6.293349 0.104823 -62.983175 22.135815 -18.330028 10.792293 -15.111748 7.199428 9.001297 -16.799807 8.611630 -31.173543 -36.406841 11.362874 17.896593 15.498860 61.730703 -65.872290 -15.662619 -10.103969 -3.364695 
110.925996 88.723505 145.704997 -141.854287 -89.038601 -147.604310 -4.770492 0.531789 4.395123 43.508881 -18.963573 6.633501 -46.607405 14.548892 19.343872 -0.000000 0.000000 0.000000 -22.420119 -3.808171 -4.836422 64.678744 16.567477 6.628907 -14.048579 7.106412 17.875588 -0.000000 0.000000 0.000000 12.943354 -0.378301 -1.206230 -6.010951 -5.356714 -0.333451 6.295026 -3.338051 -0.687101 5.705746 -22.720901 20.247729 -4.734585 -20.518640 7.945769 -0.000000 0.000000 0.000000 0.445488 -3.754380 2.312866 3.962770 -0.221144 -63.249389 19.747978 -16.801255 9.527995 -16.033256 7.698595 9.406839 -17.871075 7.384143 -28.831796 -36.535250 9.417577 19.666301 29.038616 67.223963 -84.231790 -18.548487 -7.692743 -10.430292 
112.713993 87.374800 144.658005 -34.017760 -87.198900 -39.375046 -8.731887 -2.765683 4.436495 51.171180 -18.102776 6.424536 -47.635495 13.912136 19.366270 -0.000000 0.000000 0.000000 -27.918038 -2.259193 -7.170565 72.654752 13.761878 7.568591 -11.676218 4.613479 18.583811 -0.000000 0.000000 0.000000 15.939991 0.357864 -2.723839 -6.016579 -5.887874 0.860860 5.767352 -3.820842 -0.482503 4.084076 -22.336132 21.075381 -3.995032 -23.089713 8.166120 -0.000000 0.000000 0.000000 0.283063 -4.925344 1.413666 2.239077 -1.067620 -61.689434 18.273654 -16.513565 9.026328 -15.292281 7.948499 10.648548 -18.293118 6.529749 -25.553404 -35.857998 8.792213 21.278059 45.315667 69.919841 -106.652965 -20.035779 -6.768475 -14.081307 
113.819993 86.623704 143.344998 -33.966925 -85.861207 -39.748270 -10.080898 -3.666278 5.792182 54.123844 -17.573104 6.690814 -48.231816 13.065324 19.111782 -0.000000 0.000000 0.000000 -32.034434 0.170672 -6.962189 77.096497 9.439338 6.955459 -13.769770 -5.190823 10.642684 -0.000000 0.000000 0.000000 17.153207 0.392341 -2.513089 -5.565981 -4.630015 1.138482 5.177988 -3.218265 -0.458472 4.354256 -23.758948 21.083131 -3.953480 -23.335649 9.307401 -0.000000 0.000000 0.000000 0.626737 -6.226244 0.103590 0.684093 -0.597020 -59.834444 19.224035 -17.319291 9.475443 -14.622498 8.318131 11.438495 -16.321992 7.415549 -23.478561 -35.258410 5.810107 21.513591 61.769079 69.877386 -128.154800 -21.589786 -4.784191 -17.616369 
114.338994 86.406302 141.817987 -33.020700 -84.664820 -38.997573 -10.152031 -4.018461 6.511164 55.186400 -17.822779 8.340028 -48.089023 13.320971 18.595734 -0.000000 0.000000 0.000000 -34.390330 2.526016 -6.639043 77.389039 7.017855 4.691763 -15.921248 -11.075680 4.674557 -0.000000 0.000000 0.000000 17.562787 0.066533 -2.286035 -5.187312 -3.640743 1.229055 4.828720 -2.668651 -0.562795 4.716287 -24.488786 20.667256 -3.496169 -23.710035 9.799486 -0.000000 0.000000 0.000000 1.131578 -6.703037 -1.359895 -0.207723 -0.084676 -57.801179 19.973165 -19.127620 9.996418 -15.219824 7.875198 12.155686 -15.088473 7.991749 -20.650240 -34.801795 4.708253 21.795147 74.127671 67.857893 -142.760698 -19.865866 -1.716667 -22.612235 
114.388001 86.400706 140.136003 -23.871538 -82.263900 -29.612947 -10.049454 -5.627905 6.640107 55.501318 -18.532970 10.100776 -47.383261 13.936300 17.995095 -0.000000 0.000000 0.000000 -34.817664 4.649048 -7.425161 74.624763 5.567096 2.203984 -16.768471 -15.097894 1.522502 -0.000000 0.000000 0.000000 17.421511 -0.131251 -2.209822 -5.089026 -3.664959 1.409858 4.805638 -2.838911 -0.525441 4.874874 -25.212487 19.705123 -3.229605 -24.061388 9.715134 -0.000000 0.000000 0.000000 1.789741 -6.818855 -1.756075 -1.213460 -0.068041 -56.845240 20.166899 -20.672603 9.908189 -15.501104 7.078114 13.115395 -14.626944 7.951853 -18.822569 -33.702798 4.574021 22.503628 80.531839 65.625493 -149.903038 -16.817791 0.072603 -26.189904 
114.022005 86.440301 138.303995 -15.983785 -78.684332 -21.387861 -9.846232 -7.237194 7.073352 55.214436 -20.125723 12.198846 -46.673455 14.147822 17.161432 -0.000000 0.000000 0.000000 -33.348263 6.365549 -8.749737 70.055122 5.980395 -0.718797 -15.938288 -17.556659 0.625904 -0.000000 0.000000 0.000000 16.813769 -0.346297 -2.144664 -4.843796 -4.159107 1.698902 4.858100 -3.294432 -0.376300 4.769671 -26.435225 18.737758 -3.299055 -24.294434 9.611946 -0.000000 0.000000 0.000000 2.387467 -7.046681 -1.847894 -2.067162 -0.518927 -56.411691 20.699275 -21.764787 10.510939 -16.094522 6.699217 13.517551 -14.472931 7.714037 -17.912945 -32.406110 4.215728 22.686936 83.777490 64.001476 -153.530794 -15.849676 -0.510313 -25.144635 
113.352001 86.406106 136.244988 -11.252252 -74.459029 -16.211317 -9.950097 -8.255577 8.016047 55.023927 -22.570280 14.544926 -45.756387 13.930645 15.775184 -0.000000 0.000000 0.000000 -30.448652 7.543751 -10.114203 65.754930 8.868619 -4.407988 -14.893531 -17.023572 1.845505 -0.000000 0.000000 0.000000 16.303373 -0.391087 -2.272419 -4.671361 -4.770031 1.970760 4.768703 -3.687504 -0.128107 4.102853 -27.793983 17.912128 -3.623525 -25.093096 9.741589 -0.000000 0.000000 0.000000 2.458429 -7.377667 -1.817451 -2.633322 -1.275236 -55.929301 21.162868 -22.644364 10.992644 -16.672902 6.847870 14.104359 -14.549483 7.404400 -17.361109 -31.257654 3.333604 21.468105 86.584411 63.531049 -155.658825 -17.107888 -0.871047 -22.575001 
112.448001 86.194503 133.919001 -9.212117 -69.928458 -13.535406 -9.857206 -9.112999 9.323468 54.488510 -25.052248 16.661811 -44.965427 13.443872 13.918115 -0.000000 0.000000 0.000000 -26.769436 8.244052 -11.189802 63.398781 11.607055 -8.060962 -14.253658 -16.168304 3.094839 -0.000000 0.000000 0.000000 16.312815 -0.427228 -2.460296 -4.751237 -5.332678 1.928834 4.610140 -4.042966 0.037855 3.098474 -29.185472 17.295376 -3.965353 -26.158211 10.110944 -0.000000 0.000000 0.000000 2.415271 -7.748267 -1.678219 -3.188506 -1.713319 -55.126040 21.659517 -23.637961 11.708458 -16.961291 5.941938 13.436489 -14.774275 7.295017 -17.369381 -30.303804 2.180597 20.050238 86.089366 63.615700 -154.193734 -16.176412 -1.109358 -20.260608 
111.251998 85.797602 131.289995 -8.225863 -65.179074 -11.620587 -9.573059 -10.140810 10.547317 53.712593 -27.741431 18.886481 -44.117044 13.199069 12.368085 -0.000000 0.000000 0.000000 -22.782911 8.496147 -11.959361 62.968285 13.285613 -10.541487 -14.441313 -17.028918 2.609721 -0.000000 0.000000 0.000000 15.945698 -0.620140 -3.004354 -4.493698 -5.886302 1.709438 4.661650 -4.365281 0.131615 2.189261 -30.577361 16.681314 -4.538450 -26.967275 10.579868 -0.000000 0.000000 0.000000 2.380390 -8.251240 -1.285817 -3.663409 -2.120615 -54.024117 22.356323 -24.666909 12.429175 -17.015753 5.534257 13.933936 -14.853761 7.639192 -17.923519 -29.350778 1.154245 19.107281 83.629385 64.108346 -150.976723 -14.361784 -1.576269 -19.251850 
109.661996 85.364699 128.250003 -7.273427 -60.916926 -9.524455 -8.778602 -10.951098 12.053433 51.273282 -30.504062 20.844647 -42.907722 13.418355 10.553888 -0.000000 0.000000 0.000000 -19.677611 8.001254 -12.401685 63.872173 14.471669 -11.478436 -16.000820 -16.037182 2.872778 -0.000000 0.000000 0.000000 14.831493 -0.531386 -4.105865 -3.899208 -6.319236 1.364248 4.420336 -4.524611 -0.077431 1.641741 -30.801159 16.184364 -5.112752 -28.898059 10.612921 -0.000000 0.000000 0.000000 2.262747 -8.621483 -0.517488 -3.634058 -2.759054 -52.639604 23.509389 -25.289248 13.293163 -16.852372 5.049547 14.046034 -14.882844 7.913411 -18.408091 -28.677928 0.574321 18.808258 81.340484 65.012316 -147.136665 -15.840906 -1.319902 -19.077002 
107.607996 85.197604 124.710000 -6.823472 -57.496052 -7.730854 -6.848788 -11.334180 14.063019 46.460547 -33.581008 22.319816 -39.737063 14.310614 7.936788 -0.000000 0.000000 0.000000 -17.281229 6.514212 -12.325765 64.020325 16.250685 -10.812772 -16.594299 -12.339458 6.033389 -0.000000 0.000000 0.000000 13.634439 -0.131743 -5.427380 -3.523010 -6.392669 0.596630 4.269321 -4.335743 -0.719650 0.518869 -29.907452 15.411273 -4.602797 -31.793613 10.456855 -0.000000 0.000000 0.000000 1.401282 -8.305031 0.022723 -3.106876 -3.451839 -50.493796 24.043782 -25.530330 13.803092 -15.939001 4.711642 13.667792 -15.166803 7.879105 -18.413362 -28.204595 0.755349 18.715399 78.882845 65.484260 -142.630969 -16.594358 -1.427893 -18.850731 
105.036998 85.380006 120.617998 -6.904202 -54.944078 -6.804928 -3.218202 -11.041817 17.942457 37.356579 -36.746678 21.339898 -33.440203 15.848658 3.983187 -0.000000 0.000000 0.000000 -14.774907 4.253670 -10.902211 62.015081 14.528013 -8.652410 -22.391898 -17.100162 3.288457 -0.000000 0.000000 0.000000 12.214677 0.042413 -6.309501 -3.669296 -5.607709 -0.857090 5.090679 -3.910868 -1.255297 -0.621354 -29.936283 13.841586 -3.397292 -32.958308 10.965605 -0.000000 0.000000 0.000000 1.324827 -7.807270 0.994820 -3.451595 -3.028558 -48.165690 24.942080 -25.735034 14.139366 -15.829276 4.411020 13.995599 -14.202088 8.794927 -19.536552 -27.730212 -0.072988 18.713461 75.264507 65.824570 -137.262335 -15.993031 -1.308325 -19.679772 
102.365994 85.965502 116.250002 -6.196320 -52.645064 -5.351229 -0.615217 -10.298846 21.997725 25.919196 -36.488256 17.701186 -21.558353 17.658136 -2.114260 -0.000000 0.000000 0.000000 -12.147555 2.032306 -9.541059 58.405931 12.658341 -5.948676 -30.632193 -17.430207 -0.829832 -0.000000 0.000000 0.000000 10.335336 0.396047 -7.140325 -3.025334 -5.210379 -2.196891 5.374136 -3.412279 -1.661714 -1.656030 -28.828429 12.147756 -3.858844 -34.003715 11.160219 -0.000000 0.000000 0.000000 1.121606 -7.681365 2.933834 -2.955485 -2.412334 -46.746370 25.233775 -25.608932 14.403795 -16.135975 4.519666 13.154511 -13.063011 9.952825 -21.623251 -28.615481 -0.684621 18.112854 67.960048 66.450400 -127.591744 -15.876602 -1.943385 -18.158564 
99.884802 87.368906 111.797988 -4.467577 -49.218171 -2.870414 -2.731207 -9.378773 23.145235 17.870220 -29.148532 13.470755 -4.163939 19.370193 -8.129131 -0.000000 0.000000 0.000000 -9.691061 0.211544 -7.268637 53.146508 11.221484 -3.966387 -35.492480 -17.705225 -5.067819 -0.000000 0.000000 0.000000 8.958336 0.803623 -8.194148 -2.108061 -5.484394 -3.301565 4.643484 -3.478467 -2.413107 -1.876409 -28.817050 11.416017 -3.880595 -33.579753 12.234824 -0.000000 0.000000 0.000000 0.976157 -7.775704 3.718291 -1.881698 -2.206907 -43.810314 25.236110 -25.650841 14.243566 -15.007242 5.198971 12.026153 -12.187565 10.576848 -23.615636 -28.823559 -0.673808 16.903854 57.378787 67.387617 -115.814231 -16.316482 -4.826245 -14.494720 
97.616202 89.691705 107.860994 -4.215212 -45.756158 -1.558229 -6.661840 -5.947023 22.064640 13.135578 -16.892560 8.950946 9.544446 20.114863 -8.618078 -0.000000 0.000000 0.000000 -7.524986 -0.337179 -4.072570 48.258775 10.326084 -2.611516 -33.740753 -20.742615 -9.461520 -0.000000 0.000000 0.000000 8.984553 0.239927 -8.502556 -2.045889 -5.180602 -4.731943 3.831165 -3.601010 -3.164981 -0.658976 -31.448445 10.889678 -3.023850 -30.011112 13.963412 -0.000000 0.000000 0.000000 1.242796 -7.686815 3.320089 -1.195942 -1.380093 -41.146918 25.401996 -25.208584 14.322692 -12.601655 6.004851 11.219303 -11.053051 11.369872 -26.271620 -28.443458 -0.794075 15.944467 45.178727 69.407911 -103.446508 -21.496945 -7.796709 -8.461216 
95.553702 92.616802 104.691994 -5.414669 -43.238437 -2.083154 -8.813406 -1.005917 20.667883 14.785766 -13.251475 5.758065 8.538421 14.390243 -4.956905 -0.000000 0.000000 0.000000 -4.379070 -1.327997 -1.472465 42.294239 9.609872 -1.905603 -27.216221 -22.123758 -8.595791 -0.000000 0.000000 0.000000 9.776906 -0.650803 -7.868892 -3.004278 -4.635501 -5.909192 3.801388 -3.094426 -3.407086 1.594350 -34.084212 10.743782 -2.346293 -26.303497 14.848771 -0.000000 0.000000 0.000000 1.169006 -7.270100 2.861160 -0.878563 -0.366644 -41.243683 24.268070 -23.117310 13.666857 -10.242236 5.180776 11.729371 -10.685483 12.226928 -28.889528 -28.592756 -0.655092 14.634969 33.287784 69.134041 -89.653778 -22.284466 -10.503908 -1.490541 
93.594497 95.940202 102.050996 -5.693353 -41.024258 -2.659041 -8.699147 0.281534 17.998623 18.907655 -14.397135 3.918022 6.208969 10.778507 -6.535149 -0.000000 0.000000 0.000000 -1.437636 -3.648879 0.283649 34.907888 8.894626 -1.315163 -16.855413 -20.534259 -2.484293 -0.000000 0.000000 0.000000 8.987241 0.047284 -7.384277 -3.618554 -4.926163 -6.130013 4.712563 -3.002195 -3.214716 4.481414 -35.007359 11.798949 -1.505691 -24.361686 14.908089 -0.000000 0.000000 0.000000 0.933315 -6.496781 2.716054 -0.298351 -0.299314 -43.369840 22.763822 -20.521922 12.697832 -8.355711 5.520899 10.506667 -11.522156 11.955642 -30.060027 -28.886274 0.775630 13.037346 28.150677 66.661719 -80.860176 -18.871212 -12.008692 4.282819 
91.715693 99.345303 99.790996 -4.776708 -39.504480 -3.138961 -6.674273 -1.727899 14.397715 21.833242 -16.042928 3.436807 5.794210 11.411730 -7.781044 -0.000000 0.000000 0.000000 -0.191631 -4.650649 1.644560 28.156053 8.639321 0.152803 -2.556244 -16.967787 5.854894 -0.000000 0.000000 0.000000 6.766232 1.380514 -6.775351 -3.799077 -5.036622 -5.653049 5.479956 -3.234408 -2.844749 8.189791 -35.519061 14.041743 -0.683842 -22.773437 14.775557 -0.000000 0.000000 0.000000 1.098639 -5.309074 2.621764 0.816170 -1.197256 -46.406197 21.483987 -18.192344 11.449130 -7.410030 6.336076 8.168287 -12.707481 10.895734 -30.573036 -28.177384 2.716521 11.961821 26.248436 64.980987 -75.870068 -18.116648 -11.692144 7.995862 
90.017700 102.248192 97.584504 -3.710033 -39.750403 -4.107457 -4.104346 -3.481723 11.281908 23.764581 -15.849521 3.623330 6.822816 12.684322 -7.357003 -0.000000 0.000000 0.000000 -0.948494 -3.707395 2.476894 24.470674 9.979381 1.222238 9.995828 -8.538849 12.573722 -0.000000 0.000000 0.000000 4.697292 2.036946 -5.590503 -3.909774 -4.506454 -4.800552 5.697276 -3.084024 -2.483647 10.906045 -35.217736 16.386155 -0.297744 -21.297440 14.360829 -0.000000 0.000000 0.000000 1.479616 -3.767018 2.534847 2.987436 -1.767299 -49.861705 20.226713 -17.519102 10.497476 -6.957484 6.531249 6.060596 -13.982403 9.841457 -30.893578 -28.084866 4.895753 11.126438 24.212112 64.559829 -71.749640 -18.706047 -10.835324 11.148665 
88.555998 103.956199 95.172298 -2.391831 -41.342076 -4.914926 -2.477724 -4.102292 8.996811 25.397613 -13.753871 3.257225 8.062598 14.293370 -6.759497 -0.000000 0.000000 0.000000 -3.323264 -0.853436 3.399030 24.395066 13.641319 0.387535 13.773040 -1.692005 14.766046 -0.000000 0.000000 0.000000 2.706531 1.717587 -4.127087 -4.124914 -3.590233 -3.766283 6.406034 -2.598052 -2.062594 11.451910 -34.359146 17.762601 -1.150666 -19.938636 13.623514 -0.000000 0.000000 0.000000 2.465743 -2.299034 2.975817 5.601563 -1.949457 -53.764117 20.189509 -18.790455 10.215969 -8.440183 6.420287 4.998461 -14.432830 9.180556 -31.673316 -29.179011 6.851235 10.029210 20.635930 64.272246 -67.536522 -19.290840 -9.993725 11.740933 
87.180299 104.386199 92.754698 -1.754195 -41.886008 -5.918819 -0.820071 -4.778693 7.266868 26.379154 -12.671825 2.842696 8.686283 15.949236 -5.854383 -0.000000 0.000000 0.000000 -5.446649 2.000910 3.632596 26.700090 12.653137 -0.368519 12.272409 -8.758392 12.894336 -0.000000 0.000000 0.000000 1.576309 0.269343 -2.584437 -4.613390 -2.677921 -2.928336 7.775647 -2.562829 -1.446448 11.517217 -35.275681 18.240185 -2.189998 -17.267685 12.764789 -0.000000 0.000000 0.000000 4.538606 -0.809998 3.698367 7.005082 -1.915855 -57.656694 22.155728 -20.881786 10.276475 -12.810750 5.573713 6.070843 -14.275893 9.163290 -33.314232 -29.597962 8.058535 9.459985 16.236109 63.716006 -64.349845 -17.722074 -8.850183 9.214306 
85.904503 103.675199 90.384102 -1.329478 -40.186330 -7.002127 0.707049 -4.766222 6.760365 25.893071 -13.687079 2.948641 10.043017 15.340118 -6.055043 -0.000000 0.000000 0.000000 -6.558176 2.212846 2.015315 28.672539 9.304106 -0.424330 9.177236 -14.124424 10.661245 -0.000000 0.000000 0.000000 1.389138 -0.945954 -1.055676 -4.914102 -2.831121 -2.204634 8.684351 -3.098242 -0.690149 11.164273 -35.915939 18.287752 -2.879134 -15.956894 11.955150 -0.000000 0.000000 0.000000 6.208528 -0.008489 4.486048 8.043782 -1.740299 -61.429927 24.185661 -23.213694 10.873694 -17.047950 5.269216 6.840955 -14.383288 9.040353 -34.716001 -30.419004 8.496914 9.156716 15.328531 63.286265 -64.303755 -14.048420 -8.487545 6.082909 
84.783500 101.878202 87.941700 -0.429327 -37.047855 -8.032210 1.254601 -3.358286 7.721591 25.307755 -12.228049 3.318170 4.202875 18.981114 -3.233439 -0.000000 0.000000 0.000000 -7.197815 0.546587 -0.551496 29.688328 8.498786 -0.696733 5.681287 -14.518160 8.884665 -0.000000 0.000000 0.000000 1.864639 -1.543305 0.752199 -5.719047 -3.608166 -1.588130 9.307565 -3.777151 0.221409 10.533214 -36.799782 18.265997 -3.192730 -15.408780 11.659499 -0.000000 0.000000 0.000000 7.163676 0.015200 4.817853 8.425934 -0.572592 -64.373425 26.179748 -25.584431 11.339675 -19.581137 5.639921 6.702398 -14.558226 8.636160 -35.360885 -32.042216 7.728634 8.562362 19.338380 64.228816 -68.625867 -9.572598 -8.947703 4.378664 
83.718199 99.071801 85.390598 0.817690 -33.607066 -8.718501 0.278005 -1.381016 10.133973 24.956461 -8.044096 3.286391 -6.695419 24.084645 0.022933 -0.000000 0.000000 0.000000 -7.803651 -0.635190 -3.575410 30.224172 8.496392 -1.239057 1.898893 -16.102478 7.284346 -0.000000 0.000000 0.000000 2.083564 -1.734039 2.182088 -5.997050 -4.407563 -0.832664 9.561591 -4.402533 1.121377 9.862301 -37.771994 18.664842 -3.975123 -15.227348 11.731748 -0.000000 0.000000 0.000000 8.061801 -0.270288 4.647474 7.802704 0.847619 -66.265701 28.697463 -27.375398 12.004569 -21.366230 5.966681 6.546709 -14.518755 7.848380 -35.246826 -33.638124 6.395179 8.023530 25.667552 66.603353 -76.236612 -8.847389 -8.498591 1.842126 
82.487392 95.740402 82.804000 1.211324 -30.133685 -8.945340 -2.633755 1.238209 12.830092 28.246601 -8.337495 4.772430 -19.104069 21.135517 4.419538 -0.000000 0.000000 0.000000 -7.368225 -1.517232 -7.422358 30.570811 8.870045 -2.406651 -2.878697 -19.041682 4.834153 -0.000000 0.000000 0.000000 3.011224 -1.809104 2.522749 -5.725876 -5.330265 -0.225430 8.801103 -4.862241 1.615980 10.494385 -38.506241 19.750170 -4.967102 -15.413623 12.020114 -0.000000 0.000000 0.000000 8.924528 -0.973870 3.428243 6.839389 2.401729 -66.351915 31.010879 -27.953623 12.509108 -21.774002 5.474960 7.752255 -14.168911 7.311257 -34.240433 -34.539829 4.644307 8.753660 37.465606 69.440087 -90.541902 -9.410785 -7.663252 -1.238691 
80.983597 92.524004 79.896897 0.385916 -27.604068 -8.543621 -5.909459 -0.179380 13.598003 35.556449 -11.438072 6.572328 -28.343557 21.186400 8.566358 -0.000000 0.000000 0.000000 -6.117239 -0.601439 -11.653077 31.080248 9.752498 -3.941190 -5.288103 -21.951253 3.668923 -0.000000 0.000000 0.000000 5.227606 -1.518003 1.554570 -5.787134 -6.328296 0.012663 8.364163 -5.086655 1.410768 11.338028 -38.777756 21.426044 -4.273780 -16.408836 12.676365 -0.000000 0.000000 0.000000 9.001480 -1.847770 0.977335 5.545405 3.599886 -64.352620 31.165940 -26.943226 12.303275 -20.927067 5.167557 9.522300 -14.023558 6.936161 -31.354493 -33.793069 3.373284 10.897802 55.766950 69.395663 -112.892163 -7.916832 -6.514406 -6.018518 
78.763497 89.969003 76.771396 -1.409903 -28.501667 -8.364667 -7.432767 -2.569761 14.229103 42.102167 -10.914840 6.306218 -32.665630 22.760774 10.397780 -0.000000 0.000000 0.000000 -5.836528 1.997218 -14.547394 32.872510 11.021578 -6.524152 -7.535971 -22.116802 3.477916 -0.000000 0.000000 0.000000 7.144495 -0.607913 0.203532 -5.306327 -6.335989 -0.004773 7.957269 -4.638020 0.771937 12.175556 -37.462993 22.353411 -2.926891 -19.331445 13.088574 -0.000000 0.000000 0.000000 8.883103 -2.134671 -0.720986 3.509479 4.566392 -62.644473 28.923525 -23.726659 10.557192 -19.450149 5.039240 11.144096 -13.241849 6.437660 -27.200194 -32.766353 3.535222 13.890710 68.176537 66.620087 -127.532472 -5.444237 -1.308444 -19.900030 
75.631893 88.284600 73.412001 -2.559182 -34.036400 -9.142049 -8.374193 -1.043184 17.924891 45.600533 -8.520468 5.234832 -31.868592 22.830193 7.684857 -0.000000 0.000000 0.000000 -9.992828 5.383648 -13.968031 37.356537 14.662289 -9.689396 -13.409226 -18.556357 1.234472 -0.000000 0.000000 0.000000 7.238694 -0.199818 0.292326 -4.745156 -4.280855 -0.183840 6.995332 -3.033777 -0.260951 12.165442 -34.808337 21.014214 -1.532947 -22.317974 12.085924 -0.000000 0.000000 0.000000 8.019738 -0.837040 -2.072734 2.324353 6.671228 -61.410441 26.333862 -20.163494 8.547056 -17.425408 5.570569 12.135033 -11.483483 6.094707 -23.361368 -33.319395 5.046361 16.339512 74.079804 64.271233 -132.156793 -2.439457 3.308699 -34.711800 
71.688104 87.552303 69.759494 -2.756331 -40.146412 -9.173610 -7.685156 2.056217 22.169114 43.922342 -7.025463 4.234252 -27.745118 22.818243 3.855977 -0.000000 0.000000 0.000000 -16.135185 7.615600 -11.715240 41.996187 18.524924 -10.866109 -14.240097 -13.886833 1.856129 -0.000000 0.000000 0.000000 5.745349 -0.724014 -0.446862 -3.639416 -2.269031 -0.433236 6.368872 -1.733134 -1.122036 11.249468 -32.330451 19.623187 -0.635234 -23.501965 11.647633 -0.000000 0.000000 0.000000 7.385442 0.670519 -3.197143 2.445687 8.785678 -60.084820 22.021450 -18.540752 7.547324 -16.484212 6.414220 12.634462 -10.405035 5.877340 -20.788540 -33.870289 6.746594 18.471847 76.171616 63.475660 -133.157530 -1.055178 1.737307 -35.718076 
66.724801 87.613308 65.845799 -3.358098 -43.409079 -8.793760 -4.249356 3.808652 25.585363 38.112173 -6.919040 3.711426 -19.613784 23.290337 -1.665445 -0.000000 0.000000 0.000000 -19.842588 7.752184 -9.395296 44.478966 18.572252 -8.822737 -12.667904 -11.292120 4.115168 -0.000000 0.000000 0.000000 4.199174 -1.670128 -2.776511 -2.173802 -1.739515 -0.907601 6.371294 -1.849386 -1.504559 9.566664 -29.940900 18.699310 -0.148434 -24.350676 11.814516 -0.000000 0.000000 0.000000 7.464679 1.733704 -2.850149 2.852382 9.719579 -58.670013 18.224154 -17.474267 6.990341 -17.139105 7.171837 11.693615 -10.395285 5.378010 -20.195176 -33.264191 7.712478 20.191579 73.504053 65.041002 -129.076150 -5.657145 -0.148293 -30.683008 
60.938698 88.141900 61.701596 -4.310975 -44.665395 -8.232935 0.362300 4.356098 27.792067 30.672727 -7.601954 4.945972 -6.309014 23.153420 -9.535906 -0.000000 0.000000 0.000000 -20.820178 7.028906 -7.005957 46.645096 14.584732 -6.056695 -17.312386 -14.055972 2.650260 -0.000000 0.000000 0.000000 2.758577 -2.765035 -5.500726 -0.758151 -1.752733 -2.049138 6.091865 -2.668702 -1.996729 8.644821 -28.320049 17.922556 -0.327859 -24.869748 12.102094 -0.000000 0.000000 0.000000 8.009668 2.436587 -1.585302 2.856112 10.593732 -56.432573 15.205465 -15.839163 7.060920 -18.194568 8.185568 10.041831 -10.727106 5.227388 -21.376150 -31.632885 7.391284 20.858845 64.128776 66.700282 -117.408067 -9.316066 -2.277642 -25.609001 
55.091202 88.964003 57.474703 -4.086440 -46.173584 -6.664440 4.427923 3.936640 28.157646 22.942694 -8.483617 7.093455 9.357432 22.725614 -14.861129 -0.000000 0.000000 0.000000 -21.503563 6.655241 -4.070843 48.214182 13.953387 -4.630683 -22.441473 -13.398001 -1.623369 -0.000000 0.000000 0.000000 0.444225 -3.371985 -7.354068 0.313805 -1.395915 -3.748470 5.382051 -3.113037 -3.133389 7.828069 -27.680106 16.781709 -0.410555 -25.430877 12.479940 -0.000000 0.000000 0.000000 7.141003 3.444503 -0.615023 2.458704 10.967845 -52.863515 11.523286 -12.636320 7.785608 -16.211594 9.245155 9.115349 -10.924020 5.024783 -23.078396 -30.185164 6.910056 19.585699 49.439053 65.986921 -99.458029 -10.289097 -4.215009 -19.194565 
50.049096 90.519500 53.687298 -2.282390 -48.288687 -4.212013 6.257915 2.149878 26.363312 19.972142 -13.498590 8.701861 12.809965 21.029012 -9.890842 -0.000000 0.000000 0.000000 -21.989086 6.333395 -0.877474 46.703273 16.218898 -4.421780 -23.315621 -14.458559 -4.849895 -0.000000 0.000000 0.000000 -2.681111 -3.354732 -7.706590 0.928596 -0.865492 -5.355416 4.512632 -3.183809 -4.613810 8.239374 -28.982754 15.945181 -1.247920 -23.988260 12.606822 -0.000000 0.000000 0.000000 5.832796 4.770558 -1.350696 1.017308 10.610789 -48.674158 8.354832 -9.544961 9.159402 -12.241107 10.290349 10.589722 -10.537259 4.940734 -24.600231 -28.353849 7.404205 16.926773 35.299583 62.690387 -81.853875 -7.897292 -6.513450 -14.996799 
45.828199 93.274200 50.248098 -2.706688 -50.628552 -4.180443 6.559032 1.207722 23.909496 22.102292 -23.163696 8.070099 7.915117 13.331958 -7.339223 -0.000000 0.000000 0.000000 -19.982942 5.838309 2.476306 42.229393 17.544094 -4.224676 -17.803896 -15.063918 -4.289765 -0.000000 0.000000 0.000000 -2.976438 -3.199895 -7.740243 0.607805 -0.642888 -6.211952 4.231263 -2.969451 -5.041207 8.038340 -29.799439 15.727616 -1.809893 -22.413886 12.711184 -0.000000 0.000000 0.000000 4.375710 5.225299 -1.606852 0.542985 9.401724 -47.504515 6.002402 -7.603146 10.068650 -9.169375 9.512440 12.527687 -11.335853 5.471419 -26.326614 -26.945081 8.180776 15.532864 24.891302 59.739225 -68.200129 -9.538323 -8.017863 -10.234247 
42.261699 97.061598 47.139898 -4.837049 -52.872728 -5.771309 7.667315 -1.489504 19.634917 22.330122 -24.070913 5.735210 5.355036 14.375893 -8.481699 -0.000000 0.000000 0.000000 -15.177732 4.966984 4.014933 33.448607 17.237900 -3.138615 -6.841616 -11.958098 1.749536 -0.000000 0.000000 0.000000 -1.695418 -2.239221 -8.010733 -0.293104 -1.082026 -6.648323 5.219438 -2.994055 -4.579686 7.174971 -29.906639 16.046431 -1.964181 -21.438289 13.107208 -0.000000 0.000000 0.000000 3.466541 4.748357 -0.710648 1.216485 7.012224 -49.522179 4.810535 -7.181653 10.384443 -9.359442 8.873934 11.326374 -12.953099 5.829364 -27.658814 -26.413664 9.674294 15.547630 17.466298 56.391157 -58.663308 -12.945960 -8.541623 -4.479202 
39.065799 101.074195 44.201198 -6.846326 -55.567407 -8.452824 7.539816 -1.870753 16.087253 20.395834 -19.786346 4.370733 4.814678 14.450742 -8.732743 -0.000000 0.000000 0.000000 -10.363692 3.070404 5.143887 22.676309 16.799019 -1.203072 8.958136 -5.279353 9.754805 -0.000000 0.000000 0.000000 -0.651230 -1.263512 -7.311443 -1.234286 -1.621122 -6.568262 6.198224 -2.929064 -3.807299 7.029058 -30.534755 16.377929 -2.008808 -19.949691 13.556557 -0.000000 0.000000 0.000000 3.310007 4.424723 -0.015386 2.111914 4.539689 -52.572303 5.541889 -8.322183 10.269416 -10.250973 7.831109 9.401190 -14.117697 6.035969 -28.766462 -26.743664 11.793529 16.036365 12.470480 52.748691 -51.661335 -12.266470 -8.388077 -0.213095 
36.268499 104.283202 41.313097 -8.487696 -59.421084 -11.078729 6.204554 -1.009627 12.817555 18.098516 -14.498219 3.502329 8.055943 14.248226 -8.876578 -0.000000 0.000000 0.000000 -7.606110 1.298504 5.683382 14.528316 14.897093 0.045073 19.823010 3.238032 17.977797 -0.000000 0.000000 0.000000 0.227731 -0.695528 -5.886686 -2.125674 -1.518542 -6.362265 6.684989 -2.356484 -3.169939 6.562187 -31.105737 16.479431 -2.937386 -18.653281 13.817737 -0.000000 0.000000 0.000000 3.206341 4.143306 0.902097 3.058744 1.751568 -56.009716 7.386306 -9.784341 10.120650 -11.745744 7.452784 7.860199 -14.860875 6.387268 -30.326463 -27.293400 13.482744 15.989459 8.436679 49.456704 -45.348965 -12.372113 -8.006452 2.030304 
33.662897 106.092191 38.386399 -8.800105 -62.925448 -12.412443 3.430913 -1.760086 10.242277 17.338695 -12.677589 2.744629 9.741750 14.878855 -9.217585 -0.000000 0.000000 0.000000 -7.624901 1.283036 6.474792 13.099686 14.063850 -0.474308 18.675588 0.170888 17.382719 -0.000000 0.000000 0.000000 0.516398 -0.600714 -4.220591 -3.113536 -1.091808 -6.110341 7.382510 -1.985020 -2.571338 5.500353 -32.336675 15.833339 -4.287546 -16.774739 14.100326 -0.000000 0.000000 0.000000 2.926061 3.593277 1.767327 3.403282 -0.228389 -59.067840 9.247747 -11.518905 10.228092 -14.788258 7.520594 7.647724 -14.749654 7.370973 -32.378336 -27.889314 13.994711 15.144114 5.603472 46.536486 -41.544146 -12.196653 -9.611409 4.954148 
31.002799 106.708193 35.600397 -10.337112 -65.114152 -14.530237 1.385629 -4.108841 8.148429 17.195617 -14.605682 2.809649 10.097585 13.709172 -9.014037 -0.000000 0.000000 0.000000 -7.696591 2.669512 6.219200 14.813194 12.227536 -1.646279 15.007213 -6.744381 14.729605 -0.000000 0.000000 0.000000 1.715697 -0.821349 -2.668865 -4.267851 -0.612563 -5.863401 8.098877 -1.907719 -2.129282 4.256632 -33.465857 15.179045 -4.379939 -15.447742 13.747017 -0.000000 0.000000 0.000000 2.633957 3.158185 2.195042 3.082695 -2.137221 -61.294579 10.642292 -13.226435 11.035118 -17.109619 7.806773 7.036995 -14.765951 8.446632 -33.697064 -28.026830 14.558108 14.182638 2.785453 44.515822 -39.312841 -12.780398 -10.151798 7.019722 
28.411299 106.236196 32.914299 -13.147227 -67.000649 -17.814240 -0.269016 -6.414668 6.756385 17.198764 -17.423969 3.423279 11.260556 11.863234 -8.836939 -0.000000 0.000000 0.000000 -8.017666 3.438810 4.576587 18.161198 11.100130 -2.549741 12.114296 -9.840974 11.944586 -0.000000 0.000000 0.000000 3.381101 -0.736608 -0.988074 -4.980167 -0.362556 -5.587314 8.365429 -1.717809 -1.900182 3.369902 -33.700652 14.760039 -4.213517 -14.820074 13.415455 -0.000000 0.000000 0.000000 2.108077 2.569952 2.224039 2.701443 -3.537189 -62.798665 11.923996 -15.666579 12.089489 -18.820840 7.948444 6.389153 -14.588535 9.337294 -34.227135 -28.743916 14.622536 13.874480 0.988935 44.554341 -39.453965 -12.964407 -10.175420 6.608095 
25.848600 104.681206 30.262700 -17.394103 -69.186548 -22.740709 -1.663545 -7.497318 6.555727 17.188807 -18.944958 3.834694 14.543129 10.666667 -9.720707 -0.000000 0.000000 0.000000 -8.722293 3.612883 2.145514 22.019499 10.721744 -3.020809 10.938430 -11.505015 10.074222 -0.000000 0.000000 0.000000 5.328100 -0.439353 1.093762 -5.440416 -0.010061 -5.225683 8.148721 -1.329302 -1.734733 3.030543 -33.908375 14.185439 -4.124535 -13.912233 13.362966 -0.000000 0.000000 0.000000 1.483239 1.807805 2.077536 2.395493 -4.236396 -63.804980 13.562941 -18.602550 12.720785 -20.411534 7.852380 6.838523 -14.127010 10.325846 -34.540106 -29.883123 14.051693 14.211626 -0.261724 46.935870 -41.044361 -12.930291 -10.173133 4.750627 
23.238400 101.973200 27.731198 -23.510928 -71.763855 -29.269751 -3.113198 -7.625967 6.838758 20.672337 -18.282075 3.976443 6.290105 15.109751 -5.322991 -0.000000 0.000000 0.000000 -9.875356 3.572956 -1.439856 26.057083 11.999369 -3.662743 9.022746 -12.606048 9.404458 -0.000000 0.000000 0.000000 6.888327 0.031091 2.915430 -6.028153 0.360207 -4.730024 8.466877 -0.800908 -1.570013 2.959098 -33.857888 13.631600 -3.941309 -12.675027 12.902804 -0.000000 0.000000 0.000000 1.153047 0.990486 2.004189 1.719317 -4.293865 -64.686438 16.154881 -21.559726 13.619417 -22.827461 7.971916 7.669763 -13.533790 11.092692 -34.552001 -31.300807 13.938344 15.070646 -0.725579 50.542454 -43.800040 -13.860021 -10.669248 1.153526 
20.412800 98.418099 25.105399 -31.880296 -73.861646 -38.008321 -4.688984 -6.302208 8.506736 31.820836 -17.297315 5.064520 -7.970035 17.258585 -0.325446 -0.000000 0.000000 0.000000 -10.924953 3.157471 -5.102519 29.804037 13.806090 -5.631968 5.227336 -12.461876 7.938171 -0.000000 0.000000 0.000000 8.251929 0.634933 4.244651 -6.788413 0.428591 -4.119856 8.898814 -0.361875 -1.335086 3.757827 -32.922012 13.502007 -3.156934 -11.805428 12.034787 -0.000000 0.000000 0.000000 1.107349 0.017205 2.089619 0.894978 -3.624795 -65.226987 19.150288 -24.061875 14.726528 -24.823868 7.083545 8.848064 -12.889665 11.635883 -33.987433 -33.150959 13.808783 16.847124 0.863148 55.176561 -47.807513 -16.902130 -9.872853 -2.564371 
17.643800 94.590402 22.244899 -37.324314 -75.055458 -43.483433 -6.618553 -4.446097 11.086865 40.905659 -16.954310 5.889348 -18.413487 15.604754 2.655045 -0.000000 0.000000 0.000000 -12.417185 2.704485 -9.254726 32.352578 14.746297 -7.838432 3.624068 -12.070183 7.149807 -0.000000 0.000000 0.000000 9.086231 1.115014 4.649481 -6.978800 0.276785 -3.412092 8.480803 -0.144245 -1.199833 5.080926 -31.949817 13.971274 -1.814826 -11.640001 11.552818 -0.000000 0.000000 0.000000 0.906694 -0.843956 1.371315 -0.171940 -2.979921 -64.421480 21.531390 -26.183515 16.154389 -24.370200 7.486271 9.512056 -12.454449 11.490395 -32.160473 -33.929643 13.296724 18.654752 7.204093 61.306329 -56.764716 -17.054264 -9.777613 -6.299840 
14.714299 91.158599 19.073299 -36.147403 -75.358974 -41.679450 -6.509698 -2.777941 12.901159 44.084184 -17.999988 7.314304 -28.246482 15.599353 7.068353 -0.000000 0.000000 0.000000 -13.574918 2.986564 -13.982270 34.055677 15.554103 -8.774476 2.280700 -13.835832 6.685985 -0.000000 0.000000 0.000000 8.218067 0.866746 3.840935 -6.108236 -0.153176 -2.739211 7.949836 -0.209231 -1.403974 6.614435 -31.427076 15.487857 -0.175594 -12.249303 11.779252 -0.000000 0.000000 0.000000 0.811489 -1.442065 -0.621526 -2.001572 -2.607761 -61.651528 22.260544 -27.148415 16.352025 -23.616062 6.252932 11.976138 -12.071651 10.616397 -28.823017 -33.210249 12.527047 20.041935 22.024169 66.823020 -74.985607 -16.352384 -9.302997 -8.881278 
11.252400 89.034700 14.939600 -31.676672 -76.030260 -36.208718 -5.013481 -4.026081 13.873774 44.038794 -18.232602 9.013531 -31.944807 17.337422 8.232903 -0.000000 0.000000 0.000000 -14.070177 5.778866 -16.683621 36.362387 15.588542 -9.577162 -0.393809 -15.329701 5.903335 -0.000000 0.000000 0.000000 5.322812 0.772525 1.803497 -4.330735 -0.809182 -2.012110 6.874049 -0.486180 -2.138427 8.691786 -29.397086 17.149697 1.500524 -14.826315 11.618953 -0.000000 0.000000 0.000000 1.124779 -1.758431 -2.110030 -3.275072 -2.645567 -58.202277 21.096280 -26.408078 15.744278 -20.943342 6.243620 12.607651 -11.944658 9.060289 -24.415120 -31.395552 12.699394 22.199602 45.323327 68.312486 -100.991040 -15.663275 -7.302937 -13.412881 
7.506220 88.223505 9.849039 -29.883407 -76.858049 -34.093386 -1.877902 -5.676282 16.589712 41.649260 -18.483599 9.538707 -29.008373 20.310402 5.950063 -0.000000 0.000000 0.000000 -13.265461 9.342992 -15.428954 39.846338 17.941591 -11.813444 -3.118459 -15.425429 4.432034 -0.000000 0.000000 0.000000 3.808617 0.485842 0.717240 -4.145532 -0.940041 -1.689109 6.753483 -0.676320 -2.512677 7.961935 -27.662813 16.306709 3.500877 -16.727957 11.027712 -0.000000 0.000000 0.000000 1.022798 -1.672951 -2.489497 -3.939022 -1.219124 -56.267099 17.913971 -25.138559 14.468974 -18.732046 6.850343 12.385269 -12.032255 8.322757 -21.428117 -29.817115 12.515317 22.717279 66.913191 66.992018 -123.389046 -13.991007 -4.039725 -19.363534 
3.482930 88.365799 3.696500 -27.265404 -78.114002 -31.350733 1.921611 -4.184893 21.601263 34.462823 -18.936343 9.359375 -19.763113 20.265072 -0.985051 -0.000000 0.000000 0.000000 -13.009330 11.831007 -11.864760 43.511320 22.704405 -14.390031 -2.937871 -11.893274 4.989859 -0.000000 0.000000 0.000000 1.647814 -0.644190 -0.876952 -3.389209 -0.872828 -1.577849 6.920214 -0.687874 -2.427840 5.649714 -25.282804 14.731769 3.146945 -18.087171 10.741026 -0.000000 0.000000 0.000000 1.414055 -1.183508 -1.433591 -4.204183 1.073798 -55.151102 14.455433 -24.019581 13.063607 -18.565718 6.606773 13.079756 -11.648685 7.760858 -20.547012 -30.155072 12.259560 21.948689 76.777355 64.611020 -132.915938 -10.845259 -0.265575 -25.694702 
-0.650366 88.914001 -3.279820 -21.457240 -78.171147 -24.645354 4.355115 -1.566218 26.710943 25.564736 -19.746989 8.589768 -4.920220 16.805147 -10.655739 -0.000000 0.000000 0.000000 -12.830118 11.481261 -9.163709 45.257396 22.725055 -14.359328 -9.477679 -13.544035 4.688602 -0.000000 0.000000 0.000000 -0.215479 -1.745159 -3.659894 -2.252411 -1.206855 -2.208234 6.372353 -1.205915 -2.620850 3.442392 -23.155270 13.843409 2.130782 -19.167709 10.948138 -0.000000 0.000000 0.000000 2.291268 -0.927693 0.105280 -3.726852 3.049092 -52.143121 13.935467 -23.362232 12.425752 -18.241156 6.268452 12.435547 -11.611777 7.626048 -21.590027 -30.942148 11.270728 20.910935 77.951830 64.421081 -134.608875 -10.563571 -0.549218 -25.025381 
-4.751260 89.617205 -10.392800 -16.523928 -76.618414 -17.784745 4.169147 -1.031198 27.617578 21.394316 -19.092098 10.654520 13.922262 15.380295 -15.805069 -0.000000 0.000000 0.000000 -10.840682 9.864300 -7.721533 45.832585 22.151854 -13.552202 -18.678049 -13.231281 2.083225 -0.000000 0.000000 0.000000 -1.047963 -2.167823 -6.610169 -0.755678 -2.130462 -3.744766 5.093071 -2.044713 -3.603430 1.816191 -21.933166 13.135462 0.297485 -20.512421 11.560528 -0.000000 0.000000 0.000000 2.486574 -0.991116 1.583898 -2.344679 4.020495 -47.237255 15.301091 -22.874266 12.162976 -17.585982 7.254882 11.099625 -11.923959 7.660745 -23.648241 -31.197977 9.773496 18.692658 73.451560 66.484092 -129.827647 -14.538958 -1.336148 -22.623361 
-8.543820 90.807605 -16.582599 -9.056762 -75.388418 -8.883408 2.321824 -4.793410 24.882978 25.642789 -21.940433 12.910020 15.498093 17.275478 -8.637265 -0.000000 0.000000 0.000000 -9.700988 8.894774 -4.793493 45.058885 22.504365 -13.018046 -24.134976 -15.822579 -2.468067 -0.000000 0.000000 0.000000 -2.914450 -1.601717 -7.680108 -0.561738 -2.792319 -5.375238 4.588186 -2.777903 -5.200724 2.199726 -23.287689 12.450205 -1.270129 -19.785484 11.528617 -0.000000 0.000000 0.000000 2.315872 -0.484444 1.415276 -1.712044 3.792108 -42.687323 16.536743 -20.703290 12.602537 -14.903794 8.019425 10.953534 -11.862427 7.505676 -26.011396 -29.717934 9.069403 15.891506 61.132016 67.185757 -116.775750 -15.183502 -2.285708 -20.458451 
-12.280599 93.163508 -21.746799 -9.723464 -75.311658 -10.360096 1.853785 -7.709921 22.254852 31.652237 -24.023997 12.561124 8.904422 16.531850 -4.658095 -0.000000 0.000000 0.000000 -6.789440 9.484972 1.180276 41.465059 22.784989 -12.591315 -21.430098 -19.367722 -5.272095 -0.000000 0.000000 0.000000 -2.894208 -0.835958 -6.600871 -1.100754 -2.333244 -5.902652 4.346403 -2.461183 -5.531679 3.709394 -25.856591 12.090936 -1.935917 -17.591151 11.355020 -0.000000 0.000000 0.000000 1.428855 0.474008 0.612502 -1.669389 3.513989 -42.333518 14.745112 -18.489981 13.618825 -12.140028 8.496588 11.166367 -12.360575 7.558272 -27.869357 -27.749854 9.034364 13.109783 49.941205 66.013287 -103.257310 -13.174735 -3.358924 -17.688339 
-15.886199 96.571308 -26.221499 -12.853006 -74.554469 -14.376073 2.032790 -10.048732 18.123254 32.696584 -23.299094 10.125182 5.721496 17.071000 -4.371930 -0.000000 0.000000 0.000000 -3.075655 9.125403 4.530155 34.666822 22.600234 -10.021824 -11.038467 -18.715765 -0.671242 -0.000000 0.000000 0.000000 -2.616460 0.483508 -6.343048 -1.582593 -2.054210 -5.792551 5.213751 -2.016528 -4.970463 5.642158 -27.402593 12.896297 -2.023121 -16.532153 11.805209 -0.000000 0.000000 0.000000 0.706400 1.104541 0.990999 -1.333790 2.711501 -44.593700 10.813986 -17.906284 12.897221 -11.307799 8.134554 11.064147 -13.528364 7.266898 -28.982273 -26.367742 9.433443 12.255804 42.613171 64.908621 -93.570870 -10.774223 -4.682349 -14.126292 
-19.412600 100.187194 -30.108899 -15.496935 -73.004466 -17.848084 2.237494 -9.862974 13.858455 28.576383 -22.707758 7.585905 3.421976 16.117668 -4.001313 -0.000000 0.000000 0.000000 -0.206769 6.430597 5.050057 27.313860 21.009166 -5.015564 4.445534 -12.356694 8.008888 -0.000000 0.000000 0.000000 -2.482102 1.492907 -6.281760 -2.323768 -2.321960 -5.443501 6.667772 -1.841479 -4.212302 7.630067 -27.705245 14.311644 -1.373814 -16.440981 12.011018 -0.000000 0.000000 0.000000 0.639727 1.900350 1.725132 -0.065383 1.548772 -47.350361 10.452145 -17.608103 11.906540 -11.296790 8.059511 8.970908 -14.635444 6.634128 -29.485323 -26.658150 11.164008 13.050827 33.840838 64.240244 -82.366427 -12.494262 -3.979066 -10.660991 
-22.621401 103.132200 -33.926699 -16.970669 -72.275186 -20.498863 1.667542 -7.067990 10.599377 22.815035 -20.323453 5.063761 4.623417 13.288299 -6.299774 -0.000000 0.000000 0.000000 0.570359 2.778604 5.133339 23.499292 18.672529 -2.237034 15.866388 -0.045526 15.648950 -0.000000 0.000000 0.000000 -2.283026 2.231574 -5.656027 -2.705541 -2.625570 -4.959526 7.196030 -1.435226 -3.539294 9.075546 -26.993520 15.575619 -1.631026 -17.467368 12.114756 -0.000000 0.000000 0.000000 0.677186 2.184669 3.054310 2.113167 0.636605 -50.860071 12.171696 -17.284731 11.624375 -10.403362 7.715675 6.720359 -15.512404 6.371893 -30.412720 -28.299577 12.500710 14.595240 24.775276 62.344458 -70.313045 -14.508428 -4.266334 -7.396862 
-25.551000 104.732192 -37.776798 -16.183069 -71.986389 -20.680651 -0.248061 -5.455779 7.168929 19.367927 -17.661047 3.415471 6.189382 12.098410 -6.926355 -0.000000 0.000000 0.000000 -0.334863 0.957988 5.508053 23.877919 17.604005 -2.523597 18.849345 3.914034 16.519361 -0.000000 0.000000 0.000000 -2.332483 2.538300 -4.724837 -3.200234 -2.486294 -4.641070 7.611130 -1.192137 -3.005935 9.670786 -27.660261 15.936842 -2.782488 -17.551520 12.256366 -0.000000 0.000000 0.000000 1.178705 2.299814 4.280940 4.304588 -0.292167 -53.966721 14.919031 -17.885798 11.645247 -11.697092 7.561449 6.021671 -15.537496 6.730009 -31.950362 -29.340957 13.020158 15.238784 15.681664 59.690657 -59.138033 -16.684156 -4.954464 -5.236312 
-28.385100 105.058205 -41.498697 -14.874729 -70.860192 -20.013250 -2.163192 -6.846895 3.363122 17.851280 -18.515928 3.338864 7.342022 12.051859 -5.848310 -0.000000 0.000000 0.000000 -1.335700 1.396185 5.143410 25.910206 13.780425 -3.394222 14.932740 -5.317187 13.996516 -0.000000 0.000000 0.000000 -1.774786 2.125392 -3.585998 -4.203399 -1.726075 -4.559353 8.289462 -1.168880 -2.736743 9.625553 -30.030571 15.996934 -2.989988 -16.890599 12.073974 -0.000000 0.000000 0.000000 2.157275 2.877503 4.491937 5.359069 -1.634710 -55.692786 17.383978 -19.052894 11.924354 -14.874586 7.609600 5.949447 -15.391649 7.384642 -33.056736 -28.436495 13.387206 14.738411 8.207886 56.645828 -51.063991 -17.465944 -5.136853 -4.807033 
-31.128800 104.310203 -45.179299 -15.319246 -69.580961 -21.592987 -3.479285 -8.917361 1.029501 17.219419 -21.284537 3.713476 8.718873 10.721001 -6.603012 -0.000000 0.000000 0.000000 -1.406257 2.499040 4.012790 27.168266 11.711664 -3.675836 9.162975 -9.957222 10.622824 -0.000000 0.000000 0.000000 -0.322999 1.961345 -1.793731 -4.824683 -1.133109 -4.287466 8.598478 -0.827593 -2.489926 8.946721 -31.420287 16.066232 -3.119579 -17.423594 11.795143 -0.000000 0.000000 0.000000 2.133665 3.334935 4.076970 5.934246 -2.383102 -57.408998 17.383554 -19.938280 12.422111 -16.653936 7.503905 5.635072 -15.181743 8.003377 -33.116161 -28.076644 13.198150 13.658135 5.003796 53.950439 -47.177630 -16.201341 -5.329893 -4.172862 
-33.732101 102.452195 -48.899299 -16.085504 -69.048754 -23.890669 -5.275589 -11.297072 -0.107662 18.497572 -23.732674 3.960099 8.079360 10.792533 -4.274258 -0.000000 0.000000 0.000000 -1.663499 2.750216 2.004571 27.742415 11.776316 -3.757196 4.272738 -12.547594 7.668140 -0.000000 0.000000 0.000000 0.997396 2.516684 0.248989 -5.266227 -0.516341 -3.740804 8.923168 -0.339258 -2.069535 8.362892 -33.131395 16.134476 -3.465788 -17.584011 11.851617 -0.000000 0.000000 0.000000 2.080455 3.636731 3.603871 5.700869 -2.547281 -59.427244 16.952131 -20.704219 12.673691 -18.376358 7.517116 6.174667 -14.230780 8.526799 -33.085120 -28.221995 11.955349 12.893145 3.117964 52.769392 -45.592558 -15.002831 -5.026173 -3.778152 
-36.390701 99.518108 -52.672297 -17.531652 -68.694260 -27.054652 -7.354406 -12.918711 -0.210445 25.304126 -21.537934 5.608271 -4.118378 18.101134 3.799342 -0.000000 0.000000 0.000000 -1.418232 2.163561 -0.665506 27.079578 11.691093 -3.891077 1.044463 -16.574712 6.313253 -0.000000 0.000000 0.000000 2.477211 3.386998 2.364801 -6.499893 -0.023449 -3.209767 9.748042 -0.018599 -1.409951 8.527484 -35.340370 16.290828 -3.904283 -16.542844 11.857473 -0.000000 0.000000 0.000000 2.706139 3.857019 3.447771 4.826869 -1.647820 -61.497770 18.493098 -21.529471 12.875433 -21.043250 8.129638 7.088386 -13.322083 8.945388 -33.353023 -28.358682 10.804501 13.639219 2.020079 52.186706 -45.054199 -14.623947 -4.818771 -6.436097 
-39.035800 96.034402 -56.580895 -19.268067 -68.094868 -30.140536 -10.205067 -12.000111 1.468928 38.430873 -19.523491 8.729120 -18.570086 17.410930 10.340072 -0.000000 0.000000 0.000000 -0.771131 0.281304 -3.942624 25.655876 11.334238 -5.135882 -3.114732 -19.076483 4.128784 -0.000000 0.000000 0.000000 4.272408 4.276519 3.623344 -7.683847 0.003655 -2.702976 9.965720 0.224099 -0.706902 9.449339 -36.306599 17.015167 -3.601827 -15.743385 11.823909 -0.000000 0.000000 0.000000 3.400745 3.815894 3.127032 3.969866 -0.251867 -62.910523 20.571509 -21.446682 13.042864 -22.253965 8.104372 7.932617 -12.433121 9.196508 -32.939232 -29.048401 9.743850 15.376022 1.664692 52.350833 -45.150684 -14.029729 -4.710087 -8.750419 
-41.379699 92.504406 -60.772896 -16.623434 -67.123513 -28.245880 -15.207891 -11.157175 3.389580 50.227022 -19.808189 12.339497 -26.872315 15.291085 11.836243 -0.000000 0.000000 0.000000 -1.543443 -1.916846 -8.243051 23.094266 9.861148 -5.852402 -3.562094 -20.551835 3.899899 -0.000000 0.000000 0.000000 4.785709 4.691334 3.363840 -8.157550 -0.404981 -2.114153 9.653833 0.114839 -0.054058 10.753352 -36.323258 18.710630 -3.540288 -15.462285 12.259093 -0.000000 0.000000 0.000000 4.122629 3.780101 1.938478 2.779311 0.438530 -62.863761 21.650412 -20.637688 12.873002 -22.925060 7.730877 9.558990 -11.916261 8.486202 -31.391719 -28.994867 9.440479 16.360180 2.431546 51.651385 -45.180523 -12.561195 -4.655274 -12.361042 
-43.871701 89.847904 -65.311199 -12.646862 -65.958890 -24.009915 -18.689953 -12.604834 4.542374 57.470167 -20.570931 14.483095 -31.795569 15.828743 13.315004 -0.000000 0.000000 0.000000 -2.321273 -3.383317 -12.788825 19.727941 7.869927 -6.057882 -0.867470 -22.325317 5.573063 -0.000000 0.000000 0.000000 3.595639 5.127518 1.595500 -8.109478 -1.369428 -1.852195 10.238588 -0.670600 0.182510 12.843908 -35.685862 21.313767 -1.961716 -15.327341 13.284036 -0.000000 0.000000 0.000000 5.081990 3.947365 0.907879 1.058821 0.130788 -61.956283 20.461023 -18.874169 11.695549 -23.203952 6.997788 12.422702 -11.906529 7.004906 -29.680047 -27.638249 10.108146 18.542314 1.924832 50.499189 -43.787010 -13.198207 -5.250918 -15.415490 
-46.685001 88.298106 -70.471901 -11.452709 -65.232689 -22.427684 -18.611539 -13.926643 8.114311 59.231094 -21.100631 15.316745 -34.212963 15.202987 11.680975 -0.000000 0.000000 0.000000 -2.445123 -3.544009 -15.257947 18.432961 7.523111 -6.739926 -0.819606 -23.365810 5.538262 -0.000000 0.000000 0.000000 3.041477 5.431773 0.040292 -7.249329 -1.804264 -1.922044 9.584782 -1.253702 0.104074 15.284731 -34.744010 22.942559 0.017684 -15.690561 14.284848 -0.000000 0.000000 0.000000 5.669874 3.623917 0.432188 0.063141 -0.005967 -60.229878 19.257225 -16.693505 10.523466 -22.401229 7.760352 11.143600 -11.479758 6.596818 -28.346271 -26.285105 10.242159 19.564445 0.278079 48.703865 -40.362440 -15.694423 -6.871064 -12.652657 
-49.543899 87.643802 -75.981903 -12.477117 -64.917166 -22.714369 -15.827328 -14.325769 12.224787 57.397522 -22.818148 16.287876 -34.005529 16.402140 10.023961 -0.000000 0.000000 0.000000 -2.092875 -2.547553 -16.340534 19.045446 8.971214 -7.213437 1.088799 -24.150050 6.015429 -0.000000 0.000000 0.000000 3.280272 5.057424 -0.557642 -6.949896 -1.268973 -2.716334 9.639045 -1.312509 -0.410051 16.368980 -34.717880 22.952967 2.443094 -15.706654 14.945841 -0.000000 0.000000 0.000000 5.516578 3.720046 -0.256824 -0.956856 0.210553 -57.921262 17.616114 -15.066900 10.007621 -21.921590 8.407353 9.725889 -11.026034 6.846103 -27.593058 -25.185795 10.412829 19.289016 -0.750363 45.389315 -36.832280 -14.891944 -8.118190 -10.782924 
-52.502900 87.763000 -82.150000 -14.545468 -64.998554 -23.681752 -11.123434 -13.514347 17.252787 51.781150 -25.624793 17.078527 -30.465658 17.772434 6.564927 -0.000000 0.000000 0.000000 -2.081601 -1.254455 -16.095387 21.488313 11.392621 -7.217832 3.737058 -22.937441 7.227043 -0.000000 0.000000 0.000000 3.401229 4.376821 -1.539928 -6.132618 -0.373937 -3.691559 9.913588 -1.031228 -0.938758 16.427991 -34.214217 21.941435 3.965361 -16.356981 15.443269 -0.000000 0.000000 0.000000 5.128104 3.868913 -0.031468 -1.877336 0.413484 -56.069915 16.272537 -14.222825 10.295600 -21.609132 8.150589 10.640196 -10.557272 7.448419 -27.793518 -25.068697 10.346267 19.518132 -1.975486 41.831897 -33.795391 -16.656715 -8.893628 -9.638371 
-55.568898 88.297701 -89.008695 -16.945626 -65.399911 -24.940866 -5.786019 -11.288851 23.125600 42.838219 -28.524006 16.924311 -22.269026 18.320361 0.400252 -0.000000 0.000000 0.000000 -3.279237 -1.104847 -14.756593 25.543047 13.935144 -6.039817 3.668743 -19.288308 7.390585 -0.000000 0.000000 0.000000 3.362049 3.719082 -2.901916 -4.976482 0.475391 -4.747388 9.833811 -0.643246 -1.381076 15.801106 -32.604618 19.919548 4.793406 -17.603211 15.564888 -0.000000 0.000000 0.000000 4.390195 3.713686 1.012694 -1.939160 0.807864 -53.977206 15.951370 -14.251375 10.651364 -20.802286 8.216042 10.607598 -10.197708 8.375960 -28.271535 -26.207423 9.919279 19.576375 -2.810551 39.439877 -30.776365 -18.353931 -10.191141 -6.642667 
-58.578098 88.879305 -96.427101 -17.276213 -64.972450 -23.938913 -3.095817 -10.265363 27.381269 35.624439 -30.335758 16.797051 -8.978054 17.567719 -7.223374 -0.000000 0.000000 0.000000 -5.147663 -2.356663 -13.277338 30.175988 10.102124 -3.843979 -2.259702 -21.589398 8.128810 -0.000000 0.000000 0.000000 3.591990 2.897757 -4.950590 -3.514067 0.747897 -5.894389 8.518498 -0.721643 -2.121546 15.221689 -30.787237 18.355056 4.646116 -18.507743 15.528432 -0.000000 0.000000 0.000000 4.423503 3.317305 2.010708 -1.850645 0.995094 -50.257738 16.334474 -14.652005 10.669160 -21.253323 7.846996 9.536432 -9.927264 9.389058 -29.061641 -26.405242 9.440261 19.215923 -3.233401 37.302405 -28.580160 -18.660997 -10.315277 -4.107001 
-61.482602 89.410102 -103.843999 -15.864186 -63.891555 -20.872890 -3.296478 -9.776783 29.225718 30.502364 -30.662929 16.315363 4.336855 16.410977 -10.165080 -0.000000 0.000000 0.000000 -6.544465 -4.048286 -12.162285 34.376752 8.947659 -1.312626 -12.358233 -19.649811 3.875899 -0.000000 0.000000 0.000000 3.615325 2.565366 -7.047534 -1.866537 0.156186 -7.380787 7.079624 -1.078236 -3.379549 13.804494 -28.488168 17.358751 4.277060 -20.049030 16.196950 -0.000000 0.000000 0.000000 3.729102 2.274473 2.887683 -1.107017 1.353307 -45.422876 16.568951 -14.702213 11.047890 -20.734679 8.669156 7.527954 -9.189026 10.134690 -30.009890 -27.214202 8.244142 18.295717 -3.118179 35.421022 -28.532857 -20.935162 -12.054521 -0.558634 
-63.982797 90.551502 -110.209000 -13.019553 -63.549163 -16.559469 -4.613392 -10.113225 27.773354 29.878434 -31.612263 16.117017 4.947235 15.669627 -5.169356 -0.000000 0.000000 0.000000 -7.778835 -4.773682 -10.062326 35.537130 9.729711 -0.076300 -17.854978 -20.125999 0.100396 -0.000000 0.000000 0.000000 2.230784 2.684645 -8.494325 -0.685103 -0.101266 -8.498751 6.296449 -1.389806 -4.797318 13.293534 -28.108232 17.349643 4.748406 -20.288824 16.172744 -0.000000 0.000000 0.000000 2.865186 2.142665 1.746118 -0.902665 1.028848 -40.820626 15.758169 -14.132096 12.022231 -18.207816 9.384572 7.505493 -8.984248 10.112846 -29.773662 -27.032415 8.348769 16.692971 -4.186841 35.563305 -29.977914 -22.876571 -14.444388 4.165470 
-66.194195 93.067002 -115.546000 -13.278376 -65.653666 -16.890753 -3.223357 -10.300871 25.259977 31.374809 -31.423097 15.305605 2.494183 14.374193 -4.469585 -0.000000 0.000000 0.000000 -7.290953 -2.846466 -5.049609 33.020667 9.662899 0.234370 -15.056720 -22.213912 -1.140102 -0.000000 0.000000 0.000000 0.826267 3.041517 -8.473456 0.334284 0.617983 -8.713255 5.148936 -0.751737 -5.511783 14.856467 -28.626815 18.133020 4.568300 -19.409986 16.002823 -0.000000 0.000000 0.000000 2.052306 2.846606 0.046807 -0.775097 1.418781 -39.513482 13.209604 -14.427699 12.931208 -14.032150 9.267948 8.264991 -9.416899 10.003345 -28.724790 -26.374405 8.815992 16.308745 -3.535279 39.834246 -33.767139 -21.485817 -13.546810 5.283883 
-68.056297 96.420306 -120.176995 -15.772871 -68.229484 -19.878634 -0.308794 -11.111328 21.447103 30.949046 -29.522412 12.480961 0.440001 14.940203 -4.219554 -0.000000 0.000000 0.000000 -5.652058 -1.116080 -1.049800 28.350638 8.819951 0.427869 -5.645057 -20.700644 3.584233 -0.000000 0.000000 0.000000 0.373556 3.629678 -8.277140 -0.199956 1.263918 -8.235865 5.573669 -0.002711 -5.268164 15.325222 -28.721558 18.424118 4.469651 -19.065396 15.540253 -0.000000 0.000000 0.000000 1.509998 3.575745 -0.282351 -0.340518 1.266163 -41.808104 10.105734 -14.521725 12.203274 -13.048155 9.438663 7.163394 -10.444440 9.314735 -27.799761 -25.821982 9.876685 16.446255 -0.044688 45.577680 -39.949609 -19.935828 -12.151914 4.725768 
-69.677097 99.831504 -124.343002 -17.305068 -70.399610 -22.361523 0.849976 -10.747082 17.123897 29.024610 -27.171350 9.685260 1.484975 13.100739 -5.491330 -0.000000 0.000000 0.000000 -4.753174 -1.643644 1.097925 23.212592 7.726381 1.392087 7.972120 -14.724611 11.005826 -0.000000 0.000000 0.000000 -0.350433 4.217327 -7.781106 -0.751889 0.887058 -7.292276 6.397261 0.158045 -4.646221 14.488065 -28.511363 18.334056 3.366952 -18.639689 14.891543 -0.000000 0.000000 0.000000 1.508728 4.030297 -0.076350 0.865048 1.073795 -45.543524 8.638633 -14.591677 10.816407 -13.114069 9.974593 4.460605 -11.600507 8.311733 -27.443561 -26.282973 11.391022 16.660104 4.429368 51.710139 -46.866477 -18.572506 -11.260910 5.481279 
-71.009099 102.571201 -128.253996 -19.591599 -73.216122 -25.531241 0.772383 -8.243393 12.353923 26.968644 -25.917256 7.754866 2.588075 9.428314 -6.940469 -0.000000 0.000000 0.000000 -5.149728 -3.464223 2.019057 20.271667 7.442194 1.369610 18.711551 -4.104688 17.150186 -0.000000 0.000000 0.000000 -0.467224 4.490156 -6.730927 -1.204892 0.265356 -6.538584 6.439277 0.391564 -4.057127 12.610164 -27.927687 17.911633 0.745882 -18.391101 14.269522 -0.000000 0.000000 0.000000 1.595109 3.679398 0.298612 3.194604 1.301352 -50.057774 9.673865 -15.400432 10.311690 -12.155937 9.846974 2.750228 -12.570173 7.807917 -27.875158 -27.769122 11.871600 16.518984 11.970748 57.566837 -55.568319 -17.169311 -11.088386 5.849419 
-72.161496 104.031205 -132.079995 -22.327835 -76.182542 -28.962693 0.351378 -6.044651 7.686173 24.803520 -26.119310 6.413466 3.543242 5.765727 -9.141222 -0.000000 0.000000 0.000000 -6.416440 -3.794563 2.755387 19.854350 10.173004 0.358058 21.552431 3.727060 18.419188 -0.000000 0.000000 0.000000 -0.117935 4.083820 -5.196062 -2.187722 -0.244761 -5.921834 6.787619 0.525722 -3.534475 9.089674 -27.189921 16.545957 -2.570525 -18.202620 13.038973 -0.000000 0.000000 0.000000 1.529209 3.174754 0.912874 5.899926 1.110937 -55.012167 11.748664 -16.983811 10.432628 -12.902959 9.090642 2.820667 -13.435373 7.717405 -28.947834 -29.756303 12.329381 15.796769 21.576824 61.732316 -66.481753 -14.757453 -10.963538 4.816218 
-73.269200 104.241204 -135.774994 -24.380865 -77.564432 -32.106710 0.642071 -7.041301 3.751989 22.368177 -27.829329 5.887755 4.321857 3.510854 -9.707909 -0.000000 0.000000 0.000000 -7.459311 -1.754448 3.748705 21.212186 9.242253 -0.472881 18.952857 -2.138340 16.699218 -0.000000 0.000000 0.000000 0.938834 2.657488 -3.102592 -3.690826 -0.371990 -5.133329 7.745635 0.140680 -2.815245 5.391152 -28.170853 14.774942 -4.905487 -16.604019 11.390869 -0.000000 0.000000 0.000000 2.200640 2.966776 1.459736 6.732678 -0.138099 -60.033604 13.330672 -18.473408 10.910714 -17.012933 8.833876 3.570073 -14.040856 8.073323 -30.456356 -30.486027 12.882988 14.426830 29.214817 64.601821 -77.039859 -12.900656 -9.295588 2.600592 
-74.343598 103.359199 -139.343989 -24.434395 -77.474637 -33.442286 0.844674 -9.953579 0.590061 20.326218 -29.458132 5.756192 6.335482 3.076924 -9.370771 -0.000000 0.000000 0.000000 -7.787728 0.294429 3.681055 22.225538 6.363937 -0.638775 15.178166 -8.921670 14.584262 -0.000000 0.000000 0.000000 2.259765 1.582951 -0.822220 -4.642142 -0.943129 -4.296934 8.527889 -0.411052 -2.020397 2.480544 -29.398617 13.181523 -7.457994 -15.147429 10.401861 -0.000000 0.000000 0.000000 2.415091 1.918161 2.267230 6.201313 -1.605905 -64.827265 13.720056 -19.472288 11.182237 -19.797835 9.226845 3.920761 -14.534264 8.675512 -32.262180 -30.822926 12.159437 13.402908 37.505586 66.853789 -88.724010 -11.227446 -8.623773 0.229037 
-75.372595 101.370192 -142.917991 -21.206764 -77.032865 -31.785129 -0.085440 -12.392125 -1.246704 20.790205 -27.495727 5.340106 4.986831 8.778236 -0.971273 -0.000000 0.000000 0.000000 -8.590494 1.406249 2.599875 23.504716 5.508386 -0.195559 10.723606 -13.596757 11.168848 -0.000000 0.000000 0.000000 3.002023 0.916356 1.574093 -5.691077 -1.659159 -3.378511 9.191222 -1.222779 -1.211448 0.863081 -31.143376 11.804225 -9.174194 -12.941691 10.043881 -0.000000 0.000000 0.000000 2.706019 0.644961 2.973633 4.738867 -2.760919 -68.427200 15.633355 -20.681728 11.192144 -21.558281 9.948123 4.967314 -14.401073 9.070967 -33.884278 -31.456418 11.093788 12.887226 44.713477 68.107708 -98.738745 -11.297016 -7.068018 -3.000832 
-76.506501 98.556000 -146.538997 -19.254327 -76.538000 -31.568814 -1.233932 -11.115643 -0.746536 28.012788 -21.500745 6.944705 -9.969627 14.965580 8.123283 -0.000000 0.000000 0.000000 -9.302996 1.227602 1.172683 25.347628 5.102134 -0.334762 6.282087 -17.827445 8.785889 -0.000000 0.000000 0.000000 3.915823 0.506875 3.855728 -6.901827 -2.251517 -2.548752 9.652494 -1.876794 -0.389961 0.399735 -32.785682 11.456930 -9.944974 -11.024544 9.680995 -0.000000 0.000000 0.000000 3.281610 -0.871733 3.087092 2.745469 -2.951303 -70.606320 19.337170 -21.888095 11.958453 -23.037965 10.009493 5.844255 -14.025061 9.189368 -34.562078 -32.359225 10.018525 12.704526 50.538771 68.307540 -106.095545 -11.454348 -5.006928 -6.864981 
-77.664196 95.862103 -150.313997 -16.446794 -75.360503 -29.355665 -2.778414 -7.998386 1.233541 33.963927 -19.867149 9.944522 -20.735767 11.739856 11.898736 -0.000000 0.000000 0.000000 -9.536651 -0.393087 -1.524214 26.427853 3.810354 -1.060879 2.268856 -21.014789 5.983944 -0.000000 0.000000 0.000000 4.378476 0.058303 3.917301 -6.681152 -3.388157 -1.839049 8.906647 -2.695973 0.175288 2.175113 -33.121158 13.347566 -9.905577 -10.737756 10.105574 -0.000000 0.000000 0.000000 4.063630 -2.321943 1.714949 0.679078 -3.202378 -69.865172 22.151084 -22.898244 12.721000 -23.412244 9.066113 7.484180 -13.583157 8.721963 -33.045523 -32.486855 9.111503 13.923808 56.814502 67.960137 -113.470122 -9.307681 -2.416919 -12.466783 
-78.900701 93.860304 -154.268003 -15.030504 -74.907603 -27.392598 -4.342782 -9.441778 0.773368 40.914533 -21.653751 13.989866 -27.137106 14.388468 14.950630 -0.000000 0.000000 0.000000 -9.773931 -1.212820 -4.541246 26.254624 1.112311 -1.908972 4.337310 -24.499051 6.588026 -0.000000 0.000000 0.000000 3.682163 0.172606 1.717886 -5.941674 -4.586808 -1.003867 9.015035 -3.585535 0.491113 4.857773 -32.822228 16.744758 -8.030701 -11.753445 10.906679 -0.000000 0.000000 0.000000 4.805641 -3.184772 -0.751196 -1.210263 -4.674289 -66.724972 23.324519 -23.800962 12.564639 -23.756588 6.982162 11.237632 -13.902703 7.630573 -29.118679 -30.398096 9.661830 16.364320 61.032066 66.860667 -118.708389 -7.996939 0.968496 -20.595598 
-80.591697 93.015701 -158.727002 -23.315117 -77.401849 -35.705516 -3.752316 -12.307914 1.622999 45.185445 -18.839193 13.997501 -28.838059 18.486462 16.425874 -0.000000 0.000000 0.000000 -9.528021 -0.493645 -4.502854 25.309068 -0.377074 -2.248588 3.056622 -25.258069 4.919160 -0.000000 0.000000 0.000000 2.694706 1.393408 -0.488469 -4.931369 -4.798997 -0.049820 8.707628 -3.561026 0.575705 8.978748 -31.043102 19.799183 -4.439959 -14.357070 11.781786 -0.000000 0.000000 0.000000 5.212419 -3.209889 -1.923387 -1.957194 -5.647026 -64.100320 23.336168 -24.099911 11.541119 -21.808866 6.417662 11.962196 -13.307667 6.869511 -24.168568 -28.169513 10.621409 19.918866 62.288126 65.202817 -119.372380 -6.996562 4.479507 -27.421131 
-82.447898 92.796701 -163.539994 -50.285938 -80.967139 -63.641297 -1.073528 -11.780676 5.317817 46.644194 -15.121130 12.499987 -27.801208 20.047563 15.063543 -0.000000 0.000000 0.000000 -9.350454 -0.000112 -2.085473 24.097382 0.450037 -1.236748 5.504457 -22.013215 6.675721 -0.000000 0.000000 0.000000 1.743054 2.489143 -1.521935 -4.242951 -3.645601 0.878337 8.441316 -2.477861 0.789926 12.604503 -29.311157 20.977492 -0.469699 -16.520916 12.481491 -0.000000 0.000000 0.000000 5.316321 -2.534196 -2.198301 -1.896646 -5.533526 -62.853359 22.359146 -24.319235 10.864246 -20.513911 7.142180 10.454813 -11.992088 6.739237 -19.841882 -27.001592 11.189221 23.061919 60.197045 64.200938 -115.290531 -5.356807 4.708844 -28.133635 
-84.392798 92.784005 -168.579996 -96.621238 -80.972630 -110.105206 3.080680 -9.311923 8.953916 45.357702 -12.980274 10.174771 -25.979612 21.658540 13.444659 -0.000000 0.000000 0.000000 -9.625924 0.662757 -0.169161 25.673280 0.492054 1.323406 3.402141 -22.383121 7.144791 -0.000000 0.000000 0.000000 -0.551895 2.738246 -2.856959 -2.640572 -1.755478 1.339811 8.560242 -1.057799 0.593233 14.867421 -27.271711 21.400986 2.842187 -17.468406 12.802307 -0.000000 0.000000 0.000000 5.615417 -1.389703 -1.841359 -1.321467 -4.906809 -61.404419 21.028275 -25.069751 10.246609 -21.300871 7.514760 10.228246 -10.318347 7.089841 -17.169740 -25.732240 11.682391 26.427473 53.514819 64.267455 -106.522774 -6.577476 2.995293 -25.333012 
-86.092001 92.680901 -173.796988 -121.187238 -76.936392 -134.156278 4.981318 -6.277428 10.846450 48.287868 -12.423821 9.879487 -20.468563 22.830720 9.801271 -0.000000 0.000000 0.000000 -9.572273 -0.346237 1.014804 30.075276 1.558166 3.070192 -3.747860 -18.571096 4.157565 -0.000000 0.000000 0.000000 -1.653487 2.829812 -4.261310 -1.032277 -0.850048 0.808639 8.154761 -0.168006 0.013935 15.749969 -24.566908 21.420194 4.331394 -18.152143 13.454097 -0.000000 0.000000 0.000000 5.289691 -0.923150 -1.309408 0.639219 -3.151239 -59.190133 19.812854 -26.015556 10.254445 -20.789174 7.669178 10.644758 -9.141539 8.261887 -16.200020 -25.172523 11.178101 29.694192 44.369919 65.647638 -93.037890 -13.155474 1.639845 -21.782223 
-87.252498 92.229503 -178.557992 -133.402380 -72.916921 -145.604922 3.108151 -5.272060 11.298857 55.398444 -11.490460 9.541282 -13.063500 22.813006 6.942408 -0.000000 0.000000 0.000000 -11.153210 -2.087596 1.946786 35.775267 3.439959 3.304755 -8.447064 -13.980716 1.703206 -0.000000 0.000000 0.000000 -1.817430 3.209583 -4.889899 -0.745009 -0.645848 -0.088395 7.998947 -0.058301 -0.907704 14.695373 -23.292169 20.815792 5.006655 -18.078955 13.751085 -0.000000 0.000000 0.000000 4.661291 -0.757706 -1.677500 2.675572 -1.769968 -56.614368 18.247532 -25.813512 10.440823 -19.461472 7.519301 11.094702 -8.832354 9.248485 -16.260360 -24.473126 11.519241 30.793154 33.924872 65.233265 -77.703754 -17.967721 -2.372028 -16.339808 
-88.111293 91.698205 -182.636988 -140.996130 -68.518545 -152.426574 0.715351 -5.763790 10.814592 62.844510 -11.522523 8.061916 -11.015474 20.934026 7.676968 -0.000000 0.000000 0.000000 -12.655794 -0.919622 3.987734 40.941037 6.843394 2.728113 -11.701753 -13.841117 -1.117517 -0.000000 0.000000 0.000000 -1.211291 3.132774 -4.857161 -0.238523 -0.161923 -0.709713 7.456069 0.229230 -1.829247 12.537874 -24.274799 19.603301 4.087447 -17.253276 13.589407 -0.000000 0.000000 0.000000 4.138274 -1.334062 -2.232878 3.755719 -0.702272 -55.261030 15.824895 -23.750386 10.470965 -18.028513 8.581462 10.049250 -8.541125 10.833012 -17.018936 -23.612218 11.658408 29.747223 28.950343 63.018577 -70.355698 -18.826405 -7.179354 -6.279193 
-88.906193 91.665804 -186.080003 -146.005934 -63.812333 -156.980327 -1.559431 -6.435374 9.798628 68.083751 -11.264209 6.135413 -12.538793 19.478922 7.277053 -0.000000 0.000000 0.000000 -12.737895 1.649167 6.868660 43.469190 8.457263 1.950762 -13.395263 -14.600134 -3.068749 -0.000000 0.000000 0.000000 -0.496051 3.001876 -4.485845 0.177855 0.218367 -0.925776 7.231174 0.756071 -2.402095 10.318614 -25.252192 18.364809 2.385767 -17.619730 13.073295 -0.000000 0.000000 0.000000 3.370921 -1.792889 -2.853138 3.715324 -0.105797 -55.195542 12.761967 -19.749307 9.536211 -15.643450 9.622941 8.603590 -8.468879 11.841757 -17.249764 -22.954654 12.041546 28.783818 29.775478 62.655830 -70.794253 -20.553311 -7.867195 -2.383895 
-89.784199 92.406207 -189.029992 -149.519711 -60.000629 -160.084717 -4.245668 -7.255412 8.097311 70.451204 -10.734391 4.775940 -14.034044 18.684048 7.810854 -0.000000 0.000000 0.000000 -10.762320 3.299783 9.182359 42.171012 9.974039 0.370903 -14.154197 -14.525072 -3.902045 -0.000000 0.000000 0.000000 -0.411021 3.341329 -4.644055 0.458493 -0.291839 -0.665615 7.205595 0.911832 -2.382600 9.257505 -26.057870 17.412721 0.786522 -18.276265 12.722277 -0.000000 0.000000 0.000000 3.000880 -2.144051 -2.626571 3.262120 0.498352 -56.840851 10.630335 -16.117882 8.602472 -14.606546 11.252358 7.756103 -8.940488 12.089979 -17.444187 -23.074890 12.339163 29.457971 34.918192 63.097874 -77.089352 -20.591303 -8.801489 -1.251597 
-90.622395 93.939805 -191.615999 -152.649305 -56.767967 -162.869139 -6.893423 -7.891241 6.242538 69.361683 -10.337652 4.041005 -14.356692 17.805410 7.953690 -0.000000 0.000000 0.000000 -7.902300 4.233121 10.834772 38.146966 11.776830 -1.333424 -11.724317 -14.539658 -3.498614 -0.000000 0.000000 0.000000 -0.750568 3.828866 -5.065084 0.579046 -1.184661 -0.218994 7.136170 0.581171 -2.107947 9.352346 -27.122016 17.268436 0.238093 -18.593787 12.754717 -0.000000 0.000000 0.000000 3.271815 -2.039998 -2.585506 3.091156 0.992015 -58.796197 8.912771 -14.676411 8.288725 -15.548430 12.449511 7.250821 -9.796976 11.695989 -17.374940 -23.361739 12.982982 30.732577 41.115138 63.987077 -85.208433 -20.862971 -10.052807 0.215838 
-91.342497 96.153003 -193.802989 -155.712646 -52.457703 -165.317148 -8.222952 -8.443676 3.954496 64.246943 -9.550812 2.899439 -13.563113 17.603254 7.767655 -0.000000 0.000000 0.000000 -5.178869 5.845949 11.399068 33.521041 14.141926 -2.881317 -5.515542 -13.983779 -0.491180 -0.000000 0.000000 0.000000 -0.865396 4.108819 -5.576137 0.427418 -1.653963 0.062760 7.397014 0.406283 -1.890721 9.530023 -28.252372 17.967908 0.779871 -18.758357 13.146283 -0.000000 0.000000 0.000000 3.669080 -1.304419 -2.989718 3.791297 0.705679 -60.549653 7.848331 -15.806586 8.082311 -17.144602 11.921327 7.985036 -10.743682 10.854995 -17.177750 -23.245329 14.174617 31.498506 48.000990 65.448797 -93.972378 -21.102367 -10.553472 0.772466 
-91.950697 98.664409 -195.633996 -158.540972 -46.764338 -167.590699 -8.240976 -9.150270 1.671539 56.126749 -8.065322 1.753242 -11.295684 18.165301 7.564576 -0.000000 0.000000 0.000000 -2.936571 7.281629 10.739976 28.903213 16.411988 -3.485931 3.489488 -11.312807 4.030739 -0.000000 0.000000 0.000000 -0.685242 4.332977 -5.466644 0.108085 -1.666564 0.056881 7.832571 0.637839 -1.759742 9.706675 -29.443030 18.656928 1.163122 -18.956237 13.763237 -0.000000 0.000000 0.000000 3.813181 -0.565618 -3.327070 4.989230 -0.308245 -62.479987 8.243142 -18.043506 8.044917 -17.856464 11.284065 8.061691 -11.290432 10.199720 -17.521359 -23.155812 15.120040 31.401123 55.617994 66.326102 -103.118309 -20.576404 -10.487671 0.280426 
-92.348897 100.847197 -197.182989 -161.243610 -40.103006 -169.863240 -8.137210 -9.209771 -0.219624 47.280542 -7.304588 1.922878 -6.375225 18.100136 6.060737 -0.000000 0.000000 0.000000 -2.162854 6.514503 9.108001 25.683909 17.833681 -3.137613 12.914733 -5.487821 7.997068 -0.000000 0.000000 0.000000 0.289260 4.765599 -4.681262 -0.672268 -1.470239 -0.245036 8.047877 0.993195 -1.552872 9.243641 -30.621901 18.504592 0.757991 -19.421945 14.259030 -0.000000 0.000000 0.000000 3.656115 -0.222684 -3.098006 6.338899 -1.293246 -64.728276 9.549553 -20.961865 8.147404 -18.556437 11.463658 7.348615 -11.685621 9.948119 -18.606413 -24.028446 15.117684 30.730476 63.800032 67.012201 -112.185714 -19.889954 -10.472359 0.141998 
-92.571598 102.105200 -198.576987 -163.767677 -32.134109 -171.866301 -8.158946 -9.253992 -1.552501 39.115510 -7.739122 2.202757 -0.317364 17.156689 2.960180 -0.000000 0.000000 0.000000 -2.693476 4.235970 7.561123 24.614501 16.469587 -2.881072 16.506682 -2.010577 9.531977 -0.000000 0.000000 0.000000 2.121616 5.461638 -3.611863 -2.063833 -0.953773 -0.939944 8.482641 1.463369 -1.286738 7.130230 -31.380697 17.378719 -0.481945 -20.174869 14.404072 -0.000000 0.000000 0.000000 3.389821 -0.009794 -1.992390 7.668398 -1.992217 -67.135291 11.902577 -24.652112 8.712274 -20.836687 11.295513 6.690569 -11.825182 10.217800 -20.750410 -25.706468 14.342851 30.038809 71.101663 67.742945 -120.320428 -20.530267 -10.216706 -1.900625 
-92.705101 102.171195 -199.963999 -166.048073 -23.463675 -173.711532 -8.303478 -10.313206 -2.079399 31.851600 -9.271507 2.336785 3.733520 15.507381 0.640144 -0.000000 0.000000 0.000000 -3.644711 2.628557 7.060684 22.918991 10.624518 -2.451445 15.961318 -9.393902 8.474651 -0.000000 0.000000 0.000000 4.045677 5.663876 -2.319646 -3.335318 0.122075 -1.784761 8.734500 1.944888 -1.062014 4.459457 -32.959868 15.504328 -2.518697 -19.565626 14.355141 -0.000000 0.000000 0.000000 3.823374 0.535829 -0.892845 8.711919 -2.419786 -68.474355 16.301426 -29.422192 10.355069 -24.262720 10.522040 7.198167 -11.583440 11.174338 -23.530582 -26.931143 13.783879 29.320318 75.341237 68.427998 -126.563361 -21.104995 -9.540804 -5.400848 
-92.826396 101.101196 -201.275992 -167.681786 -14.744934 -174.979324 -8.224379 -11.176475 -2.229855 25.803499 -12.128088 3.515194 3.760167 14.377265 0.237867 -0.000000 0.000000 0.000000 -4.836203 -0.432228 6.270515 21.721216 3.782077 -1.002742 12.892944 -14.472416 6.840993 -0.000000 0.000000 0.000000 6.515298 6.077396 -1.394115 -4.627545 0.994011 -2.785504 8.949994 2.457389 -0.918415 1.208502 -33.148338 13.646620 -4.430625 -19.827123 14.061576 -0.000000 0.000000 0.000000 3.761041 1.176527 0.097617 10.100498 -2.528745 -68.547490 21.685023 -34.516097 13.462812 -26.409296 10.147896 7.631502 -11.411554 11.997698 -25.681299 -28.606075 12.971719 28.558755 78.888384 68.958013 -131.843647 -21.421255 -8.873046 -9.345456 
-92.886096 99.086106 -202.332997 -169.063260 -5.842453 -176.344406 -8.631245 -11.043940 -1.414334 22.161878 -15.830552 5.337085 4.582390 13.934473 -0.131927 -0.000000 0.000000 0.000000 -7.264270 -2.886460 6.511828 25.887389 3.452022 0.859119 5.877285 -13.958804 1.858069 -0.000000 0.000000 0.000000 8.952631 6.611050 -0.733123 -4.853383 1.723846 -3.556940 8.370341 3.034716 -0.915343 -2.010395 -31.724328 12.233278 -6.458188 -20.731812 13.931642 -0.000000 0.000000 0.000000 2.935696 1.259353 0.519828 11.936955 -1.294773 -67.671319 26.384487 -39.483066 17.187160 -27.297857 9.615105 8.888337 -10.750868 13.123947 -26.814111 -30.818494 11.138903 27.361703 84.136796 69.093257 -138.009791 -22.264752 -7.170354 -15.259219 
-93.016696 96.302605 -203.207994 -170.283583 3.481258 -177.375505 -9.644515 -11.715622 -0.432837 22.273801 -19.987215 6.982911 5.244650 13.542329 -0.950215 -0.000000 0.000000 0.000000 -11.658065 -2.654908 6.674339 35.241133 4.647609 2.149388 -4.634608 -12.759116 -1.895223 -0.000000 0.000000 0.000000 10.987427 6.598378 -0.971671 -4.464096 2.712416 -3.873421 7.505754 3.734543 -1.235640 -4.423206 -28.973110 11.923625 -8.142235 -22.070444 13.232605 -0.000000 0.000000 0.000000 2.267722 1.328931 0.558195 13.437990 -0.002646 -66.184740 29.117538 -43.037064 20.475550 -27.761800 8.454590 10.432551 -10.223652 14.103601 -26.641160 -32.365091 10.173412 26.695787 88.236851 68.377071 -143.600657 -21.690274 -4.817245 -20.786652 
-93.232298 92.810500 -203.938985 -170.945551 12.777274 -178.557496 -10.953122 -12.515325 1.584044 29.471099 -21.914666 8.149809 -7.609393 16.561626 0.228055 -0.000000 0.000000 0.000000 -16.684377 -1.064012 6.946314 46.065221 6.788734 3.371482 -13.996068 -9.600659 -2.968538 -0.000000 0.000000 0.000000 13.065956 6.246272 -1.570251 -4.016486 3.146737 -3.808425 6.561262 4.337892 -1.599001 -5.775307 -24.962040 12.286057 -10.229088 -23.092233 11.639077 -0.000000 0.000000 0.000000 1.813271 1.038077 0.643276 14.877455 2.310780 -64.871306 30.313432 -45.307856 22.725528 -27.898016 8.038835 11.039412 -10.165970 14.656059 -25.606746 -33.816881 9.988931 27.122506 91.920625 66.818341 -148.240391 -21.826982 -3.530915 -25.339625 
-93.568295 89.020205 -204.518986 -171.330214 20.907172 -179.143964 -12.861974 -11.538006 3.195308 38.281908 -20.957220 7.308492 -21.349192 16.005812 4.867106 -0.000000 0.000000 0.000000 -23.145966 -0.847612 5.780224 58.690190 9.959360 3.697502 -19.040372 -3.837990 -0.841819 -0.000000 0.000000 0.000000 14.200991 5.967447 -3.011241 -2.846867 2.804511 -3.155013 5.553053 4.322297 -1.891827 -5.956422 -20.841514 12.532000 -12.340439 -24.138240 9.598701 -0.000000 0.000000 0.000000 1.700631 0.136310 0.852242 15.591418 3.996235 -63.454498 29.425983 -45.216288 22.257353 -26.537335 7.543428 12.047364 -10.219045 14.369646 -23.961374 -34.712438 10.302222 28.010587 96.389674 64.708551 -153.102147 -22.486598 -2.414750 -28.059717 
-93.830699 86.148399 -204.788995 -172.122734 26.129242 -178.338753 -18.318276 -9.030743 2.003779 48.870852 -17.268317 6.601324 -26.692231 15.980565 8.063197 -0.000000 0.000000 0.000000 -30.419206 -0.488925 2.321455 69.544049 11.422039 5.041274 -18.923013 1.370249 4.140233 -0.000000 0.000000 0.000000 14.445594 4.992552 -5.643638 -2.243020 1.651358 -1.945453 5.560663 3.517939 -2.267236 -6.637609 -17.053351 13.326315 -11.732755 -26.017658 7.421065 -0.000000 0.000000 0.000000 1.321439 -0.373066 -0.081820 14.157531 4.310562 -60.550235 25.268520 -40.829077 17.895376 -22.165810 7.185934 12.829793 -11.224321 11.863200 -19.568873 -33.954970 12.294835 28.890962 101.209411 60.444211 -157.868672 -20.517403 -1.784606 -29.846421 
-93.159300 84.922808 -204.961991 -172.108418 29.406040 -179.736756 -18.936302 -8.261892 4.216687 52.523618 -15.468195 6.233006 -28.948619 15.762358 7.791415 -0.000000 0.000000 0.000000 -34.475109 0.551166 1.193299 76.040642 10.081793 7.755940 -17.436301 0.557016 8.605303 -0.000000 0.000000 0.000000 14.143059 4.643936 -6.498581 -1.057912 0.562608 -0.220552 5.039351 2.617570 -2.055390 -5.585364 -14.832922 13.666304 -11.079304 -27.512863 6.231032 -0.000000 0.000000 0.000000 1.502686 -2.300420 -0.973185 10.722288 4.400557 -58.895990 20.336649 -31.150494 12.748814 -16.060589 8.218724 12.068071 -10.736079 9.946051 -15.407284 -31.234642 11.147912 27.982086 105.941499 54.214402 -162.610751 -19.540686 0.239977 -31.428952 
-91.668099 85.371304 -204.972005 -170.975167 31.834544 177.762080 -15.118692 -7.590718 6.697419 50.415911 -15.502455 7.379904 -28.703259 17.847091 8.082732 -0.000000 0.000000 0.000000 -34.902791 1.053385 0.598860 79.382584 7.971038 9.454483 -17.113457 -4.313546 5.491571 -0.000000 0.000000 0.000000 14.582271 3.689413 -5.957370 -1.271829 -0.089314 0.711217 5.173939 1.701594 -1.406713 -3.541364 -14.683163 12.733157 -9.072424 -26.553107 6.317150 -0.000000 0.000000 0.000000 2.032878 -3.834676 -1.520031 7.778317 5.917431 -58.793184 16.472831 -23.181314 10.334114 -12.982109 12.243679 11.589821 -10.076371 9.164630 -12.911829 -28.747856 8.539727 26.308081 109.605948 47.642075 -166.765282 -16.262184 0.842713 -33.259147 
-89.312398 87.152404 -204.577994 -170.558225 33.323388 175.827265 -10.566371 -6.757739 9.759382 44.364803 -15.652471 8.232548 -23.818947 19.574009 5.581081 -0.000000 0.000000 0.000000 -33.812178 1.415128 -0.408747 79.060557 6.746953 9.272438 -14.928053 -6.589228 4.427244 -0.000000 0.000000 0.000000 13.641208 2.524385 -5.596923 -1.406859 -0.992226 1.489848 5.563946 0.528161 -0.601845 -1.009939 -14.316062 11.720502 -7.440113 -24.746103 6.012394 -0.000000 0.000000 0.000000 3.461750 -3.777480 -1.163861 6.616804 7.509180 -59.322531 14.425479 -21.769694 9.356867 -13.481692 13.495431 13.519429 -10.198404 7.868624 -11.999381 -28.275708 7.436676 24.118662 112.240280 43.764175 -170.006986 -12.468744 1.429569 -36.158878 
-86.314696 89.895207 -203.799987 -170.230349 34.405006 174.213182 -5.490868 -4.467965 13.928326 34.973267 -16.236297 8.023505 -13.833196 19.280773 -0.157032 -0.000000 0.000000 0.000000 -31.019011 1.471894 -1.466966 75.045461 6.826086 7.370964 -11.606472 -7.238744 3.507222 -0.000000 0.000000 0.000000 12.277889 1.257719 -4.908438 -1.638828 -1.749861 1.541472 5.873286 -0.438885 -0.202552 2.503465 -14.366249 10.751252 -5.341264 -22.433919 6.249490 -0.000000 0.000000 0.000000 4.812879 -2.892238 -0.949787 7.053521 8.759472 -58.834566 16.232042 -24.565535 9.207266 -14.927056 12.161371 15.082646 -10.399762 6.701182 -12.283761 -29.432537 6.493218 21.599086 113.818128 43.125135 -172.177443 -9.910745 1.562696 -37.601166 
-83.049595 92.983401 -202.636003 -170.371870 35.229669 173.648954 -1.902293 -1.851961 17.656163 25.249736 -16.222401 6.750467 0.627824 16.601198 -7.765889 -0.000000 0.000000 0.000000 -27.677786 1.808439 -3.068623 68.701361 6.324814 4.979194 -9.616295 -10.180868 1.104260 -0.000000 0.000000 0.000000 10.419720 0.055875 -3.945904 -1.965346 -1.975653 0.701430 6.073147 -1.066030 -0.490523 6.816117 -15.743989 9.625217 -3.127596 -19.688349 7.074320 -0.000000 0.000000 0.000000 5.854908 -2.181010 -1.280229 7.349672 9.195011 -57.045890 19.249143 -27.761319 9.868987 -16.008699 10.781144 14.948219 -10.082488 5.934542 -13.497146 -30.195024 4.813652 19.129919 114.962410 44.753845 -173.952161 -10.665723 0.672678 -36.092887 
-79.832494 95.794106 -201.201010 -170.341339 35.796274 173.516667 -0.223187 -0.792532 19.189735 18.696201 -14.086089 6.664548 16.936176 13.364852 -13.260890 -0.000000 0.000000 0.000000 -23.700787 2.299298 -4.547180 61.462810 6.115143 1.656582 -6.204087 -14.000564 -1.179974 -0.000000 0.000000 0.000000 8.804233 -0.714972 -2.686303 -1.860100 -2.043425 -0.483061 6.348575 -1.529446 -0.983287 10.424709 -18.668459 7.896430 -1.884173 -16.308342 8.189623 -0.000000 0.000000 0.000000 6.488285 -2.013474 -1.704404 6.635368 9.042455 -55.816864 20.190620 -29.839613 10.622651 -17.246670 10.480173 14.725978 -9.372519 5.748784 -15.416149 -30.222178 2.519861 16.650263 115.165935 47.594695 -174.738900 -11.471164 -0.993231 -33.221871 
-76.810998 97.675401 -199.712002 -170.174955 36.213525 174.076455 -0.626164 -1.664840 17.764742 18.020950 -13.039672 8.246681 26.499031 13.079712 -12.828758 -0.000000 0.000000 0.000000 -19.729161 2.775066 -6.325571 55.117545 8.056072 -2.714067 -0.786491 -16.649607 -2.114738 -0.000000 0.000000 0.000000 7.636978 -1.048880 -1.352193 -1.747245 -2.209621 -1.712987 6.594851 -1.820833 -1.626209 12.873750 -22.575120 5.378903 -2.218403 -12.625385 8.820099 -0.000000 0.000000 0.000000 6.742789 -2.269887 -1.900894 5.529420 8.339492 -55.259097 20.087314 -31.180286 11.023003 -19.152347 11.027956 14.233562 -8.696758 5.989295 -17.904889 -29.685681 0.649508 14.454066 114.404091 50.699581 -174.289748 -11.452641 -3.505778 -28.718916 
-73.990196 98.239899 -198.292005 -169.813311 37.068331 174.490433 -1.849789 -2.977857 16.117172 23.203101 -20.651201 8.699971 18.161964 8.475911 -9.848281 -0.000000 0.000000 0.000000 -16.194075 3.082116 -8.002920 50.514246 9.750587 -7.319205 -0.536337 -18.344290 -2.017722 -0.000000 0.000000 0.000000 7.534049 -0.889482 0.641854 -3.150470 -2.261209 -2.854148 7.527280 -1.690423 -2.198145 13.348970 -25.065908 2.709722 -3.005043 -10.870840 8.031103 -0.000000 0.000000 0.000000 5.979781 -2.216101 -1.529151 4.361089 7.369350 -55.796200 20.558923 -31.341244 11.231631 -20.434244 10.748040 13.236391 -8.587417 6.265384 -20.580992 -29.200244 -0.424481 12.295745 113.218492 54.354843 -171.370074 -11.577603 -4.104520 -27.602079 
-71.195799 97.642106 -196.781003 -169.372339 39.030762 174.785278 -2.469752 -4.818727 14.137031 27.209110 -27.130992 8.209008 8.072008 4.223665 -10.923178 -0.000000 0.000000 0.000000 -13.332476 5.236381 -9.054506 47.480741 10.920922 -11.188374 -2.686954 -20.161976 -1.422407 -0.000000 0.000000 0.000000 7.822436 -0.706896 2.237467 -3.867965 -1.813451 -3.617873 7.923174 -1.158531 -2.720919 12.323574 -25.994076 1.157356 -4.260684 -10.348401 6.900056 -0.000000 0.000000 0.000000 4.703848 -1.976183 -1.469575 3.591786 6.035607 -56.728996 19.994323 -31.230723 12.238657 -20.876918 10.784112 11.805174 -8.977288 6.687728 -22.168268 -28.414846 -0.143985 10.453309 110.077490 57.997446 -166.723426 -10.223644 -4.974920 -26.891892 
-68.370098 95.927906 -194.992006 -169.438592 42.092405 175.123509 -2.077359 -6.349766 12.688267 26.271507 -29.816594 7.725152 -0.086950 4.760474 -11.323668 -0.000000 0.000000 0.000000 -12.537986 8.381014 -9.454585 47.112842 13.700415 -14.453105 -2.274101 -20.339917 0.125562 -0.000000 0.000000 0.000000 8.448082 -0.631500 3.380115 -4.542549 -1.015320 -4.246069 7.808170 -0.617937 -3.167335 10.417770 -25.972445 0.721563 -4.952820 -10.051077 6.211527 -0.000000 0.000000 0.000000 3.567362 -1.610963 -1.701324 2.987997 5.039147 -57.291468 18.812454 -30.870447 12.962688 -20.526924 9.729408 12.150216 -9.349686 7.196129 -23.012174 -27.622464 1.191234 10.482360 104.946815 61.236080 -160.585222 -8.255502 -5.286520 -28.290779 
-65.596604 93.087500 -192.983985 -170.746273 47.354402 175.787212 -1.369223 -6.637111 12.028033 24.511767 -25.677314 8.518642 -5.642666 13.513993 -5.964929 -0.000000 0.000000 0.000000 -15.593596 11.461811 -9.133671 49.990447 18.427147 -17.036024 -3.126297 -17.186492 1.807297 -0.000000 0.000000 0.000000 8.452564 -0.803246 4.586150 -5.289018 0.445488 -4.739747 7.823635 0.158429 -3.601988 7.348929 -24.985411 0.727240 -5.240662 -9.265386 5.803024 -0.000000 0.000000 0.000000 2.541373 -1.009919 -1.616535 2.580632 4.813187 -57.940974 17.923589 -29.979007 12.904097 -20.709736 8.362375 14.288072 -9.221186 7.961872 -23.839965 -27.911438 3.394072 12.357916 98.030582 64.030427 -153.292605 -6.716560 -4.818082 -30.853552 
-62.675899 89.433002 -190.619993 -172.874110 53.825980 176.789666 -0.643867 -6.352644 13.911696 27.593340 -21.538404 8.707558 -14.747760 18.593301 -2.281940 -0.000000 0.000000 0.000000 -21.305199 13.890235 -7.507198 54.713102 20.649940 -18.134701 -8.428037 -14.233361 4.236149 -0.000000 0.000000 0.000000 7.936695 -1.121008 4.961115 -5.625114 1.662701 -4.525755 7.934185 0.799350 -3.688377 3.741577 -21.392193 1.525054 -6.219373 -9.185805 4.589421 -0.000000 0.000000 0.000000 2.051383 -0.550597 -0.310840 2.247160 5.225419 -59.567877 16.413233 -27.612979 12.388242 -21.441076 7.849769 14.839759 -9.238920 8.732685 -24.657405 -30.014921 7.252521 15.157088 85.160563 65.834064 -140.451065 -2.833264 -5.052001 -33.661200 
-58.992100 86.120498 -187.480998 -173.728566 58.563614 177.610231 1.478782 -3.583441 18.141958 26.555926 -20.786752 7.204877 -18.921999 18.872410 -3.498175 -0.000000 0.000000 0.000000 -25.704621 14.769760 -5.326122 60.931395 19.724436 -17.047345 -23.058195 -13.494607 2.338645 -0.000000 0.000000 0.000000 8.141073 -2.480046 2.913984 -5.856249 1.950089 -4.234646 8.063245 0.809896 -3.509692 0.347395 -15.463654 3.928190 -5.850840 -11.034458 3.383958 -0.000000 0.000000 0.000000 1.904302 -0.009576 1.619856 2.036005 6.078612 -59.406473 15.477253 -24.042984 10.914973 -22.607261 7.440104 14.220825 -9.832575 8.988409 -24.713882 -32.503861 11.289168 18.849255 71.635085 65.861608 -126.572613 0.374506 -5.156636 -38.439499 
-54.665899 84.422505 -183.562994 -174.230475 59.740819 178.808451 2.087390 -0.564083 22.417759 24.705011 -21.912210 6.855239 -13.223348 16.315978 -9.276333 -0.000000 0.000000 0.000000 -27.123104 13.118236 -2.901153 64.216655 17.670706 -15.342494 -34.580163 -12.799879 -4.118019 -0.000000 0.000000 0.000000 7.251022 -3.653689 -0.248812 -4.759764 0.591138 -4.598552 7.762603 -0.117365 -3.671212 -1.192549 -11.774812 6.490790 -4.753434 -13.151137 4.891661 -0.000000 0.000000 0.000000 1.900414 -0.749705 2.360776 1.432174 7.733527 -56.165872 14.268403 -19.669789 9.245700 -20.817254 8.661010 12.544763 -9.967016 9.225494 -24.530082 -33.272970 11.646406 22.145488 68.994147 65.486133 -123.221369 -3.056389 -4.809578 -38.989310 
-50.458997 84.657109 -179.516995 -176.413828 58.316028 -178.306979 0.362482 -1.776046 24.244272 24.177276 -22.444017 8.327857 -0.311820 12.750076 -15.046428 -0.000000 0.000000 0.000000 -29.338883 12.986605 1.405067 67.991855 16.067918 -14.813104 -34.547110 -14.057708 -7.307545 -0.000000 0.000000 0.000000 5.910207 -4.546166 -3.200126 -3.836537 -0.923396 -4.934829 6.388832 -1.608700 -4.112165 -0.206862 -11.511263 7.988572 -4.129872 -13.743828 7.028153 -0.000000 0.000000 0.000000 2.256928 -1.297983 2.009939 0.401711 8.741677 -52.631696 11.238559 -15.602961 8.607588 -17.483227 9.252270 12.277781 -10.255423 8.785224 -24.525593 -31.065343 10.797818 22.602464 67.706797 63.989809 -120.592324 -3.352899 -4.737367 -37.902485 
-46.554798 86.113602 -175.837004 -175.298349 57.006091 -178.433651 1.423267 -5.097643 23.029083 24.173922 -23.486139 10.945060 11.447053 14.057860 -13.818035 -0.000000 0.000000 0.000000 -28.874037 13.038932 5.106894 67.952782 14.884925 -11.865236 -30.932728 -18.389971 -11.174811 -0.000000 0.000000 0.000000 7.035115 -5.704799 -4.721054 -4.060548 -1.428739 -5.892231 6.189561 -2.893195 -4.203717 -0.008990 -14.056366 8.156285 -3.697206 -11.893349 8.897517 -0.000000 0.000000 0.000000 2.714345 -1.246042 1.879968 -0.320103 9.005543 -50.630234 7.859417 -14.359403 8.676606 -17.480960 10.148748 12.847465 -10.990660 8.802990 -26.358572 -28.667946 9.682421 20.160088 59.992408 62.275903 -112.161967 3.230841 -6.306497 -35.979506 
-43.105701 88.238209 -172.630990 -173.932038 56.953283 -179.415355 2.459984 -7.750637 20.601275 26.221159 -26.077998 12.150429 11.555717 17.051255 -7.715216 -0.000000 0.000000 0.000000 -26.046096 11.411429 7.572671 64.047708 15.035795 -11.424963 -27.602243 -19.526234 -12.094855 -0.000000 0.000000 0.000000 8.159935 -5.707431 -4.777019 -4.940682 -1.537748 -6.922360 6.717196 -3.397949 -4.180554 1.277069 -16.693125 7.992818 -4.288694 -9.927336 9.955454 -0.000000 0.000000 0.000000 2.441807 -1.249740 2.574103 -0.210963 8.249613 -50.151573 8.063157 -13.431922 8.801111 -17.490576 11.408592 11.291804 -11.540713 9.222181 -29.863549 -28.246206 8.869346 17.083594 46.260101 61.744863 -96.920732 3.800346 -8.076040 -32.265898 
-39.663500 91.010398 -169.718003 -173.670632 57.317070 179.409876 1.774633 -8.125688 19.153191 26.853546 -26.557403 10.319469 5.251809 16.514314 -6.101413 -0.000000 0.000000 0.000000 -22.277950 9.768463 10.415219 57.353788 16.749286 -12.023218 -22.808960 -19.771731 -10.333073 -0.000000 0.000000 0.000000 7.692498 -4.938017 -4.240334 -5.960634 -1.558653 -7.424316 7.722894 -3.615605 -3.906207 4.046532 -18.463804 8.869842 -3.397378 -7.978836 10.306247 -0.000000 0.000000 0.000000 1.778128 -0.190166 3.407632 -0.240281 6.940353 -51.113894 7.855799 -12.231841 9.199812 -17.994703 11.653252 10.507968 -12.817164 9.136211 -32.999861 -29.170710 10.972847 14.892691 27.193323 59.239612 -74.404120 1.617364 -8.912133 -28.835147 
-36.361900 94.492805 -166.981995 -172.766152 57.390184 177.087025 1.063612 -7.192835 17.582983 25.318734 -25.285539 7.870409 4.668233 14.380450 -7.742869 -0.000000 0.000000 0.000000 -17.668466 9.253684 12.648707 47.756195 18.307344 -10.436943 -13.255488 -19.498069 -6.152452 -0.000000 0.000000 0.000000 7.442735 -4.799322 -3.466761 -6.526047 -1.435562 -7.741181 8.074287 -3.656594 -3.420798 8.194548 -20.046861 11.063194 -2.273339 -5.367142 11.128864 -0.000000 0.000000 0.000000 1.420865 1.409209 4.106830 -0.348794 5.548837 -52.856932 6.755979 -11.259360 9.567044 -18.582350 10.324316 10.717386 -14.449217 9.287559 -35.808693 -30.425389 14.751634 14.130416 10.769633 49.651043 -52.864539 4.424110 -9.229556 -27.181484 
-33.357200 98.336303 -164.343989 -171.201082 57.581972 174.320511 0.776760 -6.204042 14.719698 23.720058 -23.855188 6.537188 6.904788 13.472679 -8.996555 -0.000000 0.000000 0.000000 -12.810904 8.200399 12.668589 36.544530 19.353964 -7.066639 0.899891 -15.355861 1.962963 -0.000000 0.000000 0.000000 7.918783 -4.846697 -2.943303 -7.265403 -1.260937 -8.086048 8.641224 -3.616916 -2.886593 12.309037 -21.347652 14.043986 -0.948223 -3.220338 12.194889 -0.000000 0.000000 0.000000 1.069545 3.175801 4.630783 0.085199 3.182805 -54.773411 6.183353 -10.392103 9.659280 -19.383651 8.975907 10.847748 -16.059161 9.249530 -38.133101 -31.200708 19.067020 13.551571 1.188164 36.285856 -37.151605 5.315404 -9.520795 -24.610698 
-30.607599 101.840198 -161.731005 -170.240319 58.175346 172.236237 0.139046 -5.744893 11.160141 22.959256 -22.741368 6.023580 7.986489 13.975237 -8.547621 -0.000000 0.000000 0.000000 -8.813749 5.343913 10.885622 25.734281 18.627110 -3.267370 15.237476 -5.302832 12.204986 -0.000000 0.000000 0.000000 8.265053 -4.180776 -2.398111 -8.116485 -1.400869 -8.469447 9.497221 -3.614141 -2.434015 15.801674 -22.101012 16.538231 -0.503473 -1.979573 12.985225 -0.000000 0.000000 0.000000 0.953713 4.384016 5.553424 0.916546 0.423114 -57.168751 6.429736 -9.585198 9.424328 -20.416747 8.377754 9.897659 -17.585507 8.986079 -40.499397 -32.063862 22.524739 13.449124 -3.832911 23.809227 -25.500305 2.650195 -9.966149 -20.989489 
-27.996498 104.286194 -159.047997 -169.709327 60.003891 170.197276 -0.666495 -5.374178 8.593486 22.167591 -21.052279 5.378868 8.637805 14.567972 -9.858034 -0.000000 0.000000 0.000000 -6.619315 2.783171 9.721822 19.719248 18.324730 -2.318201 18.545277 5.458703 20.155568 -0.000000 0.000000 0.000000 8.281132 -2.817212 -1.349762 -8.587467 -1.360440 -8.475649 9.955105 -3.207222 -2.233198 17.781236 -21.413653 17.774387 -1.243897 -2.735980 13.131403 -0.000000 0.000000 0.000000 0.584503 5.274575 7.274807 1.918048 -1.756611 -60.178077 7.961700 -9.265904 9.062607 -22.992926 8.586857 7.962636 -18.902395 8.484718 -42.786935 -33.383114 24.366420 14.599232 -5.220178 15.422963 -18.710198 -1.489950 -11.510114 -19.830001 
-25.398299 105.402195 -156.367004 -169.312561 62.151820 168.377959 -1.595378 -6.216019 6.620687 21.671947 -20.752454 4.814546 8.021608 14.408250 -9.303032 -0.000000 0.000000 0.000000 -6.612441 3.013598 9.330697 20.533845 17.969416 -3.455835 15.810168 1.150151 18.084199 -0.000000 0.000000 0.000000 7.885253 -2.163135 -0.185429 -9.247819 -0.482050 -8.138797 10.607251 -2.692963 -2.070059 18.733628 -22.071145 17.468977 -1.320341 -2.304733 12.667710 -0.000000 0.000000 0.000000 0.648275 6.275571 8.422513 2.311205 -2.471253 -62.806968 9.399618 -9.908499 8.927024 -26.153642 9.299604 8.040720 -19.268164 8.509834 -44.187875 -33.986830 24.986183 16.250186 -6.907219 12.618310 -17.798754 -2.485796 -13.901850 -20.452496 
-22.836499 105.423200 -153.803992 -168.038279 63.637047 165.931931 -2.056686 -7.869246 4.902146 21.115543 -22.608032 5.296579 6.986730 13.707483 -8.104929 -0.000000 0.000000 0.000000 -6.601075 3.901423 7.751626 23.073319 16.302217 -4.851579 13.318727 -4.141186 15.425977 -0.000000 0.000000 0.000000 8.041065 -1.752457 0.971646 -9.660814 0.224110 -7.561251 11.128504 -2.062643 -1.937878 18.379244 -22.811306 16.739248 -0.670938 -2.423266 11.725443 -0.000000 0.000000 0.000000 0.820509 6.770231 7.808816 2.638472 -2.391162 -64.177927 9.481446 -11.271409 9.323025 -26.724483 9.215092 9.069155 -18.756567 8.498780 -42.933255 -33.590017 24.460020 15.607581 -7.953079 16.381285 -19.909121 -0.742397 -14.263127 -22.875115 
-20.345500 104.349196 -151.328993 -167.043136 64.435985 163.584301 -2.916694 -9.064531 3.962447 20.752762 -24.848752 6.370178 7.810072 12.849440 -7.923659 -0.000000 0.000000 0.000000 -6.492379 4.075229 4.965117 25.247530 15.863649 -5.475875 9.827570 -5.116740 12.762627 -0.000000 0.000000 0.000000 8.416971 -1.179527 2.342271 -9.616742 0.442515 -6.802903 11.086119 -1.504823 -1.767988 16.978392 -23.121800 15.887160 -0.390270 -3.601282 10.935948 -0.000000 0.000000 0.000000 1.147633 6.809501 6.230907 3.131947 -1.828799 -64.704405 9.805390 -13.221454 9.811470 -26.491604 8.584003 9.293302 -17.236472 8.160602 -40.303724 -32.977608 22.737925 12.986550 -6.448391 23.256342 -23.391763 -0.035273 -10.579955 -25.059515 
-17.870700 102.129197 -148.904991 -167.036113 64.743836 162.076480 -4.679143 -10.325205 3.506814 22.138704 -26.817724 7.473434 7.616793 12.931857 -6.417521 -0.000000 0.000000 0.000000 -6.640312 3.776404 1.616153 27.055044 16.239602 -5.950471 6.049138 -7.285152 10.404427 -0.000000 0.000000 0.000000 8.276597 -0.347076 3.707778 -9.333027 0.268905 -5.744912 10.909107 -1.239638 -1.525882 15.410949 -23.801371 14.785944 -0.874041 -4.529462 10.233753 -0.000000 0.000000 0.000000 1.902107 6.364148 5.273631 3.192847 -1.102016 -65.629163 11.549835 -14.619951 9.779135 -27.410013 8.493779 9.499961 -15.830574 7.850010 -38.301238 -32.678240 20.482782 11.726243 -3.477287 30.986281 -29.412619 0.551237 -7.768176 -25.891747 
-15.289500 98.794705 -146.492004 -166.431902 65.100602 159.834459 -6.526519 -10.970253 3.961211 28.616086 -24.023525 8.958210 -6.206762 20.118584 0.424383 -0.000000 0.000000 0.000000 -6.451484 3.787612 -1.898647 28.518471 16.748276 -6.513041 0.949398 -12.059747 7.979246 -0.000000 0.000000 0.000000 8.446908 0.510469 5.327400 -9.857661 -0.061040 -4.676661 11.197397 -1.135597 -1.087085 13.753640 -24.625115 13.521584 -1.955282 -4.562745 9.212289 -0.000000 0.000000 0.000000 2.983592 5.884346 5.276833 3.061106 0.744064 -67.233135 14.758642 -15.928653 9.267934 -28.947135 9.112299 10.195150 -15.182986 7.383194 -37.049225 -32.917099 18.894591 12.730306 0.276514 38.992542 -36.395452 3.571038 -8.884055 -32.109537 
-12.723799 94.861603 -143.945003 -164.089041 65.497611 156.532160 -7.942038 -10.434816 5.617511 38.868729 -21.271000 11.446621 -20.367495 19.043823 6.666068 -0.000000 0.000000 0.000000 -5.707436 3.246789 -6.174204 29.201179 15.969655 -7.737418 -2.880459 -15.842005 5.744914 -0.000000 0.000000 0.000000 9.730804 1.249723 6.267977 -10.453924 -0.535864 -3.840486 11.239494 -1.104970 -0.615074 11.508832 -24.865040 12.848401 -2.175812 -4.296456 8.241358 -0.000000 0.000000 0.000000 4.031999 5.311648 4.879173 2.838434 2.921316 -68.466699 16.688642 -16.382518 9.195234 -29.062472 9.086041 10.690012 -14.624012 7.308650 -35.600543 -33.508517 17.391806 14.172381 4.295803 47.106076 -44.831242 5.215693 -9.317175 -34.164030 
-10.340399 91.083503 -140.916002 -163.858520 65.866224 156.526612 -10.882974 -9.573588 6.680617 48.298377 -21.005196 14.433971 -29.123468 17.557756 9.195014 -0.000000 0.000000 0.000000 -6.394159 2.550430 -11.418632 29.117065 14.101569 -9.031734 -3.425719 -18.271074 4.991694 -0.000000 0.000000 0.000000 10.221991 1.279949 5.401768 -10.746223 -1.141138 -3.375011 11.053257 -1.202416 -0.370655 10.155813 -24.090367 13.657970 -1.925685 -4.517820 8.162974 -0.000000 0.000000 0.000000 4.987843 4.864464 3.709357 2.137785 4.528910 -68.086242 18.250519 -15.688929 9.061876 -28.270738 8.240482 12.155544 -14.275750 6.734735 -33.442165 -33.639002 16.577797 16.791535 11.246163 53.295076 -55.518235 4.626083 -6.842748 -37.755461 
-7.440270 88.617808 -137.126005 -164.363231 66.953665 158.265880 -11.667461 -9.701795 7.723456 52.386882 -21.127134 15.525631 -33.235584 18.677914 10.818312 -0.000000 0.000000 0.000000 -7.671497 2.535197 -15.841396 28.582954 12.929213 -10.654009 -3.510388 -19.941853 4.390674 -0.000000 0.000000 0.000000 8.284750 1.628990 3.389404 -9.500402 -1.705225 -3.634979 10.433284 -1.424966 -1.076934 11.354578 -22.589291 15.236248 -0.939280 -5.644346 8.838687 -0.000000 0.000000 0.000000 5.570037 4.741987 2.042938 0.946281 5.836715 -65.082144 18.976486 -14.100597 7.703422 -25.855324 7.561853 14.153105 -13.488656 5.593656 -30.545105 -32.823494 16.387608 20.520387 21.380059 57.254857 -67.541258 4.723318 -4.448322 -45.846761 
-4.128210 87.599206 -132.548988 -161.713021 69.828964 156.462942 -8.783556 -9.117689 11.299242 50.620188 -20.315807 14.816310 -32.763390 19.389288 8.837949 -0.000000 0.000000 0.000000 -8.866401 4.574188 -16.687791 29.539905 14.860964 -12.837157 -2.814853 -19.765569 3.752276 -0.000000 0.000000 0.000000 6.681135 1.954464 2.801206 -7.876312 -0.617188 -4.301873 8.847646 -0.759357 -2.206415 12.582126 -22.135465 14.612909 0.253947 -6.536728 9.025560 -0.000000 0.000000 0.000000 5.589497 4.619233 0.382672 0.467804 7.595970 -62.169587 17.500867 -13.327268 7.581853 -22.794231 7.698320 13.845903 -11.933109 5.731575 -27.979169 -31.650557 15.463149 21.202295 32.999036 60.811504 -79.317637 2.977394 -1.206436 -46.817042 
-0.578112 87.663907 -127.223992 -159.023403 72.181390 154.417533 -4.270955 -7.553707 16.485709 44.388408 -21.054407 13.007701 -27.829926 19.946150 4.882684 -0.000000 0.000000 0.000000 -9.505790 7.272801 -15.151862 32.183047 19.308815 -13.818257 0.341432 -17.408916 4.816881 -0.000000 0.000000 0.000000 5.099250 1.100936 2.333885 -6.924292 0.749130 -4.926818 8.520528 0.041746 -2.887091 11.472538 -21.926824 12.024730 0.541412 -6.477429 8.392917 -0.000000 0.000000 0.000000 5.065866 5.097439 -0.009296 0.354146 9.015971 -60.984557 14.960570 -13.593013 7.921212 -21.809879 7.837243 14.274946 -11.090138 6.002607 -27.263736 -31.398154 15.062783 20.017358 40.817520 61.852027 -86.488274 4.233345 -0.968813 -43.578514 
3.109590 88.474405 -121.021998 -160.196982 71.431645 156.430187 -1.198405 -5.234028 22.646528 36.006070 -23.840866 11.473850 -16.785264 17.527878 -3.806093 -0.000000 0.000000 0.000000 -9.204447 7.046616 -13.228499 34.152317 19.486088 -12.337222 -2.663692 -18.142192 5.306826 -0.000000 0.000000 0.000000 4.092471 -0.290585 0.441618 -6.492979 0.801371 -5.711990 8.818539 -0.135882 -2.923561 9.249922 -20.667240 9.862348 0.126353 -7.057402 8.346611 -0.000000 0.000000 0.000000 4.996518 5.023528 1.378553 -0.735008 9.901112 -60.166568 13.646134 -13.139562 7.326326 -22.723858 7.286731 14.686475 -10.647384 6.052448 -28.417440 -32.323302 13.724878 18.278114 42.235299 62.376482 -87.261502 4.126605 0.423297 -43.655742 
6.852900 89.758003 -114.189005 -163.012140 67.836178 160.581972 -0.402650 -3.295833 27.488309 27.125131 -26.705195 11.408309 0.087726 10.857181 -13.800234 -0.000000 0.000000 0.000000 -7.772922 3.501205 -11.954168 34.738426 15.560892 -9.800290 -8.014596 -18.823976 5.178167 -0.000000 0.000000 0.000000 4.126740 -1.168913 -2.534244 -5.616258 -0.626671 -7.056453 8.145355 -1.309774 -3.064061 8.055662 -19.109635 8.777959 -0.682573 -8.654045 9.412741 -0.000000 0.000000 0.000000 4.975090 3.965752 3.799541 -2.024449 10.149386 -58.137326 13.720777 -11.977620 7.044067 -23.931869 8.205854 12.054095 -10.864362 6.234006 -31.024873 -33.846336 11.322741 17.692051 37.605654 61.882428 -82.938426 2.824139 0.318973 -41.061338 
10.394000 91.517204 -107.553995 -166.320980 64.207515 165.869027 -1.027925 -3.754702 26.736317 20.896209 -27.403016 13.533001 18.190028 8.450055 -16.099056 -0.000000 0.000000 0.000000 -5.989689 -0.290739 -11.187944 33.166449 13.434412 -7.502469 -13.171047 -16.794706 2.928598 -0.000000 0.000000 0.000000 3.367005 -0.995353 -5.061967 -4.265580 -2.289315 -9.186513 7.020496 -2.609615 -4.371288 8.526969 -18.566452 8.557361 -1.268857 -10.014716 10.787622 -0.000000 0.000000 0.000000 4.130425 2.544949 4.726181 -2.546304 8.751459 -53.574495 14.058804 -10.398455 7.695863 -22.649878 9.954340 10.721442 -11.181164 6.549161 -33.262008 -34.379643 9.557901 16.848907 28.966688 61.651447 -75.605032 -2.269861 -0.199149 -37.814652 
13.467100 93.959701 -102.003992 -169.419851 64.693945 169.738726 -0.569465 -5.883794 23.243758 20.445057 -26.232475 13.822709 19.564782 14.246771 -8.145600 -0.000000 0.000000 0.000000 -6.040075 -0.065384 -7.745819 30.916489 14.460130 -6.584919 -12.147758 -19.678632 0.304676 -0.000000 0.000000 0.000000 0.589634 -0.361848 -5.161930 -3.278039 -1.522036 -10.845379 6.123067 -2.435650 -6.173791 10.645544 -21.024224 8.698373 -0.983660 -8.066793 11.147376 -0.000000 0.000000 0.000000 3.035812 2.612882 2.994933 -2.826638 6.644347 -49.602866 13.568311 -9.674102 8.945266 -19.041319 9.318812 15.102902 -11.023646 7.023542 -34.459655 -33.282505 9.828378 15.059901 19.403527 60.136018 -68.314623 -4.328718 -0.670771 -36.845570 
16.305599 97.077602 -97.017598 -168.309658 67.430161 167.672265 1.489002 -7.366583 20.731721 20.856045 -21.408709 10.045543 17.109442 15.727043 -7.949985 -0.000000 0.000000 0.000000 -4.718481 2.943311 -2.478424 26.965359 14.184872 -5.692874 -4.653591 -20.551725 2.244754 -0.000000 0.000000 0.000000 -0.222250 0.295324 -3.917357 -3.322077 0.310142 -11.184431 5.499517 -1.190840 -6.844517 12.738737 -22.710779 9.492497 -0.520683 -6.576396 10.916861 -0.000000 0.000000 0.000000 1.692940 3.771133 1.991057 -2.326084 5.004628 -49.776712 11.272377 -10.734625 10.506112 -15.344929 7.555725 16.440579 -11.841531 7.142920 -35.195706 -32.556578 11.521046 13.588727 12.128433 56.062023 -61.484707 -1.795195 -1.416782 -36.079043 
18.708000 100.379205 -92.393798 -165.910020 69.852237 164.315704 2.474420 -7.539082 17.195859 21.435417 -19.997799 5.887770 14.604070 12.548528 -9.825139 -0.000000 0.000000 0.000000 -3.629819 2.729996 -0.165144 21.937629 13.036339 -3.567498 6.828239 -14.293051 9.227471 -0.000000 0.000000 0.000000 -0.360215 0.929489 -3.538232 -3.825013 0.902266 -10.845639 6.042843 -0.582869 -6.384644 13.439326 -22.196418 10.626569 -1.192900 -6.150829 10.642596 -0.000000 0.000000 0.000000 0.928768 5.256427 2.620897 -1.011944 3.252882 -52.870733 9.374964 -12.248975 10.297799 -16.746723 6.423969 14.525644 -13.446899 6.424863 -35.994972 -33.393521 14.484768 13.139445 4.438280 51.396928 -52.278250 -1.946182 -1.816959 -34.896101 
20.841700 103.110194 -88.047796 -163.368632 71.303247 160.284460 2.637337 -6.431939 13.223966 21.680572 -22.627786 5.013374 11.449339 8.554906 -11.544268 -0.000000 0.000000 0.000000 -3.096081 -0.238047 1.217715 18.064717 11.927251 -1.921665 17.601418 -3.208082 16.197022 -0.000000 0.000000 0.000000 -0.211798 1.250079 -2.790143 -4.289767 0.322069 -10.248313 6.810149 -0.722883 -5.421753 14.072872 -21.276438 11.830416 -3.157793 -5.842004 10.541593 -0.000000 0.000000 0.000000 0.716392 5.929605 3.918895 0.851647 1.547230 -57.283902 9.984544 -12.730753 9.840366 -19.566242 6.841539 10.642025 -15.421722 6.050514 -37.806311 -35.185179 17.275412 13.540253 -1.898820 43.963154 -41.950594 -4.014095 -3.747777 -30.127343 
22.760700 104.641199 -83.767796 -163.204601 72.728848 158.402486 1.567322 -5.333720 9.555095 21.358778 -25.576738 5.629306 9.280065 6.496788 -11.340171 -0.000000 0.000000 0.000000 -4.016051 -1.994173 2.838371 17.354603 14.055872 -2.147344 20.650989 5.808454 19.298297 -0.000000 0.000000 0.000000 -0.291614 0.929021 -1.855975 -5.297598 -0.050320 -9.450205 7.673511 -1.061976 -4.352147 14.232595 -21.126422 13.030605 -4.550295 -5.467682 10.515148 -0.000000 0.000000 0.000000 0.606811 6.477617 5.391710 2.259076 -0.575437 -62.227464 11.035909 -12.100948 9.970428 -22.963852 7.513846 7.742523 -17.043686 5.934068 -40.206124 -36.241002 19.491554 13.284886 -4.745902 33.856735 -32.931709 -6.365129 -5.949543 -21.998863 
24.545999 104.946196 -79.587400 -163.235467 73.182590 156.927228 0.640702 -6.183589 6.457747 20.089850 -26.552733 5.625892 7.856499 7.245229 -9.417769 -0.000000 0.000000 0.000000 -5.067907 -0.573078 4.205202 19.404800 14.788615 -2.765029 18.020973 0.666636 16.906315 -0.000000 0.000000 0.000000 0.408986 -0.201902 -0.770304 -6.793320 0.314635 -8.790579 9.026205 -1.586941 -3.376131 14.079200 -23.425277 14.080677 -4.215621 -3.451077 10.897783 -0.000000 0.000000 0.000000 0.859306 6.603438 6.149689 2.240145 -2.534039 -66.526245 10.528019 -11.563463 10.504822 -26.566967 8.359125 7.578031 -17.386658 6.554081 -42.723612 -35.079195 19.748793 12.378425 -7.196885 26.531021 -27.329149 -10.094382 -9.065194 -12.216167 
26.312700 104.170203 -75.525701 -162.791057 72.162976 155.059993 0.186415 -8.701336 4.260188 18.267299 -26.081132 5.072942 7.404869 8.894837 -9.336763 -0.000000 0.000000 0.000000 -4.944182 1.712754 4.303976 21.080221 11.042816 -2.966748 14.494054 -7.284544 14.955661 -0.000000 0.000000 0.000000 2.089438 -1.091501 0.294524 -7.905881 0.160668 -8.001453 9.988840 -2.191876 -2.564727 14.017867 -24.956505 15.422502 -3.786018 -2.809079 11.016342 -0.000000 0.000000 0.000000 1.168779 6.275609 6.129265 1.293224 -4.348519 -69.534476 9.785281 -11.353132 10.689700 -28.227584 8.502576 8.433182 -17.766145 6.999839 -43.540324 -33.913288 19.911658 13.045597 -10.743010 23.929363 -25.480548 -12.912569 -10.718375 -12.781538 
28.000498 102.292204 -71.552300 -163.625450 70.956435 154.533990 -1.340594 -10.883527 2.604562 18.343614 -24.837743 4.467386 5.131167 12.120099 -4.037670 -0.000000 0.000000 0.000000 -4.766534 2.423602 2.635976 22.411727 9.314883 -2.962402 11.360234 -11.500447 12.413883 -0.000000 0.000000 0.000000 3.279921 -0.992736 1.194175 -8.626218 -0.507680 -6.960710 10.818170 -2.564813 -1.815140 14.033662 -26.272294 16.471049 -3.147000 -2.969989 11.442631 -0.000000 0.000000 0.000000 1.462178 4.972318 5.720487 0.129309 -5.626026 -71.368040 10.195154 -12.151183 10.110165 -29.366107 8.880031 9.355925 -17.223948 7.303540 -42.948612 -33.622094 18.824823 14.067692 -12.799198 26.074241 -27.814130 -12.901610 -11.453525 -15.637916 
29.696101 99.392605 -67.544997 -164.540061 69.919754 153.841663 -4.121292 -10.896700 2.106745 24.940026 -18.797484 5.631021 -7.807385 20.902823 5.120699 -0.000000 0.000000 0.000000 -4.317153 2.059150 0.414145 23.218262 10.442026 -3.556121 8.016355 -14.199648 10.670156 -0.000000 0.000000 0.000000 4.321449 -0.221068 2.264982 -9.555525 -1.107028 -5.708317 11.730158 -2.620993 -0.917729 13.857331 -28.116740 17.066644 -2.233863 -3.123120 11.765840 -0.000000 0.000000 0.000000 1.946769 3.131700 5.164347 -1.145473 -5.919729 -72.411686 12.821759 -14.158955 9.557070 -30.909497 9.483544 10.222974 -16.285322 7.367650 -41.335516 -33.185350 16.606639 14.288554 -11.848307 32.070556 -31.651576 -13.458562 -11.315399 -16.804678 
31.431800 96.002799 -63.411498 -164.462567 68.537097 152.458278 -7.447756 -9.190739 4.079891 35.652332 -15.490400 8.557675 -20.506575 19.077718 10.754476 -0.000000 0.000000 0.000000 -2.977902 0.614182 -2.190600 23.361076 11.900231 -5.078810 3.107100 -15.957142 8.225901 -0.000000 0.000000 0.000000 6.054752 0.683457 2.912738 -10.265489 -1.929199 -4.496231 11.617762 -2.686314 -0.043547 13.990638 -28.833890 17.545365 -1.629487 -4.075294 11.845388 -0.000000 0.000000 0.000000 2.676070 1.884902 4.424082 -1.963466 -5.464438 -72.562751 16.916738 -17.141396 9.973682 -31.423199 9.279926 11.245426 -15.283918 6.933854 -38.836965 -32.929026 14.446501 15.115150 -8.050046 40.152468 -36.240454 -10.430639 -10.044357 -22.475298 
32.858297 92.631203 -58.962101 -167.677482 67.216973 155.416582 -13.299469 -9.645586 5.182803 47.729746 -17.458901 13.036999 -27.170932 17.562925 11.729316 -0.000000 0.000000 0.000000 -3.191358 -0.181189 -6.076447 23.135303 12.528658 -6.131849 1.246665 -18.144393 6.935354 -0.000000 0.000000 0.000000 6.419446 1.074390 1.748819 -9.952886 -3.125720 -3.146014 11.192382 -2.942965 0.554207 13.683294 -28.829878 18.449839 -1.448091 -5.298958 12.226937 -0.000000 0.000000 0.000000 3.434049 1.187011 2.909207 -2.331244 -5.012372 -71.084540 20.758100 -20.889653 11.752551 -31.290387 9.137351 12.888397 -14.706299 6.100623 -35.358770 -31.865224 12.722612 16.762758 -0.908790 48.935373 -45.869436 -9.012455 -10.452006 -23.163873 
34.666598 90.229905 -54.095197 -168.590405 66.992852 157.449861 -15.189600 -11.978330 5.600453 53.218909 -18.123446 14.207033 -31.473443 20.283708 14.188668 -0.000000 0.000000 0.000000 -2.937190 0.709964 -10.254314 22.641564 12.185254 -7.089590 -1.431131 -20.535129 5.846923 -0.000000 0.000000 0.000000 5.848911 1.610132 -0.411044 -8.746808 -4.051849 -2.459485 10.892213 -3.157615 0.313140 13.562078 -27.619330 19.214913 0.163339 -7.161125 12.310200 -0.000000 0.000000 0.000000 4.220666 0.920904 1.009924 -1.966120 -4.530781 -67.443345 22.442185 -23.737524 12.376409 -29.367418 7.419956 15.458174 -14.020306 5.070334 -31.022822 -29.477800 12.215605 18.936191 10.188388 56.894592 -59.065594 -9.552899 -8.828087 -26.320594 
36.748698 89.038604 -48.583099 -166.691023 69.188440 156.222857 -14.003697 -12.941739 8.843530 53.482111 -16.003873 14.447941 -31.560805 20.567712 11.795050 -0.000000 0.000000 0.000000 -3.890877 2.077067 -12.054203 22.779911 12.159482 -8.741712 -1.337282 -21.870232 5.315210 -0.000000 0.000000 0.000000 5.353469 2.257687 -1.278832 -7.458059 -3.502683 -2.314174 9.750430 -2.650899 -0.223228 13.650813 -26.461707 18.556257 1.146803 -8.375894 12.105615 -0.000000 0.000000 0.000000 4.835054 1.288301 -0.587094 -1.222440 -2.681160 -63.938685 22.771442 -24.898853 12.648682 -25.269312 6.623875 15.733761 -12.756836 4.708858 -27.235151 -27.578998 12.084470 19.297103 25.946683 61.040220 -74.412926 -4.714293 -7.529815 -28.424210 
38.940600 88.704902 -42.589200 -163.430514 71.989899 153.831926 -10.571539 -12.540068 13.092381 49.891466 -15.998647 14.206002 -29.011609 22.252031 9.303668 -0.000000 0.000000 0.000000 -5.648264 3.653048 -12.509625 24.442424 13.893756 -9.955947 0.864558 -22.385564 5.459478 -0.000000 0.000000 0.000000 4.766513 2.291106 -1.591703 -6.347178 -2.283623 -2.818292 9.249460 -2.010802 -0.790257 12.435331 -25.845182 16.460122 0.881206 -8.435047 11.699348 -0.000000 0.000000 0.000000 5.369310 1.755041 -0.793268 -0.689054 0.012934 -61.902964 21.801118 -24.720396 12.265406 -23.820718 5.971572 16.716870 -11.754043 5.038976 -26.246682 -26.925997 11.727293 19.082907 38.406363 61.895543 -86.199973 -0.208576 -6.648238 -30.017129 
41.156501 88.993305 -35.909501 -162.174471 73.246749 153.531250 -7.171410 -10.101225 18.640246 43.342047 -18.964569 14.403679 -22.489054 22.287714 3.919589 -0.000000 0.000000 0.000000 -7.335268 4.502994 -11.964443 28.056957 16.738823 -9.892935 0.592908 -20.542438 5.072169 -0.000000 0.000000 0.000000 4.319750 1.368826 -2.188069 -5.239961 -1.613338 -3.717344 8.851976 -1.642141 -1.351888 10.601542 -24.503623 14.124412 -0.004433 -8.725330 11.402537 -0.000000 0.000000 0.000000 5.506270 1.792433 -0.315765 -0.155144 2.945839 -59.883330 19.694048 -23.506989 11.225147 -23.685731 6.203276 16.996734 -11.004937 5.725851 -26.842999 -28.151714 11.002138 18.197005 45.481225 63.378377 -93.327981 -0.840734 -5.634963 -31.057409 
43.414396 89.598304 -28.613099 -163.049785 72.090849 155.578008 -4.950928 -7.120428 24.735495 34.506681 -22.467965 13.909126 -10.867543 18.931620 -5.402823 -0.000000 0.000000 0.000000 -8.035938 2.984795 -11.227988 31.510488 16.145117 -8.375551 -2.716775 -18.805710 6.520196 -0.000000 0.000000 0.000000 5.175777 0.280159 -3.407563 -4.954037 -1.762610 -4.945833 8.448778 -1.748211 -1.920959 8.823700 -22.598313 12.323358 0.059058 -10.325796 11.294320 -0.000000 0.000000 0.000000 5.189248 1.923513 0.794645 -0.481589 5.448388 -57.196350 17.948772 -21.007147 9.781005 -23.282316 6.349984 16.121845 -11.013050 6.071513 -28.030607 -30.182271 9.987464 16.747618 47.951837 63.971483 -95.782286 -0.362307 -4.801312 -32.721253 
45.771399 90.386707 -20.779100 -164.541510 68.941513 158.842223 -4.029429 -5.420474 29.276973 24.748918 -25.408728 12.767872 5.427664 13.167339 -14.100452 -0.000000 0.000000 0.000000 -7.517056 0.028448 -10.508337 33.465519 13.685878 -5.801593 -9.595596 -17.882870 6.485354 -0.000000 0.000000 0.000000 6.525210 -0.268528 -5.667858 -3.845817 -2.670303 -6.509876 7.292643 -2.395339 -2.624091 8.630412 -20.590444 11.636054 -0.330174 -12.539169 12.270757 -0.000000 0.000000 0.000000 4.746901 1.613053 2.910858 -1.398556 6.943044 -53.666015 16.648459 -18.201177 8.561422 -22.757384 6.858928 15.020392 -11.154746 6.212063 -30.329258 -31.935290 8.060817 15.644617 42.658541 62.542479 -89.966691 2.060732 -4.171660 -34.764035 
47.941101 91.215700 -13.110399 -166.747526 66.004686 163.512298 -4.745494 -5.206482 29.570109 17.346754 -26.344069 12.148151 20.981539 10.573309 -15.042950 -0.000000 0.000000 0.000000 -8.588083 -2.866056 -9.914716 36.356109 12.373588 -2.942202 -16.847834 -16.742778 1.386678 -0.000000 0.000000 0.000000 6.906737 -0.349115 -7.521395 -2.777108 -3.116273 -8.827714 6.500444 -3.090745 -4.036534 9.521030 -19.872758 11.257916 -0.099514 -13.334906 13.552178 -0.000000 0.000000 0.000000 3.792230 0.963169 4.407750 -1.827784 7.061924 -48.455411 16.739200 -16.356789 8.424912 -21.045256 8.399928 13.177472 -10.676653 6.634164 -33.368395 -32.911464 5.901089 13.992251 30.869946 60.614022 -77.601695 0.086044 -3.705677 -33.082335 
49.700400 92.674106 -6.437910 -167.567258 65.964669 165.742409 -5.232570 -5.214519 27.502182 18.909167 -29.133505 12.884127 18.306482 10.921563 -9.148325 -0.000000 0.000000 0.000000 -9.801055 -4.110083 -7.026632 36.905457 11.937337 -1.926485 -19.071090 -17.688050 -2.249412 -0.000000 0.000000 0.000000 6.522969 -0.442580 -7.569477 -2.713728 -2.130206 -11.037662 5.940378 -2.888525 -5.587884 11.987006 -20.439457 11.955089 0.713217 -11.194299 13.863864 -0.000000 0.000000 0.000000 2.397348 1.717526 3.609290 -1.893918 6.618262 -44.084112 16.340032 -15.200877 10.033469 -18.409464 8.537083 13.933724 -10.758076 7.349019 -35.763075 -32.944341 6.413199 12.831485 16.201026 55.476593 -61.400437 -1.290743 -4.077792 -30.401079 
51.304901 95.398706 -0.485150 -165.518243 68.549061 163.538390 -3.129340 -6.432864 24.594284 23.143324 -27.321620 11.997903 16.451612 12.374510 -9.476905 -0.000000 0.000000 0.000000 -8.086376 -2.284192 -1.234548 32.370693 11.524252 -2.753440 -13.876633 -18.414548 -1.806642 -0.000000 0.000000 0.000000 5.732960 0.107143 -7.136518 -2.410875 -0.515144 -12.017476 5.437323 -1.914270 -6.461926 15.427780 -20.643999 13.808801 1.742950 -8.485646 13.983676 -0.000000 0.000000 0.000000 1.074709 3.179139 2.658722 -1.041141 5.193970 -42.858873 14.316654 -14.007289 11.810690 -15.549549 7.737631 14.873266 -11.943700 7.984297 -37.188318 -32.200163 9.248556 13.296807 4.787464 47.443932 -48.561733 -4.517108 -5.543848 -26.062830 
52.672696 98.823702 4.921520 -163.494812 70.130012 160.786846 -0.996375 -8.787393 20.592543 26.482760 -26.772485 9.896744 14.463776 12.995650 -9.742462 -0.000000 0.000000 0.000000 -5.567529 -0.816103 3.001575 25.159628 11.015295 -1.515709 -2.738021 -18.309669 2.677147 -0.000000 0.000000 0.000000 4.868238 0.559124 -7.229014 -2.693752 0.265951 -12.049042 6.488159 -1.682728 -6.032963 18.052124 -20.841201 15.357606 2.181870 -5.632236 14.046465 -0.000000 0.000000 0.000000 0.707421 4.506253 3.269025 -0.136217 3.368506 -45.058241 11.382326 -12.796019 11.430874 -16.136452 7.568168 13.541121 -13.409771 8.220631 -38.803910 -31.571200 12.753535 14.023013 -3.921774 37.622968 -37.652397 -8.249590 -7.566230 -20.716961 
53.813797 102.148199 9.846110 -162.089187 71.403589 158.330793 -0.056129 -8.768036 15.997896 27.305238 -26.636483 8.547225 13.094836 11.199067 -9.876790 -0.000000 0.000000 0.000000 -4.391288 -2.152316 4.725813 19.102778 8.651472 0.780651 12.187091 -11.470781 11.026723 -0.000000 0.000000 0.000000 4.131028 0.766412 -7.007367 -3.072610 0.142793 -11.668683 7.487227 -1.885075 -5.311620 19.321685 -20.222173 16.638665 1.293829 -3.352277 13.865456 -0.000000 0.000000 0.000000 0.650028 5.686669 4.013729 1.432881 1.644522 -48.150940 9.624085 -11.753794 10.403598 -17.955819 8.407556 8.919641 -15.322769 7.802180 -40.222151 -31.516362 16.437417 14.831816 -7.868501 27.827360 -29.646614 -11.288970 -11.124107 -10.723025 
54.662800 104.612195 14.548001 -158.800351 74.259575 154.032156 0.262021 -5.785888 11.457359 26.347377 -24.604927 6.678521 13.305992 9.691295 -10.728372 -0.000000 0.000000 0.000000 -5.247908 -4.185397 5.273378 17.190734 6.756714 1.452624 21.144316 -0.438892 18.353222 -0.000000 0.000000 0.000000 4.028036 0.565268 -6.010594 -3.493593 0.104994 -11.264437 7.357519 -1.860315 -4.815275 18.682955 -19.027293 17.121307 -0.590513 -1.936759 13.185055 -0.000000 0.000000 0.000000 0.965579 6.521928 4.481711 3.635682 0.932645 -51.792254 10.078486 -11.544585 10.160960 -18.630003 8.283968 5.866768 -16.950834 7.378603 -41.269751 -31.990249 18.778716 16.156874 -8.998360 22.778498 -24.400651 -15.595831 -12.099177 -4.013033 
55.330998 105.667198 19.249800 -152.806664 77.665581 146.790484 0.674684 -3.130409 8.091520 25.018260 -20.979801 3.711314 11.012823 9.353426 -11.899841 -0.000000 0.000000 0.000000 -7.855900 -3.301421 6.395010 19.786184 6.870526 1.225276 21.108286 -0.646993 18.232191 -0.000000 0.000000 0.000000 4.035216 -0.609687 -4.367884 -4.450915 0.463667 -10.301382 7.940481 -1.736039 -4.247732 15.936695 -18.663006 16.130921 -2.211729 -0.157228 11.650646 -0.000000 0.000000 0.000000 1.873560 6.865673 4.744879 5.534019 0.880977 -56.445964 11.553025 -12.254207 10.548743 -19.908482 7.163278 6.426395 -17.425110 7.500681 -41.537457 -32.807777 20.517933 17.140032 -8.460287 22.108688 -24.508669 -14.113871 -12.699747 -1.442249 
56.038100 105.548203 23.749900 -142.210793 79.370194 134.708636 2.720275 -2.562736 5.423574 23.005890 -18.243963 1.488390 9.193740 8.860239 -12.716923 -0.000000 0.000000 0.000000 -9.890449 -1.247166 6.787621 23.605967 3.715237 1.202722 19.469309 -6.695709 16.935106 -0.000000 0.000000 0.000000 5.482823 -1.945277 -2.441564 -5.515301 0.821078 -8.743076 8.950622 -1.557968 -3.333980 12.265650 -18.534943 14.690183 -3.076975 0.876010 9.683679 -0.000000 0.000000 0.000000 2.667978 6.578615 4.508886 6.420662 0.043395 -61.000822 12.784611 -13.424919 10.968972 -22.004618 6.542366 6.783168 -17.219489 7.866001 -40.503041 -32.803394 21.381189 16.839634 -8.614862 26.262671 -28.213260 -13.534425 -13.060996 -2.385761 
56.734198 104.342198 28.044000 -136.480403 79.543035 127.249306 4.279018 -2.335161 3.506810 21.571442 -17.732527 0.856472 8.229808 8.727448 -12.031746 -0.000000 0.000000 0.000000 -11.465582 -0.723949 5.636208 26.696452 2.397704 1.295752 16.340069 -8.091340 15.030009 -0.000000 0.000000 0.000000 7.149016 -2.456028 -0.071397 -6.214603 0.538289 -7.098362 9.813097 -1.456280 -2.280261 8.626825 -18.225278 12.960500 -3.931642 0.675667 8.123291 -0.000000 0.000000 0.000000 2.669568 5.212649 4.419105 6.287631 -0.598119 -64.953343 13.466868 -15.005753 10.691696 -23.542290 7.293914 5.862959 -16.916556 8.066197 -38.817607 -33.330902 20.299717 16.338482 -6.720962 35.004269 -33.412903 -11.973119 -12.209540 -4.132882 
57.366902 101.933205 32.242697 -141.487710 79.219209 130.224332 4.201205 -2.654380 2.705033 22.340466 -16.096754 0.792736 1.658931 14.559948 -3.252906 -0.000000 0.000000 0.000000 -14.110536 -0.805845 3.547110 29.345371 4.580097 1.266941 12.202777 -9.703425 12.085545 -0.000000 0.000000 0.000000 8.019810 -2.603966 2.846568 -7.563795 0.078344 -5.542862 11.346863 -1.678794 -1.132667 5.003197 -19.586102 10.717913 -4.367348 1.489784 7.465922 -0.000000 0.000000 0.000000 2.660647 3.360059 4.488274 4.865901 -0.667717 -68.177966 14.907103 -17.259557 10.179554 -24.507203 8.735743 6.290857 -15.744937 8.004910 -37.624092 -33.417538 17.231947 15.234983 -1.434065 45.487626 -40.788851 -8.493111 -10.770909 -5.703015 
58.083302 98.614407 36.481601 -151.113146 77.788162 138.011859 3.290170 -2.041583 4.269583 26.518228 -10.187170 1.472499 -14.683242 21.033318 7.259377 -0.000000 0.000000 0.000000 -16.154230 -0.279318 0.697758 31.069602 5.467645 0.677929 8.979967 -13.990268 10.485808 -0.000000 0.000000 0.000000 8.633037 -2.622365 5.210554 -8.616428 -0.732902 -3.952417 12.247920 -2.312101 0.052418 2.247070 -21.078814 9.178093 -4.941738 2.554895 6.890453 -0.000000 0.000000 0.000000 3.271834 1.348207 4.247621 2.687371 -0.612632 -70.428922 17.466795 -19.476647 10.875572 -25.536874 9.000691 8.096902 -14.747996 7.523024 -36.323941 -32.625740 14.730334 14.870095 7.347059 54.194525 -52.132955 -6.750047 -10.214806 -7.997784 
59.017599 95.259202 40.969399 -159.709957 74.277133 146.360762 1.113174 -0.766098 6.637775 32.356556 -10.876644 4.983182 -26.865642 17.590443 12.709872 -0.000000 0.000000 0.000000 -15.921750 -0.431928 -3.923493 31.595606 5.276865 -0.977801 7.279076 -18.206680 9.306461 -0.000000 0.000000 0.000000 9.162035 -2.673359 5.049304 -7.927389 -2.459399 -2.622213 11.306641 -3.308139 0.883546 1.654372 -21.265896 9.531667 -5.806290 2.768694 7.057203 -0.000000 0.000000 0.000000 4.104309 -0.889433 3.067840 0.328318 -0.647500 -69.743810 20.029735 -21.471748 11.862742 -25.602545 8.313206 10.164654 -14.261502 6.866434 -34.057570 -31.130354 12.578858 16.904068 20.801587 61.408685 -69.235102 -5.908985 -9.757095 -10.375734 
60.147399 92.134500 45.753500 -167.345974 70.064148 155.056975 -2.098336 -3.552962 7.550973 40.087752 -16.439237 8.551268 -36.720999 18.543463 17.174872 -0.000000 0.000000 0.000000 -14.732715 0.365463 -9.493477 31.613688 7.122049 -2.465275 5.163158 -21.277450 8.280545 -0.000000 0.000000 0.000000 8.414484 -2.243715 2.693151 -7.051092 -4.665534 -1.340868 10.683010 -4.404276 1.183989 1.424559 -20.639531 11.224499 -5.245737 1.153323 7.565195 -0.000000 0.000000 0.000000 4.271320 -2.548727 1.613649 -1.729316 -1.574773 -66.723272 22.762657 -23.567171 12.299615 -25.988542 8.011318 12.180770 -14.767874 5.512496 -30.130100 -28.984321 11.602931 19.176557 40.678981 64.279040 -92.296856 -5.174240 -10.253076 -12.240169 
61.947697 89.955205 50.985402 -171.067499 67.308910 160.356492 -5.104932 -6.443142 9.086154 45.827629 -17.089207 9.442242 -40.291490 18.162390 17.352620 -0.000000 0.000000 0.000000 -12.160339 1.732755 -13.391824 30.588138 9.399225 -5.090047 3.507791 -21.839700 7.829487 -0.000000 0.000000 0.000000 6.656130 -1.101102 -1.064968 -5.530085 -6.347979 -0.084375 9.478307 -4.928232 1.119590 2.262300 -19.099759 13.176495 -3.560601 -1.984392 8.094760 -0.000000 0.000000 0.000000 4.171651 -3.327601 -0.034609 -2.856303 -2.729815 -62.714811 23.575309 -25.080000 11.915258 -23.818014 7.459262 13.471593 -15.181016 3.960618 -24.877198 -26.606567 12.401373 21.109514 59.815135 63.570004 -114.158478 -3.604010 -10.702270 -14.980993 
64.298898 88.754404 56.828701 -170.387891 66.634776 160.507626 -5.766197 -6.369431 14.203736 47.211003 -16.877392 8.258558 -39.442302 16.381530 13.475255 -0.000000 0.000000 0.000000 -8.643575 3.125543 -13.613823 29.516233 12.950911 -8.783647 5.519608 -21.562465 7.539027 -0.000000 0.000000 0.000000 6.473466 -0.193568 -3.688855 -6.083732 -6.228170 -0.016424 9.271128 -4.481732 1.434912 2.976550 -18.655392 13.628101 -0.877671 -4.038307 9.181041 -0.000000 0.000000 0.000000 4.095093 -3.647907 -0.335679 -3.751102 -1.824103 -60.196727 23.751364 -26.157613 11.739370 -22.061232 7.359792 13.729221 -14.446217 3.895788 -21.577422 -25.627986 11.546245 22.841310 73.780855 61.786076 -129.844466 -3.657551 -9.559872 -18.201616 
67.096996 88.192505 62.994701 -168.844257 67.366273 159.330036 -4.158349 -3.964774 20.386298 43.718483 -17.796538 7.636867 -36.385560 15.552620 9.121764 -0.000000 0.000000 0.000000 -6.245271 4.021493 -12.381573 30.010383 18.808567 -10.296662 4.903610 -18.589872 6.418554 -0.000000 0.000000 0.000000 4.665036 0.219572 -5.051803 -5.214911 -5.132966 -0.366325 9.211482 -3.283232 1.088428 3.259387 -17.658230 12.877737 0.227059 -6.275645 9.990127 -0.000000 0.000000 0.000000 3.660571 -3.665941 0.196271 -4.263586 -0.207768 -58.136677 23.005237 -27.100408 11.291544 -22.568827 7.892932 13.546423 -13.053389 4.549015 -20.072643 -26.969167 10.832354 23.405257 80.898997 60.105486 -137.223770 -3.400726 -8.104386 -22.196446 
70.133495 87.978107 69.544697 -168.831431 67.852991 160.013629 -1.755675 -2.690382 24.904633 38.189043 -18.580963 8.156068 -30.348963 16.589730 3.566843 -0.000000 0.000000 0.000000 -5.484225 2.966344 -11.999057 29.643536 17.144027 -7.940579 -3.643680 -20.471430 9.466153 -0.000000 0.000000 0.000000 2.266968 0.720785 -6.406063 -3.962245 -4.090718 -1.262116 8.881612 -2.294776 -0.063754 2.899426 -15.510829 12.682843 1.073722 -8.904800 9.593783 -0.000000 0.000000 0.000000 3.265000 -3.071577 1.134777 -4.703744 0.131404 -54.924482 22.624070 -26.989490 10.484562 -22.700103 6.662084 13.938171 -12.422982 5.173006 -20.065432 -28.171160 11.236882 23.132940 79.810891 60.238287 -136.046495 -1.668644 -6.649473 -25.707847 
73.110294 88.040805 76.411098 -168.872259 68.284498 160.527817 0.544873 -2.423668 27.660076 34.221365 -20.149745 11.390696 -20.555789 18.579314 -1.415049 -0.000000 0.000000 0.000000 -6.598422 0.771304 -10.948807 31.799168 14.926109 -4.512093 -15.207591 -18.367755 6.172456 -0.000000 0.000000 0.000000 0.720892 1.378664 -7.203752 -2.445954 -3.182553 -2.726347 7.683706 -1.495767 -1.424553 2.269585 -12.688577 12.698729 0.835844 -11.474713 9.506762 -0.000000 0.000000 0.000000 1.839960 -2.937606 2.004696 -3.974035 0.426278 -51.067753 22.383196 -26.433132 10.677542 -21.643479 6.537447 13.776520 -11.902879 6.293117 -21.116804 -30.402808 11.157484 21.833675 73.718109 61.534616 -128.897432 -2.784242 -5.998879 -26.742199 
75.592399 88.640898 82.777601 -172.132517 69.661057 164.042486 1.716756 -5.634820 27.425653 33.601489 -19.420860 13.952180 -10.943052 22.631263 -0.265205 -0.000000 0.000000 0.000000 -10.835383 -0.167942 -8.961548 36.154767 13.316385 -1.471733 -21.433007 -15.518484 2.891124 -0.000000 0.000000 0.000000 -1.436338 2.338973 -7.706799 -1.450917 -2.086343 -4.032377 6.132464 -1.082954 -3.055792 2.203994 -11.236131 13.578635 0.759272 -12.635870 9.501037 -0.000000 0.000000 0.000000 0.552698 -2.173049 1.475366 -3.100708 -0.480870 -47.111328 20.824899 -25.076385 11.423407 -19.724073 7.200309 13.729570 -11.531703 6.704394 -21.900580 -31.379959 12.674895 20.354708 61.500176 62.226936 -116.226930 -3.560719 -6.063955 -26.365899 
77.603799 90.342808 88.106197 -174.859905 71.385770 166.724508 1.612580 -8.723325 25.812418 36.702548 -22.492092 14.597112 -8.433942 20.267310 2.646912 -0.000000 0.000000 0.000000 -13.751318 0.799426 -4.879253 38.507010 13.991183 -0.934051 -20.561418 -15.944481 0.763198 -0.000000 0.000000 0.000000 -2.891319 2.937368 -7.797255 -1.342729 -0.939371 -4.919496 4.951974 -0.770436 -4.228773 3.186711 -11.796181 14.734264 0.938056 -11.499696 9.909829 -0.000000 0.000000 0.000000 -0.351584 -0.850090 0.165715 -2.612137 -0.820384 -45.249226 18.034674 -23.308791 12.147818 -17.003836 7.490527 14.625744 -11.744626 7.082039 -22.904292 -31.256991 14.618799 20.498190 48.876089 61.972867 -103.612122 -3.878701 -6.769999 -24.086567 
79.387701 93.184006 92.546201 -168.917887 72.369528 160.534704 2.748411 -8.629427 23.407739 38.306182 -27.066613 14.244331 -8.972751 14.333208 -1.917644 -0.000000 0.000000 0.000000 -10.728507 1.746145 0.249566 35.379670 13.560297 -2.045152 -15.317063 -16.421536 1.940325 -0.000000 0.000000 0.000000 -1.654549 2.830158 -7.736398 -1.458971 -0.294882 -5.447073 5.196081 -0.076375 -4.054863 3.882344 -12.196556 15.323868 0.218248 -10.405629 10.578173 -0.000000 0.000000 0.000000 -1.100429 -0.390443 0.309219 -2.576436 -0.321371 -47.482736 13.571503 -20.583754 11.753829 -16.436205 6.958984 15.328443 -12.570858 8.102254 -24.674310 -31.399147 15.402434 21.835479 38.618214 61.480397 -92.494614 -5.866314 -6.948160 -22.875659 
80.966002 96.658701 96.210402 -163.032571 72.487631 154.470369 4.154614 -9.321952 19.530745 36.096534 -28.663350 12.063550 -7.953739 12.714789 -4.040323 -0.000000 0.000000 0.000000 -6.679720 1.798996 3.145889 29.302433 12.385601 -1.542247 -5.347210 -14.946720 6.079087 -0.000000 0.000000 0.000000 -0.854958 2.878023 -7.974079 -2.051125 -0.462023 -5.745952 6.835603 0.080937 -3.447150 5.139457 -12.681014 15.907967 0.036568 -9.221608 11.300278 -0.000000 0.000000 0.000000 -1.041428 -0.009814 1.268140 -2.236339 -0.643121 -50.994274 10.329477 -17.741864 9.958641 -17.310736 7.376011 14.475150 -13.319076 8.517062 -26.388437 -31.481681 16.726322 23.808979 28.287956 59.611890 -80.514223 -6.490934 -7.141924 -22.157978 
82.264000 100.081193 99.373001 -159.016322 72.692018 149.821727 3.795535 -8.666341 15.526912 32.288972 -26.836217 9.437624 -4.256397 9.887802 -6.912954 -0.000000 0.000000 0.000000 -4.390394 0.816916 4.347238 23.895664 10.382868 -0.034729 8.435241 -8.795999 12.701371 -0.000000 0.000000 0.000000 -0.477655 2.958375 -7.509274 -2.259785 -0.951878 -5.801246 7.344071 0.071009 -3.083583 7.615070 -13.181232 16.451651 -0.401862 -8.001615 11.823106 -0.000000 0.000000 0.000000 -0.597474 -0.129379 1.756548 -0.705627 -1.659243 -54.011036 10.352003 -15.342196 8.607012 -16.471057 8.203703 9.846602 -13.833391 8.669564 -27.807205 -31.694302 18.180045 24.899140 19.326645 56.343560 -68.491805 -7.197358 -8.555153 -16.856450 
83.230597 102.653193 102.366996 -154.888593 74.291765 144.712881 2.110297 -6.887898 11.520819 29.370634 -24.129743 7.083897 0.789806 7.553997 -8.230065 -0.000000 0.000000 0.000000 -4.637421 -0.896220 5.046433 21.534289 10.210911 0.210179 18.635051 0.435482 17.593005 -0.000000 0.000000 0.000000 -0.254572 3.006230 -5.938764 -2.482673 -0.907450 -5.857525 7.069843 0.194557 -2.870969 9.529646 -14.182726 16.285674 -1.422026 -6.066238 11.973823 -0.000000 0.000000 0.000000 -0.375044 -0.469861 1.732778 1.589542 -2.894757 -57.069102 11.863287 -14.577606 8.618490 -15.684548 9.893718 5.887112 -14.041295 9.162235 -29.365028 -32.150229 19.156466 23.889426 11.801703 53.122677 -56.603911 -9.817829 -10.459066 -8.975013 
83.960599 103.878200 105.295992 -149.966091 76.600189 139.143861 0.106487 -6.332219 7.193762 27.356993 -22.576786 5.433958 4.411757 7.426740 -7.628685 -0.000000 0.000000 0.000000 -6.799891 -1.138742 5.508210 22.810521 11.650736 -0.418959 20.835647 3.099242 17.546850 -0.000000 0.000000 0.000000 0.023932 2.468140 -4.050970 -3.426799 -0.251991 -5.990160 7.694103 0.174873 -2.610023 9.100373 -15.732938 15.294128 -2.481741 -3.463851 11.366226 -0.000000 0.000000 0.000000 -0.163454 -0.422381 1.949614 3.515550 -4.402990 -60.651404 13.377291 -15.405801 9.339056 -17.342131 10.447647 4.757208 -14.109802 10.018413 -31.570686 -32.502327 20.309286 21.502365 5.148341 49.255038 -46.086311 -12.540687 -12.340436 -1.263590 
84.768993 103.928196 108.150995 -142.910032 77.270919 131.297071 -0.097278 -7.600814 3.626756 25.101632 -23.360726 4.785634 6.259588 6.914936 -6.839704 -0.000000 0.000000 0.000000 -7.853036 0.175894 5.891847 24.907378 9.168930 -0.805307 18.594400 -4.418111 15.866412 -0.000000 0.000000 0.000000 1.754242 1.131961 -2.082626 -4.593337 0.479304 -5.878342 8.823978 -0.070452 -1.955495 7.601086 -18.017488 14.063001 -3.400684 -0.438033 10.471676 -0.000000 0.000000 0.000000 0.760410 -0.466219 2.687366 3.769133 -6.232761 -64.900026 14.423943 -16.673841 10.317902 -20.992785 9.840815 4.950736 -14.235734 11.272785 -34.263680 -31.758067 21.183312 18.545348 1.626951 44.522894 -39.410667 -12.188036 -13.028850 5.658976 
85.595298 102.920198 110.877001 -138.183094 76.873805 125.716701 0.084379 -9.819446 0.736378 23.057328 -24.808465 4.733479 6.684812 8.351209 -4.013652 -0.000000 0.000000 0.000000 -8.274915 1.040244 5.104174 26.411384 6.771332 -0.458715 15.216422 -9.752191 13.673805 -0.000000 0.000000 0.000000 3.752081 0.124411 -0.054935 -5.561211 0.530895 -5.609079 9.937687 -0.482732 -1.325991 6.119545 -19.559900 13.031540 -4.160882 1.714817 9.710081 -0.000000 0.000000 0.000000 1.201250 -0.835165 3.744211 3.315187 -8.129843 -68.874430 15.835265 -18.092707 11.151687 -24.003220 9.678858 4.922836 -14.370863 12.237548 -36.842546 -31.300285 21.563346 17.041350 0.477834 41.026199 -36.592435 -10.541404 -13.216087 10.250927 
86.422795 100.965202 113.554001 -137.720389 76.291258 124.251829 -0.962793 -11.182647 -0.766033 25.622739 -21.808401 4.767912 0.159423 15.315237 2.083301 -0.000000 0.000000 0.000000 -8.919413 1.178326 3.755597 27.792974 6.031400 -0.336539 12.185300 -13.331783 11.875186 -0.000000 0.000000 0.000000 5.343279 -0.251366 1.679401 -6.682427 0.065987 -4.921390 11.013378 -1.225960 -0.662127 4.827802 -21.047706 12.530625 -4.150183 3.270867 8.896168 -0.000000 0.000000 0.000000 1.467621 -1.301165 4.221375 2.173395 -9.381518 -71.593121 18.123750 -19.751219 11.720900 -26.426049 9.803115 5.347013 -14.959721 12.408748 -38.156337 -31.490875 22.176598 16.872475 -0.710798 40.100231 -36.071465 -10.698039 -14.289883 11.300019 
87.274998 98.645604 116.363001 -139.946689 75.082687 125.653644 -2.622376 -9.453073 0.743681 33.213637 -19.318599 5.453695 -11.184836 14.503030 7.784528 -0.000000 0.000000 0.000000 -8.933554 0.370111 2.327092 28.963352 5.776989 -1.080736 9.374285 -16.458036 9.820473 -0.000000 0.000000 0.000000 6.750673 -0.352946 2.370686 -7.135438 -0.879492 -4.125564 11.175880 -1.841026 -0.025555 5.227455 -22.536034 13.201286 -4.055704 3.562861 9.025537 -0.000000 0.000000 0.000000 1.972883 -2.728540 3.868695 0.650658 -9.658840 -72.325911 21.040119 -21.051735 12.395434 -27.091085 9.476690 6.058945 -14.921481 12.502268 -38.044439 -32.032659 20.806039 18.042104 -0.686660 42.994022 -38.891050 -10.800543 -14.703491 10.410155 
88.196194 96.477401 119.314003 -145.797840 73.426572 131.286119 -3.965297 -6.982497 3.483060 37.774479 -20.707743 6.934904 -20.046238 9.868087 10.139143 -0.000000 0.000000 0.000000 -8.682888 -1.114536 0.247536 30.019765 3.751601 -1.228731 6.441435 -20.997153 7.392515 -0.000000 0.000000 0.000000 6.757202 -0.476070 1.583935 -6.445311 -2.107459 -3.359146 10.719083 -2.426292 0.397356 7.652203 -23.885300 15.241557 -3.671800 1.917590 10.255588 -0.000000 0.000000 0.000000 2.392294 -4.509682 2.540848 -1.007712 -9.858898 -70.575871 23.812423 -21.687303 12.699302 -26.055033 9.410471 6.738568 -13.902481 12.117571 -36.226469 -31.338640 17.859360 19.620439 3.013896 49.017588 -46.443244 -11.191745 -14.291051 7.429573 
89.323497 94.752109 122.145998 -149.398190 72.318500 135.899809 -3.738421 -7.204279 3.216439 39.858465 -22.525742 8.926674 -27.040908 11.272935 14.816658 -0.000000 0.000000 0.000000 -8.354848 -2.575879 -3.026000 31.355248 -0.249449 -0.325211 4.720772 -26.036552 5.879085 -0.000000 0.000000 0.000000 5.415077 -0.092531 -0.465705 -5.378205 -3.033894 -2.775090 10.701340 -2.744012 0.263719 10.862508 -25.207436 17.759220 -1.788810 -1.295372 11.819338 -0.000000 0.000000 0.000000 2.805281 -5.614361 1.061709 -2.545531 -10.455676 -67.506203 25.640283 -22.270793 12.015272 -24.531397 8.932798 9.132736 -13.050813 11.198838 -32.935033 -29.145117 15.320869 21.581923 11.499992 55.142768 -58.409850 -11.787650 -12.575281 2.249483 
90.748394 93.955803 125.273001 -145.609488 72.830817 132.982558 -3.145483 -9.553560 2.976181 42.840944 -21.183668 9.827073 -29.894181 12.986855 15.948441 -0.000000 0.000000 0.000000 -7.290417 -3.096981 -3.971356 31.954056 -3.987213 -0.191876 5.393241 -28.508365 5.170116 -0.000000 0.000000 0.000000 4.080578 1.419302 -2.579461 -4.121676 -3.379806 -2.172197 10.271637 -2.515576 -0.065365 14.848490 -25.642841 20.020295 0.695848 -5.269649 13.180851 -0.000000 0.000000 0.000000 3.109356 -6.063849 0.045963 -3.111341 -10.439965 -64.797636 25.678076 -22.568668 11.787541 -21.267353 9.391585 9.060351 -12.275160 10.380915 -29.186452 -26.560419 13.400160 24.311852 24.111900 59.374492 -73.032831 -12.630056 -10.898502 -2.980844 
92.294294 93.633902 128.696001 -134.873750 74.824067 122.373370 -1.659591 -10.079848 5.294797 43.756778 -19.475965 8.178335 -31.102055 14.312376 15.795429 -0.000000 0.000000 0.000000 -6.172428 -2.804520 -2.691100 31.887999 -3.516289 0.231669 5.516189 -27.845684 4.624775 -0.000000 0.000000 0.000000 2.705210 2.722455 -3.413694 -3.527261 -2.781798 -1.818989 10.331160 -1.893703 -0.339627 17.113290 -25.809638 20.561915 3.547181 -8.409398 13.540606 -0.000000 0.000000 0.000000 3.272789 -5.176551 -0.232287 -3.139342 -9.117808 -62.989764 25.065058 -23.194747 11.457031 -19.697602 8.956515 9.062679 -11.199818 9.723694 -26.488416 -25.160618 12.361530 26.424504 35.218605 61.478641 -83.812693 -14.128489 -7.058993 -8.157192 
93.687397 93.318301 132.150996 -116.871107 76.755351 104.542164 0.058050 -8.514474 8.004254 43.828693 -17.464249 6.319571 -31.903400 15.074318 14.685124 -0.000000 0.000000 0.000000 -5.182129 -2.808050 -1.634054 31.563615 -3.289502 1.297275 0.240612 -29.351496 4.232049 -0.000000 0.000000 0.000000 1.405105 3.193805 -3.350986 -2.851864 -1.896103 -1.854257 10.368415 -1.054125 -0.780448 17.549678 -26.225909 19.654933 4.544547 -10.166454 13.022374 -0.000000 0.000000 0.000000 3.609606 -4.099836 -0.373456 -2.376626 -6.851996 -61.347979 23.615872 -24.608486 11.331367 -20.152641 8.135094 10.368268 -10.248105 9.865657 -25.238703 -24.338838 11.923400 27.168080 43.550095 62.417705 -91.258462 -11.735994 -8.112686 -9.814992 
94.886899 92.865503 135.434997 -97.466459 77.489384 85.364108 -0.153790 -6.023121 9.530229 46.714004 -15.489721 6.234556 -31.201452 16.558764 13.250501 -0.000000 0.000000 0.000000 -4.833049 -3.289830 -1.590621 32.734061 -0.267775 2.245343 -7.060353 -25.156964 2.874583 -0.000000 0.000000 0.000000 0.378219 3.194866 -2.860809 -2.013498 -1.772678 -2.027567 9.780749 -0.596504 -1.384789 16.704649 -26.207755 18.179308 3.646487 -12.077582 12.006387 -0.000000 0.000000 0.000000 3.627558 -3.380557 -0.443298 -0.449185 -4.286991 -60.016795 22.974505 -25.635982 11.992054 -19.471659 8.594878 10.441053 -9.870880 10.217247 -24.701315 -25.077416 11.775477 26.365387 49.395063 63.426625 -94.535405 -12.618608 -9.361908 -7.667141 
95.797092 92.515504 138.466001 -79.287555 77.061378 67.427704 -2.660732 -4.545796 10.103898 52.815226 -12.973565 6.411243 -27.142380 18.888313 11.219981 -0.000000 0.000000 0.000000 -5.526578 -3.618968 -1.483471 34.783229 3.607395 2.204036 -11.935165 -19.984356 1.833483 -0.000000 0.000000 0.000000 0.104204 3.229103 -2.647445 -1.361124 -2.253220 -2.054067 9.083349 -0.727064 -1.979710 15.060272 -26.608093 17.387141 2.592256 -13.901660 11.495939 -0.000000 0.000000 0.000000 3.499924 -2.925090 -0.874881 1.426873 -1.922349 -58.880705 22.088782 -25.023346 12.166246 -18.466247 8.640496 11.072845 -10.180733 10.368387 -24.444719 -26.009534 11.856464 25.414218 53.833591 64.145639 -97.248962 -15.252340 -10.631367 -4.926591 
96.427596 92.391109 141.139996 -62.183506 74.650247 50.455901 -5.426437 -4.741113 10.158983 59.511124 -9.262189 5.098027 -19.804496 20.962359 9.242210 -0.000000 0.000000 0.000000 -6.142511 -2.281873 -0.308470 36.658727 6.789087 1.894561 -14.634092 -18.041189 0.057520 -0.000000 0.000000 0.000000 1.185772 3.139801 -2.526945 -0.947722 -2.559200 -1.998180 8.481863 -0.923978 -2.314758 13.183755 -28.358535 17.293420 1.303890 -15.255846 11.986385 -0.000000 0.000000 0.000000 3.571275 -2.666068 -1.370125 2.495470 0.376682 -58.595735 18.769485 -23.407052 10.795274 -17.491053 8.959384 11.661247 -10.474077 10.678138 -24.569193 -26.194797 11.643754 24.600088 58.401131 63.992191 -102.393759 -11.515198 -11.351042 -5.652751 
96.871394 92.672598 143.285000 -48.442370 70.437720 36.469038 -7.357411 -5.488282 9.975585 64.380166 -5.977225 3.001000 -12.236532 21.923731 8.724947 -0.000000 0.000000 0.000000 -6.560425 0.137815 2.068028 37.482092 8.594423 1.099001 -15.138931 -17.697476 -2.084515 -0.000000 0.000000 0.000000 2.259704 2.880380 -2.182535 -0.437481 -2.571124 -1.698537 7.983548 -0.932181 -2.369735 12.595778 -31.255522 17.713070 -0.263126 -16.748146 13.026014 -0.000000 0.000000 0.000000 3.965403 -2.799996 -1.781291 2.855063 1.987878 -59.623492 15.417883 -20.064561 9.194500 -16.999343 10.391700 10.862818 -10.321114 11.347449 -25.087042 -26.446972 11.018914 24.516375 62.384342 63.852638 -108.045407 -11.960802 -11.311653 -5.918234 
97.313499 93.377507 144.878006 -39.550808 65.412038 27.287638 -8.018737 -5.354538 9.248390 66.358069 -6.757287 2.263718 -12.887554 19.413042 8.025383 -0.000000 0.000000 0.000000 -6.252412 1.990251 4.180665 36.926767 10.387543 -0.675402 -14.148157 -16.428829 -1.792442 -0.000000 0.000000 0.000000 3.354621 2.551261 -2.123860 -0.223708 -3.083054 -1.259108 7.675090 -1.010202 -2.123625 13.337570 -33.932839 18.725998 -1.798283 -19.489772 13.843346 -0.000000 0.000000 0.000000 4.267928 -2.947518 -1.673280 3.156354 3.197887 -61.932725 13.509425 -16.201603 7.668996 -16.149082 12.446366 9.314868 -10.555615 11.831082 -25.500642 -27.051254 10.591906 25.455850 67.012475 63.450307 -113.732354 -12.235769 -11.171779 -7.500200 
97.784102 94.376308 145.993996 -33.528616 60.719305 21.033268 -8.486987 -5.277535 7.771486 65.824598 -9.807225 2.871902 -13.917749 15.929406 6.173243 -0.000000 0.000000 0.000000 -5.479060 3.079954 5.355488 34.658305 12.082863 -1.974060 -11.984739 -14.656463 -0.564726 -0.000000 0.000000 0.000000 4.025473 2.158189 -2.185055 -0.355665 -4.083766 -0.787913 7.664955 -1.499320 -1.739024 15.321358 -36.759064 20.107845 -2.678240 -22.746527 14.526935 -0.000000 0.000000 0.000000 4.933068 -3.200506 -1.255057 3.565884 3.490313 -64.722171 12.865832 -13.677623 6.570153 -16.474872 14.290394 6.871863 -10.927290 12.031340 -26.036384 -27.544754 10.190842 26.654253 71.721534 63.162010 -118.830353 -14.235284 -10.884519 -7.891329 
98.231494 95.520699 146.695995 -28.581827 55.744727 15.765705 -8.659169 -5.159919 6.195970 63.061897 -12.368612 4.067884 -13.759963 14.199806 4.567749 -0.000000 0.000000 0.000000 -4.810971 3.646157 5.822240 31.619197 14.098818 -2.868334 -8.719475 -11.967806 1.702044 -0.000000 0.000000 0.000000 4.573714 1.828098 -1.964973 -0.748509 -4.937108 -0.362649 7.849046 -2.052021 -1.274901 17.721075 -39.801251 21.788979 -2.819366 -25.895753 15.203008 -0.000000 0.000000 0.000000 5.490733 -3.284838 -1.061302 4.180879 2.901421 -67.110656 13.452736 -13.768829 5.942845 -17.710736 16.097839 4.394197 -11.289994 11.935854 -26.393688 -27.832334 9.710158 26.638884 76.653844 62.878140 -123.456802 -15.514691 -10.933513 -7.131311 
98.558295 96.640801 147.042000 -24.139816 49.552452 10.933692 -8.210323 -5.319649 5.032373 58.410765 -12.960672 4.827453 -12.937770 13.763457 3.984968 -0.000000 0.000000 0.000000 -4.998840 4.602460 6.306836 28.918571 16.430702 -3.728540 -4.423532 -8.923539 4.168274 -0.000000 0.000000 0.000000 5.184289 1.466032 -1.465143 -1.182275 -5.284261 -0.001903 7.993993 -2.381219 -0.788938 20.034890 -42.430055 23.578604 -2.907665 -28.308236 15.980710 -0.000000 0.000000 0.000000 5.870667 -3.173688 -0.878113 4.793442 1.831195 -68.984425 14.896414 -15.971479 5.766462 -18.677457 16.829036 1.775170 -11.493822 11.831428 -26.967268 -28.096748 9.482709 26.195794 80.230637 62.582435 -126.823953 -15.440385 -11.021792 -6.405888 
98.787296 97.594905 147.149003 -20.641749 42.051016 7.050303 -6.952515 -5.940802 4.098258 52.629826 -13.274832 5.235112 -12.509432 13.768547 3.820215 -0.000000 0.000000 0.000000 -5.828665 6.039728 6.930473 26.856663 19.134091 -4.590305 -0.164471 -5.998558 6.424757 -0.000000 0.000000 0.000000 5.736969 1.202152 -1.008963 -1.324833 -5.236408 0.297757 8.203164 -2.461741 -0.499390 21.723394 -43.785401 25.167008 -2.647248 -29.928854 16.625715 -0.000000 0.000000 0.000000 5.973343 -3.080528 -0.745905 5.540445 -0.012357 -69.679836 16.703160 -19.412376 5.843375 -19.446637 15.677863 1.477847 -11.696186 11.802407 -27.374499 -28.059814 9.878861 25.638211 81.999709 62.825999 -128.865728 -14.724589 -10.486491 -7.199344 
98.903799 98.238999 147.064996 -17.975684 33.836721 4.050997 -5.332646 -6.808567 3.422647 46.731281 -15.405378 5.727162 -12.289056 12.370552 2.479934 -0.000000 0.000000 0.000000 -7.054181 7.638763 7.724219 25.224952 21.513863 -5.500449 3.342054 -2.578624 8.464432 -0.000000 0.000000 0.000000 6.238915 0.937401 -0.814943 -1.199633 -5.134941 0.485574 8.125616 -2.397388 -0.403686 22.998468 -43.389477 26.240556 -2.694179 -31.042481 16.850113 -0.000000 0.000000 0.000000 5.739728 -2.991115 -0.413400 6.579298 -1.879460 -69.109153 18.948427 -23.121682 6.579066 -19.475508 14.120468 0.787097 -11.933850 11.823148 -27.707582 -28.033218 10.546281 25.458910 81.900485 63.420745 -128.943008 -14.898286 -9.909716 -7.972311 
98.895699 98.449403 146.770000 -15.884128 25.311578 1.698510 -3.837870 -7.883162 2.864420 41.687198 -19.637015 6.390565 -11.777783 10.525220 0.779113 -0.000000 0.000000 0.000000 -8.907700 9.039297 8.642923 24.314847 23.827862 -6.101515 5.643720 0.492564 9.891066 -0.000000 0.000000 0.000000 6.567759 0.561938 -0.865346 -1.214332 -4.999110 0.512929 8.302124 -2.350981 -0.494040 23.232245 -41.805518 26.396984 -2.117578 -31.519918 16.787005 -0.000000 0.000000 0.000000 5.361789 -2.839110 0.116243 7.607804 -3.210691 -67.496878 20.238098 -26.044986 7.411888 -19.751357 11.942421 0.717725 -12.330065 11.896892 -27.820111 -27.918122 11.464432 25.423313 80.426059 64.276439 -127.598924 -15.717826 -9.569021 -7.982865 
98.802900 98.209405 146.160996 -14.505139 16.481425 -0.094741 -2.487804 -8.785156 2.449818 38.202936 -23.268954 6.982750 -10.046708 9.608341 -0.118098 -0.000000 0.000000 0.000000 -11.314475 9.791719 9.324277 24.141394 25.336896 -5.760083 6.873691 3.932015 11.339905 -0.000000 0.000000 0.000000 7.282920 0.255918 -1.162731 -1.175635 -4.763172 0.435457 8.437605 -2.233310 -0.651384 22.653969 -39.673193 26.086450 -1.499485 -31.793835 16.720078 -0.000000 0.000000 0.000000 4.759713 -2.553000 0.736157 8.480748 -3.823999 -65.064152 20.102640 -27.845392 7.777124 -19.533367 11.145592 0.645757 -12.699086 11.814154 -27.715265 -27.756727 12.198054 25.150203 78.735510 65.309703 -125.854759 -16.908731 -9.146667 -8.040561 
98.710096 97.416198 145.171988 -13.908931 7.274105 -1.703369 -1.412468 -8.214523 2.708286 37.959051 -24.377331 7.391297 -13.392002 10.285931 0.595824 -0.000000 0.000000 0.000000 -14.364873 9.087721 9.821595 25.245295 25.372583 -4.496021 6.282414 7.940028 13.538031 -0.000000 0.000000 0.000000 9.198530 0.039144 -1.424534 -1.710454 -4.468102 0.115654 8.605151 -2.004799 -0.734688 20.905786 -37.159893 25.341789 -1.355243 -32.112189 16.421334 -0.000000 0.000000 0.000000 4.053306 -2.441913 1.633733 9.349953 -3.158209 -62.360698 20.199006 -28.403689 7.903091 -18.463585 10.376055 0.632730 -13.090267 11.808637 -27.696213 -28.176410 12.355431 24.855437 76.484418 65.906428 -123.026516 -18.127790 -8.835352 -7.704915 
98.665899 96.126604 143.975008 -13.808967 -2.097425 -3.166044 -0.680455 -5.396207 3.311047 37.783754 -22.434740 5.684121 -18.717418 12.307927 2.425857 -0.000000 0.000000 0.000000 -18.195194 7.035402 10.149693 28.274234 22.788060 -2.336427 2.920684 9.124215 16.006622 -0.000000 0.000000 0.000000 11.491410 -0.451490 -1.922569 -2.438883 -4.019124 -0.384489 8.627054 -1.769140 -0.749542 18.533779 -34.549380 24.292179 -2.088393 -31.549132 15.553142 -0.000000 0.000000 0.000000 3.996123 -2.606107 2.769703 10.235956 -1.004754 -59.916337 20.377782 -27.799524 8.069607 -17.337313 9.962139 0.223594 -13.107852 12.026104 -28.135710 -28.960621 12.090082 24.791951 73.885304 66.309498 -119.872816 -19.005779 -8.809544 -6.862239 
98.651099 94.701600 142.685997 -13.951638 -9.845760 -4.343740 -0.299089 -1.598577 3.814091 37.166715 -19.651735 3.783452 -24.345469 13.889295 5.896697 -0.000000 0.000000 0.000000 -21.952818 4.243849 9.839801 32.407422 18.303741 0.757376 -0.759620 6.871974 17.284703 -0.000000 0.000000 0.000000 13.615257 -1.607080 -2.702862 -3.335834 -3.909835 -0.904463 8.842098 -1.970865 -0.522295 15.803130 -32.098532 23.047708 -3.575475 -29.678413 14.358084 -0.000000 0.000000 0.000000 4.991662 -2.950686 4.195929 10.605344 1.929695 -58.414797 20.063140 -25.550307 7.876400 -16.454090 9.088227 1.303799 -13.086729 12.295813 -29.243147 -29.908405 11.859254 25.425488 70.358534 66.762552 -116.134414 -19.829899 -8.089485 -6.851969 
98.623395 93.766999 141.509986 -14.025437 -14.428038 -5.416571 -0.962907 0.451414 3.776388 38.216780 -17.695841 4.279063 -27.228505 14.999002 7.644421 -0.000000 0.000000 0.000000 -24.832531 1.682460 8.742118 37.114323 11.514856 3.720104 -1.850026 1.857804 17.333697 -0.000000 0.000000 0.000000 14.864425 -2.646861 -3.220875 -3.405725 -4.655141 -0.856830 8.540203 -2.875093 -0.111929 14.151281 -30.659490 22.085920 -5.413974 -27.607595 13.272503 -0.000000 0.000000 0.000000 6.453459 -3.698887 5.587612 10.010929 4.165037 -58.168768 19.644024 -20.697071 7.791423 -14.552070 9.207628 2.898886 -13.520057 12.523826 -30.530309 -30.213430 11.566022 26.210942 67.066144 66.779523 -113.044343 -20.502100 -7.223463 -6.888415 
98.277801 93.780804 140.554988 -13.690442 -16.865557 -6.767819 -2.227947 -0.106785 4.685751 39.333542 -16.609631 4.357093 -26.527057 16.676319 7.913034 -0.000000 0.000000 0.000000 -26.477984 0.510820 8.076394 41.047333 6.898145 5.442141 -1.644346 -3.192692 14.130420 -0.000000 0.000000 0.000000 14.962554 -2.775660 -3.087317 -3.629792 -5.396461 -0.461317 8.408891 -3.827856 0.252836 14.006724 -30.462172 21.595606 -5.676626 -26.199075 12.820226 -0.000000 0.000000 0.000000 6.926336 -4.170012 6.191599 8.350905 5.865939 -57.888012 19.303167 -15.078065 8.392250 -11.070397 11.408666 2.648512 -13.679158 12.221294 -30.984297 -30.175706 10.699023 26.518931 66.327953 65.705055 -113.026897 -21.495480 -6.763302 -6.740847 
97.567701 94.695204 139.803994 -13.328920 -19.491785 -8.305639 -1.592108 -0.031728 6.679093 36.575303 -15.513686 3.635838 -23.666820 17.948566 6.874752 -0.000000 0.000000 0.000000 -26.799391 1.076501 8.292086 43.405092 6.300734 5.325185 -1.895472 -6.158862 10.906002 -0.000000 0.000000 0.000000 14.218876 -2.790375 -2.472157 -3.914829 -5.170327 -0.290950 8.040508 -4.041583 0.571900 15.303582 -30.878920 21.211577 -5.749344 -24.719073 12.762976 -0.000000 0.000000 0.000000 6.986850 -4.165218 6.334476 7.137789 7.629005 -58.024935 17.616790 -12.813744 9.128987 -8.954331 14.217531 4.438695 -13.260429 12.180575 -31.063735 -30.255026 9.451884 26.435272 68.289597 65.327194 -115.596839 -21.370858 -6.111727 -7.869851 
96.635097 96.177304 139.177990 -12.508292 -21.328576 -8.902351 0.173616 0.878757 8.296508 30.685772 -14.719417 3.221869 -19.390987 17.682897 4.565020 -0.000000 0.000000 0.000000 -26.297322 2.761767 7.533966 44.280431 7.427231 4.329743 -0.703405 -7.387131 9.626063 -0.000000 0.000000 0.000000 12.313856 -3.310466 -2.198468 -4.046428 -4.658167 -0.112923 7.879510 -3.858233 0.539201 16.180719 -31.120375 20.791641 -4.874836 -24.246424 12.441424 -0.000000 0.000000 0.000000 7.149740 -3.465893 6.434646 6.538107 7.601288 -57.905046 16.606546 -13.458202 8.826864 -10.215937 13.588399 6.096608 -13.139735 11.666716 -30.686628 -30.327589 9.598349 25.965324 69.731659 65.686667 -118.011944 -20.612194 -5.132467 -8.740807 
95.523196 97.834802 138.539004 -11.278362 -21.269377 -8.921757 1.258419 1.262752 9.954028 24.898339 -14.738779 2.952078 -13.079818 17.231893 1.031159 -0.000000 0.000000 0.000000 -24.758407 4.010705 5.557937 43.683676 8.787516 3.115221 0.755195 -7.887745 8.590563 -0.000000 0.000000 0.000000 10.347501 -3.797641 -1.835420 -4.411397 -4.558090 -0.040716 7.874577 -3.923379 0.488892 16.362107 -31.748639 20.332316 -3.769624 -24.195652 12.239042 -0.000000 0.000000 0.000000 7.072079 -2.737990 6.478516 6.029398 6.846848 -57.469082 17.733754 -15.893637 8.259741 -12.315594 11.555727 5.167345 -13.196662 10.943685 -30.561851 -30.781084 9.752611 24.689115 69.877568 66.292212 -118.887044 -20.039440 -3.992259 -8.544713 
94.314003 99.247509 137.828004 -10.183758 -19.612948 -8.819125 1.142904 1.606171 12.003376 21.091476 -15.698595 2.832364 -6.964399 15.602777 -3.008098 -0.000000 0.000000 0.000000 -21.864977 3.636399 2.781369 42.348036 9.801408 1.223493 1.052951 -8.768106 7.623871 -0.000000 0.000000 0.000000 8.949303 -3.785559 -1.341298 -4.590851 -4.926716 -0.103901 7.754046 -4.283476 0.642887 16.016464 -33.218591 19.779985 -3.463126 -24.184551 12.598958 -0.000000 0.000000 0.000000 6.776415 -2.731087 6.831670 5.077549 5.663808 -57.577368 19.659886 -18.601972 7.763414 -15.181930 11.612767 3.679976 -13.212174 10.432956 -31.349464 -31.468341 8.892491 22.718181 69.543532 67.278109 -118.949710 -19.744550 -3.957831 -8.349844 
93.213695 99.859297 137.015998 -9.346278 -17.363402 -8.661236 -0.037446 1.633793 13.823563 20.373004 -17.786185 3.473664 -4.528318 12.337116 -6.071235 -0.000000 0.000000 0.000000 -18.609361 2.583705 -0.441717 41.226569 10.045792 -0.723479 2.638303 -10.272188 7.300086 -0.000000 0.000000 0.000000 8.402996 -3.415732 -0.369926 -4.912606 -5.257980 -0.506931 7.522223 -4.564254 0.817822 15.012778 -35.533677 18.991847 -4.274173 -23.877281 13.301585 -0.000000 0.000000 0.000000 6.361618 -3.514907 7.222972 3.642440 4.206422 -58.238278 21.517422 -20.881241 7.680125 -18.265553 11.617765 2.775554 -12.988149 10.450751 -32.954161 -32.169940 7.050034 19.955299 67.794355 68.787027 -117.626238 -20.160625 -4.141511 -8.641667 
92.358702 99.313504 136.104989 -8.939865 -15.508067 -8.421955 -1.797392 0.492934 14.477254 24.287489 -22.549213 5.679659 -6.765625 9.028515 -5.788974 -0.000000 0.000000 0.000000 -15.733384 1.589801 -3.955341 41.503760 10.729165 -2.612002 3.877694 -12.246670 6.742226 -0.000000 0.000000 0.000000 8.510940 -2.811016 1.050853 -5.273323 -5.266070 -1.118962 7.301106 -4.463160 0.818981 13.488769 -38.438961 17.788653 -6.286758 -23.157480 13.942292 -0.000000 0.000000 0.000000 5.757310 -4.980703 7.171862 1.982060 2.901554 -59.085037 22.852267 -23.084937 8.256903 -21.266125 11.747515 2.160492 -12.264472 11.348885 -34.818850 -33.178062 4.631540 16.337588 64.758147 70.138154 -115.388092 -20.273358 -4.713881 -8.460283 
91.575199 97.584802 135.104990 -9.107445 -14.698550 -8.266997 -3.308090 -1.626088 13.973120 31.571231 -25.688377 8.869474 -10.596614 9.643697 -3.032652 -0.000000 0.000000 0.000000 -13.224798 1.195769 -7.363578 43.153116 12.045079 -4.660691 3.998557 -14.203598 6.209824 -0.000000 0.000000 0.000000 8.953478 -1.951338 2.429818 -5.560207 -4.864240 -1.629767 7.559822 -3.904005 0.636942 11.492354 -41.156899 16.416037 -8.037957 -22.495545 14.373807 -0.000000 0.000000 0.000000 4.759036 -6.492610 6.813228 0.226715 1.371775 -59.939991 24.204380 -25.275524 9.397389 -23.334528 11.847777 2.905241 -11.435533 12.539038 -36.055220 -34.326853 2.811766 12.705595 62.412239 70.941904 -114.492615 -19.147512 -5.194238 -8.938612 
90.627700 94.846505 134.026992 -9.730364 -15.303755 -8.265780 -3.828969 -3.929436 13.437435 37.076560 -26.313526 10.840003 -18.234463 11.899642 0.300747 -0.000000 0.000000 0.000000 -11.193919 1.782966 -10.356993 45.864577 13.299328 -7.004361 3.013590 -15.291319 6.141625 -0.000000 0.000000 0.000000 9.336723 -0.748073 3.283763 -5.278046 -4.263112 -1.862463 7.629958 -3.001957 0.299868 10.395316 -42.394198 15.600640 -9.498850 -22.585563 14.302206 -0.000000 0.000000 0.000000 3.512910 -7.690398 6.420602 -1.362595 -0.214939 -60.858678 25.719379 -27.083842 10.996167 -23.905605 11.496946 3.975566 -10.853735 13.564906 -36.467753 -35.204589 2.173913 10.850749 63.399342 70.851218 -117.422704 -17.447620 -5.590922 -10.714040 
89.433503 91.664302 132.707989 -10.722752 -16.651827 -8.029291 -5.202161 -5.668772 12.130737 44.085943 -24.752399 12.570575 -25.978405 13.995556 4.840286 -0.000000 0.000000 0.000000 -9.371451 2.745476 -13.169638 48.594538 14.217894 -9.776402 2.087937 -15.602235 6.140325 -0.000000 0.000000 0.000000 10.405589 0.322251 3.257509 -5.220409 -3.885651 -2.082036 7.282868 -2.156941 -0.375415 11.234972 -42.632081 16.010614 -9.148060 -22.831262 14.167058 -0.000000 0.000000 0.000000 2.349068 -8.250979 5.073830 -2.628934 -1.304375 -60.566517 26.865990 -28.672032 12.584800 -23.853707 10.794613 5.126719 -10.786988 14.152124 -35.434705 -35.281728 2.989883 12.084501 69.945600 69.682663 -126.568978 -15.605059 -5.850311 -13.944376 
87.715101 88.777310 130.984998 -11.050042 -18.733710 -7.507875 -6.860450 -7.538083 11.176634 49.472821 -22.197789 13.320749 -31.331851 15.952807 7.801657 -0.000000 0.000000 0.000000 -8.366649 4.495669 -14.526905 50.816153 14.957683 -13.062885 -0.008183 -15.760527 5.782124 -0.000000 0.000000 0.000000 10.376268 1.294420 2.309109 -4.510816 -3.630933 -2.132187 6.964687 -1.468132 -1.162967 12.709343 -41.668808 16.878681 -7.364633 -23.703785 14.030759 -0.000000 0.000000 0.000000 1.851212 -8.743225 3.146773 -3.824370 -2.117215 -59.487888 26.058987 -29.616113 13.599288 -23.121064 9.929057 6.964103 -10.523448 14.344953 -32.674947 -34.516463 4.191197 14.317806 79.442460 67.138855 -138.386725 -14.179596 -4.658311 -19.485655 
85.288101 86.582100 129.057992 -10.815119 -21.453609 -7.122875 -7.685117 -8.632424 11.449091 52.273546 -20.456251 14.331428 -33.808416 17.787625 8.383299 -0.000000 0.000000 0.000000 -8.014237 6.580595 -13.708410 53.492882 17.313621 -16.693286 -3.659313 -13.691404 5.734354 -0.000000 0.000000 0.000000 9.247841 1.926120 1.246898 -3.370371 -3.245212 -2.054846 6.737481 -0.843937 -1.639016 13.852921 -39.697162 17.013134 -6.746397 -25.042896 13.675717 -0.000000 0.000000 0.000000 1.622014 -8.552249 2.445729 -4.652308 -2.017979 -59.873501 24.522885 -29.823859 13.950718 -22.854583 9.656189 9.163289 -10.003593 14.071498 -30.407418 -33.861399 5.002689 16.894733 84.451860 64.131031 -143.186637 -11.223311 -2.887546 -27.174209 
82.054800 85.212505 126.814997 -10.507759 -24.346825 -6.640237 -7.607739 -8.872328 13.481592 52.088095 -19.462154 13.820231 -33.185678 19.355850 6.725329 -0.000000 0.000000 0.000000 -8.228007 8.327629 -12.080196 55.168810 17.064258 -17.610236 -13.166744 -17.234576 4.870193 -0.000000 0.000000 0.000000 8.575858 1.707802 0.061640 -3.174190 -2.430580 -2.285204 6.814448 -0.389925 -2.032818 13.609682 -38.031036 16.151462 -5.620703 -25.402287 12.976731 -0.000000 0.000000 0.000000 1.920553 -7.610165 2.268937 -4.746342 -1.598299 -59.785297 23.041582 -29.543356 13.530080 -24.379072 9.270819 10.313337 -9.684478 13.849021 -29.261500 -32.654527 5.777231 18.225230 84.267058 63.603480 -141.728803 -9.795439 -2.890690 -29.315958 
78.015697 84.850901 124.110997 -10.477131 -25.014988 -6.061993 -6.522876 -7.502059 17.386746 47.803085 -20.732942 13.666107 -28.679121 18.887817 2.125282 -0.000000 0.000000 0.000000 -8.357614 7.530162 -10.822087 54.398830 13.999645 -14.581521 -21.710842 -22.021139 1.477142 -0.000000 0.000000 0.000000 8.969209 0.636758 -1.328864 -3.124278 -2.377471 -3.078269 6.831939 -0.750330 -2.152787 12.473743 -37.006551 15.124406 -4.515823 -24.984271 13.119803 -0.000000 0.000000 0.000000 2.543961 -7.117114 2.297873 -4.121448 -0.494452 -58.500352 21.986861 -28.835700 13.110213 -25.549597 9.450279 10.284985 -9.512816 14.013852 -29.604167 -31.976780 5.199708 18.158517 81.519576 65.219804 -137.629619 -12.208722 -4.866413 -24.511250 
73.219097 85.500103 120.939004 -10.784192 -24.544923 -5.680761 -4.525906 -5.018569 22.206209 39.660557 -23.284700 13.453346 -18.935325 17.247682 -5.170698 -0.000000 0.000000 0.000000 -9.118773 4.845466 -9.438830 53.657529 10.821567 -10.773063 -28.256579 -22.151606 -2.352200 -0.000000 0.000000 0.000000 9.547496 -0.453700 -2.581120 -2.663518 -2.929889 -4.350337 6.632765 -1.507630 -2.401891 11.730857 -35.407040 13.925677 -3.787935 -25.455006 13.607733 -0.000000 0.000000 0.000000 3.105881 -7.154366 2.995496 -3.122864 1.116360 -56.653902 20.967421 -26.688650 12.272077 -25.400787 9.745930 9.757642 -9.052140 14.282866 -31.027085 -32.536537 3.953647 17.892841 75.340912 67.656908 -129.087868 -15.931593 -5.566499 -21.918683 
68.109703 87.169802 117.470002 -9.922521 -24.500712 -4.656609 -2.645092 -4.513759 24.698277 30.342868 -24.057812 13.828467 -2.555044 15.537075 -12.598924 -0.000000 0.000000 0.000000 -11.286465 3.254477 -7.434386 53.661397 10.654004 -8.780385 -28.886909 -19.695678 -3.783665 -0.000000 0.000000 0.000000 8.203716 -1.076201 -4.111662 -1.723510 -3.182109 -5.566258 5.929482 -2.224937 -3.154450 12.880581 -34.036223 13.377288 -2.976762 -26.145951 13.857442 -0.000000 0.000000 0.000000 3.404869 -6.430102 3.246867 -2.520705 2.044234 -54.283150 18.683394 -22.616308 10.981565 -23.454169 10.590299 8.718467 -8.790961 14.018353 -31.750116 -33.047987 4.447168 17.620578 62.481054 68.535505 -113.567482 -16.137793 -5.393448 -20.741141 
63.317800 89.763504 114.254999 -8.628805 -23.845407 -3.132822 -0.954629 -6.330883 23.657043 21.709825 -22.228490 14.203121 16.887687 17.416528 -15.111401 -0.000000 0.000000 0.000000 -12.175621 3.187126 -4.977831 51.092824 11.046429 -6.588487 -25.688994 -20.229545 -5.631761 -0.000000 0.000000 0.000000 6.320221 -1.659352 -5.278565 -1.466552 -2.961096 -7.015270 5.658782 -2.972502 -4.147104 15.069372 -35.143285 13.635771 -1.393847 -25.183252 14.688158 -0.000000 0.000000 0.000000 3.633497 -4.981211 2.826632 -2.659355 1.970211 -52.049163 15.689438 -17.946034 9.982140 -20.835169 11.824526 9.235412 -8.679967 13.397932 -32.790490 -31.806275 5.590325 17.016968 44.666492 66.500114 -93.005722 -13.024961 -4.911318 -20.324215 
59.271598 92.941606 111.438000 -8.060168 -23.371117 -2.477629 -0.558880 -8.281654 21.294690 20.001916 -23.558085 12.387305 20.365206 18.965326 -8.325035 -0.000000 0.000000 0.000000 -10.477641 2.693900 -2.578989 44.118567 11.263522 -4.235578 -20.946989 -22.351000 -7.109640 -0.000000 0.000000 0.000000 5.473433 -1.847134 -5.388444 -1.850478 -2.601235 -8.190078 5.887838 -3.289931 -4.544610 17.264549 -38.279830 14.271737 -1.033653 -22.510987 15.642815 -0.000000 0.000000 0.000000 3.649513 -3.787654 2.359168 -3.106146 1.742691 -51.717429 12.732834 -14.102234 9.246865 -18.821449 12.920721 9.951033 -8.590556 13.340408 -35.005184 -30.306703 6.195012 15.661017 28.296351 62.154845 -72.975969 -10.163427 -5.517541 -15.759101 
55.717701 96.419305 108.876991 -8.412929 -23.835279 -3.469371 -1.338134 -7.029286 19.183034 22.188600 -24.820645 9.697201 15.047745 12.587431 -8.243301 -0.000000 0.000000 0.000000 -6.875363 1.629012 0.393995 34.885278 10.843170 -3.867094 -12.180404 -20.476719 -2.721405 -0.000000 0.000000 0.000000 5.813063 -1.439791 -4.608339 -2.549216 -2.385725 -8.621602 6.193643 -3.017570 -4.167851 18.809384 -39.780507 15.395854 -1.263513 -21.216911 15.898771 -0.000000 0.000000 0.000000 3.037833 -2.886964 2.572958 -2.811428 1.112854 -53.775488 10.495122 -10.692490 8.957811 -17.283365 12.896451 7.629443 -9.478370 13.607092 -36.704038 -30.420512 8.035050 14.214069 14.796698 56.103318 -53.856583 -11.986141 -5.831336 -7.857505 
52.513999 99.885505 106.348002 -8.260558 -25.807264 -4.866404 -1.704440 -5.698778 16.287586 24.226326 -21.260561 6.627507 11.086289 12.109767 -8.488344 -0.000000 0.000000 0.000000 -4.895404 0.915279 2.293930 26.243149 11.838389 -2.198903 0.761679 -16.772070 4.659147 -0.000000 0.000000 0.000000 5.329267 -0.674826 -3.567386 -3.190583 -1.734772 -8.512429 6.817367 -2.660686 -3.678921 20.173667 -40.771742 17.173527 -1.173258 -19.523545 16.031128 -0.000000 0.000000 0.000000 2.781719 -1.584779 2.980638 -1.802407 -0.168703 -56.311001 10.515179 -9.589322 8.573675 -17.952324 12.950398 4.619408 -10.526682 13.599984 -37.882078 -30.984623 11.502662 13.769111 5.244557 47.436836 -39.629845 -15.203294 -8.277118 -0.032588 
49.562198 102.799201 103.669000 -7.710991 -29.530759 -6.727394 -2.106117 -3.763611 13.264390 26.205649 -16.894678 5.098092 8.489099 13.753553 -8.728443 -0.000000 0.000000 0.000000 -5.559411 -0.572518 3.381332 20.537952 11.153490 -0.050373 14.127882 -7.582503 13.187701 -0.000000 0.000000 0.000000 4.879599 -0.238072 -2.073207 -4.018140 -0.908174 -8.065050 7.168461 -2.090581 -3.198263 20.657593 -40.391597 19.326101 -1.614104 -18.101688 16.146601 -0.000000 0.000000 0.000000 2.657375 0.047945 3.286374 0.356591 -1.368705 -59.086546 11.207190 -10.814101 8.660246 -19.290842 12.462748 2.703570 -12.018058 13.222901 -38.819289 -31.896034 15.162492 14.560467 0.162802 39.420777 -30.431250 -17.487020 -11.827421 5.147719 
46.675301 104.656196 100.795996 -7.581613 -34.131561 -8.682948 -1.932650 -1.809045 10.466664 26.779490 -13.936689 4.250501 10.109964 13.198263 -9.540330 -0.000000 0.000000 0.000000 -7.261479 -2.366681 4.102040 18.823176 10.491638 0.102982 18.494824 3.574925 19.753952 -0.000000 0.000000 0.000000 5.074779 0.171574 -1.071704 -4.487429 -0.412937 -7.271758 7.337464 -1.521969 -2.580371 19.252095 -38.657100 20.783035 -2.821850 -17.991270 16.058278 -0.000000 0.000000 0.000000 2.673328 1.214790 4.125722 2.728854 -2.509894 -62.363350 11.442872 -12.666559 8.984983 -21.883408 11.046840 2.733509 -13.435539 12.907958 -39.505205 -33.530107 17.321262 15.772090 -2.925334 34.641670 -25.794979 -18.756240 -14.003705 8.860268 
43.844700 105.233192 97.949398 -8.056846 -37.747310 -10.974291 -0.890498 -2.054447 8.236506 26.538156 -15.077319 3.561768 10.046837 11.968166 -9.804765 -0.000000 0.000000 0.000000 -9.173628 -1.052293 5.367232 20.544613 12.120799 -0.380808 14.691118 3.186260 17.718286 -0.000000 0.000000 0.000000 5.597759 -0.279996 -0.047761 -5.155784 -0.108172 -6.192685 8.255268 -1.270159 -1.844941 17.273748 -37.656321 20.834211 -3.780619 -17.786592 15.463893 -0.000000 0.000000 0.000000 3.005482 1.535471 4.921422 4.449867 -3.058308 -65.596181 12.569162 -14.375785 9.431063 -24.670101 10.400409 3.105619 -13.585723 13.119514 -39.811598 -34.867340 17.595548 16.649387 -4.624247 34.327311 -26.748545 -19.329876 -15.152354 9.801912 
41.075501 104.707193 95.323193 -9.002197 -38.907804 -13.345838 0.846467 -4.666757 6.381271 25.923122 -18.934752 3.556225 7.884564 11.001159 -9.770262 -0.000000 0.000000 0.000000 -10.469090 1.756020 5.515412 23.205878 9.984064 -0.762932 12.844154 -3.145145 16.147503 -0.000000 0.000000 0.000000 6.939577 -1.297651 1.027843 -5.844795 -0.324899 -5.030924 9.101187 -1.598805 -1.140954 15.908515 -37.420369 20.556493 -4.512132 -17.399452 14.437173 -0.000000 0.000000 0.000000 3.843739 1.253279 4.898853 5.069973 -3.660757 -67.594137 13.548123 -15.680180 9.552512 -26.504273 10.534670 2.585616 -13.678446 13.157567 -39.107921 -34.200020 17.012200 16.683203 -6.503752 38.878662 -29.609338 -21.277438 -14.381448 6.118967 
38.387099 103.063202 92.843902 -9.219746 -38.361832 -15.089240 1.621842 -6.830765 5.392211 26.076494 -21.055960 3.914075 3.842685 12.971565 -6.179768 -0.000000 0.000000 0.000000 -11.672527 3.439444 3.966870 26.249809 9.154075 -0.932634 10.575273 -7.421401 13.183583 -0.000000 0.000000 0.000000 7.962608 -1.929106 2.395958 -6.295140 -1.113571 -3.968845 9.601463 -2.190825 -0.479913 15.198861 -37.916830 19.905417 -5.616519 -16.872505 13.837614 -0.000000 0.000000 0.000000 4.447433 0.227406 4.628842 4.634883 -3.361761 -68.786371 13.834075 -16.535018 9.061766 -27.214747 11.197537 2.090837 -13.199512 12.853736 -38.413115 -33.472471 14.568344 16.310808 -6.123740 46.174206 -34.359316 -23.234963 -13.485845 3.193897 
35.718599 100.276196 90.441394 -8.645352 -36.832070 -16.237235 1.009377 -6.947949 5.801104 29.003545 -16.059954 4.603216 -7.151950 22.133711 2.093852 -0.000000 0.000000 0.000000 -12.920576 3.813812 1.167631 29.483137 9.417016 -1.205179 9.209522 -11.148254 11.763263 -0.000000 0.000000 0.000000 8.530214 -2.104531 3.920064 -6.918865 -1.916797 -2.965272 10.284993 -2.885960 0.289188 14.573958 -39.830886 19.253154 -6.550624 -15.899564 13.682301 -0.000000 0.000000 0.000000 5.080086 -1.104371 4.407329 3.127424 -2.407508 -69.370715 15.549045 -17.573213 8.871237 -27.686857 12.016626 2.792601 -12.668854 12.060485 -37.808404 -32.864029 11.229995 15.309981 -3.559637 53.946235 -40.561056 -24.558233 -12.606734 0.589153 
32.873601 96.815807 88.014001 -8.374078 -34.278124 -16.979427 -0.697302 -3.819024 8.855781 33.606921 -12.675459 5.872097 -20.498793 21.166894 7.902180 -0.000000 0.000000 0.000000 -12.805591 2.792695 -2.567579 32.496997 10.345280 -2.576208 5.651038 -13.671279 9.990755 -0.000000 0.000000 0.000000 9.568318 -2.035792 4.460544 -7.012053 -3.140167 -1.920239 9.945969 -3.628460 1.140113 14.536584 -40.665393 19.131137 -7.350732 -16.209077 13.631479 -0.000000 0.000000 0.000000 5.780773 -2.682657 4.343453 1.292341 -1.126476 -69.258711 18.095806 -18.522060 9.115037 -27.259566 11.711822 4.497040 -12.253627 11.120558 -36.905089 -33.015037 7.906364 14.905911 2.078244 61.207517 -49.292720 -24.840188 -11.204534 -3.565395 
29.817301 93.311906 85.330498 -8.282765 -30.925909 -16.619417 -4.843310 -1.615389 11.628799 42.239099 -16.252941 10.248278 -29.038108 16.985704 9.106198 -0.000000 0.000000 0.000000 -11.371745 1.139372 -7.249458 34.435140 11.975804 -4.789806 3.937554 -15.028085 8.756913 -0.000000 0.000000 0.000000 11.135627 -2.044436 3.272214 -7.110493 -4.900951 -1.044777 9.177452 -4.442957 1.855827 15.567909 -40.535532 20.067551 -7.259127 -17.080152 13.963818 -0.000000 0.000000 0.000000 6.327516 -4.015015 3.960241 -0.450023 0.155713 -67.586008 21.040548 -19.749769 9.521779 -27.163912 10.724677 7.117755 -12.485430 10.336882 -35.269846 -33.277266 5.326125 16.132461 13.537453 67.717084 -64.015497 -24.319468 -9.157454 -8.692710 
26.310900 90.387702 82.443297 -8.208810 -28.218142 -15.320819 -8.489944 -3.765434 12.915153 50.352418 -19.159486 11.972151 -33.741691 17.973130 10.969618 -0.000000 0.000000 0.000000 -9.176289 1.039248 -11.532060 35.544455 13.468254 -7.129610 3.490989 -16.033074 8.341830 -0.000000 0.000000 0.000000 11.963743 -1.239178 0.979107 -7.248040 -6.707421 -0.439642 8.888208 -5.208305 1.946573 16.087349 -39.777021 21.017217 -4.950212 -18.761156 14.457384 -0.000000 0.000000 0.000000 6.480180 -4.890223 3.342154 -1.911682 0.593328 -64.633375 23.258547 -21.105864 9.765069 -26.598265 10.061710 9.621114 -13.173564 9.338540 -32.488231 -32.477095 4.231665 17.938580 36.863460 72.247474 -90.921884 -26.402454 -6.353205 -14.765509 
22.234699 88.230807 79.472095 -8.696866 -27.301810 -14.814017 -9.847672 -4.983694 15.648578 53.761778 -18.802399 12.817522 -35.153042 17.029166 9.295925 -0.000000 0.000000 0.000000 -6.625337 2.053248 -13.446606 36.574467 14.940654 -9.626609 2.870776 -16.687449 7.975065 -0.000000 0.000000 0.000000 12.008342 -0.445992 -0.225052 -6.753338 -7.135005 -0.269748 8.347459 -5.087211 1.648737 16.063662 -39.087096 20.558447 -3.677331 -20.439558 14.586752 -0.000000 0.000000 0.000000 6.418473 -5.435131 2.815922 -2.937090 1.570277 -62.317101 24.066811 -22.740435 10.592781 -24.763725 8.892457 11.125258 -12.858549 9.114090 -30.142648 -32.075160 3.450419 18.454616 66.201118 71.974601 -122.348999 -25.298857 -2.531710 -21.006613 
17.415400 86.987209 76.261699 -9.742785 -28.928090 -14.622717 -8.073715 -5.574142 19.042302 52.323553 -17.960629 12.238428 -33.723016 17.779089 6.999626 -0.000000 0.000000 0.000000 -4.843957 4.501098 -13.556435 38.485249 17.435217 -11.753627 0.927361 -17.061449 6.451690 -0.000000 0.000000 0.000000 11.285081 -0.156880 -1.299213 -6.120629 -6.090311 -0.708479 8.128833 -4.124034 0.957638 15.368786 -38.013882 19.277761 -2.434150 -21.655373 14.243869 -0.000000 0.000000 0.000000 6.280514 -4.930323 2.317986 -3.014038 2.978546 -60.068127 23.662558 -25.220692 11.553437 -23.894768 7.651110 12.685418 -12.176524 9.398964 -28.291998 -32.138322 4.019239 18.508099 82.974613 67.944987 -139.984747 -19.958591 0.769464 -26.860380 
11.956000 86.477202 72.630996 -10.031612 -31.457101 -13.915386 -5.411831 -5.017274 22.932555 47.511285 -18.507937 11.703396 -28.837351 19.210447 3.053488 -0.000000 0.000000 0.000000 -5.019874 6.117205 -12.859919 40.821443 20.250986 -12.814394 -2.750481 -15.652828 5.630873 -0.000000 0.000000 0.000000 9.424780 -0.197646 -2.248813 -5.045252 -4.565221 -1.633017 7.488389 -2.924759 -0.213275 14.225938 -36.278311 17.727959 -1.870536 -22.825977 13.640973 -0.000000 0.000000 0.000000 5.734098 -4.036225 1.741691 -2.208537 4.166805 -56.922135 23.136696 -27.215135 11.819491 -23.495839 6.516879 13.553227 -11.411119 9.946839 -27.347070 -32.807203 5.389907 17.638135 87.723934 65.582642 -144.010705 -15.729737 2.503649 -30.747024 
6.053930 86.482608 68.492997 -9.194575 -32.712922 -12.216953 -3.071188 -3.958134 26.138616 40.425875 -20.019828 13.197281 -19.467946 19.711065 -4.016603 -0.000000 0.000000 0.000000 -6.444142 4.643163 -12.529954 41.023124 18.621309 -11.214227 -11.166823 -16.459628 8.165417 -0.000000 0.000000 0.000000 7.360120 -0.183025 -3.487072 -3.868719 -3.630308 -2.942635 6.830517 -2.273670 -1.438499 12.263102 -34.224192 16.495496 -1.960559 -24.441833 13.239007 -0.000000 0.000000 0.000000 5.159205 -3.376483 2.051196 -1.796960 4.566829 -53.710028 22.181089 -27.341119 11.651724 -23.864037 6.343634 13.010796 -10.983921 10.600256 -27.864303 -33.832595 6.304798 16.455000 86.829080 66.457925 -142.358697 -15.738388 1.499979 -28.592946 
-0.169188 86.921304 64.022905 -8.116344 -31.928253 -10.135196 -1.319349 -3.908382 28.600858 32.622381 -22.262379 14.692707 -5.548190 19.632928 -10.609770 -0.000000 0.000000 0.000000 -7.710242 2.853069 -11.492899 42.632230 17.335846 -8.190662 -22.231821 -14.810270 4.259686 -0.000000 0.000000 0.000000 6.027844 -0.168056 -4.969358 -2.494760 -3.416011 -4.506431 5.885641 -2.164808 -2.613695 10.319474 -32.073254 15.363879 -2.330254 -26.733559 13.490890 -0.000000 0.000000 0.000000 4.120636 -3.547143 3.255704 -1.383911 4.371808 -50.533961 20.915016 -25.783505 11.409480 -23.749821 7.458786 11.554910 -10.523035 11.302578 -29.544694 -35.040437 6.029825 15.346209 78.534092 68.268444 -132.863747 -18.082018 -0.322587 -25.135882 
-6.029000 87.926102 59.505600 -6.898913 -30.073074 -7.698721 -1.040411 -5.404510 29.477692 24.906764 -21.116041 13.764805 10.912010 19.861365 -13.428600 -0.000000 0.000000 0.000000 -9.937926 1.978156 -9.513595 45.230628 15.902349 -4.809872 -27.500211 -14.719505 -0.784013 -0.000000 0.000000 0.000000 5.386389 -0.259810 -6.406940 -1.367262 -3.229224 -6.076824 4.829741 -2.526452 -3.989822 9.307309 -31.719836 14.462479 -1.654899 -27.552730 14.260196 -0.000000 0.000000 0.000000 3.097173 -3.783244 3.433478 -1.607225 3.547768 -46.537360 19.131820 -23.819441 11.296569 -21.684866 8.411760 10.793616 -10.126515 11.813592 -31.003338 -34.733078 6.078018 14.513565 64.594626 69.261247 -118.347585 -18.645909 -1.846572 -22.176724 
-11.015500 89.955205 55.445099 -6.114509 -28.237060 -5.966122 -2.607003 -5.880936 28.388224 21.986998 -22.394453 12.174859 13.658451 17.076415 -8.604151 -0.000000 0.000000 0.000000 -11.060889 0.935013 -6.522738 45.221142 15.100948 -3.248176 -26.838607 -15.710575 -3.853205 -0.000000 0.000000 0.000000 5.463059 -0.490821 -7.297060 -0.885427 -3.225974 -7.329324 3.959334 -2.723316 -4.989177 10.565978 -33.018688 14.494249 -1.176066 -26.688850 15.276177 -0.000000 0.000000 0.000000 2.389199 -3.772623 2.460221 -2.406874 3.147950 -43.764417 17.500474 -22.131973 11.767377 -18.492921 8.806941 11.427796 -9.630303 12.300097 -32.022508 -33.848323 6.045986 15.069414 52.432514 68.473459 -105.510778 -17.199925 -2.846646 -19.141779 
-15.255600 93.036300 51.949400 -6.805683 -26.817214 -6.014039 -3.995842 -5.357601 25.502997 24.934147 -26.893745 11.611669 10.415716 9.330245 -8.499264 -0.000000 0.000000 0.000000 -9.090999 -0.091890 -2.320758 41.076868 13.579933 -3.445158 -20.897401 -16.209377 -2.864219 -0.000000 0.000000 0.000000 6.658832 -0.414513 -7.645005 -0.891292 -3.375345 -7.755410 4.188544 -2.491176 -4.877729 12.130357 -33.926636 14.655016 -0.955280 -26.019137 15.828817 -0.000000 0.000000 0.000000 1.753175 -4.045113 2.300931 -2.921222 2.507504 -44.649150 15.778171 -20.503033 12.043902 -16.109087 8.520280 11.081395 -9.981415 13.067532 -32.654561 -33.114935 6.107819 16.308049 44.419757 66.964698 -95.715359 -15.472440 -3.535406 -15.014591 
-18.916500 96.716803 48.854697 -7.673415 -26.629329 -6.914993 -3.069251 -6.740179 21.163973 27.684549 -24.586905 9.546840 7.389229 11.581436 -7.972866 -0.000000 0.000000 0.000000 -6.179094 0.198825 1.312850 33.803213 12.708646 -2.575006 -10.302285 -16.240835 0.977291 -0.000000 0.000000 0.000000 7.388995 0.396262 -7.611352 -1.420885 -3.215122 -7.476332 5.737904 -2.302580 -4.201061 13.378653 -34.626654 14.904395 -0.211561 -24.879948 15.928756 -0.000000 0.000000 0.000000 1.519595 -3.843509 2.936441 -2.622489 0.689123 -47.651829 14.452282 -19.788956 11.052676 -17.109469 8.512786 10.339607 -10.978261 13.163201 -32.780607 -31.803354 8.100397 18.061669 35.244850 64.889674 -84.774267 -14.897384 -4.665375 -12.898748 
-22.123800 100.374198 45.907199 -7.920413 -27.049092 -8.287150 -2.698251 -7.783669 16.846071 29.406546 -19.405481 7.017254 4.828675 13.984833 -6.527927 -0.000000 0.000000 0.000000 -4.547903 0.455542 3.757082 26.217892 11.549470 -0.797049 4.268918 -12.578879 8.404790 -0.000000 0.000000 0.000000 7.482400 1.122145 -6.898774 -2.065973 -3.102091 -6.697285 7.229491 -2.143313 -3.395462 14.840277 -35.060390 15.682729 0.148405 -23.513453 15.785303 -0.000000 0.000000 0.000000 1.717894 -3.391208 3.813310 -1.432339 -1.688478 -51.468821 14.973713 -19.908939 10.436928 -17.690468 8.503929 8.042755 -11.965552 12.922106 -33.087433 -31.016350 10.931028 19.850857 24.024170 62.026013 -71.467741 -15.479901 -6.272076 -9.778883 
-25.085101 103.422201 43.008998 -7.797606 -27.993478 -9.732333 -3.158571 -6.789409 12.703231 29.820473 -15.467480 5.435199 6.542731 13.342534 -7.175581 -0.000000 0.000000 0.000000 -4.469324 -0.210541 5.031968 20.609529 10.203116 0.417906 17.333195 -3.340919 15.573308 -0.000000 0.000000 0.000000 7.515411 1.339573 -5.569561 -2.576999 -2.856899 -5.983703 7.652178 -1.855414 -2.662931 16.654258 -35.206752 16.795532 -0.247485 -22.185480 15.619659 -0.000000 0.000000 0.000000 2.035093 -2.908917 4.562552 0.256146 -3.899776 -55.493417 16.147730 -20.338703 10.819000 -18.089909 8.088897 6.105259 -12.907660 12.928322 -33.756241 -31.153579 13.395054 20.966557 13.258334 57.542610 -56.775925 -17.332141 -6.824271 -5.337186 
-27.991101 105.240202 40.140900 -7.604035 -29.310113 -11.174721 -3.603866 -4.390738 9.451023 29.222636 -15.383483 4.409750 7.854206 10.616627 -9.399980 -0.000000 0.000000 0.000000 -5.155392 -0.603063 6.248848 18.348574 11.755816 -0.392398 21.136102 4.872924 18.436885 -0.000000 0.000000 0.000000 7.753969 0.894014 -3.626442 -3.616804 -2.254934 -5.628091 7.898106 -1.432024 -2.003138 17.889584 -35.089959 17.682428 -1.111302 -20.827784 15.220784 -0.000000 0.000000 0.000000 1.963685 -1.843010 4.966767 1.597876 -5.023063 -59.280694 16.265427 -20.754221 11.457451 -20.596870 7.536050 4.716663 -13.457942 13.184956 -34.829191 -32.134125 15.561422 20.840895 5.294012 50.821386 -42.884431 -18.469670 -6.282732 -2.087039 
-30.864498 105.749190 37.328997 -7.145663 -29.723179 -12.493326 -3.425004 -4.334553 6.863096 27.798715 -17.920340 3.517812 7.508715 8.514580 -10.250670 -0.000000 0.000000 0.000000 -6.768735 0.580575 7.102685 19.349764 11.907307 -1.293023 18.770459 0.905571 16.728078 -0.000000 0.000000 0.000000 7.778131 -0.065828 -1.373536 -4.944054 -1.331322 -5.294421 8.788258 -1.304247 -1.432300 18.962540 -36.323024 18.780452 -1.061350 -18.753820 14.889456 -0.000000 0.000000 0.000000 2.023082 -0.577076 5.174477 1.773318 -5.940530 -62.635294 15.685475 -20.696068 12.052125 -23.417232 7.608791 4.286449 -13.522654 13.661209 -36.417104 -31.920294 17.351288 19.768017 2.152192 42.180352 -34.292411 -15.767049 -7.423079 1.641004 
-33.760300 105.161202 34.643099 -7.143687 -28.680606 -13.804889 -2.220739 -6.285725 4.940155 26.230163 -20.267244 2.832060 7.350392 8.140934 -11.310812 -0.000000 0.000000 0.000000 -6.940887 1.859167 6.248154 20.153790 8.759971 -1.608335 15.548148 -4.009108 15.856322 -0.000000 0.000000 0.000000 8.196431 -0.606530 0.783156 -5.664344 -0.797572 -4.951278 9.453733 -1.408656 -1.095539 20.236929 -37.433026 20.399182 -0.236179 -17.831033 14.600807 -0.000000 0.000000 0.000000 1.914332 0.068715 5.236746 1.398730 -7.460338 -65.182400 15.102390 -19.929985 12.946837 -24.273840 7.455837 3.348231 -13.602740 14.029858 -37.709860 -30.682716 18.445028 18.540105 1.388504 33.818440 -29.141575 -12.967724 -8.774135 6.027568 
-36.682400 103.455198 32.079399 -7.001769 -26.996981 -15.099245 -1.370604 -7.352554 4.118204 26.423394 -21.086384 2.812194 3.837537 10.538614 -8.794670 -0.000000 0.000000 0.000000 -6.695864 2.185743 4.240321 21.534963 8.464265 -1.811076 10.535981 -6.673922 13.188981 -0.000000 0.000000 0.000000 8.180848 -0.569848 2.985001 -6.140793 -0.530642 -4.504589 10.003294 -1.485519 -0.857828 21.852144 -38.467332 22.018718 0.713794 -17.493151 14.648205 -0.000000 0.000000 0.000000 1.644820 0.224410 5.352681 0.681663 -8.494610 -67.002273 15.537857 -19.525130 13.132191 -25.547137 7.735139 3.285132 -13.163706 13.973847 -38.955134 -29.992443 17.762442 18.034125 0.018068 28.466103 -25.562686 -14.277724 -10.361637 7.171411 
-39.657199 100.571203 29.582500 -6.147980 -24.801419 -16.067272 -1.405323 -7.583521 4.585107 28.519609 -17.791574 3.434943 -7.116574 18.295882 2.314070 -0.000000 0.000000 0.000000 -6.603416 1.771068 1.417306 23.199791 9.397620 -1.997537 6.989741 -11.333811 10.796836 -0.000000 0.000000 0.000000 7.269835 -0.371202 4.981936 -7.047972 -0.320950 -3.900045 10.934190 -1.742695 -0.421157 23.668051 -40.897396 23.407497 1.814789 -15.911202 14.815836 -0.000000 0.000000 0.000000 2.097738 0.080709 5.305462 -0.633126 -8.647070 -68.061532 17.588045 -19.919050 13.048714 -27.083293 8.706369 3.963570 -12.442836 13.699024 -39.959669 -29.834446 15.973327 17.964916 -3.724311 26.381543 -23.656554 -17.113996 -13.061296 7.599395 
-42.807299 97.106302 27.140999 -5.768893 -21.401552 -16.441253 -2.910719 -5.600778 6.639605 33.081575 -16.144619 5.421834 -21.790446 17.937539 9.713316 -0.000000 0.000000 0.000000 -4.696830 0.184478 -2.312434 24.477501 10.365374 -3.261471 3.035390 -15.012135 8.683174 -0.000000 0.000000 0.000000 7.034346 -0.060047 5.369059 -7.714031 -0.968434 -3.227274 11.197531 -2.184469 0.170016 25.265072 -41.787468 25.075010 2.721923 -15.506174 14.943505 -0.000000 0.000000 0.000000 2.749262 -0.211833 4.884904 -1.795731 -8.065325 -67.964509 20.196236 -20.578548 13.199375 -27.805030 8.954615 4.660442 -12.254195 12.742018 -39.354308 -29.998132 13.894657 18.097645 -6.564331 28.209903 -23.498010 -18.189354 -14.368545 5.650544 
-46.127996 93.704903 24.329099 -4.915399 -16.990282 -15.431463 -8.620766 -5.406126 7.732965 43.418469 -19.782986 9.697361 -30.822053 15.347271 12.368271 -0.000000 0.000000 0.000000 -2.478404 -1.765225 -6.678051 25.420733 11.024044 -4.927567 0.132048 -17.773521 6.925453 -0.000000 0.000000 0.000000 7.156797 0.156581 3.596738 -8.543246 -2.589960 -2.599393 11.331726 -3.110322 0.712195 26.378502 -41.380495 27.050087 4.019425 -15.606018 15.506896 -0.000000 0.000000 0.000000 3.652408 -0.434228 3.601432 -2.717819 -7.130032 -65.992493 22.186446 -21.548791 13.523553 -28.566553 8.903562 6.337027 -12.575810 11.293948 -37.332539 -29.279696 11.929310 18.277562 -7.290471 33.088076 -25.503028 -20.024475 -14.659768 1.423280 
-49.885899 91.057205 21.354900 -4.301786 -12.967837 -13.622197 -13.900912 -8.616578 7.609274 52.179610 -21.613129 11.369455 -35.035347 15.561067 13.879053 -0.000000 0.000000 0.000000 0.423200 -2.645519 -10.587288 25.616513 9.941157 -6.491651 -1.017338 -20.976206 6.110044 -0.000000 0.000000 0.000000 6.915994 0.963315 0.483153 -8.580878 -4.923432 -2.341547 11.379756 -4.428107 0.867091 27.734100 -40.111312 28.516259 5.420769 -15.643936 16.244931 -0.000000 0.000000 0.000000 4.869694 -0.919206 2.961422 -3.298962 -6.042133 -63.420102 22.294323 -21.838250 13.075153 -28.058912 8.328936 8.302401 -13.061064 9.915083 -35.350966 -27.659464 10.601785 19.767176 -6.589041 38.905605 -29.591806 -22.053641 -14.744519 -2.111031 
-54.281300 89.280701 18.413299 -4.616665 -11.669624 -12.616874 -16.502091 -10.193171 9.993679 55.756730 -21.235003 11.299210 -36.135032 13.928651 12.017973 -0.000000 0.000000 0.000000 3.027839 -2.016245 -12.354697 26.265334 10.346704 -8.127390 -0.447129 -23.367101 4.789492 -0.000000 0.000000 0.000000 6.493985 1.706116 -1.867588 -8.020235 -5.823570 -2.371207 10.845398 -4.818303 0.633743 28.459189 -38.402990 28.212254 6.544821 -15.552127 16.447798 -0.000000 0.000000 0.000000 5.690128 -1.276118 2.778734 -3.162726 -4.469373 -60.610486 21.932350 -20.880511 11.762845 -26.472950 8.172608 8.486985 -12.837674 9.275154 -33.763463 -26.405993 9.697338 20.943170 -5.890428 44.871750 -33.192378 -24.980827 -13.884679 -5.531466 
-59.127498 88.330704 15.444000 -6.002908 -13.409136 -12.334560 -15.681895 -10.185870 13.775617 55.354266 -21.285730 10.875824 -35.539869 14.322902 10.113853 -0.000000 0.000000 0.000000 4.716166 -0.362714 -12.745308 27.549946 13.347197 -9.361754 -0.315554 -24.094096 3.857749 -0.000000 0.000000 0.000000 6.028028 2.267586 -3.073292 -7.097315 -5.012309 -2.716304 10.406372 -3.992383 -0.088197 27.282101 -36.506709 26.345505 6.858583 -15.125632 15.976852 -0.000000 0.000000 0.000000 5.569604 -0.892286 1.984839 -2.710066 -2.387097 -57.220221 20.952217 -19.413690 10.440049 -25.160602 8.687213 8.250434 -12.195723 8.983002 -32.092334 -26.346281 9.668037 20.592016 -4.507996 50.540436 -37.014263 -27.244650 -13.156614 -7.682974 
-64.420998 88.031703 12.193300 -7.348340 -16.503755 -12.281035 -13.175857 -9.153224 18.109552 51.888508 -21.625061 10.839727 -32.604264 15.908250 7.188262 -0.000000 0.000000 0.000000 4.279175 0.206672 -12.320099 29.393285 16.068678 -9.662998 0.774049 -22.135296 5.188521 -0.000000 0.000000 0.000000 5.384165 2.758489 -3.722469 -6.111498 -3.567469 -3.441019 9.995508 -2.671849 -1.030198 24.408409 -34.112913 23.691603 6.421512 -14.906662 15.143730 -0.000000 0.000000 0.000000 4.746442 -0.011469 1.427540 -2.419702 0.298483 -54.120023 18.991315 -17.739577 9.738842 -23.260892 9.124973 8.716158 -11.721361 8.856989 -31.052658 -27.562431 9.819066 19.818129 -1.648372 55.767563 -41.740304 -27.985482 -12.159370 -9.506031 
-70.185095 88.091904 8.546660 -7.777137 -18.978666 -11.573496 -9.880941 -8.410435 21.571184 45.505757 -21.807213 11.850743 -27.096904 17.917348 2.332055 -0.000000 0.000000 0.000000 2.038658 -0.584219 -11.364558 31.339120 13.309685 -8.762445 -6.212860 -23.907805 6.929632 -0.000000 0.000000 0.000000 4.675263 3.145156 -5.093352 -5.124529 -2.326149 -4.510593 9.163962 -1.835819 -1.867752 20.928384 -30.801110 21.501722 5.088568 -15.609704 14.158276 -0.000000 0.000000 0.000000 4.400716 0.877376 1.837397 -2.631186 2.677205 -51.074128 17.056690 -16.208448 9.568062 -22.149301 9.368789 9.291015 -11.544760 8.891348 -30.916410 -28.875153 10.007569 19.171697 2.092960 59.425829 -47.406157 -27.524406 -10.779290 -11.946617 
-76.158500 88.286304 4.687000 -7.504070 -20.160131 -10.374213 -6.557543 -8.112611 23.916579 38.076880 -23.096103 13.954175 -18.344713 20.529191 -2.253921 -0.000000 0.000000 0.000000 -0.783801 -1.307923 -9.894747 34.658601 11.886796 -6.711085 -16.955155 -23.485004 3.324078 -0.000000 0.000000 0.000000 4.050271 3.133849 -6.621758 -3.837750 -1.615810 -5.885386 7.876430 -1.369849 -2.832041 17.008817 -27.037562 19.610361 3.234867 -16.669972 13.499444 -0.000000 0.000000 0.000000 3.441775 1.168515 2.509958 -2.334421 4.734230 -47.077763 15.071840 -15.325678 8.979254 -21.096652 9.875333 9.234854 -11.452351 9.201527 -31.208978 -30.596542 9.818817 17.760389 5.626495 61.923752 -52.703330 -26.855750 -9.713772 -13.754994 
-81.593800 88.648105 0.765852 -6.456628 -20.755478 -8.720339 -4.907163 -8.960509 24.684845 32.258129 -23.076821 15.145697 -8.720724 23.840493 -3.384831 -0.000000 0.000000 0.000000 -5.356517 -0.970189 -8.337044 39.891867 11.743339 -4.524381 -24.122403 -22.544260 -0.682733 -0.000000 0.000000 0.000000 3.716754 2.882100 -7.578193 -3.042824 -0.890186 -7.369810 6.496403 -1.214983 -4.194302 13.110085 -24.454714 18.304567 1.658424 -16.959651 13.098572 -0.000000 0.000000 0.000000 2.113809 1.197730 2.174562 -2.162176 5.833151 -42.479079 13.497997 -14.630733 9.114109 -19.188950 10.785280 8.790596 -11.391564 9.339450 -31.501167 -31.796389 9.931627 15.851912 9.231723 63.546477 -59.286213 -25.749914 -9.206354 -15.516498 
-86.028194 89.740008 -2.834990 -5.416002 -21.713219 -7.566699 -4.514400 -9.642135 24.742180 29.601808 -23.508879 13.774863 -6.511398 23.014210 1.227441 -0.000000 0.000000 0.000000 -9.560702 -0.581808 -6.214936 42.901853 12.107636 -2.545177 -25.535993 -22.573326 -3.651679 -0.000000 0.000000 0.000000 3.423848 2.754639 -7.630521 -2.388320 -0.141207 -8.424202 5.178183 -0.908388 -5.322721 10.677392 -23.978789 17.358974 0.051769 -16.009369 13.039899 -0.000000 0.000000 0.000000 1.030493 1.166008 1.313048 -2.498529 6.407137 -40.307416 12.183235 -13.846634 10.252599 -16.442316 11.166566 10.576975 -10.920794 9.531833 -32.142031 -32.860907 9.637819 14.709052 14.877911 65.439878 -68.890997 -24.292167 -7.764299 -16.980626 
-89.685398 91.864109 -5.913990 -5.685979 -23.551009 -7.861111 -4.061357 -7.859253 24.450503 29.689555 -25.734408 11.516375 -7.165870 16.247785 -2.619284 -0.000000 0.000000 0.000000 -10.113301 -1.031578 -3.317136 40.726436 11.223199 -1.832032 -22.568651 -20.676378 -2.830063 -0.000000 0.000000 0.000000 3.627962 3.083001 -7.424997 -1.642893 0.068757 -8.672808 4.221658 -0.090899 -5.546908 9.554499 -22.931242 16.802138 -2.032307 -16.153977 12.965860 -0.000000 0.000000 0.000000 0.191517 0.761161 0.864693 -2.385516 7.372630 -41.368973 10.247001 -13.495904 10.661824 -14.004406 10.348958 12.022905 -11.048942 9.997518 -31.983737 -34.687736 9.438024 14.820081 27.179577 68.056000 -83.840658 -21.653737 -6.198805 -19.356019 
-92.629993 94.854003 -8.554719 -5.858066 -24.995674 -8.338698 -3.744948 -6.608929 21.983697 30.856729 -25.992109 9.557003 -7.590787 12.470706 -4.524839 -0.000000 0.000000 0.000000 -8.306413 -1.937879 -0.825306 34.264419 10.700674 -1.635908 -15.532661 -18.073874 0.535614 -0.000000 0.000000 0.000000 3.515437 3.757065 -7.622163 -1.865268 -0.330157 -8.327408 4.466231 0.262986 -5.262431 9.392101 -22.150250 16.829899 -2.264921 -16.441508 12.850334 -0.000000 0.000000 0.000000 0.087621 0.775698 0.566211 -1.888630 7.467638 -43.767792 10.029135 -13.748804 9.767800 -13.836865 10.335573 10.879603 -11.592668 9.564592 -30.950534 -35.809044 10.140401 16.586861 46.283569 69.212028 -105.362131 -19.838691 -4.401734 -22.395037 
-95.024300 98.230600 -10.966500 -5.801887 -26.061907 -9.446008 -3.714808 -5.520059 18.925649 31.771063 -22.607687 7.920292 -7.512494 10.821941 -4.992895 -0.000000 0.000000 0.000000 -6.199060 -2.205409 1.733371 26.452795 10.057521 -0.856168 -4.076940 -15.220914 5.937606 -0.000000 0.000000 0.000000 3.250888 4.096339 -7.482350 -2.406911 -1.050965 -7.396135 4.973074 0.181845 -4.597159 9.773381 -22.175873 17.147975 -1.965778 -16.044556 12.815221 -0.000000 0.000000 0.000000 0.684476 0.825551 -0.101432 -0.898906 7.097918 -47.010361 10.891192 -14.868754 8.705529 -13.808589 10.380065 8.567032 -12.087438 8.640992 -29.387048 -36.072451 11.115369 18.245475 65.530292 67.584373 -126.462171 -16.897343 -2.795095 -24.935381 
-96.975499 101.359200 -13.375200 -5.886055 -27.701468 -10.628153 -3.496113 -4.356743 15.077933 32.311316 -18.702525 6.392198 -5.528865 9.398482 -4.892518 -0.000000 0.000000 0.000000 -5.172910 -2.525491 3.119575 20.011747 8.566674 0.103951 8.999538 -9.136202 12.804577 -0.000000 0.000000 0.000000 3.476654 4.065652 -7.168764 -3.160024 -1.734877 -6.383350 5.605435 0.026662 -3.802157 9.305551 -22.417691 17.232539 -2.084766 -15.514568 12.748804 -0.000000 0.000000 0.000000 1.340633 0.586457 -0.407340 0.778555 5.853605 -51.559908 12.386581 -16.437638 8.345979 -13.381724 10.069578 7.814325 -12.943569 7.702007 -28.279260 -36.108040 11.742178 19.587399 79.099910 64.750439 -141.409787 -14.597885 -2.161882 -25.887491 
-98.685795 103.595197 -15.819100 -6.266262 -29.888551 -11.952194 -2.806325 -3.005472 11.093955 32.094447 -18.545187 5.554049 -2.291774 5.557127 -7.592608 -0.000000 0.000000 0.000000 -4.926642 -3.057914 3.994913 16.051426 8.081504 -0.311465 16.363506 -0.182406 18.116243 -0.000000 0.000000 0.000000 3.956886 3.884713 -6.201661 -3.551749 -2.565818 -5.508561 6.022446 -0.074584 -3.064336 7.924331 -21.685846 16.495028 -3.832574 -15.436240 12.142700 -0.000000 0.000000 0.000000 1.584484 -0.437466 -0.170669 2.851364 3.942792 -56.756611 14.317153 -17.949761 8.637511 -13.888303 9.183613 7.329906 -13.796644 7.457646 -28.009978 -36.883420 11.739521 20.215427 86.905331 62.862267 -149.729289 -15.087867 -2.337736 -25.042320 
-100.299001 104.491198 -18.229601 -6.446626 -31.939910 -13.236313 -1.658577 -3.609741 7.071289 30.162229 -20.802457 5.165625 1.988618 2.165824 -10.132639 -0.000000 0.000000 0.000000 -5.817751 -1.516307 5.094483 15.969423 9.696409 -1.298800 16.805682 0.938285 17.533296 -0.000000 0.000000 0.000000 4.067785 3.026698 -4.372543 -4.297295 -2.934999 -4.732448 7.013653 -0.362626 -2.430407 6.055979 -21.606810 14.799224 -5.984611 -14.332428 10.993610 -0.000000 0.000000 0.000000 1.582342 -1.340344 0.468959 3.793422 1.378901 -61.967175 15.710652 -18.968908 8.966355 -16.977537 9.175433 6.890289 -14.131389 7.713316 -28.838299 -37.328588 11.861460 20.054927 88.905025 62.773850 -152.301473 -15.971536 -3.000872 -24.454991 
-101.862001 104.184198 -20.493200 -6.726974 -33.018500 -14.594734 -0.015549 -6.620799 3.181207 26.858485 -23.489227 5.294423 5.338042 1.508465 -10.501352 -0.000000 0.000000 0.000000 -7.038050 1.447743 5.725781 18.784529 8.450361 -2.008779 15.184635 -4.936234 15.823262 -0.000000 0.000000 0.000000 4.565971 1.706473 -2.062922 -5.398138 -2.902634 -4.097365 8.156923 -0.858897 -1.895729 4.243086 -22.464322 13.167452 -7.390165 -12.605158 9.789856 -0.000000 0.000000 0.000000 1.457501 -2.102071 1.093472 3.148150 -1.605311 -66.345116 16.562616 -19.414722 9.074325 -18.795358 9.546517 6.620019 -14.273641 8.105144 -30.011335 -36.133928 11.847554 19.093253 86.878448 64.275668 -150.569604 -15.498198 -2.438312 -25.939703 
-103.351998 102.726197 -22.752599 -6.887998 -33.493622 -15.953329 1.065407 -9.738917 0.326144 24.039061 -22.962999 4.840289 4.752668 7.434029 -2.885189 -0.000000 0.000000 0.000000 -8.458985 3.246884 5.146916 23.318900 7.561339 -1.615610 12.126221 -9.564481 13.045450 -0.000000 0.000000 0.000000 5.376335 0.618360 0.507435 -6.649804 -2.848597 -3.585921 9.334032 -1.473465 -1.349969 2.328759 -24.043031 11.671893 -8.604158 -10.333705 9.067625 -0.000000 0.000000 0.000000 1.369785 -3.281704 1.461770 1.632233 -4.561039 -69.479382 18.408273 -20.415428 9.524663 -20.410447 10.234142 6.993139 -13.943784 8.415729 -31.380861 -34.623357 10.991808 17.506564 81.291904 66.375388 -144.625238 -14.737585 -1.318689 -27.741571 
-104.916000 100.364196 -25.030199 -6.946342 -33.562412 -17.495321 1.010926 -9.187248 0.505460 26.133437 -16.018206 4.008885 -7.066002 15.938289 5.431656 -0.000000 0.000000 0.000000 -9.857101 3.588348 4.283620 28.759256 6.541455 -1.180506 7.971001 -13.190406 10.804696 -0.000000 0.000000 0.000000 6.132914 -0.214249 2.841945 -7.413758 -3.110222 -2.890346 10.049275 -2.161932 -0.640422 0.860023 -25.359122 10.854958 -10.141253 -8.169915 8.476291 -0.000000 0.000000 0.000000 1.708321 -4.815384 1.305372 -0.032018 -6.520554 -70.987486 21.747519 -22.691243 10.640442 -22.136926 9.692683 8.372342 -13.473996 8.390874 -31.930975 -33.625947 10.404258 15.588136 72.413206 68.382849 -133.725555 -13.468697 0.143971 -30.617028 
-106.721997 98.049206 -27.305001 -6.968926 -31.977341 -17.822819 0.332982 -4.390477 3.425532 28.396486 -14.145438 4.361783 -17.432480 11.162212 8.514206 -0.000000 0.000000 0.000000 -9.760578 1.495039 2.099279 33.361211 4.633303 -1.463461 4.214610 -16.251276 8.493627 -0.000000 0.000000 0.000000 6.852616 -1.272033 2.838034 -6.733979 -4.258169 -2.246483 9.222420 -3.202807 0.185119 1.645396 -25.771160 11.736658 -11.918405 -7.154380 8.886492 -0.000000 0.000000 0.000000 2.667191 -6.434835 0.736088 -1.316556 -7.463709 -70.301717 26.052414 -25.184222 12.496880 -22.420590 7.790247 10.128376 -12.725202 8.185804 -31.779741 -32.427390 9.207827 15.556301 66.149186 69.648764 -124.425898 -12.564495 0.980714 -33.052354 
-108.685994 96.160501 -29.679400 -6.656587 -29.407275 -16.658435 -2.576344 -2.386776 4.849860 34.006676 -18.938987 6.335174 -24.143798 9.115384 10.104624 -0.000000 0.000000 0.000000 -8.904668 -0.832113 -0.788324 36.549924 3.405400 -2.093503 2.335959 -20.223850 6.054964 -0.000000 0.000000 0.000000 7.284020 -2.322204 0.808113 -6.760568 -5.943245 -1.966726 9.431830 -4.635209 0.986866 3.188303 -26.776997 13.347156 -11.638478 -6.833825 10.345049 -0.000000 0.000000 0.000000 3.782678 -6.984001 0.640221 -2.256575 -7.346038 -68.608484 30.020662 -28.323048 14.496412 -22.873263 6.187491 13.128171 -12.657041 7.795042 -31.491897 -30.091266 7.815096 17.714066 62.179186 69.984475 -116.848429 -14.551374 1.669775 -33.540839 
-110.932994 95.126903 -31.965500 -6.942889 -28.383955 -15.381117 -4.257608 -3.991236 4.762093 37.724573 -19.675255 6.300222 -26.989740 11.004411 12.621824 -0.000000 0.000000 0.000000 -7.119873 -1.757994 -3.015719 37.040192 2.291271 -2.431570 2.661236 -23.272155 4.310733 -0.000000 0.000000 0.000000 7.062181 -2.204983 -1.953892 -6.664348 -7.047135 -1.897662 9.602512 -5.628702 1.270316 5.788354 -28.078257 15.169877 -9.524766 -7.815071 11.657361 -0.000000 0.000000 0.000000 4.700965 -6.700646 0.341291 -2.523462 -7.786274 -66.160897 31.423945 -30.184010 15.191490 -22.698249 5.425713 14.542473 -12.664045 7.116045 -30.106925 -26.541494 7.786971 19.883791 58.416340 69.192577 -109.591320 -14.878380 1.618473 -32.935757 
-113.492000 94.853008 -34.243998 -8.340760 -29.921263 -15.601319 -3.706502 -4.652592 6.156277 38.586634 -17.926666 5.955892 -27.878749 11.369406 11.690039 -0.000000 0.000000 0.000000 -4.600938 -1.912775 -3.195323 35.120959 1.057763 -2.574984 2.939287 -24.751897 3.706322 -0.000000 0.000000 0.000000 6.416063 -1.362509 -3.604237 -5.910575 -6.672636 -2.168028 9.451675 -5.433095 1.033879 8.958828 -29.347194 17.155581 -6.838562 -10.114693 13.004554 -0.000000 0.000000 0.000000 4.992753 -6.162491 -0.405226 -2.306996 -7.874503 -63.519638 30.103924 -30.291124 14.497014 -21.917833 4.456543 14.676420 -12.044144 6.894029 -28.304987 -23.335821 7.515266 21.138179 54.751441 68.075662 -102.047574 -13.822962 1.781252 -32.352815 
-116.197002 94.756502 -36.423999 -9.880718 -33.336044 -16.795934 -1.811241 -5.367671 7.759449 37.746080 -16.426332 5.639091 -28.532501 14.222564 12.002098 -0.000000 0.000000 0.000000 -2.625033 -1.033079 -1.897379 32.657490 1.632365 -2.314001 2.653973 -25.665198 4.056836 -0.000000 0.000000 0.000000 4.324726 -0.424390 -3.719575 -4.542862 -5.323186 -2.484468 9.570337 -4.286513 0.345734 11.853800 -31.376463 18.498100 -5.114548 -12.390157 14.672081 -0.000000 0.000000 0.000000 4.852449 -5.410817 -1.067194 -1.794235 -7.308733 -61.516273 27.380220 -29.903620 13.555009 -21.793761 5.303126 13.430637 -10.797916 7.515413 -27.253093 -21.451963 6.914363 20.910816 49.071360 66.791219 -92.792738 -13.083127 0.326590 -28.879331 
-118.808997 94.603008 -38.923898 -11.046872 -37.794791 -17.875731 -1.035501 -6.644415 8.816892 38.323662 -14.714030 5.323770 -28.535535 18.293185 12.227542 -0.000000 0.000000 0.000000 -2.261940 0.042115 -0.550119 30.897137 2.369645 -1.684737 -0.975897 -27.726344 4.477628 -0.000000 0.000000 0.000000 2.427400 0.455402 -3.515104 -3.604957 -3.764133 -2.871377 9.474104 -3.117693 -0.558234 13.615937 -32.919295 19.758191 -3.954079 -14.023246 15.531743 -0.000000 0.000000 0.000000 4.577850 -4.036324 -1.885608 -1.037844 -6.530921 -59.236317 24.421064 -28.951752 12.543943 -21.636281 5.548637 13.123865 -10.079277 8.220205 -26.785541 -20.444200 7.767551 20.324262 40.373792 65.249146 -81.182626 -13.116175 -2.362547 -25.005334 
-121.284997 94.348001 -41.647300 -12.406941 -41.793827 -19.098224 -1.755194 -6.648359 9.943038 41.452755 -13.329632 5.737196 -27.193791 20.760894 11.698140 -0.000000 0.000000 0.000000 -2.669709 -0.530488 0.396928 31.164238 4.932040 -1.347476 -6.768304 -25.200994 2.612886 -0.000000 0.000000 0.000000 1.642824 1.502144 -3.420693 -2.562341 -3.018976 -3.294883 8.901755 -2.495584 -1.203305 13.789607 -33.617686 20.404206 -3.161725 -15.624224 16.092656 -0.000000 0.000000 0.000000 4.039568 -3.583482 -1.686037 0.235520 -4.901106 -57.761135 21.662695 -27.387103 12.046560 -21.328188 6.584488 12.317229 -9.886981 9.516414 -27.555139 -21.386018 8.099178 20.379397 31.327903 64.613308 -70.154129 -18.966020 -6.535776 -15.757229 
-123.317003 94.146305 -44.306499 -13.826124 -45.631765 -20.188717 -3.741895 -6.125330 10.569017 45.919593 -11.554001 6.144935 -24.282838 22.354017 10.910570 -0.000000 0.000000 0.000000 -4.277453 -0.395669 1.291101 33.321857 7.705767 -1.660817 -10.407358 -22.277949 1.729738 -0.000000 0.000000 0.000000 1.892549 1.833122 -3.645393 -2.131596 -2.608112 -3.582578 8.273124 -2.261545 -1.706077 13.050157 -34.015173 20.963236 -2.400794 -16.712828 16.431379 -0.000000 0.000000 0.000000 3.692577 -3.060939 -1.470773 1.397843 -3.148860 -56.711476 18.979478 -24.657072 11.355429 -21.049980 7.693903 11.167264 -10.157756 10.686352 -28.304975 -23.006988 9.479039 20.606262 22.727370 63.412583 -60.869998 -24.291286 -11.202699 -7.243730 
-124.833000 94.292802 -46.744800 -16.164898 -50.049929 -22.054344 -5.242650 -6.263239 10.652662 49.841412 -9.668990 5.458201 -20.794413 23.084690 11.641043 -0.000000 0.000000 0.000000 -6.314587 1.517735 2.863043 35.561815 9.801694 -1.410485 -11.401388 -22.372370 -0.411258 -0.000000 0.000000 0.000000 2.585088 1.405478 -3.831222 -1.811613 -2.067387 -3.832540 8.019570 -2.032853 -2.157592 12.384532 -34.643180 21.846972 -1.986354 -16.622625 17.115866 -0.000000 0.000000 0.000000 3.880533 -2.522450 -1.695881 1.921346 -1.142063 -55.968721 15.444692 -21.224553 9.740726 -20.233990 8.474702 11.215517 -10.193810 11.625018 -29.063484 -24.024658 11.011598 21.489029 18.914525 62.638339 -58.087604 -25.376090 -11.892379 -5.927332 
-125.901997 94.960308 -48.794600 -19.746015 -54.747757 -25.026403 -5.609995 -6.223922 10.063696 52.216334 -10.667529 4.750821 -19.215167 20.694711 10.003219 -0.000000 0.000000 0.000000 -7.446275 3.082256 4.648096 36.382060 10.690489 -2.199360 -9.832248 -21.624789 -0.767020 -0.000000 0.000000 0.000000 3.456099 1.070607 -4.282075 -1.442454 -1.899728 -3.906038 7.959107 -1.711111 -2.323652 12.066263 -34.382868 22.825009 -2.127555 -16.858899 17.515928 -0.000000 0.000000 0.000000 4.020542 -2.352523 -1.514579 2.273876 0.682873 -56.794159 12.128124 -16.549590 8.409472 -19.065676 9.405622 10.121129 -10.549657 12.415204 -29.818251 -25.388069 12.256201 22.992579 19.525421 62.026982 -60.532077 -24.906858 -12.096267 -4.715775 
-126.603997 96.090698 -50.439203 -23.246845 -58.926811 -28.182229 -5.819518 -6.526770 8.727424 52.483598 -12.810499 4.479530 -18.221573 18.247951 7.257664 -0.000000 0.000000 0.000000 -7.248557 3.974966 6.141749 34.598464 11.628016 -3.724613 -6.701728 -19.821231 0.717882 -0.000000 0.000000 0.000000 4.033543 1.022689 -4.660896 -1.617966 -2.306020 -3.846770 8.236358 -1.810298 -2.246962 12.359682 -33.909628 23.428950 -2.060718 -17.144996 17.511182 -0.000000 0.000000 0.000000 4.111604 -1.864328 -1.125043 2.687239 1.953037 -58.648962 9.357951 -12.296568 7.350370 -18.874895 10.957341 8.425455 -11.607906 12.518115 -30.357971 -26.567302 13.774701 24.612861 21.577082 62.887865 -63.954867 -25.769190 -12.971701 -3.649962 
-127.014995 97.547400 -51.698601 -26.407109 -62.670831 -31.421984 -5.945793 -7.372736 6.977724 50.829457 -14.914154 4.814036 -16.875975 16.477670 5.175309 -0.000000 0.000000 0.000000 -6.363803 4.804411 7.137952 30.576951 12.898886 -4.490509 -2.193566 -18.255963 2.810180 -0.000000 0.000000 0.000000 4.239873 1.070529 -4.655605 -2.201582 -2.641207 -3.748236 8.602161 -2.039552 -1.974280 13.478981 -33.911238 23.909540 -1.912708 -16.820208 17.311603 -0.000000 0.000000 0.000000 4.367298 -1.018505 -0.832316 3.049916 2.559369 -60.997354 7.420033 -9.879176 6.889502 -19.515291 12.413717 7.147061 -12.541011 12.020587 -30.941266 -27.045016 14.795594 25.398254 24.647202 64.299737 -67.520379 -26.892441 -12.744505 -3.316908 
-127.111995 99.106300 -52.708095 -31.074453 -66.856666 -36.185347 -5.575300 -8.230444 4.962996 47.444488 -16.778731 5.437566 -14.115139 14.353093 2.723112 -0.000000 0.000000 0.000000 -5.722817 5.539002 7.729851 26.292926 14.194891 -5.172055 3.709315 -15.785012 5.798616 -0.000000 0.000000 0.000000 4.299659 1.232382 -4.404812 -2.612990 -2.597195 -3.708850 8.943993 -2.061481 -1.717512 14.172233 -33.673289 24.389335 -1.796252 -16.118613 17.117120 -0.000000 0.000000 0.000000 4.429951 0.110569 -0.989438 3.744457 2.498037 -63.259903 6.111604 -9.978824 7.065898 -19.981661 12.469845 6.828265 -13.425105 11.275131 -31.374232 -27.256811 15.601539 25.280195 28.326231 65.226026 -71.737148 -25.794544 -12.705462 -2.785336 
-126.938999 100.456190 -53.566301 -40.185977 -71.821213 -45.328728 -4.651503 -9.388303 2.904199 42.866138 -18.609679 5.639126 -11.442395 12.429173 1.173586 -0.000000 0.000000 0.000000 -5.883091 6.486174 8.013022 22.818364 15.676297 -5.535896 9.981946 -12.152306 8.995355 -0.000000 0.000000 0.000000 4.276249 1.408018 -3.962373 -2.945738 -2.118368 -3.683313 9.228109 -1.770338 -1.594074 14.306609 -32.801438 24.643736 -1.886035 -15.150524 16.710714 -0.000000 0.000000 0.000000 4.337334 1.413208 -1.323381 4.946321 1.492535 -65.270559 5.943449 -11.884671 7.205805 -20.620925 11.711457 7.014167 -14.222765 10.484683 -31.661821 -27.678757 16.879934 24.840001 29.467308 66.221252 -73.850402 -25.185751 -12.577206 -3.054725 
-126.540995 101.343191 -54.430300 -57.882743 -76.571938 -63.314629 -3.974315 -10.486528 1.355987 38.244727 -20.374547 5.827875 -10.442498 11.471731 0.832311 -0.000000 0.000000 0.000000 -6.947817 7.742093 8.694569 20.290917 17.900066 -5.812880 15.449939 -8.338020 11.873019 -0.000000 0.000000 0.000000 4.261759 1.417596 -3.365805 -3.265549 -1.452012 -3.545233 9.361477 -1.364055 -1.504319 14.065935 -31.508933 24.619557 -2.178611 -13.884889 16.035491 -0.000000 0.000000 0.000000 4.229910 2.582204 -1.546172 6.339657 -0.005162 -66.922049 7.400356 -14.764622 7.451228 -21.818153 11.067491 6.694002 -14.903811 9.809310 -31.931991 -28.302363 18.328315 24.444298 28.801522 67.074821 -74.333663 -25.319925 -12.313623 -3.563571 
-125.945997 101.643205 -55.298597 -88.689198 -78.975702 -94.458030 -3.604682 -11.696921 0.148862 33.765078 -22.125481 6.348354 -8.667381 11.017262 -0.101215 -0.000000 0.000000 0.000000 -8.787764 8.517324 9.509097 19.109579 20.098908 -6.050224 19.296278 -3.484133 14.505647 -0.000000 0.000000 0.000000 4.374036 1.495838 -2.937308 -3.403774 -1.103507 -3.300789 9.425390 -1.147884 -1.450707 13.234311 -29.415750 24.272647 -2.540644 -13.067126 15.254449 -0.000000 0.000000 0.000000 3.853342 3.269393 -1.674596 7.645889 -1.793573 -67.852273 9.418963 -17.659952 7.581658 -21.999986 10.181291 6.436759 -15.658398 9.149700 -31.801127 -29.060125 19.932604 24.041802 28.197453 67.435010 -74.601942 -24.512324 -12.265206 -4.148758 
-125.081992 101.283193 -56.122398 -119.193158 -77.458559 -125.534702 -3.567612 -13.093294 -0.614905 30.183333 -24.101911 7.371473 -3.091749 10.310979 -2.213536 -0.000000 0.000000 0.000000 -10.957672 9.487889 10.550501 19.348627 21.959134 -5.797829 19.590445 0.829627 16.400242 -0.000000 0.000000 0.000000 5.353071 1.327436 -2.548664 -3.470840 -1.007773 -3.031270 9.268549 -1.160608 -1.364265 11.768594 -26.963677 23.800329 -2.744698 -12.643685 14.505359 -0.000000 0.000000 0.000000 3.343173 3.080173 -1.507396 8.586873 -3.839633 -68.174993 11.656884 -20.152769 7.798807 -22.015329 9.241214 6.009069 -16.120182 9.047862 -31.745680 -29.398430 20.502337 23.252442 26.853646 67.863208 -73.824681 -25.386789 -10.346547 -5.356224 
-123.930001 100.097191 -56.838000 -137.640937 -73.581858 -144.678450 -4.193673 -14.829039 -0.785937 29.481867 -26.224464 7.631889 -3.424870 12.295248 0.675304 -0.000000 0.000000 0.000000 -13.737473 10.819812 11.403495 21.484626 23.856369 -4.556003 13.921660 2.105742 17.959560 -0.000000 0.000000 0.000000 7.066861 0.881742 -2.221313 -3.809010 -1.088897 -2.652312 9.389974 -1.316571 -1.341486 9.596893 -24.619638 23.075497 -3.107411 -12.209539 13.723281 -0.000000 0.000000 0.000000 2.837735 2.272318 -0.884227 9.020095 -5.709802 -67.986024 14.348486 -22.447641 8.292242 -23.108658 9.449749 5.601065 -16.332748 9.031212 -31.889187 -29.619724 20.551925 22.366543 26.163855 67.816544 -74.181072 -25.837859 -10.539765 -5.609006 
-122.714996 98.141503 -57.393003 -145.975393 -68.229558 -153.725977 -4.651666 -13.355192 -0.171380 33.483787 -24.910249 7.769419 -11.104371 15.860941 3.364668 -0.000000 0.000000 0.000000 -16.795759 10.151881 11.727279 27.032570 23.834247 -3.076045 2.983922 3.527290 19.541969 -0.000000 0.000000 0.000000 10.196353 0.183856 -1.963744 -4.639182 -1.385298 -2.638920 9.613676 -1.501953 -1.156440 7.078928 -21.601418 22.144045 -3.645285 -12.179802 12.496015 -0.000000 0.000000 0.000000 2.200961 0.856522 0.392067 9.437968 -5.919457 -68.091690 16.723213 -24.102029 9.368627 -24.156793 9.264731 5.628696 -16.592687 9.558480 -32.387848 -30.787487 19.706154 22.080457 25.301723 67.658042 -72.810264 -27.268120 -10.956682 -5.742115 
-121.543002 96.041602 -57.857603 -149.412259 -63.123701 -157.199999 -4.877437 -9.109501 0.859992 36.159649 -22.535152 6.780546 -17.997605 15.113374 6.366571 -0.000000 0.000000 0.000000 -19.392751 7.708819 10.556943 33.891740 22.866655 -1.421549 -6.297507 5.294121 19.960661 -0.000000 0.000000 0.000000 13.013233 -0.822175 -2.654029 -5.070566 -2.096917 -2.850454 9.765666 -1.876732 -0.896609 5.694593 -18.764843 21.325286 -4.112699 -12.010763 11.523361 -0.000000 0.000000 0.000000 2.241646 -0.911555 1.830217 9.572063 -5.166122 -67.985738 18.160378 -24.523207 10.530643 -24.121363 8.651959 6.695355 -16.342578 10.117209 -33.147595 -32.375683 18.416170 23.069987 25.155202 68.129069 -72.192453 -29.270992 -11.051980 -5.364391 
-120.316994 94.615602 -58.372301 -151.874707 -59.992638 -159.142287 -6.449437 -5.960712 1.197156 39.193755 -21.299907 7.138209 -21.027616 13.694020 7.638275 -0.000000 0.000000 0.000000 -21.821994 4.669853 8.134087 41.117288 18.443054 -0.071589 -8.631113 2.901929 16.945116 -0.000000 0.000000 0.000000 13.619567 -1.748903 -4.086269 -4.413303 -3.261852 -2.723630 9.552761 -2.749559 -0.670824 6.411914 -17.540459 20.964320 -4.081700 -11.390889 11.150960 -0.000000 0.000000 0.000000 3.239722 -2.612424 2.820222 9.005040 -3.996649 -67.152494 20.363657 -23.498139 11.735136 -21.533365 8.186208 8.315482 -16.110330 10.413689 -33.539679 -32.825077 17.192923 25.073752 29.324353 68.340771 -76.553192 -29.772844 -11.408677 -4.532052 
-119.138002 94.457102 -59.152597 -153.754388 -57.950959 -161.048115 -7.201633 -5.422481 2.108960 39.907506 -20.737766 6.790025 -20.396721 14.458830 7.783467 -0.000000 0.000000 0.000000 -22.284296 2.527194 5.986549 46.304318 12.520496 0.685877 -8.194084 -3.184884 12.423745 -0.000000 0.000000 0.000000 13.036585 -1.757182 -4.836513 -3.929774 -4.040094 -2.316093 9.275690 -3.403026 -0.590728 8.629773 -18.211061 20.789593 -2.128862 -10.995974 11.189311 -0.000000 0.000000 0.000000 4.034002 -3.676752 2.643342 8.325004 -2.877538 -65.420988 22.613015 -21.722216 12.372733 -17.113579 8.132915 9.676381 -15.620912 10.630163 -32.858693 -31.532490 15.745205 26.098161 38.534692 68.360371 -86.092501 -28.666126 -11.476698 -3.502683 
-117.885995 95.524299 -60.165298 -155.432224 -55.627732 -163.474621 -5.354456 -4.850731 4.280238 35.977865 -19.958100 6.364788 -16.887108 15.188640 6.214072 -0.000000 0.000000 0.000000 -20.556955 1.557558 4.831108 48.618258 9.569124 0.524540 -6.876734 -7.928115 8.530600 -0.000000 0.000000 0.000000 12.195655 -1.358724 -4.472375 -4.008329 -3.753860 -2.106881 9.102654 -3.283868 -0.320489 11.405351 -19.897031 20.154702 -0.451106 -10.540171 11.537080 -0.000000 0.000000 0.000000 4.505262 -3.685547 2.613909 7.723295 -1.168255 -64.955854 22.493210 -21.645613 12.491302 -16.091377 9.124878 10.726493 -14.829027 10.815050 -32.304677 -30.483975 13.720217 26.433178 49.381971 68.764009 -97.131314 -26.819565 -11.761172 -2.719190 
-116.433990 97.281307 -61.223096 -157.523342 -53.577707 -166.085749 -3.298998 -4.857724 6.091271 30.331415 -18.641685 6.017075 -10.193646 16.261758 3.494019 -0.000000 0.000000 0.000000 -18.074338 1.789800 3.501411 48.598734 9.455225 -0.037229 -3.284672 -9.666997 6.778621 -0.000000 0.000000 0.000000 10.555870 -0.921595 -3.891566 -3.993929 -3.148337 -1.776336 9.303626 -2.790982 -0.093186 13.013075 -21.453769 19.116085 0.660158 -10.469861 11.586442 -0.000000 0.000000 0.000000 4.795983 -3.053618 2.999060 7.518269 -0.589772 -65.288400 21.152836 -23.041434 11.796815 -18.924849 9.506994 11.863499 -14.312527 10.569024 -31.818684 -30.014567 12.676479 26.189409 58.472148 69.577096 -107.260298 -26.065487 -12.111734 -2.261134 
-114.719999 99.204105 -62.262195 -159.365020 -52.119240 -168.288731 -2.358278 -5.405507 7.818344 25.816635 -17.148549 5.542570 -1.652779 16.855467 -0.353603 -0.000000 0.000000 0.000000 -14.945718 2.474734 1.756775 46.888702 10.087887 -0.648608 0.147102 -9.695430 6.500582 -0.000000 0.000000 0.000000 8.916427 -0.336470 -2.922812 -3.798750 -2.817633 -1.513602 9.386998 -2.291791 -0.156447 13.759505 -22.604321 17.992102 1.042358 -10.972370 11.417314 -0.000000 0.000000 0.000000 4.863391 -2.427690 3.001182 7.447353 -0.182371 -65.017821 21.255285 -24.744615 11.225388 -20.322282 9.686903 9.974571 -13.815616 10.220034 -31.179650 -30.242747 12.108461 25.481599 66.439109 70.104501 -116.397421 -26.081251 -11.698214 -2.974360 
-112.802005 100.770199 -63.244897 -160.750443 -50.993101 -169.762591 -2.836918 -5.753509 9.043657 23.575298 -15.261689 5.355763 6.528049 16.155669 -3.542840 -0.000000 0.000000 0.000000 -11.403249 2.664919 -0.352030 44.572805 11.102705 -2.062715 2.044743 -9.647139 6.058956 -0.000000 0.000000 0.000000 7.606183 0.449377 -1.758501 -3.319427 -2.721541 -1.511558 9.181934 -1.805540 -0.344120 14.195520 -24.123306 16.611878 0.318590 -11.387315 11.477789 -0.000000 0.000000 0.000000 4.916618 -2.425843 3.037318 7.222005 0.258373 -64.762909 22.000252 -26.086753 10.881957 -21.645530 10.789087 7.651096 -12.838579 10.347426 -30.962175 -30.657505 10.932941 24.597448 73.935210 70.107125 -125.301922 -25.211450 -11.024947 -4.871387 
-110.780990 101.410198 -64.119297 -162.147571 -49.979231 -170.789796 -5.087221 -5.687985 9.400623 24.501478 -13.405956 5.334130 10.677100 15.803717 -3.906483 -0.000000 0.000000 0.000000 -8.367061 2.275567 -2.826321 42.955566 12.838568 -4.385718 4.017642 -10.320865 5.194255 -0.000000 0.000000 0.000000 6.783037 1.264916 -0.398746 -3.427322 -2.607273 -1.808542 9.085228 -1.310198 -0.667530 13.868406 -26.432540 14.739005 -0.851874 -11.248423 11.582844 -0.000000 0.000000 0.000000 5.051414 -2.594991 2.913069 6.572048 0.967531 -64.361779 22.618233 -26.962401 10.303282 -23.714359 11.459386 7.044777 -11.701572 10.589896 -30.933313 -31.166411 9.727566 23.465972 79.677016 69.751319 -132.193787 -23.350428 -9.448420 -8.121734 
-108.806992 100.850201 -64.913499 -163.139724 -48.833371 -171.379131 -7.602025 -5.629313 9.404237 28.146145 -14.741452 5.693170 8.186200 13.447477 -3.487375 -0.000000 0.000000 0.000000 -5.633773 1.484330 -5.577131 42.173383 14.170163 -7.148629 6.576526 -11.381276 4.716141 -0.000000 0.000000 0.000000 6.607851 2.192722 1.207633 -3.953134 -2.499677 -2.182790 9.129715 -0.773451 -0.941405 12.365007 -28.847308 12.546785 -2.464680 -11.306901 11.205125 -0.000000 0.000000 0.000000 4.907563 -2.783126 2.479179 5.706872 2.045280 -64.086927 22.974939 -27.259414 10.279917 -24.468083 11.663802 6.533769 -10.956642 10.989415 -30.843658 -31.900480 8.763954 22.094911 83.130525 69.230859 -136.442412 -20.322102 -8.414715 -10.913224 
-106.827998 99.113303 -65.718102 -163.445757 -47.444014 -171.499916 -9.314046 -6.672310 8.988275 33.160432 -18.960736 6.811473 2.690402 9.514861 -3.838942 -0.000000 0.000000 0.000000 -2.637964 1.241899 -8.310498 41.678008 13.988938 -9.592422 6.382806 -13.567939 4.210880 -0.000000 0.000000 0.000000 6.973509 3.174720 2.674704 -4.384153 -2.418594 -2.387365 9.066508 -0.176989 -1.126525 10.390395 -30.387424 10.601029 -4.604181 -12.108345 10.420618 -0.000000 0.000000 0.000000 4.462105 -3.090151 2.127870 4.711627 2.773347 -63.921864 22.970694 -26.632735 10.249427 -24.200890 11.074227 6.623143 -10.544438 11.727868 -30.450456 -32.173633 7.904722 20.739512 85.399648 69.117034 -139.206820 -18.634566 -6.247361 -14.977406 
-104.788005 96.301204 -66.539496 -164.124897 -45.736357 -171.904373 -10.275530 -8.968585 8.378461 37.173523 -18.620001 8.037322 -3.627879 14.381049 -2.426378 -0.000000 0.000000 0.000000 -0.234455 2.156833 -11.049422 41.706833 13.466050 -11.128770 4.267308 -17.203884 3.681007 -0.000000 0.000000 0.000000 7.043405 4.044561 3.913248 -4.571514 -2.053371 -2.453160 8.816974 0.395169 -1.369696 8.624154 -31.815546 9.345419 -6.664296 -12.779742 9.723662 -0.000000 0.000000 0.000000 4.165385 -3.473034 1.604015 3.671804 3.239755 -63.197460 23.095570 -26.135257 10.252313 -24.163441 10.820855 7.581338 -10.028510 12.340249 -29.669949 -31.767919 7.398374 19.540695 86.425345 68.999884 -141.002653 -17.562710 -3.383820 -20.749303 
-102.478993 92.851305 -67.464203 -165.098937 -43.323761 -172.527096 -10.957795 -9.887129 8.786910 41.121072 -18.234788 9.902355 -13.123152 16.322261 0.748681 -0.000000 0.000000 0.000000 0.898121 3.030283 -13.498674 42.962134 13.972934 -13.010496 2.038799 -18.914882 3.690576 -0.000000 0.000000 0.000000 7.118652 4.576516 4.625957 -4.565107 -1.644573 -2.411253 8.310114 0.983903 -1.646533 7.253363 -32.148361 8.865981 -8.170667 -13.695474 9.129215 -0.000000 0.000000 0.000000 3.822647 -3.632119 0.980294 2.760925 4.042168 -62.074981 22.548903 -25.386175 10.090641 -23.639397 10.195535 8.678546 -9.640335 12.769510 -28.537852 -31.572754 7.513363 19.568362 87.350121 68.572376 -142.721686 -15.881692 -1.522719 -25.596650 
-99.382001 89.639503 -68.593800 -166.834543 -40.116872 -173.119970 -11.945365 -10.289895 9.580861 43.536017 -17.348584 10.455882 -20.086606 18.898161 3.919772 -0.000000 0.000000 0.000000 0.125198 4.610651 -15.243604 46.278370 16.542904 -15.373800 -2.595255 -16.717683 3.438908 -0.000000 0.000000 0.000000 6.732312 4.713950 3.911809 -4.454545 -1.505156 -2.333140 8.427559 1.405994 -2.214895 5.632062 -30.108475 9.351482 -7.739526 -15.639714 8.461855 -0.000000 0.000000 0.000000 3.307239 -3.371446 0.309833 1.873898 4.731285 -60.193930 21.264538 -23.889418 10.109436 -21.992337 9.782362 10.365033 -9.556442 12.482792 -26.318969 -31.975821 9.101222 21.149208 87.930383 67.052662 -143.918197 -14.154297 0.350027 -31.310044 
-95.051497 87.529999 -70.136398 -168.997021 -37.112821 -173.675796 -13.854793 -10.301667 11.229391 44.980900 -16.502364 11.332805 -19.495200 20.045626 2.045342 -0.000000 0.000000 0.000000 -1.839284 6.757338 -14.191210 50.986457 19.532361 -18.258544 -7.982921 -13.203265 4.245968 -0.000000 0.000000 0.000000 5.767130 4.612195 1.806748 -3.280128 -1.675171 -2.097417 7.820565 1.627006 -2.843598 4.925334 -27.062414 10.373967 -6.832379 -18.589442 8.278757 -0.000000 0.000000 0.000000 2.805108 -3.344086 0.007857 0.618409 5.121623 -57.463684 18.714350 -20.863744 9.255492 -19.511909 8.602480 12.454601 -9.681891 12.028823 -23.899044 -32.017608 10.790880 23.562845 88.586680 64.835913 -144.484278 -11.964408 2.161025 -36.851496 
-89.639801 86.612606 -72.101498 -169.232759 -35.095023 -173.342047 -12.964610 -10.404732 14.700368 42.424483 -16.551958 11.688447 -13.214191 20.132643 -3.295727 -0.000000 0.000000 0.000000 -2.421077 8.441375 -10.486170 52.484677 17.318940 -18.746690 -17.426040 -19.786242 0.475341 -0.000000 0.000000 0.000000 7.184102 3.819280 -0.087266 -3.542329 -1.464178 -2.784592 7.493431 1.455909 -3.259131 4.811354 -26.469277 10.773289 -4.021365 -20.417667 9.393581 -0.000000 0.000000 0.000000 2.674391 -3.338716 0.320742 -1.442188 6.207107 -53.867376 16.486292 -18.177159 8.541905 -18.645277 9.088742 12.457898 -9.599575 12.711176 -23.289953 -30.693802 10.591890 25.579618 87.722619 63.530907 -143.604775 -10.468214 3.386026 -40.544737 
-83.369696 86.692405 -74.301398 -168.915647 -34.450434 -172.628128 -9.833028 -9.028661 19.437944 33.404030 -17.550095 11.813754 -2.000840 17.696385 -11.295700 -0.000000 0.000000 0.000000 -2.872048 8.994030 -6.773706 52.263443 14.296913 -16.970118 -26.980467 -22.152074 -5.197758 -0.000000 0.000000 0.000000 8.504201 2.306935 -2.235503 -2.841988 -1.629474 -4.015228 6.892654 1.056118 -3.739073 4.917995 -25.486342 11.404099 -1.679015 -23.007167 11.074096 -0.000000 0.000000 0.000000 2.413493 -3.627650 1.166697 -2.613510 6.816906 -49.413569 14.497267 -16.808186 8.537540 -17.423176 9.106332 11.855225 -9.317996 13.482909 -23.968317 -30.153522 9.679073 26.296803 83.172668 64.212146 -138.467331 -10.217586 4.020123 -41.882192 
-76.784497 87.566102 -76.469100 -169.528410 -35.508687 -172.145520 -7.726269 -9.037502 22.343674 22.644697 -19.543214 12.196042 14.604261 14.682788 -18.063294 -0.000000 0.000000 0.000000 -4.546686 8.677040 -3.753556 51.351622 13.133814 -14.643012 -32.298952 -22.020475 -9.103609 -0.000000 0.000000 0.000000 8.343007 1.077607 -4.667042 -1.545553 -2.448916 -5.211733 5.903015 -0.085531 -4.523158 6.114125 -25.023419 12.453698 -0.075625 -25.189950 13.103533 -0.000000 0.000000 0.000000 2.509259 -4.112214 2.256234 -2.679722 6.205315 -44.445985 13.993784 -15.654384 9.034600 -15.924188 8.780308 12.129188 -9.382235 13.792545 -25.565805 -29.717850 9.104049 25.947522 73.129712 66.146577 -127.643966 -12.441106 3.595421 -39.986995 
-70.800000 89.142799 -78.022796 -170.407415 -38.003916 -171.655208 -7.719216 -11.595496 21.877138 17.168631 -24.638570 12.326787 25.120475 13.903644 -15.016530 -0.000000 0.000000 0.000000 -7.737922 7.994101 -1.241848 51.607919 13.979985 -12.089258 -31.589366 -23.416906 -11.729675 -0.000000 0.000000 0.000000 8.834130 -0.210809 -6.063578 -2.011598 -3.296151 -6.378407 5.387303 -1.760506 -5.309046 7.593294 -27.477426 13.101921 1.454250 -24.985768 15.006439 -0.000000 0.000000 0.000000 2.589427 -4.165466 2.732914 -2.590236 4.979701 -40.529016 13.879646 -14.565582 9.769034 -15.256176 9.506819 12.826129 -9.717299 13.826706 -28.292771 -28.671861 8.579412 24.007996 56.615102 67.533687 -110.786196 -14.457313 1.085151 -34.733916 
-65.768200 91.673499 -79.163098 -169.120634 -39.507752 -170.787637 -7.922879 -11.370650 20.148896 20.325299 -34.385216 12.782695 19.485503 7.083741 -10.015385 -0.000000 0.000000 0.000000 -8.627752 5.076369 -0.064348 48.437871 13.727685 -8.743348 -25.424662 -23.015606 -9.835666 -0.000000 0.000000 0.000000 11.435017 -0.965507 -5.989023 -3.054301 -3.980563 -7.333488 5.259682 -2.762099 -5.246783 9.214507 -30.053291 13.960685 1.478796 -24.168220 16.311173 -0.000000 0.000000 0.000000 1.722038 -4.426364 3.147113 -2.543764 4.434556 -39.761361 12.846863 -13.482225 10.459616 -13.302560 9.403379 12.644074 -10.470622 14.166502 -31.527801 -28.666004 7.160153 21.008780 38.893731 66.716912 -90.802783 -14.161487 -2.940231 -26.535696 
-61.173302 94.913399 -80.188495 -168.921712 -36.635754 -171.418569 -5.987453 -9.024763 18.474976 21.482435 -30.294687 9.709306 15.086663 9.485507 -10.111996 -0.000000 0.000000 0.000000 -7.883402 2.765888 0.564861 41.592915 14.801036 -6.991820 -16.379972 -18.361183 -4.259768 -0.000000 0.000000 0.000000 12.099576 -0.323357 -5.969682 -3.861792 -3.306327 -8.051210 6.255683 -2.716471 -4.740215 10.757837 -31.001392 15.203905 2.286377 -22.764050 16.943115 -0.000000 0.000000 0.000000 0.788016 -3.979067 4.039275 -1.520955 3.844534 -41.299826 12.406109 -12.925498 10.628823 -11.494508 9.077962 11.664740 -11.437431 13.989114 -33.957719 -29.644339 7.949660 18.023183 23.298278 63.403096 -71.095685 -16.710746 -6.378968 -16.956236 
-56.917500 98.596704 -81.120902 -170.914897 -32.172083 -174.424740 -4.854201 -5.394321 17.358007 21.913576 -22.520864 5.993082 11.235754 12.273360 -9.644978 -0.000000 0.000000 0.000000 -7.013541 1.208931 2.255064 31.242296 17.460523 -5.629769 -3.444835 -13.262612 2.946367 -0.000000 0.000000 0.000000 9.310385 0.179031 -5.369435 -4.348735 -2.429882 -8.063559 7.412897 -2.389371 -4.284588 14.145840 -31.458894 16.697273 3.476944 -18.875214 16.529435 -0.000000 0.000000 0.000000 1.034798 -2.056216 4.398435 0.049139 3.294775 -44.168831 12.987014 -12.412843 10.928965 -10.976202 9.114330 10.095213 -12.538934 13.354562 -35.462721 -31.278706 12.065389 16.629334 11.502796 57.938335 -54.390491 -18.212164 -9.392680 -5.587838 
-52.953500 102.375197 -81.865597 -172.709803 -28.175192 -177.325494 -4.013459 -2.156945 15.063425 22.466709 -15.699193 4.048202 11.145894 12.766340 -9.554120 -0.000000 0.000000 0.000000 -5.823345 0.198382 3.395281 19.129393 17.435783 -2.260514 14.064073 -6.032555 11.224655 -0.000000 0.000000 0.000000 6.404252 0.017595 -4.615675 -4.686704 -1.985676 -7.665266 8.161848 -2.358021 -3.690298 17.932132 -31.326068 18.292826 4.435400 -14.092536 15.529629 -0.000000 0.000000 0.000000 1.882977 0.435172 4.535431 1.755696 2.169556 -48.081542 12.516183 -11.453846 10.448327 -10.495223 7.543250 9.998907 -14.283023 12.208925 -36.759190 -31.926746 17.342858 16.019508 4.158751 51.614959 -41.150525 -20.134181 -10.690188 4.089118 
-49.018002 105.425191 -82.474899 -173.748702 -24.512512 -179.711334 -2.525719 -0.283258 12.231148 22.235319 -12.741782 3.021781 12.714114 11.856988 -10.599898 -0.000000 0.000000 0.000000 -4.500395 -1.326187 4.246977 8.847312 13.854765 -0.340655 26.152364 3.328035 19.212815 -0.000000 0.000000 0.000000 5.106458 -0.115076 -3.832117 -5.202014 -1.926718 -7.276269 8.417639 -2.467517 -2.900350 20.436555 -29.831815 19.832598 3.839847 -10.484282 14.832381 -0.000000 0.000000 0.000000 2.686132 2.836228 5.498109 3.538144 0.913812 -52.840846 12.696911 -11.241030 9.716546 -11.882679 6.661572 9.315424 -16.548799 10.617045 -38.630663 -31.653988 21.230165 15.894773 2.865308 46.528878 -33.169033 -19.537129 -10.595739 6.745507 
-44.878200 107.086205 -82.935202 -174.932346 -21.314106 177.916838 -1.614955 -0.744711 9.736621 22.132873 -13.245163 2.147902 11.800447 10.908285 -11.304141 -0.000000 0.000000 0.000000 -5.726328 -0.665940 6.287649 7.343157 11.788707 -1.244512 24.683026 -1.616825 19.105645 -0.000000 0.000000 0.000000 4.022472 -0.675825 -2.580030 -5.821828 -1.465984 -6.895736 8.627215 -2.691592 -2.315577 21.379978 -29.343541 20.213111 2.613787 -7.047380 14.119290 -0.000000 0.000000 0.000000 3.750418 4.401721 6.651531 4.385840 0.720145 -57.478830 13.938131 -11.080500 9.636615 -15.651913 6.405962 8.031625 -17.580919 10.045434 -41.141658 -31.432008 22.677360 16.016875 6.505664 41.650924 -33.284557 -14.016556 -10.494468 10.595684 
-40.935698 107.575202 -83.383399 -175.120914 -18.951988 176.160442 0.057796 -3.021796 7.236670 21.586840 -15.509631 2.037353 11.588739 9.664235 -12.024003 -0.000000 0.000000 0.000000 -7.064591 1.791357 7.147147 9.638155 9.362093 -2.450729 23.148552 -6.779139 18.283241 -0.000000 0.000000 0.000000 4.069422 -1.547153 -1.262977 -6.849309 -0.959825 -6.276833 9.491443 -2.792776 -1.960940 20.327341 -29.036035 20.051264 2.929588 -5.552948 12.559097 -0.000000 0.000000 0.000000 3.859974 5.779625 6.836081 4.576475 0.165198 -61.537007 12.823010 -10.243504 10.202506 -17.373700 6.512258 7.744419 -18.692378 9.585455 -41.719339 -31.636265 23.852116 16.238694 5.419281 39.824699 -34.719847 -10.574660 -9.876241 11.432815 
-37.115002 106.949198 -83.711994 -174.973669 -16.987616 174.640233 1.319919 -5.417769 5.123982 21.437211 -18.399169 2.686210 11.720182 9.229509 -11.848438 -0.000000 0.000000 0.000000 -8.495711 3.521706 6.271710 13.758621 8.577555 -2.702910 20.175282 -7.093808 17.016473 -0.000000 0.000000 0.000000 4.867145 -1.861618 0.134263 -7.652151 -0.647397 -5.516734 10.002458 -2.590116 -1.689232 18.222096 -28.337754 19.626680 2.875666 -6.203659 11.360540 -0.000000 0.000000 0.000000 3.347267 6.388543 6.431101 4.486318 -0.443929 -64.784296 10.434922 -10.080237 10.455172 -19.299334 7.098188 8.255915 -19.352144 9.053483 -40.886066 -32.815640 23.640129 16.076778 0.841492 42.126709 -35.696974 -13.534360 -9.847748 6.756574 
-33.316201 105.198205 -84.056395 -175.013243 -16.306864 172.909928 1.578081 -6.962207 4.188306 21.979101 -21.351708 3.873079 12.686634 9.324840 -11.413996 -0.000000 0.000000 0.000000 -9.988616 4.377534 4.797820 18.593474 10.302683 -3.189593 15.800459 -7.314560 14.600035 -0.000000 0.000000 0.000000 5.615175 -1.753468 1.654788 -8.108337 -0.525419 -4.601004 9.998605 -2.409684 -1.364229 16.264167 -28.343656 19.138656 2.508108 -7.114168 10.882790 -0.000000 0.000000 0.000000 2.666176 6.133513 5.860485 4.121630 -1.000864 -66.969572 9.544145 -10.752331 10.121052 -21.203503 7.895071 9.215823 -19.466153 8.597172 -39.870703 -33.920740 21.853915 15.551321 -3.027485 46.704908 -37.311624 -17.215653 -9.695700 2.050179 
-29.605299 102.280200 -84.374195 -175.572184 -17.230224 171.120527 0.524614 -7.435634 4.393606 24.762882 -20.365304 4.320622 3.781908 15.990207 -3.361317 -0.000000 0.000000 0.000000 -11.215115 3.933762 2.068207 23.051606 12.757729 -3.440961 11.464195 -10.077562 11.832791 -0.000000 0.000000 0.000000 5.917370 -1.238245 3.126750 -8.837316 -0.507422 -3.663183 10.370267 -2.436457 -0.846290 14.409665 -30.213765 18.785897 2.538630 -7.033483 10.814052 -0.000000 0.000000 0.000000 2.475856 5.100233 4.999387 2.641622 -1.384163 -68.372791 10.593433 -12.192456 9.754460 -23.177674 8.480481 11.878630 -18.990443 7.954900 -39.015902 -34.153117 18.913361 13.978535 -3.245067 51.588816 -41.481058 -17.138414 -9.178742 -2.185363 
-25.876302 98.443902 -84.789699 -175.857974 -19.510094 169.380946 -1.265398 -5.038832 7.143092 30.940371 -16.898429 5.540880 -13.871621 19.045993 4.797748 -0.000000 0.000000 0.000000 -11.112524 1.802384 -1.336588 26.855778 12.962074 -4.235642 5.602449 -13.253938 9.731890 -0.000000 0.000000 0.000000 6.718856 -0.467404 4.429510 -9.592803 -0.809322 -2.779069 10.275036 -2.542832 -0.128247 12.670456 -31.818014 18.785564 3.034010 -7.658217 10.512656 -0.000000 0.000000 0.000000 2.442963 3.580379 3.768054 0.580684 -1.064543 -69.138198 12.732860 -13.792324 10.099231 -24.242849 8.145974 13.953119 -18.585376 7.277245 -37.415722 -34.727899 15.979417 12.258481 0.689263 56.109721 -48.476811 -14.338577 -8.249296 -5.965938 
-22.032100 94.297105 -85.237801 -176.321074 -23.125420 168.692394 -5.881897 -2.743312 10.277622 39.403363 -17.783774 9.259737 -26.698428 13.784412 8.358589 -0.000000 0.000000 0.000000 -10.176757 -1.226499 -6.206531 29.661679 11.766423 -5.195044 1.016856 -15.890527 7.771932 -0.000000 0.000000 0.000000 7.665687 0.338288 4.225552 -9.515093 -1.885303 -1.955389 8.558361 -2.909532 0.297002 12.090061 -32.475428 19.720096 2.949219 -8.840801 10.546445 -0.000000 0.000000 0.000000 2.548844 1.949264 1.347498 -1.152756 -0.916689 -67.838641 15.204278 -15.913878 10.823321 -24.296183 7.993034 15.756172 -18.016029 6.398555 -34.690523 -35.009926 13.296251 11.428737 7.239788 62.552534 -58.916403 -12.497543 -7.372296 -10.768824 
-17.841899 90.469706 -85.552096 -177.533241 -27.482114 169.070022 -11.995089 -5.770587 10.575857 50.107660 -21.122605 12.847365 -35.166826 13.865957 11.885877 -0.000000 0.000000 0.000000 -8.662205 -2.490910 -11.658476 31.268967 11.208008 -5.825822 0.094899 -18.812409 7.298997 -0.000000 0.000000 0.000000 7.965400 1.226782 2.204835 -9.645392 -3.844595 -1.253657 7.665976 -3.560052 0.313105 11.919711 -32.951612 21.417724 2.745141 -10.268757 11.629508 -0.000000 0.000000 0.000000 2.671415 0.018869 -1.658218 -2.810000 -1.473242 -64.904831 16.646202 -18.401105 11.093402 -24.416103 7.243311 19.301853 -17.233265 5.305919 -30.681615 -33.800422 10.707084 11.451205 25.393265 69.155564 -82.140363 -12.479309 -6.295304 -17.992915 
-13.095400 87.750602 -86.440498 -177.932643 -30.793469 169.952209 -15.280701 -9.934505 10.671855 56.264273 -20.922899 14.923938 -38.519039 14.359455 12.635246 -0.000000 0.000000 0.000000 -5.035128 -1.669407 -14.506255 31.838922 10.764544 -7.375093 -1.928777 -20.850032 6.316575 -0.000000 0.000000 0.000000 7.720905 2.406195 -0.394254 -9.225097 -5.497595 -0.869581 7.531495 -3.914412 0.130311 11.973643 -32.321290 22.808710 3.544437 -14.056474 13.170373 -0.000000 0.000000 0.000000 3.008786 -1.458088 -2.833165 -4.577956 -2.113242 -62.479994 17.878820 -20.174106 11.059186 -23.389679 6.768851 20.452362 -15.847076 4.092311 -26.255018 -31.688451 7.874747 13.007311 55.222651 69.057623 -114.983899 -9.385639 -1.460738 -30.386682 
-7.774920 86.281604 -87.888396 -177.397156 -30.454694 170.362253 -15.207090 -12.675170 13.209628 57.584691 -19.160024 15.508312 -37.873316 15.683510 10.373106 -0.000000 0.000000 0.000000 -1.845803 1.527666 -13.616627 33.266759 12.443026 -10.304936 -4.442634 -21.882146 4.174494 -0.000000 0.000000 0.000000 7.591238 3.089757 -1.348706 -8.898565 -4.999095 -0.779691 6.846861 -3.366932 -0.205566 11.674462 -31.788924 21.736532 4.344529 -17.020487 13.123008 -0.000000 0.000000 0.000000 3.560864 -1.076289 -3.812104 -5.284418 -1.362571 -60.476033 17.983982 -22.572565 11.193641 -23.103047 5.279994 20.881862 -14.446279 3.670328 -22.354567 -29.665093 7.209550 13.930490 70.625071 66.251469 -128.754352 -4.632019 6.029897 -44.303595 
-1.819160 85.698307 -89.580595 -177.039910 -27.943559 170.772064 -12.798689 -12.594219 17.670507 54.089445 -19.378176 15.758544 -35.120001 17.379196 7.717638 -0.000000 0.000000 0.000000 -1.194796 4.435370 -11.518969 37.103681 18.318619 -13.871176 -2.594950 -20.043305 4.547723 -0.000000 0.000000 0.000000 6.091439 2.906286 -2.148745 -7.587982 -3.768923 -0.888456 6.833057 -2.432120 -0.538595 10.005438 -31.350241 19.419501 3.906394 -17.365361 12.844347 -0.000000 0.000000 0.000000 3.675427 -0.654169 -4.190602 -4.386949 0.078173 -58.755945 17.697590 -25.036689 12.390191 -22.199174 4.846462 21.916590 -13.343394 4.740274 -20.988973 -28.754800 7.656819 14.900179 72.149247 65.321518 -128.201187 -2.242339 4.566672 -42.781517 
4.949770 85.794002 -91.491401 -176.594841 -26.754389 171.910138 -9.480542 -10.974253 22.157363 47.525314 -22.345311 17.326509 -28.473029 19.054114 2.614197 -0.000000 0.000000 0.000000 -1.001616 4.578474 -9.821253 40.302441 22.430590 -14.812982 -8.646534 -17.080951 3.683134 -0.000000 0.000000 0.000000 5.477173 2.418364 -3.459995 -6.402965 -3.137149 -1.989615 6.998056 -2.033899 -1.106664 7.233406 -29.491517 17.589361 3.622300 -18.784680 12.953515 -0.000000 0.000000 0.000000 3.176616 -0.635426 -3.008087 -2.975385 0.644821 -56.256213 18.310628 -24.941523 13.080240 -21.878064 4.585595 21.517866 -12.648287 6.203515 -22.277214 -28.625944 7.754352 15.643686 61.091090 67.232175 -113.847661 -6.932527 1.860985 -36.969809 
12.339200 86.264902 -93.499392 -176.857695 -27.589778 173.250986 -6.424228 -11.651519 25.502604 39.702021 -25.329340 18.766513 -16.377353 20.509053 -4.713778 -0.000000 0.000000 0.000000 -0.672663 3.024297 -8.800788 37.873466 19.642327 -11.544047 -17.086956 -20.603360 3.275590 -0.000000 0.000000 0.000000 5.111992 2.110534 -5.124896 -5.361802 -2.870264 -3.667620 6.792153 -2.215594 -1.986516 5.498890 -28.614021 16.474191 3.278027 -20.218453 13.450413 -0.000000 0.000000 0.000000 2.752709 -0.722489 -1.208155 -2.393345 -0.375197 -52.676299 17.561212 -22.664287 12.311121 -22.219180 4.830132 20.760000 -12.670661 7.582158 -24.770097 -27.985580 8.111955 14.769782 36.620852 66.543691 -86.319091 -9.392373 -3.190268 -28.920917 
19.816999 87.098306 -95.487797 -177.404588 -28.933682 174.788338 -4.565140 -12.511192 27.491926 31.598407 -27.174675 18.569696 -2.021851 21.783966 -9.012131 -0.000000 0.000000 0.000000 -1.090784 1.348659 -7.611640 36.954199 17.938129 -8.532467 -26.785684 -19.237207 -0.040908 -0.000000 0.000000 0.000000 4.766660 2.123733 -6.602195 -4.170770 -2.602915 -5.969679 5.967551 -2.469512 -3.296831 5.525426 -27.542527 16.178453 2.867873 -21.890645 14.466554 -0.000000 0.000000 0.000000 1.550503 -0.876497 0.965152 -1.843690 -1.395205 -48.695936 17.213926 -19.234830 11.782441 -20.721531 6.469904 18.728069 -12.245409 8.772993 -28.274103 -28.190358 7.959254 14.010791 13.729932 59.538499 -58.641387 -13.090467 -5.659510 -24.377502 
26.507199 88.687807 -97.133398 -178.256230 -30.340997 176.253114 -5.988663 -12.195996 26.631227 27.375646 -28.260535 16.863015 3.690035 20.907779 -3.948839 -0.000000 0.000000 0.000000 -2.852255 0.130985 -5.355293 37.259960 18.577695 -7.074061 -30.657310 -19.873558 -5.068950 -0.000000 0.000000 0.000000 4.111478 1.676822 -7.477464 -3.537181 -1.864096 -8.276090 5.297405 -2.731684 -4.868676 7.614297 -28.973080 16.749835 3.892303 -20.422134 15.631546 -0.000000 0.000000 0.000000 0.498635 -0.247190 1.273525 -1.680353 -2.083545 -44.309226 17.387707 -16.702911 12.620808 -18.960165 8.461588 17.250718 -11.807020 9.864192 -31.853730 -27.996222 8.903923 14.022334 0.120902 48.791372 -41.638811 -17.897825 -10.169297 -16.212596 
31.976101 91.532910 -98.658997 -177.699160 -31.766512 176.884209 -7.748453 -10.218000 24.524130 28.280288 -31.659184 14.869824 1.306710 13.311805 -6.069232 -0.000000 0.000000 0.000000 -2.398476 -0.024803 -1.049021 34.974546 16.937453 -6.714584 -25.876015 -20.666517 -4.851042 -0.000000 0.000000 0.000000 4.814062 1.122751 -7.377213 -3.476957 -1.231793 -9.513367 4.460064 -2.298561 -5.488161 11.357900 -30.003144 18.542138 4.236486 -19.067388 16.463529 -0.000000 0.000000 0.000000 -0.444763 0.530341 0.926418 -1.265329 -2.261110 -42.885498 16.316796 -15.165287 13.773582 -15.761919 7.745884 16.834164 -12.144748 10.891453 -34.136261 -27.863327 10.524815 14.620682 -4.274585 37.828909 -33.278707 -18.631782 -12.203038 -11.028861 
36.541900 95.275402 -99.975300 -176.342111 -32.537375 177.450405 -6.525168 -9.618646 20.555288 27.884269 -29.965597 10.898364 -0.250046 13.368449 -6.794238 -0.000000 0.000000 0.000000 -0.662170 0.166580 1.753662 29.776551 15.100867 -4.911506 -14.805732 -19.784416 0.064338 -0.000000 0.000000 0.000000 5.521473 1.361156 -7.281030 -4.104316 -0.608615 -9.909024 5.655856 -1.892847 -5.236254 14.230231 -30.527813 20.346661 4.919390 -17.862396 17.027715 -0.000000 0.000000 0.000000 -0.873814 1.037198 1.433398 -0.426392 -3.257582 -44.286029 14.695138 -14.114772 13.210010 -15.021403 6.935329 16.491891 -12.992624 11.287608 -35.723939 -27.556346 12.570873 15.967392 -7.314740 30.395647 -28.497040 -20.480213 -13.370960 -10.168128 
40.576398 99.101108 -101.074994 -175.548156 -33.369409 176.814377 -5.366428 -8.523053 16.808777 25.835390 -23.708760 6.460623 1.507441 14.837107 -7.351535 -0.000000 0.000000 0.000000 0.234178 -1.278262 3.379159 24.035149 13.295293 -2.178715 0.301155 -14.985773 7.882596 -0.000000 0.000000 0.000000 5.144233 1.985118 -6.447269 -4.552152 -0.613926 -9.328865 7.235251 -1.922167 -4.509780 16.877865 -31.112424 21.242255 5.161728 -16.308248 16.772304 -0.000000 0.000000 0.000000 -0.433127 1.385891 2.351418 0.730774 -4.706314 -47.402491 14.637172 -12.725089 12.073833 -15.397352 7.175520 13.568712 -13.959468 11.064334 -36.830396 -27.556506 15.307885 16.199604 -7.050496 24.519871 -24.710850 -20.496854 -15.023505 -4.683439 
44.310901 102.281201 -102.032995 -175.268132 -34.294379 175.434461 -4.908916 -5.474146 13.469931 24.092361 -16.355449 3.381116 4.710001 15.355971 -8.253883 -0.000000 0.000000 0.000000 -0.547829 -2.980557 4.302162 20.960055 11.454234 -0.178022 13.360947 -5.451855 14.977769 -0.000000 0.000000 0.000000 4.697177 1.984969 -4.790463 -4.901539 -0.762346 -8.529016 7.555293 -1.925774 -3.877711 19.726530 -31.411467 21.982740 4.531994 -14.702193 16.220902 -0.000000 0.000000 0.000000 0.126244 1.837190 3.233548 1.759075 -5.324568 -51.124328 14.517624 -11.381431 11.528057 -15.653269 7.617761 10.608704 -14.965226 10.643892 -38.023045 -28.234818 17.633896 16.974143 -5.585539 20.507258 -21.746378 -20.693376 -15.196956 1.531985 
48.042098 104.245198 -102.862000 -175.558811 -34.792886 174.058055 -4.557770 -2.055814 10.089988 23.261028 -13.094678 1.873031 7.535122 14.409520 -9.337649 -0.000000 0.000000 0.000000 -2.833734 -3.294705 4.893011 21.117890 12.614544 -0.433564 18.307377 2.693689 17.740625 -0.000000 0.000000 0.000000 4.287312 1.293714 -3.036483 -5.555504 -0.754059 -7.782793 7.775402 -1.799716 -3.530308 20.424801 -31.077961 22.190238 3.632143 -13.760505 15.454207 -0.000000 0.000000 0.000000 0.218579 2.648905 3.608159 2.873089 -4.879445 -54.143058 13.278958 -11.152433 11.248170 -16.202444 6.950696 10.903371 -16.045148 10.283632 -38.670683 -29.591417 19.492432 17.728344 -5.176311 19.313497 -21.232147 -19.174045 -16.265490 4.204784 
51.870096 104.925191 -103.613997 -175.854654 -35.886917 172.761904 -3.414115 -0.606445 6.955819 22.804278 -14.816846 1.467767 8.934787 11.953344 -9.413534 -0.000000 0.000000 0.000000 -5.439574 -1.890749 5.363925 23.150200 11.734594 -1.311739 16.451612 -1.663007 15.307613 -0.000000 0.000000 0.000000 4.251904 -0.131330 -1.199440 -6.295754 -0.491048 -6.915165 8.270054 -1.910076 -3.113248 19.984614 -31.921438 21.742684 2.952010 -12.677656 14.301485 -0.000000 0.000000 0.000000 0.884681 2.712379 3.798408 3.680152 -4.503964 -56.404434 14.343851 -11.230801 11.322161 -16.407663 7.270778 10.213538 -16.065544 10.692662 -39.139666 -30.438144 19.504214 17.320562 -7.423815 21.490800 -22.790948 -20.490368 -17.511911 5.019640 
55.605203 104.484200 -104.337001 -175.472164 -38.036562 171.928196 -0.949676 -1.495780 4.137440 22.282484 -17.031526 1.473725 9.137000 10.656254 -9.755451 -0.000000 0.000000 0.000000 -6.877163 -0.008776 4.691289 24.510840 8.512865 -1.756407 14.757961 -8.055468 14.150344 -0.000000 0.000000 0.000000 4.903563 -1.309783 0.554858 -6.583302 -0.615171 -5.852446 8.698007 -2.272401 -2.614658 19.060996 -33.101376 21.154503 2.387390 -12.138834 13.014842 -0.000000 0.000000 0.000000 1.606495 2.234627 3.746115 3.925799 -4.908585 -58.134389 14.803266 -11.444601 11.468363 -16.844708 7.610787 8.797957 -16.404843 11.040646 -38.699927 -30.119236 19.061440 15.241762 -9.387797 26.407545 -24.916966 -20.919924 -17.854660 6.433774 
59.286296 102.865195 -105.040002 -175.758430 -40.739821 170.358318 1.117561 -3.225889 2.530036 22.150910 -17.175131 1.144607 5.383163 13.805807 -5.237370 -0.000000 0.000000 0.000000 -8.326106 1.313754 3.388328 25.866238 8.478849 -1.914345 11.516626 -11.380666 11.932862 -0.000000 0.000000 0.000000 4.802083 -1.776528 2.523040 -6.967852 -1.104669 -4.543427 9.525436 -2.789156 -1.992229 17.720579 -34.434348 20.196869 2.004602 -11.820760 11.717488 -0.000000 0.000000 0.000000 1.934844 1.705138 3.894730 3.300536 -5.077201 -60.010670 14.438616 -12.197589 11.383286 -17.612210 8.108540 9.222142 -16.735494 10.835082 -38.216439 -30.196932 18.285441 13.588075 -9.441546 32.973694 -28.394310 -20.070339 -17.268876 6.832793 
63.002598 100.169206 -105.783999 -176.736404 -43.634251 167.977902 2.410647 -3.320903 3.100478 21.384315 -12.203869 0.308457 -6.087512 21.098489 2.789590 -0.000000 0.000000 0.000000 -9.869331 2.461658 1.953946 27.411065 10.051699 -1.993053 7.586683 -13.747114 10.387062 -0.000000 0.000000 0.000000 4.033856 -2.063326 4.426464 -7.444639 -1.598653 -3.031722 10.510584 -3.252558 -1.112432 16.075391 -35.441716 19.153002 1.537449 -11.424585 10.356769 -0.000000 0.000000 0.000000 2.259904 1.054414 4.197930 1.836056 -4.659647 -61.913371 14.951244 -13.243472 11.444721 -17.941423 8.371228 10.381580 -16.770129 9.990213 -37.533907 -30.763848 17.326805 12.138006 -7.752894 40.759842 -33.056137 -19.521386 -16.106821 4.866417 
66.754895 97.058898 -106.611001 -177.309566 -47.555046 166.908062 1.437968 -0.608386 5.417223 22.680616 -8.590570 0.280084 -21.802415 20.130348 10.952872 -0.000000 0.000000 0.000000 -9.953613 2.327792 -0.724892 29.056847 12.240159 -2.864608 2.629462 -15.076674 8.847777 -0.000000 0.000000 0.000000 3.662411 -2.149729 4.461474 -6.837172 -2.864643 -1.497887 10.287590 -3.823597 -0.361651 15.187964 -35.245199 19.291359 0.936154 -11.980663 9.609281 -0.000000 0.000000 0.000000 2.652464 0.043773 3.693862 0.193734 -3.903891 -61.917998 16.347571 -14.608003 11.389404 -17.682871 8.164472 11.356865 -16.888109 8.689664 -35.894150 -31.323645 16.349049 12.089600 -3.626906 49.825749 -41.422084 -17.836827 -15.256862 2.694558 
70.802003 94.260508 -107.489991 -176.752401 -54.302238 168.493499 -3.795237 0.702004 7.101653 31.866790 -13.771500 3.059850 -31.614304 14.983568 14.085131 -0.000000 0.000000 0.000000 -7.472200 0.289895 -4.944821 30.605997 13.839851 -4.309743 -1.040561 -16.307613 7.387155 -0.000000 0.000000 0.000000 5.542156 -2.060171 1.865050 -6.991662 -5.681460 -0.679154 9.859484 -5.042251 0.279406 15.785658 -34.493370 21.081886 1.801888 -13.089526 10.527874 -0.000000 0.000000 0.000000 3.282157 -1.995339 2.725590 -1.538174 -2.881443 -59.549020 18.816197 -16.074056 11.149595 -17.385619 7.719529 13.175978 -17.062913 7.649023 -33.579268 -31.316850 13.411261 14.493211 7.326281 59.970339 -57.155007 -16.520619 -13.880369 -1.010204 
74.981004 91.784006 -108.467996 -176.296717 -62.160330 170.359030 -11.138461 -2.654119 7.068006 44.292558 -18.147931 5.530172 -36.873297 13.760496 16.224718 -0.000000 0.000000 0.000000 -4.118675 -1.069726 -8.415187 32.520061 13.849373 -5.268841 -2.162975 -17.281545 6.910964 -0.000000 0.000000 0.000000 7.641298 -1.116518 -1.197983 -7.723363 -8.838215 0.174706 10.009431 -6.360980 0.942961 16.188608 -34.291602 22.511793 3.466617 -15.758630 12.228085 -0.000000 0.000000 0.000000 3.771466 -4.580265 2.756953 -3.743574 -3.414590 -57.738473 20.934887 -17.101820 10.591172 -17.456408 7.521146 14.523248 -17.393145 6.685835 -30.996363 -30.017322 10.079012 16.240364 27.545540 66.776443 -81.159266 -19.095472 -10.008948 -7.986250 
79.023802 90.070409 -109.880996 -175.721766 -67.864352 171.871001 -16.665043 -5.645545 7.688766 51.538695 -18.281160 6.602507 -38.410496 10.710859 14.421134 -0.000000 0.000000 0.000000 -0.914601 -0.566216 -9.293688 35.599823 14.391819 -6.820356 -5.107541 -16.651630 5.964625 -0.000000 0.000000 0.000000 8.725839 0.114174 -3.538358 -8.023031 -10.416289 0.902981 9.262736 -6.889037 1.066056 17.300632 -33.301114 23.287883 5.372685 -19.277390 12.930023 -0.000000 0.000000 0.000000 3.512495 -5.658675 2.278364 -5.312308 -4.539221 -56.171941 21.151087 -18.468226 10.076440 -17.135617 6.713317 15.082261 -17.683388 5.448946 -27.767882 -28.582941 9.095496 17.593639 46.736701 68.789559 -102.106185 -19.277335 -4.724325 -17.591817 
82.900798 89.303607 -111.865997 -174.345933 -69.916045 174.504421 -19.042609 -8.016744 8.392536 53.051134 -17.843171 5.993796 -38.275175 9.561362 13.170625 -0.000000 0.000000 0.000000 1.636207 2.388484 -8.738210 39.374476 18.156034 -9.527253 -4.623952 -14.260913 6.899937 -0.000000 0.000000 0.000000 7.926994 1.135575 -6.513749 -7.403149 -10.114089 1.183109 8.958541 -6.090601 0.636303 18.885849 -31.718618 24.016426 7.436686 -21.732179 13.747535 -0.000000 0.000000 0.000000 2.875018 -5.691655 1.269364 -5.481454 -5.264797 -54.008878 20.450636 -21.053101 10.227290 -15.693620 5.849855 15.936076 -17.387292 4.883428 -24.172435 -27.736721 9.120140 19.412456 57.813623 68.180150 -115.696750 -15.798757 -3.475202 -21.336130 
86.760002 89.298505 -114.336002 -173.384106 -70.663478 176.771935 -20.080641 -9.680529 9.236088 51.981654 -18.365274 5.855493 -36.443036 10.225668 11.698714 -0.000000 0.000000 0.000000 3.288389 5.056450 -7.141466 42.756658 22.321697 -12.339455 -3.403439 -10.015971 8.707332 -0.000000 0.000000 0.000000 6.394942 1.965020 -9.274684 -6.231927 -9.244646 1.139307 8.345000 -4.894864 -0.148118 19.625522 -29.304807 23.925518 8.635253 -23.959196 14.278273 -0.000000 0.000000 0.000000 2.699204 -5.234930 0.798077 -4.596305 -5.794926 -51.830318 21.001100 -23.780863 11.057079 -15.605981 4.839082 16.563266 -16.475601 4.638820 -21.356619 -27.596419 9.498141 21.231337 60.580272 68.304590 -119.408950 -18.646668 -0.130205 -25.322961 
90.603697 89.684403 -116.928995 -172.863728 -72.534471 178.428201 -20.640035 -11.289243 9.703560 49.476427 -19.643062 7.148028 -33.551876 11.265540 9.823117 -0.000000 0.000000 0.000000 4.358922 4.719379 -5.522745 43.308956 24.608776 -12.942653 -3.346088 -6.594104 10.313160 -0.000000 0.000000 0.000000 5.205451 3.066277 -10.404207 -5.257547 -8.853955 0.345620 7.878882 -4.206423 -1.255044 18.389466 -27.601522 22.370514 8.774397 -25.434860 14.115528 -0.000000 0.000000 0.000000 2.213047 -4.881953 0.162489 -3.229744 -6.199750 -49.396191 21.888809 -25.858959 12.018944 -15.543141 3.612272 17.302695 -15.766693 4.802271 -19.947028 -27.686404 9.879771 21.539194 56.591481 68.657336 -114.997531 -18.722944 1.876401 -28.049497 
94.558698 90.136003 -119.567001 -171.870126 -74.831445 -179.284802 -20.672196 -12.695356 10.076432 45.589288 -21.233759 8.393685 -30.500426 11.642122 7.733781 -0.000000 0.000000 0.000000 5.466528 3.243850 -4.442094 39.821384 22.602810 -10.921414 -6.588685 -9.939485 9.393915 -0.000000 0.000000 0.000000 4.940141 3.841587 -10.628890 -4.894401 -8.069238 -1.166393 7.914906 -3.544460 -2.140152 15.537688 -27.515258 19.611632 7.286283 -25.496170 13.484840 -0.000000 0.000000 0.000000 1.615698 -4.694268 0.027471 -2.461901 -6.382289 -47.704148 22.702706 -26.941309 13.213344 -15.561881 3.085944 17.612633 -15.083340 5.725845 -20.573123 -27.726533 9.232899 20.535099 49.033358 69.221085 -107.253877 -19.296161 0.866365 -26.337120 
98.617202 90.552604 -122.296989 -169.128636 -77.217867 -175.418257 -20.439382 -12.978064 10.869273 41.179205 -23.892846 9.811276 -27.913730 11.316097 5.685553 -0.000000 0.000000 0.000000 6.302354 1.502744 -3.183607 37.552570 20.403676 -9.230095 -12.850244 -13.064518 6.124620 -0.000000 0.000000 0.000000 6.039060 4.337814 -10.184830 -4.762513 -6.975000 -2.957111 7.520490 -2.764238 -2.810603 12.065274 -27.939386 16.348457 4.640792 -25.184786 12.853276 -0.000000 0.000000 0.000000 0.630262 -5.116966 0.287245 -1.777427 -5.931240 -46.764735 22.589697 -27.455916 14.498315 -16.320060 3.630448 17.091292 -14.284983 7.411803 -22.489129 -28.036961 7.191309 18.610720 41.168410 70.650581 -98.729954 -23.943245 -1.546195 -21.521637 
102.586997 91.062808 -124.908996 -163.821885 -80.060368 -169.342672 -20.075998 -12.562848 11.908534 36.184866 -26.792078 11.128572 -25.931807 10.491499 3.878383 -0.000000 0.000000 0.000000 6.193524 -0.499788 -1.758110 36.451448 18.871718 -7.563813 -17.867241 -14.572999 3.640208 -0.000000 0.000000 0.000000 7.859947 4.601209 -9.309076 -4.793850 -6.055623 -4.622880 6.947544 -2.123213 -3.415131 9.100038 -28.153301 13.663022 2.439174 -24.575504 12.409165 -0.000000 0.000000 0.000000 -0.630816 -5.399743 0.113349 -1.294232 -5.263540 -45.820823 22.341229 -27.801543 15.692830 -16.345153 4.055670 16.842580 -13.576267 8.897477 -24.439442 -28.595718 5.368866 17.013867 33.057215 71.204578 -89.694028 -27.393557 -5.084448 -16.265806 
106.273997 91.759300 -127.160001 -157.588416 -83.314849 -162.515906 -20.604674 -12.971672 12.114188 31.785754 -28.800495 11.401231 -22.629130 9.447812 3.703507 -0.000000 0.000000 0.000000 4.973856 -2.058132 -0.865519 35.617493 18.360392 -5.600160 -20.143699 -14.278987 2.793591 -0.000000 0.000000 0.000000 8.876651 4.835252 -8.784901 -4.608677 -5.482428 -5.579081 6.428391 -1.832656 -3.729982 7.238113 -27.815383 12.206426 0.737994 -23.619113 12.056857 -0.000000 0.000000 0.000000 -1.389255 -5.295741 0.029412 -1.017747 -4.964207 -45.803548 21.663571 -28.077316 16.664248 -17.084870 4.485238 16.765446 -13.100324 9.586423 -25.944031 -29.004736 4.724750 16.688404 27.246183 70.249395 -82.950406 -28.118711 -7.563888 -12.265895 
109.529996 92.820507 -129.022002 -139.635154 -85.713951 -144.254397 -21.355968 -13.242097 11.298628 30.804587 -25.829577 9.922917 -17.857899 12.638287 3.526667 -0.000000 0.000000 0.000000 3.197652 -2.980675 -0.240512 35.728532 16.962102 -3.258598 -18.780273 -13.534715 3.250719 -0.000000 0.000000 0.000000 10.125440 5.118497 -8.677695 -4.496399 -5.062299 -5.874384 6.103605 -1.755866 -3.655909 5.901821 -27.255994 11.847861 -0.487625 -22.139921 11.903808 -0.000000 0.000000 0.000000 -1.582086 -5.213885 -0.071584 -0.574726 -4.384479 -46.522839 20.489139 -28.371019 17.005924 -17.073351 4.651725 17.695197 -13.054279 9.966287 -26.672559 -29.009701 4.969841 17.498646 25.555315 69.900305 -80.792709 -28.888348 -8.592367 -10.503145 
112.439001 94.181305 -130.537987 -119.881561 -86.008919 -124.764272 -21.484641 -12.237833 10.832819 34.280493 -21.186585 7.934401 -17.472740 13.801195 5.166036 -0.000000 0.000000 0.000000 1.230862 -3.734635 0.408085 36.183216 15.235496 -1.261221 -14.693552 -12.474431 4.019883 -0.000000 0.000000 0.000000 11.163323 5.290311 -8.467058 -4.686965 -4.450954 -5.714244 6.528009 -1.408735 -3.332465 4.276334 -26.572497 11.822867 -0.750110 -20.626075 11.981273 -0.000000 0.000000 0.000000 -1.422071 -4.892605 0.178760 -0.156234 -3.285759 -48.173612 19.528633 -28.171501 16.627672 -16.625408 4.725201 18.392882 -13.048350 10.210326 -26.973600 -29.415603 5.816863 19.140519 27.477726 69.729366 -82.725146 -28.346652 -9.116235 -9.948649 
114.985001 95.616108 -131.850004 -113.674418 -86.009949 -119.132299 -21.541893 -10.363810 10.649409 40.174710 -16.395369 6.046071 -17.558730 13.690552 5.116248 -0.000000 0.000000 0.000000 -0.080580 -4.242699 1.422993 34.926895 13.953431 -0.539248 -10.308634 -10.433057 5.671903 -0.000000 0.000000 0.000000 10.929597 5.417956 -8.477960 -4.526750 -4.144487 -5.119264 6.789337 -1.066104 -2.858109 3.539931 -25.384778 12.282884 -1.457473 -19.381213 11.880238 -0.000000 0.000000 0.000000 -0.556873 -4.475412 0.799620 0.650587 -2.112084 -50.115718 19.286990 -27.220131 15.856910 -16.669367 4.909669 17.417937 -13.044947 10.095455 -26.978308 -29.973086 7.165576 20.931038 30.298160 69.179702 -85.109624 -27.783126 -9.697819 -9.240983 
117.233002 96.923304 -132.983994 -107.985576 -86.455503 -113.974737 -21.103978 -8.715645 10.096921 46.272721 -13.701625 4.326058 -15.946127 13.907588 5.035464 -0.000000 0.000000 0.000000 -0.490936 -4.341326 2.659683 31.821255 13.413091 0.080960 -6.924954 -9.838563 6.208169 -0.000000 0.000000 0.000000 9.986574 5.301267 -8.523596 -4.585284 -4.096528 -4.575708 7.288572 -1.102744 -2.438230 3.118260 -24.668781 12.910925 -1.475485 -17.746175 11.927941 -0.000000 0.000000 0.000000 0.400809 -3.921942 1.189447 1.860272 -1.102601 -51.425359 19.530265 -26.023626 14.605660 -16.640953 5.293517 16.247623 -13.243312 9.806640 -26.929801 -29.958050 8.393056 22.036578 32.108204 69.082451 -86.189746 -28.225618 -10.407687 -7.835721 
119.245994 97.977799 -133.898997 -102.279808 -86.918221 -108.620437 -19.435694 -6.993470 9.411644 50.505163 -11.243174 2.466926 -13.458851 14.797690 5.171085 -0.000000 0.000000 0.000000 -0.226426 -4.372783 3.818146 27.927650 12.574466 0.628805 -4.626893 -10.055595 5.992750 -0.000000 0.000000 0.000000 8.837182 4.992891 -8.390681 -4.564040 -4.136835 -4.304506 7.784577 -1.365563 -2.132305 2.741677 -24.442633 13.449384 -1.359733 -15.842287 12.042382 -0.000000 0.000000 0.000000 1.404213 -3.308773 1.270086 3.020916 -0.085120 -52.737899 19.082968 -24.630495 13.636622 -16.746258 5.649331 15.699094 -13.475852 9.407056 -27.154930 -29.683941 9.217789 22.286260 33.066959 68.834941 -86.339531 -28.333006 -11.334363 -5.952194 
121.107996 98.741603 -134.645998 -104.558601 -87.080343 -111.398503 -16.120641 -4.760510 9.204945 51.834901 -8.445750 0.776663 -12.859985 16.262487 5.342167 -0.000000 0.000000 0.000000 0.078358 -3.826636 5.288904 24.593257 11.756967 0.624448 -2.979948 -10.459747 5.753495 -0.000000 0.000000 0.000000 7.719439 4.362676 -7.821311 -4.526547 -3.929615 -4.258316 8.145655 -1.530208 -1.883645 2.662938 -24.293955 14.020799 -1.618033 -13.772158 11.999120 -0.000000 0.000000 0.000000 2.167740 -2.419906 1.012577 3.828969 1.324947 -54.269834 17.881841 -23.025363 12.974103 -16.376362 6.120809 14.894090 -13.677215 8.926237 -27.531263 -29.521055 9.827756 22.219354 34.042835 68.490882 -86.472298 -27.275764 -12.243665 -4.564726 
122.915995 99.163508 -135.259986 -112.870901 -87.391129 -120.306190 -11.969472 -2.974610 9.155225 50.025781 -5.263131 -0.945954 -11.071819 17.691272 5.177606 -0.000000 0.000000 0.000000 -0.263030 -2.318608 6.926339 22.006036 11.291854 0.522928 -2.317053 -11.608044 5.141088 -0.000000 0.000000 0.000000 6.100854 3.401926 -7.101902 -4.236181 -3.589214 -4.118210 8.411469 -1.698938 -1.708842 2.926419 -24.106923 14.589117 -2.004459 -11.600843 11.744562 -0.000000 0.000000 0.000000 2.910348 -1.210287 0.585449 4.158668 2.594582 -55.962525 15.767745 -21.494528 12.387377 -16.289034 6.456642 14.078248 -13.806995 8.285945 -27.908049 -29.397564 10.681922 22.329891 34.568080 68.285226 -86.723213 -26.035829 -12.640157 -3.553524 
124.689996 99.187106 -135.712993 -116.030530 -88.175454 -123.991102 -7.729867 -2.026784 8.700114 45.806246 -1.855834 -2.192912 -8.075472 19.934039 5.729743 -0.000000 0.000000 0.000000 -0.978204 -0.674682 8.372986 19.787725 10.880431 0.601163 -2.925551 -13.276179 3.873601 -0.000000 0.000000 0.000000 4.126131 2.458128 -6.418890 -3.720783 -3.395577 -3.826267 8.626759 -2.044543 -1.506898 3.464614 -24.062965 14.958443 -2.484462 -9.645926 11.372574 -0.000000 0.000000 0.000000 3.600551 -0.245699 0.217998 4.146556 3.200302 -57.752287 13.596275 -19.999317 11.678286 -16.233326 6.959840 13.730912 -13.940669 7.571231 -28.245536 -29.194434 11.393801 22.379170 35.433564 68.211875 -87.712143 -24.990400 -12.647614 -2.558730 
126.528001 98.823404 -136.003006 -64.136008 -89.269644 -72.582794 -3.752123 -1.300700 8.074805 39.620140 1.046542 -2.450041 -6.805831 23.032751 7.079504 -0.000000 0.000000 0.000000 -2.205165 0.403295 9.715327 18.419146 9.919500 0.741937 -5.093413 -15.166186 1.997897 -0.000000 0.000000 0.000000 2.513351 1.490077 -5.817544 -3.403102 -3.434584 -3.462138 8.840410 -2.588886 -1.189318 3.939605 -23.923605 15.278397 -2.628108 -8.272574 10.966436 -0.000000 0.000000 0.000000 4.056752 0.231427 -0.078853 3.864784 3.144206 -59.445504 12.010846 -18.552328 11.005268 -16.704850 7.757521 13.484422 -14.257672 6.809988 -28.360676 -28.933470 11.820599 22.427469 37.338657 68.152694 -90.040169 -24.077470 -12.637249 -1.990147 
128.509986 98.119706 -136.143994 9.815324 -87.840731 0.930994 -0.176528 -0.141877 7.694438 32.281313 2.856798 -2.034611 -7.487356 24.884471 6.850234 -0.000000 0.000000 0.000000 -4.367860 1.199085 11.045456 18.729144 8.397627 0.868570 -8.555358 -17.334024 -0.412349 -0.000000 0.000000 0.000000 1.591652 0.375616 -5.354951 -3.233897 -3.577944 -3.021829 8.892655 -3.155634 -0.811552 4.257861 -23.406066 15.700441 -2.635649 -7.608350 10.637296 -0.000000 0.000000 0.000000 4.231628 0.152285 -0.375347 3.299957 2.595361 -60.959789 10.917391 -17.282487 10.442925 -17.272416 8.096221 13.558388 -14.574408 6.104608 -28.167187 -28.722519 11.783856 22.541681 40.572236 68.295266 -94.099108 -23.764917 -12.462789 -2.045078 
130.710006 96.999002 -136.081994 10.589303 -85.333179 1.821227 3.130385 1.378904 7.080412 24.797646 4.546919 -1.423496 -13.071314 27.676702 5.727007 -0.000000 0.000000 0.000000 -7.224621 1.772721 11.520023 21.667356 6.406133 1.095815 -14.518974 -18.862962 -2.731278 -0.000000 0.000000 0.000000 2.395371 -0.886537 -5.179829 -3.613414 -3.808201 -2.820763 8.934099 -3.642608 -0.394345 3.851249 -22.258291 16.074401 -2.674619 -7.874434 10.244824 -0.000000 0.000000 0.000000 4.002206 -0.633636 -0.346994 2.540600 2.002816 -62.394259 10.330226 -16.721651 10.260930 -18.122832 8.304487 12.937454 -15.004824 5.626395 -27.822093 -28.785071 11.065520 22.595089 45.099803 68.522397 -99.592797 -23.750851 -12.024626 -2.715343 
133.173001 95.426303 -135.903001 6.228519 -81.796983 -1.737714 4.963351 2.755571 6.426983 19.657882 1.620930 -0.363119 -21.574411 26.425229 8.226826 -0.000000 0.000000 0.000000 -11.026971 1.365359 10.822258 27.673566 4.657452 1.723948 -22.088399 -19.946609 -5.639229 -0.000000 0.000000 0.000000 4.884236 -2.361642 -5.127315 -4.638489 -4.202398 -2.908518 8.899700 -4.215948 0.010071 3.082139 -21.394953 15.887618 -2.959483 -8.308442 9.956949 -0.000000 0.000000 0.000000 3.620074 -2.043829 0.158451 1.381980 1.242918 -63.545355 10.748835 -16.773501 10.058733 -19.264610 8.310541 13.312317 -15.212664 5.681860 -28.162605 -28.917091 9.346597 22.817524 50.446272 68.771240 -106.128984 -23.751082 -11.491789 -3.828376 
135.822999 93.669504 -135.784996 1.240687 -76.606538 -5.661257 4.600047 3.497634 6.542373 19.593785 -4.835982 0.219887 -30.945115 22.489193 11.958877 -0.000000 0.000000 0.000000 -15.735128 0.055018 8.921410 36.308526 2.765548 3.267956 -26.790556 -21.118894 -7.067735 -0.000000 0.000000 0.000000 9.285216 -4.027218 -4.965248 -6.254911 -4.888583 -2.937199 8.658390 -5.046404 0.494984 2.108177 -21.121733 15.382212 -2.999214 -8.682943 9.764805 -0.000000 0.000000 0.000000 3.000200 -3.707568 0.735717 -0.109242 0.263059 -64.089987 12.497244 -17.628183 10.361595 -20.777361 8.136981 14.152693 -15.550574 5.995370 -28.572061 -28.830784 7.451043 22.765942 56.096259 68.681720 -112.761636 -23.290721 -10.874028 -5.346134 
138.371992 92.324108 -135.763001 -3.275465 -70.720202 -8.126546 1.654011 2.225899 5.121030 25.522791 -9.593207 1.068020 -36.900650 20.171839 15.440892 -0.000000 0.000000 0.000000 -20.202161 -1.213946 5.125818 45.549275 1.068254 5.103822 -26.335558 -21.959555 -5.898805 -0.000000 0.000000 0.000000 14.406355 -4.784328 -5.862969 -6.869054 -5.981302 -2.591342 7.627046 -6.087833 0.804986 1.816193 -21.203461 15.653092 -3.647755 -9.354125 9.837547 -0.000000 0.000000 0.000000 2.477473 -5.580703 0.395230 -1.577944 -1.641979 -63.111692 13.987974 -19.600967 11.360399 -22.005448 8.117224 15.384830 -16.369413 5.995948 -28.006091 -27.768030 6.548998 22.749063 62.432252 68.152243 -120.538957 -22.277138 -11.135640 -6.275671 
140.219998 91.862208 -136.177003 -3.879442 -64.961274 -7.605829 -3.912929 0.075254 5.255647 33.966835 -11.004940 0.734887 -36.711783 17.793229 14.453931 -0.000000 0.000000 0.000000 -24.101188 -1.833655 2.567717 51.612176 -0.122366 6.243808 -22.511445 -21.290976 -4.620701 -0.000000 0.000000 0.000000 16.885857 -4.169645 -6.667921 -6.926400 -7.004370 -1.990584 7.607771 -6.742183 0.824292 1.934396 -21.235254 16.514154 -1.967704 -11.455165 10.642257 -0.000000 0.000000 0.000000 1.517164 -7.341612 -0.317167 -3.510120 -3.986593 -61.297143 14.761141 -20.796967 11.445822 -19.027763 7.228281 16.014177 -16.487400 5.395343 -26.072488 -26.475661 5.542858 22.815623 71.424399 66.900030 -130.659133 -23.232920 -10.425979 -7.468629 
141.237998 91.940403 -136.434996 -4.758459 -61.570021 -9.253467 -5.288916 0.707288 7.276200 35.484072 -12.084313 1.037948 -36.267535 15.045008 12.786478 -0.000000 0.000000 0.000000 -26.215383 -1.734036 3.203678 54.341618 0.773246 5.657749 -20.420299 -19.632916 -3.647404 -0.000000 0.000000 0.000000 17.240272 -3.305428 -5.246266 -6.282436 -6.221155 -1.439163 7.383823 -5.940901 0.906530 3.756951 -22.087973 15.840260 -1.797403 -12.765812 11.279659 -0.000000 0.000000 0.000000 0.556786 -8.734476 -0.686917 -4.556029 -4.972889 -61.649360 16.675235 -23.326895 12.316728 -16.491803 7.086059 16.350757 -14.774036 6.351929 -25.082941 -26.474346 3.476683 21.943527 80.428745 65.876539 -138.867844 -24.227240 -8.440476 -9.603876 
141.470003 92.648202 -136.619997 -5.411895 -60.134009 -10.142750 -3.683985 0.580808 7.535305 32.537069 -12.402999 1.820875 -34.707085 14.722020 12.245146 -0.000000 0.000000 0.000000 -27.246306 -0.233398 4.402180 54.632458 2.439487 4.031302 -19.461185 -19.341823 -3.216077 -0.000000 0.000000 0.000000 15.671386 -2.948333 -5.008766 -5.578687 -4.633194 -0.981766 7.783040 -4.737897 0.701118 5.794191 -21.988885 15.736938 -0.034060 -13.636805 10.894487 -0.000000 0.000000 0.000000 0.541486 -8.316826 -0.706111 -3.875082 -6.902791 -62.231819 19.572989 -27.278216 14.181977 -17.220128 6.297464 17.732911 -13.900461 6.927702 -23.937050 -25.928144 4.707897 22.766568 83.719833 64.584343 -141.417371 -22.013092 -7.704761 -10.915524 
141.242993 93.727905 -136.785007 -5.090266 -57.355346 -9.891925 -1.740922 -1.198619 7.260214 28.701439 -13.924954 2.911405 -31.839813 16.148126 11.896082 -0.000000 0.000000 0.000000 -27.276985 1.318167 4.658939 53.055994 3.183323 3.147741 -18.364648 -19.886334 -2.914239 -0.000000 0.000000 0.000000 13.818477 -2.677258 -4.604445 -5.202302 -3.750481 -0.745517 8.289862 -3.991238 0.309614 7.675392 -22.104642 15.958083 2.354647 -14.419762 10.625375 -0.000000 0.000000 0.000000 0.705753 -7.862639 -0.490394 -2.164468 -9.003888 -61.884065 24.975573 -30.804905 16.436406 -16.920406 5.904090 17.615799 -13.606338 7.549480 -23.491871 -25.357889 6.216077 23.390000 82.085348 63.557547 -139.144283 -19.217716 -8.492321 -9.571838 
140.770006 94.759804 -136.880004 -3.831083 -53.220566 -9.142848 -0.627733 -2.463614 8.175476 25.073070 -16.064586 3.746043 -28.399792 16.247216 10.118365 -0.000000 0.000000 0.000000 -26.818534 2.280947 4.255970 50.661783 3.505811 2.651165 -17.396395 -20.064534 -2.528277 -0.000000 0.000000 0.000000 12.135239 -2.475405 -3.339513 -5.261669 -3.280488 -0.655423 8.578642 -3.672297 0.111728 9.168991 -23.026845 15.995031 3.461110 -15.026276 10.693457 -0.000000 0.000000 0.000000 1.125852 -7.750953 0.233657 -0.873121 -10.454955 -62.302695 29.485595 -32.912044 18.135711 -17.396262 5.641055 16.350596 -13.132124 8.208925 -24.343168 -25.510494 6.665072 22.691250 79.178188 64.239897 -135.055099 -18.800572 -9.149251 -8.413855 
140.105999 95.530701 -136.906993 -2.539422 -48.655823 -8.268332 -0.166984 -2.641092 9.533180 21.829481 -18.303265 4.165480 -24.956135 14.918415 7.771166 -0.000000 0.000000 0.000000 -26.120173 2.618810 3.137840 48.624178 4.201963 1.833508 -16.767439 -20.025005 -2.273939 -0.000000 0.000000 0.000000 10.445144 -2.367443 -2.111935 -5.257409 -2.983480 -0.697071 8.476298 -3.520329 0.138634 10.593908 -24.567446 15.895419 3.005773 -15.117500 10.755057 -0.000000 0.000000 0.000000 1.830783 -7.745081 1.004288 0.013224 -11.012961 -63.184101 31.875341 -34.173595 18.749066 -18.477594 5.878676 15.508054 -12.480710 8.992120 -25.958433 -26.475230 6.670106 21.338998 74.787552 66.152909 -129.416935 -19.356320 -9.717562 -6.969025 
139.337003 95.977306 -136.932993 -1.391079 -44.065272 -7.185175 -0.183163 -2.712100 10.504864 19.381308 -20.866214 4.532867 -22.579825 13.414190 5.822088 -0.000000 0.000000 0.000000 -25.425750 3.021288 1.493843 47.455833 5.383111 0.603318 -16.315801 -19.878964 -2.082087 -0.000000 0.000000 0.000000 8.715564 -2.276132 -1.100762 -5.266102 -2.621267 -0.840219 8.261802 -3.387873 -0.063681 11.416817 -26.081379 15.844310 2.604490 -15.536926 10.477785 -0.000000 0.000000 0.000000 2.348947 -7.463357 1.410593 0.648380 -11.343191 -63.577221 33.951532 -34.049042 18.892039 -19.170570 5.917236 13.906154 -12.241237 9.516637 -27.261877 -27.710735 7.209206 19.960902 67.902369 67.651173 -121.571072 -19.696693 -9.457494 -5.227677 
138.488996 96.061206 -136.998987 -0.795136 -39.947050 -6.328866 -0.233116 -3.468480 11.035314 18.113852 -23.154383 4.880714 -21.622616 12.504412 4.768130 -0.000000 0.000000 0.000000 -24.462113 3.859437 -0.219583 47.039778 6.865650 -0.894309 -15.787556 -19.650808 -1.654685 -0.000000 0.000000 0.000000 7.271999 -1.944791 -0.311777 -5.066630 -2.206546 -1.035892 8.057291 -3.074749 -0.427788 11.463674 -27.357434 15.895409 2.066203 -16.260481 10.194235 -0.000000 0.000000 0.000000 2.488722 -7.084618 1.661650 0.961613 -11.334181 -63.881797 35.110015 -32.746087 18.342002 -18.648513 5.810240 12.587232 -12.119504 9.980396 -28.338923 -28.760711 7.665371 19.069326 60.822112 68.245221 -114.180733 -19.518228 -8.731818 -4.193261 
137.535000 95.795107 -137.128007 -0.997297 -36.133414 -5.963252 -0.667756 -4.559453 11.140767 19.298437 -25.186780 5.818416 -21.982384 11.931693 4.428973 -0.000000 0.000000 0.000000 -22.761027 4.694984 -1.679386 47.073598 8.358863 -2.824563 -15.830842 -19.868636 -1.573844 -0.000000 0.000000 0.000000 6.588948 -1.553687 0.305160 -4.841679 -1.935757 -1.219816 7.903452 -2.695990 -0.767528 11.150609 -28.550346 15.903950 1.324180 -16.974273 10.014203 -0.000000 0.000000 0.000000 2.449399 -6.680285 1.353988 1.126292 -10.605118 -63.851110 34.338461 -31.070163 17.032539 -18.504645 6.096825 11.661177 -12.036734 10.426261 -28.714157 -29.349588 8.264551 18.617194 57.445828 68.390308 -110.953859 -18.138345 -8.676088 -5.196866 
136.475992 95.127207 -137.382007 -1.939795 -32.181499 -5.922177 -1.814114 -6.217594 10.473482 23.946281 -27.179586 8.058741 -23.784161 11.824175 4.853919 -0.000000 0.000000 0.000000 -20.160495 5.292641 -2.892835 47.466824 9.756888 -5.330094 -15.937710 -20.322013 -1.668881 -0.000000 0.000000 0.000000 7.198005 -0.947876 0.763115 -5.115784 -1.968971 -1.475383 7.833199 -2.377455 -1.044809 10.557860 -29.958694 15.791770 0.748991 -17.927237 10.091751 -0.000000 0.000000 0.000000 2.461232 -6.642078 0.886130 1.033075 -9.356605 -63.497783 32.316250 -29.056472 15.226313 -18.851396 6.213261 11.370448 -12.022343 11.035241 -28.596500 -29.351986 8.182242 18.658422 58.628983 68.213825 -112.709012 -16.978769 -8.154291 -7.444983 
135.391009 93.901604 -137.744987 -3.233770 -28.285679 -6.013561 -3.868183 -8.505524 8.784464 32.134401 -28.691367 11.858362 -26.614059 12.475697 6.099273 -0.000000 0.000000 0.000000 -17.195761 5.779297 -3.780477 48.447270 10.763877 -8.194133 -15.937554 -21.186077 -1.673988 -0.000000 0.000000 0.000000 8.576353 -0.045362 1.330533 -5.461784 -2.171898 -1.713761 7.702186 -2.048608 -1.268754 9.758427 -31.834548 15.280159 -0.563591 -18.915894 10.283714 -0.000000 0.000000 0.000000 2.439128 -7.062196 0.386859 0.697959 -7.781873 -62.940794 30.232612 -27.131003 13.741076 -18.811566 6.898342 11.221033 -11.807201 11.854143 -28.298926 -28.856432 7.030612 18.340216 63.485008 67.800862 -118.149184 -16.113401 -6.966571 -10.693389 
134.307992 91.959405 -138.260996 -4.344866 -24.639383 -5.766163 -6.679619 -11.823969 6.221196 41.989385 -28.735933 15.601398 -30.281549 13.813298 8.256761 -0.000000 0.000000 0.000000 -14.979981 6.597870 -4.675040 51.068625 10.569609 -10.617436 -17.398261 -22.938277 -2.256389 -0.000000 0.000000 0.000000 9.860634 1.073595 1.802170 -5.243145 -2.386079 -1.691630 7.016240 -1.716189 -1.623977 8.917003 -33.696370 14.294254 -2.861676 -20.152087 10.049387 -0.000000 0.000000 0.000000 2.343387 -7.695302 -0.234217 0.541199 -6.687532 -61.737078 28.314687 -25.790808 12.573459 -19.002784 7.690986 10.740501 -11.678452 12.641488 -27.544055 -27.760973 5.956699 17.231170 68.752081 66.863712 -124.036084 -13.940752 -5.929851 -14.115210 
133.102989 89.438403 -138.995993 -4.806697 -21.726152 -4.863194 -10.105830 -14.286277 3.510288 50.853796 -27.530006 18.715914 -34.461191 14.025615 10.114568 -0.000000 0.000000 0.000000 -14.417469 7.626958 -5.785531 55.519005 9.811653 -12.518805 -19.860493 -23.779443 -3.186288 -0.000000 0.000000 0.000000 10.544935 1.935658 1.786885 -4.929278 -2.302960 -1.610557 6.156816 -1.170067 -2.221212 8.245653 -34.618376 13.545419 -4.866846 -21.909014 9.347699 -0.000000 0.000000 0.000000 1.830039 -7.766277 -1.148372 0.674798 -5.860966 -59.776533 26.633878 -24.769773 11.913507 -17.780176 8.374918 9.855019 -11.793605 12.849840 -26.080362 -26.666047 5.660160 16.411955 73.024122 65.362925 -129.032490 -10.272577 -6.226582 -16.723127 
131.387997 86.888999 -139.936996 -5.037716 -20.282783 -3.169905 -11.324358 -15.749492 1.933811 54.763255 -27.231747 20.374559 -40.027479 14.092531 12.230445 -0.000000 0.000000 0.000000 -14.769754 9.375202 -6.835380 60.704722 9.475960 -14.207852 -22.325321 -23.758118 -3.250588 -0.000000 0.000000 0.000000 10.210107 2.357418 0.329783 -4.154587 -1.867919 -1.715638 5.969018 -0.565222 -2.961670 7.749373 -33.665690 13.825463 -5.176406 -24.106029 8.612848 -0.000000 0.000000 0.000000 1.333864 -7.116435 -2.026206 0.691406 -4.898890 -57.215209 24.680985 -23.609621 12.026198 -15.820039 8.505392 9.711236 -12.104425 12.545672 -23.868183 -25.818897 6.482773 17.418733 75.492811 63.594456 -133.077200 -7.967037 -6.843544 -18.267500 
128.723991 85.061401 -141.110992 -4.971900 -19.819030 -1.167140 -11.837125 -17.421180 1.283771 56.330648 -27.490776 20.602877 -42.561313 15.310853 13.664794 -0.000000 0.000000 0.000000 -15.334643 11.638177 -6.654779 65.035027 11.131877 -15.478719 -22.435381 -21.653021 -1.819384 -0.000000 0.000000 0.000000 8.668496 2.761139 -2.526127 -2.586539 -1.505927 -1.686243 6.016304 0.016392 -3.808527 8.252775 -31.094829 15.004283 -4.137370 -26.705019 8.319828 -0.000000 0.000000 0.000000 0.944221 -6.154684 -2.768153 0.718324 -4.200005 -53.948663 21.159076 -21.831733 11.566802 -13.814920 8.731231 10.940258 -12.357583 11.616954 -20.848449 -24.852221 8.189192 19.631572 78.243418 62.140658 -137.262242 -9.094129 -7.009108 -21.245228 
125.205994 84.243006 -142.565000 -5.567221 -19.058566 -0.639944 -10.512171 -17.837938 3.657605 55.453391 -28.656896 20.850670 -41.860372 16.291951 12.438270 -0.000000 0.000000 0.000000 -14.789450 11.849307 -4.486451 66.919101 11.505989 -15.767580 -27.315488 -23.598910 -4.020647 -0.000000 0.000000 0.000000 8.807129 2.908855 -3.759459 -2.592233 -1.044622 -2.226713 6.195381 0.412715 -4.405791 8.774060 -29.567348 14.722595 -1.526643 -27.489768 8.653199 -0.000000 0.000000 0.000000 0.569125 -5.308803 -2.826810 0.042562 -2.303015 -51.107884 18.523009 -19.524397 10.648938 -12.208683 9.275500 11.387051 -12.140100 11.696626 -19.655415 -24.208554 8.204651 20.903465 79.581855 61.274710 -138.580116 -8.700625 -6.487221 -23.873476 
121.043992 84.491605 -144.298005 -6.052973 -18.104761 -0.650427 -7.771774 -15.700359 8.461060 50.181848 -30.917849 21.425416 -37.549812 16.453940 8.359228 -0.000000 0.000000 0.000000 -13.915016 9.035144 -2.812441 65.740046 11.106735 -14.827796 -32.921484 -24.325199 -6.798577 -0.000000 0.000000 0.000000 9.054760 2.885031 -4.174769 -2.864949 -0.742745 -3.375757 6.759534 0.480635 -4.474634 8.706900 -28.046194 13.545738 0.279422 -26.923333 9.197036 -0.000000 0.000000 0.000000 0.179934 -4.467630 -1.927287 -0.941000 0.444694 -49.342127 16.267520 -17.900622 10.343030 -12.532575 10.518271 10.967498 -11.673476 12.016201 -20.858814 -25.261544 7.445881 20.836897 78.046517 61.548358 -135.661274 -6.910651 -7.622429 -24.553013 
116.446996 86.054605 -146.221995 -5.401427 -16.791495 -0.600843 -5.305564 -13.787520 13.472974 40.692841 -31.898047 20.559646 -26.206182 18.016454 1.667990 -0.000000 0.000000 0.000000 -13.449209 6.240171 -1.319222 61.609453 10.502799 -12.201282 -35.484533 -23.160030 -8.233547 -0.000000 0.000000 0.000000 8.006982 2.745590 -4.900188 -2.441262 -0.745893 -4.325522 6.839089 0.241792 -4.483540 9.315168 -26.475241 13.355470 1.794900 -26.110939 10.011503 -0.000000 0.000000 0.000000 -0.070779 -3.336180 -1.217834 -1.053254 2.358298 -47.489489 13.875345 -17.383579 10.843257 -12.876872 11.192854 10.556198 -11.659214 11.803627 -22.552127 -26.744301 7.185317 20.057748 74.902328 63.135761 -131.303858 -9.306100 -9.817597 -19.616787 
111.635005 88.839602 -148.343992 -4.526264 -15.500778 -0.371472 -3.724697 -13.959054 15.985036 31.132694 -28.239625 17.676594 -7.944061 22.097567 -4.469929 -0.000000 0.000000 0.000000 -13.344158 5.741055 1.244527 56.999870 11.011041 -9.428995 -31.689746 -22.997002 -8.746735 -0.000000 0.000000 0.000000 6.936307 2.314436 -6.466719 -1.470707 -0.842712 -4.994454 6.433367 -0.486214 -4.633305 10.634818 -26.322426 14.183022 3.536141 -24.407910 11.511708 -0.000000 0.000000 0.000000 0.225839 -1.919673 -0.807781 -0.518801 3.574806 -45.343541 10.939471 -18.151478 11.591835 -13.371944 11.602153 10.099594 -12.232026 11.324250 -24.367721 -27.278455 7.936561 19.339019 68.105434 65.263169 -124.485265 -13.294741 -12.529246 -12.319018 
107.151997 92.290199 -150.378001 -4.300999 -12.780586 -0.076692 -4.367986 -14.572094 15.586756 24.111286 -20.449726 13.702231 9.067291 25.960795 -5.120402 -0.000000 0.000000 0.000000 -11.653867 5.893543 3.347614 49.991145 11.600852 -5.783240 -24.715554 -25.350822 -9.501906 -0.000000 0.000000 0.000000 6.813999 1.361219 -7.694729 -1.016522 -1.394173 -5.720363 6.674629 -1.638640 -4.790043 12.467745 -28.926559 14.694035 4.959681 -21.309618 12.954238 -0.000000 0.000000 0.000000 1.451409 -1.190755 -0.402114 -0.502287 3.704376 -43.842089 8.507583 -17.706408 11.811559 -13.712420 12.024815 9.986770 -12.618418 10.928092 -27.160556 -27.005566 8.543359 17.916677 55.532476 66.683525 -112.426447 -14.941602 -15.055220 -3.545242 
103.270996 95.931101 -152.059996 -4.735021 -9.437362 -1.047382 -6.438448 -11.807246 14.854287 24.746640 -21.947672 11.358299 7.998087 17.809070 -2.754964 -0.000000 0.000000 0.000000 -8.115645 3.393711 5.026582 40.563793 11.083188 -3.409062 -14.877200 -24.464430 -5.107338 -0.000000 0.000000 0.000000 7.933012 0.841898 -7.139457 -1.520795 -2.404308 -6.181950 6.588063 -2.250971 -4.420053 15.893909 -31.633736 15.085351 4.519120 -19.099413 13.357361 -0.000000 0.000000 0.000000 1.830394 -1.134078 0.000691 -0.769645 3.713111 -44.443055 7.905679 -15.143822 12.012521 -11.534274 11.610496 8.994208 -13.025407 11.031037 -30.077560 -27.701669 8.162542 15.541705 41.957541 66.736591 -96.017165 -14.913370 -15.391117 4.350547 
99.738401 99.493706 -153.665996 -4.737310 -8.101636 -2.385405 -7.826163 -8.053773 13.086223 27.304097 -24.252884 9.634391 6.504062 10.842882 -5.059605 -0.000000 0.000000 0.000000 -5.704583 -0.111168 6.091955 32.089102 11.352883 -2.513172 -0.836041 -18.652994 3.921849 -0.000000 0.000000 0.000000 8.360647 1.214403 -6.372357 -2.287601 -2.749352 -6.355308 6.867612 -2.319096 -3.852106 18.921039 -32.813220 16.222171 4.481531 -17.685877 13.624633 -0.000000 0.000000 0.000000 1.307355 -0.389613 0.477894 -0.827280 3.622203 -46.440768 6.546113 -13.676212 12.087602 -11.494669 11.899595 7.842045 -14.169768 10.617312 -31.901346 -29.073048 9.147148 14.320038 30.651362 65.634751 -81.078989 -15.297510 -15.892801 9.014625 
96.351898 102.557206 -155.242991 -4.254710 -9.315140 -3.882679 -7.039485 -6.630809 10.821365 28.185339 -21.087442 6.786918 5.063198 12.301679 -6.197711 -0.000000 0.000000 0.000000 -5.257945 -1.552527 6.494761 25.576502 12.580926 -0.896696 12.755796 -9.233374 12.320990 -0.000000 0.000000 0.000000 7.478768 2.181309 -5.584895 -2.539281 -2.427348 -6.196453 7.283278 -1.963263 -3.515432 20.742799 -32.547641 17.793568 4.266786 -16.555830 13.703742 -0.000000 0.000000 0.000000 0.819767 1.044883 1.077784 -0.199474 3.384669 -49.001650 4.717924 -13.659067 11.708735 -12.440518 11.594941 7.364950 -15.509577 9.800148 -32.827625 -30.436385 11.722667 14.554594 21.651031 63.614776 -70.069975 -15.752510 -16.129297 10.087073 
93.066198 104.610193 -156.818998 -3.958969 -11.845184 -5.705978 -5.483163 -5.030150 9.008107 28.220844 -15.942836 4.490505 4.769248 13.309070 -7.869369 -0.000000 0.000000 0.000000 -5.343218 -1.163484 6.851783 21.634803 13.443870 -0.365454 17.990602 2.300789 19.169854 -0.000000 0.000000 0.000000 6.498017 2.562337 -4.342036 -2.424351 -1.855442 -5.625571 7.293863 -1.128787 -3.338326 20.597986 -30.585628 18.805529 2.893411 -16.628304 12.900350 -0.000000 0.000000 0.000000 0.607899 2.513902 1.959293 1.533111 2.919850 -52.356928 4.240889 -13.989481 11.775626 -12.977193 10.691157 6.297000 -16.633932 9.172895 -33.218098 -32.477122 15.058233 15.041537 14.894249 61.114613 -61.880571 -15.352416 -15.365907 9.192732 
89.808995 105.405200 -158.445990 -3.513201 -14.024185 -7.638643 -4.097376 -3.883614 7.560010 27.881482 -14.709793 3.350047 5.609425 11.169492 -9.115379 -0.000000 0.000000 0.000000 -7.328362 0.733849 7.925769 22.405551 15.166708 -1.300048 15.064814 3.857505 18.926818 -0.000000 0.000000 0.000000 5.530469 1.875495 -2.762090 -2.896040 -1.135802 -4.855993 7.730424 -0.608376 -3.021649 19.338944 -29.356959 18.924399 1.660167 -16.183088 11.716820 -0.000000 0.000000 0.000000 1.028227 3.842491 2.869958 3.655354 2.588548 -55.819005 6.384434 -14.823236 11.971558 -14.691235 9.765516 6.060342 -16.911962 9.261969 -33.908285 -34.374774 17.657005 15.601728 10.136856 58.736787 -56.745055 -14.654364 -14.729475 7.190004 
86.677003 105.008197 -160.053992 -3.143471 -14.410999 -9.290147 -2.535335 -4.854349 5.827130 27.147861 -18.467987 3.047316 5.189167 8.195282 -10.424694 -0.000000 0.000000 0.000000 -9.076297 2.653657 7.938641 24.319832 13.042482 -1.989411 12.391316 -3.116493 16.491669 -0.000000 0.000000 0.000000 5.206066 0.656078 -1.169409 -3.970401 -0.647154 -4.126912 8.746563 -0.704391 -2.532976 17.856584 -29.747085 18.783188 1.099989 -15.295154 10.650891 -0.000000 0.000000 0.000000 2.067431 4.704908 3.466318 4.962309 1.898607 -58.889680 8.406149 -15.921471 12.180427 -18.113733 9.073073 6.062503 -17.213188 9.629110 -34.601557 -34.764974 19.362915 15.844855 6.795741 57.489223 -54.203941 -13.704196 -14.282067 5.184218 
83.700699 103.542197 -161.595988 -2.828556 -13.632560 -10.761844 -0.831501 -6.118805 4.263980 26.182468 -24.290632 3.447360 4.178190 5.430288 -11.843755 -0.000000 0.000000 0.000000 -10.294684 3.299816 6.360480 26.403070 10.328885 -2.298451 7.585514 -7.800067 12.928729 -0.000000 0.000000 0.000000 5.279449 -0.101738 0.601200 -4.495177 -0.746930 -3.540918 9.056009 -1.006334 -2.089746 16.582091 -30.080881 18.728654 0.169970 -15.385759 9.953507 -0.000000 0.000000 0.000000 2.562437 4.812826 3.900349 5.785947 1.629994 -61.630875 9.326863 -17.016268 12.435600 -20.853027 9.037704 6.042262 -17.324531 9.987493 -35.132885 -35.003818 19.229287 16.204496 6.398012 58.181612 -54.222880 -13.940568 -13.817189 2.797058 
80.797398 100.848198 -163.225007 -1.551222 -12.723481 -12.221410 -0.203104 -7.559587 3.637502 26.364657 -23.488596 3.379705 -3.208444 12.469184 0.090084 -0.000000 0.000000 0.000000 -12.611281 3.457261 3.977241 28.867858 10.187986 -1.841716 2.167047 -12.845992 8.394686 -0.000000 0.000000 0.000000 4.368961 -0.503406 2.830029 -5.497584 -0.647395 -2.920427 10.129376 -1.436274 -1.615660 15.031844 -32.370782 18.209336 -0.277019 -13.958066 9.717549 -0.000000 0.000000 0.000000 3.465773 4.492797 4.024332 5.297926 1.734734 -63.748143 11.429301 -18.263340 12.207760 -22.758437 9.564846 7.847896 -16.293869 9.960053 -36.038177 -34.701615 17.600203 16.001725 8.476098 59.820313 -57.543088 -13.631712 -13.276523 -0.428243 
77.846700 97.504401 -164.785993 -1.149566 -11.662252 -13.660465 0.134119 -4.993713 5.867713 28.347105 -17.273170 3.479396 -20.210809 15.824128 8.677651 -0.000000 0.000000 0.000000 -13.727636 2.874840 1.081698 30.915912 9.700449 -2.185989 -2.082516 -16.676916 5.849120 -0.000000 0.000000 0.000000 4.709320 -0.776581 4.418948 -6.240890 -0.836522 -2.228804 10.544782 -1.780212 -0.934745 13.382785 -33.612846 18.042034 -0.750083 -13.247187 9.204666 -0.000000 0.000000 0.000000 4.310250 3.764332 3.311880 4.337453 2.769208 -65.113284 13.927989 -18.790340 12.439632 -22.687409 9.154446 9.276071 -15.604725 9.526893 -35.374200 -34.839744 16.489782 15.934696 13.997802 62.016335 -64.114623 -11.037986 -12.831359 -3.741252 
74.769998 94.377106 -166.303992 -1.310344 -9.461090 -13.557759 -2.032556 -1.994638 7.667713 33.545831 -18.181051 6.561965 -30.821525 11.504149 12.269184 -0.000000 0.000000 0.000000 -13.276247 1.049754 -3.495176 31.619531 9.582143 -3.529676 -4.612328 -19.078785 3.537172 -0.000000 0.000000 0.000000 5.772138 -1.048218 3.717400 -6.040243 -2.069599 -1.790668 9.978104 -2.422197 -0.425754 13.491940 -33.619067 19.112178 -0.982282 -13.078167 9.633329 -0.000000 0.000000 0.000000 5.416807 2.252988 1.664409 3.036570 3.772598 -64.677898 15.391415 -18.527509 11.914283 -22.755872 8.553923 12.122618 -14.780548 9.021542 -33.488342 -34.460844 14.747697 17.756906 24.746515 64.453627 -76.768304 -6.430098 -12.085338 -9.001852 
71.474701 92.085999 -167.729998 -1.698155 -7.173962 -11.879772 -5.263805 -5.299996 6.386881 42.830594 -21.411715 9.052631 -36.589682 14.295518 15.729424 -0.000000 0.000000 0.000000 -11.885305 0.970996 -8.977141 30.647433 8.335921 -4.422691 -4.951993 -21.985800 3.385325 -0.000000 0.000000 0.000000 6.444537 -0.548371 1.065546 -5.953379 -3.988809 -1.427845 10.389838 -3.429305 -0.518063 14.158317 -32.663493 21.101164 1.103616 -14.655601 10.209716 -0.000000 0.000000 0.000000 6.392830 0.660188 -0.219792 1.150740 2.917567 -62.782476 15.482836 -16.585879 9.876621 -22.691731 7.488126 15.762081 -14.969024 7.995206 -29.743907 -32.321798 14.736275 20.818226 36.346708 64.660220 -90.498359 -2.904867 -9.665041 -20.074393 
67.581296 90.830505 -168.785989 -2.845957 -7.201322 -11.465800 -6.656465 -6.990457 7.744908 48.425581 -20.278883 9.294840 -37.559714 14.738212 14.863826 -0.000000 0.000000 0.000000 -9.833274 1.879812 -11.081835 28.276391 7.706420 -6.272828 -4.544106 -23.412363 2.563825 -0.000000 0.000000 0.000000 7.059259 0.396258 -0.179858 -5.924673 -4.500542 -1.389182 10.098527 -3.515450 -0.607388 16.598548 -32.001881 22.045739 3.432896 -16.433830 11.114693 -0.000000 0.000000 0.000000 6.995324 -0.161977 -0.636249 -0.560346 2.808824 -62.045749 15.919364 -14.529994 7.473110 -21.754549 7.709070 15.762161 -13.778369 7.603591 -26.809204 -30.847897 13.819608 23.612530 43.595969 64.270925 -97.632794 -1.909146 -5.621266 -30.633232 
63.398397 90.160203 -169.619000 -3.848103 -10.204472 -11.752618 -5.263972 -5.688921 11.268901 48.030663 -18.553797 8.793519 -37.993347 13.753625 12.833377 -0.000000 0.000000 0.000000 -9.151313 3.427229 -10.996648 25.590622 11.159104 -8.767163 -1.499019 -23.016193 3.113997 -0.000000 0.000000 0.000000 6.070255 0.915634 -0.459329 -5.449491 -3.087646 -1.340362 10.095944 -2.497419 -0.611298 18.481976 -32.209820 21.774578 5.129025 -16.805981 11.612503 -0.000000 0.000000 0.000000 7.007269 0.207974 -1.231813 -1.313929 2.848190 -62.151929 15.850036 -14.531018 6.849793 -21.607869 8.940020 14.236552 -12.323769 7.619262 -24.784303 -30.395188 13.519269 24.430552 45.256208 64.585696 -98.855463 -1.544960 -5.903930 -29.977759 
58.778197 90.051907 -170.321000 -4.178963 -13.784021 -11.303080 -2.892735 -4.689642 13.720709 45.099395 -18.116361 8.168603 -36.639278 15.424198 11.932432 -0.000000 0.000000 0.000000 -9.121875 5.313817 -10.673311 23.078139 16.872570 -10.465449 5.000830 -20.245755 5.013353 -0.000000 0.000000 0.000000 3.340785 1.066108 -1.239095 -4.158133 -1.632453 -1.544061 10.241483 -1.534970 -0.932897 19.836089 -31.945570 21.277191 5.607956 -16.093398 11.875323 -0.000000 0.000000 0.000000 7.067552 1.042313 -1.771902 -0.904913 2.594678 -62.059470 15.485467 -16.138900 7.276674 -22.234383 8.965338 14.984205 -11.259306 7.577722 -23.776243 -30.230648 14.184144 25.522784 42.702723 65.682459 -95.778778 -5.428396 -6.904605 -26.858907 
53.835702 90.176404 -171.047997 -3.949597 -15.192810 -10.485218 -1.036119 -4.596235 15.897072 42.290227 -18.711702 8.691764 -33.080283 17.250341 9.645430 -0.000000 0.000000 0.000000 -8.655967 5.809206 -10.141673 21.073147 20.867318 -11.009997 10.536493 -16.732338 6.748886 -0.000000 0.000000 0.000000 1.262963 1.107338 -1.799493 -3.619014 -1.183976 -2.148276 10.339667 -1.367256 -1.330779 19.839004 -31.493663 20.344291 5.631870 -15.474724 12.000292 -0.000000 0.000000 0.000000 7.027431 1.597853 -1.870893 -0.252887 2.408676 -61.550259 16.143182 -17.570382 7.894101 -21.798260 8.356804 15.341963 -10.880374 7.487723 -23.780832 -30.072151 14.589937 25.822584 37.813756 65.743714 -89.171524 -7.600151 -7.357345 -24.708509 
48.544300 90.330803 -171.707988 -4.065466 -14.879716 -9.292843 1.144376 -5.068238 18.033867 39.310047 -19.639432 9.387285 -28.180554 18.561649 5.612576 -0.000000 0.000000 0.000000 -7.411297 4.953022 -9.906203 20.327495 17.924666 -10.201923 6.036116 -19.570234 10.172478 -0.000000 0.000000 0.000000 0.523852 1.081703 -3.153629 -3.493159 -1.139207 -2.767087 10.289671 -1.594054 -1.494313 18.484220 -30.823944 19.578808 5.490078 -15.955960 11.859474 -0.000000 0.000000 0.000000 7.273895 1.793379 -0.841883 -0.262942 1.674636 -61.219972 16.794278 -17.812181 7.997485 -22.981695 7.919218 14.992983 -11.192923 7.575830 -24.588035 -29.225984 14.427407 25.036847 32.764918 64.813975 -82.550402 -7.473427 -8.352045 -21.524841 
43.255797 90.525103 -172.487998 -4.257784 -13.778894 -8.032603 2.485587 -6.089945 19.859415 37.554257 -20.870363 10.437693 -21.714957 19.404197 1.822886 -0.000000 0.000000 0.000000 -6.628291 3.409254 -10.004887 20.577848 13.368842 -7.200625 -1.507999 -21.912573 9.678286 -0.000000 0.000000 0.000000 0.536151 1.186414 -4.384080 -3.105986 -1.414829 -3.522054 9.740178 -1.994788 -1.842741 16.552967 -29.875810 18.964138 5.115109 -17.138332 11.966990 -0.000000 0.000000 0.000000 6.841856 1.394493 0.208700 -0.265949 0.773407 -60.522958 16.614957 -17.040064 7.938930 -23.666811 8.348474 14.151848 -11.610561 7.792494 -25.689820 -28.889296 13.750073 23.955350 28.892363 63.718597 -77.706609 -8.786645 -9.890336 -17.411685 
38.484299 90.910006 -173.453987 -4.013349 -13.321659 -7.179755 2.341272 -6.763860 21.375035 36.740743 -21.183702 11.303464 -14.422665 19.794681 -0.843227 -0.000000 0.000000 0.000000 -8.144428 2.131467 -9.255086 23.361608 11.731402 -4.691564 -8.653256 -20.220034 5.949543 -0.000000 0.000000 0.000000 0.210853 1.353838 -4.453198 -2.531740 -1.579423 -4.201727 8.823960 -2.237954 -2.562493 15.030956 -28.929974 18.394747 5.240229 -18.240633 12.034254 -0.000000 0.000000 0.000000 5.681879 0.823476 -0.200663 -0.161152 0.183232 -59.210751 16.271877 -15.600905 8.477459 -22.076206 9.315708 12.728137 -11.535606 8.123264 -26.062980 -29.678337 13.298105 22.606426 26.613336 63.020023 -74.667011 -11.858603 -10.151116 -13.878348 
34.259701 91.609508 -174.544990 -3.956705 -13.742952 -6.681564 1.668406 -6.883360 22.022647 36.462865 -19.775161 11.759163 -7.524676 20.000697 -1.025169 -0.000000 0.000000 0.000000 -10.979829 1.792786 -7.205148 28.106073 12.091713 -4.020900 -11.481913 -19.536448 3.108207 -0.000000 0.000000 0.000000 0.382023 1.128866 -4.329594 -2.358789 -1.290272 -4.544865 8.088925 -2.375611 -2.966630 14.404206 -29.102569 17.971808 5.396062 -17.619392 12.152832 -0.000000 0.000000 0.000000 5.074048 0.624304 -0.876741 -0.510177 0.235086 -58.909677 15.250491 -15.046112 9.151062 -21.298524 10.053319 13.096672 -11.222744 8.544425 -26.635511 -30.268772 13.141634 22.104283 26.778523 62.703964 -74.809622 -12.067400 -10.414212 -11.822547 
30.553898 92.478603 -175.551999 -5.182821 -13.334154 -5.983885 1.611286 -6.777923 21.245480 36.873763 -19.702685 11.979321 -5.846591 19.252138 1.441267 -0.000000 0.000000 0.000000 -11.304629 1.479976 -5.883405 31.055433 12.057626 -3.245383 -12.530565 -19.904394 0.951389 -0.000000 0.000000 0.000000 2.429693 0.370608 -4.717239 -3.143083 -1.314909 -5.011075 8.521795 -2.644181 -2.773817 13.268391 -29.788047 17.297713 5.644806 -16.483023 12.473702 -0.000000 0.000000 0.000000 4.864727 0.360863 -0.282315 -1.335330 0.712525 -60.581129 13.189580 -14.956074 9.861372 -22.843151 10.736808 13.690005 -11.438905 9.018160 -28.282187 -30.460827 12.559714 22.907192 29.323529 62.857740 -77.803966 -11.338082 -11.507880 -10.031502 
27.410600 93.368304 -176.488006 -6.504619 -12.252328 -5.308762 0.697672 -6.438027 19.862074 38.207001 -21.360230 11.492183 -7.927244 16.364646 0.393193 -0.000000 0.000000 0.000000 -9.590586 0.239805 -4.834032 30.799021 10.946273 -3.235563 -13.480579 -19.013256 0.383065 -0.000000 0.000000 0.000000 4.588415 0.065358 -4.792334 -3.795051 -2.182806 -5.363096 9.007826 -2.986166 -2.443886 12.289909 -29.820950 16.412004 5.057541 -16.135910 12.505699 -0.000000 0.000000 0.000000 4.420403 -0.359681 0.495086 -1.639795 1.191063 -62.663468 11.716317 -14.800471 10.442002 -24.310023 11.312980 13.004260 -12.018944 9.485938 -29.663141 -30.794919 11.868145 23.352644 33.672836 63.402571 -81.668146 -12.181241 -12.472926 -7.862058 
24.714199 94.219804 -177.253997 -7.097577 -11.423948 -4.708588 -0.970419 -6.170600 18.111078 38.998297 -21.603374 9.431024 -10.216432 14.566391 -0.182968 -0.000000 0.000000 0.000000 -7.119786 -0.368249 -3.328003 28.098422 10.443241 -3.932341 -14.551301 -18.882375 -0.007426 -0.000000 0.000000 0.000000 5.334581 0.281861 -4.349268 -4.009988 -3.089490 -5.436906 9.126727 -3.215840 -2.401828 12.444538 -29.920471 15.688003 4.519574 -15.596362 12.117718 -0.000000 0.000000 0.000000 4.120257 -0.828429 0.560916 -1.408867 1.220025 -63.736842 12.098552 -15.111842 10.609405 -23.964695 11.836590 11.957411 -12.334821 9.600200 -30.224620 -30.590577 11.870983 23.167194 38.726920 63.673817 -85.865999 -11.689990 -12.610039 -7.551004 
22.334400 94.967300 -177.863002 -7.383939 -11.057449 -4.318176 -2.730318 -5.238428 16.408206 38.905707 -18.876463 6.513505 -13.253091 14.309615 -0.113425 -0.000000 0.000000 0.000000 -5.151213 0.080254 -1.775599 25.462728 10.661761 -4.149278 -14.827812 -19.886822 -0.550898 -0.000000 0.000000 0.000000 5.337797 0.484686 -3.467028 -3.917477 -3.321860 -5.337847 8.811091 -3.114065 -2.526589 13.290989 -30.470396 15.289108 4.075335 -14.666246 11.609981 -0.000000 0.000000 0.000000 3.988339 -0.799993 0.055663 -0.953886 1.137394 -64.211259 12.807441 -16.343942 11.171587 -23.733856 12.281110 11.161887 -12.486983 9.371390 -30.201266 -30.007767 12.265263 22.470553 43.584274 63.810304 -90.137876 -10.202436 -12.611000 -7.828222 
20.291099 95.567101 -178.477991 -7.458939 -11.024754 -4.127949 -4.539500 -3.742765 14.572508 38.854930 -14.208380 3.994974 -16.126265 14.922257 1.493779 -0.000000 0.000000 0.000000 -4.439667 0.206608 -0.576574 24.051972 10.542645 -3.978878 -14.388069 -19.984364 -0.603496 -0.000000 0.000000 0.000000 5.298361 0.594019 -2.405338 -4.122446 -3.121678 -5.103434 8.609065 -2.797798 -2.518840 13.809988 -31.095385 15.078981 3.787507 -13.677920 11.128423 -0.000000 0.000000 0.000000 3.793669 -0.242312 -0.669124 -0.405127 1.316085 -64.533330 13.421546 -18.797476 12.188413 -23.201445 12.352239 10.753374 -12.547129 8.916106 -29.875542 -29.763443 12.580566 21.687732 48.107652 64.386870 -94.601766 -9.170154 -12.641527 -7.755487 
18.478200 95.976108 -179.154003 -7.589118 -11.090189 -4.113545 -5.940424 -2.340872 12.651836 38.913225 -9.687324 1.921469 -18.302791 16.218240 3.725958 -0.000000 0.000000 0.000000 -3.889641 -0.127396 0.335645 22.848806 10.191722 -3.582120 -14.285568 -19.133384 -0.368853 -0.000000 0.000000 0.000000 5.599220 0.759822 -1.469995 -4.490280 -3.020832 -4.716943 8.711526 -2.486217 -2.306718 13.474292 -31.275631 14.939828 3.434331 -12.949130 10.815515 -0.000000 0.000000 0.000000 3.649196 0.418744 -0.966952 0.630266 1.461599 -64.765814 15.409278 -22.926021 13.729691 -22.839331 12.089395 10.496429 -12.706131 8.394988 -29.609571 -29.901628 12.598522 21.285663 52.371781 64.939739 -99.372610 -7.987037 -12.885777 -7.870097 
16.845900 96.195000 -179.863989 -7.852540 -10.964149 -4.228204 -6.745835 -1.397280 10.771521 38.804671 -7.403046 0.241123 -20.261715 17.036919 5.416244 -0.000000 0.000000 0.000000 -3.294887 -0.608390 1.241099 21.876350 9.959110 -3.176014 -14.539305 -18.372946 -0.287242 -0.000000 0.000000 0.000000 6.049620 0.929072 -0.670069 -4.770910 -3.228844 -4.178848 9.020029 -2.340409 -2.005561 12.697301 -30.858197 14.671076 2.945301 -12.513655 10.403624 -0.000000 0.000000 0.000000 3.717903 0.721321 -0.798463 2.165065 1.191570 -64.524720 19.508140 -28.060814 16.049458 -22.637943 11.481207 10.660044 -12.985936 8.080287 -29.338085 -30.070513 12.478872 21.262239 55.975561 64.897923 -103.743528 -5.953731 -13.191185 -8.470233 
15.359101 96.298003 -180.557990 -8.148578 -10.774021 -4.537528 -6.913887 -0.950212 9.050415 37.972922 -6.707790 -0.820238 -21.879292 16.752682 6.233999 -0.000000 0.000000 0.000000 -2.833012 -0.543496 2.552023 21.309629 9.896666 -2.973462 -14.970953 -18.458946 -0.680252 -0.000000 0.000000 0.000000 6.422928 0.914053 0.080804 -4.893091 -3.491868 -3.452355 9.299835 -2.298870 -1.669603 12.045559 -30.082934 14.309966 2.566923 -12.136279 9.748866 -0.000000 0.000000 0.000000 3.875226 0.968431 -0.604674 3.524855 0.621242 -63.785520 24.047219 -32.670242 19.248938 -22.772653 10.718810 11.053045 -13.216049 7.774945 -28.741798 -29.904132 12.642266 21.241707 58.886568 64.615858 -107.446816 -4.176226 -13.147469 -9.593250 
13.955800 96.338207 -181.225002 -8.448376 -10.669804 -4.848103 -6.389493 -0.939931 7.507770 35.815965 -5.740275 -1.664313 -22.740479 17.260115 6.865079 -0.000000 0.000000 0.000000 -2.574777 -0.249202 3.900206 21.096624 9.476941 -2.870451 -15.557074 -18.485469 -1.029997 -0.000000 0.000000 0.000000 6.536961 0.860091 0.562650 -4.826678 -3.793989 -2.706441 9.677699 -2.292855 -1.257364 11.674783 -29.069891 13.892266 2.284660 -11.824794 9.182105 -0.000000 0.000000 0.000000 3.925318 1.111384 -0.115996 4.346367 0.358235 -63.058054 26.974110 -36.345718 22.288210 -22.551752 10.017949 11.434495 -13.419278 7.447826 -28.102762 -29.343989 12.530109 21.504381 62.298682 64.134253 -111.293146 -2.724174 -13.176189 -9.731267 
12.642200 96.318102 -181.792998 -8.704939 -10.449143 -5.236232 -5.230909 -1.028243 6.395350 32.091379 -4.163314 -1.932591 -22.198157 18.696567 7.357189 -0.000000 0.000000 0.000000 -2.322880 -0.011747 5.127262 20.889774 8.796924 -2.522400 -16.342585 -18.328113 -1.379967 -0.000000 0.000000 0.000000 6.314494 0.747552 1.060202 -4.529311 -4.099852 -1.987997 10.040732 -2.335593 -0.811860 11.465120 -27.821532 13.292435 1.872133 -11.520744 8.642035 -0.000000 0.000000 0.000000 3.866155 1.256789 0.585281 4.761140 0.234466 -61.984639 29.188089 -39.613791 24.734041 -21.810855 9.866866 11.715174 -13.400641 6.914288 -27.495113 -28.336092 12.117116 21.658663 66.061555 63.641715 -114.795564 -1.176573 -12.828082 -10.921843 
11.511599 96.247703 -182.315993 -8.734822 -10.242916 -5.473922 -4.065380 -1.127172 5.446470 27.732056 -3.432366 -1.399952 -21.416684 19.273210 8.640553 -0.000000 0.000000 0.000000 -2.342857 -0.019797 5.980774 20.779874 8.491779 -2.033449 -17.383257 -18.268158 -1.871190 -0.000000 0.000000 0.000000 5.687880 0.589014 1.591887 -3.968780 -4.383073 -1.282939 10.190909 -2.408866 -0.494263 11.291572 -26.363579 12.415550 1.341146 -10.994650 7.967994 -0.000000 0.000000 0.000000 3.826459 1.373387 1.307628 4.937582 0.072542 -60.385817 31.578378 -42.251017 26.966740 -21.336438 9.810737 11.961591 -13.050811 6.275474 -26.833798 -27.166956 11.629274 21.441295 68.670307 62.923522 -116.842960 0.861199 -12.065664 -12.247497 
10.454799 96.199906 -182.841992 -8.686227 -10.033272 -5.436434 -3.908707 -1.801582 4.871709 27.407964 -5.819508 0.621676 -21.920680 18.939194 9.123318 -0.000000 0.000000 0.000000 -2.672570 -0.004917 6.722184 21.063616 8.596500 -1.928553 -18.283160 -18.642726 -2.293869 -0.000000 0.000000 0.000000 5.190288 0.386334 1.641942 -3.493806 -4.717408 -0.555240 10.275654 -2.520680 -0.237288 10.876233 -24.527095 11.662638 1.010570 -10.545949 7.340635 -0.000000 0.000000 0.000000 3.782313 1.642251 1.577824 5.088301 0.043903 -57.837140 33.846333 -44.809127 29.149174 -20.943865 9.946405 12.479309 -12.819302 5.473805 -25.432294 -25.669387 11.220682 20.808409 70.872275 62.068709 -118.321326 3.565583 -11.246966 -13.704104 
9.410550 96.226799 -183.358991 -8.922296 -10.235819 -5.090238 -3.737441 -3.521963 5.098003 27.672084 -6.595140 0.088348 -22.206457 21.579663 9.451775 -0.000000 0.000000 0.000000 -2.458653 0.499690 6.922197 20.908491 8.973216 -1.526262 -18.951994 -19.286104 -2.708597 -0.000000 0.000000 0.000000 5.127250 0.666576 1.162027 -3.355073 -4.911584 0.036527 10.777724 -2.516764 -0.017688 9.797411 -22.370401 10.831424 1.014900 -10.241206 7.001373 -0.000000 0.000000 0.000000 3.509121 1.858055 2.063296 5.070758 0.006218 -54.667825 35.614993 -47.513095 30.379390 -20.908546 10.179864 12.915778 -12.502925 4.331000 -23.672828 -23.591273 10.187795 20.100556 73.607944 61.234716 -120.589626 4.742544 -10.663635 -15.298248 
8.406380 96.272004 -183.844995 -9.366824 -10.771288 -4.838820 -3.232292 -3.947487 6.237045 27.258421 -6.657978 -0.979292 -21.658686 21.810806 8.815604 -0.000000 0.000000 0.000000 -2.256062 0.403466 7.092921 20.950302 9.412396 -1.415679 -19.629790 -19.115408 -2.828999 -0.000000 0.000000 0.000000 5.436965 1.082316 1.020778 -3.319369 -4.947626 0.348106 11.113705 -2.287658 0.070072 8.536388 -19.705837 9.548632 0.708962 -9.759382 6.768847 -0.000000 0.000000 0.000000 3.115687 2.082361 2.586663 5.000147 0.267620 -50.812512 36.560684 -50.638893 30.239142 -21.575667 10.340094 12.435785 -11.718333 3.008062 -21.708982 -21.472621 8.575127 19.394508 76.373413 60.502650 -122.553537 7.147925 -9.819334 -17.400174 
7.552189 96.325701 -184.315991 -9.730853 -11.214217 -4.568726 -3.267692 -2.319135 7.507948 27.193679 -6.013454 -0.849813 -20.898720 21.141275 7.843769 -0.000000 0.000000 0.000000 -1.989886 -0.272177 7.092539 20.858156 9.951712 -1.407273 -20.134858 -18.635509 -2.791514 -0.000000 0.000000 0.000000 5.974721 1.178805 1.113241 -3.420997 -4.772770 0.577089 11.105605 -1.794463 0.067013 7.331894 -16.707417 7.952619 0.154352 -8.890078 6.421867 -0.000000 0.000000 0.000000 2.439026 2.482209 2.904393 4.743250 0.557479 -46.032395 37.945678 -53.439178 29.371233 -22.277441 10.207891 11.606851 -10.719348 1.422942 -19.404105 -19.238281 6.619364 18.351209 78.380240 60.285947 -122.957136 9.585967 -8.527829 -20.009846 
6.831880 96.314704 -184.811997 -9.881470 -11.829348 -4.128407 -3.843129 -0.460238 8.653707 27.432327 -5.270652 -0.718404 -19.942531 21.885300 7.740259 -0.000000 0.000000 0.000000 -1.946519 -1.244936 6.732833 20.827177 11.008904 -1.310807 -20.785469 -18.158807 -2.851350 -0.000000 0.000000 0.000000 6.351764 1.323333 1.167900 -3.712071 -4.508343 0.749665 11.265536 -1.217778 -0.021832 6.030825 -13.254734 6.182538 -0.304148 -7.607609 6.066020 -0.000000 0.000000 0.000000 1.599750 2.707505 3.541159 4.309065 0.451429 -40.735850 38.534424 -54.914268 27.045324 -23.000847 8.793961 12.853710 -9.694450 -0.105619 -17.112869 -17.033146 4.736702 16.956059 76.214365 60.649243 -118.619992 11.599968 -7.560960 -22.763563 
6.187850 96.310699 -185.310996 -9.970246 -12.255022 -3.580755 -4.325512 0.565052 9.748294 27.386160 -4.825105 -0.721343 -17.748867 22.853591 7.193333 -0.000000 0.000000 0.000000 -1.999802 -2.012464 6.196359 20.872239 11.741265 -1.034633 -21.333660 -17.780067 -2.853863 -0.000000 0.000000 0.000000 6.686121 1.459476 0.970281 -3.981933 -4.476203 0.888418 11.472311 -1.018544 0.000572 4.941853 -9.336312 4.670187 -0.611573 -5.774944 5.463881 -0.000000 0.000000 0.000000 0.884913 2.674595 4.689254 3.796471 0.625173 -35.916684 37.703001 -54.509075 24.183735 -20.421106 6.952945 15.188234 -9.166010 -1.189305 -15.687881 -15.066361 3.409269 16.511227 68.443345 61.221267 -108.370500 13.897897 -7.456543 -24.126000 
5.622000 96.323699 -185.757005 -10.248826 -12.374848 -3.098619 -4.515668 1.406520 10.766224 27.177342 -4.817486 -0.353835 -16.527132 23.330510 6.628712 -0.000000 0.000000 0.000000 -2.135679 -2.771699 5.663420 21.228152 12.213818 -0.703148 -21.619600 -17.527762 -2.739730 -0.000000 0.000000 0.000000 7.234686 1.527446 0.747010 -4.342321 -4.594003 0.918764 11.719840 -1.003190 0.115141 4.200287 -5.345458 3.458106 -0.855589 -3.751418 4.753438 -0.000000 0.000000 0.000000 0.084584 2.492575 6.318859 2.685639 0.947958 -31.583601 35.759936 -51.975611 20.291904 -16.359967 4.843869 17.129114 -8.909665 -1.854889 -15.141466 -13.684878 2.603187 16.446481 55.636878 61.043592 -92.710023 14.660096 -7.441982 -24.192906 
5.093830 96.308804 -186.195993 -10.482019 -12.471669 -2.693226 -4.611363 1.799620 11.748790 26.888176 -5.714213 0.070882 -15.623426 23.828193 5.822944 -0.000000 0.000000 0.000000 -2.241239 -3.190908 5.276359 21.501164 12.647422 -0.391686 -22.054680 -17.580271 -2.691088 -0.000000 0.000000 0.000000 7.829276 1.525298 0.510756 -4.968225 -4.683669 0.816610 11.996500 -1.046328 0.277020 3.920643 -1.693790 2.608891 -0.961556 -1.712331 4.143143 -0.000000 0.000000 0.000000 -0.795178 1.993149 8.047264 1.369687 1.217170 -27.666556 32.402000 -47.679753 15.415052 -11.912130 2.458054 19.280815 -8.925556 -1.982154 -15.318245 -12.556672 2.308982 16.494614 40.287165 59.003729 -73.998545 13.956670 -7.871261 -24.190353 
4.621130 96.292001 -186.626005 -10.536189 -12.591671 -2.377978 -4.613293 1.707752 12.709998 26.228797 -7.056689 0.429929 -13.031045 24.190903 3.906484 -0.000000 0.000000 0.000000 -2.382861 -3.267229 5.132550 21.501268 12.846006 -0.164974 -22.465641 -17.666432 -2.822068 -0.000000 0.000000 0.000000 8.237221 1.493628 0.430188 -5.458838 -4.673496 0.661358 12.028294 -1.103829 0.394820 3.825368 1.363070 1.986820 -0.952719 -0.006161 3.628419 -0.000000 0.000000 0.000000 -1.541654 1.250737 9.398756 -0.339520 1.130677 -24.368273 28.744160 -41.507451 11.576076 -7.593876 0.990048 20.748253 -8.977153 -1.662565 -15.475580 -12.045180 2.401740 16.093798 27.100542 53.878872 -57.330556 13.077962 -8.024377 -24.283743 
4.227320 96.296906 -187.001991 -10.469622 -12.823043 -2.015801 -4.288972 1.346405 13.458854 24.933726 -8.533308 0.689072 -8.632208 24.112678 1.098618 -0.000000 0.000000 0.000000 -2.623534 -3.151095 4.924612 21.398893 12.850858 0.094583 -22.722345 -17.602984 -3.038779 -0.000000 0.000000 0.000000 8.422831 1.482753 0.393766 -5.787736 -4.544376 0.467175 11.881435 -1.133259 0.429596 3.791498 3.730959 1.527978 -0.741872 1.102004 3.225931 -0.000000 0.000000 0.000000 -2.191411 0.511231 10.651966 -2.242766 0.505793 -22.408029 25.322326 -33.693141 9.472830 -4.049498 -0.072507 22.939085 -8.961317 -1.063975 -15.752568 -12.102179 2.831567 16.005968 17.427094 46.506977 -44.934745 10.842084 -7.422732 -24.581861 
3.940160 96.308106 -187.341988 -10.224129 -13.158465 -1.482603 -3.874021 1.239460 13.715598 23.379461 -10.234662 1.308737 -7.076604 23.833893 0.601554 -0.000000 0.000000 0.000000 -3.128833 -3.175779 4.451415 21.466575 13.013832 0.299391 -23.005411 -17.443473 -3.037389 -0.000000 0.000000 0.000000 8.434433 1.458218 0.368658 -6.248374 -4.337123 0.105756 11.780953 -1.092867 0.406441 3.731634 5.540416 1.104319 -0.606467 1.930574 2.853828 -0.000000 0.000000 0.000000 -2.959092 -0.267563 11.651428 -4.286967 -0.124992 -20.866452 22.755462 -26.105743 8.450555 0.741691 -0.504359 24.182831 -8.944533 -0.339228 -16.132647 -12.497529 3.213616 16.226153 10.426423 39.193623 -35.984241 8.539875 -8.064788 -24.597479 
3.728530 96.337402 -187.663996 -9.817739 -13.409644 -0.997064 -3.522448 1.125493 13.846249 21.667078 -11.332622 2.075508 -4.879086 24.155241 -0.348428 -0.000000 0.000000 0.000000 -3.760245 -3.085077 4.121376 21.454012 13.040213 0.418636 -23.171188 -17.345021 -3.098237 -0.000000 0.000000 0.000000 8.164344 1.291548 0.530929 -6.561795 -4.093945 -0.267575 11.691484 -1.073741 0.409861 3.565304 6.672557 0.470116 -0.708744 2.715070 2.586741 -0.000000 0.000000 0.000000 -3.559866 -0.841150 12.558828 -6.482689 -0.662827 -20.112127 18.597839 -19.512846 7.380339 2.982907 -0.746859 24.934974 -8.875760 0.351989 -16.556298 -12.912385 3.585249 16.157372 5.559824 32.485890 -29.087692 5.793722 -8.276245 -24.116688 
3.524960 96.390802 -187.940991 -9.536271 -13.546507 -0.695011 -3.055595 1.393315 14.256194 19.699065 -11.804326 2.483793 -1.008065 23.850434 -2.586596 -0.000000 0.000000 0.000000 -4.051848 -2.933916 4.121062 21.173375 13.042977 0.331798 -23.234948 -17.317579 -3.362663 -0.000000 0.000000 0.000000 8.010319 1.007447 0.847635 -6.779590 -3.886925 -0.615014 11.462828 -1.106323 0.439544 3.382023 7.309622 -0.371082 -1.048072 3.512754 2.483807 -0.000000 0.000000 0.000000 -4.066278 -1.206078 13.495498 -8.025473 -0.947750 -19.648655 15.471874 -14.496950 6.794338 3.712939 -0.321334 25.093233 -8.744364 0.995250 -17.029288 -13.165629 3.742923 15.965799 2.485405 26.940576 -23.723726 3.218380 -7.991424 -22.889000 
3.338240 96.455508 -188.163996 -9.425379 -13.466875 -0.428063 -2.464890 1.773205 14.672423 17.691497 -11.993329 2.501647 3.417693 22.943945 -5.685474 -0.000000 0.000000 0.000000 -4.008930 -2.671767 4.220522 20.678527 12.846906 0.144991 -23.106784 -17.459409 -3.704567 -0.000000 0.000000 0.000000 7.881966 0.722821 1.097942 -6.736173 -3.811731 -0.877808 11.107899 -1.184024 0.407241 3.188578 7.962146 -1.085452 -1.582037 3.994752 2.372414 -0.000000 0.000000 0.000000 -4.316330 -1.616673 14.474954 -8.908625 -1.197686 -19.476889 14.297311 -9.990116 6.977140 5.052647 0.003822 25.080488 -8.572001 1.520233 -17.485931 -13.215258 3.786517 16.010912 1.357555 21.857178 -20.097177 2.125639 -8.112403 -22.237740 
3.200110 96.496803 -188.371992 -9.348998 -13.076792 -0.129342 -2.139003 2.031510 14.771365 16.513863 -12.820024 2.600264 6.297070 21.780436 -7.910279 -0.000000 0.000000 0.000000 -4.135214 -2.535731 4.223681 20.546034 12.565062 0.034332 -22.896166 -17.610667 -3.946926 -0.000000 0.000000 0.000000 7.827269 0.467282 1.238408 -6.815782 -3.802029 -1.081623 10.872241 -1.283153 0.383756 2.826118 8.399519 -1.583846 -1.928302 4.148770 2.343915 -0.000000 0.000000 0.000000 -4.702705 -1.973361 15.460674 -9.865798 -1.701058 -19.781523 13.173176 -5.817964 7.231546 5.991284 0.212991 25.157631 -8.472263 1.831066 -18.006020 -13.163159 3.573487 16.373555 0.383573 17.644019 -17.642078 0.084795 -8.018016 -21.210096 
3.108330 96.454906 -188.589990 -9.145652 -12.622565 0.175081 -2.145771 2.098872 14.616779 16.400585 -14.280877 2.756148 7.967426 20.611132 -9.319916 -0.000000 0.000000 0.000000 -4.773187 -2.873818 3.911162 21.036775 12.054750 0.248612 -22.725733 -17.259922 -3.804898 -0.000000 0.000000 0.000000 7.817096 0.363599 1.296365 -7.183950 -3.758074 -1.261516 10.664427 -1.301625 0.394923 2.538189 8.507804 -1.914065 -2.317981 3.940284 2.503501 -0.000000 0.000000 0.000000 -5.345414 -2.215255 16.087658 -10.933069 -2.284881 -19.721834 11.621808 -3.428839 7.048627 6.943854 0.804551 24.200567 -8.462510 1.815629 -18.244275 -13.209887 3.024159 16.430169 -0.297659 14.730364 -15.619635 -0.590834 -8.219420 -20.115424 
3.054440 96.349204 -188.859999 -8.982230 -12.414035 0.331823 -2.192159 2.387181 14.405630 17.247678 -14.853352 2.857006 6.529295 20.474100 -9.497639 -0.000000 0.000000 0.000000 -5.490652 -3.430182 3.609984 21.662521 11.755911 0.486735 -22.582110 -16.748497 -3.381818 -0.000000 0.000000 0.000000 7.943659 0.471356 1.285243 -7.592477 -3.576518 -1.352714 10.580656 -1.221603 0.455786 2.074037 8.368342 -1.952717 -2.538387 3.301788 2.610655 -0.000000 0.000000 0.000000 -5.981900 -2.255989 16.515108 -11.848694 -2.951305 -19.629143 10.701277 -2.673953 7.018559 7.524015 1.177012 23.245928 -8.436680 1.567142 -18.150680 -13.317622 2.437420 16.234222 -0.899289 12.435504 -14.153873 -0.730364 -8.259678 -19.836239 
3.054120 96.237803 -189.157999 -8.765973 -12.622979 0.333359 -2.078518 2.648517 13.968505 19.006905 -15.430169 2.830921 2.477460 20.764851 -6.841403 -0.000000 0.000000 0.000000 -6.270947 -3.780369 3.622039 22.258292 12.102513 0.464288 -22.418526 -16.691336 -3.279814 -0.000000 0.000000 0.000000 7.833913 0.619534 1.381661 -7.955128 -3.219939 -1.356956 10.852400 -1.023048 0.446199 1.693168 7.728330 -1.934610 -2.672103 2.675200 2.717367 -0.000000 0.000000 0.000000 -6.275991 -2.138280 16.639387 -11.999524 -3.514867 -19.212722 10.922950 -3.429731 6.762296 7.281931 1.079236 23.178541 -8.207955 1.415507 -17.998126 -13.111658 1.913309 16.166776 -1.604534 10.761035 -13.270715 -0.980543 -8.733738 -19.835665 
3.074580 96.156204 -189.490998 -8.448959 -13.082768 0.243620 -2.045465 3.225593 13.147376 21.223525 -15.245088 2.682921 -1.723688 21.569620 -4.410116 -0.000000 0.000000 0.000000 -7.090263 -3.780858 3.921588 22.700608 12.445706 0.229566 -22.118104 -16.751415 -3.178467 -0.000000 0.000000 0.000000 7.469209 0.643731 1.524973 -8.162043 -2.886668 -1.293478 11.121638 -0.788039 0.337499 1.842028 6.640925 -1.809445 -2.533594 2.000803 2.882074 -0.000000 0.000000 0.000000 -6.385989 -1.963513 16.602517 -11.871908 -3.820682 -18.750059 11.155573 -4.413362 6.637467 7.576675 0.605359 24.159955 -8.027313 1.387878 -17.849431 -12.722956 1.643859 16.347613 -2.011889 9.878900 -12.577591 -1.632822 -8.599398 -19.668798 
3.150510 96.162605 -189.843988 -8.267355 -13.082660 0.227904 -1.844635 3.682299 11.456825 23.329395 -15.217857 2.565645 -6.488970 22.515845 -1.752378 -0.000000 0.000000 0.000000 -7.564684 -3.870208 4.108825 22.771678 12.484823 -0.047050 -21.677010 -16.865823 -2.731243 -0.000000 0.000000 0.000000 7.239805 0.552897 1.485062 -8.410121 -2.949216 -1.178011 11.463519 -0.827053 0.256506 2.438391 5.286163 -1.614776 -1.946390 1.017622 2.910540 -0.000000 0.000000 0.000000 -6.395061 -1.767897 16.600667 -11.793469 -4.031620 -18.646707 11.101986 -4.812984 6.724629 7.923110 0.461533 25.074699 -8.233676 1.301860 -17.631964 -12.338843 1.780676 16.786690 -2.462935 9.774169 -12.337005 -2.393624 -8.521546 -19.479079 
3.306240 96.264702 -190.229988 -8.251376 -12.590131 0.010113 -1.093291 3.729297 9.481126 24.145456 -15.513984 1.893891 -10.208027 22.262791 -0.039527 -0.000000 0.000000 0.000000 -7.511164 -3.805821 4.393615 22.147229 11.949422 -0.133150 -21.005254 -16.974158 -2.017991 -0.000000 0.000000 0.000000 7.203365 0.495917 1.681569 -8.417637 -3.272055 -0.962518 11.675745 -1.010471 0.218892 3.413801 3.745099 -1.653593 -1.580852 -0.305576 2.839930 -0.000000 0.000000 0.000000 -6.434510 -1.684779 16.590197 -11.813478 -4.371429 -19.015498 10.430811 -4.751990 6.717197 8.463939 0.509602 25.330420 -8.526346 1.104665 -17.408386 -11.896098 1.790037 17.017409 -2.856905 10.257216 -12.528286 -2.586645 -8.516611 -19.652941 
3.543840 96.347904 -190.697992 -8.340835 -11.848024 -0.664765 -0.135098 3.939085 7.870763 23.847574 -15.532013 0.581706 -14.774389 21.536028 0.720431 -0.000000 0.000000 0.000000 -7.188666 -3.550272 5.043543 21.111913 11.044814 -0.010516 -20.282319 -17.061025 -0.968907 -0.000000 0.000000 0.000000 7.406052 0.393516 2.278832 -8.337333 -3.724518 -0.585996 11.896542 -1.167095 0.265727 4.620888 2.265057 -1.643272 -1.483636 -1.813963 2.725145 -0.000000 0.000000 0.000000 -6.493868 -1.737807 16.643074 -11.945527 -4.704135 -19.745357 9.656047 -4.262383 6.739925 8.992219 0.401386 24.958996 -8.726036 0.883629 -17.291527 -11.498628 1.726462 16.935268 -2.614907 10.762209 -13.040561 -2.367934 -8.361635 -20.178938 
3.837010 96.336704 -191.288996 -8.380641 -10.643047 -1.474324 0.394272 4.234243 6.364985 23.461161 -15.466216 -0.592027 -18.823978 20.768256 2.214274 -0.000000 0.000000 0.000000 -7.096027 -3.398966 5.771294 20.327978 10.188391 0.296801 -19.827204 -17.437125 -0.347258 -0.000000 0.000000 0.000000 7.774410 0.149379 2.782440 -8.197073 -4.313205 -0.085279 12.094929 -1.458616 0.442550 5.909780 0.551634 -1.324050 -1.357166 -3.075810 2.915799 -0.000000 0.000000 0.000000 -6.495430 -1.806513 16.755482 -12.267137 -5.015786 -20.358770 8.977049 -3.773127 6.785337 9.437749 0.621419 24.654106 -8.971257 0.624993 -17.399508 -11.215722 1.538055 16.911845 -2.602397 11.438186 -13.493283 -2.495292 -8.073572 -20.381659 
4.128900 96.201301 -192.105997 -8.277830 -8.785309 -2.234555 0.332908 4.262681 4.826994 23.117735 -14.868967 -0.172506 -21.755393 20.715313 6.399338 -0.000000 0.000000 0.000000 -7.669669 -3.522232 6.303946 20.125838 9.502831 0.984186 -18.977443 -18.089837 -0.212937 -0.000000 0.000000 0.000000 8.320990 -0.291148 2.843511 -7.841675 -5.054630 0.460915 12.370225 -1.991671 0.831690 7.030728 -1.463304 -0.669831 -1.640940 -3.879391 3.647177 -0.000000 0.000000 0.000000 -6.183060 -1.887016 16.930919 -12.709031 -5.226550 -20.439843 8.367581 -3.504409 6.804258 9.572732 1.311584 25.532724 -9.097869 0.447447 -17.668977 -10.812506 1.178703 17.250524 -3.062149 12.029081 -13.994876 -2.193869 -8.010135 -20.597001 
4.394170 96.037704 -193.164992 -8.480389 -6.651415 -2.753130 -0.206988 3.425297 3.765065 23.918690 -16.165288 3.374654 -22.673515 21.771415 7.836013 -0.000000 0.000000 0.000000 -8.795737 -3.800925 6.044250 21.424529 8.128472 2.253470 -18.519601 -18.124445 0.770138 -0.000000 0.000000 0.000000 9.976621 -0.858398 2.154918 -7.741806 -5.789246 0.986132 12.587343 -2.589288 1.435359 8.401397 -2.432609 0.617448 -1.748330 -5.495755 4.404098 -0.000000 0.000000 0.000000 -5.966829 -1.830879 17.525125 -13.000967 -5.644080 -20.361190 8.173768 -3.180476 6.739960 9.431958 1.723727 26.641600 -9.502797 0.181868 -17.934528 -10.275560 1.046190 17.950864 -2.846143 12.091630 -14.183044 -2.041551 -7.957068 -21.662916 
4.461650 95.776409 -194.318998 -8.745321 -6.035063 -2.772093 -0.862057 0.954175 3.944378 24.513082 -18.148805 2.670432 -23.323983 24.837919 8.588003 -0.000000 0.000000 0.000000 -11.344799 -3.604379 4.261978 25.148559 6.999531 4.770130 -18.536303 -16.998741 3.119849 -0.000000 0.000000 0.000000 11.984674 -0.924660 0.660924 -8.151617 -5.928560 1.278407 13.132244 -2.766769 1.807075 9.737394 -2.400296 2.366988 -0.590421 -7.663878 5.257634 -0.000000 0.000000 0.000000 -6.061850 -1.790568 18.623277 -12.695862 -6.152805 -19.776765 7.579975 -3.170181 6.201095 8.772148 1.536692 27.419379 -10.092874 -0.196193 -18.232155 -9.736133 1.156916 18.869743 -2.305596 11.465338 -13.675422 -3.265109 -7.788257 -21.930266 
4.373610 95.483804 -195.212007 -9.204766 -6.964482 -2.610695 -0.914959 1.707668 4.520235 24.318652 -18.435073 1.432007 -24.684792 25.971049 9.479369 -0.000000 0.000000 0.000000 -14.096649 -4.638056 1.568415 30.311761 7.443262 6.528839 -19.180817 -13.681134 7.499622 -0.000000 0.000000 0.000000 13.574060 -0.785919 -0.509318 -8.435686 -5.391433 1.061593 13.221303 -2.324130 1.699142 11.977964 -1.974097 3.660445 0.772079 -9.477812 5.948184 -0.000000 0.000000 0.000000 -6.547205 -1.750649 19.623919 -12.501398 -6.332413 -19.350089 7.705071 -3.492534 6.148023 8.578622 1.608479 28.728766 -10.207035 -0.226303 -18.691938 -10.289355 0.972623 19.541658 -1.803524 10.049389 -12.561993 -3.429567 -8.116160 -21.895156 
4.165790 95.413905 -195.848989 -9.604358 -8.204855 -2.987234 -0.812985 5.075582 5.248482 23.858790 -17.777559 2.126851 -24.200784 23.609103 8.336331 -0.000000 0.000000 0.000000 -16.203899 -6.107228 -0.441853 34.495335 10.246445 6.245485 -18.366206 -7.939829 12.549642 -0.000000 0.000000 0.000000 14.546737 -0.592639 -0.352296 -8.591355 -4.652399 0.762524 13.100007 -1.592129 1.292756 14.112153 -1.524875 3.925958 2.594177 -10.847152 6.183056 -0.000000 0.000000 0.000000 -7.404130 -1.612006 20.177965 -12.384452 -6.302802 -19.659365 7.997559 -4.005834 6.153775 9.330468 1.223284 30.290757 -10.035661 -0.074674 -19.187978 -11.706054 0.531132 19.444750 -1.916518 8.351482 -11.101610 -2.568255 -8.274173 -21.944602 
3.881990 95.494902 -196.236992 -9.681229 -9.178341 -3.347994 -0.709179 4.507169 5.338972 23.766964 -18.249499 2.219157 -24.231398 25.097447 9.573438 -0.000000 0.000000 0.000000 -17.509028 -5.361906 -1.735160 37.177840 12.198048 5.250999 -16.534511 -7.528325 12.460288 -0.000000 0.000000 0.000000 14.260442 -0.428970 0.388297 -8.707597 -3.768605 0.486528 13.672007 -1.060599 0.856414 15.552299 -2.412664 3.380479 3.836009 -10.542070 6.147991 -0.000000 0.000000 0.000000 -7.557044 -1.359478 20.513730 -12.177324 -6.350663 -20.265642 8.166969 -4.294827 5.644907 8.583815 0.718727 31.182414 -9.538327 0.331024 -20.012367 -11.949936 0.454997 19.230149 -2.186099 6.204288 -10.036549 -1.759221 -8.611903 -22.337348 
3.384820 95.751703 -196.242988 -9.943843 -9.424752 -3.520858 0.768865 2.705515 5.339726 22.018845 -18.457539 1.894174 -23.941635 27.033556 10.523443 -0.000000 0.000000 0.000000 -16.741155 -3.705141 -2.904678 37.922630 11.376853 3.669391 -14.512062 -12.180264 9.636387 -0.000000 0.000000 0.000000 13.871381 -0.530690 1.127375 -9.067695 -3.034530 0.073526 14.075836 -0.937020 0.612457 16.558335 -4.085564 2.857315 4.873532 -8.995960 5.978132 -0.000000 0.000000 0.000000 -7.210861 -0.926041 20.466961 -12.447702 -6.273598 -20.666208 7.965786 -3.932342 5.168121 7.891502 0.328209 31.452975 -9.385232 0.831480 -20.915754 -11.141618 0.687763 19.542677 -3.183909 4.809076 -9.354482 -1.162876 -8.638621 -22.899306 
2.711850 96.020401 -195.943999 -9.790928 -8.757914 -3.503315 1.986511 2.420446 5.750612 19.740120 -18.239107 1.967629 -23.073437 26.774382 10.065240 -0.000000 0.000000 0.000000 -14.815959 -2.816620 -4.213126 36.735652 9.630705 1.525156 -13.688390 -17.357840 5.776796 -0.000000 0.000000 0.000000 12.894707 -0.868636 1.851389 -9.598642 -2.760155 -0.371883 14.277520 -1.083136 0.505411 16.665491 -5.838108 2.534409 5.452313 -7.365843 5.935138 -0.000000 0.000000 0.000000 -6.807682 -0.337667 20.009481 -13.283824 -5.997819 -20.820001 7.668463 -3.179401 5.253704 7.555992 0.356941 31.559387 -9.350796 1.008311 -21.338764 -10.669432 0.901465 19.695320 -4.175712 4.434059 -9.038271 -0.120500 -8.494511 -23.683318 
1.825740 96.180004 -195.520997 -9.156688 -7.678351 -3.265299 2.387462 2.831938 6.374070 17.833349 -18.345434 2.137229 -21.964689 25.823564 9.330492 -0.000000 0.000000 0.000000 -12.430975 -2.253863 -5.346602 33.959480 8.882107 -0.856715 -11.510244 -22.234304 2.357754 -0.000000 0.000000 0.000000 11.443608 -1.300807 2.210991 -10.265785 -2.650321 -0.711249 14.543822 -1.311553 0.520425 15.304910 -7.626077 2.333266 5.538190 -5.925358 6.160047 -0.000000 0.000000 0.000000 -6.427138 0.466576 19.449158 -14.239215 -5.820662 -20.541415 7.572294 -2.422362 5.113159 7.295353 0.045728 32.244219 -9.357490 0.806311 -21.427916 -9.871238 1.323768 19.609661 -4.428204 4.184247 -8.984669 1.194503 -8.157359 -24.494752 
0.666039 96.173304 -195.003998 -8.344446 -6.682390 -2.909073 2.529423 2.339895 6.901756 16.392091 -18.677396 2.219712 -20.998389 25.646425 8.991598 -0.000000 0.000000 0.000000 -9.487311 -1.466357 -6.102924 29.932914 9.822435 -3.218022 -5.795474 -25.925986 1.712427 -0.000000 0.000000 0.000000 9.748798 -1.458811 2.135909 -10.753311 -2.622754 -0.975517 14.656256 -1.531475 0.552290 13.071423 -9.375196 2.160894 4.934263 -4.837291 6.610977 -0.000000 0.000000 0.000000 -6.138428 1.273402 18.891410 -15.122558 -5.883081 -19.821902 7.129768 -1.702567 4.915902 7.228855 -0.238393 32.545703 -9.489802 0.392834 -21.347531 -8.790697 1.888569 19.468914 -4.989098 3.698291 -9.066418 2.191553 -7.927272 -25.588916 
-0.791431 95.972604 -194.384992 -7.472285 -6.351274 -2.469020 2.691606 1.548074 7.340993 15.287448 -18.644254 2.309870 -20.367757 26.033241 8.343064 -0.000000 0.000000 0.000000 -6.290989 -0.503667 -6.394821 25.597733 12.151390 -5.597617 -3.721123 -27.134133 3.601682 -0.000000 0.000000 0.000000 7.746260 -1.144018 1.566781 -10.643848 -2.599538 -1.142458 14.367586 -1.500412 0.416277 10.549037 -10.031671 2.344519 3.732641 -5.115359 6.998109 -0.000000 0.000000 0.000000 -6.249326 1.947711 18.720797 -15.587568 -6.255635 -19.035947 6.504746 -0.893017 4.902943 7.459885 -0.300763 33.042923 -9.836925 -0.097654 -21.053866 -8.056356 2.302157 19.240372 -5.573300 2.914787 -9.020786 3.090967 -7.704773 -26.405646 
-2.532810 95.629108 -193.730998 -6.469913 -6.844889 -2.099079 2.693883 0.637498 7.854478 14.726602 -18.185840 2.431002 -20.141778 26.761896 7.581587 -0.000000 0.000000 0.000000 -3.637415 0.070622 -6.507873 21.081367 14.723363 -6.451513 -5.354261 -25.784290 7.054990 -0.000000 0.000000 0.000000 5.415194 -0.329188 0.695242 -10.001017 -2.558720 -1.187540 13.719348 -1.237167 0.121300 8.074835 -9.553834 2.835182 2.282558 -6.775429 7.121686 -0.000000 0.000000 0.000000 -6.781236 2.635672 18.947180 -15.698140 -6.937955 -18.393539 5.536118 -0.066828 5.003187 7.523963 -0.596121 33.880205 -10.184321 -0.671697 -20.562043 -7.667872 2.866074 18.994699 -5.632920 1.541165 -8.611325 3.452773 -7.447989 -27.132247 
-4.369020 95.388705 -193.156004 -5.469554 -7.765847 -2.329545 2.573518 0.091028 9.149038 14.282881 -17.424318 2.430721 -18.999791 27.508941 6.576022 -0.000000 0.000000 0.000000 -1.828696 -0.328378 -6.003355 16.548971 15.717177 -5.000989 -8.950249 -25.138473 5.016159 -0.000000 0.000000 0.000000 3.102756 0.544039 0.528312 -8.875839 -2.447981 -1.214965 12.640846 -0.924141 -0.148637 5.915003 -9.391676 2.848684 0.567636 -8.383769 7.327496 -0.000000 0.000000 0.000000 -7.419950 3.177919 19.147845 -15.761698 -7.019112 -18.053894 4.939001 0.238745 5.211140 7.462667 -0.458699 33.918364 -9.982382 -0.853946 -20.129308 -7.921770 2.971617 19.063204 -5.275835 0.370256 -8.295210 3.390668 -7.516984 -27.639456 
-6.030400 95.459306 -192.634988 -5.012808 -8.676896 -3.145115 2.908809 0.984287 11.013998 13.482745 -16.518761 2.678063 -16.812954 27.074934 4.066177 -0.000000 0.000000 0.000000 0.690524 -1.546285 -4.619970 11.067568 15.609283 -4.234861 -9.355182 -23.139370 4.628810 -0.000000 0.000000 0.000000 1.655461 1.128723 1.145831 -7.777496 -2.390309 -1.330795 11.543266 -0.473536 -0.207045 4.013520 -9.751624 2.444829 -1.501005 -9.906349 7.673235 -0.000000 0.000000 0.000000 -7.830363 3.464861 19.166362 -15.889744 -6.348560 -18.333103 4.455087 0.474873 5.500101 7.554537 -0.264671 33.353245 -9.556914 -0.628759 -19.899541 -8.452712 2.443861 19.332028 -4.527619 -0.353161 -7.574735 2.977988 -7.189586 -28.233238 
-7.399710 95.623702 -192.128003 -5.091573 -8.712803 -3.862803 3.493844 2.724317 12.726035 12.352014 -16.191697 2.948780 -14.755159 25.249075 1.587157 -0.000000 0.000000 0.000000 4.801631 -2.851284 -2.993544 4.169372 16.099513 -4.170253 -7.870951 -22.311888 4.867503 -0.000000 0.000000 0.000000 1.083688 1.264243 1.651487 -6.775364 -2.638483 -1.583201 10.640687 -0.201387 -0.003688 2.174576 -11.060790 1.902034 -4.076488 -10.777915 8.367054 -0.000000 0.000000 0.000000 -7.566674 3.418659 19.112910 -16.252982 -5.216796 -18.634514 4.568015 1.281774 5.386286 7.331852 -0.451943 32.541712 -9.037617 -0.024918 -20.236186 -8.752846 1.452863 19.966659 -3.674212 -1.179558 -6.492569 2.684826 -6.577267 -28.257212 
-8.574180 95.474106 -191.669989 -5.386230 -7.550058 -3.932925 3.895506 3.937555 13.855090 11.450396 -16.146804 3.152983 -13.061833 23.985792 -0.566315 -0.000000 0.000000 0.000000 7.512092 -3.211372 -2.378819 0.999267 16.729456 -3.559029 -8.580131 -23.260858 4.469768 -0.000000 0.000000 0.000000 1.053843 1.086804 1.277514 -5.800805 -3.204647 -1.931391 10.069904 -0.239698 0.282178 -0.159863 -12.676587 1.739519 -6.771294 -11.669312 9.373025 -0.000000 0.000000 0.000000 -7.140776 3.158298 19.262568 -16.912911 -4.540326 -18.687424 4.261869 2.502332 5.382017 6.814526 -0.194886 31.961181 -8.829978 0.530717 -20.823320 -8.673373 0.598485 20.702973 -3.351473 -1.267530 -5.601087 2.487514 -6.670413 -27.270244 
-9.598010 95.030206 -191.317987 -5.659259 -6.163343 -3.692577 4.196204 4.383169 14.754191 10.922180 -16.722144 3.181472 -12.689266 23.125449 -2.192843 -0.000000 0.000000 0.000000 7.796521 -3.065431 -1.778834 2.655633 17.248353 -3.749439 -11.822890 -24.837250 2.943649 -0.000000 0.000000 0.000000 1.379592 0.974621 0.603462 -4.994602 -3.664797 -2.273879 9.572097 -0.459480 0.522086 -2.417563 -14.099803 1.729531 -9.479672 -12.790677 10.371960 -0.000000 0.000000 0.000000 -6.992662 2.847225 19.300114 -17.510981 -4.317983 -18.619012 3.419639 3.051496 5.576785 5.882979 0.526152 32.494465 -8.850963 0.971497 -21.400779 -8.429671 -0.218850 21.401801 -3.814541 -1.272353 -5.034342 2.001227 -7.533418 -27.017910 
-10.391600 94.756204 -191.074991 -6.006031 -5.185960 -3.839923 4.793186 4.225840 15.706732 10.358520 -17.390434 3.103649 -12.577823 23.016863 -2.833906 -0.000000 0.000000 0.000000 8.649526 -2.319048 -0.597506 3.075943 17.628569 -4.250324 -13.604111 -26.648338 1.131916 -0.000000 0.000000 0.000000 1.911379 0.659044 0.472656 -4.315644 -3.726822 -2.300542 8.979531 -0.605644 0.631221 -4.058881 -15.204071 1.544438 -11.317452 -13.570669 10.739394 -0.000000 0.000000 0.000000 -6.794274 2.700838 18.796207 -17.224960 -4.263354 -18.836075 3.635443 2.413458 5.609818 5.476055 0.845848 33.509954 -8.823506 1.432023 -21.372120 -7.996069 -0.832995 21.784174 -4.688902 -1.222479 -4.926001 1.737301 -8.280257 -27.344458 
-10.895199 94.875902 -190.973997 -5.713771 -4.958846 -4.122543 5.052454 3.543755 16.032119 9.615540 -17.315213 3.475518 -11.230330 23.722336 -3.275697 -0.000000 0.000000 0.000000 8.817736 -1.946584 0.066229 2.432775 17.126768 -4.010485 -13.217083 -26.617185 0.882326 -0.000000 0.000000 0.000000 1.678655 0.585020 0.671933 -3.913139 -3.578545 -2.127144 8.791272 -0.551902 0.672723 -5.179483 -15.481473 1.308121 -12.326848 -14.123428 10.680101 -0.000000 0.000000 0.000000 -6.480650 2.578753 18.212374 -16.320190 -4.235066 -19.680187 4.175582 1.537313 4.827490 5.721456 0.159003 33.524559 -8.568877 1.572618 -20.914020 -7.679138 -1.377658 22.025952 -5.149328 -1.239522 -4.437649 1.184757 -7.844426 -26.924043 
-11.178600 95.086604 -190.917993 -5.277237 -4.515230 -4.165298 4.912077 3.259700 15.958835 8.749164 -16.677092 3.816236 -9.494852 24.120542 -3.671951 -0.000000 0.000000 0.000000 8.736218 -2.449484 0.045511 1.600554 16.195400 -3.210811 -12.268371 -25.642217 1.215114 -0.000000 0.000000 0.000000 1.206370 0.677265 0.646102 -3.720014 -3.681908 -2.066282 8.875946 -0.623026 0.736407 -5.352340 -15.134883 1.292071 -12.933346 -14.255698 10.752987 -0.000000 0.000000 0.000000 -6.201530 2.145512 18.238402 -15.886586 -4.353341 -20.781105 4.774584 1.950709 3.953293 5.621765 -0.213600 32.173513 -8.220538 1.665135 -20.938380 -7.707073 -1.566405 22.801395 -4.491652 -1.355567 -3.465660 0.994435 -7.750472 -25.912424 
-11.315099 95.220906 -190.796995 -5.234878 -3.676957 -4.075038 4.813587 3.957348 16.000229 7.570141 -15.101646 3.468663 -8.049878 24.312714 -4.145529 -0.000000 0.000000 0.000000 9.080864 -3.161160 0.090009 1.172272 15.471340 -2.955491 -11.686343 -25.043396 1.277846 -0.000000 0.000000 0.000000 1.119948 0.711099 0.401205 -3.729594 -3.943809 -2.151401 9.022142 -0.823436 0.848638 -4.703250 -14.685460 1.528018 -12.524846 -13.816067 11.026819 -0.000000 0.000000 0.000000 -6.263348 1.521214 18.700759 -16.353933 -4.574752 -21.652843 4.970946 3.185381 4.016661 6.075627 0.990485 30.895008 -8.101798 1.842774 -21.416294 -8.198589 -1.519784 23.856240 -4.357811 -1.415414 -2.774509 0.823718 -8.398287 -25.106325 
-11.325800 95.242500 -190.577996 -5.551484 -2.650483 -3.898676 5.042645 5.129817 16.074737 6.406567 -14.138153 3.121774 -7.191723 23.469720 -4.691184 -0.000000 0.000000 0.000000 9.729601 -3.571205 0.296356 1.312694 15.013810 -3.336077 -11.670306 -25.211661 1.139393 -0.000000 0.000000 0.000000 1.365560 0.529562 0.008623 -3.716368 -4.156481 -2.261534 9.088118 -0.991554 0.985000 -3.611865 -14.408711 1.792839 -11.657707 -12.974183 11.344269 -0.000000 0.000000 0.000000 -6.500613 1.158138 19.001211 -17.101381 -4.884353 -21.493104 4.194108 3.248123 4.679697 5.990407 2.085234 30.340391 -8.297151 1.943154 -21.735442 -8.605005 -1.477635 24.243902 -5.023058 -1.411986 -2.620350 0.794893 -9.133556 -23.333500 
-11.204500 95.175606 -190.337002 -5.688145 -1.810245 -3.780605 5.307786 5.879545 16.005013 5.600328 -14.360883 3.433175 -6.989345 22.192517 -5.336386 -0.000000 0.000000 0.000000 10.119417 -3.542193 0.606108 1.661766 14.741752 -3.989616 -12.001490 -25.858808 0.978240 -0.000000 0.000000 0.000000 1.249364 0.299048 -0.232480 -3.560822 -4.270906 -2.222922 9.077218 -1.050189 1.031986 -2.130181 -13.981135 1.864827 -11.064236 -12.333086 11.270102 -0.000000 0.000000 0.000000 -6.533259 1.060724 19.095509 -17.422085 -5.340822 -20.548415 4.100174 2.240813 5.237587 5.935889 1.801160 30.555128 -8.350692 1.907358 -21.700749 -8.630903 -1.299163 23.862692 -5.351293 -1.369373 -2.983367 0.757526 -9.137981 -23.343926 
-10.946500 95.088702 -190.151000 -5.360336 -1.660627 -3.682923 5.847890 5.173745 15.694599 4.631246 -14.691957 3.399839 -7.172855 22.986087 -5.043683 -0.000000 0.000000 0.000000 9.933118 -3.029961 0.545154 1.769935 14.732748 -4.297310 -12.279379 -26.571498 0.933708 -0.000000 0.000000 0.000000 0.454386 0.371447 -0.308872 -3.163725 -4.181068 -1.975913 9.034510 -0.966677 0.933675 -0.660343 -13.419209 1.742135 -10.408643 -11.872874 10.846711 -0.000000 0.000000 0.000000 -6.560131 1.113999 19.193125 -17.270446 -6.045163 -19.673935 4.180827 1.097802 5.611441 5.866988 1.062522 31.335241 -8.321738 1.752304 -21.412587 -8.192889 -0.845464 23.097934 -5.178059 -1.295984 -3.819188 0.843062 -8.821840 -23.776821 
-10.635400 95.073205 -190.000999 -5.031930 -2.143290 -3.668869 6.936502 4.364848 15.288532 3.004163 -14.380726 3.260929 -6.976409 24.083962 -4.663314 -0.000000 0.000000 0.000000 9.575985 -2.449296 0.216390 1.775655 14.774378 -4.260753 -12.175702 -26.781828 1.162596 -0.000000 0.000000 0.000000 -0.315734 0.603775 -0.199261 -2.866913 -3.866533 -1.733054 9.126870 -0.767375 0.803686 0.634937 -12.590980 1.656694 -9.382480 -11.416308 10.183807 -0.000000 0.000000 0.000000 -6.812826 1.317225 19.291250 -17.206292 -6.868961 -19.263473 3.967190 0.382464 5.984584 5.970294 0.956649 31.530448 -8.297684 1.465390 -20.987439 -7.998478 -0.196927 22.359050 -5.397216 -1.213106 -4.574453 0.778052 -8.535456 -24.450828 
-10.303500 95.090699 -189.885998 -4.680141 -2.910673 -3.780017 8.152159 4.117675 14.956656 0.825739 -13.801261 3.174714 -6.357443 24.798921 -4.521306 -0.000000 0.000000 0.000000 9.161030 -2.368462 -0.129310 1.515939 14.690744 -4.060350 -11.633541 -26.181501 1.638038 -0.000000 0.000000 0.000000 -1.001627 0.816475 0.117048 -2.662717 -3.531905 -1.560511 9.256385 -0.548149 0.737178 1.846901 -11.615938 1.571106 -8.358782 -10.755171 9.543815 -0.000000 0.000000 0.000000 -7.039916 1.423668 19.485297 -17.130604 -7.251189 -19.420076 3.527880 0.187749 6.124382 6.141044 1.068878 31.726682 -8.284826 1.374230 -20.817663 -8.304603 0.454477 21.992783 -5.726378 -1.171360 -4.784686 0.959708 -8.383490 -24.662052 
