HIERARCHY
ROOT pelvis
{
	OFFSET 0.311167 90.348428 1.237130
	CHANNELS 6 Xposition Yposition Zposition Xrotation Yrotation Zrotation 
	JOINT left_hip
	{
		OFFSET 5.913150 -10.028800 -2.567850
		CHANNELS 3 Xrotation Yrotation Zrotation
		JOINT left_knee
		{
			OFFSET 5.848980 -35.611698 0.004975
			CHANNELS 3 Xrotation Yrotation Zrotation
			JOINT left_ankle
			{
				OFFSET -4.577280 -37.467700 -3.106600
				CHANNELS 3 Xrotation Yrotation Zrotation
				JOINT left_foot
				{
					OFFSET 4.973860 -5.364420 11.982000
					CHANNELS 3 Xrotation Yrotation Zrotation
					End Site
					{
						OFFSET 0.000000 0.000000 0.000000
					}
				}
			}
		}
	}
	JOINT right_hip
	{
		OFFSET -6.401500 -11.353400 -1.868960
		CHANNELS 3 Xrotation Yrotation Zrotation
		JOINT right_knee
		{
			OFFSET -4.750630 -33.802101 -0.948260
			CHANNELS 3 Xrotation Yrotation Zrotation
			JOINT right_ankle
			{
				OFFSET 1.556710 -38.159001 -1.910740
				CHANNELS 3 Xrotation Yrotation Zrotation
				JOINT right_foot
				{
					OFFSET -4.026950 -5.429470 12.066000
					CHANNELS 3 Xrotation Yrotation Zrotation
					End Site
					{
						OFFSET 0.000000 0.000000 0.000000
					}
				}
			}
		}
	}
	JOINT spine1
	{
		OFFSET -0.378251 11.963999 -2.999940
		CHANNELS 3 Xrotation Yrotation Zrotation
		JOINT spine2
		{
			OFFSET 1.219750 15.878500 -0.652037
			CHANNELS 3 Xrotation Yrotation Zrotation
			JOINT spine3
			{
				OFFSET -1.189700 6.120270 2.927850
				CHANNELS 3 Xrotation Yrotation Zrotation
				JOINT neck
				{
					OFFSET -1.441860 17.292699 -2.886150
					CHANNELS 3 Xrotation Yrotation Zrotation
					JOINT head
					{
						OFFSET 2.769250 15.877301 1.182330
						CHANNELS 3 Xrotation Yrotation Zrotation
						JOINT jaw
						{
							OFFSET -1.835820 -0.042817 -0.599036
							CHANNELS 3 Xrotation Yrotation Zrotation
							End Site
							{
								OFFSET 0.000000 0.000000 0.000000
							}
						}
					}
				}
				JOINT left_collar
				{
					OFFSET 4.902580 8.992700 -0.276751
					CHANNELS 3 Xrotation Yrotation Zrotation
					JOINT left_shoulder
					{
						OFFSET 13.095999 6.016300 -1.530210
						CHANNELS 3 Xrotation Yrotation Zrotation
						JOINT left_elbow
						{
							OFFSET 23.924801 -6.856890 -4.540090
							CHANNELS 3 Xrotation Yrotation Zrotation
							JOINT left_wrist
							{
								OFFSET 23.923299 2.446440 0.300321
								CHANNELS 3 Xrotation Yrotation Zrotation
								End Site
								{
									OFFSET 0.000000 0.000000 0.000000
								}
							}
						}
					}
				}
				JOINT right_collar
				{
					OFFSET -5.291410 8.946880 -0.863436
					CHANNELS 3 Xrotation Yrotation Zrotation
					JOINT right_shoulder
					{
						OFFSET -11.283900 5.482560 -1.394060
						CHANNELS 3 Xrotation Yrotation Zrotation
						JOINT right_elbow
						{
							OFFSET -25.680399 -2.929270 -2.749060
							CHANNELS 3 Xrotation Yrotation Zrotation
							JOINT right_wrist
							{
								OFFSET -23.689501 -0.590999 -1.004760
								CHANNELS 3 Xrotation Yrotation Zrotation
								End Site
								{
									OFFSET 0.000000 0.000000 0.000000
								}
							}
						}
					}
				}
			}
		}
	}
}
MOTION
Frames: 744
Frame Time: 0.033334
110.028994 92.900264 -225.354981 -5.857602 -29.139316 -3.682563 11.811579 5.598094 -0.132720 -5.467796 -14.001288 -2.728335 -5.001585 19.452213 1.178536 -0.000000 0.000000 0.000000 9.638949 -6.830046 0.573643 -1.749877 6.375428 1.795354 -4.518498 -18.265760 1.233423 -0.000000 0.000000 0.000000 0.390763 1.635566 -1.289201 6.838513 -4.246539 2.659315 1.482931 0.674540 0.466144 10.188255 -8.590807 -2.769340 -9.562172 0.016943 8.088234 -0.000000 0.000000 0.000000 -4.125338 -1.096886 -5.518764 -6.107393 -4.706393 -7.913501 -10.468308 6.441181 -4.081979 -2.735097 -8.632173 16.900408 -2.821918 0.584115 2.318246 -16.344792 1.020570 4.962215 -6.960160 -4.355371 3.825076 11.254268 3.227849 -8.582284 
110.057998 92.900360 -225.373983 -5.926682 -29.290195 -3.804623 11.890320 5.711445 -0.063430 -5.524165 -13.983950 -2.780334 -4.998920 19.494849 1.220083 -0.000000 0.000000 0.000000 9.564998 -6.797442 0.647033 -1.623686 6.639209 1.771474 -4.513614 -18.413132 1.111646 -0.000000 0.000000 0.000000 0.472527 1.648457 -1.263316 6.822155 -4.208764 2.711497 1.470545 0.687022 0.469041 10.221921 -8.720852 -2.812427 -9.558407 0.083926 8.096262 -0.000000 0.000000 0.000000 -4.044644 -1.057171 -5.520371 -6.128433 -4.728390 -8.165634 -10.277590 6.357172 -3.940758 -2.746782 -7.724899 16.250932 -2.964163 0.477644 2.354153 -16.305278 1.175665 5.275005 -6.816798 -4.326914 3.712910 11.030176 2.900195 -8.441654 
110.092998 92.900866 -225.402999 -5.959704 -29.422471 -3.866190 11.925863 5.701972 -0.048918 -5.565944 -13.883675 -2.790851 -5.015627 19.527909 1.252148 -0.000000 0.000000 0.000000 9.534622 -6.720335 0.641739 -1.607523 6.666082 1.792431 -4.491248 -18.346540 1.091761 -0.000000 0.000000 0.000000 0.553848 1.634513 -1.317383 6.722774 -4.190628 2.762610 1.484678 0.672299 0.468851 10.321172 -8.703171 -2.821757 -9.461548 0.223325 8.066144 -0.000000 0.000000 0.000000 -4.068020 -0.919683 -5.734742 -6.043414 -4.762564 -8.000560 -10.231780 6.082340 -4.101786 -2.967438 -8.209896 16.029963 -3.294434 0.284998 2.568359 -16.270597 1.583082 5.448023 -6.388955 -4.278704 3.675637 11.415753 2.893261 -8.263171 
110.121000 92.901570 -225.427985 -5.959147 -29.508137 -3.904858 11.903384 5.720184 -0.038941 -5.553151 -13.804217 -2.779909 -5.024825 19.520321 1.281015 -0.000000 0.000000 0.000000 9.560812 -6.678629 0.661901 -1.735767 6.670302 1.798333 -4.401781 -18.303496 1.116782 -0.000000 0.000000 0.000000 0.566459 1.648021 -1.326672 6.753264 -4.168976 2.788339 1.439812 0.679489 0.470236 10.385238 -8.660914 -2.845578 -9.439860 0.217149 8.032394 -0.000000 0.000000 0.000000 -4.044698 -0.908309 -5.737891 -6.014363 -4.858687 -8.170096 -10.097881 6.005708 -4.060465 -3.009137 -8.037364 15.658573 -3.244236 0.276970 2.640312 -16.048950 1.603331 5.756283 -6.149460 -4.251251 3.646211 11.325041 2.906016 -8.175882 
110.144997 92.902666 -225.453997 -5.942874 -29.558854 -3.909619 11.871065 5.710606 -0.048845 -5.557288 -13.725223 -2.763381 -5.017842 19.497657 1.294148 -0.000000 0.000000 0.000000 9.471686 -6.661513 0.654484 -1.659834 6.643372 1.800419 -4.419773 -18.261869 1.156122 -0.000000 0.000000 0.000000 0.582305 1.648973 -1.361703 6.719732 -4.160455 2.820833 1.449065 0.680300 0.472003 10.397746 -8.608928 -2.892285 -9.371709 0.224829 7.986301 -0.000000 0.000000 0.000000 -4.036311 -0.890943 -5.735254 -5.974203 -5.010256 -8.348686 -9.969833 6.058950 -4.075149 -3.394797 -8.256985 15.399577 -3.257383 0.223826 2.730208 -15.985922 1.660259 6.031591 -6.074197 -4.240296 3.613636 11.287325 2.847061 -8.076722 
110.174000 92.907268 -225.483990 -5.911721 -29.598278 -3.889956 11.824783 5.579634 -0.078904 -5.525581 -13.397662 -2.708656 -5.007113 19.346949 1.232156 -0.000000 0.000000 0.000000 9.430927 -6.632382 0.619150 -1.716526 6.384861 1.797326 -4.306458 -17.989717 1.240241 -0.000000 0.000000 0.000000 0.592500 1.570161 -1.340720 6.642434 -4.079382 2.774083 1.487898 0.663289 0.478055 10.554452 -8.242263 -2.871553 -9.488745 -0.103492 7.830421 -0.000000 0.000000 0.000000 -4.121560 -0.852131 -5.461215 -5.845937 -5.069095 -9.024337 -9.857127 5.709894 -3.886351 -2.116068 -10.325326 18.358128 -3.215688 0.313365 2.713956 -15.924470 1.521118 6.424681 -5.950807 -4.227200 3.605835 11.451864 3.525557 -8.212698 
110.198998 92.910266 -225.511003 -5.875922 -29.640585 -3.891811 11.757079 5.686820 -0.072351 -5.545854 -13.576466 -2.737809 -4.972930 19.443057 1.306431 -0.000000 0.000000 0.000000 9.314762 -6.604048 0.638804 -1.630959 6.570591 1.790705 -4.346518 -18.164264 1.174953 -0.000000 0.000000 0.000000 0.561390 1.638369 -1.384469 6.799974 -4.160731 2.874050 1.360130 0.653018 0.492270 10.423489 -8.429680 -2.917383 -9.321395 0.191163 7.889782 -0.000000 0.000000 0.000000 -4.014592 -0.893639 -5.703286 -6.030244 -5.127771 -8.761711 -9.897077 6.104567 -3.996781 -3.022169 -8.239921 15.202032 -3.211540 0.210415 2.847117 -15.794753 1.714383 6.555687 -5.960196 -4.227097 3.596823 11.142599 2.911005 -7.725901 
110.232997 92.913163 -225.538993 -5.856888 -29.640999 -3.845121 11.730800 5.539899 -0.128150 -5.535555 -13.304328 -2.696410 -4.961299 19.322184 1.238526 -0.000000 0.000000 0.000000 9.251849 -6.611564 0.558152 -1.593182 6.306233 1.810949 -4.320535 -17.923359 1.280195 -0.000000 0.000000 0.000000 0.614851 1.547717 -1.366999 6.648177 -4.098234 2.792091 1.462432 0.651126 0.507323 10.506454 -8.141904 -2.828662 -9.377724 -0.115572 7.784751 -0.000000 0.000000 0.000000 -4.092082 -0.947683 -5.572368 -5.758756 -5.096917 -9.097658 -9.818621 5.730353 -4.072602 -2.075793 -11.021113 18.944589 -3.239078 0.368611 2.783690 -15.825670 1.460450 6.776552 -5.890070 -4.232474 3.718885 11.454070 3.756486 -7.962978 
110.264003 92.915666 -225.568986 -5.801205 -29.659239 -3.819821 11.626694 5.513891 -0.151461 -5.503971 -13.285344 -2.680786 -4.938361 19.341845 1.232204 -0.000000 0.000000 0.000000 9.208082 -6.602853 0.547669 -1.712825 6.315564 1.803101 -4.200514 -17.905081 1.252547 -0.000000 0.000000 0.000000 0.590663 1.546944 -1.363913 6.706566 -4.116013 2.828709 1.405033 0.646950 0.513119 10.445569 -8.207000 -2.812385 -9.333757 -0.120767 7.850488 -0.000000 0.000000 0.000000 -4.036154 -1.037943 -5.695257 -5.625225 -5.122552 -8.945218 -9.577297 5.995359 -4.221681 -2.053197 -11.241891 19.209908 -3.233085 0.379292 2.827993 -15.795518 1.412141 6.755127 -5.834128 -4.233952 3.790037 11.480586 3.823569 -8.036288 
110.290992 92.917371 -225.600982 -5.770717 -29.701961 -3.808549 11.510323 5.603309 -0.151397 -5.427163 -13.540049 -2.709410 -4.941496 19.507119 1.357373 -0.000000 0.000000 0.000000 9.105623 -6.588301 0.572893 -1.640328 6.598680 1.782950 -4.260645 -18.170840 1.201752 -0.000000 0.000000 0.000000 0.604409 1.631391 -1.398399 6.859703 -4.217158 2.963489 1.285905 0.625551 0.525688 10.200753 -8.558355 -2.846981 -9.201827 0.192684 7.939895 -0.000000 0.000000 0.000000 -3.908169 -1.003836 -5.822618 -5.901677 -5.070001 -8.634974 -9.611211 6.510654 -4.250019 -3.131130 -8.306080 15.483416 -3.194517 0.215906 2.908872 -15.745290 1.623251 6.599962 -5.773131 -4.222724 3.740273 11.240942 2.873886 -7.597009 
110.317993 92.919266 -225.636005 -5.774458 -29.736306 -3.813445 11.481600 5.611049 -0.160107 -5.421436 -13.526817 -2.706581 -4.934106 19.521446 1.330941 -0.000000 0.000000 0.000000 9.030941 -6.603620 0.567497 -1.580428 6.606994 1.765442 -4.239371 -18.135370 1.180212 -0.000000 0.000000 0.000000 0.664607 1.621900 -1.367186 6.849894 -4.227280 2.979813 1.288800 0.626519 0.533724 10.180529 -8.584472 -2.822135 -9.251071 0.182675 7.973858 -0.000000 0.000000 0.000000 -3.880278 -0.996305 -5.848998 -5.828282 -4.937324 -8.426872 -9.576366 6.466200 -4.242267 -3.295661 -8.473966 15.307169 -3.212530 0.232187 2.896296 -15.768290 1.582868 6.415813 -5.718287 -4.216178 3.729098 11.375248 3.037000 -7.568952 
110.343003 92.921168 -225.671983 -5.750118 -29.743639 -3.789718 11.439080 5.492026 -0.176852 -5.401086 -13.276088 -2.677759 -4.918165 19.412427 1.268396 -0.000000 0.000000 0.000000 9.006139 -6.605672 0.535560 -1.640656 6.407633 1.767146 -4.153292 -17.924497 1.289668 -0.000000 0.000000 0.000000 0.700489 1.521016 -1.318756 6.712158 -4.158675 2.931347 1.394518 0.603861 0.550982 10.318683 -8.352072 -2.736728 -9.432689 -0.141392 7.858175 -0.000000 0.000000 0.000000 -3.966581 -0.885510 -5.516242 -5.716029 -4.803223 -8.821001 -9.460591 6.115935 -3.969099 -1.888774 -10.183231 18.569891 -3.184163 0.308023 2.766669 -15.890268 1.425380 6.352334 -5.671655 -4.203314 3.644913 11.619322 3.672349 -7.815522 
110.360003 92.923069 -225.700998 -5.729004 -29.798136 -3.756374 11.404342 5.496107 -0.214680 -5.410617 -13.253215 -2.681318 -4.913658 19.439665 1.266798 -0.000000 0.000000 0.000000 8.989112 -6.618528 0.505685 -1.667089 6.407307 1.777647 -4.182378 -17.930914 1.399366 -0.000000 0.000000 0.000000 0.668762 1.523339 -1.320356 6.722088 -4.151739 2.918953 1.444215 0.606939 0.564107 10.355702 -8.295015 -2.679416 -9.411488 -0.164216 7.862408 -0.000000 0.000000 0.000000 -4.020516 -0.862354 -5.547014 -5.691028 -4.684917 -8.480811 -9.428582 6.197931 -4.037716 -1.391230 -10.501302 19.173729 -3.193604 0.330274 2.765065 -15.870721 1.380869 6.114955 -5.701468 -4.201642 3.598605 11.688658 3.716815 -8.152510 
110.373998 92.924869 -225.725985 -5.799649 -29.841474 -3.807359 11.460104 5.489466 -0.211423 -5.416596 -13.206390 -2.666099 -4.905685 19.448755 1.236818 -0.000000 0.000000 0.000000 8.978859 -6.620943 0.498874 -1.624725 6.413999 1.773116 -4.124663 -17.830719 1.346826 -0.000000 0.000000 0.000000 0.710491 1.510392 -1.275604 6.781798 -4.122455 2.923051 1.440838 0.622838 0.571637 10.463612 -8.209243 -2.647968 -9.452462 -0.228921 7.852736 -0.000000 0.000000 0.000000 -4.059560 -0.845530 -5.581155 -5.689373 -4.583000 -8.241126 -9.483032 6.163183 -4.085980 -0.889534 -11.181693 20.257682 -3.190724 0.367818 2.764170 -15.929228 1.319312 5.871657 -5.719913 -4.199204 3.553638 11.877032 3.963800 -8.342053 
110.388994 92.926461 -225.768995 -5.807778 -29.879549 -3.801070 11.421573 5.481812 -0.214514 -5.388145 -13.194895 -2.684227 -4.911781 19.480524 1.252097 -0.000000 0.000000 0.000000 9.008507 -6.605002 0.491362 -1.719088 6.435825 1.787696 -4.103017 -17.860124 1.388038 -0.000000 0.000000 0.000000 0.694782 1.523944 -1.271365 6.848105 -4.123616 2.932827 1.445045 0.631411 0.579772 10.553572 -8.203961 -2.643362 -9.430467 -0.190172 7.848302 -0.000000 0.000000 0.000000 -4.086654 -0.806719 -5.624395 -5.723417 -4.528960 -8.047266 -9.478418 6.143845 -4.118147 -0.538272 -11.049605 20.393740 -3.192190 0.364922 2.786661 -15.920407 1.350814 5.712864 -5.704403 -4.191524 3.492689 11.906028 3.928584 -8.401758 
110.404992 92.927670 -225.808001 -5.832754 -29.926286 -3.816739 11.427800 5.509559 -0.218898 -5.402676 -13.171012 -2.682561 -4.898564 19.470097 1.264217 -0.000000 0.000000 0.000000 8.956345 -6.537981 0.468627 -1.645408 6.473310 1.812560 -4.139129 -17.884420 1.374412 -0.000000 0.000000 0.000000 0.694843 1.521560 -1.219549 6.908039 -4.115677 2.948606 1.436699 0.645942 0.551532 10.626446 -8.209939 -2.671923 -9.354437 -0.167279 7.788703 -0.000000 0.000000 0.000000 -4.076304 -0.763647 -5.604244 -5.682334 -4.528483 -8.098428 -9.300065 6.102778 -4.059306 -0.414168 -10.770597 20.145099 -3.171090 0.337952 2.798968 -15.862637 1.457250 5.736304 -5.693339 -4.177988 3.363869 11.809623 3.852894 -8.531351 
110.412002 92.928463 -225.860977 -5.858331 -29.923776 -3.864179 11.406663 5.593291 -0.157183 -5.458236 -13.467927 -2.656227 -4.895497 19.507893 1.348626 -0.000000 0.000000 0.000000 8.963401 -6.515531 0.547760 -1.688829 6.685467 1.806450 -4.180582 -18.112919 1.293486 -0.000000 0.000000 0.000000 0.726513 1.569069 -1.221909 6.980272 -4.183757 3.051680 1.407543 0.638223 0.555127 10.507685 -8.421045 -2.753121 -9.080553 0.106004 7.795995 -0.000000 0.000000 0.000000 -4.033935 -0.709380 -5.653229 -5.948526 -4.636498 -8.043779 -9.434858 6.510250 -4.166065 -1.403850 -8.422309 17.000420 -3.162378 0.195744 2.921068 -15.725826 1.737628 5.740539 -5.653781 -3.814541 3.247489 11.414341 2.941046 -8.164473 
110.424006 92.917663 -225.928998 -5.851433 -29.932734 -3.850454 11.360801 5.636237 -0.145247 -5.456451 -13.458544 -2.665307 -4.870117 19.478827 1.310291 -0.000000 0.000000 0.000000 8.874981 -6.515637 0.549867 -1.600036 6.655187 1.806609 -4.213579 -18.094540 1.272697 -0.000000 0.000000 0.000000 0.734325 1.616075 -1.211151 7.108952 -4.187318 3.096003 1.280698 0.667742 0.517777 10.479254 -8.624771 -2.787931 -8.939526 0.081565 7.913589 -0.000000 0.000000 0.000000 -3.928147 -0.755727 -5.774172 -5.921544 -4.721867 -8.140596 -9.557490 6.245527 -4.067401 -2.605745 -8.294696 15.929036 -3.090537 0.223951 2.932281 -15.550026 1.720070 5.991326 -5.351992 -3.632484 3.237426 11.220473 3.317847 -8.303997 
110.418999 92.913765 -225.991988 -5.854848 -29.929563 -3.861489 11.343881 5.627148 -0.120935 -5.494039 -13.430790 -2.615666 -4.862796 19.420588 1.279451 -0.000000 0.000000 0.000000 8.894523 -6.497136 0.588467 -1.684997 6.610722 1.811541 -4.201790 -18.056665 1.256507 -0.000000 0.000000 0.000000 0.772347 1.603332 -1.182925 7.123807 -4.177015 3.102405 1.277458 0.661124 0.496615 10.458914 -8.567915 -2.774031 -8.838173 0.040070 7.854366 -0.000000 0.000000 0.000000 -3.945692 -0.675262 -5.763987 -5.917318 -4.825425 -8.481021 -9.512349 6.028044 -3.966050 -2.589462 -8.167461 15.681106 -3.087447 0.193831 3.022042 -15.445142 1.824611 6.333266 -5.358870 -3.400247 3.151847 11.014847 3.338507 -8.265695 
110.408998 92.911768 -226.072001 -5.836608 -29.911520 -3.831547 11.284463 5.478047 -0.094754 -5.451346 -13.067612 -2.577953 -4.860163 19.197690 1.191985 -0.000000 0.000000 0.000000 8.859265 -6.470304 0.586340 -1.711253 6.276022 1.813685 -4.176845 -17.763879 1.345108 -0.000000 0.000000 0.000000 0.814134 1.513367 -1.171429 7.084413 -4.072276 3.058100 1.292744 0.643997 0.479655 10.576187 -8.188570 -2.677839 -8.933899 -0.450904 7.642392 -0.000000 0.000000 0.000000 -4.059599 -0.576704 -5.498069 -5.730316 -4.929010 -9.321792 -9.283286 5.411831 -3.722476 -1.183586 -10.336215 18.484008 -3.062134 0.298811 3.048017 -15.346689 1.748264 6.870701 -5.251521 -3.427150 2.988625 11.101101 4.135335 -8.203905 
110.387003 92.910761 -226.143003 -5.863470 -29.937921 -3.840891 11.310958 5.510968 -0.063010 -5.511038 -12.937108 -2.599672 -4.788285 19.128510 1.166478 -0.000000 0.000000 0.000000 8.845620 -6.440749 0.607590 -1.706995 6.187656 1.824302 -4.170137 -17.671828 1.293533 -0.000000 0.000000 0.000000 0.847326 1.524866 -1.180228 7.193297 -4.030867 3.074099 1.221293 0.675736 0.463566 10.547158 -8.134589 -2.637163 -8.836804 -0.559979 7.582067 -0.000000 0.000000 0.000000 -4.007360 -0.672520 -5.698113 -5.509761 -5.027445 -9.435213 -9.133194 5.079204 -3.825311 -1.628492 -11.206221 18.553762 -3.066675 0.374311 3.214092 -15.092013 1.682986 7.276682 -5.086358 -3.266951 2.889283 10.783808 4.444138 -7.727740 
110.353994 92.910868 -226.231003 -5.795527 -29.934521 -3.761719 11.135649 5.439124 -0.024784 -5.366146 -12.712361 -2.703717 -4.739202 19.100376 1.202189 -0.000000 0.000000 0.000000 8.716806 -6.370936 0.589443 -1.655131 6.065548 1.850647 -4.193296 -17.602760 1.283205 -0.000000 0.000000 0.000000 0.789742 1.547556 -1.255229 7.403473 -4.032307 3.105138 1.073652 0.648362 0.459759 10.586586 -7.913906 -2.584381 -8.829036 -0.587579 7.453414 -0.000000 0.000000 0.000000 -3.957255 -0.607190 -5.939610 -5.436189 -5.095429 -9.541048 -8.772506 4.622705 -3.857393 -1.138235 -11.578706 18.174632 -3.067184 0.355533 3.436766 -14.852102 1.737601 7.828281 -4.996903 -2.950090 2.671211 9.959274 4.510192 -6.276014 
110.321999 92.911559 -226.322007 -5.813919 -29.902010 -3.787309 11.150234 5.468866 0.037435 -5.457228 -12.675182 -2.649264 -4.686388 18.971244 1.209098 -0.000000 0.000000 0.000000 8.731265 -6.318000 0.671175 -1.694748 5.960779 1.854577 -4.204660 -17.573587 1.203019 -0.000000 0.000000 0.000000 0.854190 1.525832 -1.215226 7.511853 -4.023350 3.118234 1.009115 0.613777 0.431623 10.535365 -7.828807 -2.542740 -8.812651 -0.657087 7.301624 -0.000000 0.000000 0.000000 -3.841324 -0.529452 -6.180297 -5.256664 -5.113192 -9.766877 -8.429521 3.606446 -3.779596 -1.568844 -11.489401 16.708506 -3.046691 0.328978 3.679838 -14.362489 1.688747 8.543847 -4.714795 -2.198011 2.398955 8.665831 4.366061 -4.357455 
110.270000 92.912662 -226.425982 -5.785398 -29.849569 -3.742343 11.031586 5.413780 0.098883 -5.365620 -12.451118 -2.661408 -4.658286 18.792375 1.254494 -0.000000 0.000000 0.000000 8.644948 -6.284024 0.734195 -1.618734 5.728573 1.809774 -4.260945 -17.427812 1.208846 -0.000000 0.000000 0.000000 0.822223 1.527285 -1.257038 7.775627 -3.974520 3.139467 0.875752 0.559613 0.390613 10.582499 -7.567381 -2.390852 -8.818298 -0.974493 7.124439 -0.000000 0.000000 0.000000 -3.762425 -0.358169 -6.311165 -4.994050 -5.310007 -10.255449 -7.641090 2.282596 -3.513845 -0.520060 -11.444405 15.921711 -2.965645 0.202382 4.031738 -13.645927 1.631895 9.587957 -4.473431 -1.162288 1.988529 7.108377 4.209471 -2.486866 
110.204005 92.917162 -226.538992 -5.721263 -29.771594 -3.695987 10.893401 5.352063 0.187164 -5.302808 -12.274060 -2.626609 -4.633675 18.547397 1.324642 -0.000000 0.000000 0.000000 8.553016 -6.197813 0.830442 -1.578889 5.505950 1.779398 -4.339105 -17.356098 1.209900 -0.000000 0.000000 0.000000 0.758293 1.526272 -1.319983 8.074601 -3.968366 3.251551 0.704585 0.459145 0.336955 10.672967 -7.307608 -2.311905 -8.788043 -1.224306 6.925830 -0.000000 0.000000 0.000000 -3.602565 -0.051890 -6.273879 -4.898270 -5.556731 -11.226374 -7.121762 0.562473 -2.922644 0.061809 -10.039624 13.498874 -2.755062 -0.014227 4.510987 -12.797439 1.727944 10.962838 -4.394622 0.242440 1.356275 5.243139 3.668282 -0.785222 
110.132003 92.898363 -226.647997 -5.808896 -29.776224 -3.762275 10.912686 5.561494 0.305121 -5.313708 -12.431867 -2.658732 -4.636421 18.444105 1.569381 -0.000000 0.000000 0.000000 8.640090 -6.104301 0.987210 -1.661223 5.554567 1.795401 -4.466477 -17.625418 1.079292 -0.000000 0.000000 0.000000 0.860338 1.569778 -1.466150 8.337797 -4.067123 3.491813 0.606464 0.401896 0.341186 10.566877 -7.344443 -2.299672 -8.410816 -1.034856 6.705458 -0.000000 0.000000 0.000000 -3.322739 0.398627 -6.559546 -4.848212 -5.796529 -11.992468 -6.982304 -1.783978 -2.509589 -2.241484 -6.147761 6.818744 -2.381523 -0.253392 5.108234 -11.462822 2.011480 12.672798 -4.264314 2.504170 0.679643 2.904082 1.628809 0.349431 
110.033000 92.899770 -226.794004 -5.730571 -29.670954 -3.633234 10.692905 5.478999 0.361424 -5.131669 -12.191154 -2.665940 -4.598034 18.163398 1.658110 -0.000000 0.000000 0.000000 8.494188 -5.952727 1.023863 -1.570254 5.219263 1.793912 -4.587973 -17.575929 1.054913 -0.000000 0.000000 0.000000 0.717553 1.673029 -1.671489 8.877987 -4.038500 3.669111 0.406324 0.355157 0.291261 10.534175 -7.123551 -2.277177 -8.164555 -1.383037 6.575083 -0.000000 0.000000 0.000000 -3.106893 0.695611 -6.962385 -4.471662 -6.198628 -12.771769 -6.792973 -5.139727 -2.315923 -2.990783 -5.211608 4.335218 -2.028666 -0.560312 6.028744 -9.734437 1.830565 14.669451 -3.281057 5.328188 0.120069 1.784905 1.942247 -0.468712 
109.906995 92.891663 -226.929998 -5.766456 -29.525606 -3.576213 10.619444 5.369423 0.445384 -4.986855 -11.972211 -2.613995 -4.607395 17.821011 1.747411 -0.000000 0.000000 0.000000 8.565421 -5.828976 1.097127 -1.614638 4.857079 1.800052 -4.670647 -17.462798 0.956991 -0.000000 0.000000 0.000000 0.729841 1.790502 -1.771593 9.294411 -3.947928 3.728706 0.274798 0.310191 0.223965 10.546628 -6.773403 -2.183031 -7.932376 -1.841623 6.348404 -0.000000 0.000000 0.000000 -2.823438 0.959674 -7.565640 -4.016526 -6.688048 -13.495164 -6.564170 -9.068962 -2.169571 -3.544515 -5.084647 1.954562 -1.751959 -0.898180 7.059645 -7.942394 1.448745 17.133460 -2.618825 8.451970 -0.626412 -0.332083 1.664612 0.627857 
109.755993 92.882067 -227.072001 -5.840793 -29.369611 -3.487757 10.576190 5.320092 0.518161 -4.847396 -11.785085 -2.651424 -4.581694 17.483637 1.919362 -0.000000 0.000000 0.000000 8.583263 -5.762153 1.123274 -1.456386 4.509530 1.794957 -4.845526 -17.339445 0.790592 -0.000000 0.000000 0.000000 0.816663 1.918046 -1.920951 9.683219 -3.858516 3.824647 0.182367 0.272719 0.151167 10.471664 -6.438612 -2.136322 -7.647159 -2.258963 6.030408 -0.000000 0.000000 0.000000 -2.526597 1.307695 -8.166985 -3.204134 -7.296825 -14.580836 -6.236246 -13.830201 -2.047183 -4.279588 -4.520933 0.511167 -1.602985 -1.182382 8.203751 -5.686692 1.328000 20.014824 -2.301652 11.513046 -1.142897 -1.946299 1.155520 -0.187006 
109.589994 92.863268 -227.205992 -5.942889 -29.179163 -3.443397 10.559744 5.218513 0.608592 -4.676864 -11.655039 -2.553900 -4.657110 17.076492 2.017823 -0.000000 0.000000 0.000000 8.717015 -5.705689 1.209890 -1.476899 4.066561 1.798151 -5.029236 -17.124666 0.671160 -0.000000 0.000000 0.000000 0.919619 2.015945 -2.018599 10.037072 -3.760856 3.962773 0.124089 0.230427 0.110150 10.419574 -6.174237 -2.217417 -7.358783 -2.554035 5.682496 -0.000000 0.000000 0.000000 -2.120336 1.644905 -8.840788 -2.530692 -8.019439 -16.004113 -5.379141 -18.907265 -1.533973 -5.247457 -4.382231 -1.466767 -1.560717 -1.653650 9.437610 -3.858667 1.470672 23.113735 -0.874503 14.334192 -1.781586 -2.701246 1.066467 0.212634 
109.430993 92.856663 -227.342987 -5.912827 -29.060924 -3.290593 10.340595 5.113110 0.641323 -4.315485 -11.205456 -2.564841 -4.713581 16.669489 2.166633 -0.000000 0.000000 0.000000 8.734243 -5.553263 1.213750 -1.527291 3.560800 1.814703 -5.086630 -16.858191 0.524882 -0.000000 0.000000 0.000000 0.902466 2.146321 -2.093093 10.530527 -3.642715 4.095225 -0.121234 0.236524 0.022282 10.432671 -5.745595 -2.212267 -7.063605 -3.006711 5.180439 -0.000000 0.000000 0.000000 -1.771250 1.989446 -9.581602 -1.674912 -8.816049 -17.788589 -4.546568 -24.435017 -0.722704 -6.319000 -4.574365 -3.319090 -1.302988 -1.718824 10.723851 -1.583432 1.896014 26.644438 0.260035 16.577191 -2.426046 -3.117213 0.855034 -0.144528 
109.273005 92.844963 -227.476001 -5.818065 -28.885414 -3.097955 9.993860 4.952926 0.659101 -3.853599 -10.862394 -2.471557 -4.837647 16.212157 2.265965 -0.000000 0.000000 0.000000 8.627425 -5.420865 1.229802 -1.449117 2.977854 1.805875 -5.271932 -16.580822 0.372963 -0.000000 0.000000 0.000000 0.775411 2.258739 -2.098568 11.209442 -3.559624 4.240063 -0.517408 0.220241 -0.097105 10.395282 -5.396802 -2.260260 -6.809761 -3.439515 4.805895 -0.000000 0.000000 0.000000 -1.307264 2.153437 -10.398836 -0.821773 -9.524795 -19.769439 -3.265207 -30.358236 0.648557 -7.108929 -4.718028 -5.409116 -0.921657 -1.608492 12.030269 0.587367 2.742206 30.359433 2.345328 18.279883 -3.115030 -2.785718 0.843960 -0.885674 
109.092999 92.829263 -227.579999 -5.721564 -28.584885 -2.877232 9.652252 4.777480 0.682283 -3.372191 -10.562102 -2.384702 -4.984056 15.706295 2.295323 -0.000000 0.000000 0.000000 8.573570 -5.336575 1.243591 -1.342948 2.332926 1.772424 -5.437911 -16.272982 0.095876 -0.000000 0.000000 0.000000 0.613760 2.342164 -2.121183 11.946123 -3.502524 4.380806 -1.006506 0.186236 -0.200041 10.408672 -5.026674 -2.268562 -6.510916 -3.863533 4.355327 -0.000000 0.000000 0.000000 -0.927335 2.379785 -11.377108 -0.146377 -10.580485 -21.877060 -1.198614 -36.390268 2.786951 -6.761535 -5.094548 -6.978504 -0.546819 -1.429513 13.559820 2.205769 4.076426 34.019759 4.163940 18.554174 -3.743612 -0.578193 1.199682 -1.923770 
108.916998 92.809761 -227.692008 -5.641122 -28.316491 -2.680309 9.204708 4.665389 0.717585 -2.670198 -10.284143 -2.294353 -5.254541 15.214678 2.334887 -0.000000 0.000000 0.000000 8.565019 -5.217642 1.265816 -1.399666 1.739895 1.791093 -5.589849 -15.998476 -0.178526 -0.000000 0.000000 0.000000 0.510814 2.352378 -2.052494 12.608642 -3.423252 4.453093 -1.486932 0.160178 -0.360249 10.500621 -4.477209 -2.191072 -6.298386 -4.293966 3.823652 -0.000000 0.000000 0.000000 -0.672219 2.729489 -12.213193 0.525607 -11.869175 -24.056495 2.212755 -42.621316 5.711591 -5.626022 -6.081885 -7.189126 -0.272506 -1.148201 14.747120 3.496921 6.210387 37.989222 5.367584 17.498243 -3.790405 -0.008967 1.137650 -3.644566 
108.722997 92.803866 -227.782989 -5.575201 -27.962546 -2.475032 8.706072 4.463233 0.737760 -1.844848 -10.011114 -2.154857 -5.491455 14.714309 2.347218 -0.000000 0.000000 0.000000 8.556593 -5.200407 1.297881 -1.349821 1.043154 1.765666 -5.729637 -15.629139 -0.400864 -0.000000 0.000000 0.000000 0.357727 2.483008 -1.953513 13.373224 -3.270891 4.488403 -1.992577 0.226529 -0.443297 10.589714 -4.074867 -2.141385 -6.108795 -4.800409 3.302818 -0.000000 0.000000 0.000000 -0.377993 2.535822 -12.908714 1.104148 -13.607086 -26.495896 6.532981 -48.793545 9.974298 -4.482269 -7.014224 -6.496840 0.082901 -0.563336 15.810472 4.787073 7.882495 41.746190 6.625486 16.779209 -4.001785 0.528754 1.251551 -4.288722 
108.552003 92.800969 -227.867985 -5.578057 -27.488397 -2.283981 8.135217 4.206619 0.713466 -0.755987 -9.776494 -1.966172 -5.820015 14.224325 2.367388 -0.000000 0.000000 0.000000 8.641201 -5.190803 1.294843 -1.302192 0.368721 1.792692 -5.891084 -15.385606 -0.676875 -0.000000 0.000000 0.000000 0.349392 2.530654 -1.857562 13.956712 -3.266308 4.516761 -2.446487 0.241304 -0.536709 10.812464 -3.790895 -2.136326 -5.873572 -4.991759 3.078058 -0.000000 0.000000 0.000000 -0.162927 2.370958 -13.550152 1.498225 -15.266216 -28.382091 12.114465 -55.371248 15.148256 -4.479771 -8.427860 -5.702525 0.362517 -0.027352 16.700500 5.203178 9.421134 44.953211 7.925086 15.838403 -3.721161 3.053465 1.387732 -4.773133 
108.335996 92.794764 -227.911997 -5.567106 -26.966364 -2.081118 7.504147 3.970544 0.715294 0.480872 -9.476788 -1.774233 -6.200939 13.631428 2.313321 -0.000000 0.000000 0.000000 8.759692 -5.223994 1.322694 -1.247113 -0.399754 1.786572 -6.073465 -15.062186 -0.899592 -0.000000 0.000000 0.000000 0.223668 2.570955 -1.761608 14.642078 -3.309530 4.495195 -2.922141 0.193735 -0.558430 11.178922 -3.217041 -2.191165 -5.801503 -5.325472 2.789015 -0.000000 0.000000 0.000000 -0.091192 1.969576 -13.970032 1.688715 -17.013863 -29.767584 19.797370 -62.041893 23.082685 -3.089162 -9.942832 -5.541059 0.479890 0.640465 17.420369 5.446327 10.739614 47.718157 8.035946 14.958978 -3.553517 4.452583 1.543865 -4.197398 
108.103991 92.785168 -227.951002 -5.573673 -26.549106 -1.904891 6.777235 3.901741 0.706608 1.934510 -9.281431 -1.570516 -6.626759 13.128390 2.326203 -0.000000 0.000000 0.000000 8.867223 -5.257490 1.366492 -1.205976 -0.890841 1.799210 -6.208716 -14.920019 -1.280724 -0.000000 0.000000 0.000000 0.170778 2.636809 -1.668935 15.172696 -3.382541 4.562309 -3.351422 0.210932 -0.636945 11.605689 -2.765476 -2.426599 -5.504398 -5.431928 2.541704 -0.000000 0.000000 0.000000 -0.180241 1.668541 -13.948012 1.136126 -19.327950 -30.969986 29.843352 -67.862150 32.892369 -4.261918 -9.933959 -8.043168 0.550328 1.109793 17.751464 5.121834 11.998355 50.031897 6.995112 13.971449 -3.048093 4.998997 0.581239 -3.742720 
107.876992 92.769665 -227.995992 -5.601298 -26.186615 -1.699308 5.962198 3.679874 0.639331 3.598687 -8.948824 -1.335221 -7.079263 12.689999 2.205635 -0.000000 0.000000 0.000000 8.980518 -5.160688 1.376970 -1.171945 -1.427360 1.787762 -6.374974 -14.814822 -1.569630 -0.000000 0.000000 0.000000 0.139331 2.678217 -1.504993 15.676634 -3.501617 4.512792 -3.770537 0.166363 -0.701279 12.392212 -1.964401 -2.819803 -5.422833 -5.692627 2.142127 -0.000000 0.000000 0.000000 -0.390678 1.118759 -13.663174 0.465488 -21.780507 -31.392920 47.126063 -71.931844 50.317446 -2.569249 -11.528965 -7.911458 0.522672 1.581075 17.671792 4.717417 13.040105 52.123943 5.949997 13.482450 -2.819964 4.861845 0.528531 -3.748296 
107.591999 92.752367 -227.951980 -5.709698 -25.691532 -1.542032 5.053417 3.660069 0.608081 5.657709 -8.670080 -1.036297 -7.573686 12.077540 2.008633 -0.000000 0.000000 0.000000 9.228058 -5.417127 1.377399 -1.003535 -1.873002 1.820470 -6.645149 -14.532484 -1.721915 -0.000000 0.000000 0.000000 -0.020913 2.816153 -1.296825 16.186716 -3.634096 4.536015 -3.993489 0.159158 -0.750092 13.056848 -1.459681 -3.432153 -5.215948 -6.237037 1.954317 -0.000000 0.000000 0.000000 -0.685111 0.175836 -13.101848 -0.937806 -24.633021 -31.461812 67.016263 -73.813589 70.588213 -0.817141 -13.028990 -6.744936 0.662612 1.864302 17.524453 4.570665 13.169870 53.423640 5.954911 14.943000 -3.004914 5.261218 0.242129 -3.259053 
107.359004 92.748064 -228.007984 -5.898377 -25.295946 -1.487841 3.857053 3.546079 0.609122 8.266745 -8.319354 -0.685256 -8.124651 11.600006 1.862325 -0.000000 0.000000 0.000000 9.505652 -5.557658 1.456298 -1.016798 -2.193177 1.857867 -6.687049 -14.449546 -1.887505 -0.000000 0.000000 0.000000 0.408537 2.983104 -0.998217 16.223532 -3.745593 4.570148 -4.191769 0.094826 -0.694096 13.628579 -1.081932 -4.189926 -4.954862 -6.488064 1.651394 -0.000000 0.000000 0.000000 -1.144800 -0.828879 -12.467825 -2.743302 -27.621725 -31.481674 85.456511 -74.211317 90.264466 -0.724754 -13.296215 -6.808549 0.784369 2.092866 17.366208 5.160073 13.411070 53.724539 7.165785 17.963565 -3.801547 3.509198 -0.672448 -0.807016 
107.085991 92.720264 -228.042006 -5.970746 -25.032615 -1.349846 2.767706 3.212503 0.560616 10.528992 -7.965552 -0.420636 -8.563792 11.441126 1.726265 -0.000000 0.000000 0.000000 9.494363 -5.585437 1.454255 -0.684185 -2.538393 1.989102 -7.009195 -14.469185 -1.960593 -0.000000 0.000000 0.000000 0.590761 3.173593 -0.856839 16.224853 -3.844619 4.727063 -4.163828 0.009016 -0.605428 14.266680 -0.635415 -4.928883 -4.679705 -6.650438 1.300560 -0.000000 0.000000 0.000000 -1.746244 -1.704742 -11.554238 -4.822696 -30.514984 -31.763613 99.451274 -73.913090 105.778017 -1.966528 -13.651574 -6.937890 0.813033 2.478391 17.196239 6.199525 14.139163 53.442703 8.950271 21.316374 -5.025635 0.248284 -0.983055 0.732339 
106.813002 92.704666 -228.098011 -5.987748 -24.942430 -1.190263 1.363231 2.933978 0.496447 13.229448 -7.581212 -0.102124 -8.906367 11.298333 1.429527 -0.000000 0.000000 0.000000 9.332504 -5.535535 1.419356 -0.232676 -2.809426 2.071896 -7.292251 -14.336828 -2.046814 -0.000000 0.000000 0.000000 0.727388 3.380972 -0.782966 16.385867 -3.946168 4.944800 -4.256979 -0.060090 -0.440854 14.959723 -0.207578 -5.710927 -4.476328 -6.624467 1.061433 -0.000000 0.000000 0.000000 -2.358317 -2.419288 -10.721211 -7.229516 -33.098112 -32.214712 109.622649 -73.066823 117.497557 -3.327747 -13.728402 -6.522892 0.885679 3.025738 17.064567 6.628947 14.746218 52.632676 9.702189 24.321192 -5.264201 -3.004894 0.005947 1.719934 
106.522000 92.698365 -228.158998 -6.087361 -24.940349 -1.083291 -0.328143 2.693059 0.513803 16.502599 -7.685380 0.032875 -9.020324 11.572187 1.675654 -0.000000 0.000000 0.000000 9.360881 -5.844746 1.416533 0.050594 -2.217344 2.151852 -7.531088 -14.564190 -2.088487 -0.000000 0.000000 0.000000 1.021972 3.778054 -0.615366 16.594691 -4.079032 5.119270 -4.478057 0.054006 -0.389709 15.249223 -1.129322 -6.386876 -4.050901 -5.790105 1.305384 -0.000000 0.000000 0.000000 -2.444712 -3.493274 -10.142439 -9.306384 -35.838240 -31.764111 121.344048 -70.975837 130.037225 -1.217558 -7.234495 -2.627309 1.237808 2.984369 16.750310 6.781079 15.440279 51.787747 13.021631 28.249913 -6.833009 -2.755094 -2.456951 0.828940 
106.313002 92.579263 -228.220987 -6.999705 -24.710460 -1.229145 -1.846820 0.116693 0.130422 21.261694 -6.042832 -0.388637 -9.835348 13.026716 2.361680 -0.000000 0.000000 0.000000 10.833875 -5.223739 1.216272 -0.744765 -3.249290 2.619216 -8.352305 -14.629699 -2.577554 -0.000000 0.000000 0.000000 3.125647 3.864942 -0.557095 14.193649 -4.797594 4.855426 -2.558535 -0.029481 -0.008886 14.984492 -0.424204 -6.748335 -4.020355 -5.903820 0.697771 -0.000000 0.000000 0.000000 -4.124797 -2.961642 -8.380937 -12.496440 -37.533914 -34.073615 127.868057 -71.352485 137.475770 0.371461 -9.191246 -3.586396 -0.519232 4.493480 15.617505 7.523239 15.938542 52.605154 14.617882 30.109741 -9.294655 -3.145185 -1.817035 3.414043 
106.064999 92.461061 -228.298998 -7.064852 -24.860490 -1.280916 -4.871933 -0.832900 0.327943 26.744611 -4.740150 -0.706336 -9.378040 12.835818 1.905650 -0.000000 0.000000 0.000000 11.080431 -4.819538 1.293809 -0.799281 -3.735850 2.830724 -8.858035 -14.215367 -2.765542 -0.000000 0.000000 0.000000 3.903010 4.209338 -0.197635 13.225643 -4.960452 4.756303 -2.146951 -0.085143 0.174415 15.676284 0.373440 -7.230258 -4.195589 -6.778183 0.434743 -0.000000 0.000000 0.000000 -5.003322 -3.417250 -7.140720 -15.057975 -38.276254 -35.068310 127.696572 -70.536820 139.343014 -1.082124 -12.026053 -6.191763 -0.932649 5.419748 14.800236 7.218000 15.850741 52.880151 16.317148 32.719262 -10.994371 -2.712169 -1.342919 4.508106 
105.756998 92.344964 -228.250003 -7.338869 -24.917845 -1.443746 -7.784831 -1.698009 0.519475 32.121861 -3.978175 -1.183162 -8.093289 13.066751 1.545212 -0.000000 0.000000 0.000000 11.588039 -4.606371 1.349895 -0.856375 -3.917808 3.087188 -9.375857 -13.873223 -3.031975 -0.000000 0.000000 0.000000 4.771330 4.679184 0.109941 11.817379 -5.049843 4.637831 -1.258824 0.015157 0.395102 16.676977 0.861867 -7.725880 -4.660861 -7.833340 0.454571 -0.000000 0.000000 0.000000 -5.735439 -4.470932 -5.929127 -17.468458 -39.114157 -35.493579 118.944175 -69.661879 130.125112 -0.878277 -18.633944 0.252865 -1.629792 6.059129 13.864853 6.837317 15.097378 53.343959 18.414398 35.222441 -12.134202 -3.403894 -0.013353 3.584958 
105.432999 92.229968 -228.147984 -7.450953 -24.929973 -1.640033 -10.857982 -2.350417 0.773410 37.194750 -3.003141 -1.761198 -6.521547 13.182078 1.474866 -0.000000 0.000000 0.000000 11.939323 -4.344108 1.577300 -0.800918 -3.862311 3.243142 -9.960088 -13.719834 -3.386808 -0.000000 0.000000 0.000000 5.121857 5.234918 0.266424 11.651002 -5.253311 4.895015 -1.233856 0.043583 0.622434 17.370904 1.141132 -8.108350 -4.634958 -8.503112 0.210350 -0.000000 0.000000 0.000000 -6.106723 -5.158604 -4.661443 -20.170157 -40.114269 -36.508225 119.003057 -68.746504 131.548351 -1.118435 -18.512489 -0.206508 -1.710264 6.729308 13.211108 6.543208 15.397323 53.328944 20.415479 38.368693 -14.440349 -3.783816 -0.248547 3.531046 
105.158997 92.088962 -228.044987 -7.356036 -25.176480 -1.605433 -13.773295 -2.946634 0.794727 41.033716 -1.607470 -2.599835 -5.548400 13.558837 1.940120 -0.000000 0.000000 0.000000 12.128149 -4.088200 1.576968 -0.615561 -4.000371 3.472002 -10.938928 -13.588327 -2.890551 -0.000000 0.000000 0.000000 5.439574 5.822088 0.176080 11.358161 -5.388312 5.071073 -1.173075 0.079195 0.868550 17.871601 1.466016 -8.476582 -4.383305 -8.989928 0.069103 -0.000000 0.000000 0.000000 -6.713419 -5.715480 -3.376378 -22.535915 -41.308278 -37.565470 118.780070 -68.044389 132.872553 -1.018112 -17.649890 -0.532832 -1.890546 7.411099 12.851091 6.838511 16.382989 53.066036 23.277977 41.500127 -17.966665 -4.227355 -0.457304 3.093018 
104.800999 92.002666 -227.750993 -7.386783 -25.348330 -1.683648 -16.099268 -2.997327 0.908559 43.530050 -0.443468 -3.245388 -6.117145 13.704975 2.427841 -0.000000 0.000000 0.000000 12.417585 -3.938944 1.745182 -0.436126 -4.016703 3.408717 -11.504636 -13.330112 -2.731356 -0.000000 0.000000 0.000000 5.713884 6.274342 0.103076 11.155343 -5.508331 5.240401 -1.170909 0.126702 0.992163 18.602367 2.020714 -8.725608 -4.340002 -9.661406 -0.141868 -0.000000 0.000000 0.000000 -7.185563 -6.141005 -2.154704 -24.827564 -42.323267 -38.539552 118.414990 -67.720335 133.814539 -1.214324 -18.074723 -0.554170 -2.157265 8.023839 12.302894 6.623409 17.189339 53.379216 26.389105 43.969661 -21.238203 -4.331059 0.313283 2.184966 
104.430997 91.955066 -227.356005 -7.337673 -25.539824 -1.608103 -18.268418 -2.988223 0.887106 44.524714 1.050021 -4.244553 -5.643697 13.713870 2.559344 -0.000000 0.000000 0.000000 12.699341 -3.947777 1.781514 -0.309333 -4.136276 3.334612 -11.807532 -13.039837 -2.515940 -0.000000 0.000000 0.000000 6.031114 6.677771 -0.031071 10.740786 -5.679428 5.217845 -1.077973 0.168109 1.077795 19.189909 2.383180 -9.043469 -4.223665 -10.173746 -0.241338 -0.000000 0.000000 0.000000 -7.645733 -6.561643 -1.060718 -26.822020 -43.146203 -39.249580 117.897328 -67.435250 134.333783 -0.688728 -18.187279 0.058730 -2.476700 8.387714 11.846916 6.122470 17.882672 53.855230 28.761181 46.544628 -23.624833 -4.402418 0.649174 1.724157 
104.032993 91.932762 -226.820993 -7.496844 -25.797014 -1.686723 -19.031571 -3.042575 0.538852 43.051925 1.219953 -4.471930 -6.007749 13.577624 2.728232 -0.000000 0.000000 0.000000 13.403383 -4.084938 1.844213 -0.438299 -4.074535 3.319922 -11.810711 -12.859692 -2.237835 -0.000000 0.000000 0.000000 6.515273 6.940455 -0.074459 10.228757 -5.710163 5.087545 -0.763997 0.231286 1.137569 19.562008 2.602009 -9.382272 -4.136486 -10.673204 -0.368850 -0.000000 0.000000 0.000000 -8.005662 -6.915365 0.093011 -28.703003 -43.603946 -39.812742 115.989918 -66.795540 133.150523 1.846797 -17.966064 2.367999 -2.634647 8.812865 11.360712 5.349659 18.370419 54.663563 31.127817 48.716299 -26.095697 -4.743398 1.230798 1.063806 
103.617990 91.909862 -226.197004 -7.474143 -26.044448 -1.595037 -19.682624 -3.183019 -0.048976 40.147941 1.544342 -4.687606 -5.563778 13.298551 2.737693 -0.000000 0.000000 0.000000 13.851562 -3.992410 1.906110 -0.413403 -3.871207 3.120532 -11.949952 -13.152124 -2.002442 -0.000000 0.000000 0.000000 6.671525 7.287573 -0.443430 10.484252 -5.811382 5.296137 -0.941000 0.305984 1.209606 19.538314 2.432531 -9.772870 -3.851404 -10.713451 -0.443970 -0.000000 0.000000 0.000000 -8.579822 -6.520948 1.772030 -32.130242 -45.272710 -42.703017 122.000229 -67.772763 141.071073 -2.070946 -11.552712 -4.038125 -2.435502 8.798247 11.078434 5.056168 20.592392 55.097159 32.438452 50.473582 -29.035106 -6.152932 -0.117605 1.347571 
103.183997 91.916668 -225.435996 -7.530216 -26.273375 -1.688480 -19.673552 -3.352605 -0.610385 35.951815 2.032819 -4.411099 -4.941664 12.375892 2.300136 -0.000000 0.000000 0.000000 14.420230 -3.600984 2.091876 -0.411052 -4.167242 2.794093 -11.739049 -12.898512 -2.105603 -0.000000 0.000000 0.000000 6.907098 7.534467 -0.520938 10.817872 -5.717265 5.342605 -1.443651 0.255846 1.235153 20.219268 3.491394 -10.027351 -3.997604 -12.030940 -0.860145 -0.000000 0.000000 0.000000 -9.585690 -6.153569 3.602060 -35.335822 -45.764699 -45.776483 122.110806 -69.896399 144.462545 -7.369448 -10.943451 -14.504468 -2.562713 9.259633 10.656579 4.943812 22.284267 56.279033 32.923946 50.732014 -31.416431 -6.995949 -0.013739 2.674703 
102.758002 91.844666 -224.539995 -7.328767 -26.466002 -1.564196 -19.422323 -3.369141 -1.332177 30.642883 1.527365 -3.914681 -3.840498 12.316115 2.262847 -0.000000 0.000000 0.000000 14.940620 -4.002755 2.018677 -0.456120 -3.557156 2.729510 -11.815635 -12.995476 -2.099011 -0.000000 0.000000 0.000000 6.878994 7.770568 -0.561947 10.667325 -5.807180 5.020306 -1.277539 0.405979 1.259063 19.991662 2.983068 -10.279825 -3.640068 -11.515705 -0.653402 -0.000000 0.000000 0.000000 -9.183747 -7.306003 3.138041 -32.229200 -45.315111 -40.856627 121.840687 -67.257692 143.674684 -2.297664 -12.257696 -6.012192 -2.881267 9.836392 10.714664 4.928630 22.202381 56.656692 34.352530 51.423605 -32.100139 -7.021794 0.594582 0.981792 
102.309990 91.717964 -223.545003 -7.021840 -26.806459 -1.513916 -19.006391 -3.401682 -1.760074 25.104403 1.720583 -3.405464 -2.023746 11.899279 1.793256 -0.000000 0.000000 0.000000 15.419610 -4.018000 2.042974 -0.502032 -3.385665 2.639556 -12.224275 -12.932379 -1.809498 -0.000000 0.000000 0.000000 6.703373 7.958177 -0.680538 10.670329 -5.737150 4.891309 -1.329102 0.530379 1.330366 20.110731 3.397060 -10.541543 -3.542273 -11.826347 -0.617714 -0.000000 0.000000 0.000000 -9.595776 -7.460062 4.069893 -32.548572 -45.445738 -40.512354 120.392532 -67.602112 142.625413 -1.881915 -12.930891 -5.241083 -2.905754 10.221763 10.547490 4.920895 22.944955 57.176555 33.955852 50.910874 -31.766018 -7.154596 1.167707 0.789253 
101.829004 91.543764 -222.378993 -6.716855 -27.296083 -1.558294 -18.201120 -3.315508 -2.099918 19.949982 1.506626 -2.701330 -0.976420 11.493242 1.343310 -0.000000 0.000000 0.000000 16.103277 -4.043780 2.079935 -0.686507 -3.283907 2.524854 -12.528271 -12.578260 -1.472655 -0.000000 0.000000 0.000000 6.297782 8.050308 -0.692932 10.904604 -5.547825 4.666177 -1.561093 0.598944 1.381442 20.500324 4.088201 -10.669079 -3.784934 -12.651094 -0.528787 -0.000000 0.000000 0.000000 -9.883383 -7.662720 4.664149 -32.157417 -45.175903 -39.162906 116.881607 -67.784690 139.276240 0.792351 -15.735730 -4.083702 -2.789362 10.878897 10.514510 4.998164 23.139858 57.707892 32.528664 49.312268 -30.300352 -7.211721 2.481739 1.080967 
101.283991 91.336662 -221.020985 -6.538628 -27.901984 -1.645034 -17.041039 -3.157803 -2.376747 15.930100 0.991909 -2.223976 -0.624647 11.481661 1.210644 -0.000000 0.000000 0.000000 17.014911 -4.098062 2.040122 -0.862083 -2.895308 2.411936 -12.958913 -12.387742 -1.335162 -0.000000 0.000000 0.000000 5.960739 8.137578 -0.857133 11.057690 -5.338444 4.465468 -1.803719 0.724317 1.357019 20.675985 4.155818 -10.574376 -4.045829 -13.336620 -0.269158 -0.000000 0.000000 0.000000 -10.134969 -7.595554 4.877550 -30.901068 -44.735597 -36.884733 113.653669 -67.816833 135.674752 1.998650 -19.091125 -0.662222 -2.990785 11.057761 10.656667 5.479816 22.998425 58.158969 30.083774 46.818225 -27.311028 -7.796127 3.475029 1.171378 
100.639999 91.106659 -219.455004 -6.448375 -28.730642 -1.796181 -15.564604 -3.165911 -2.534824 13.976780 0.711807 -2.026253 1.470809 11.530545 1.714051 -0.000000 0.000000 0.000000 18.142699 -4.196273 1.931388 -1.018897 -2.327416 2.293862 -13.277573 -12.176239 -1.378101 -0.000000 0.000000 0.000000 4.915618 8.233607 -1.195800 12.370139 -5.176343 4.483123 -2.535368 0.776371 1.304270 20.864158 3.888023 -10.313771 -4.276663 -13.796431 -0.036791 -0.000000 0.000000 0.000000 -10.068970 -7.036773 4.886571 -29.253399 -43.581282 -33.767628 116.101532 -67.733389 138.768921 1.430638 -19.012448 -1.524423 -2.593141 11.182920 10.988454 5.785324 22.935508 58.298649 26.608179 43.507922 -23.912696 -7.761219 3.590549 1.233401 
99.994999 90.935165 -217.738008 -6.258387 -29.736303 -1.780933 -14.691327 -3.186586 -2.842078 14.388322 0.869669 -1.980133 0.889544 12.382371 2.955223 -0.000000 0.000000 0.000000 18.850991 -4.256654 1.544535 -0.530294 -1.668525 2.091296 -13.537763 -11.964262 -1.238773 -0.000000 0.000000 0.000000 3.630647 8.314409 -1.583322 13.674948 -5.037835 4.445656 -3.238354 0.742749 1.102685 21.023178 3.464202 -9.854672 -4.325847 -14.192601 0.000012 -0.000000 0.000000 0.000000 -9.724513 -5.801755 4.029997 -26.818667 -41.565640 -29.152277 120.070418 -67.442682 143.556680 2.342751 -19.613698 -1.942392 -2.112086 10.805344 11.919818 6.210352 21.966477 57.958301 22.910641 39.643319 -20.232865 -6.625998 3.651344 1.167722 
99.375701 90.964764 -215.937996 -6.176600 -30.646225 -1.584125 -14.576679 -3.456023 -3.283506 16.477266 1.161633 -2.190268 -0.502448 13.246832 3.430421 -0.000000 0.000000 0.000000 18.539557 -4.189656 0.919787 1.968642 -1.477010 1.586499 -13.995706 -11.789737 -0.597420 -0.000000 0.000000 0.000000 3.019023 8.204918 -2.067207 13.528980 -4.862476 4.223395 -3.052961 0.500535 0.846858 21.383557 3.492621 -9.551560 -4.586509 -15.127905 -0.037431 -0.000000 0.000000 0.000000 -9.908962 -3.307363 3.516167 -25.691030 -39.275932 -26.320593 118.564173 -69.153884 142.395713 0.390734 -25.014559 -1.618259 -2.030229 9.312689 13.225063 6.790710 20.259034 57.443195 19.448835 34.907109 -16.570016 -5.166452 4.602358 0.225225 
98.725700 91.082263 -214.073992 -6.097305 -31.983050 -1.645536 -13.883079 -2.397059 -3.188891 17.815177 0.950380 -2.562101 -2.035933 13.879983 4.210785 -0.000000 0.000000 0.000000 17.670572 -4.672721 0.340670 5.456881 0.047442 1.092576 -14.259495 -12.144340 -0.041309 -0.000000 0.000000 0.000000 2.204373 8.261878 -2.344353 13.738063 -4.721191 3.966236 -2.826952 0.487413 0.829478 20.537777 1.689127 -9.129893 -4.519917 -13.994281 -0.017192 -0.000000 0.000000 0.000000 -8.559938 -1.451566 0.672507 -21.333688 -34.506050 -18.673930 130.589763 -66.422618 156.615968 1.208096 -19.661313 -1.916129 -1.239971 7.564309 14.533245 7.811905 17.821202 55.874104 16.453484 32.074241 -14.079109 -5.485817 1.933128 -0.519954 
98.081398 91.320366 -212.139988 -6.273534 -33.590410 -2.246610 -11.919110 -1.185810 -2.875823 17.450122 0.856905 -2.507417 -3.512465 14.355089 4.862471 -0.000000 0.000000 0.000000 16.549917 -4.601204 -0.195481 9.393046 1.330442 0.609894 -13.530176 -11.692786 0.403884 -0.000000 0.000000 0.000000 1.553685 8.048902 -2.180529 14.018503 -3.996443 3.770855 -2.917001 0.664176 0.771758 20.561773 1.178239 -8.446960 -5.250424 -14.429223 -0.168962 -0.000000 0.000000 0.000000 -7.967645 0.647330 -1.323847 -19.241302 -30.124996 -14.109379 135.793231 -65.570704 163.165406 0.927728 -20.241264 -2.423571 -0.189959 6.175409 15.337082 8.448741 14.362312 54.257995 12.592276 28.558239 -10.904133 -5.281125 1.631064 -1.632207 
97.512197 91.534263 -210.260987 -6.058960 -34.981561 -2.422460 -10.047875 -0.437909 -3.014520 16.357512 0.774714 -2.389446 -4.748419 14.997178 5.604422 -0.000000 0.000000 0.000000 14.244088 -4.380374 -1.061825 14.770619 2.078265 0.200544 -12.877634 -11.161346 1.395519 -0.000000 0.000000 0.000000 0.476607 7.783142 -2.433705 14.527213 -3.222870 3.725071 -3.142411 0.823328 0.747669 20.661686 0.633060 -7.588604 -5.643414 -14.848297 0.071022 -0.000000 0.000000 0.000000 -7.978464 2.800913 -2.686338 -17.973552 -27.561196 -11.255859 139.556708 -65.216741 167.928932 1.303434 -20.292379 -3.698442 0.530475 4.586775 16.133173 9.518809 11.878547 52.155867 9.020389 24.204489 -8.241105 -5.575159 1.320963 -1.295355 
97.031897 91.712862 -208.460999 -6.060956 -35.699353 -2.585460 -7.854314 -0.456249 -3.466357 14.838628 0.527946 -2.375672 -5.847917 15.882302 6.558607 -0.000000 0.000000 0.000000 11.445592 -4.127291 -1.984986 21.152126 2.477123 -0.103899 -11.454798 -10.724683 2.375579 -0.000000 0.000000 0.000000 -0.240110 7.424554 -2.839912 14.934727 -2.569252 3.793737 -3.338980 0.924076 0.704860 20.703010 -0.034710 -6.911790 -5.724054 -14.987980 0.365427 -0.000000 0.000000 0.000000 -8.280639 4.149515 -3.236838 -17.443518 -26.853258 -10.063617 141.343908 -64.943582 170.368428 2.655358 -19.602913 -3.925149 0.919720 2.933465 16.712261 10.572088 9.813007 50.235655 7.186964 19.328804 -6.897315 -3.835284 0.123275 -0.183815 
96.629095 91.826868 -206.830001 -6.311927 -35.806113 -2.956985 -5.804152 -0.583259 -3.674632 13.601905 -0.173001 -2.467297 -6.727780 16.431854 7.407203 -0.000000 0.000000 0.000000 8.163933 -4.300144 -2.749770 28.234799 2.522093 -0.348365 -9.004592 -9.969698 2.637880 -0.000000 0.000000 0.000000 -0.415486 6.955806 -3.144455 15.085548 -2.015582 3.929799 -3.547383 0.955206 0.614796 20.862492 -0.410176 -6.576873 -5.704485 -15.001459 0.478292 -0.000000 0.000000 0.000000 -8.652916 4.428754 -3.198131 -17.403023 -28.020172 -10.204769 142.478918 -64.851303 171.271403 3.708710 -18.922551 -3.108515 1.190473 1.605752 16.850307 11.453713 8.199325 48.969058 6.558291 14.255071 -6.314841 -1.842642 -1.434312 1.246694 
96.218497 91.880971 -205.322003 -7.043182 -35.130295 -3.579836 -3.235814 -0.426420 -3.646122 12.117014 -1.314515 -2.780659 -7.552212 16.525679 8.172371 -0.000000 0.000000 0.000000 5.123745 -5.023705 -3.356008 35.441499 2.316211 -0.462121 -6.068693 -9.525379 3.057458 -0.000000 0.000000 0.000000 0.112117 6.224995 -3.491243 14.941408 -1.840123 4.115702 -3.490757 0.810243 0.513178 20.858488 -0.277865 -6.751724 -5.568690 -14.769121 0.459898 -0.000000 0.000000 0.000000 -8.883295 3.478113 -2.815113 -17.733837 -29.906955 -10.567251 143.195666 -64.679563 170.871949 4.214352 -19.091738 -1.746659 1.276018 0.939167 16.790852 11.915479 6.665057 48.459204 6.964726 9.453742 -6.364617 1.218907 -3.034977 1.724036 
95.890498 91.901165 -203.938985 -7.828435 -33.987939 -4.215903 -0.781741 -0.398433 -3.649821 10.846001 -2.758362 -2.856601 -8.395482 16.455798 8.778575 -0.000000 0.000000 0.000000 1.449711 -5.418851 -3.929287 43.104890 1.551817 -0.319584 -1.790135 -9.347157 3.862483 -0.000000 0.000000 0.000000 0.991667 5.137914 -3.771883 14.641948 -1.813343 4.413822 -3.450708 0.524047 0.408867 20.841549 0.252549 -7.554276 -5.337883 -14.055760 0.088743 -0.000000 0.000000 0.000000 -9.160882 1.871880 -2.005016 -18.354897 -32.293740 -12.088459 143.268134 -64.622210 169.199548 4.250821 -18.748653 -1.971059 1.275044 0.571530 16.349830 12.222795 5.726637 48.488878 7.589121 5.655356 -6.597389 3.008570 -4.781699 2.695490 
95.621198 91.936761 -202.698994 -8.533429 -32.701019 -4.682306 1.396652 -0.735742 -3.741982 9.638245 -4.086879 -2.926943 -8.840825 16.634383 9.317642 -0.000000 0.000000 0.000000 -2.107974 -5.365101 -4.416632 49.318634 0.189805 0.149392 1.233705 -10.167289 3.972634 -0.000000 0.000000 0.000000 1.997757 4.027451 -4.065833 14.364624 -1.900847 4.700948 -3.401972 0.204750 0.334082 20.749806 0.876322 -8.786502 -5.114974 -12.977445 -0.129413 -0.000000 0.000000 0.000000 -9.559350 0.042169 -1.002810 -19.387191 -35.694611 -14.645708 142.674566 -65.173139 166.189172 4.616046 -17.729306 -2.285145 1.061654 0.088395 15.824316 12.495240 5.264953 48.716879 8.064122 3.758095 -6.644919 4.220675 -6.728489 3.496588 
95.360100 92.003465 -201.555991 -9.287625 -31.487680 -5.216175 3.535834 -0.892128 -3.751653 8.556554 -5.463751 -2.825411 -9.217088 16.853398 9.390153 -0.000000 0.000000 0.000000 -5.061674 -5.185516 -4.629869 53.185542 -0.832697 0.733970 -0.078048 -11.530544 2.917979 -0.000000 0.000000 0.000000 3.162350 2.993565 -4.152391 13.923201 -2.071436 4.810534 -3.050762 -0.119748 0.380544 20.573187 1.781848 -10.292879 -4.826149 -11.703488 -0.198134 -0.000000 0.000000 0.000000 -10.118224 -1.837276 0.124812 -20.757603 -39.499504 -17.898169 140.046293 -66.517042 160.644777 5.721041 -17.695201 -0.607180 0.582886 -0.256921 15.284672 12.901640 5.203489 49.086546 8.216057 3.612383 -6.273499 3.717288 -7.060762 3.228142 
95.065296 92.091167 -200.487995 -9.761104 -30.456821 -5.808681 5.303380 -0.719263 -3.409260 7.735578 -6.293086 -2.650617 -9.540651 16.457238 9.031599 -0.000000 0.000000 0.000000 -7.704853 -4.697626 -4.289074 54.458097 -1.589297 1.192261 -1.294151 -12.338193 1.981821 -0.000000 0.000000 0.000000 3.970825 2.018031 -4.066952 13.924543 -2.244865 5.028346 -2.972890 -0.484071 0.397866 20.486581 3.320106 -11.557255 -4.321670 -10.780343 -0.363315 -0.000000 0.000000 0.000000 -10.745428 -3.230504 1.679443 -23.047009 -43.732235 -22.628479 138.477554 -68.124463 157.189390 5.925005 -16.088168 -2.572407 0.427604 -0.363641 14.813966 13.303014 6.185876 49.656408 7.555290 4.989474 -6.104564 1.330111 -6.556957 3.366985 
94.731396 92.172563 -199.477005 -10.002278 -29.745431 -6.260881 6.786942 -0.300956 -2.987331 6.989076 -6.933069 -2.555838 -9.786067 15.922358 8.426292 -0.000000 0.000000 0.000000 -10.123193 -4.047450 -3.799461 53.545330 -2.185000 1.597298 -2.437865 -12.892519 1.478518 -0.000000 0.000000 0.000000 4.717955 1.097214 -3.987078 13.662157 -2.378375 5.147730 -2.725431 -0.753274 0.455218 20.297236 4.667064 -12.469793 -3.857416 -10.072793 -0.398380 -0.000000 0.000000 0.000000 -11.102537 -4.458088 2.884753 -25.336108 -46.858986 -26.858544 134.836596 -69.490508 151.791830 6.264849 -15.795016 -2.228659 0.193557 -0.271465 14.281530 13.303835 7.139677 50.653139 7.227624 6.968506 -5.748780 -1.111442 -5.188489 2.866720 
94.353992 92.213660 -198.524988 -10.101523 -29.510509 -6.609027 8.097982 0.167809 -2.626219 6.219662 -7.220876 -2.508622 -10.035906 15.456456 7.897631 -0.000000 0.000000 0.000000 -12.462703 -3.436297 -3.268379 51.034603 -2.665355 1.788326 -3.100010 -13.115735 1.067889 -0.000000 0.000000 0.000000 5.386346 0.297594 -3.882425 13.501502 -2.413174 5.143199 -2.633786 -0.959827 0.449834 20.003873 5.835992 -12.840411 -3.647090 -9.859559 -0.469896 -0.000000 0.000000 0.000000 -11.435939 -5.171909 3.740888 -27.087529 -48.865893 -29.876912 130.807892 -69.949367 147.127522 6.700288 -15.987183 -2.080303 -0.120714 0.012872 13.918971 13.076320 8.361693 51.944237 6.980505 9.347745 -5.824062 -3.395055 -4.085611 2.914946 
93.906897 92.183059 -197.567987 -10.058457 -29.780956 -6.788382 9.395059 0.608592 -2.450668 5.180199 -7.182506 -2.534979 -10.463997 15.240596 7.461709 -0.000000 0.000000 0.000000 -14.374092 -2.836043 -2.802133 46.829661 -3.076131 1.920351 -3.285259 -13.198223 1.021494 -0.000000 0.000000 0.000000 5.897397 -0.297383 -3.802454 13.322191 -2.308186 5.063727 -2.541310 -1.057609 0.429714 19.633874 6.593886 -12.872922 -3.604466 -9.917561 -0.564287 -0.000000 0.000000 0.000000 -11.651828 -5.122299 4.102173 -28.327781 -49.695271 -31.703827 128.426056 -69.733504 144.983883 7.025113 -16.244055 -1.846365 -0.390484 0.274589 13.777049 12.576667 9.662015 53.238204 6.936264 11.807109 -6.139928 -5.313279 -3.200295 3.164888 
93.382794 92.089665 -196.599996 -9.842454 -30.532670 -6.810812 10.645682 1.018303 -2.407793 4.022200 -6.923763 -2.669246 -10.887113 15.163327 7.258499 -0.000000 0.000000 0.000000 -16.271875 -2.317738 -2.434310 42.151943 -3.402264 2.029267 -2.888623 -12.987192 1.125923 -0.000000 0.000000 0.000000 6.101102 -0.644479 -3.724051 13.293465 -2.001348 4.945000 -2.627991 -1.003390 0.385373 19.472951 6.866636 -12.559857 -3.607607 -10.235205 -0.628619 -0.000000 0.000000 0.000000 -11.646144 -4.605635 3.932339 -28.420971 -49.235846 -32.026485 128.479160 -69.474411 146.317524 6.239727 -16.888286 -2.038656 -0.499329 0.676140 13.826956 11.949985 10.928147 54.528869 6.864665 13.828859 -6.603044 -6.955286 -2.355182 3.369897 
92.770499 91.961366 -195.587003 -9.578804 -31.518294 -6.665787 11.902806 1.553566 -2.543058 2.850117 -6.561689 -2.933038 -11.288207 15.192714 7.152098 -0.000000 0.000000 0.000000 -17.734346 -2.296868 -2.251946 36.685280 -3.882097 2.248948 -2.178234 -12.644394 1.467710 -0.000000 0.000000 0.000000 6.180285 -0.795273 -3.687899 13.270986 -1.595117 4.740845 -2.674563 -0.873953 0.310529 19.293978 6.805841 -11.900774 -3.591832 -10.712622 -0.612568 -0.000000 0.000000 0.000000 -11.498127 -3.682596 3.383998 -27.520135 -47.804855 -30.786772 128.691800 -68.847330 148.246113 6.193324 -17.555371 -0.807969 -0.535154 1.127444 14.020138 11.369203 11.967873 55.725127 7.095845 15.565047 -7.088936 -8.141618 -1.709790 3.342170 
92.084998 91.801465 -194.529998 -9.280857 -32.325512 -6.415622 13.100419 2.078110 -2.777587 1.844653 -6.350682 -3.016865 -11.729285 15.107885 6.928302 -0.000000 0.000000 0.000000 -18.553032 -2.687256 -2.166113 30.584359 -4.435605 2.626657 -0.799905 -11.891672 2.143725 -0.000000 0.000000 0.000000 6.283999 -0.837803 -3.615015 13.096264 -1.238198 4.494293 -2.587432 -0.769594 0.234524 19.201131 6.720105 -10.955076 -3.625295 -11.348997 -0.496154 -0.000000 0.000000 0.000000 -11.185236 -2.621938 2.548631 -26.048556 -45.392082 -28.365135 127.623628 -68.609222 149.188230 5.919808 -19.858573 1.209963 -0.516220 1.649233 14.291127 10.883866 12.318746 56.616005 7.714489 16.866136 -7.331168 -8.504741 -0.459857 3.415154 
91.334796 91.604167 -193.404007 -8.745397 -32.828093 -6.050207 13.941307 2.533229 -2.967186 1.332227 -6.228425 -2.956113 -12.274195 14.735622 6.763921 -0.000000 0.000000 0.000000 -19.001427 -3.324319 -1.944168 24.283535 -4.876573 2.988218 1.325635 -11.096455 2.937196 -0.000000 0.000000 0.000000 6.088240 -0.798005 -3.457153 13.388486 -0.956827 4.397610 -2.825743 -0.804690 0.193210 18.945409 6.464725 -9.853859 -3.585797 -12.007331 -0.531450 -0.000000 0.000000 0.000000 -10.710412 -1.123361 1.688051 -25.149689 -42.894938 -26.152942 130.429728 -67.927194 155.062888 7.320021 -18.741782 -0.597632 -0.112074 1.898849 14.629799 10.424444 12.583592 56.897034 7.798062 17.894105 -7.622601 -8.496933 -0.488808 4.976182 
90.474600 91.393763 -192.150998 -8.294846 -32.839882 -5.621884 14.826379 2.948275 -3.163735 1.100597 -6.457837 -2.924368 -12.906214 14.595394 6.536771 -0.000000 0.000000 0.000000 -18.716321 -4.136639 -1.696522 18.218790 -5.561363 3.137767 2.570110 -10.731957 3.502921 -0.000000 0.000000 0.000000 5.817068 -0.718342 -3.303067 13.740990 -0.846723 4.335938 -2.808594 -0.874827 0.196005 18.613686 6.039712 -8.709395 -3.905029 -12.664732 -0.466629 -0.000000 0.000000 0.000000 -10.221494 0.110506 0.481963 -24.127807 -39.765040 -23.246549 130.891434 -67.531475 158.337702 9.012718 -19.371267 0.325029 0.048920 2.161498 15.038687 10.267705 11.921487 56.760757 7.863285 18.289024 -7.603422 -7.995867 -0.287340 6.111210 
89.495593 91.149670 -190.790999 -7.838871 -32.732546 -5.234842 15.700638 3.508049 -3.309704 1.093208 -6.952758 -2.734657 -13.705587 14.476115 6.222399 -0.000000 0.000000 0.000000 -18.210616 -4.656643 -1.171528 13.502451 -5.953073 2.992445 2.135206 -10.895230 3.511287 -0.000000 0.000000 0.000000 5.556726 -0.626586 -3.145413 14.000229 -0.670488 4.341519 -2.888599 -0.956161 0.345409 18.304082 5.450428 -7.672347 -4.343671 -13.104432 -0.259519 -0.000000 0.000000 0.000000 -9.838077 1.411143 -0.829836 -23.554749 -36.803122 -20.963333 132.399746 -67.011101 162.691705 9.358142 -19.450073 -0.618230 0.313315 2.108741 15.466631 10.409030 11.002422 56.034069 7.929408 18.123807 -7.542052 -7.326593 -0.258381 7.164585 
88.395500 90.898663 -189.345002 -7.403091 -32.310497 -4.859142 16.446587 3.903392 -3.355086 1.509747 -7.740319 -2.450691 -14.548437 14.532108 5.981225 -0.000000 0.000000 0.000000 -17.674689 -4.946299 -0.578349 10.984342 -6.016532 2.812780 1.228452 -11.153059 2.744635 -0.000000 0.000000 0.000000 5.177983 -0.543963 -3.034737 14.366090 -0.484476 4.459788 -3.024412 -1.012941 0.505494 18.033033 4.824913 -6.642201 -4.847553 -13.552748 0.098589 -0.000000 0.000000 0.000000 -9.657268 2.486792 -2.091428 -23.381647 -34.596561 -19.193322 133.138469 -66.434418 165.578440 9.725551 -19.611141 -0.577064 0.545859 1.869734 15.991440 10.813334 9.830470 54.952165 8.072981 17.570168 -7.506817 -6.272333 -0.308730 7.318201 
87.183404 90.645564 -187.814999 -6.928016 -31.450041 -4.480673 16.919352 4.031481 -3.243444 2.565772 -8.492547 -2.061939 -15.527504 14.535327 5.897519 -0.000000 0.000000 0.000000 -17.228611 -4.751490 0.104038 11.171801 -5.432443 2.553604 1.264815 -11.065478 1.665663 -0.000000 0.000000 0.000000 4.567490 -0.550676 -2.828846 14.827401 -0.337223 4.677547 -3.283958 -1.050209 0.545618 17.893751 4.273626 -5.795730 -5.097209 -13.841045 0.432513 -0.000000 0.000000 0.000000 -9.525111 3.112533 -3.205574 -23.284525 -33.395523 -18.086100 133.260952 -65.769388 167.141394 10.520225 -19.557107 0.382426 0.758607 1.425857 16.472740 11.372997 8.638065 53.830453 8.331061 16.758755 -7.470429 -4.977144 -0.440550 6.904099 
85.888797 90.467966 -186.215997 -6.479608 -30.124062 -4.098833 17.120989 3.766442 -2.902342 4.120389 -9.489095 -1.615501 -16.178723 14.645576 5.859897 -0.000000 0.000000 0.000000 -16.776013 -3.914283 0.658017 12.228254 -4.707304 1.897544 2.172192 -11.345662 0.854258 -0.000000 0.000000 0.000000 3.887394 -0.673982 -2.602313 15.394108 -0.324211 5.045092 -3.822381 -1.083755 0.468847 17.889662 3.666937 -5.233321 -5.167293 -13.851339 0.785499 -0.000000 0.000000 0.000000 -9.470477 3.368325 -4.169651 -23.002350 -33.289914 -17.652022 134.107991 -65.152508 168.289180 10.013167 -19.255336 0.717828 0.881018 0.795992 16.877222 12.057310 7.734623 52.708479 8.903183 15.646152 -7.389233 -3.398407 -0.777893 6.155252 
84.539098 90.428263 -184.574997 -6.113808 -28.490513 -4.042136 16.910914 3.457347 -2.071290 6.539395 -10.612812 -1.119938 -16.610391 14.849693 5.554816 -0.000000 0.000000 0.000000 -16.443881 -2.872985 0.842878 13.702880 -4.611903 2.061318 3.611655 -13.399342 0.187741 -0.000000 0.000000 0.000000 3.294259 -0.951563 -1.949461 15.450565 -0.429670 5.414282 -3.905494 -1.071047 0.346001 17.723835 2.950645 -5.002504 -4.932906 -13.596632 0.961531 -0.000000 0.000000 0.000000 -9.350826 3.216151 -5.073571 -22.605182 -33.651743 -17.841107 135.148848 -64.327116 168.302612 8.930914 -19.187969 0.888557 0.761780 0.280356 17.066252 12.593242 6.706912 51.669019 9.820338 14.707503 -7.163571 -2.228288 -1.165890 5.683132 
83.126998 90.540767 -182.899988 -6.161517 -26.824650 -4.015824 16.448010 3.200264 -1.285685 10.092330 -11.723609 -0.521060 -16.490678 14.895646 5.065710 -0.000000 0.000000 0.000000 -15.786410 -2.730921 0.671646 16.049704 -4.749456 2.716425 1.790245 -14.610789 -0.865900 -0.000000 0.000000 0.000000 3.079623 -1.190877 -1.517150 15.151940 -0.692627 5.627318 -3.665562 -1.153638 0.408874 17.520834 2.364591 -4.993877 -4.720770 -13.044069 1.055404 -0.000000 0.000000 0.000000 -8.819784 2.815813 -5.596320 -21.985411 -34.061726 -18.747104 136.453900 -63.529876 167.729147 7.869836 -19.064371 0.695650 0.768486 0.170648 16.957438 12.695472 6.106332 51.056353 10.410440 13.949032 -7.104687 -1.563543 -1.393444 5.526427 
81.693494 90.766960 -181.259990 -6.250454 -25.374625 -3.773367 15.151789 2.752216 -0.688732 15.076377 -12.288666 0.156089 -15.740929 14.524341 4.257334 -0.000000 0.000000 0.000000 -14.318989 -3.598836 0.451867 16.994960 -5.339108 2.975908 -0.089811 -14.662747 -1.637032 -0.000000 0.000000 0.000000 2.787094 -1.047635 -1.455897 14.844001 -1.068997 5.784984 -3.321394 -1.240453 0.566742 17.308044 1.760083 -4.927950 -4.458617 -12.453741 1.291614 -0.000000 0.000000 0.000000 -7.993167 2.260113 -5.938970 -20.854261 -34.784335 -20.157426 138.221121 -63.108466 167.028126 6.644558 -18.440421 -0.194730 0.867600 0.207194 16.840717 12.512037 5.861272 50.551598 10.305642 14.046065 -7.195855 -1.270571 -2.105951 6.097593 
80.273694 91.001469 -179.729986 -6.154687 -24.248973 -3.415741 12.403311 2.050831 -0.011505 21.827313 -12.120252 0.493429 -13.979875 13.974475 2.884530 -0.000000 0.000000 0.000000 -12.307654 -4.881984 0.445589 16.349060 -5.832975 2.923176 -1.543558 -14.179947 -2.546232 -0.000000 0.000000 0.000000 2.317505 -0.461236 -1.505184 14.629758 -1.508997 5.961397 -3.146302 -1.204064 0.685964 17.217531 0.908826 -4.683194 -4.260220 -11.808955 1.674693 -0.000000 0.000000 0.000000 -6.910560 1.718507 -6.223648 -19.087111 -35.850930 -22.049999 140.767725 -63.450300 166.330705 4.037494 -17.099741 -1.323763 0.992688 0.256712 16.508355 12.272028 6.169813 50.218977 9.673209 14.936466 -7.104677 -2.489855 -3.297025 6.936000 
78.917295 91.126162 -178.322005 -6.124215 -23.599572 -3.329155 8.770608 1.475508 1.045181 29.493889 -11.325955 0.311771 -11.033993 13.061780 1.198200 -0.000000 0.000000 0.000000 -10.359596 -5.594003 0.688916 15.677835 -5.973678 3.120429 -2.922519 -13.836686 -3.467087 -0.000000 0.000000 0.000000 2.044342 0.213015 -1.193751 14.330804 -1.833994 5.943635 -3.064099 -0.972424 0.724556 17.193205 0.185000 -4.354240 -4.032287 -11.239256 2.041604 -0.000000 0.000000 0.000000 -5.773490 0.883751 -6.612669 -16.414584 -36.256759 -23.636226 142.122745 -64.214164 163.951073 1.650659 -15.765600 -2.190274 1.164358 0.776246 15.996259 11.883336 6.590356 49.965897 9.137534 16.580743 -6.889580 -4.594709 -3.879394 7.813560 
77.634698 91.141564 -177.026987 -6.171826 -23.064903 -3.407097 4.517193 0.940976 2.278229 37.712647 -10.188343 -0.049582 -7.326668 11.806344 -0.397757 -0.000000 0.000000 0.000000 -8.479322 -5.557762 1.055669 15.113605 -6.030345 3.614879 -4.350410 -13.938167 -4.579576 -0.000000 0.000000 0.000000 1.960685 0.820258 -0.732395 14.226572 -2.189382 5.833022 -3.151674 -0.789050 0.774422 17.015859 -0.238700 -3.958966 -3.814863 -10.801429 2.311517 -0.000000 0.000000 0.000000 -4.401113 -0.121692 -7.468288 -13.805455 -35.695195 -25.016942 141.753041 -65.148130 160.133189 1.088743 -14.590521 -5.398723 1.526568 1.770911 15.625601 11.229544 7.082449 49.459488 9.187594 19.667954 -7.349653 -6.237471 -4.287589 9.505836 
76.467693 91.127568 -175.865996 -6.213144 -22.758216 -3.397618 -0.007593 0.305672 3.193345 45.416581 -8.675173 -0.581786 -2.631154 10.817691 -1.749262 -0.000000 0.000000 0.000000 -6.836176 -5.471464 1.476868 14.624547 -6.317382 3.839423 -5.665958 -13.823187 -5.641037 -0.000000 0.000000 0.000000 2.041755 1.460322 -0.547868 14.293058 -2.520377 5.868336 -3.445937 -0.598660 0.868020 16.723099 -1.004837 -3.535230 -3.555120 -10.067118 2.561088 -0.000000 0.000000 0.000000 -3.126860 -0.849184 -8.577742 -10.857433 -34.688564 -27.276512 139.756641 -67.291768 154.500629 -1.064354 -13.054924 -8.568543 1.747085 2.786912 15.699499 10.852903 8.285932 48.139305 9.935281 23.776411 -8.240554 -7.382485 -4.026383 9.863683 
75.402600 91.136062 -174.775994 -6.415756 -22.811125 -3.310460 -4.031456 -0.231719 3.617954 51.255617 -6.411216 -1.314820 0.957963 11.304075 -1.785734 -0.000000 0.000000 0.000000 -5.396981 -5.459210 1.764833 14.486254 -6.387422 3.827566 -6.840680 -13.586144 -6.408219 -0.000000 0.000000 0.000000 2.341955 2.048965 -0.497494 14.257262 -2.896336 5.778321 -3.501868 -0.377928 0.892515 16.333942 -2.238806 -3.098485 -3.255244 -8.554701 2.829444 -0.000000 0.000000 0.000000 -1.806590 -1.821526 -10.395354 -7.673977 -32.562572 -29.401232 134.033742 -70.190469 145.508022 -3.443470 -11.277796 -10.659285 1.597154 3.968437 15.871939 10.183166 9.696792 46.637049 11.686585 28.580126 -9.770227 -7.551721 -4.558757 10.897167 
74.404097 91.193664 -173.688996 -6.811333 -23.246298 -3.244594 -7.097579 -0.620401 3.742324 54.682910 -3.801394 -2.232953 0.068417 13.502249 -0.394736 -0.000000 0.000000 0.000000 -3.751998 -4.918573 2.098963 14.104174 -6.051049 3.580001 -7.858267 -13.833563 -6.615093 -0.000000 0.000000 0.000000 2.782658 2.471997 -0.453057 14.166358 -3.323979 5.505971 -3.413660 -0.197682 0.748308 16.167501 -3.179361 -2.496690 -3.019566 -6.855027 3.081484 -0.000000 0.000000 0.000000 -0.678120 -2.507085 -12.540869 -4.664112 -29.500472 -31.750132 119.955229 -73.331629 128.571389 -3.298536 -10.502854 -11.175389 1.106727 5.307089 15.830089 9.038829 11.247121 45.362868 14.671863 34.097348 -11.822747 -7.305807 -2.315818 9.676664 
73.476303 91.299760 -172.590995 -7.341386 -24.002850 -3.203460 -9.500415 -0.952855 3.577937 55.752229 -1.656958 -3.055624 -0.996969 15.035516 0.965344 -0.000000 0.000000 0.000000 -1.706821 -4.495644 2.353327 13.147107 -5.692609 3.157300 -8.576929 -13.768654 -6.517689 -0.000000 0.000000 0.000000 3.457391 2.882111 -0.353731 13.474590 -3.725246 4.968321 -2.957048 0.087542 0.540659 16.273718 -4.284705 -1.771551 -2.549002 -5.015904 3.500317 -0.000000 0.000000 0.000000 0.152134 -3.025417 -14.739680 -2.049226 -26.360228 -34.793402 91.840280 -75.064831 98.084630 -2.482124 -9.810227 -9.741926 0.506808 6.467483 15.533374 7.616553 12.817563 44.304568 18.964706 40.317440 -14.741502 -6.199493 0.400339 8.373976 
72.622800 91.408068 -171.496987 -7.828602 -24.956659 -3.169901 -11.507404 -1.274703 3.175162 54.755499 -0.830338 -3.602338 -1.853144 15.469687 1.908334 -0.000000 0.000000 0.000000 0.500322 -4.187811 2.423707 11.721701 -5.260869 2.830572 -9.027217 -13.485236 -6.162378 -0.000000 0.000000 0.000000 4.256776 3.319759 -0.185017 12.289862 -4.017501 4.266988 -2.151509 0.435373 0.298698 16.245973 -5.532507 -0.976410 -1.955023 -3.221062 3.913133 -0.000000 0.000000 0.000000 0.749337 -3.535245 -16.691249 -0.252573 -23.436021 -38.347734 58.747888 -71.740953 63.130362 -1.291025 -8.950275 -6.147031 -0.136277 7.498382 14.798173 5.690915 14.261392 43.708840 24.191405 46.616038 -18.533237 -4.637705 3.054633 5.455090 
71.810997 91.475469 -170.386994 -8.311225 -25.921581 -3.150124 -13.017428 -1.664214 2.611750 51.894982 -0.968232 -3.999856 -3.147291 15.371299 2.659430 -0.000000 0.000000 0.000000 2.663836 -3.777684 2.293686 10.376801 -4.851070 2.708615 -9.481034 -13.286165 -5.289636 -0.000000 0.000000 0.000000 5.177269 3.769379 -0.003329 10.656851 -4.148017 3.494652 -1.026022 0.862572 0.069828 16.174462 -6.695522 -0.199279 -1.432348 -1.884145 4.370710 -0.000000 0.000000 0.000000 0.726794 -4.159687 -18.064892 0.564036 -21.171310 -42.495007 35.716295 -62.753285 38.887603 -0.920926 -8.730627 -1.986057 -1.002666 8.508360 13.655742 3.727370 15.342206 43.571071 30.435300 52.798755 -23.709824 -2.949733 6.225715 0.800046 
71.020496 91.477960 -169.268000 -8.817118 -26.746180 -3.337571 -14.315852 -1.810459 2.219812 47.900770 -1.326128 -4.041046 -3.898872 15.241255 2.943341 -0.000000 0.000000 0.000000 4.881527 -3.520045 2.277810 9.018414 -4.133884 2.713250 -10.071479 -13.391765 -4.342731 -0.000000 0.000000 0.000000 6.343054 4.217220 0.301918 8.688651 -4.262121 2.712166 0.335798 1.259807 -0.070597 15.759598 -7.976852 0.516348 -0.887432 -0.558721 4.847049 -0.000000 0.000000 0.000000 0.612214 -4.872669 -19.420900 0.709290 -18.889500 -45.937464 24.169501 -52.625521 26.659467 2.079487 -6.139842 2.821871 -1.868552 9.438563 12.454279 1.467856 15.942223 43.177967 38.386477 59.606720 -31.059531 -1.565348 8.358347 -2.300265 
70.262998 91.404366 -168.084002 -9.308934 -27.389273 -3.579464 -15.289933 -1.919366 1.857064 43.030447 -1.624390 -3.971586 -3.899390 15.223966 3.106720 -0.000000 0.000000 0.000000 6.941261 -3.648744 2.198226 8.014771 -3.404063 2.788620 -10.831618 -13.335437 -3.533862 -0.000000 0.000000 0.000000 7.633101 4.635743 0.592010 6.400812 -4.403391 1.961228 2.041283 1.672726 -0.167323 15.181720 -9.224614 1.097627 -0.564169 0.543528 5.395988 -0.000000 0.000000 0.000000 0.371221 -5.456977 -20.264707 0.652220 -17.053604 -48.595354 16.414823 -42.214913 17.986937 2.308298 -4.681719 7.379574 -3.011319 10.095752 11.020933 -0.974573 16.512954 42.863173 49.435716 65.814146 -41.804739 -1.178463 10.035385 -4.660464 
69.525397 91.285563 -166.861999 -9.768343 -27.774042 -3.908305 -15.932472 -1.881100 1.619597 37.366305 -1.962732 -3.649253 -3.169262 15.023571 2.943574 -0.000000 0.000000 0.000000 9.238168 -3.454098 2.315509 6.577715 -2.563495 2.846704 -11.453992 -13.834407 -3.063841 -0.000000 0.000000 0.000000 9.040551 5.002747 0.916471 3.692630 -4.546188 1.308936 4.104819 2.140198 -0.226711 14.617790 -10.415445 1.404855 -0.212965 1.338970 6.046322 -0.000000 0.000000 0.000000 -0.025946 -6.025870 -20.591333 0.036932 -15.691134 -50.535711 9.604847 -30.905911 9.698474 -1.456510 -5.007779 10.745478 -4.354730 10.508454 9.401994 -3.765199 16.835114 42.706484 64.934953 70.971930 -57.165275 -0.868185 11.544409 -7.040600 
68.627095 91.226864 -165.589988 -11.782123 -27.842792 -5.310551 -14.597202 -0.247052 2.087304 31.595690 1.059423 -1.928361 -2.839890 9.424247 0.292070 -0.000000 0.000000 0.000000 13.465815 -4.445986 3.246722 4.878483 -3.760233 1.898164 -11.557043 -11.084602 -2.175305 -0.000000 0.000000 0.000000 12.203764 6.305734 1.341163 2.924671 -4.565787 1.092881 4.143947 1.352131 -0.023591 12.330908 -7.412825 2.221630 2.532415 -2.123835 4.747383 -0.000000 0.000000 0.000000 -1.755151 -6.379800 -19.805435 -0.614594 -9.826551 -51.784291 8.498196 -22.239491 1.221790 -5.370962 -3.187612 14.860769 -6.304342 10.058529 7.323289 -2.023412 23.884893 42.914126 80.151558 65.153939 -80.293714 -7.460863 11.445533 -6.148890 
67.845702 91.028470 -164.165998 -11.597228 -27.965761 -5.391225 -14.905181 0.315146 1.979412 24.682595 1.769063 -1.683052 -1.889804 8.387123 -0.168405 -0.000000 0.000000 0.000000 15.452903 -4.488720 3.385089 3.216992 -3.559914 2.044188 -11.890571 -10.874979 -2.402079 -0.000000 0.000000 0.000000 12.009804 6.872603 1.466220 3.240531 -4.967446 0.864852 3.991084 1.381991 0.011054 12.718798 -7.066527 2.861189 2.066080 -2.761934 4.648483 -0.000000 0.000000 0.000000 -1.801119 -6.948201 -19.434575 0.104430 -7.207989 -53.197331 7.459607 -14.431263 -0.717196 -4.458389 0.580245 11.670595 -7.277103 10.690044 5.379912 -4.381943 25.706324 43.245445 91.384824 64.196866 -94.785554 -9.012397 11.743373 -5.518528 
67.043096 90.776962 -162.661994 -11.183261 -27.905388 -5.379010 -15.068434 0.728485 1.783222 17.768677 2.293535 -1.536602 -0.904786 7.627582 -0.601503 -0.000000 0.000000 0.000000 17.364367 -4.452251 3.613467 1.457042 -3.495840 2.153264 -12.144488 -10.782222 -2.507834 -0.000000 0.000000 0.000000 11.609767 7.222920 1.439685 3.519822 -5.330387 0.681563 3.835459 1.442628 -0.015849 13.199758 -6.975524 3.835486 1.888321 -3.374062 4.542684 -0.000000 0.000000 0.000000 -1.487661 -6.871614 -19.130785 1.482028 -4.995866 -53.974850 9.133666 -9.707086 -0.842086 -1.009722 3.387590 7.209629 -8.237053 11.174116 3.612271 -7.406856 26.940477 43.705831 100.288099 62.467065 -106.531944 -10.256926 11.917168 -4.513230 
66.227299 90.487564 -161.038995 -10.847428 -27.884008 -5.354639 -14.976472 0.968227 1.469680 11.968659 2.339136 -1.371826 -0.713510 6.899280 -1.039759 -0.000000 0.000000 0.000000 18.980050 -4.507948 3.744688 0.358255 -3.526784 2.198058 -12.798036 -10.689254 -2.146933 -0.000000 0.000000 0.000000 11.247962 7.493759 1.289628 3.737711 -5.530498 0.467937 3.804644 1.541889 -0.201436 13.687832 -6.990669 5.124199 1.801733 -4.505292 4.470941 -0.000000 0.000000 0.000000 -1.027262 -6.147374 -18.860683 3.345065 -3.170806 -53.983613 11.454295 -7.853035 -0.992598 2.206678 4.024661 4.270955 -9.429207 11.325924 1.954695 -10.693533 28.470661 44.345140 106.132081 61.003746 -114.887789 -11.429043 11.709130 -4.082920 
65.407699 90.178567 -159.276986 -10.646283 -28.043837 -5.333206 -14.782916 0.886232 1.032131 8.252274 2.082739 -1.197883 -1.190660 6.304867 -1.032580 -0.000000 0.000000 0.000000 20.108499 -4.511948 3.743753 0.561611 -3.348468 2.074001 -13.643559 -10.731402 -2.087214 -0.000000 0.000000 0.000000 10.851246 7.735584 0.953582 4.027074 -5.494791 0.287227 3.849846 1.743995 -0.426151 14.219270 -7.414405 6.555721 1.772095 -5.738897 4.509070 -0.000000 0.000000 0.000000 -0.468657 -5.211299 -18.649447 5.317477 -1.853477 -53.546270 12.616757 -7.787859 -1.251318 2.743299 3.256309 3.269493 -10.679439 11.448830 0.445993 -13.969401 30.187719 44.765928 109.918639 59.770809 -121.023570 -11.971960 11.773069 -3.985649 
64.573193 89.885968 -157.387996 -10.555038 -28.322034 -5.268981 -14.448387 0.418490 0.497344 6.973286 2.036925 -1.191639 -0.770343 6.170687 -0.700219 -0.000000 0.000000 0.000000 21.037089 -4.545583 3.606270 1.508906 -3.100866 1.769765 -14.361955 -10.677870 -2.257498 -0.000000 0.000000 0.000000 10.245354 7.943502 0.478300 4.497870 -5.386394 0.097090 3.942634 1.959389 -0.724158 15.012674 -8.173747 8.093330 1.970100 -6.870672 4.845411 -0.000000 0.000000 0.000000 -0.001180 -4.144195 -18.311906 6.791881 -0.807796 -53.045104 11.874993 -8.224868 -1.472342 0.832931 2.389692 3.036628 -11.925871 11.762550 -1.070687 -17.413149 32.180487 45.732054 111.759626 59.495346 -124.986684 -13.618121 11.212015 -3.070213 
63.730299 89.602268 -155.330992 -10.448876 -28.655996 -5.264643 -14.162146 -0.410370 -0.006629 8.235294 1.859817 -1.109099 0.742050 6.328803 -0.419101 -0.000000 0.000000 0.000000 22.010523 -4.656483 3.437648 2.399460 -2.808600 1.435240 -15.040446 -10.597041 -2.265089 -0.000000 0.000000 0.000000 9.325525 8.225912 -0.015129 5.010107 -5.274128 0.039557 4.028986 2.201129 -0.962553 16.194688 -9.235098 9.577350 2.341807 -7.933764 5.425354 -0.000000 0.000000 0.000000 0.304147 -3.113022 -17.711044 7.659215 0.032495 -52.993786 10.330948 -8.507655 -1.597629 -1.841316 2.094767 3.260332 -12.996644 12.210020 -2.503102 -20.757034 34.151724 46.710681 112.405864 59.060605 -127.355066 -13.923055 10.405016 -2.587033 
62.966096 89.373964 -153.182995 -9.530883 -28.850174 -4.799052 -14.647404 -2.934225 -0.761644 9.612895 2.880092 -0.833171 3.179495 8.257843 -0.336299 -0.000000 0.000000 0.000000 21.843527 -4.206060 3.165290 3.984971 -3.015643 1.074442 -15.776121 -11.072218 -1.328625 -0.000000 0.000000 0.000000 7.517015 8.334908 -0.956268 5.994296 -4.848448 0.506895 2.931633 2.167556 -0.713510 19.002606 -12.688616 10.526647 2.166924 -6.293142 6.036560 -0.000000 0.000000 0.000000 1.898895 -2.676623 -17.856326 7.119082 1.322301 -53.120969 8.012667 -9.049007 -1.316117 -2.670519 3.714583 3.966284 -12.970281 13.298878 -3.967632 -22.814296 35.897483 46.850930 111.928349 58.065616 -129.167741 -14.558602 9.477769 -1.738779 
62.192798 89.281565 -150.917995 -9.228691 -29.217773 -4.464289 -14.717663 -3.958348 -1.122636 11.635377 3.232971 -1.353020 4.791318 9.274568 -0.480959 -0.000000 0.000000 0.000000 21.811015 -4.185700 2.468052 6.371373 -2.924450 0.745860 -15.939620 -10.987133 -0.812959 -0.000000 0.000000 0.000000 6.300878 8.668567 -1.741158 6.577177 -4.557977 0.615328 2.779764 2.282600 -0.845948 20.292071 -13.562412 11.627587 2.571381 -6.697252 6.366425 -0.000000 0.000000 0.000000 2.096080 -2.195449 -17.316239 6.886105 1.516860 -53.209229 6.973279 -8.930927 -1.460859 -3.875136 3.937731 4.768545 -13.591135 13.543682 -4.911058 -24.760355 37.306254 47.336671 112.362159 58.010190 -130.768248 -16.361366 9.519008 -1.019094 
61.510301 89.347667 -148.623991 -9.241699 -29.306143 -4.299256 -14.670625 -4.127021 -1.694151 14.487196 2.773064 -1.910099 3.373904 9.632646 0.660589 -0.000000 0.000000 0.000000 21.342441 -4.186065 1.724550 10.015701 -2.669080 0.438412 -15.576713 -11.225022 -0.093966 -0.000000 0.000000 0.000000 5.737556 8.790883 -2.340377 6.625610 -4.355549 0.533709 2.936919 2.332097 -0.969750 20.984263 -13.906183 12.294823 3.109408 -6.593762 6.527682 -0.000000 0.000000 0.000000 2.147058 -2.295826 -16.776623 6.675117 1.588227 -53.509180 6.615601 -9.431631 -1.357071 -4.647444 3.907714 5.530449 -13.959537 13.798606 -5.770640 -25.805662 37.550987 47.526769 113.309479 57.855451 -132.807430 -17.977269 9.823382 0.244446 
60.893601 89.545864 -146.352005 -9.436411 -29.126534 -4.423450 -13.826068 -3.835313 -2.240752 16.386814 2.482418 -1.850737 1.512436 9.616992 1.472251 -0.000000 0.000000 0.000000 20.214354 -4.153695 1.142985 15.036362 -2.784628 0.209170 -14.481685 -11.253033 1.013385 -0.000000 0.000000 0.000000 5.579981 8.643556 -2.645226 6.522618 -4.196633 0.442398 3.073775 2.328810 -1.076074 21.178518 -13.571954 12.390144 3.394348 -6.033398 6.404738 -0.000000 0.000000 0.000000 2.136491 -2.742812 -16.189762 6.407231 1.328509 -54.039662 6.530029 -10.141043 -1.281809 -5.908728 2.954294 6.187105 -14.086935 13.788752 -6.551810 -25.683445 36.929634 46.994777 113.967228 57.078414 -134.630839 -18.142955 10.113516 0.866646 
60.347098 89.785761 -144.121993 -9.525863 -28.830683 -4.540063 -12.208203 -3.290365 -2.757435 16.714597 2.193806 -1.633383 -0.217160 9.293404 2.416800 -0.000000 0.000000 0.000000 18.035813 -4.409805 0.245048 21.303129 -3.260516 0.336612 -12.325028 -10.680429 2.755438 -0.000000 0.000000 0.000000 5.362289 8.366412 -3.002101 6.547052 -3.992391 0.487974 2.999366 2.262385 -1.067930 21.293597 -12.718970 12.039957 3.391532 -5.160292 6.137625 -0.000000 0.000000 0.000000 2.145607 -3.455137 -15.642720 6.107535 0.688588 -54.716086 6.475032 -10.767699 -1.164863 -7.839057 1.494459 6.355482 -13.838856 13.308600 -6.951125 -24.299742 35.226487 45.042067 114.975417 56.395735 -136.924502 -18.971804 10.516908 1.840089 
59.875500 89.995766 -141.993999 -9.339486 -28.423674 -4.390507 -10.491579 -3.253034 -3.365224 16.102885 1.556786 -1.602256 -1.515367 9.458273 3.610183 -0.000000 0.000000 0.000000 14.616456 -5.024550 -1.219545 28.561267 -3.736958 0.816479 -9.075953 -9.622396 4.674684 -0.000000 0.000000 0.000000 5.058627 8.069023 -3.632510 6.650547 -3.855101 0.656982 2.782936 2.000092 -0.975748 21.289126 -11.496794 11.316284 3.202594 -3.869764 5.807732 -0.000000 0.000000 0.000000 2.151604 -4.113497 -15.332475 5.698137 0.217239 -55.133051 6.215530 -11.793477 -0.953526 -8.942951 1.064462 5.932325 -13.287677 12.182813 -6.712139 -22.180368 32.556312 42.048541 116.440055 55.723511 -139.917574 -19.429743 10.327076 3.059192 
59.444600 90.167862 -140.009987 -9.193175 -27.854513 -4.355904 -8.824564 -3.221113 -3.765712 15.426311 0.443450 -1.687253 -2.602794 9.850592 4.887148 -0.000000 0.000000 0.000000 10.538158 -5.893872 -2.662838 36.264856 -3.766950 1.017753 -4.852154 -8.378827 6.217140 -0.000000 0.000000 0.000000 5.041974 7.664700 -4.149807 6.652695 -3.821721 0.850896 2.607305 1.608269 -0.885241 21.008162 -9.978153 10.141981 2.789161 -1.910279 5.440991 -0.000000 0.000000 0.000000 2.121781 -4.680345 -15.507974 5.184331 0.093169 -54.798517 6.127635 -13.370108 -0.940532 -9.229654 1.187142 5.600489 -12.521793 10.614974 -5.810931 -19.849731 29.123252 38.558325 118.180878 54.843111 -143.380519 -18.822206 10.065111 3.542661 
59.017199 90.373665 -138.168001 -9.420268 -27.161825 -4.676920 -6.831577 -2.824691 -3.899334 14.687116 -1.051292 -1.562749 -3.516538 10.033674 5.977730 -0.000000 0.000000 0.000000 6.539516 -6.584441 -3.725473 43.401580 -3.584615 0.952249 0.570765 -7.570687 7.396807 -0.000000 0.000000 0.000000 5.698806 7.045201 -4.274474 6.509681 -3.760548 0.887998 2.384283 1.180586 -0.871570 20.465569 -8.229812 8.598027 2.414601 0.929218 4.923053 -0.000000 0.000000 0.000000 2.147874 -5.338103 -16.215534 4.658560 0.421392 -53.713619 6.331653 -15.454123 -0.714841 -8.687982 1.248417 5.182260 -11.670730 9.015372 -4.582805 -17.632763 24.971815 35.386676 120.340940 54.086793 -147.431478 -19.449284 10.032666 4.280402 
58.584899 90.605265 -136.470985 -9.756657 -26.658005 -5.061703 -4.632946 -2.886919 -3.979266 13.599432 -2.190281 -1.512285 -4.190617 10.616444 6.861166 -0.000000 0.000000 0.000000 3.011591 -6.279343 -4.348176 48.702228 -3.758366 1.191678 4.525102 -8.933836 7.739032 -0.000000 0.000000 0.000000 6.479527 6.306028 -4.239330 6.434902 -3.547707 0.850738 2.310407 0.772892 -0.983538 19.619674 -6.744647 7.151352 2.373548 3.545606 4.337168 -0.000000 0.000000 0.000000 2.206763 -5.771633 -16.990562 4.061267 0.354634 -52.346751 6.734440 -17.683874 -0.231430 -8.553849 0.963480 5.248340 -10.967015 7.564533 -3.336694 -15.767615 21.416086 33.144659 121.476474 53.588608 -150.680587 -20.739312 9.854842 5.211027 
58.131301 90.824962 -134.938991 -9.909994 -26.364290 -5.491184 -2.777759 -2.919076 -3.836072 12.652174 -3.063909 -1.419515 -4.805680 11.116304 7.367633 -0.000000 0.000000 0.000000 -0.057516 -5.339847 -4.379190 51.724594 -4.172798 1.778694 3.018352 -11.628327 6.395183 -0.000000 0.000000 0.000000 6.876643 5.512916 -4.116405 6.543238 -3.368880 0.904207 2.370278 0.423159 -1.066622 18.869744 -5.372762 6.059083 2.192704 5.188980 3.620775 -0.000000 0.000000 0.000000 2.147212 -6.044470 -17.352054 3.343575 -0.027935 -51.498457 6.821376 -19.416269 0.324666 -8.767415 0.374185 5.970094 -10.570039 6.707397 -2.558964 -14.728854 19.044503 32.252768 120.879569 52.835196 -152.153228 -20.704007 9.191455 6.380289 
57.659596 91.048968 -133.507991 -10.160849 -26.300365 -6.104261 -0.830517 -2.902897 -3.470964 11.595246 -3.834160 -1.303948 -5.318130 11.603481 7.578017 -0.000000 0.000000 0.000000 -2.448760 -4.357143 -3.982471 52.140529 -4.382545 2.073791 0.707183 -12.763678 4.731647 -0.000000 0.000000 0.000000 7.241457 4.744041 -3.838645 6.591990 -3.345393 0.946820 2.491521 0.129337 -1.047484 18.516348 -4.234911 5.281077 2.053136 6.168998 2.900456 -0.000000 0.000000 0.000000 1.968595 -6.341006 -17.248329 2.805001 -0.422872 -51.315127 6.399127 -20.739460 0.800260 -8.713098 0.003425 6.861217 -10.628453 6.627019 -2.525473 -14.646892 18.332922 32.830349 119.594442 52.159055 -152.330827 -19.767343 8.392655 7.391158 
57.178199 91.226369 -132.169008 -10.450261 -26.528698 -6.777106 0.897563 -2.123647 -2.922590 10.969368 -4.231033 -1.236272 -5.907710 11.448862 7.278193 -0.000000 0.000000 0.000000 -4.283036 -3.589082 -3.423871 50.358318 -4.387395 2.047416 -1.766956 -12.753591 3.678544 -0.000000 0.000000 0.000000 7.543542 3.968356 -3.565755 6.570200 -3.359542 0.979363 2.527534 -0.123265 -0.963845 18.560989 -3.172273 4.978555 2.281301 6.673322 2.167307 -0.000000 0.000000 0.000000 1.867846 -6.429573 -16.816216 2.310287 -0.816873 -51.384497 6.327999 -21.838277 1.090945 -8.890686 -0.090975 7.482936 -10.947742 6.778646 -2.876136 -15.721801 19.771021 34.274163 119.338810 52.240526 -151.895959 -19.505928 8.069434 6.986957 
56.680399 91.328460 -130.921006 -10.763652 -27.110570 -7.363498 2.441257 -0.968291 -2.379409 10.578346 -4.196058 -1.328770 -6.561844 10.890251 6.777184 -0.000000 0.000000 0.000000 -5.710815 -3.029607 -2.895577 46.987404 -4.399863 1.856061 -3.873803 -12.382551 2.953325 -0.000000 0.000000 0.000000 7.768969 3.437356 -3.426675 6.543775 -3.294425 0.906053 2.523343 -0.177678 -0.870033 18.795636 -2.584980 5.276043 2.661677 6.467204 2.005063 -0.000000 0.000000 0.000000 1.683716 -6.703792 -16.111865 1.848740 -1.381200 -51.451497 6.526073 -22.523144 1.152304 -8.927619 -0.275542 7.585543 -11.313533 7.493650 -3.574055 -17.295000 22.093879 36.237110 119.387635 52.320113 -151.094398 -19.439353 7.895485 6.183829 
56.185800 91.350961 -129.773998 -10.926298 -27.816115 -7.732999 3.454917 0.104650 -2.044891 10.695507 -3.975243 -1.462882 -7.361452 10.432795 6.389179 -0.000000 0.000000 0.000000 -6.960408 -2.703492 -2.446662 42.685287 -4.767185 1.665287 -5.089131 -12.144881 2.601563 -0.000000 0.000000 0.000000 7.858838 3.054092 -3.360886 6.410591 -3.206057 0.726773 2.550642 -0.177932 -0.866292 19.139055 -2.623258 6.032549 3.122315 5.749817 2.192885 -0.000000 0.000000 0.000000 1.476038 -6.943961 -15.332495 1.344553 -2.054415 -51.381426 6.792485 -23.012829 1.158498 -8.856067 -0.374217 7.249266 -11.876255 8.540662 -4.551843 -19.329230 25.378707 39.092732 119.179575 52.475446 -149.646057 -19.002049 7.473365 5.263186 
55.677795 91.335267 -128.684998 -11.218583 -28.506265 -8.117060 4.413719 1.023814 -1.864999 11.112034 -3.550257 -1.465376 -8.251960 10.004524 6.038306 -0.000000 0.000000 0.000000 -7.731214 -2.593082 -2.007825 37.968456 -5.470259 1.539972 -5.772228 -11.919576 2.485381 -0.000000 0.000000 0.000000 8.034047 2.791623 -3.276014 6.370777 -3.100547 0.499644 2.525644 -0.118094 -0.924474 19.614089 -3.453658 7.080146 3.573055 4.280577 2.677803 -0.000000 0.000000 0.000000 1.238668 -7.160324 -14.706719 0.828714 -2.937747 -51.196762 6.823535 -23.288050 1.252495 -8.907435 -0.557411 7.123943 -12.481100 9.869986 -5.431466 -21.599518 29.102100 42.134688 118.762524 52.806595 -147.741595 -18.091156 7.465791 3.420357 
55.137199 91.301465 -127.643991 -11.568088 -29.233497 -8.467925 5.499969 1.758159 -1.738841 11.325142 -3.168687 -1.511505 -9.087615 9.727381 5.721325 -0.000000 0.000000 0.000000 -8.247771 -2.679236 -1.616323 33.354747 -6.252625 1.435098 -5.712405 -11.397792 2.663053 -0.000000 0.000000 0.000000 8.201777 2.698801 -3.264015 6.535360 -2.927105 0.280663 2.402273 0.059466 -1.005077 20.205676 -5.181313 8.207423 3.897568 2.011073 3.495699 -0.000000 0.000000 0.000000 0.965092 -7.377212 -14.254150 0.277591 -3.826779 -51.097860 6.727317 -23.486411 1.653171 -8.798784 -0.746210 7.357913 -12.987026 11.333557 -6.067199 -23.877064 32.092942 45.064928 117.865745 52.760151 -145.611122 -16.850984 8.059120 2.124056 
54.580599 91.257465 -126.637995 -11.827546 -29.807817 -8.706279 6.543766 2.235241 -1.737570 11.457013 -2.916591 -1.531678 -9.844015 9.689110 5.578897 -0.000000 0.000000 0.000000 -8.684521 -2.987821 -1.304309 29.083533 -7.155051 1.491999 -5.340482 -10.730440 3.020592 -0.000000 0.000000 0.000000 8.348357 2.680376 -3.249950 6.659235 -2.769331 0.066039 2.342177 0.195257 -1.080066 20.795667 -7.249179 9.127805 4.213828 -0.466686 4.332581 -0.000000 0.000000 0.000000 0.682088 -7.372609 -13.870162 -0.326953 -4.601883 -51.222454 6.190532 -23.705714 1.981532 -8.656547 -1.083533 8.012164 -13.429804 12.503511 -6.582353 -25.632210 34.251103 47.745069 117.498529 52.791667 -144.103112 -16.791717 8.426394 1.421061 
53.971803 91.222465 -125.619996 -12.480939 -30.153682 -9.534006 8.141057 3.908878 -1.113000 11.285077 -3.024192 -1.437083 -10.775110 8.565072 5.244059 -0.000000 0.000000 0.000000 -8.513423 -3.585635 -0.376684 25.194805 -7.849885 1.407643 -4.680210 -9.802120 2.678422 -0.000000 0.000000 0.000000 8.708409 2.546191 -2.515429 6.834952 -2.669411 -0.264109 3.289894 0.496446 -1.497065 19.651601 -7.577510 10.227044 4.847810 -4.338324 4.731746 -0.000000 0.000000 0.000000 -1.471284 -6.306060 -13.349352 0.152394 -6.351266 -51.359564 6.146123 -23.362601 2.064142 -10.164951 -2.659902 8.334709 -14.827095 12.113439 -6.061135 -27.308137 36.089417 49.559504 118.437895 53.276979 -142.876381 -14.764909 9.538393 0.001871 
53.411901 91.178066 -124.657989 -12.391624 -30.167001 -9.572728 9.079808 4.176152 -1.022115 10.936018 -3.198541 -1.417015 -11.234812 8.460100 5.193329 -0.000000 0.000000 0.000000 -9.209952 -3.573893 0.073408 22.276053 -8.425815 1.568888 -3.509057 -9.713623 3.052297 -0.000000 0.000000 0.000000 8.799458 2.442497 -2.434326 6.823974 -2.542176 -0.326171 3.339083 0.520181 -1.539589 19.692608 -9.089654 10.582338 5.111966 -6.291773 5.405295 -0.000000 0.000000 0.000000 -1.686853 -6.035141 -13.337945 -0.174076 -6.859127 -51.616337 5.419621 -23.822819 2.109588 -10.431853 -3.130941 8.687248 -14.869727 12.001220 -5.712668 -26.842910 36.019208 49.712020 118.844075 52.865722 -142.532455 -13.628552 9.861500 -0.058712 
52.830797 91.151458 -123.694003 -12.202226 -29.853842 -9.466693 9.955768 4.455946 -0.938819 10.559833 -3.606220 -1.343434 -11.568739 8.261956 5.069311 -0.000000 0.000000 0.000000 -9.765135 -3.536053 0.444428 19.552297 -9.062444 1.528010 -1.895996 -9.890126 3.443267 -0.000000 0.000000 0.000000 8.922277 2.246993 -2.387555 6.820411 -2.487938 -0.346568 3.256337 0.390217 -1.513834 19.710939 -10.559795 10.408514 5.066425 -7.541040 5.823476 -0.000000 0.000000 0.000000 -1.484338 -5.763066 -13.636228 -0.355626 -7.067497 -51.584099 5.153392 -24.520611 2.056603 -10.534257 -3.350872 8.557175 -14.502342 11.445284 -5.138010 -25.035312 34.962956 49.088102 119.740155 52.824573 -143.078571 -14.271351 9.952245 0.496013 
52.232099 91.132867 -122.713995 -11.964729 -29.229092 -9.295755 10.730269 4.683976 -0.844957 10.352965 -4.202168 -1.179764 -11.841253 8.054703 4.899091 -0.000000 0.000000 0.000000 -10.055183 -3.547063 0.721199 16.814420 -9.765779 1.400355 -0.489068 -10.354427 3.778062 -0.000000 0.000000 0.000000 9.079470 2.022588 -2.254145 6.803140 -2.566789 -0.316741 3.152456 0.140098 -1.499239 19.580190 -11.737464 9.762978 4.846095 -8.446112 5.970004 -0.000000 0.000000 0.000000 -1.095014 -5.541989 -14.165600 -0.432522 -7.174274 -51.370925 5.318022 -24.901549 1.913575 -10.367156 -3.496601 8.192770 -13.824400 10.495122 -4.113938 -22.283795 33.110824 48.044186 120.791458 53.144378 -143.894627 -15.792096 9.950239 1.150752 
51.592797 91.098863 -121.712995 -11.742546 -28.470702 -9.084182 11.524931 4.855432 -0.740349 10.153645 -4.932662 -1.009976 -12.127304 7.915595 4.753973 -0.000000 0.000000 0.000000 -10.093710 -3.573571 0.907553 14.128114 -10.287067 1.249930 0.114851 -10.855385 3.901322 -0.000000 0.000000 0.000000 9.310627 1.827769 -2.060628 6.747006 -2.711713 -0.254925 3.011512 -0.154581 -1.480823 19.248465 -12.609139 8.639408 4.560215 -9.165107 5.882296 -0.000000 0.000000 0.000000 -0.586652 -5.411311 -14.807871 -0.395536 -7.095197 -51.155042 5.690324 -24.944763 1.731509 -9.901403 -3.401802 7.698402 -12.818451 9.332118 -2.655144 -18.869144 30.517901 46.909754 121.405395 53.572783 -144.287199 -16.782134 9.892290 1.606485 
50.899202 91.027766 -120.694995 -11.545415 -27.793639 -8.805146 12.501856 4.999745 -0.707907 9.707575 -5.731978 -0.854530 -12.415785 7.871917 4.655647 -0.000000 0.000000 0.000000 -9.997216 -3.436948 1.061121 11.537326 -10.471206 0.982571 0.290970 -11.394912 3.852644 -0.000000 0.000000 0.000000 9.541589 1.663186 -1.854629 6.720823 -2.778104 -0.198017 2.863153 -0.415809 -1.452231 18.596476 -13.272237 7.043658 4.149833 -9.799009 5.474024 -0.000000 0.000000 0.000000 0.003732 -5.324876 -15.496455 -0.254371 -6.940093 -50.958776 6.069103 -24.732091 1.466251 -9.427880 -3.097081 7.058851 -11.502209 8.118311 -0.810361 -14.988439 27.419111 45.911311 121.581304 54.509627 -144.238067 -17.846676 9.718867 2.005119 
50.138897 90.916061 -119.666994 -11.369371 -27.311991 -8.428765 13.577881 5.144892 -0.754872 9.142302 -6.482402 -0.842858 -12.694200 7.970682 4.625238 -0.000000 0.000000 0.000000 -9.828278 -3.163700 1.065548 9.185077 -10.363862 0.827070 0.403647 -11.700926 3.982715 -0.000000 0.000000 0.000000 9.764315 1.545794 -1.673098 6.688286 -2.731849 -0.149739 2.739842 -0.617057 -1.437610 17.643890 -13.740599 4.989952 3.620439 -10.455797 4.759020 -0.000000 0.000000 0.000000 0.561415 -5.104396 -16.194468 -0.094793 -6.777499 -50.744379 6.350781 -24.154819 0.957555 -8.687029 -2.789507 6.481269 -9.997618 6.798832 1.441563 -10.893990 24.162965 45.157735 121.250075 56.295767 -143.355477 -19.114828 9.530015 2.074537 
49.296698 90.753663 -118.622994 -11.208191 -27.007420 -8.033377 14.746602 5.331104 -0.783618 8.465936 -7.254839 -0.926465 -13.008516 8.154142 4.645017 -0.000000 0.000000 0.000000 -9.670458 -2.847556 0.968751 7.530726 -9.857101 0.983187 0.021153 -11.787773 4.007620 -0.000000 0.000000 0.000000 9.957708 1.382392 -1.419913 6.661122 -2.588861 -0.100688 2.651671 -0.807205 -1.423913 16.315303 -13.613985 2.425908 2.913029 -10.743534 3.357363 -0.000000 0.000000 0.000000 1.119629 -4.654105 -16.849281 0.098018 -6.598634 -50.608212 6.804581 -23.300638 0.471636 -8.203879 -2.474014 5.778470 -8.432938 5.402409 3.942385 -7.054234 21.106717 44.710602 119.261359 59.055312 -140.279080 -20.064448 9.476899 1.783494 
48.374099 90.543258 -117.559993 -11.085062 -26.817098 -7.627370 15.895436 5.468781 -0.865612 7.982498 -8.059989 -0.977725 -13.465328 8.513508 4.727594 -0.000000 0.000000 0.000000 -9.593827 -2.556317 0.922573 7.044179 -9.002097 1.075234 -1.064466 -11.628745 3.899807 -0.000000 0.000000 0.000000 10.140697 1.105710 -1.103643 6.493141 -2.413894 -0.092522 2.656907 -1.030771 -1.380661 14.946354 -12.560020 -0.422337 1.958325 -10.158407 1.243208 -0.000000 0.000000 0.000000 1.643230 -4.050835 -17.347042 0.358799 -6.406895 -50.684017 7.344960 -22.014106 -0.008430 -8.029023 -2.137219 5.402008 -6.914315 4.053738 6.286782 -3.751193 18.621922 45.022878 113.603226 63.066088 -132.999425 -20.252196 9.442008 0.752376 
47.374901 90.298265 -116.431999 -11.060777 -26.644560 -7.278532 17.054376 5.519870 -1.007297 7.754711 -8.908950 -0.925773 -14.003362 9.138466 5.059733 -0.000000 0.000000 0.000000 -9.450962 -2.364352 0.980065 7.953484 -8.157456 1.005706 -2.439684 -11.959372 2.961564 -0.000000 0.000000 0.000000 10.254964 0.730009 -0.630748 6.342830 -2.237314 -0.128997 2.761596 -1.281549 -1.279922 13.700033 -9.916190 -3.354477 0.596197 -7.567399 -1.406321 -0.000000 0.000000 0.000000 2.108313 -3.478491 -17.676438 0.547885 -6.025891 -51.022324 8.220358 -20.403452 -0.442906 -8.042342 -1.582206 5.370520 -5.485484 2.771005 8.035663 -1.264157 16.826930 46.162092 100.753999 67.390723 -118.146618 -18.637504 8.901823 -1.356514 
46.316200 90.043664 -115.216005 -11.106159 -26.390372 -6.940496 18.247306 5.525477 -1.171543 7.785652 -9.710575 -0.760609 -14.568165 9.711841 5.378023 -0.000000 0.000000 0.000000 -9.058678 -2.328070 0.969964 9.314317 -8.345020 0.917051 -3.357198 -13.307241 1.998664 -0.000000 0.000000 0.000000 10.323967 0.330930 0.005479 6.234950 -2.118716 -0.185884 2.754078 -1.461020 -1.151965 12.970540 -5.780570 -6.075786 -0.557332 -2.875664 -3.867410 -0.000000 0.000000 0.000000 2.560962 -3.186824 -18.099120 0.738902 -5.403980 -51.365275 9.334544 -18.640732 -0.700250 -7.778076 -0.830384 4.989228 -4.019421 1.669422 9.650424 0.648747 15.224959 47.349329 79.860663 69.049483 -95.462011 -14.753867 7.270830 -2.797885 
45.185000 89.874262 -113.963997 -11.074530 -26.153983 -6.736770 19.076819 5.548418 -1.080167 8.368992 -10.393435 -0.534039 -14.889051 10.162591 5.628276 -0.000000 0.000000 0.000000 -8.489086 -2.792340 0.726253 10.032564 -8.299427 1.223754 -2.124961 -13.276509 2.320389 -0.000000 0.000000 0.000000 10.228550 0.132955 0.802579 6.220910 -2.011014 -0.115481 2.695953 -1.503535 -0.989398 12.703873 -0.724361 -8.201703 -0.937749 2.858535 -5.664885 -0.000000 0.000000 0.000000 2.768390 -2.962312 -18.894048 0.907611 -5.063650 -51.462137 10.448584 -16.597786 -0.949976 -6.864567 -0.353662 4.617903 -2.383155 0.673269 11.815427 2.223302 13.742685 47.509894 58.240965 67.511393 -72.180104 -10.326839 6.959481 -4.858459 
43.981200 89.840263 -112.705004 -11.060018 -25.936600 -6.682157 19.469710 5.717171 -0.751721 9.715423 -11.087794 -0.190049 -14.905783 10.554854 5.569844 -0.000000 0.000000 0.000000 -8.087219 -3.245612 0.530771 11.295099 -7.954312 1.770330 -1.133426 -13.483037 2.722365 -0.000000 0.000000 0.000000 10.175400 -0.071264 1.583973 6.083282 -1.734176 0.011958 2.755104 -1.523364 -0.680518 12.781364 4.579493 -9.635808 -0.679576 8.995018 -7.016465 -0.000000 0.000000 0.000000 2.825398 -2.584021 -19.780555 0.993965 -4.930653 -51.562772 11.461202 -14.771339 -1.143627 -5.963998 0.157330 4.534029 -0.839777 -0.123789 13.958584 3.382222 12.577123 46.991172 38.859955 64.127472 -51.008973 -8.613221 6.989535 -6.296624 
42.682201 89.896065 -111.449993 -11.194436 -25.743286 -6.678892 19.525227 5.868455 -0.372667 11.938895 -11.903135 0.350913 -14.650974 10.991702 5.204581 -0.000000 0.000000 0.000000 -7.416006 -3.584897 0.589293 12.571871 -7.424880 2.155560 -1.326541 -13.388095 2.631645 -0.000000 0.000000 0.000000 10.300372 -0.188516 2.146967 5.705951 -1.445547 0.095256 2.968618 -1.436745 -0.235191 13.147652 9.272817 -10.489399 -0.069889 14.352169 -7.574861 -0.000000 0.000000 0.000000 2.744195 -2.251469 -20.241696 1.194120 -4.797172 -51.984664 11.965038 -13.728008 -1.320771 -5.418549 1.024574 4.812746 0.405480 -0.641383 15.416972 4.203612 11.380526 46.893737 25.145742 58.736466 -35.460505 -7.007641 5.512773 -6.626289 
41.332901 90.002370 -110.231006 -11.258543 -25.542490 -6.586956 18.996612 5.673564 -0.040540 15.036138 -12.484367 1.022398 -14.124626 11.493630 4.682345 -0.000000 0.000000 0.000000 -6.327569 -4.056875 0.948754 13.074299 -6.926290 2.154376 -2.255169 -13.349289 1.991360 -0.000000 0.000000 0.000000 10.250079 -0.117047 2.460726 5.247095 -1.270252 0.203958 3.320753 -1.296707 0.191530 13.612400 12.870518 -10.556133 0.749378 18.245506 -7.531515 -0.000000 0.000000 0.000000 2.698870 -1.886558 -20.366507 1.258210 -4.992107 -52.466480 12.089969 -13.162313 -1.623802 -5.862938 1.415007 5.263711 1.488429 -0.967807 16.479483 4.841859 10.538105 47.008559 17.107751 52.086266 -25.236887 -5.209288 4.533835 -7.711592 
39.981097 90.148264 -109.037995 -11.334727 -25.091192 -6.493426 17.830553 5.300979 0.435953 19.158287 -12.719375 1.705747 -13.179769 11.761056 3.844305 -0.000000 0.000000 0.000000 -4.694421 -4.683060 1.348455 12.795956 -6.886264 2.111082 -3.259979 -13.180672 1.446128 -0.000000 0.000000 0.000000 10.165224 0.094880 2.653915 4.867610 -1.284312 0.413704 3.536327 -1.149050 0.527454 13.899254 14.540915 -9.893015 1.251939 20.058031 -6.722939 -0.000000 0.000000 0.000000 2.647067 -1.548983 -20.514989 1.253045 -5.492964 -52.710375 11.921239 -13.012655 -1.918052 -6.895128 1.248512 5.353226 2.274257 -1.092419 17.376570 5.436469 9.761961 47.059167 12.466034 45.285517 -18.180387 -4.082711 3.437516 -7.747451 
38.661596 90.271264 -107.939994 -11.300888 -24.369417 -6.355525 15.497550 4.787466 1.252439 24.679424 -12.493026 2.069642 -11.611551 11.657570 2.693668 -0.000000 0.000000 0.000000 -2.959500 -5.216251 1.726086 12.149694 -7.014594 2.257902 -4.187785 -13.129428 0.815242 -0.000000 0.000000 0.000000 10.042574 0.393202 2.721475 4.509260 -1.439231 0.787657 3.680135 -1.094462 0.774254 13.833807 14.130355 -8.766099 1.018553 19.767147 -5.394879 -0.000000 0.000000 0.000000 2.586910 -1.096735 -20.633733 1.097463 -6.286408 -52.813385 11.870642 -13.236810 -2.031817 -8.260801 0.873070 4.988170 2.662358 -1.348584 18.139065 6.002251 9.202036 47.019938 10.572671 39.106342 -13.467617 -3.211262 2.176796 -6.577995 
37.396097 90.309662 -106.973994 -10.837320 -23.541385 -6.069733 11.752338 3.957926 2.377897 31.326109 -11.364458 1.976754 -9.251341 10.957385 1.234027 -0.000000 0.000000 0.000000 -1.723507 -5.228216 2.198798 11.478629 -7.571165 2.508335 -5.133145 -13.093090 -0.173366 -0.000000 0.000000 0.000000 9.530420 0.675991 2.508929 4.188951 -1.726739 1.456894 3.822879 -1.190922 0.768150 13.382063 12.797896 -6.821049 0.939168 17.397582 -3.946441 -0.000000 0.000000 0.000000 2.912691 -0.401740 -20.677435 0.535526 -7.763728 -53.210231 11.831988 -13.159198 -1.259733 -10.246227 0.116751 4.421897 2.932578 -2.487032 18.965265 5.848642 10.546887 47.530014 12.670969 31.486142 -12.095180 -5.336663 2.446119 -4.955954 
36.224097 90.342969 -106.096995 -10.824540 -22.798890 -6.031914 7.891268 3.620427 3.448366 38.316925 -10.244653 2.062149 -6.254971 10.161442 -0.144700 -0.000000 0.000000 0.000000 0.047804 -5.609765 2.697057 10.472565 -7.747109 2.737734 -5.927460 -12.976692 -1.097760 -0.000000 0.000000 0.000000 9.615548 1.091077 2.448738 3.942646 -2.074777 1.789942 3.822127 -1.099007 0.955449 12.786250 9.324860 -4.870612 0.685079 14.066086 -1.801425 -0.000000 0.000000 0.000000 2.834242 -0.256797 -20.927561 0.207295 -8.491021 -53.195809 11.428371 -13.860471 -1.028995 -11.136903 -0.201766 4.668829 2.977012 -1.703724 19.491789 5.815749 9.699114 48.229000 11.196436 26.613920 -9.308467 -4.729436 2.385258 -4.059503 
35.164601 90.371561 -105.263996 -10.781998 -22.235563 -5.967106 3.753775 3.233999 4.347791 44.989095 -8.657274 1.849139 -2.463438 9.593001 -1.400984 -0.000000 0.000000 0.000000 1.667210 -6.145208 3.167646 9.481408 -8.005695 2.839288 -6.578541 -12.475711 -1.981698 -0.000000 0.000000 0.000000 9.605196 1.573462 2.335070 3.958814 -2.496604 2.086327 3.641407 -0.966919 1.053720 12.585214 4.685763 -2.812056 0.328834 9.731773 0.894464 -0.000000 0.000000 0.000000 2.690273 -0.420083 -21.402417 0.249737 -9.168558 -52.967916 10.887179 -14.918117 -0.600887 -11.624394 -0.070372 5.356259 3.085102 -0.399586 19.846276 5.801077 8.988069 48.641487 10.726535 23.017490 -7.240925 -4.604739 1.070115 -3.070295 
34.171900 90.428668 -104.518998 -10.769888 -21.909878 -5.898484 0.064253 2.712386 4.953296 49.911071 -6.343203 1.237652 0.220583 10.389500 -1.741438 -0.000000 0.000000 0.000000 3.338245 -6.141810 3.729066 8.143047 -7.955043 2.808331 -7.009432 -12.577650 -2.727973 -0.000000 0.000000 0.000000 9.827026 2.103775 1.944954 3.738224 -2.824309 2.517376 3.677905 -0.821100 1.093166 12.450081 -0.462854 -0.399296 0.480198 4.544485 3.785860 -0.000000 0.000000 0.000000 2.583065 -0.322215 -21.795219 0.115687 -10.043947 -52.762476 10.729913 -16.022012 -0.227770 -11.887036 0.183897 5.702054 2.626587 0.247440 20.194300 5.932130 8.772145 48.987466 10.950805 20.534521 -6.136918 -3.523291 -0.609699 -1.896680 
33.260897 90.501159 -103.777993 -10.894266 -21.943878 -5.795610 -2.853168 2.310042 5.167707 52.724553 -3.901608 0.445206 -0.831827 12.191354 -0.720184 -0.000000 0.000000 0.000000 4.953778 -5.995017 4.156135 6.923995 -7.697583 2.630795 -7.380805 -12.763039 -2.899474 -0.000000 0.000000 0.000000 10.256971 2.589715 1.421279 3.336912 -3.079531 2.720190 3.920846 -0.639425 1.181222 12.581090 -5.382186 2.264967 0.720883 -0.386745 6.490680 -0.000000 0.000000 0.000000 2.438686 -0.201064 -21.924741 0.022220 -10.653212 -52.688822 10.543095 -17.178131 -0.149449 -12.020601 0.379734 5.989475 1.843928 1.095604 19.844003 5.820356 8.969726 49.774351 11.216403 18.692685 -4.885239 -2.043721 -2.039541 -1.043961 
32.429999 90.600663 -103.035998 -11.007864 -22.344489 -5.619646 -5.271412 1.830281 5.091169 53.402406 -2.302546 -0.490774 -1.820118 13.008535 0.142264 -0.000000 0.000000 0.000000 6.468919 -5.934403 4.355664 5.668719 -7.459596 2.433643 -7.505722 -12.600793 -2.731742 -0.000000 0.000000 0.000000 10.727208 3.103195 0.874762 2.989802 -3.364251 2.795640 4.078308 -0.435474 1.282199 12.854409 -9.592453 4.681251 1.123565 -4.763929 9.165882 -0.000000 0.000000 0.000000 2.375420 -0.259808 -21.930127 0.193207 -11.051396 -52.700136 10.314099 -18.435318 -0.182613 -12.100995 0.368844 6.177336 1.156727 2.119502 19.327209 5.754824 9.294536 50.615165 11.964370 18.415623 -4.476871 -0.821715 -2.923036 -0.250735 
31.660700 90.677768 -102.309990 -11.096028 -23.093471 -5.435079 -7.290122 1.452085 4.803221 52.331138 -1.783155 -1.304932 -2.910490 12.794487 0.639142 -0.000000 0.000000 0.000000 7.811923 -6.082649 4.335898 4.563589 -7.230078 2.319601 -7.606172 -11.994520 -2.228220 -0.000000 0.000000 0.000000 11.216425 3.601369 0.473836 2.646407 -3.635857 2.811683 4.195225 -0.239166 1.316625 12.980983 -12.836338 6.379169 1.763695 -8.592594 11.159024 -0.000000 0.000000 0.000000 2.356434 -0.388083 -21.721992 0.512276 -11.363981 -52.896733 10.551082 -19.460900 -0.208251 -11.917157 0.024276 6.153224 0.605084 2.919085 18.781503 5.506167 9.763915 51.278281 12.919140 19.397024 -4.594333 -0.378398 -2.851417 -0.113403 
30.947500 90.707964 -101.582003 -11.055441 -24.100154 -5.247838 -9.062464 1.120124 4.438956 49.743723 -1.513605 -1.981102 -3.733044 12.289172 0.837830 -0.000000 0.000000 0.000000 8.933906 -6.167888 4.229163 3.495214 -6.847427 2.278922 -7.737958 -11.383592 -1.732583 -0.000000 0.000000 0.000000 11.511031 4.062870 0.243822 2.413885 -3.851297 2.777305 4.218715 -0.071997 1.314943 12.983243 -14.959735 7.221677 2.021197 -11.404389 12.150444 -0.000000 0.000000 0.000000 2.356725 -0.591773 -21.494338 0.915134 -11.605596 -53.149813 11.047793 -20.125477 -0.193457 -11.632654 -0.256705 5.957153 0.217708 3.632110 18.313153 5.148560 10.431957 51.647924 13.499825 21.227737 -4.937626 -0.982943 -2.263774 -0.756130 
30.256501 90.695465 -100.845993 -11.054406 -25.258969 -5.144461 -10.466684 0.891984 4.108253 46.034204 -0.863660 -2.454487 -4.087950 12.063114 0.737835 -0.000000 0.000000 0.000000 10.025694 -6.137031 4.087527 2.523198 -6.441402 2.279253 -7.917886 -10.734759 -1.309962 -0.000000 0.000000 0.000000 11.796915 4.452957 0.192583 2.190720 -4.021275 2.657627 4.218138 0.105637 1.262929 12.714245 -15.986099 7.185675 2.182058 -13.155868 12.349118 -0.000000 0.000000 0.000000 2.238140 -0.824144 -21.174761 1.188309 -11.763728 -53.489747 11.426529 -20.156104 -0.339691 -11.262309 -0.538292 5.753059 -0.186740 4.264939 17.812627 4.630522 11.309541 52.034330 14.003465 23.145497 -5.507887 -1.635789 -1.444455 -1.511223 
29.602599 90.660661 -100.059998 -11.020904 -26.433853 -5.074734 -11.575308 0.636979 3.852639 41.567472 -0.089411 -2.729695 -3.783808 11.809947 0.530642 -0.000000 0.000000 0.000000 11.004976 -5.997529 3.904321 1.740964 -5.912829 2.361871 -8.167776 -10.246510 -1.008312 -0.000000 0.000000 0.000000 12.002588 4.780944 0.248674 2.071487 -4.187644 2.541799 4.203960 0.218914 1.160831 12.069463 -15.863953 6.343570 2.248783 -13.749176 11.804715 -0.000000 0.000000 0.000000 2.088334 -0.997446 -21.083625 1.405453 -11.764711 -53.711329 11.511941 -19.946463 -0.356623 -10.774992 -0.418888 5.429984 -0.529529 4.359926 17.904800 4.193268 12.155834 51.899182 14.724290 26.010012 -7.030325 -1.832555 -0.999076 -1.522765 
28.959101 90.596062 -99.261099 -11.175502 -27.532480 -5.194655 -12.302908 0.665887 3.765994 36.599707 0.290467 -2.593677 -3.059892 11.228521 0.043553 -0.000000 0.000000 0.000000 12.064700 -5.659743 3.863903 1.144631 -5.266324 2.373626 -8.457336 -10.040067 -0.931585 -0.000000 0.000000 0.000000 12.391316 4.947151 0.509985 1.806706 -4.244559 2.158635 4.229639 0.399647 1.071341 11.457673 -14.730387 5.108412 2.049017 -12.976757 10.768835 -0.000000 0.000000 0.000000 1.893814 -1.324821 -20.708233 1.422071 -11.588216 -54.123242 11.757883 -19.343502 -0.317242 -10.552675 -0.479246 5.486318 -0.983488 5.051428 17.136802 3.358271 13.124057 52.803813 14.886368 27.511272 -7.931949 -1.956786 -0.147996 -1.938302 
28.328100 90.510869 -98.409694 -11.265549 -28.576575 -5.329032 -12.869546 0.798063 3.733932 31.348437 0.710987 -2.313675 -2.187365 10.511740 -0.509489 -0.000000 0.000000 0.000000 12.809136 -5.434215 3.767851 1.106013 -4.664826 2.421683 -8.898014 -9.678901 -0.890327 -0.000000 0.000000 0.000000 12.624887 5.049834 0.822856 1.706615 -4.266775 1.753761 4.227176 0.536660 0.964499 10.757227 -12.621066 3.423476 1.744516 -11.268343 9.318477 -0.000000 0.000000 0.000000 1.675135 -1.646392 -20.420765 1.438876 -11.313704 -54.469127 11.530547 -18.781503 -0.250196 -10.517893 -0.483731 5.673928 -1.130975 5.419031 16.596557 2.640185 14.151339 53.176871 15.595181 29.582531 -9.094465 -2.846785 0.437985 -2.167267 
27.684999 90.400869 -97.506893 -11.368056 -29.524475 -5.497733 -13.241948 0.905307 3.736779 25.942570 1.238783 -2.009778 -0.804503 9.948794 -1.160690 -0.000000 0.000000 0.000000 13.534482 -5.244094 3.711937 1.175233 -4.140136 2.458298 -9.350422 -9.376971 -0.922780 -0.000000 0.000000 0.000000 12.878547 5.094972 1.161279 1.670512 -4.267550 1.316847 4.223542 0.624195 0.864744 9.810165 -9.573239 1.228430 1.316379 -8.647885 7.304096 -0.000000 0.000000 0.000000 1.508703 -1.943545 -20.121075 1.455889 -10.889068 -54.699723 11.277538 -18.494422 -0.141529 -10.435044 -0.522280 5.758138 -1.136810 5.654873 16.146935 1.982167 15.140200 53.429889 16.219773 31.582093 -10.319416 -3.774687 1.080962 -2.467539 
27.034199 90.258265 -96.535200 -11.479294 -30.283566 -5.672606 -13.483192 1.018201 3.741309 20.699777 1.596212 -1.761400 0.620896 9.341523 -1.907164 -0.000000 0.000000 0.000000 14.373189 -5.169678 3.676639 1.200951 -3.701908 2.479819 -9.843487 -9.071555 -1.018119 -0.000000 0.000000 0.000000 13.126200 5.088803 1.502542 1.704486 -4.316618 0.881356 4.164345 0.662474 0.777485 9.037010 -5.951250 -1.363567 0.574824 -5.339108 4.882946 -0.000000 0.000000 0.000000 1.393498 -2.243359 -19.842028 1.612348 -10.443131 -54.749983 11.250970 -18.491486 -0.020590 -10.542569 -0.695356 5.894469 -1.064905 5.735529 15.810604 1.436903 16.004810 53.521540 16.755649 33.310545 -11.351682 -4.704361 1.753501 -2.833872 
26.371098 90.085864 -95.473796 -11.521972 -30.804587 -5.809203 -13.570390 1.097036 3.722892 15.636646 1.602123 -1.557133 1.666858 8.555298 -2.555124 -0.000000 0.000000 0.000000 15.277911 -5.126432 3.658904 1.202690 -3.295428 2.511548 -10.425163 -8.921121 -1.091143 -0.000000 0.000000 0.000000 13.270963 5.031920 1.802548 1.792574 -4.385745 0.495719 4.074625 0.617973 0.723202 8.539396 -1.929526 -4.151068 -0.186462 -1.529674 1.973196 -0.000000 0.000000 0.000000 1.336174 -2.499647 -19.625446 1.717053 -10.022329 -54.698716 11.389789 -18.443623 0.085274 -10.621422 -0.959670 5.918815 -0.931491 5.622774 15.576633 1.043201 16.750711 53.455325 17.013131 34.606652 -12.017024 -5.554078 2.378851 -3.039136 
25.697801 89.895564 -94.307399 -11.517087 -31.081837 -5.948305 -13.572605 1.157457 3.680559 11.126016 1.480531 -1.376650 2.053711 7.870924 -2.927025 -0.000000 0.000000 0.000000 16.349603 -5.210549 3.679257 1.040079 -2.966065 2.574129 -10.996061 -8.812309 -1.049270 -0.000000 0.000000 0.000000 13.342007 5.002728 2.055093 1.869615 -4.485059 0.177066 3.964372 0.543637 0.689929 8.457277 1.661132 -6.831411 -0.760995 2.018015 -0.786163 -0.000000 0.000000 0.000000 1.276690 -2.771839 -19.426440 1.759603 -9.712494 -54.655965 11.538040 -18.211377 0.099271 -10.760269 -1.113018 5.890912 -0.744764 5.413437 15.479798 0.869689 17.180557 53.253642 16.981243 35.334240 -12.299711 -6.048844 2.891563 -3.200628 
25.019699 89.680362 -93.031800 -11.459789 -31.152768 -6.059898 -13.484110 1.021314 3.541649 7.335893 1.134737 -1.209932 2.031562 7.482041 -3.047575 -0.000000 0.000000 0.000000 17.476085 -5.256043 3.754288 0.886160 -2.598558 2.595027 -11.653791 -8.978345 -1.071921 -0.000000 0.000000 0.000000 13.336392 5.020655 2.186825 1.941431 -4.569121 -0.079223 3.919835 0.466291 0.652498 8.494089 4.322699 -9.128175 -1.019407 4.595659 -3.103200 -0.000000 0.000000 0.000000 1.193852 -2.954043 -19.218443 1.665244 -9.550425 -54.637773 11.836941 -17.896299 0.193559 -10.800703 -1.094877 5.705120 -0.562290 5.164321 15.455232 0.890258 17.293114 53.070133 16.815893 35.350257 -12.372145 -6.062526 3.035648 -3.195380 
24.339399 89.439064 -91.653293 -11.322953 -31.114522 -6.182695 -13.471512 0.718625 3.345270 4.789078 0.608879 -0.972731 1.837508 7.307896 -2.964620 -0.000000 0.000000 0.000000 18.552427 -5.280570 3.913283 0.834427 -2.187417 2.559956 -12.379288 -9.277084 -1.112778 -0.000000 0.000000 0.000000 13.270495 5.080233 2.212974 1.918377 -4.627610 -0.297956 3.937371 0.400565 0.595356 8.465194 5.967177 -10.827936 -0.943495 6.144287 -4.634571 -0.000000 0.000000 0.000000 1.185487 -3.055935 -19.048730 1.538692 -9.473768 -54.588758 11.926137 -17.749789 0.301073 -10.956063 -1.055654 5.658774 -0.391119 4.979877 15.492859 1.110207 17.110474 52.924857 16.514999 34.669672 -12.137880 -5.632099 3.049136 -3.114483 
23.662299 89.173168 -90.158695 -11.194211 -31.051221 -6.388333 -13.479281 0.415692 3.208025 3.809109 0.147450 -0.903377 1.385962 7.458435 -2.783165 -0.000000 0.000000 0.000000 19.696480 -5.444266 4.081856 0.841451 -1.830010 2.556070 -13.064598 -9.431479 -1.060555 -0.000000 0.000000 0.000000 13.138750 5.200951 2.160297 1.867165 -4.667276 -0.471156 3.996220 0.403523 0.503264 8.414451 6.684060 -11.739780 -0.751211 6.758559 -5.333188 -0.000000 0.000000 0.000000 1.149956 -3.070026 -18.949325 1.468780 -9.517488 -54.458953 11.922253 -17.719871 0.343854 -11.179740 -1.121282 5.759632 -0.242446 4.861518 15.585304 1.387273 16.701432 52.785784 15.919669 33.247415 -11.329749 -5.063123 2.834702 -3.026625 
22.979400 88.897067 -88.535798 -11.053973 -31.108706 -6.667702 -13.416291 0.117863 3.134603 4.236895 0.007451 -0.955730 1.173169 7.802818 -2.510043 -0.000000 0.000000 0.000000 20.841271 -5.674251 4.243894 0.916940 -1.476864 2.519900 -13.659091 -9.444255 -0.966995 -0.000000 0.000000 0.000000 12.874786 5.412335 1.962058 1.865055 -4.636459 -0.577234 4.053660 0.484676 0.395624 8.239236 6.576672 -11.705197 -0.497965 6.490123 -5.148557 -0.000000 0.000000 0.000000 1.076071 -2.956764 -18.986391 1.447879 -9.634782 -54.189033 11.874903 -17.756041 0.361633 -11.285733 -1.130686 5.632225 -0.087330 4.834297 15.806563 1.745130 16.149407 52.559187 15.220256 31.233755 -10.189851 -4.312099 2.396459 -2.811767 
22.330199 88.618869 -86.803800 -10.710557 -31.327424 -6.828608 -13.413550 -0.378163 2.950635 5.491059 -0.054476 -0.942608 2.399891 7.917933 -1.836841 -0.000000 0.000000 0.000000 21.627897 -5.897072 4.254038 1.306962 -1.087775 2.455039 -14.246747 -9.359909 -0.988994 -0.000000 0.000000 0.000000 12.292284 5.631204 1.562649 2.052535 -4.565357 -0.581452 3.948446 0.568778 0.296843 8.145091 5.958937 -11.065450 -0.656344 5.999526 -4.339506 -0.000000 0.000000 0.000000 1.052948 -2.726776 -19.258843 1.544609 -9.798172 -53.730152 11.577583 -17.858943 0.340414 -11.454338 -0.947096 5.452797 0.105043 4.918438 16.134316 2.192716 15.642209 52.256843 14.620269 28.807889 -9.005112 -3.145135 1.686930 -2.343360 
21.734698 88.391370 -84.976196 -10.199965 -31.774193 -6.771885 -13.363503 -1.059218 2.647297 6.133320 0.243017 -0.785630 4.839471 8.362299 -1.546825 -0.000000 0.000000 0.000000 21.864107 -5.904726 4.016849 2.302717 -0.669327 2.208728 -14.867728 -9.377311 -1.068310 -0.000000 0.000000 0.000000 11.509728 5.781626 0.945531 2.384728 -4.456621 -0.513322 3.777381 0.620687 0.194785 7.966895 5.365498 -10.268717 -0.828922 5.394175 -3.450293 -0.000000 0.000000 0.000000 1.075979 -2.373691 -19.674437 1.757271 -10.047304 -53.164241 11.128373 -17.945050 0.331065 -11.549090 -0.756994 5.394494 0.234673 4.981151 16.726746 2.673642 15.361310 51.785348 14.118847 26.238193 -7.974809 -1.718262 0.829903 -1.575538 
21.214700 88.276863 -83.072698 -9.663284 -32.369560 -6.468667 -13.674728 -1.843467 2.464493 7.817328 0.432546 -1.304675 5.922215 9.225731 -1.298956 -0.000000 0.000000 0.000000 21.506231 -5.824674 3.442976 4.171634 -0.284592 1.797700 -15.426971 -9.574051 -1.026993 -0.000000 0.000000 0.000000 10.844573 5.898110 0.124086 2.554465 -4.343267 -0.450320 3.691269 0.632716 0.051799 7.743377 4.836415 -9.508642 -0.880178 4.669300 -2.682157 -0.000000 0.000000 0.000000 1.131808 -2.049873 -19.970863 1.962254 -10.304254 -52.666533 11.009678 -17.852576 0.343149 -11.581250 -0.502531 5.487097 0.288940 4.920018 17.471843 3.022975 15.146924 51.445629 13.622770 23.625488 -7.165123 -0.367263 0.074636 -1.132908 
20.769699 88.336062 -81.131101 -9.335230 -32.844668 -6.070110 -14.279506 -2.483309 1.963034 10.867255 0.487266 -1.976994 4.559561 9.917381 -0.481661 -0.000000 0.000000 0.000000 20.776440 -5.786380 2.655860 6.956740 -0.021926 1.160983 -15.583926 -9.868433 -0.582465 -0.000000 0.000000 0.000000 10.568222 6.016502 -0.791092 2.427559 -4.288234 -0.490277 3.864454 0.564223 -0.079175 7.568132 4.387351 -8.787578 -0.785044 3.994810 -2.171700 -0.000000 0.000000 0.000000 1.141130 -1.880962 -19.997490 1.953244 -10.569141 -52.339800 11.175412 -17.525085 0.314678 -11.425470 -0.254481 5.576422 0.232870 4.754449 18.099841 3.164547 14.944750 51.557076 12.581079 21.118966 -6.505004 0.537253 -0.583327 -1.136897 
20.341399 88.532269 -79.116303 -9.298318 -33.191162 -5.945779 -13.996163 -2.584566 1.432555 13.010376 0.384819 -2.335561 2.475114 10.297355 0.381632 -0.000000 0.000000 0.000000 19.879450 -5.863565 1.848367 10.497962 0.116803 0.578261 -15.087815 -9.935459 0.276818 -0.000000 0.000000 0.000000 10.484778 6.031398 -1.441617 2.239747 -4.177254 -0.623900 4.152949 0.505404 -0.194543 7.642164 3.811884 -8.102164 -0.677940 3.308914 -1.637813 -0.000000 0.000000 0.000000 1.086013 -1.812627 -19.705728 1.785523 -10.777612 -52.328867 11.394441 -17.196003 0.273714 -11.169689 0.051277 5.634540 0.141681 4.518709 18.267983 3.102900 14.596819 52.228142 11.330266 19.079386 -5.945156 1.063404 -1.297580 -1.137856 
19.931400 88.824266 -77.103502 -9.125330 -33.709651 -5.999905 -12.627724 -1.677098 1.405685 13.017701 0.246785 -2.744015 0.424535 10.118829 1.098008 -0.000000 0.000000 0.000000 17.992192 -5.923384 0.999980 15.288153 0.168042 0.176630 -13.969590 -9.700858 1.312524 -0.000000 0.000000 0.000000 9.969139 5.721776 -1.860958 2.369043 -3.790756 -0.646438 4.269731 0.521926 -0.321014 8.073032 3.181727 -7.369239 -0.531686 2.714873 -1.221046 -0.000000 0.000000 0.000000 1.157306 -1.695236 -19.539991 1.712387 -10.884258 -52.243182 11.470714 -17.470968 0.407526 -11.095769 0.443338 5.610993 0.243834 4.355930 18.363309 3.210365 14.432251 52.652467 10.634849 18.050861 -5.529856 1.226899 -1.961422 -0.807678 
19.556999 89.164567 -75.212699 -8.821581 -34.525721 -6.013933 -10.877327 -0.705971 1.622251 11.906600 0.382030 -3.404257 -0.812133 9.894742 1.653503 -0.000000 0.000000 0.000000 14.773351 -5.844411 -0.057512 21.537648 0.051856 -0.167322 -11.927699 -9.173445 2.306873 -0.000000 0.000000 0.000000 9.392924 5.174404 -2.405532 2.553170 -3.236751 -0.592731 4.149076 0.510333 -0.400166 8.585532 2.617670 -6.615423 -0.271006 2.316919 -0.811711 -0.000000 0.000000 0.000000 1.365139 -1.333611 -19.404360 1.779071 -10.910438 -52.075174 11.193753 -18.544524 0.678976 -11.743167 1.132528 5.062864 0.373907 4.166521 18.511001 3.354609 14.778916 52.854933 10.672863 17.757259 -5.340935 1.337672 -2.299283 0.099461 
19.237499 89.437860 -73.521501 -8.525509 -35.372838 -6.054502 -9.302414 -0.067228 1.693832 10.713742 0.457415 -3.872745 -1.538768 10.008567 2.229422 -0.000000 0.000000 0.000000 10.712474 -5.623622 -0.973334 28.531216 -0.148205 -0.551308 -9.248816 -8.744933 2.800380 -0.000000 0.000000 0.000000 9.138202 4.490950 -2.956418 2.611790 -2.713339 -0.517470 3.948520 0.396265 -0.441422 8.836172 2.115204 -5.997311 -0.048399 2.049469 -0.419129 -0.000000 0.000000 0.000000 1.644408 -0.997101 -19.203365 1.900346 -10.892115 -51.768766 11.029433 -20.406927 1.138338 -12.732399 1.727502 4.048404 0.421147 4.008907 18.618665 3.565344 15.341418 53.033726 11.248986 18.507058 -5.628826 1.329946 -2.315323 1.341293 
18.911199 89.642662 -72.004098 -8.574075 -35.993957 -6.369161 -7.585629 0.479618 1.783906 9.631035 0.187659 -4.179688 -2.350481 10.224428 2.824950 -0.000000 0.000000 0.000000 6.834667 -5.564715 -1.589796 35.177942 -0.739736 -0.759006 -6.601192 -8.778143 2.720381 -0.000000 0.000000 0.000000 9.316295 3.739442 -3.391106 2.811787 -2.363903 -0.420377 3.758637 0.175592 -0.467226 8.768563 1.711494 -5.554926 -0.119573 1.911857 -0.130285 -0.000000 0.000000 0.000000 1.922069 -0.994692 -19.071141 2.072934 -10.869753 -51.134321 11.178738 -23.159981 1.861454 -13.870469 2.350238 3.553574 0.326810 4.030140 18.814093 3.717247 15.801222 53.130454 11.609285 20.288831 -6.105165 0.979083 -2.088656 2.049147 
18.590300 89.824069 -70.660102 -8.837055 -36.459932 -6.820232 -5.875067 1.184744 1.964630 8.707934 0.067259 -4.497380 -3.093375 10.168580 2.991483 -0.000000 0.000000 0.000000 3.464024 -5.332729 -1.981386 40.376349 -2.182249 -0.602371 -7.091347 -9.864579 1.902029 -0.000000 0.000000 0.000000 9.783464 2.955230 -3.759794 3.079233 -2.175892 -0.320675 3.569665 -0.102760 -0.463497 8.653101 1.635061 -5.306570 -0.372505 1.614886 -0.155354 -0.000000 0.000000 0.000000 2.151468 -1.338607 -18.951283 2.227844 -10.914825 -50.312566 11.878257 -26.258979 2.980773 -14.260003 2.693812 3.653562 0.145737 4.316261 19.114364 3.913178 16.168954 53.207134 11.822414 22.776064 -6.823313 0.007144 -1.535439 1.615680 
18.296400 90.040261 -69.464993 -9.078497 -36.700293 -7.372188 -4.519551 2.059468 2.157235 8.117224 -0.210973 -4.494142 -3.634363 9.902963 2.864353 -0.000000 0.000000 0.000000 0.549047 -5.051986 -2.099840 43.522808 -3.450356 -0.157859 -8.442530 -10.377494 1.151802 -0.000000 0.000000 0.000000 10.301796 2.206924 -3.794449 3.327332 -2.095768 -0.227911 3.374582 -0.351883 -0.529588 8.760782 1.797404 -5.283853 -0.528677 1.089605 -0.411508 -0.000000 0.000000 0.000000 2.245578 -1.836745 -18.821851 2.187412 -11.149915 -49.337645 13.556986 -29.428877 4.713664 -13.371885 2.431521 2.686800 0.030469 4.571923 19.399068 3.975286 16.291238 53.451315 12.237245 25.636595 -7.897041 -0.927669 -0.586773 0.840149 
18.001199 90.253270 -68.367201 -9.131521 -36.788994 -7.824919 -3.363201 2.520627 2.330215 7.539707 -0.330552 -4.428524 -4.127631 9.711340 2.750745 -0.000000 0.000000 0.000000 -2.058149 -4.642457 -1.984299 44.849163 -4.182391 0.388825 -9.143133 -10.258072 0.952930 -0.000000 0.000000 0.000000 10.505696 1.552711 -3.604384 3.666756 -2.017380 -0.224762 3.164909 -0.580636 -0.639280 9.226115 1.967056 -5.291311 -0.689410 0.567047 -0.635207 -0.000000 0.000000 0.000000 2.277230 -2.335604 -18.529627 2.231332 -11.685500 -48.401697 15.694727 -33.504120 7.303400 -12.302531 2.532932 1.287257 0.249577 4.905680 19.222399 4.005896 16.637762 53.772234 13.405800 28.541970 -8.804827 -3.510081 0.310499 -0.104284 
17.658199 90.450662 -67.382103 -8.953149 -36.709764 -8.116542 -2.381121 2.797982 2.653891 6.876839 -0.309791 -4.493399 -4.581225 9.434918 2.472979 -0.000000 0.000000 0.000000 -4.347536 -3.912600 -1.532613 44.636346 -4.798474 1.067728 -9.181844 -10.154506 1.129438 -0.000000 0.000000 0.000000 10.584829 0.988036 -3.746541 3.849387 -1.870975 0.192210 3.188161 -0.839170 -0.813239 9.413561 2.845999 -4.958718 -0.346704 -0.232413 -0.904353 -0.000000 0.000000 0.000000 2.483336 -2.122376 -17.895658 1.755807 -13.196913 -47.876101 18.664045 -38.090391 11.023471 -12.570308 2.048814 -0.103843 0.191856 3.524850 19.389954 3.922082 18.257551 54.445099 15.484499 29.822147 -11.044731 -6.883341 1.646051 -0.013189 
17.296699 90.625566 -66.446292 -9.153490 -36.483712 -8.586424 -0.961943 3.504566 2.913341 5.853249 -0.956271 -4.442071 -4.954500 9.288164 2.160923 -0.000000 0.000000 0.000000 -5.832148 -3.585733 -1.052240 43.320624 -4.900302 1.425512 -9.125847 -10.036591 1.605103 -0.000000 0.000000 0.000000 11.138836 0.416697 -3.651504 3.671194 -1.560468 0.129815 3.216118 -0.938871 -0.679760 9.747756 2.832581 -4.862169 -0.050002 -0.364249 -0.861015 -0.000000 0.000000 0.000000 2.117829 -2.065113 -17.116541 1.587377 -14.357520 -46.825492 22.204674 -44.012771 14.237521 -11.765400 0.641287 -0.099784 0.006896 3.790287 18.775051 4.629657 18.153033 53.688511 13.702518 32.491840 -7.838911 -7.399636 2.974204 -1.783824 
16.932599 90.745562 -65.593100 -9.036006 -36.047507 -8.761681 -0.016493 3.873817 3.080838 5.185636 -1.254260 -4.376258 -5.384883 8.861249 1.941314 -0.000000 0.000000 0.000000 -7.323582 -3.468002 -0.608652 41.599833 -5.425684 1.649913 -9.171011 -9.575147 2.064214 -0.000000 0.000000 0.000000 11.256325 0.066095 -3.620039 3.937501 -1.500371 0.132150 3.011519 -0.874379 -0.488938 10.136235 2.889818 -4.903330 0.168796 -0.717074 -0.605418 -0.000000 0.000000 0.000000 1.714304 -2.630537 -16.583595 1.321996 -15.680612 -45.743845 27.483757 -49.935565 20.131124 -10.401522 -0.927275 -0.705977 0.349330 4.694437 18.889983 4.931762 16.721958 54.014017 13.238128 33.735809 -8.481869 -5.523864 3.335482 -1.981376 
16.544200 90.810859 -64.824796 -8.722873 -35.286290 -8.718223 0.573221 3.846415 3.176414 4.793151 -1.598215 -4.320343 -5.820938 8.573666 1.748114 -0.000000 0.000000 0.000000 -8.653496 -3.499597 -0.207871 39.575379 -6.259118 1.923669 -9.279203 -9.408125 2.449698 -0.000000 0.000000 0.000000 11.337919 -0.230711 -3.740116 4.030040 -1.480022 0.291452 2.995988 -0.893543 -0.368335 10.343842 3.217737 -4.842147 0.360950 -1.254665 -0.344906 -0.000000 0.000000 0.000000 1.194525 -3.076967 -15.676577 0.840870 -18.100725 -44.564991 34.567721 -55.649045 27.713712 -10.211952 -3.003123 -0.171882 0.482502 4.829297 18.996612 5.244687 16.444418 54.008198 13.466659 32.989488 -8.542413 -4.343157 3.210716 -2.414168 
16.128500 90.833867 -64.100897 -8.408099 -34.347815 -8.540438 1.061505 3.580707 3.136476 4.582927 -2.086858 -4.226255 -6.398240 8.475996 1.637549 -0.000000 0.000000 0.000000 -9.747003 -3.639749 0.054349 37.441251 -7.131125 2.160579 -9.370780 -9.249476 2.998914 -0.000000 0.000000 0.000000 11.484646 -0.385840 -3.904687 4.092595 -1.485241 0.469057 2.955992 -0.874072 -0.320875 10.526164 3.666755 -4.815121 0.658371 -1.920257 -0.071042 -0.000000 0.000000 0.000000 0.334247 -3.770048 -14.612237 0.262452 -21.074724 -42.822302 45.950136 -60.357762 39.205988 -8.079428 -5.572647 0.914670 0.547617 4.941172 19.173094 5.701106 15.857872 53.818828 13.127690 31.573518 -7.935348 -3.757035 2.795921 -2.145204 
15.679200 90.813965 -63.406795 -8.030118 -33.374509 -8.246809 1.398478 3.140133 3.049117 4.532291 -2.529671 -4.160171 -6.968538 8.403813 1.678055 -0.000000 0.000000 0.000000 -10.714584 -3.677232 0.325742 35.242591 -7.799889 2.286192 -9.329112 -8.809696 3.641190 -0.000000 0.000000 0.000000 11.513783 -0.447725 -4.058852 4.209366 -1.463467 0.658937 2.919089 -0.834549 -0.263087 10.722893 4.147695 -4.993109 1.030025 -2.552204 0.205004 -0.000000 0.000000 0.000000 -0.771318 -4.737678 -13.248458 -1.007673 -24.443735 -41.479273 59.586823 -63.147169 53.719029 -6.063321 -7.808378 0.934122 0.715939 5.105358 19.226127 6.233508 15.127716 53.587971 12.961259 29.898028 -7.415762 -3.487269 2.191542 -0.875218 
15.187499 90.773964 -62.713295 -7.613590 -32.288348 -7.871572 1.729089 2.583231 2.942373 4.422161 -3.079976 -4.121116 -7.469424 8.409044 1.796076 -0.000000 0.000000 0.000000 -11.314245 -3.652475 0.549079 32.647166 -8.074238 2.440966 -9.350259 -8.244068 4.241867 -0.000000 0.000000 0.000000 11.378260 -0.463071 -4.186303 4.400952 -1.517878 0.888402 2.963070 -0.813981 -0.173368 11.009290 4.626744 -5.427109 1.282482 -2.936007 0.471089 -0.000000 0.000000 0.000000 -2.045954 -5.876659 -11.641023 -2.893439 -28.208143 -40.661298 72.424517 -64.836228 68.154536 -5.702802 -9.187250 1.458396 0.867472 5.244720 19.120060 6.910489 14.579541 53.332700 12.970802 28.279758 -6.938809 -3.221793 1.576389 0.398609 
14.634800 90.742666 -62.004399 -7.224626 -31.149688 -7.493659 2.156078 2.029522 2.860669 4.219360 -3.689255 -4.054643 -7.864841 8.366187 1.887228 -0.000000 0.000000 0.000000 -11.423342 -3.588459 0.835373 29.514119 -8.232749 2.532974 -9.368593 -7.887038 4.792986 -0.000000 0.000000 0.000000 11.204286 -0.462767 -4.230511 4.521607 -1.649745 1.147348 3.088047 -0.813286 -0.033373 11.360121 5.151770 -6.125133 1.588119 -3.066279 0.643469 -0.000000 0.000000 0.000000 -3.409126 -7.031836 -9.815260 -5.568231 -32.024604 -40.604409 83.385544 -65.072898 80.910987 -5.740369 -10.409302 2.411823 0.992117 5.274871 18.860534 7.560038 14.103333 53.199964 13.459528 26.820132 -6.734924 -2.536026 1.316970 1.264843 
14.020000 90.728170 -61.286896 -6.799716 -30.094247 -7.062973 2.592046 1.622709 2.813054 3.907809 -4.171352 -3.980317 -7.996224 8.143015 1.755606 -0.000000 0.000000 0.000000 -11.200733 -3.458393 1.249278 26.018298 -8.485778 2.351677 -9.244184 -7.735895 5.222708 -0.000000 0.000000 0.000000 10.980391 -0.471384 -4.242691 4.557629 -1.842203 1.428323 3.223448 -0.890880 0.168770 11.650119 5.751450 -6.986349 2.050064 -3.062224 0.680463 -0.000000 0.000000 0.000000 -4.622209 -8.173337 -8.001577 -8.710996 -35.367684 -41.143022 91.428088 -64.351316 91.160945 -5.552111 -11.476940 3.189359 1.115921 5.268565 18.617674 8.276378 13.740735 53.073426 14.242674 25.908948 -7.004422 -2.028634 1.101563 1.666616 
13.335800 90.721864 -60.559398 -6.301433 -29.160080 -6.604849 2.930333 1.301401 2.813327 3.671253 -4.594525 -3.888278 -8.049202 7.882515 1.591309 -0.000000 0.000000 0.000000 -10.744816 -3.361819 1.748711 22.394237 -8.649887 2.061263 -9.278356 -7.609687 5.456441 -0.000000 0.000000 0.000000 10.594805 -0.489996 -4.240389 4.628413 -2.079211 1.737351 3.356408 -0.993591 0.438251 11.990502 6.299701 -7.879045 2.182018 -2.974315 0.676016 -0.000000 0.000000 0.000000 -5.750092 -9.102188 -6.184582 -12.257113 -38.243886 -42.285448 97.059194 -63.837264 99.174545 -6.733546 -11.647250 2.669591 1.205394 5.141241 18.289433 8.782898 13.552598 53.035568 14.784333 25.386632 -7.332106 -1.732509 0.823999 1.967404 
12.578100 90.711367 -59.797096 -5.920486 -28.381900 -6.188717 3.562744 1.075652 2.786116 3.186241 -4.989290 -3.726970 -8.245815 7.711359 1.400405 -0.000000 0.000000 0.000000 -10.022926 -3.239164 2.257241 19.217603 -8.771151 1.852443 -9.359534 -7.559735 5.642346 -0.000000 0.000000 0.000000 10.231546 -0.507635 -4.165290 4.680950 -2.298496 2.028459 3.449029 -1.072590 0.667512 12.376050 6.757899 -8.703772 2.335814 -2.921692 0.613114 -0.000000 0.000000 0.000000 -6.772685 -9.905194 -4.532892 -15.774540 -40.594641 -43.482748 100.872373 -63.180226 105.304996 -8.078131 -12.121266 2.288525 1.201987 5.003055 17.899111 9.033112 13.411143 53.207099 14.906201 25.060043 -7.564748 -2.116510 0.736394 2.098259 
11.734800 90.673363 -58.989799 -5.681764 -27.842691 -5.772621 4.429038 0.871875 2.716319 2.660291 -5.376712 -3.614180 -8.529374 7.709350 1.344908 -0.000000 0.000000 0.000000 -9.192347 -3.059236 2.711121 17.105292 -8.826183 1.745075 -9.309460 -7.610417 5.757074 -0.000000 0.000000 0.000000 9.860774 -0.547263 -4.072800 4.818930 -2.466344 2.288099 3.471706 -1.123274 0.838820 12.739154 7.131543 -9.444993 2.427106 -2.842842 0.506916 -0.000000 0.000000 0.000000 -7.610692 -10.584816 -3.041882 -18.751506 -42.247420 -44.371290 103.835151 -62.426680 110.685543 -9.021071 -11.999973 1.853342 1.075994 5.031153 17.589214 9.098369 13.401586 53.447171 14.819505 24.875412 -7.776789 -2.699374 0.686681 2.304411 
10.861500 90.600365 -58.139300 -5.414718 -27.718896 -5.101181 4.881574 0.658261 2.122961 3.291927 -3.955495 -2.825386 -9.486699 6.243317 -0.123424 -0.000000 0.000000 0.000000 -8.547185 -2.456542 2.982898 16.351918 -10.030330 1.367109 -8.453087 -6.737941 5.743230 -0.000000 0.000000 0.000000 9.873563 -0.472669 -3.885636 4.335206 -2.828542 2.005631 2.803355 -0.603656 1.271432 14.566814 6.944611 -11.129866 1.536684 -2.636491 1.982520 -0.000000 0.000000 0.000000 -8.776956 -10.866526 -2.724877 -20.265250 -45.368596 -45.043610 104.899947 -63.741291 115.914284 -9.141022 -10.912945 -4.561900 2.139185 5.267952 17.431113 8.894137 13.149192 53.338440 13.033968 26.021533 -6.525179 -1.291279 -0.442787 -0.349971 
9.923030 90.396965 -57.264596 -5.472668 -27.540432 -4.476418 5.082397 -0.253685 1.503030 4.876718 -4.072023 -2.612170 -10.908870 6.853156 0.379900 -0.000000 0.000000 0.000000 -7.396934 -2.176442 3.022159 16.010941 -10.236889 0.944129 -8.785676 -6.739023 5.258550 -0.000000 0.000000 0.000000 9.732575 -0.324396 -3.748136 4.282428 -2.968125 2.084765 2.847345 -0.508296 1.291997 15.019609 7.136764 -11.780237 1.529698 -2.917581 1.768506 -0.000000 0.000000 0.000000 -9.411816 -11.296460 -1.531916 -22.553659 -46.236241 -45.064797 106.834722 -63.523518 120.302024 -11.927665 -10.033549 -8.040798 2.055465 5.433650 17.169845 8.634463 13.717979 53.693520 13.566373 26.290213 -7.190415 -1.826274 -0.634907 -0.285311 
9.027480 90.054262 -56.402802 -5.462167 -27.307559 -3.812471 3.439656 -1.723163 0.571491 9.760678 -4.343251 -2.184546 -13.311829 7.918449 1.479514 -0.000000 0.000000 0.000000 -6.058202 -2.307167 2.858418 15.207491 -9.702301 0.667915 -9.930361 -6.848522 4.467857 -0.000000 0.000000 0.000000 9.734335 0.104164 -3.233698 3.813093 -3.286061 2.149372 3.141073 -0.383639 1.198653 15.349764 6.990401 -12.571685 1.692421 -3.102757 1.405963 -0.000000 0.000000 0.000000 -9.937046 -11.785879 -0.368937 -24.290700 -46.539179 -44.483784 108.150042 -63.036425 123.764066 -13.335971 -9.787078 -9.801300 1.888484 5.746848 16.795970 8.128483 14.066628 54.101659 14.111809 26.762733 -7.817599 -2.508757 -0.580847 -0.430684 
8.211820 89.625967 -55.618399 -5.594990 -26.795058 -4.055837 -0.596751 -3.027751 0.309297 19.076577 -4.407107 -1.534372 -15.767369 8.634060 2.057964 -0.000000 0.000000 0.000000 -5.300132 -2.435726 3.200198 15.836587 -9.054808 1.053622 -11.488746 -7.430340 3.325883 -0.000000 0.000000 0.000000 10.418291 0.556648 -1.548772 2.814184 -3.518862 2.440561 3.574691 -0.110050 1.102935 15.398601 6.269258 -13.608757 2.024441 -3.000073 0.799727 -0.000000 0.000000 0.000000 -10.507533 -12.271570 0.756810 -26.044449 -46.224499 -44.317422 108.781141 -62.401402 126.066492 -14.947129 -9.535641 -10.646157 1.773634 6.274473 16.035765 7.371317 13.973972 54.316546 14.570266 27.592405 -8.299277 -3.760559 -0.620970 -1.006530 
7.353640 89.099061 -54.806095 -6.464743 -26.164879 -5.267261 -4.798919 -2.895156 1.091401 29.709273 -3.593294 -0.735781 -16.653830 8.003961 1.150210 -0.000000 0.000000 0.000000 -4.078002 -2.658314 3.940761 17.296497 -9.109140 1.987862 -13.328977 -7.307611 2.158671 -0.000000 0.000000 0.000000 11.799999 1.104213 0.421654 2.202835 -3.569768 3.047194 3.668711 0.447197 1.310914 15.643042 5.610937 -14.302415 2.069713 -3.216438 0.385091 -0.000000 0.000000 0.000000 -11.183775 -13.212773 2.073180 -27.469866 -45.576743 -44.203608 108.754731 -62.093502 127.471902 -16.141313 -9.032074 -10.399158 1.938989 7.466451 14.887861 6.593869 13.390457 54.228038 15.402318 28.990916 -9.072198 -5.155428 -0.754349 -1.566169 
6.451080 88.674366 -54.021299 -7.296669 -25.767213 -5.927351 -8.715679 -2.355902 1.831421 38.747087 -2.452105 -0.427514 -15.683926 7.805544 -0.708197 -0.000000 0.000000 0.000000 -2.976129 -3.618707 4.202675 18.801925 -9.279419 2.402914 -14.978846 -6.257785 1.694553 -0.000000 0.000000 0.000000 12.507843 2.011250 1.003033 2.752605 -3.634112 3.954462 3.414399 1.026117 1.628637 16.266212 5.530929 -13.881254 2.392964 -4.516488 0.289966 -0.000000 0.000000 0.000000 -11.619093 -14.372077 3.097924 -28.392731 -45.116110 -43.002998 107.175435 -61.940472 127.383110 -15.899240 -9.007365 -11.162891 2.138320 9.189158 14.522871 5.576328 13.257765 53.339789 16.467701 29.764343 -9.996277 -6.568135 -0.726316 -2.235792 
5.478570 88.475162 -53.186500 -7.754391 -25.824730 -6.109332 -12.082371 -1.902625 2.225560 45.049938 -2.545198 -0.415973 -15.167344 6.866170 -0.989088 -0.000000 0.000000 0.000000 -2.085456 -4.059224 4.471742 19.761388 -9.188030 2.350703 -16.040279 -5.714779 1.168146 -0.000000 0.000000 0.000000 12.746097 2.683564 0.915290 2.968433 -3.613904 4.664515 3.262555 1.574360 1.958258 17.305698 4.996664 -13.129269 2.957978 -5.592836 0.584624 -0.000000 0.000000 0.000000 -11.452784 -14.885805 3.923645 -28.029978 -44.011100 -40.904417 106.013711 -61.914633 127.397661 -15.288209 -9.569267 -11.298865 2.077934 10.866811 14.114581 4.273201 13.900504 53.053506 17.879478 29.455219 -11.082483 -5.746522 -0.758062 -2.744685 
4.444090 88.532269 -52.165401 -8.202155 -26.276906 -6.047417 -14.201770 -2.105667 2.159093 48.079617 -2.402397 -1.039614 -14.626392 7.089569 -0.877809 -0.000000 0.000000 0.000000 -0.510942 -3.780005 4.651651 19.451858 -8.918443 2.097216 -16.475844 -5.676729 0.777483 -0.000000 0.000000 0.000000 12.862689 3.157134 0.671970 2.994343 -3.675804 4.972650 3.244211 2.056947 2.022245 18.280459 4.167690 -12.375552 3.322150 -6.568673 1.070377 -0.000000 0.000000 0.000000 -10.941424 -14.515104 4.686732 -25.964233 -41.838712 -37.275817 106.856246 -61.694525 129.559439 -15.043744 -10.043028 -10.977870 1.654403 11.750891 13.617961 3.307822 14.863440 53.644506 20.105889 30.259411 -13.339331 -3.790655 -1.585404 -2.588299 
3.332850 88.792866 -50.909799 -8.805827 -26.869806 -5.930916 -15.045025 -2.364590 1.757770 48.292102 -1.320219 -1.716718 -14.593086 8.472923 -0.306231 -0.000000 0.000000 0.000000 2.340275 -3.343138 4.725731 17.328977 -8.559493 1.652502 -16.414118 -5.705787 1.071336 -0.000000 0.000000 0.000000 13.096674 3.538882 0.534678 2.898975 -3.827103 4.812859 3.187145 2.450490 1.914786 19.031405 2.850004 -11.685065 3.273634 -7.526311 1.480214 -0.000000 0.000000 0.000000 -10.067045 -13.463459 4.774292 -22.981405 -38.123234 -31.766332 110.448020 -61.308099 134.860242 -14.515769 -10.659829 -12.021230 1.361472 12.010320 13.153717 2.788817 15.035034 54.662252 21.734559 33.522012 -15.976481 -2.904623 -2.007753 -2.290966 
2.194540 89.109868 -49.527299 -9.023403 -27.629323 -5.558062 -15.427453 -2.850654 1.098838 46.417297 0.260564 -2.387895 -14.489085 10.250875 0.447022 -0.000000 0.000000 0.000000 5.293914 -2.968423 4.577592 14.369626 -8.048857 1.227953 -15.909739 -5.763310 1.632674 -0.000000 0.000000 0.000000 13.167592 4.013632 0.372746 2.496807 -3.892109 4.355330 3.164771 2.710097 1.716267 19.365748 1.278428 -10.878494 2.994405 -8.622000 1.869753 -0.000000 0.000000 0.000000 -8.951251 -11.759960 4.199587 -19.958186 -33.557269 -25.009790 115.334152 -60.953687 141.927370 -13.824569 -11.715582 -12.772828 1.314660 11.473524 12.804043 3.181664 14.643451 55.627083 23.271288 39.002108 -18.824890 -4.784591 -1.111743 -2.906741 
1.091400 89.367366 -48.068199 -8.595507 -28.707993 -4.850722 -15.745692 -3.282733 0.338657 43.018270 1.487459 -3.008652 -14.609310 11.570069 1.256385 -0.000000 0.000000 0.000000 7.302857 -2.606023 4.109215 11.951769 -7.365424 0.948084 -15.231513 -5.711374 2.304691 -0.000000 0.000000 0.000000 12.874277 4.471515 -0.018940 1.856217 -3.738386 3.830956 3.248708 2.926729 1.596637 19.142563 -0.310609 -10.046200 2.442679 -9.655422 2.368737 -0.000000 0.000000 0.000000 -7.960882 -9.447090 3.164490 -17.837423 -28.900591 -18.661672 120.384009 -60.708067 149.661437 -13.445897 -12.404651 -13.966116 1.394218 10.278695 12.859687 4.458951 13.990385 55.861270 25.669612 45.622773 -22.159550 -7.371918 0.370066 -2.481416 
0.040032 89.515668 -46.533599 -7.835898 -30.082851 -4.193936 -15.772261 -3.123172 -0.076132 38.867252 2.028694 -3.502467 -14.816512 11.956505 1.410213 -0.000000 0.000000 0.000000 8.387352 -2.265067 3.584333 10.606327 -6.524917 0.799919 -14.731355 -5.523745 3.075116 -0.000000 0.000000 0.000000 12.312027 4.856267 -0.362390 1.296061 -3.309529 3.375916 3.436966 3.264138 1.574864 18.485297 -1.449808 -9.395343 1.670824 -10.608600 2.741852 -0.000000 0.000000 0.000000 -7.234373 -6.946596 2.005719 -16.761521 -24.800404 -13.704039 124.626362 -60.806550 156.772225 -13.245028 -12.924649 -15.120629 1.626449 8.821716 13.233184 6.086943 13.125926 55.368020 29.633403 51.756012 -26.503970 -9.179718 1.757172 -1.412254 
-0.985152 89.569360 -44.943100 -7.035018 -31.431451 -3.876565 -15.337364 -2.351212 -0.244280 34.701757 1.944726 -3.390795 -14.805194 11.374180 0.947268 -0.000000 0.000000 0.000000 8.825308 -1.864456 3.355240 10.485323 -5.776861 0.689146 -14.520424 -5.216704 3.744763 -0.000000 0.000000 0.000000 11.734010 5.033657 -0.501009 0.843483 -2.733264 3.046864 3.589930 3.647948 1.754568 17.807968 -2.030543 -9.158002 0.814117 -11.354692 2.946436 -0.000000 0.000000 0.000000 -7.024377 -4.729941 1.115422 -16.648424 -21.603785 -10.853580 127.757918 -60.940759 162.312161 -13.279692 -12.832032 -16.994707 2.131576 7.475516 13.587142 7.644830 11.970994 54.747208 34.768563 56.278145 -31.740867 -9.775659 2.853451 -0.984398 
-2.017490 89.533365 -43.271500 -6.570608 -32.394399 -3.870123 -14.024305 -1.726325 -0.537009 30.849804 1.512959 -3.057247 -14.308886 11.023261 0.609249 -0.000000 0.000000 0.000000 8.780191 -1.405345 3.205194 12.094559 -5.224669 0.784322 -14.707944 -4.955541 4.105175 -0.000000 0.000000 0.000000 11.159724 5.073767 -0.552962 0.732746 -2.190300 2.824167 3.644549 4.068316 1.746649 17.528103 -2.176395 -9.068626 0.317879 -11.928593 3.524216 -0.000000 0.000000 0.000000 -7.617520 -3.494192 1.058532 -17.153346 -20.721943 -10.253525 128.633134 -60.977105 164.366922 -12.877308 -11.732771 -18.031231 2.691601 6.364748 13.950234 8.893236 10.507521 54.847597 38.236853 58.484863 -35.595697 -9.506566 3.402573 -1.548919 
-3.031890 89.425766 -41.461599 -6.760809 -32.711166 -4.344295 -11.197004 -1.145401 -0.813542 26.575346 1.696179 -2.778532 -12.279763 11.187311 0.159862 -0.000000 0.000000 0.000000 8.175224 -1.042679 3.129707 16.166155 -5.270739 1.148008 -15.215592 -4.557089 4.127034 -0.000000 0.000000 0.000000 10.798491 4.709611 -0.353016 1.036502 -1.891303 2.652883 3.607534 4.189168 1.565255 17.582699 -1.551542 -9.438891 0.255791 -11.975001 3.666434 -0.000000 0.000000 0.000000 -8.179627 -3.672806 1.580369 -17.645411 -21.418903 -10.810655 127.966481 -60.596918 163.894177 -11.120251 -11.553992 -16.833271 3.166642 5.951798 13.974238 9.448053 9.132024 56.019020 36.235325 57.901044 -34.200936 -9.135616 4.480262 -3.505470 
-3.897980 89.218670 -39.703000 -6.926623 -32.576095 -4.769247 -8.017423 -0.813112 -1.305144 23.560846 1.443271 -2.286561 -13.180022 11.762211 2.917054 -0.000000 0.000000 0.000000 4.666556 -1.536987 2.641666 25.316099 -5.850397 1.866226 -15.400333 -3.370540 4.414292 -0.000000 0.000000 0.000000 10.748020 3.715354 -0.298966 1.028991 -1.874292 2.533771 3.559901 3.845663 1.364315 17.882674 -0.050124 -10.173228 0.109951 -11.291807 3.329474 -0.000000 0.000000 0.000000 -8.433235 -4.735134 2.248876 -18.059500 -23.075080 -11.772601 127.633615 -60.203397 162.774078 -11.148362 -12.156876 -15.102380 3.572825 6.099792 13.939393 9.182303 8.511417 57.364861 29.521804 54.112859 -27.682624 -8.119018 5.476523 -7.723769 
-4.550990 88.938868 -38.275999 -6.640943 -32.343972 -4.527874 -6.486996 -0.983335 -1.823939 22.470998 -0.002500 -1.821766 -14.691209 12.356293 4.472943 -0.000000 0.000000 0.000000 -3.666891 -2.593124 0.702089 40.488982 -6.104488 2.934937 -11.909432 -1.504851 5.898828 -0.000000 0.000000 0.000000 11.218783 2.334389 -1.072779 0.590027 -1.924648 2.613865 3.636461 3.008446 1.127129 17.594311 2.695245 -10.775159 0.078732 -10.632853 2.666804 -0.000000 0.000000 0.000000 -8.638580 -6.001933 3.145674 -18.696958 -25.750963 -13.196890 126.112361 -60.040288 160.081366 -11.671142 -12.423772 -14.299515 3.488862 6.086171 14.583691 8.198280 8.954127 58.078623 21.843367 46.748777 -20.148735 -6.519828 5.776158 -11.389888 
-5.245590 88.584965 -36.942101 -7.419226 -32.029093 -4.343963 -4.375903 -1.545277 -2.205408 21.794563 -1.733638 -2.947585 -15.930299 13.761956 6.512750 -0.000000 0.000000 0.000000 -12.868614 -1.952654 -1.986104 56.242811 -6.190526 3.905192 -3.425547 -0.503084 8.892445 -0.000000 0.000000 0.000000 13.184791 0.716456 -2.463338 -0.115448 -1.811174 2.543546 4.119072 2.169213 1.118218 16.254664 5.129842 -11.725503 -0.312131 -9.478611 2.556034 -0.000000 0.000000 0.000000 -8.889288 -8.039237 4.310919 -19.719579 -28.615789 -14.639340 123.303837 -60.400336 155.914781 -10.355888 -12.596902 -13.148324 3.258362 6.479169 15.014985 7.723698 9.274470 59.289662 15.078786 38.109318 -14.958559 -5.046679 3.964395 -14.005216 
-6.016870 88.240761 -35.570702 -7.824511 -31.374039 -4.442225 -2.748616 0.243750 -1.576301 21.766875 -3.304907 -3.462751 -17.309650 12.551036 7.269246 -0.000000 0.000000 0.000000 -21.267471 -1.546684 -3.306587 68.434874 -5.230409 3.976036 -0.251832 -1.407719 8.715604 -0.000000 0.000000 0.000000 14.348110 -0.674345 -3.009370 0.035053 -1.572056 2.613384 4.156363 1.533021 1.000348 15.523897 6.836081 -12.860406 -1.123904 -8.409151 2.567431 -0.000000 0.000000 0.000000 -9.538400 -10.561856 5.247837 -21.444847 -32.393565 -17.119490 119.885551 -62.003878 150.181334 -9.721321 -11.906512 -12.449797 3.979875 7.131927 15.382417 8.359332 8.354289 59.647600 10.094106 31.195917 -10.839723 -4.438554 0.438017 -15.995812 
-6.894610 88.196963 -33.852401 -7.749236 -29.813741 -4.523469 -0.901340 1.364707 -1.216335 20.786470 -5.293232 -3.051242 -17.950303 11.806050 7.770702 -0.000000 0.000000 0.000000 -27.228993 -1.656584 -4.434120 75.096717 -4.209859 4.622041 -3.925970 -2.932460 6.194724 -0.000000 0.000000 0.000000 14.540588 -1.784681 -2.654943 0.354245 -1.649569 2.840196 4.485029 0.718722 0.768969 15.207987 8.117094 -14.073306 -0.898190 -7.812585 2.286147 -0.000000 0.000000 0.000000 -10.765577 -12.378677 5.702248 -23.622011 -37.082606 -21.388206 114.577146 -63.956025 142.237939 -8.713351 -10.947864 -11.083438 4.753185 6.418319 16.120131 10.274159 6.642035 58.413263 10.021261 26.268205 -7.967019 -2.421760 -3.617328 -13.959639 
-7.916110 88.585162 -31.810302 -7.834143 -27.867723 -4.790247 2.083998 0.655587 -1.168153 18.267754 -7.264044 -2.286965 -17.280577 12.516489 7.963773 -0.000000 0.000000 0.000000 -30.005206 -1.352586 -5.386655 75.722050 -4.705920 6.127601 -5.226330 -5.237552 5.190075 -0.000000 0.000000 0.000000 14.622496 -2.732030 -1.706270 0.632197 -1.886273 3.017326 4.896579 -0.169493 0.710281 14.994301 8.227942 -15.409674 -0.373136 -6.311006 1.977504 -0.000000 0.000000 0.000000 -11.859668 -13.447101 5.676106 -26.462441 -41.142635 -26.396303 109.104084 -65.328745 135.176930 -7.313401 -9.980965 -10.640787 5.289373 4.755621 16.325496 13.587122 4.578563 57.248112 12.686576 24.279388 -6.953978 1.098616 -6.607547 -6.960410 
-9.171699 89.228761 -29.703897 -7.696674 -26.512896 -5.159223 5.443542 0.503440 -0.422628 14.719556 -8.710892 -1.831735 -15.531985 12.905378 6.818053 -0.000000 0.000000 0.000000 -30.253357 -1.050206 -5.284324 70.929893 -6.161567 7.308010 -4.912314 -7.322540 5.103261 -0.000000 0.000000 0.000000 14.363508 -3.448773 -0.718906 0.895006 -2.014771 3.092784 5.232834 -0.808574 0.968397 14.802429 8.004027 -16.409470 -0.175257 -4.533008 1.963652 -0.000000 0.000000 0.000000 -12.473580 -13.852116 5.732546 -29.116916 -43.668037 -30.750677 105.878990 -65.857108 131.661103 -6.079960 -9.098086 -10.402762 6.003445 2.901006 15.866039 16.740852 2.055204 56.466656 14.621178 24.980048 -6.295911 2.226697 -8.110140 -0.660280 
-10.602800 89.915764 -27.646500 -7.113168 -25.620523 -5.283715 7.522633 1.448571 0.662307 12.636438 -9.653129 -1.413306 -13.408657 12.132461 4.641557 -0.000000 0.000000 0.000000 -28.392639 -1.187793 -4.279603 61.617057 -7.523115 7.318108 -5.811672 -7.834486 5.170783 -0.000000 0.000000 0.000000 13.527610 -3.773907 -0.097394 1.436339 -2.320172 3.252188 5.512804 -1.133446 1.398733 14.551259 8.244262 -16.836952 -0.436637 -3.378543 2.158930 -0.000000 0.000000 0.000000 -12.729603 -13.838103 6.124260 -30.750794 -44.658835 -33.539062 104.952579 -65.438423 131.335223 -5.606096 -8.712522 -9.282814 6.902040 1.252900 15.067207 18.622598 -0.486906 56.362659 15.026397 27.043374 -7.001101 -0.262700 -9.221929 3.960501 
-12.162500 90.503663 -25.606799 -6.453138 -24.793659 -4.899648 7.998482 2.206667 1.480848 13.323216 -10.261909 -1.098025 -11.621224 10.878983 2.338689 -0.000000 0.000000 0.000000 -24.378642 -1.874953 -3.083305 48.935457 -8.512793 6.012072 -7.197120 -7.161693 5.597152 -0.000000 0.000000 0.000000 12.522369 -3.611002 0.026473 1.912842 -3.031754 3.153128 5.805272 -1.304290 1.780868 14.476492 8.694658 -16.475827 -0.832062 -2.830195 2.738393 -0.000000 0.000000 0.000000 -12.542058 -13.693159 6.497630 -30.990815 -44.239750 -34.172358 106.370706 -64.791359 133.691174 -6.225915 -8.899335 -8.335763 7.709638 0.406514 13.835968 19.122259 -1.725765 57.528722 14.341177 29.049825 -7.997116 -4.228469 -10.733530 4.680373 
-13.785699 90.858263 -23.610099 -6.022165 -24.208185 -4.249219 6.611954 1.925557 1.829668 17.867256 -10.510242 -0.762731 -10.474385 10.100515 0.464991 -0.000000 0.000000 0.000000 -18.839868 -3.050811 -1.744596 35.341824 -9.148317 4.056611 -8.409034 -7.100850 5.983964 -0.000000 0.000000 0.000000 11.925164 -2.850021 -0.156495 1.888139 -3.861521 2.844170 6.161809 -1.374396 2.087085 14.388629 8.471960 -15.565707 -0.907771 -2.537695 3.596900 -0.000000 0.000000 0.000000 -12.053097 -13.187636 6.407721 -30.415521 -42.775145 -33.571793 109.234915 -63.971804 137.402389 -7.645943 -8.961544 -8.099460 7.733688 0.070810 12.664888 18.435722 -1.566211 59.213423 13.738102 30.851267 -9.243498 -6.516284 -12.375429 3.164771 
-15.452200 90.805966 -21.660800 -6.007316 -23.872221 -3.742146 3.147907 0.791853 2.068078 26.765803 -9.843009 -0.606446 -9.178135 9.320333 -1.169448 -0.000000 0.000000 0.000000 -12.856155 -4.269708 -0.352040 24.407951 -9.620999 2.622103 -6.215565 -7.097125 6.721159 -0.000000 0.000000 0.000000 11.932226 -1.522671 -0.326326 1.727862 -4.581332 2.777877 6.047872 -1.231529 2.270608 14.623677 7.073079 -14.748287 -1.007049 -2.453449 4.453590 -0.000000 0.000000 0.000000 -11.103136 -12.598546 5.821764 -29.352225 -40.228858 -32.532519 111.549500 -62.731810 140.653388 -8.537719 -8.826268 -7.578457 7.381929 0.536917 12.018586 17.004545 -0.605275 60.936723 13.290050 33.314200 -11.404154 -8.587014 -12.980381 -0.426671 
-17.111400 90.062970 -19.749300 -6.417206 -23.881661 -3.605549 -2.522451 -0.357207 2.539709 39.583306 -8.979139 -0.528346 -6.126589 7.825385 -3.110394 -0.000000 0.000000 0.000000 -7.369662 -5.381081 1.114357 18.614087 -10.180626 2.185608 -7.725140 -6.199861 2.873739 -0.000000 0.000000 0.000000 12.364961 0.121531 -0.112052 1.791648 -5.054058 2.881259 5.529724 -0.650147 2.350740 15.055473 5.389792 -14.318828 -1.437158 -3.223917 5.203741 -0.000000 0.000000 0.000000 -10.382056 -12.205479 5.049326 -27.567025 -36.363215 -31.000792 113.482869 -61.381736 143.703450 -8.649876 -8.496028 -6.910820 7.192311 2.208827 11.573643 14.413700 0.002822 62.517664 12.859658 37.138177 -13.875264 -12.393925 -12.320632 -5.317560 
-18.600000 88.837063 -18.200099 -6.816666 -24.567698 -4.239317 -10.260183 -1.720798 3.375226 54.125925 -7.816721 -0.121670 -0.635276 6.006481 -5.296859 -0.000000 0.000000 0.000000 -6.306343 -5.189990 2.844541 20.062839 -8.705416 1.427915 -11.342345 -7.137601 -1.276840 -0.000000 0.000000 0.000000 13.529915 1.694935 0.833061 1.812103 -4.464375 3.501681 4.261615 0.298132 2.047158 15.260815 3.330774 -13.537225 -1.962091 -3.893688 4.978162 -0.000000 0.000000 0.000000 -9.747560 -11.672165 3.133713 -25.667198 -32.672520 -27.973993 115.308373 -59.777598 146.415226 -8.279453 -7.796059 -6.545786 6.805421 4.812668 12.449348 11.561263 0.536176 62.000325 12.755913 42.798790 -17.113950 -15.985932 -10.526365 -8.441292 
-19.795200 87.629962 -16.846901 -5.637501 -26.346597 -4.477465 -19.445420 -4.679310 3.842427 66.132830 -6.332299 -1.574853 4.851667 5.427971 -5.318869 -0.000000 0.000000 0.000000 -10.886077 -1.892582 3.320764 28.367076 -7.958313 3.703609 -14.683652 -8.507723 -4.273978 -0.000000 0.000000 0.000000 12.661525 2.601371 1.604476 2.425592 -2.791795 4.754710 3.714993 1.381860 1.214776 14.647760 2.449256 -11.939352 -0.979263 -5.375869 3.476524 -0.000000 0.000000 0.000000 -8.911081 -9.956029 0.460649 -22.970816 -30.811173 -24.192612 116.855061 -58.582790 149.548786 -7.560728 -8.187586 -6.519133 5.674724 7.046089 15.091405 7.879569 4.410803 57.651760 13.974892 47.703707 -21.508617 -17.095976 -7.811016 -10.145966 
-21.154600 87.011266 -15.094499 -6.114319 -28.202686 -4.359366 -24.681454 -5.112555 3.248254 73.300748 -5.058658 -2.094165 1.316598 7.416787 -3.662411 -0.000000 0.000000 0.000000 -10.331161 -3.096223 3.080236 30.929888 -7.622005 2.888804 -17.352689 -6.285068 -4.280483 -0.000000 0.000000 0.000000 12.962668 3.551895 0.300433 2.907420 -2.600289 5.435832 3.404502 2.163152 1.706908 15.287425 2.399066 -10.600791 -0.989520 -6.375968 2.268943 -0.000000 0.000000 0.000000 -7.665507 -8.016095 -0.956457 -20.863983 -26.541483 -21.761984 119.235133 -56.968176 152.995829 -10.545317 -9.018079 -8.426354 4.170691 9.409296 16.152677 2.771885 8.941596 53.315407 19.878374 51.171672 -27.000119 -16.249364 -5.052192 -11.887971 
-22.560400 87.195569 -13.109000 -7.363844 -29.118546 -4.775184 -27.165922 -5.337714 2.618029 75.038725 -2.997311 -2.217979 -0.657594 8.604734 -2.038399 -0.000000 0.000000 0.000000 -6.602497 -3.680811 3.703835 29.470036 -7.140586 1.168343 -18.308658 -5.544819 -4.225604 -0.000000 0.000000 0.000000 14.061381 4.352934 -0.083852 2.357914 -2.715521 5.231897 3.250517 2.853374 2.002312 16.752000 1.182454 -9.625555 -0.363552 -6.214920 2.053397 -0.000000 0.000000 0.000000 -6.501655 -7.151885 -1.502226 -19.269497 -22.486988 -20.877989 121.199823 -55.624348 154.655236 -10.967694 -10.348848 -8.405261 2.535593 11.068592 14.647315 -1.007715 12.001294 53.574607 29.040427 55.877436 -37.206127 -12.416766 -2.336355 -12.540297 
-23.951200 87.798965 -10.907000 -7.494264 -29.364730 -4.539567 -28.542884 -6.341002 1.507586 71.892290 -0.460994 -3.073105 -2.098503 9.489336 -0.633212 -0.000000 0.000000 0.000000 -3.163013 -1.908400 4.123627 26.729875 -6.778282 0.801483 -17.735541 -7.032271 -4.525931 -0.000000 0.000000 0.000000 13.509755 5.028365 0.086277 2.125868 -2.707312 4.493042 3.259582 3.411808 1.407751 17.656893 -0.211803 -8.224132 0.725261 -6.319237 2.753489 -0.000000 0.000000 0.000000 -5.683559 -7.304724 -0.972411 -18.251327 -20.287849 -20.259360 123.495694 -55.057798 156.402356 -10.182665 -11.479396 -8.735075 1.838935 11.857319 11.294396 -3.343099 14.214483 57.860150 40.151542 62.066578 -52.345301 -12.120074 0.380947 -12.753569 
-25.376198 88.682961 -8.464000 -7.424485 -29.009786 -3.813984 -27.616692 -6.944113 -0.010701 64.157847 2.097665 -3.952090 -4.614963 10.297747 0.360783 -0.000000 0.000000 0.000000 1.086716 -0.490849 3.803698 22.561062 -7.790018 0.501450 -16.136322 -7.572960 -2.706710 -0.000000 0.000000 0.000000 12.594513 5.629580 -0.287016 2.053813 -3.003946 3.667748 3.335614 3.551689 0.812470 18.177523 -0.816867 -6.876402 1.193505 -7.342707 3.436863 -0.000000 0.000000 0.000000 -5.332239 -7.710049 -0.016014 -17.779692 -19.727715 -19.792848 125.324396 -54.997024 157.917294 -10.906600 -13.150004 -9.449975 1.029597 11.662433 8.377883 -4.262466 16.503559 61.558465 56.091532 67.004921 -70.665329 -17.087102 3.481356 -14.432843 
-26.820600 89.642662 -5.913540 -7.537516 -28.863359 -3.402166 -24.235397 -6.156169 -0.763142 52.658575 3.862754 -4.261408 -6.426234 10.421803 0.686531 -0.000000 0.000000 0.000000 5.039347 -0.424996 3.159008 19.229021 -8.057480 0.310591 -13.716826 -7.290290 -0.316142 -0.000000 0.000000 0.000000 11.913122 5.863930 -0.640876 1.839588 -3.363563 2.896588 3.522372 3.536413 0.521115 18.181354 -0.884942 -6.785649 1.682664 -7.726345 3.485166 -0.000000 0.000000 0.000000 -5.443286 -7.909148 1.071412 -17.405741 -19.816457 -19.900876 126.930404 -55.266041 158.726438 -10.717004 -15.181171 -7.062155 0.084415 11.216125 6.371189 -4.095768 18.388142 63.485777 76.685308 68.589080 -91.141909 -20.159768 7.616778 -15.277803 
-28.215900 90.436763 -3.328720 -7.911949 -29.073212 -3.731692 -18.890910 -4.242165 -0.704817 39.070586 4.583945 -3.799318 -6.880775 9.177218 -0.152479 -0.000000 0.000000 0.000000 7.536690 -0.778109 2.778151 18.742343 -7.404518 0.323874 -11.251111 -6.778180 1.732338 -0.000000 0.000000 0.000000 11.671197 5.632487 -0.456717 1.300470 -3.377046 2.183127 3.845473 3.639570 0.538718 17.697319 -0.634674 -8.001367 2.823056 -7.097742 3.283353 -0.000000 0.000000 0.000000 -6.109151 -8.328121 2.517518 -17.553446 -20.605120 -21.669621 129.198121 -56.024623 159.054491 -10.722844 -16.761161 -4.291152 -0.677370 10.487941 4.941286 -3.428004 18.556886 64.485314 95.057288 67.623305 -107.322074 -17.647814 12.517365 -14.302767 
-29.494801 90.818065 -0.775142 -8.099515 -29.569364 -4.376929 -13.391857 -1.945874 -0.753359 26.762192 4.087524 -2.778323 -7.590274 7.974605 -1.003815 -0.000000 0.000000 0.000000 7.149409 -1.447486 2.430210 22.845524 -6.983688 0.583861 -9.521489 -5.554891 3.413802 -0.000000 0.000000 0.000000 11.027176 5.100820 -0.028958 1.343763 -3.151485 1.868610 3.877052 3.724433 0.611296 17.583654 0.839256 -9.947380 3.776412 -6.041341 2.637327 -0.000000 0.000000 0.000000 -7.137514 -9.542323 4.050942 -18.227231 -22.283650 -24.069369 130.178802 -56.942963 157.826657 -10.202770 -17.205562 -2.966129 -0.710864 10.134439 4.378442 -1.881423 17.891034 64.466639 105.460334 66.497765 -115.001972 -16.333162 16.559862 -13.411181 
-30.566600 90.596265 1.627300 -8.129930 -30.237821 -4.884103 -9.000758 -0.796588 -1.193309 18.840957 5.232891 -2.492323 -3.760180 8.649629 -0.475010 -0.000000 0.000000 0.000000 2.814052 -2.101695 1.140802 32.974964 -7.219056 1.983525 -7.570574 -3.834305 3.992090 -0.000000 0.000000 0.000000 9.923092 4.394042 -0.079015 2.288894 -2.790015 2.152341 3.632852 3.619293 0.715253 18.321302 3.610442 -12.119811 3.880934 -4.259720 1.932256 -0.000000 0.000000 0.000000 -8.144185 -11.757414 6.000706 -19.637297 -25.557087 -27.357170 128.463223 -58.545107 154.265070 -9.542172 -16.440726 -2.343778 0.366809 10.592447 4.082399 -0.086088 17.756656 64.311467 102.550467 67.104109 -110.570796 -17.629716 17.306875 -13.570245 
-31.558099 89.677167 3.837200 -8.895201 -30.500492 -5.602828 -5.883286 -0.020231 -1.928817 18.033616 4.412576 -2.054182 -7.810039 9.807566 4.232032 -0.000000 0.000000 0.000000 -3.840321 -3.129483 -0.773054 46.982778 -6.653006 3.058154 -3.610906 -2.291264 5.013998 -0.000000 0.000000 0.000000 10.317462 3.403537 -0.873467 2.306713 -2.716891 2.552237 3.773479 3.190114 1.097133 19.096386 6.956310 -13.991270 3.805860 -1.089281 1.512134 -0.000000 0.000000 0.000000 -9.337906 -14.799003 8.380521 -22.303342 -29.278377 -30.978281 124.859119 -60.442543 148.793347 -8.119946 -14.280431 -0.551319 1.059073 11.129284 3.745093 1.586796 17.422342 65.048406 85.302492 69.107130 -92.107744 -16.203209 14.797107 -13.620735 
-32.425398 88.466465 5.641240 -9.297887 -30.176735 -5.234366 -6.208257 -1.580146 -2.631537 22.045754 3.016839 -3.280928 -11.568966 11.641771 7.701467 -0.000000 0.000000 0.000000 -12.001635 -2.392913 -3.043109 60.987784 -6.806575 3.987476 1.731828 -2.176927 5.813554 -0.000000 0.000000 0.000000 11.311996 2.366696 -3.427265 2.026187 -3.035152 3.652639 4.093887 2.178911 1.290526 19.276608 11.961749 -14.364453 4.783915 0.762744 0.119092 -0.000000 0.000000 0.000000 -10.226136 -17.246456 9.962711 -25.850478 -34.914497 -33.704406 116.958415 -62.415402 140.461410 -5.463278 -12.796094 -0.510436 0.859636 10.411954 6.401573 3.203027 18.129576 63.608124 58.061915 66.162219 -64.309174 -14.636389 10.656406 -11.915789 
-33.393699 87.636966 7.433360 -8.744593 -29.326599 -4.808252 -7.636300 -1.919519 -1.745024 26.774560 2.105385 -5.268248 -14.413245 11.135568 8.293306 -0.000000 0.000000 0.000000 -19.400706 -1.602805 -4.198882 71.167757 -6.743997 5.051025 -2.098327 -4.874775 3.726987 -0.000000 0.000000 0.000000 11.043403 1.439094 -4.844002 2.474798 -3.455202 4.622276 4.735003 1.299004 1.395080 19.280676 15.536996 -15.445023 5.077598 1.023770 -0.505418 -0.000000 0.000000 0.000000 -11.016014 -18.346229 10.610833 -30.803799 -39.768862 -38.186626 109.389577 -63.438278 132.444895 -7.028899 -12.047088 -2.153470 1.768530 9.003320 9.709927 4.244260 17.043464 61.839483 41.658276 57.774155 -47.319540 -11.026924 6.255770 -11.970465 
-34.425497 87.549466 9.545249 -9.637099 -28.787430 -5.635647 -5.180759 0.641708 -1.200188 27.276677 0.614664 -4.283932 -16.247586 9.783561 8.380602 -0.000000 0.000000 0.000000 -23.524997 -2.156405 -4.586086 75.516501 -6.203967 4.351621 -4.542807 -5.401484 2.631221 -0.000000 0.000000 0.000000 12.517916 0.351018 -4.251370 2.054426 -3.265671 4.680874 5.301754 1.082892 1.263560 19.624586 16.335840 -17.111280 4.522398 1.088176 -0.747831 -0.000000 0.000000 0.000000 -12.547069 -18.426475 9.599596 -34.398519 -42.814430 -42.673149 107.393922 -64.103172 129.185769 -8.004486 -11.396689 -1.529521 3.127846 6.872935 12.399257 7.591138 13.362758 59.905092 36.105661 53.748715 -41.966186 -3.326931 0.133011 -15.327840 
-35.509497 88.051766 11.722900 -9.879816 -28.104452 -5.809150 -1.830695 0.692154 -1.695309 24.758104 -0.613356 -3.222585 -16.359705 10.601354 8.389584 -0.000000 0.000000 0.000000 -25.985667 -1.754898 -5.004830 74.571705 -6.651868 4.732994 -4.480318 -5.889644 3.322817 -0.000000 0.000000 0.000000 12.988280 -0.532517 -3.466215 2.073027 -3.078335 4.588567 5.717042 0.471693 1.109465 20.071771 15.607577 -18.228703 4.050945 1.273549 -0.995425 -0.000000 0.000000 0.000000 -12.798670 -17.190285 8.409539 -35.736663 -44.108624 -44.632203 108.399348 -63.775642 130.335476 -7.101405 -11.614802 -1.393565 4.468646 3.803004 13.799615 11.508386 9.215677 57.673960 34.289369 53.176888 -39.536949 -0.727994 -1.537500 -16.137982 
-36.764801 88.844967 13.880201 -9.499018 -27.134437 -5.806274 1.293126 -0.090675 -1.692369 21.362927 -2.339001 -2.461466 -15.212848 12.047379 7.640862 -0.000000 0.000000 0.000000 -26.446710 -1.202806 -4.791783 68.792525 -7.754494 5.912756 -4.115113 -7.602412 3.828013 -0.000000 0.000000 0.000000 12.675430 -1.493652 -2.389612 1.955601 -3.034262 4.231511 6.063731 -0.467404 0.973654 20.115090 13.763329 -18.060986 4.446793 1.835941 -0.760402 -0.000000 0.000000 0.000000 -12.003125 -15.068966 7.329132 -34.300877 -43.927756 -42.783695 111.290389 -63.167297 134.402097 -8.138653 -12.366861 -2.526676 5.354442 0.840436 13.686183 15.016829 5.668736 55.911749 32.806168 53.078303 -36.253140 -2.741431 -0.390449 -12.149197 
-38.259101 89.800066 16.006799 -9.492472 -26.517150 -6.111784 4.772059 0.729896 -0.786509 17.986852 -4.140137 -1.919289 -13.073744 12.270881 5.534786 -0.000000 0.000000 0.000000 -24.102304 -1.335182 -3.719161 58.627680 -8.860618 6.298290 -5.117131 -9.059316 3.752446 -0.000000 0.000000 0.000000 12.669826 -2.223445 -1.355170 1.884454 -2.989353 3.604738 5.957510 -0.926567 1.011074 20.013365 10.945672 -17.199705 4.574884 1.723101 0.504292 -0.000000 0.000000 0.000000 -11.054443 -13.001080 5.958337 -30.544286 -41.940385 -37.778743 115.401524 -62.993203 139.718363 -9.392873 -13.427562 -2.885558 6.248507 -0.708464 13.023470 18.017944 1.876995 54.935816 30.858495 53.515046 -32.295314 -4.162129 -0.582193 -9.115203 
-39.939299 90.623063 18.071800 -9.596953 -26.460682 -6.265789 7.683459 1.923862 0.092331 15.748909 -5.350438 -1.685293 -10.839982 12.174655 3.030172 -0.000000 0.000000 0.000000 -20.031162 -1.828251 -2.114881 45.795789 -9.586636 5.412459 -5.677033 -9.036290 4.294198 -0.000000 0.000000 0.000000 12.534748 -2.323814 -0.911603 2.070784 -2.943274 2.991360 5.822240 -0.942312 1.271111 19.766877 7.969224 -16.052825 4.083350 0.245431 2.008759 -0.000000 0.000000 0.000000 -9.958880 -11.034887 4.577238 -26.641140 -38.334058 -31.943371 118.345285 -62.696195 144.583580 -8.263125 -13.813936 -3.490536 7.266069 -1.331318 12.640402 20.229308 -1.611935 54.628663 30.718207 53.940727 -30.871702 -4.343405 -1.064126 -8.005820 
-41.675699 91.124260 20.078799 -9.410509 -26.853888 -5.918509 9.158615 2.400489 0.302788 15.622162 -6.005756 -1.495356 -9.305857 12.571942 1.185585 -0.000000 0.000000 0.000000 -15.597726 -2.734025 -0.451379 33.030237 -9.806820 3.647238 -5.548315 -8.612527 5.130697 -0.000000 0.000000 0.000000 12.057018 -1.935324 -0.899928 2.223799 -3.002557 2.371208 5.671611 -0.830416 1.476222 19.539241 5.014298 -14.865785 3.277724 -1.405642 3.399538 -0.000000 0.000000 0.000000 -8.705445 -8.879096 2.885656 -23.317392 -33.580696 -25.823564 120.982991 -62.297854 149.794368 -6.575884 -13.605794 -4.405237 8.060880 -1.663088 12.777303 21.313399 -4.137518 54.640245 31.533190 54.352923 -31.256505 -3.201338 -1.310686 -7.889277 
-43.494898 91.184467 22.099701 -9.330693 -27.424065 -5.483086 9.210710 2.336706 0.424447 18.500370 -6.256876 -1.605706 -8.811635 13.087907 -0.033153 -0.000000 0.000000 0.000000 -11.204090 -3.912508 0.906091 23.427744 -10.115700 2.531291 -4.236788 -8.950522 6.002159 -0.000000 0.000000 0.000000 11.537276 -1.249842 -1.088107 2.418405 -3.132525 1.899482 5.297826 -0.565104 1.528657 19.616717 1.889745 -13.606075 2.487058 -2.641771 4.831065 -0.000000 0.000000 0.000000 -7.323460 -6.793189 0.851804 -20.903844 -28.370592 -19.667628 124.313075 -62.387493 155.578200 -6.136167 -14.319024 -4.576182 8.435052 -1.583832 13.012677 21.535290 -5.577379 54.933747 31.018949 55.316585 -30.895545 -2.959253 -1.925297 -8.379664 
-45.358700 90.720963 24.105600 -9.482611 -28.259966 -5.219097 7.277839 1.993275 0.863776 25.473140 -5.889509 -2.169415 -8.788321 13.077536 -0.896611 -0.000000 0.000000 0.000000 -7.364811 -4.461751 2.322121 18.817941 -10.514973 2.020391 -3.906453 -9.418373 3.360983 -0.000000 0.000000 0.000000 11.276308 -0.418400 -1.352016 2.246728 -3.016973 1.640280 5.063635 -0.074336 1.639307 19.782720 -0.718775 -12.584225 2.224118 -3.748335 5.854995 -0.000000 0.000000 0.000000 -6.367986 -4.773934 -0.646010 -19.724757 -23.625700 -15.591577 126.788887 -62.634446 160.434399 -6.735496 -14.436361 -5.594294 8.472014 -1.163130 13.256546 20.852065 -5.983584 55.136624 30.105180 56.608028 -30.514568 -4.685744 -2.459341 -8.218574 
-47.083801 89.768058 25.926200 -9.736804 -29.433972 -5.269171 2.576756 1.635150 1.767952 36.917670 -5.230732 -2.586807 -7.326534 12.059702 -3.034758 -0.000000 0.000000 0.000000 -4.883774 -4.705063 3.416012 18.373682 -10.450467 0.956680 -8.935768 -8.240529 1.301097 -0.000000 0.000000 0.000000 11.536603 0.946546 -1.357441 1.678245 -2.557728 1.708466 4.727417 0.887044 1.612464 20.178500 -2.089257 -11.627153 2.093618 -5.928182 6.327651 -0.000000 0.000000 0.000000 -6.405913 -3.437831 -1.245296 -19.629399 -20.911487 -14.257546 126.413442 -62.716300 161.762362 -6.584453 -13.270597 -7.085266 8.275830 -0.413948 13.951693 19.465797 -6.319263 54.902211 31.663513 57.697936 -32.275627 -6.402681 -2.214063 -7.770827 
-48.498297 88.737261 27.386999 -9.416548 -30.231320 -6.328090 -4.648010 -0.242978 3.899577 50.063762 -4.472954 -2.889380 -2.886385 10.342354 -4.927503 -0.000000 0.000000 0.000000 -6.082246 -3.090651 4.453684 22.693669 -8.834691 2.776671 -12.059308 -9.647350 -2.277223 -0.000000 0.000000 0.000000 11.625622 2.084754 0.104376 1.318677 -1.369979 2.550226 4.355472 1.875501 1.134668 19.614972 -3.332397 -11.116703 3.045402 -7.497776 5.859892 -0.000000 0.000000 0.000000 -7.167501 -2.695793 -1.563648 -20.225406 -21.343521 -15.369392 124.188536 -62.069951 160.383594 -6.357755 -11.153391 -8.166381 7.610072 0.830884 15.291918 17.577407 -5.010343 53.499561 33.224191 58.016398 -34.866178 -7.576170 -2.257362 -7.849134 
-49.744996 88.037163 28.877598 -9.467499 -30.208049 -7.018072 -11.256207 -2.267588 4.531290 60.655768 -4.760475 -2.169753 3.276710 8.478005 -5.649034 -0.000000 0.000000 0.000000 -6.235888 -3.483563 4.620021 26.183891 -8.636028 4.059000 -14.637193 -8.831343 -3.995202 -0.000000 0.000000 0.000000 11.623236 3.244691 0.680048 1.819633 -0.973833 3.567179 3.900578 2.613353 1.072865 19.315834 -3.613472 -11.287903 3.279403 -8.532874 5.569653 -0.000000 0.000000 0.000000 -7.756560 -3.647719 -1.693181 -20.353612 -23.009217 -16.964738 123.079960 -60.685694 159.103867 -7.512847 -9.665943 -7.050692 7.068985 3.397784 16.398081 14.301526 -2.468412 51.428982 33.677389 57.729136 -35.988919 -8.707262 -2.399155 -9.167086 
-51.003200 87.837464 30.449000 -10.317830 -29.121540 -7.326848 -15.519643 -3.208830 3.594885 67.041159 -5.308325 -0.226936 2.505935 8.663901 -4.696911 -0.000000 0.000000 0.000000 -3.385655 -5.836995 4.642213 26.057141 -9.517614 3.470019 -16.301477 -6.845761 -3.990900 -0.000000 0.000000 0.000000 12.348587 4.306290 0.168704 2.016502 -1.818599 4.100045 3.742212 2.965190 1.458715 19.548515 -2.836980 -11.212743 3.666070 -9.008101 5.387142 -0.000000 0.000000 0.000000 -8.301495 -6.105969 -0.897498 -20.230683 -25.103103 -18.620359 122.320940 -59.051277 156.648542 -8.744074 -9.843820 -5.114031 5.924857 6.804031 16.210168 10.588371 1.107209 50.183524 34.335292 57.297889 -36.130666 -9.676151 -1.748068 -11.312341 
-52.217698 88.030368 32.000703 -10.107932 -28.078379 -7.044432 -19.192435 -4.942527 2.464916 68.641236 -4.006463 0.266949 0.633425 9.293089 -2.782179 -0.000000 0.000000 0.000000 -1.295569 -4.948244 5.211878 24.880905 -10.604563 3.488413 -16.571645 -7.560591 -4.503691 -0.000000 0.000000 0.000000 12.051719 4.730655 -0.458708 1.857918 -2.555934 4.494900 3.589187 3.090215 1.624509 20.061757 -2.021417 -10.961361 4.530690 -8.651419 5.026681 -0.000000 0.000000 0.000000 -8.283867 -8.623475 0.781204 -20.056064 -27.912293 -21.479102 120.569315 -57.808343 152.634280 -8.891049 -10.370747 -3.989169 4.442250 9.377634 14.578255 7.688180 6.051315 50.649595 38.304633 57.051436 -39.992982 -9.969917 -0.568129 -11.363187 
-53.479803 88.564867 33.748901 -10.350421 -27.017956 -6.772564 -20.480167 -6.318481 1.039694 65.868173 -1.602602 0.535850 -2.365370 10.301732 -0.747342 -0.000000 0.000000 0.000000 2.360701 -3.877453 5.580301 21.743106 -11.605412 3.383447 -16.089880 -8.568968 -2.960122 -0.000000 0.000000 0.000000 12.359263 5.110613 -0.815068 1.452251 -3.291536 4.113006 3.414061 3.276717 1.614709 20.044346 -1.511264 -10.549041 5.332630 -8.108106 5.284823 -0.000000 0.000000 0.000000 -7.901883 -11.302704 3.243662 -20.238072 -29.360301 -25.160792 119.301139 -56.921711 148.993473 -8.947655 -10.139020 -4.530387 3.174978 11.413140 11.201807 5.148983 9.493380 54.681655 44.042370 58.152190 -47.589400 -11.032521 2.263833 -9.979941 
-54.675299 89.233261 35.615799 -10.126197 -26.529794 -6.166968 -20.582350 -7.032355 -0.536033 59.419317 1.148399 0.714997 -5.412821 11.436118 1.514478 -0.000000 0.000000 0.000000 5.929979 -4.259754 5.639913 17.730758 -12.152353 2.521126 -14.752161 -8.187540 -1.357549 -0.000000 0.000000 0.000000 12.220127 5.888552 -1.017575 0.870767 -3.897040 3.227433 3.417509 3.455203 1.373666 19.880882 -1.257907 -9.783973 5.635653 -7.876726 6.042558 -0.000000 0.000000 0.000000 -7.935531 -12.998352 4.755405 -20.317976 -30.364104 -28.364897 119.965211 -56.819444 146.748965 -9.593094 -9.733809 -5.852939 2.276180 12.297572 7.869074 3.126693 12.011784 59.424417 50.284158 60.949332 -56.621091 -13.306845 3.952504 -9.960944 
-55.787098 89.908665 37.558398 -9.312643 -26.841167 -5.129255 -19.719280 -7.330002 -1.905210 49.962478 3.178790 0.110909 -7.167992 12.228185 3.072534 -0.000000 0.000000 0.000000 7.710121 -4.216605 5.017612 15.539641 -12.203524 2.059364 -12.997270 -7.906766 0.018390 -0.000000 0.000000 0.000000 11.301323 6.456659 -1.443757 0.716230 -4.036646 2.470141 3.343562 3.560592 1.039389 19.607690 -1.197007 -9.268829 5.484280 -7.713009 6.442104 -0.000000 0.000000 0.000000 -7.432006 -13.575469 4.972680 -18.997191 -30.506350 -30.396910 122.124941 -57.233343 146.682872 -12.110218 -9.373657 -6.742352 1.774572 12.449618 5.842444 2.090066 14.258759 62.447934 59.529464 64.506957 -68.464020 -18.241352 4.568874 -9.126416 
-56.880599 90.477663 39.611697 -8.688871 -27.767428 -4.488492 -17.173693 -6.655431 -2.276907 38.822820 3.413252 -0.926003 -8.334245 11.372704 3.176713 -0.000000 0.000000 0.000000 8.181892 -3.975299 4.110439 16.066930 -11.729476 2.117859 -11.542211 -7.589504 1.299735 -0.000000 0.000000 0.000000 10.321495 6.634566 -1.679155 1.111265 -3.751718 1.926797 3.297184 3.699223 0.781685 18.675068 -1.027325 -8.987525 5.205879 -7.706968 6.333158 -0.000000 0.000000 0.000000 -6.575746 -13.271944 3.981256 -16.366485 -29.550752 -31.512448 124.764530 -57.890079 147.194351 -13.982673 -9.833859 -7.228850 1.591279 12.215176 5.166886 2.048829 15.633319 63.503989 73.573832 67.060785 -84.210731 -22.113377 5.759482 -7.127198 
-57.963902 90.827066 41.730997 -8.752838 -28.995312 -4.754780 -13.236843 -4.918229 -2.036915 28.255449 3.061032 -1.502189 -8.194995 9.459831 1.499223 -0.000000 0.000000 0.000000 7.231604 -3.919265 3.231164 20.428822 -11.327850 2.616198 -10.483159 -6.623191 2.494863 -0.000000 0.000000 0.000000 10.005011 6.208745 -1.344825 1.618235 -3.215596 1.385031 3.281831 3.771494 0.660524 17.305678 -0.828186 -8.902511 4.547871 -7.442047 5.838152 -0.000000 0.000000 0.000000 -5.445992 -12.376696 2.041147 -13.039049 -27.138651 -32.481121 127.486836 -58.901016 147.712024 -15.296554 -9.878318 -8.605280 1.553128 11.602668 5.295873 2.553781 15.556410 63.308848 89.509700 67.832165 -99.810896 -22.820360 8.127730 -4.669178 
-58.938801 90.751767 43.820399 -8.957309 -30.174537 -5.369839 -9.533252 -3.241632 -1.912097 20.464175 3.063007 -1.914537 -4.166155 8.867247 -0.250957 -0.000000 0.000000 0.000000 3.586177 -4.024099 1.827574 29.522085 -10.676253 3.904892 -9.108870 -5.363240 2.971995 -0.000000 0.000000 0.000000 9.851791 5.062875 -0.795938 2.341124 -2.625283 0.952812 3.054276 3.468920 0.520593 15.902554 -1.026864 -8.810982 3.174816 -6.315461 5.368723 -0.000000 0.000000 0.000000 -4.048537 -11.147457 -0.830899 -9.133200 -23.684390 -33.135146 130.039040 -60.591006 147.956484 -16.394003 -8.393215 -9.671368 1.896225 11.129441 5.710429 3.582327 14.985078 62.501363 101.152390 68.369325 -110.061976 -23.136533 10.311436 -3.115074 
-59.848499 90.025163 45.887500 -9.631716 -31.014189 -6.247550 -6.314053 -1.446118 -2.060772 18.244176 2.562961 -1.997924 -6.419348 9.997183 4.027241 -0.000000 0.000000 0.000000 -2.145300 -4.435915 -0.333627 42.142389 -8.776130 5.435806 -5.944555 -4.423260 3.799905 -0.000000 0.000000 0.000000 10.470407 3.390871 -0.594127 2.375505 -2.076817 0.620779 3.264544 2.717368 0.666681 14.139218 -2.045796 -8.412883 1.243320 -4.182543 5.052447 -0.000000 0.000000 0.000000 -2.264237 -9.804373 -4.004806 -5.816389 -19.472636 -34.234157 130.902841 -63.633951 146.360856 -17.482808 -7.329876 -9.614529 2.364938 10.807252 6.121638 5.015057 14.244052 61.623266 105.842627 70.701119 -113.226532 -24.927155 10.813090 -1.555759 
-60.645998 88.831568 47.696200 -10.140966 -31.499659 -6.711432 -5.538226 -1.253862 -2.340611 20.549437 0.980535 -2.224652 -10.688496 11.199561 7.776522 -0.000000 0.000000 0.000000 -9.828062 -3.798360 -2.820212 56.010226 -6.992670 6.649657 -0.259380 -3.742437 5.330691 -0.000000 0.000000 0.000000 11.533492 1.771284 -1.359132 2.377588 -1.719652 0.900265 3.163563 1.692789 0.719248 12.245161 -2.504545 -7.206210 -0.751743 -2.678374 4.555264 -0.000000 0.000000 0.000000 -0.558186 -8.542934 -7.246034 -3.188128 -16.744673 -36.282706 128.007129 -68.426209 141.299797 -18.796162 -5.214139 -7.428011 2.522473 9.709110 7.887019 6.929385 13.726532 59.913127 99.674400 74.064426 -105.848447 -26.286295 9.010148 -0.867640 
-61.485696 87.792063 49.348700 -9.858124 -31.874973 -6.104843 -7.183071 -2.032408 -2.127668 25.450099 -0.469621 -4.693492 -13.701860 12.722324 10.326058 -0.000000 0.000000 0.000000 -17.947267 -2.800349 -5.242196 66.944335 -4.996918 6.835023 4.819777 -4.594036 5.559108 -0.000000 0.000000 0.000000 11.677134 0.902048 -3.045298 2.836810 -1.685390 1.565930 3.687769 0.571514 0.555873 9.172180 -2.170944 -5.859379 -1.182302 -2.077015 4.112150 -0.000000 0.000000 0.000000 0.429503 -7.680232 -10.470208 -1.517486 -16.081354 -38.061223 115.212777 -73.481217 125.613899 -17.769986 -2.704393 -0.814627 2.667942 8.096432 11.752757 8.724137 12.936410 57.390154 75.392894 75.025673 -81.305284 -24.064443 7.251553 -2.499181 
-62.463200 87.411869 51.230198 -10.815024 -31.726615 -7.062579 -5.627940 0.770667 -1.032549 27.401035 -2.068605 -4.676255 -16.025998 11.343009 10.478236 -0.000000 0.000000 0.000000 -22.138100 -3.522052 -6.022700 72.221678 -4.348478 5.900035 0.572430 -6.779141 3.339780 -0.000000 0.000000 0.000000 13.067589 0.060302 -2.731981 2.921126 -1.559348 1.507054 3.756042 -0.063533 0.578034 7.354138 -2.066208 -5.811718 -2.290556 -1.959129 4.378347 -0.000000 0.000000 0.000000 0.833699 -7.731904 -12.978319 -1.021989 -15.101745 -40.771906 95.260431 -74.059010 101.655722 -13.656974 -1.639967 4.021009 3.713531 7.377419 14.366503 10.105758 9.091128 56.513450 49.998169 71.533103 -54.901220 -16.645146 5.545112 -8.916805 
-63.417399 87.746865 53.182095 -11.550902 -30.995702 -7.769796 -2.252036 2.179951 -1.094345 25.609931 -3.397854 -3.361656 -16.780804 10.993051 10.354544 -0.000000 0.000000 0.000000 -24.383449 -4.037440 -6.522787 72.193812 -5.065902 5.181762 -1.705170 -7.854908 2.383574 -0.000000 0.000000 0.000000 14.324369 -0.728340 -1.882618 3.153340 -1.494686 1.064887 3.796663 -0.509387 0.642725 5.946638 -2.079548 -6.200242 -4.232372 -1.794769 5.089130 -0.000000 0.000000 0.000000 0.523437 -7.606347 -15.531504 -0.386118 -15.301183 -42.428514 95.229558 -74.170152 99.161363 -11.520750 1.022045 2.070724 5.162038 6.181814 16.270119 12.816905 4.824845 55.526606 38.195061 69.571426 -43.543847 -7.641639 0.298903 -15.458423 
-64.441597 88.416165 55.154401 -10.965815 -30.097959 -7.665898 0.793557 1.347206 -1.454424 21.962244 -4.348117 -2.494328 -16.225409 11.958265 10.032744 -0.000000 0.000000 0.000000 -25.807223 -3.377378 -6.277561 68.045941 -6.263579 5.410549 -3.095425 -9.274452 2.117359 -0.000000 0.000000 0.000000 13.988702 -1.364411 -1.112365 3.100096 -1.343945 0.863988 4.252639 -1.154208 0.736579 5.029789 -2.226279 -6.366091 -5.393745 -1.088175 5.585276 -0.000000 0.000000 0.000000 0.640434 -6.930812 -16.632122 -0.211995 -17.748487 -44.467250 103.169996 -73.712372 105.434559 -12.827855 0.219346 0.305552 6.519322 3.534171 16.553682 16.157748 1.122265 54.287557 34.480735 70.237115 -39.235431 -7.946453 -0.774161 -15.474168 
-65.613401 89.279962 57.132596 -10.103024 -29.083092 -7.708480 4.028195 1.205489 -0.946654 17.379138 -5.570425 -1.831390 -14.628859 12.450588 8.718591 -0.000000 0.000000 0.000000 -25.323797 -2.549928 -5.004569 60.249161 -7.244599 5.890126 -4.610235 -10.816621 1.925435 -0.000000 0.000000 0.000000 13.060350 -2.182411 -0.085754 2.869928 -1.261171 0.654291 4.781715 -1.798110 0.959446 4.779210 -2.477326 -6.298273 -5.607045 0.432624 6.197074 -0.000000 0.000000 0.000000 0.756996 -6.447139 -16.858525 -0.164519 -20.750446 -46.312193 111.464325 -72.339006 112.464333 -13.678918 -1.928163 1.073856 7.514496 1.196562 15.405266 19.124866 -1.808560 53.186909 31.649107 71.586313 -34.421665 -12.866553 0.519893 -13.055624 
-66.937596 90.119869 59.063995 -9.680335 -27.811584 -8.021761 7.263808 2.047863 0.282366 13.488385 -6.832102 -1.495928 -12.600882 11.795155 6.542327 -0.000000 0.000000 0.000000 -22.564100 -2.432657 -3.459436 49.820028 -8.108486 6.003660 -5.801758 -11.493512 2.161582 -0.000000 0.000000 0.000000 12.478164 -2.791078 0.733728 2.820022 -1.597585 0.472597 5.036738 -2.189829 1.393656 4.950027 -2.850735 -6.008917 -5.739390 1.702668 7.436416 -0.000000 0.000000 0.000000 0.465776 -6.930301 -16.298315 -0.045022 -23.483457 -47.737990 117.849380 -71.092625 117.827564 -13.708525 -3.516257 3.762891 8.156712 0.207665 13.515859 21.630558 -4.035736 53.059621 29.732640 72.356734 -30.406370 -15.493650 0.791817 -11.493338 
-68.345702 90.691966 60.850495 -9.277988 -26.511132 -7.809720 9.000481 2.007683 1.131140 12.260154 -7.625803 -1.397906 -11.058787 11.212322 4.579204 -0.000000 0.000000 0.000000 -18.891330 -2.729656 -2.043487 38.720486 -9.131598 5.180399 -5.662287 -11.120700 3.397390 -0.000000 0.000000 0.000000 11.747113 -2.766801 0.448482 3.121312 -2.327019 0.580542 5.363581 -2.323171 1.923949 4.896504 -2.945781 -5.284287 -5.851052 1.451992 8.955042 -0.000000 0.000000 0.000000 -0.073296 -7.872767 -15.227827 -0.292676 -26.239971 -48.693418 121.336948 -70.304263 120.731711 -14.183581 -5.255919 5.042178 8.510528 0.063171 12.276107 23.286713 -4.794273 53.466769 31.143766 71.815894 -31.102303 -15.496474 -0.544493 -9.859109 
-69.779193 90.907663 62.545800 -8.801108 -25.632231 -7.118740 8.885736 1.287834 1.368131 14.330454 -7.587609 -1.354761 -10.604801 10.721902 3.359125 -0.000000 0.000000 0.000000 -15.144309 -3.454778 -0.680731 28.891253 -9.209616 3.594873 -5.296159 -10.127190 4.523867 -0.000000 0.000000 0.000000 10.850357 -2.134805 -0.245458 3.592703 -3.138668 0.709898 5.476026 -2.365364 2.203339 4.880191 -3.049736 -4.677102 -5.996947 0.350349 10.214337 -0.000000 0.000000 0.000000 -0.287481 -8.552433 -14.553064 -0.682550 -27.534503 -48.996668 123.693672 -69.856437 122.968047 -15.727807 -6.693853 2.063009 8.562005 0.200067 11.865114 23.492470 -4.446251 54.042818 33.659500 70.844752 -33.449445 -14.217460 -2.708658 -8.658608 
-71.250397 90.732163 64.241302 -8.586428 -25.221710 -6.427068 7.227254 0.263230 1.357240 19.839789 -6.985659 -1.476737 -11.077210 10.317622 2.747191 -0.000000 0.000000 0.000000 -11.383452 -4.098773 0.566771 22.013340 -9.399444 2.540344 -2.803786 -9.219191 6.011445 -0.000000 0.000000 0.000000 10.245539 -1.187487 -0.788512 3.864435 -3.694759 0.808389 5.226920 -2.178428 2.204787 5.221734 -3.675454 -4.409439 -6.107561 -0.589599 10.848569 -0.000000 0.000000 0.000000 -0.117935 -8.758363 -14.546033 -0.349353 -27.468313 -48.668349 125.333987 -69.911985 124.628893 -17.501190 -5.741031 -2.262499 8.208312 0.561035 12.103843 22.744472 -3.267990 54.766228 33.997356 70.297434 -34.286942 -13.240536 -4.470391 -8.078789 
-72.735602 90.115368 65.934998 -8.829150 -25.454154 -6.040748 3.934954 -0.330097 1.547906 28.994360 -6.392801 -1.873142 -11.338386 9.502856 2.141597 -0.000000 0.000000 0.000000 -7.659451 -4.454051 1.980248 18.532518 -9.342178 1.933972 -4.931311 -9.285718 2.552792 -0.000000 0.000000 0.000000 10.056482 -0.077634 -0.932433 3.933386 -3.858700 0.846699 4.953016 -1.636156 2.035489 5.409149 -4.251194 -4.493566 -5.894301 -1.407713 10.822502 -0.000000 0.000000 0.000000 0.055229 -8.679622 -15.042327 0.911321 -25.996259 -48.151180 124.602416 -70.240859 123.594867 -18.011843 -4.244925 -3.989084 7.721172 1.804727 12.823351 20.965216 -1.810669 55.605638 34.231374 70.106175 -35.648123 -13.424922 -5.456874 -7.960095 
-74.098599 89.176965 67.453599 -9.438874 -26.280803 -6.279578 -1.579112 -0.470237 2.339359 41.558691 -5.697283 -2.213021 -8.833648 8.216325 -0.061832 -0.000000 0.000000 0.000000 -5.110889 -5.304464 2.908814 17.871668 -8.772119 0.768805 -8.884516 -8.376793 0.227576 -0.000000 0.000000 0.000000 10.697720 1.396956 -0.384626 4.101500 -3.731023 1.145740 4.040529 -0.738685 1.672928 5.423516 -4.596448 -4.751255 -5.823906 -2.278089 10.146010 -0.000000 0.000000 0.000000 0.289563 -8.576726 -16.369316 2.753964 -23.304720 -47.401038 120.723772 -70.979073 118.965367 -17.691055 -3.164058 -3.819178 7.065008 3.840049 14.244504 18.351159 -0.631577 55.632166 35.638718 70.675114 -38.364663 -13.955785 -5.992441 -8.478783 
-75.203496 88.303667 68.664497 -9.489756 -26.997894 -7.586716 -9.476824 -2.120709 4.339084 54.954930 -4.909819 -2.887252 -2.121825 7.216160 -2.268442 -0.000000 0.000000 0.000000 -6.531681 -3.139722 3.837546 22.510744 -6.745920 3.020158 -11.170709 -10.790731 -3.727858 -0.000000 0.000000 0.000000 11.189667 2.014729 1.383466 4.478128 -2.832795 2.277013 3.382059 -0.014651 1.058913 4.015414 -5.358828 -4.732635 -4.772039 -2.051958 8.492151 -0.000000 0.000000 0.000000 0.656130 -7.721062 -19.203277 4.525826 -20.768491 -46.528220 109.349015 -72.216041 106.981712 -16.402130 -1.541617 -2.297394 5.679911 5.975494 16.783357 15.052519 2.465458 52.875334 36.874316 71.242220 -41.433665 -13.662747 -6.279627 -9.850490 
-76.294094 87.680262 69.996399 -10.094742 -27.758527 -8.395785 -16.171386 -2.703205 5.062694 65.139857 -4.311441 -2.469634 5.104535 6.152223 -3.725278 -0.000000 0.000000 0.000000 -6.251830 -4.025783 3.943318 25.379271 -5.712741 3.740173 -13.527423 -9.848024 -5.488896 -0.000000 0.000000 0.000000 11.971173 2.883650 1.698923 4.977772 -2.638405 3.257846 3.015531 0.515594 1.302373 3.120943 -5.602013 -4.454968 -4.991818 -1.835292 7.488872 -0.000000 0.000000 0.000000 0.975656 -6.654851 -21.448535 6.126536 -17.115379 -47.082244 89.114793 -72.592910 85.688531 -14.202948 -0.003509 1.981444 4.159019 8.591797 18.522167 10.612638 6.423019 49.643446 42.644169 71.227807 -47.627411 -12.252341 -6.710394 -11.890378 
-77.405900 87.547970 71.431297 -10.943729 -28.564944 -8.822068 -20.392873 -2.129407 4.898744 70.181774 -3.975256 -1.530018 3.223026 7.493495 -2.590443 -0.000000 0.000000 0.000000 -3.945287 -5.837927 4.127415 25.138031 -4.873549 2.720213 -14.990029 -8.158346 -5.746674 -0.000000 0.000000 0.000000 12.981763 3.620090 1.335426 4.894318 -3.016544 3.482573 2.990206 0.885740 1.772502 2.949395 -5.872306 -3.341905 -5.273390 -0.908885 6.836530 -0.000000 0.000000 0.000000 1.611396 -5.536699 -22.984974 8.406690 -11.936165 -47.454206 72.788125 -71.305967 68.645828 -9.655085 2.470092 8.155215 1.713417 10.796017 18.480865 5.826496 11.104217 48.470229 49.918116 71.483577 -53.711609 -10.564479 -6.270077 -13.135598 
-78.493500 87.827867 72.927499 -10.841802 -30.015460 -8.627980 -23.290114 -2.506277 4.550141 69.801084 -2.247513 -2.281724 0.919640 8.936900 -0.781916 -0.000000 0.000000 0.000000 -2.399003 -4.076368 4.658601 23.959098 -4.096698 2.147999 -15.206926 -9.121693 -6.445495 -0.000000 0.000000 0.000000 12.956561 3.600990 1.073918 4.327161 -2.869988 2.971715 3.065153 1.248810 1.575708 3.405654 -6.285043 -1.563197 -4.730291 0.297015 6.472009 -0.000000 0.000000 0.000000 3.431788 -3.513239 -23.654878 11.412923 -6.412362 -46.538000 68.213703 -70.190269 64.936045 -5.921200 2.691232 9.279675 -0.607893 12.124837 16.750208 1.391000 17.068265 50.466999 58.277769 72.294451 -61.816101 -10.752009 -5.192959 -12.164317 
-79.636902 88.456768 74.610198 -10.542832 -31.538064 -7.919662 -24.035006 -2.750257 3.800468 64.788517 0.601020 -3.366670 -1.719291 10.232315 0.680234 -0.000000 0.000000 0.000000 0.013163 -2.372961 4.635770 21.000427 -3.351547 1.235639 -14.462774 -9.862354 -5.864246 -0.000000 0.000000 0.000000 12.234776 4.058082 0.325342 3.952191 -2.373546 2.131332 3.306498 1.992198 1.200125 4.235195 -6.748213 0.524490 -3.924170 -0.087950 6.576709 -0.000000 0.000000 0.000000 5.285086 -1.401877 -22.357618 14.030446 -1.976233 -45.599032 69.183522 -70.847707 66.200635 -4.962989 1.654401 7.392663 -1.918592 12.702819 13.826849 -2.331423 21.229499 54.347062 73.602919 73.401495 -79.125018 -12.040558 -2.417316 -9.388647 
-80.747396 89.247364 76.468801 -10.140544 -32.672791 -7.035968 -22.814566 -2.729854 2.696512 55.971993 2.958960 -3.912246 -3.560942 10.931912 1.622023 -0.000000 0.000000 0.000000 3.084264 -1.812044 3.994652 17.015919 -3.336891 0.486042 -12.863474 -9.483607 -3.967779 -0.000000 0.000000 0.000000 11.250353 5.041029 -0.494294 3.651051 -1.838493 1.242600 3.780280 2.813225 0.865587 5.012281 -7.175025 2.421715 -3.424498 -1.659415 6.984964 -0.000000 0.000000 0.000000 6.490404 0.392960 -20.123750 16.320439 0.919254 -44.756659 69.947328 -72.871193 66.789588 -6.028379 0.839677 5.678035 -2.840030 12.435832 10.697434 -4.620860 23.459411 57.746929 94.432145 73.448145 -102.631043 -14.143457 1.044792 -7.348380 
-81.822598 89.928263 78.424001 -9.712855 -33.592345 -6.220691 -19.912310 -2.709909 1.595428 44.622625 3.351406 -4.138156 -5.366852 10.723606 1.796893 -0.000000 0.000000 0.000000 5.720491 -1.457011 3.190155 13.892451 -3.268395 -0.053591 -11.310381 -9.128835 -1.860928 -0.000000 0.000000 0.000000 10.290161 5.792088 -1.329789 3.453911 -1.426639 0.486655 4.196794 3.318184 0.698466 5.650323 -7.045765 3.859642 -3.371268 -3.200708 7.284295 -0.000000 0.000000 0.000000 7.342152 2.014488 -18.186632 18.193114 3.447940 -44.081495 70.911556 -74.343406 67.829358 -7.273953 0.634687 3.117809 -3.473960 11.776858 8.310856 -5.670301 24.825683 59.411325 113.872621 71.240075 -123.706154 -17.680759 3.922259 -7.094392 
-82.835096 90.318966 80.461895 -9.548396 -34.207733 -6.122414 -15.829134 -2.571284 0.917171 32.960178 2.960468 -3.682605 -7.176507 10.722523 1.651296 -0.000000 0.000000 0.000000 7.223825 -0.797710 2.850114 13.501271 -3.153318 -0.239041 -10.592877 -9.211223 -0.555911 -0.000000 0.000000 0.000000 9.333719 5.881568 -1.585059 3.827804 -1.171041 0.028091 4.394011 3.454309 0.677259 5.983219 -6.743224 4.571437 -3.654520 -3.801678 7.314705 -0.000000 0.000000 0.000000 8.035759 3.089299 -17.164652 19.530700 6.009176 -44.124389 72.028195 -74.665517 69.572742 -6.166430 1.362631 0.120563 -3.721339 11.213093 6.958686 -5.646505 25.027794 59.629175 128.522360 67.863126 -139.051794 -20.973986 6.385691 -6.504077 
-83.691704 90.372461 82.481396 -9.540448 -34.434845 -6.551099 -11.673624 -2.289579 0.399571 23.722189 3.123575 -2.545378 -6.687420 11.856574 1.158653 -0.000000 0.000000 0.000000 6.233358 -0.287318 2.634286 17.900394 -3.399037 0.246663 -10.969710 -9.081805 -0.012098 -0.000000 0.000000 0.000000 8.562173 5.395020 -1.558456 4.853440 -0.909137 0.122233 4.051765 3.270781 0.787635 5.969458 -6.518593 4.713903 -4.094513 -3.855561 7.082841 -0.000000 0.000000 0.000000 8.560801 3.433675 -17.387264 20.248944 7.812187 -44.625303 71.299229 -74.850997 69.778255 -4.095788 2.754104 -2.605363 -3.542369 10.589707 7.108752 -4.261106 23.841108 58.133249 138.723437 64.069245 -149.445317 -24.619754 8.070935 -3.833013 
-84.371799 89.953065 84.357494 -9.475200 -34.379816 -7.036272 -8.369830 -1.565421 0.133720 18.639154 2.494977 -1.858951 -5.544798 12.143678 2.293671 -0.000000 0.000000 0.000000 1.743916 -0.263834 1.901698 28.286584 -3.565084 1.697232 -11.808600 -8.592886 0.417048 -0.000000 0.000000 0.000000 8.181885 4.408544 -1.818387 5.808798 -0.501461 0.635338 3.620298 2.778369 0.996254 5.490021 -6.393187 4.771207 -4.359918 -3.432671 6.879487 -0.000000 0.000000 0.000000 8.879632 3.226089 -18.358456 20.201926 8.109068 -45.460940 67.558312 -75.187064 67.027169 -3.951832 3.421124 -2.974151 -2.987251 9.848911 8.217051 -1.880002 21.665483 55.671206 144.833625 61.413593 -155.488707 -29.526908 9.287879 0.711150 
-84.916699 89.075166 85.975099 -9.547481 -33.992078 -7.096311 -7.118495 -0.574704 -0.182427 18.953230 1.044909 -2.165675 -9.051938 12.183025 5.690811 -0.000000 0.000000 0.000000 -5.406036 -0.870498 -0.015572 42.307124 -3.368619 3.330449 -9.689087 -7.496242 2.018597 -0.000000 0.000000 0.000000 8.813804 3.183562 -2.980225 6.161622 -0.342319 1.261105 3.178235 1.952000 1.239850 4.914096 -6.145731 5.032104 -4.785261 -2.624586 6.904507 -0.000000 0.000000 0.000000 8.901976 2.361433 -19.665850 19.438677 7.561813 -46.057180 65.282636 -75.134322 65.705459 -4.433211 4.697584 -1.881221 -2.389611 8.912177 10.065964 0.768614 18.795360 52.919373 146.392812 60.447288 -156.761928 -33.381679 8.264135 6.052658 
-85.444999 88.200170 87.358594 -10.087652 -33.243106 -6.410367 -7.811405 -0.845838 -0.688065 22.919396 -0.750127 -3.920253 -11.164759 12.567481 7.815972 -0.000000 0.000000 0.000000 -12.813845 -1.227682 -2.816304 55.489973 -3.061475 4.008450 -4.049560 -6.355136 3.301946 -0.000000 0.000000 0.000000 10.229748 2.216096 -4.948048 6.301377 -0.778803 1.655459 3.343903 0.973820 1.212543 3.563020 -5.632855 5.048755 -4.437289 -2.174983 7.051987 -0.000000 0.000000 0.000000 7.943054 0.721339 -21.209440 17.660957 5.730927 -45.254308 62.570096 -74.495125 64.020876 -2.893094 5.437820 -0.852915 -2.265999 7.980519 12.586019 3.369131 16.136253 50.585152 140.360358 60.689225 -151.316787 -29.626056 5.475269 10.237956 
-86.079097 87.670666 88.858002 -10.806163 -32.062765 -6.684941 -7.095284 0.675284 -0.160731 25.249833 -2.013828 -4.595582 -13.318001 10.861420 8.726908 -0.000000 0.000000 0.000000 -18.327016 -2.241973 -4.293361 64.518076 -3.014221 4.109057 -2.805585 -7.849037 2.526471 -0.000000 0.000000 0.000000 11.356838 1.349318 -4.894585 6.418536 -1.131314 1.684800 3.286403 0.345899 0.853394 3.478645 -6.065615 3.998901 -4.350749 -1.625249 7.714116 -0.000000 0.000000 0.000000 6.437090 -1.575695 -22.743765 14.986058 2.883290 -43.524957 61.441322 -73.674087 62.807742 -0.450607 6.405326 -1.130994 -1.693324 7.177307 14.366825 5.950378 12.492758 48.637318 132.632532 61.053813 -143.725182 -17.816494 1.867514 11.501996 
-86.726093 87.744868 90.438002 -11.323509 -30.954462 -6.849399 -4.960410 1.224905 -0.639478 24.641613 -3.297186 -3.858598 -14.239922 10.535642 9.498727 -0.000000 0.000000 0.000000 -22.029981 -3.153126 -5.396390 68.179073 -3.240478 3.965154 -4.497779 -9.298125 1.447823 -0.000000 0.000000 0.000000 11.885898 0.945937 -4.609556 6.537874 -1.197123 1.651891 3.153579 -0.123452 0.504530 4.208461 -6.408650 3.117319 -4.016174 -1.494089 8.307372 -0.000000 0.000000 0.000000 4.414559 -3.578939 -23.336821 12.175598 -1.238127 -42.886225 64.467889 -72.757443 64.827635 1.331512 6.521038 -0.834882 -0.935860 6.350141 15.423897 8.243620 8.590586 46.791986 125.271007 60.929381 -136.947748 -7.700024 -0.836146 12.654260 
-87.432998 88.298762 92.062795 -11.381644 -29.879475 -6.932073 -2.023200 0.239003 -1.305673 21.833262 -4.058389 -2.957137 -14.011496 11.271356 9.809021 -0.000000 0.000000 0.000000 -24.069302 -3.136910 -5.659319 67.018657 -4.288143 4.390459 -5.698456 -9.819519 1.397515 -0.000000 0.000000 0.000000 11.779780 0.636967 -4.141117 6.481214 -1.183462 1.577142 3.041634 -0.532788 0.278311 5.088801 -6.892801 2.556476 -3.184950 -1.219615 8.764112 -0.000000 0.000000 0.000000 2.599910 -4.717199 -22.995607 9.731126 -6.429871 -43.935651 71.586747 -72.380696 71.451386 1.116460 6.293093 -1.514783 -0.542016 5.025277 15.293290 9.773988 5.511912 45.564079 121.064423 60.457030 -133.762455 -3.707690 -0.934495 17.215876 
-88.323498 89.084864 93.669796 -11.154774 -29.033890 -7.269267 1.405509 -0.141672 -1.025833 17.598320 -4.708043 -2.169543 -12.867897 11.404792 9.091673 -0.000000 0.000000 0.000000 -24.486648 -2.488578 -4.588601 61.920787 -5.239711 5.078963 -4.718996 -10.531269 1.842040 -0.000000 0.000000 0.000000 11.275329 0.024668 -3.445496 6.181837 -1.114354 1.452900 2.977816 -0.874449 0.298460 5.902253 -7.579543 2.037275 -2.480885 -0.467974 9.270061 -0.000000 0.000000 0.000000 1.379557 -5.629023 -22.013552 7.521096 -11.340767 -46.090899 80.439819 -72.219408 80.279248 -1.289295 5.184275 -2.508123 -0.380603 3.926332 13.952191 10.401191 3.615474 44.949932 120.310841 60.020508 -134.262991 -4.753472 -1.005497 22.043806 
-89.333194 89.830166 95.270103 -10.683042 -28.055689 -7.666938 4.590914 0.273051 0.073459 13.383979 -5.032663 -1.865165 -11.415341 10.521913 7.364031 -0.000000 0.000000 0.000000 -23.290933 -1.811959 -3.089730 53.973780 -6.116306 6.029131 -4.391966 -10.874870 2.508742 -0.000000 0.000000 0.000000 10.487419 -0.725631 -2.668159 5.973043 -1.402643 1.367713 2.858295 -1.241616 0.465688 6.570786 -7.842717 1.714657 -1.979370 0.131261 9.618757 -0.000000 0.000000 0.000000 0.665399 -6.571410 -20.601735 5.657801 -15.403583 -48.414903 89.907677 -71.820498 89.956649 -4.202678 3.163372 -3.782461 -0.394922 3.451732 11.897906 9.880989 3.113501 44.434745 121.157652 59.857081 -136.256427 -7.571268 -1.503444 24.142746 
-90.416497 90.295267 96.797699 -9.953454 -26.800317 -7.767988 6.497562 0.247755 1.140369 10.989808 -5.307587 -1.670239 -10.445408 9.633873 5.775045 -0.000000 0.000000 0.000000 -21.084428 -1.657281 -1.911029 44.677645 -7.255082 6.633123 -4.589207 -10.012625 3.456099 -0.000000 0.000000 0.000000 9.444967 -1.142238 -2.284305 5.972768 -2.131630 1.426478 2.871146 -1.613265 0.793931 6.988635 -7.670575 1.868792 -1.718362 0.159096 10.083142 -0.000000 0.000000 0.000000 0.167209 -7.742577 -18.810582 4.092578 -18.964135 -50.551366 98.652658 -71.270456 99.035189 -8.188282 2.071749 -5.506580 -0.728378 3.558749 9.642828 8.365681 3.866079 44.026402 121.851823 59.371895 -138.409117 -9.744350 -1.585482 24.193482 
-91.529602 90.417063 98.203695 -9.273044 -25.751082 -7.415586 6.930115 -0.459533 1.600800 11.395080 -5.150094 -1.532150 -10.585033 9.117231 4.691378 -0.000000 0.000000 0.000000 -18.228658 -2.127775 -0.810105 35.615256 -8.813636 5.850166 -4.906857 -9.456732 4.148099 -0.000000 0.000000 0.000000 8.450952 -0.911309 -2.630870 6.189695 -3.006313 1.583341 2.796032 -1.862348 1.161587 7.573635 -7.438127 2.703802 -1.638882 -0.239970 10.634605 -0.000000 0.000000 0.000000 -0.078577 -9.216020 -17.066792 2.983532 -21.660248 -51.823861 105.888735 -70.382361 106.401635 -11.649635 0.731792 -7.513195 -1.528000 4.449567 7.355355 6.001872 5.946223 43.959847 121.705447 58.560950 -140.063807 -10.686407 -2.140471 23.197982 
-92.681700 90.230662 99.525899 -9.150612 -25.464596 -6.941775 6.287708 -1.203473 1.514050 14.838177 -4.178311 -1.474513 -11.812470 8.455833 3.940630 -0.000000 0.000000 0.000000 -14.769483 -2.805584 0.444769 28.209427 -9.851931 3.904778 -4.745514 -8.914711 4.636429 -0.000000 0.000000 0.000000 7.786081 -0.170832 -3.300990 6.707632 -3.700948 1.614763 2.457733 -1.820562 1.354141 8.684213 -7.190883 4.111426 -1.474308 -0.733791 11.029029 -0.000000 0.000000 0.000000 -0.087551 -10.557056 -15.725576 2.399629 -22.798258 -51.968267 110.836467 -69.195191 111.196268 -14.106333 -0.547550 -11.884896 -2.654810 6.319648 5.131936 2.312721 9.493129 44.166141 120.680443 57.588594 -140.650961 -11.039294 -2.587199 21.985622 
-93.878299 89.738667 100.837994 -9.703158 -26.016090 -6.732009 4.347904 -1.373144 1.352625 21.952963 -3.264390 -1.668648 -13.627384 7.762388 3.630780 -0.000000 0.000000 0.000000 -10.828583 -3.263524 1.834482 22.801360 -9.623819 2.240729 -2.535764 -7.934185 3.671351 -0.000000 0.000000 0.000000 7.580361 0.733670 -3.529358 6.902815 -4.020544 1.242808 2.194009 -1.300207 1.396175 10.587292 -7.761114 5.517589 -1.078500 -0.479604 11.490252 -0.000000 0.000000 0.000000 -0.252380 -11.643642 -15.123337 3.197572 -22.086523 -51.237962 113.407443 -68.003916 113.140977 -13.031392 0.171616 -14.273683 -3.945410 9.290305 2.557298 -2.645239 13.775226 44.598131 120.632421 57.018432 -141.078496 -11.132467 -3.382331 19.135391 
-95.040101 88.938564 102.046990 -10.715254 -27.093029 -7.086923 0.083898 -1.077951 1.900386 33.635935 -2.398488 -2.256102 -14.396763 6.697375 2.037728 -0.000000 0.000000 0.000000 -7.313508 -2.997817 3.347751 20.875320 -9.157366 0.755128 -7.857432 -7.903755 1.089449 -0.000000 0.000000 0.000000 8.046077 1.653132 -2.821668 6.664263 -3.879349 0.871248 1.885156 -0.326879 1.083095 12.626855 -7.962078 6.734889 -0.606665 -0.505780 11.144615 -0.000000 0.000000 0.000000 -0.359432 -12.260604 -14.738767 4.606843 -20.200205 -50.492051 111.628509 -67.489441 109.966677 -12.539458 -0.269044 -15.371520 -5.202128 12.730698 -0.155971 -8.520398 18.375897 44.692522 121.198429 56.906817 -141.424860 -11.836975 -3.719437 15.005020 
-96.046203 88.154161 102.939999 -11.615442 -28.090763 -8.806197 -6.860074 -1.672928 4.323461 47.893857 -1.751716 -3.030209 -10.011179 5.769932 -0.795631 -0.000000 0.000000 0.000000 -7.381573 -1.457295 5.136271 23.642008 -7.150806 1.570291 -9.522432 -9.739085 -2.561713 -0.000000 0.000000 0.000000 8.799673 2.168719 -0.508055 6.820667 -3.051675 1.180430 1.526732 0.719001 0.521255 13.518064 -8.943239 7.726213 0.062557 0.743526 10.264414 -0.000000 0.000000 0.000000 -0.484104 -12.142353 -15.253249 5.864819 -18.045630 -49.995713 103.730259 -67.590139 100.395904 -11.688558 -0.200915 -14.268226 -6.500559 15.915497 -2.618805 -14.821397 23.726763 43.625402 119.723225 57.141446 -140.435706 -12.531147 -2.485032 12.207957 
-96.970397 87.509865 103.933990 -12.911228 -28.848425 -10.067412 -13.394470 -1.830245 5.980349 59.935615 -1.473094 -2.940351 -2.679717 4.464185 -3.802458 -0.000000 0.000000 0.000000 -7.254844 -1.584266 5.260425 27.352821 -6.503305 2.724357 -11.563480 -8.953694 -4.071628 -0.000000 0.000000 0.000000 9.992033 2.782915 0.834928 6.963757 -2.479637 1.264357 1.803920 1.425750 0.248260 13.615475 -8.819622 9.188826 0.304207 1.878043 9.633005 -0.000000 0.000000 0.000000 -0.229533 -11.648297 -15.548019 7.317022 -15.382733 -50.402857 91.901528 -67.860491 87.602081 -10.291846 -0.689198 -10.060622 -7.786239 18.240670 -5.434658 -21.295680 28.402266 43.918995 117.545094 58.147580 -138.680596 -13.617570 -1.030569 9.856620 
-97.903895 87.251061 105.013001 -13.708847 -28.946118 -10.200324 -18.383849 -1.745572 6.178650 66.944115 -1.774740 -2.309641 2.196800 3.863373 -4.546285 -0.000000 0.000000 0.000000 -5.532871 -3.895415 4.589904 27.863751 -5.925096 2.444355 -13.117287 -6.944581 -4.590003 -0.000000 0.000000 0.000000 10.618642 3.383811 0.758985 7.300858 -2.810336 1.225726 2.149512 1.372906 0.213385 13.957383 -8.430780 10.942241 0.541777 3.392399 9.224200 -0.000000 0.000000 0.000000 0.756722 -10.499849 -16.711785 9.735747 -11.876891 -49.612399 83.056716 -66.970141 79.331122 -7.726399 -1.242146 -3.887078 -9.505651 19.743794 -6.986832 -26.762974 32.801368 44.935784 114.973540 60.285347 -136.115736 -15.188223 -0.474969 8.664094 
-98.806995 87.501764 106.206000 -13.808432 -28.882388 -10.121426 -21.198771 -2.289415 6.030579 68.701223 -1.943991 -2.506334 0.194880 5.378940 -3.228154 -0.000000 0.000000 0.000000 -3.591565 -3.510350 4.905330 26.623421 -5.493139 2.236928 -13.491194 -7.713820 -4.927167 -0.000000 0.000000 0.000000 10.620782 3.278809 0.437616 7.192435 -2.987560 1.247000 2.666412 1.141672 0.057169 14.655921 -7.994074 12.598718 1.100508 4.896760 8.438522 -0.000000 0.000000 0.000000 2.251847 -7.681657 -18.099065 11.940313 -8.346765 -48.309846 77.539209 -66.347897 74.797100 -6.735205 -2.471055 -0.969043 -11.322964 19.194748 -7.030391 -30.072120 37.446998 45.447012 112.884749 62.263205 -133.552601 -16.083134 0.401452 6.929610 
-99.628097 88.065362 107.512999 -13.313699 -28.877825 -9.600333 -22.471152 -2.948927 5.537318 66.215961 -0.710786 -3.182852 -1.461047 6.513013 -2.086603 -0.000000 0.000000 0.000000 -1.932620 -2.611894 5.123044 24.734336 -4.843945 1.824807 -12.991481 -9.132925 -4.577987 -0.000000 0.000000 0.000000 9.980292 3.266547 -0.111501 6.831837 -2.981712 0.888471 3.330307 1.053058 -0.006908 15.175724 -7.649631 13.598189 0.929732 6.180304 8.366464 -0.000000 0.000000 0.000000 3.816650 -4.720961 -18.434760 13.833905 -4.577694 -47.608630 75.839091 -66.973694 74.190829 -6.409996 -3.927421 -1.015202 -11.813982 17.652218 -7.840290 -30.141246 38.600558 44.196299 113.979495 62.128301 -135.227312 -14.949460 1.086270 6.253765 
-100.539994 88.857770 108.917999 -12.896768 -28.825676 -9.055012 -21.513582 -3.096246 5.095139 60.075828 0.671699 -3.719811 -2.819265 7.291157 -1.712112 -0.000000 0.000000 0.000000 0.590803 -2.022944 5.249781 21.453686 -4.571855 1.309248 -11.636673 -10.194029 -3.563187 -0.000000 0.000000 0.000000 9.156170 3.552820 -1.258065 7.093321 -2.780731 0.679063 3.610769 1.121732 0.310269 15.186930 -7.319990 13.750676 0.288857 6.967511 8.524638 -0.000000 0.000000 0.000000 5.028806 -1.938464 -18.445013 15.922267 -1.316693 -46.852529 77.919433 -68.546036 77.598414 -7.128169 -5.278803 -1.846172 -11.720999 15.275836 -7.900912 -26.528226 36.807614 38.961998 119.638116 61.004610 -142.050850 -15.240058 1.201863 8.053241 
-101.236999 89.571762 110.427999 -12.443601 -28.469927 -8.516288 -18.891465 -3.070108 4.448245 51.347219 1.244816 -4.005796 -3.449032 7.823001 -1.647448 -0.000000 0.000000 0.000000 2.883802 -2.348029 4.788558 18.726021 -4.571141 1.146402 -10.265721 -10.107789 -1.655910 -0.000000 0.000000 0.000000 8.542230 3.944785 -2.345005 7.237704 -2.611080 0.601344 3.720353 1.115287 0.747758 14.839341 -6.584258 13.277762 -0.525533 7.471421 8.629630 -0.000000 0.000000 0.000000 6.082167 0.696144 -18.444340 17.648358 1.253384 -46.019236 82.265602 -70.293753 82.731114 -9.099676 -6.660142 -2.164264 -11.208319 11.711856 -7.014612 -22.101363 32.101789 32.234473 126.154102 59.694338 -149.380036 -17.410114 2.757669 9.839632 
-101.810992 90.047169 112.015998 -11.911410 -28.067949 -8.320093 -15.224282 -2.761082 4.052275 41.597092 1.090100 -3.842178 -3.448898 8.309698 -1.623818 -0.000000 0.000000 0.000000 4.108476 -2.634791 4.557064 17.783378 -3.916712 1.256007 -9.309420 -10.747327 -0.417049 -0.000000 0.000000 0.000000 7.786491 4.127367 -2.871550 7.456866 -2.364605 0.558914 3.733723 1.075960 1.127484 14.461389 -6.212130 12.369820 -1.199923 8.236651 8.830568 -0.000000 0.000000 0.000000 6.933751 2.509606 -18.773326 19.158747 3.781790 -45.229628 88.120516 -72.153175 89.142845 -10.297689 -6.960350 -1.805826 -9.845738 8.573217 -5.584637 -17.731032 24.892832 25.465242 132.111399 57.989120 -157.197251 -17.599356 3.272706 10.969781 
-102.208996 90.196866 113.541996 -11.199030 -27.616357 -8.472053 -11.600820 -2.408715 3.678127 32.864173 -0.674240 -2.825976 -2.571765 8.197628 -1.921151 -0.000000 0.000000 0.000000 3.240987 -2.515709 4.648349 20.100847 -3.295430 1.737211 -9.196596 -11.855897 -0.072031 -0.000000 0.000000 0.000000 7.115277 3.810101 -2.739396 7.518089 -1.996997 0.572564 3.622546 0.899653 1.290049 14.165951 -5.780925 11.396198 -1.726867 8.999431 8.965226 -0.000000 0.000000 0.000000 7.754343 3.710889 -19.706504 20.033601 6.028057 -44.281978 94.067918 -72.715724 95.820750 -9.534159 -7.028761 -1.789395 -8.205473 5.726750 -3.421155 -14.989226 16.573584 20.168370 136.013575 56.637053 -163.457098 -18.657413 4.128780 12.581334 
-102.406991 89.958161 114.875996 -10.461829 -27.097645 -8.476253 -8.701851 -1.985326 2.982409 28.268244 -3.564211 -1.724046 -6.208991 9.729330 1.240211 -0.000000 0.000000 0.000000 -0.549154 -3.676352 3.724945 27.279109 -2.445442 2.884032 -9.543329 -12.204131 0.540849 -0.000000 0.000000 0.000000 7.010478 3.243394 -2.534016 6.883475 -1.666380 0.505408 4.007930 0.599032 1.237445 13.568163 -5.568189 10.614771 -2.175244 9.292731 9.444423 -0.000000 0.000000 0.000000 8.107159 4.317518 -20.700795 20.004711 7.511372 -42.842909 99.379132 -73.145035 101.152707 -9.333957 -6.944068 -0.587427 -6.577058 3.177548 -0.817484 -14.037657 8.828811 16.279310 138.945169 56.243408 -168.843353 -20.547009 4.932859 13.470279 
-102.463996 89.337665 115.901995 -9.986574 -26.430301 -8.405893 -6.992951 -1.055579 2.636741 25.991818 -4.527318 -1.350597 -9.301890 10.083931 3.229127 -0.000000 0.000000 0.000000 -7.120844 -4.469109 1.554790 38.667645 -2.744637 4.884793 -8.133619 -11.042133 2.162947 -0.000000 0.000000 0.000000 7.687742 2.094995 -2.853193 6.147183 -1.616029 0.859195 4.248683 -0.060383 1.182694 12.890279 -4.446784 10.555419 -2.634883 9.001697 8.938650 -0.000000 0.000000 0.000000 7.980787 4.871465 -20.955644 19.584286 7.204990 -42.275405 100.411656 -73.695528 101.974710 -9.952113 -8.268903 1.996435 -6.700172 0.768953 0.371831 -14.276703 5.933049 15.940148 137.801727 56.962469 -169.539828 -21.065582 4.164737 14.967439 
-102.397001 88.552558 116.568995 -9.572808 -26.419668 -7.972418 -6.746708 -0.251878 2.287709 25.655605 -5.161905 -1.820851 -11.564519 9.947179 5.766405 -0.000000 0.000000 0.000000 -15.001947 -4.715480 -1.629960 50.456089 -3.014668 6.640140 -3.556855 -9.236493 4.475136 -0.000000 0.000000 0.000000 8.529176 0.900178 -3.688006 5.716167 -1.800311 1.246626 4.124781 -0.764191 0.963333 12.307272 -4.104054 11.563680 -2.451151 8.233378 8.647421 -0.000000 0.000000 0.000000 7.556652 4.200496 -20.857800 18.684106 6.195192 -42.072867 98.824728 -73.377535 100.522105 -8.917291 -8.848451 4.503036 -7.778321 0.218505 0.462715 -15.053993 6.984064 17.709762 134.760015 56.909367 -167.948668 -18.818140 2.683436 15.902593 
-102.313006 88.008767 116.954005 -9.149129 -27.658609 -7.378697 -7.679793 -0.741060 2.048965 27.053716 -4.683008 -3.220346 -12.701045 10.431424 7.028269 -0.000000 0.000000 0.000000 -22.240128 -3.827743 -3.882745 59.413467 -3.722591 7.241760 0.716974 -9.036699 5.370072 -0.000000 0.000000 0.000000 8.664149 0.464333 -4.615402 6.207514 -1.842667 1.685247 3.618297 -1.001030 0.596516 12.168855 -4.909004 12.916758 -1.945385 6.742355 8.860253 -0.000000 0.000000 0.000000 6.900603 1.493531 -20.986850 16.952039 3.910351 -41.410713 92.459991 -73.052562 94.551545 -6.799046 -10.026084 7.455346 -8.730685 1.970079 0.274144 -16.141288 9.929785 19.207457 131.331970 55.679851 -165.335904 -17.443476 3.044266 14.633607 
-102.352989 87.988365 117.427003 -9.864176 -29.332169 -7.663416 -6.612113 0.851528 2.208410 26.962277 -4.049820 -3.568611 -13.311825 9.870954 7.425202 -0.000000 0.000000 0.000000 -25.947256 -3.404893 -4.171476 63.760041 -4.054773 6.474441 -1.885739 -11.318746 3.001985 -0.000000 0.000000 0.000000 9.103740 0.256372 -4.615039 6.809427 -1.472750 1.560142 3.177252 -0.772274 0.351804 12.918904 -6.357321 13.909693 -1.227932 5.340988 9.672217 -0.000000 0.000000 0.000000 5.579731 -2.134985 -20.241298 14.448885 0.871068 -40.762384 84.612628 -72.503380 85.667360 -4.976176 -9.843942 8.644740 -9.221692 5.417292 -1.622029 -17.323541 13.012536 21.990270 130.306748 54.365871 -163.584972 -18.645565 3.264959 13.467828 
-102.507007 88.537067 117.955995 -11.230630 -30.574360 -8.347881 -3.363347 2.442673 1.818813 24.115390 -3.222758 -2.877006 -12.766821 9.443231 6.880959 -0.000000 0.000000 0.000000 -26.275925 -2.803713 -3.612080 63.687381 -4.538295 5.587471 -4.545345 -10.990229 1.601745 -0.000000 0.000000 0.000000 9.681706 -0.001729 -4.335895 7.794195 -1.261585 1.275618 2.380725 -0.601747 0.071736 14.374120 -7.177504 14.868548 -0.411695 3.543635 10.388795 -0.000000 0.000000 0.000000 3.882140 -5.379184 -18.579678 12.121753 -2.655108 -40.709051 80.539835 -70.824554 80.419774 -3.740147 -9.574682 6.364441 -9.861619 9.083317 -4.061186 -18.530525 17.531328 26.224614 129.398960 54.313131 -160.600425 -20.321189 3.278817 13.139125 
-102.835000 89.323562 118.471992 -11.801511 -31.370850 -8.831281 -0.195319 2.506430 1.701625 20.020530 -2.636515 -2.670943 -11.441539 9.827109 5.740477 -0.000000 0.000000 0.000000 -25.154571 -1.878370 -2.509208 60.176767 -4.731765 5.386084 -4.055588 -9.625523 2.283068 -0.000000 0.000000 0.000000 9.459910 -0.255745 -3.979448 8.279087 -1.418417 1.221879 1.974224 -0.591016 -0.023820 15.340887 -7.302987 15.146982 0.455904 2.387053 10.633041 -0.000000 0.000000 0.000000 2.669001 -7.936528 -16.096064 10.553581 -6.418388 -41.884838 79.559621 -69.675265 78.609029 -4.141279 -10.027124 5.129075 -10.688987 12.104464 -6.649131 -20.042941 23.089645 31.336523 126.991946 55.146956 -155.808146 -19.692869 3.291942 12.367807 
-103.342998 90.091264 118.945003 -11.698218 -31.848575 -9.133049 1.992486 2.341608 1.995921 16.518931 -1.947567 -2.443084 -9.439612 9.909150 4.619345 -0.000000 0.000000 0.000000 -22.870751 -1.107715 -0.793417 54.351662 -4.729338 5.184143 -3.522556 -8.382374 2.820656 -0.000000 0.000000 0.000000 8.693626 -0.575005 -3.463861 8.426395 -1.708155 1.192012 1.915508 -0.523387 0.046795 15.438411 -6.991989 14.703720 0.989732 1.850275 10.652881 -0.000000 0.000000 0.000000 1.953860 -9.561692 -13.338732 9.592345 -9.737118 -43.627858 81.965910 -69.726949 81.023788 -9.263438 -8.990582 1.628234 -11.172434 14.323629 -9.108800 -21.962787 27.862503 35.786707 123.210742 55.511542 -150.380660 -17.149971 2.996401 11.443657 
-103.973997 90.701264 119.400001 -11.338054 -31.889613 -9.178705 3.038959 2.373265 2.541008 14.828062 -1.014627 -2.277258 -7.923395 9.156017 2.916923 -0.000000 0.000000 0.000000 -19.297021 -0.491050 1.027153 46.806168 -5.390744 4.729739 -4.043206 -7.616815 2.996083 -0.000000 0.000000 0.000000 7.857953 -0.773727 -3.187340 8.603491 -2.049988 1.177616 1.785444 -0.531126 0.282874 15.088157 -6.365912 14.190596 1.053896 1.576284 10.318482 -0.000000 0.000000 0.000000 1.546754 -9.933205 -11.620910 9.271275 -11.844276 -44.429713 87.985625 -69.697934 87.967750 -12.997736 -6.623170 -4.503739 -11.527976 15.255752 -10.418505 -23.504547 31.419775 37.666403 121.604114 56.158313 -147.995037 -15.998864 2.267403 11.175500 
-104.654992 91.017467 119.850993 -10.664642 -31.548435 -8.664885 2.673541 1.871877 2.873737 15.319377 -0.450886 -2.339638 -7.199323 8.521163 1.617181 -0.000000 0.000000 0.000000 -15.007289 -0.374414 2.500886 38.510275 -5.928325 3.530715 -4.349252 -7.639088 3.377762 -0.000000 0.000000 0.000000 6.889650 -0.498903 -3.323494 8.627035 -2.576798 1.109736 1.813415 -0.650313 0.500107 14.742813 -5.980681 13.828578 0.859810 1.951969 10.188549 -0.000000 0.000000 0.000000 1.912744 -9.651528 -10.872076 9.625772 -12.215346 -44.585088 94.046085 -69.347054 95.072615 -14.112461 -6.031929 -7.334153 -11.696917 14.975348 -11.200913 -24.086324 32.043566 37.725504 121.399266 55.991810 -147.958402 -16.407006 2.249671 11.843052 
-105.317998 91.006070 120.275998 -10.112642 -31.052955 -7.846249 1.122076 0.567005 2.801844 18.223852 -0.195060 -2.741073 -7.243260 8.474985 1.154283 -0.000000 0.000000 0.000000 -10.296377 -0.476698 3.590433 30.365791 -5.806776 1.921336 -2.284205 -8.652744 3.985985 -0.000000 0.000000 0.000000 6.232217 0.112469 -3.719708 8.611493 -3.127073 1.035402 2.015972 -0.835544 0.553245 14.281642 -6.035838 13.387954 0.626635 3.208404 9.911469 -0.000000 0.000000 0.000000 2.620698 -8.264054 -11.490644 10.510475 -10.963955 -43.889368 99.267451 -69.128878 101.110270 -14.693414 -5.970608 -8.283717 -12.028466 13.436202 -10.797628 -23.365948 31.273339 35.839581 122.060782 55.368304 -150.069078 -16.027218 1.932613 12.967224 
-105.941999 90.606660 120.651996 -9.850075 -30.653538 -7.053467 -1.746953 -0.676370 2.704466 23.930700 -0.312211 -3.501666 -8.043912 8.600181 1.086937 -0.000000 0.000000 0.000000 -5.483754 -0.896273 4.175235 23.575121 -4.496422 0.939877 -6.165114 -9.109914 1.596305 -0.000000 0.000000 0.000000 5.878712 1.035012 -3.949241 8.653876 -3.590616 0.843684 2.449869 -0.825921 0.424015 13.615480 -5.477329 12.719437 0.258980 4.061253 9.203937 -0.000000 0.000000 0.000000 3.134635 -6.169326 -12.969874 11.796147 -8.542231 -42.764456 103.242357 -69.298880 105.843553 -14.927358 -5.428712 -9.177656 -11.791557 11.180844 -9.409180 -22.491532 28.951115 32.559360 123.907474 54.861279 -153.782037 -15.770837 1.778470 12.494794 
-106.411004 89.904863 120.836997 -9.778779 -30.426247 -6.712812 -7.057533 -1.616229 3.129288 33.720162 -0.474213 -4.222696 -8.079026 7.956379 0.183470 -0.000000 0.000000 0.000000 -2.053254 -2.129896 4.397555 18.439328 -4.240298 0.611963 -8.660566 -9.208178 0.281691 -0.000000 0.000000 0.000000 6.366628 2.287901 -3.420335 8.218801 -3.783145 0.619587 2.850621 -0.449252 0.101593 13.028329 -5.366425 11.946125 -0.295210 4.536472 8.684993 -0.000000 0.000000 0.000000 3.690215 -4.034389 -15.159970 13.025415 -5.579030 -41.396063 105.706625 -69.440449 108.895457 -14.624428 -5.014688 -9.286682 -11.096055 8.745254 -7.315801 -21.540394 24.885398 28.436156 126.256704 53.773314 -158.382648 -16.247743 1.782240 11.457563 
-106.700993 89.078367 120.791996 -10.193261 -30.426083 -7.482240 -13.779199 -1.711094 4.525647 45.096479 -1.045033 -4.034085 -4.844078 6.444319 -1.987400 -0.000000 0.000000 0.000000 -1.296916 -3.429511 5.122554 18.338783 -2.584083 0.593661 -10.842355 -9.188991 -1.754560 -0.000000 0.000000 0.000000 7.909986 3.351940 -1.971068 7.684981 -3.405235 0.545031 2.891940 0.210615 -0.243151 12.281283 -6.241137 11.279556 -1.048340 4.801958 8.673700 -0.000000 0.000000 0.000000 4.122461 -2.031340 -17.837427 14.043229 -2.176302 -40.215833 107.259970 -69.221118 110.766357 -13.902824 -5.231286 -8.442113 -10.054865 6.990405 -5.301829 -21.599906 19.343650 24.432242 127.924225 52.694626 -162.261662 -17.561112 1.765818 12.045756 
-106.791997 88.351268 120.594001 -9.926409 -30.740012 -7.954756 -20.483212 -2.554381 5.689814 54.092962 -0.626499 -4.085589 -0.916435 5.411280 -3.441052 -0.000000 0.000000 0.000000 -4.180830 -2.731189 5.147212 22.868822 -1.845178 2.121282 -12.433066 -9.746194 -3.677138 -0.000000 0.000000 0.000000 8.377291 3.731007 -1.002547 7.764372 -2.664086 0.985805 3.184877 0.680515 -0.603751 11.306315 -6.713297 11.363378 -1.470266 4.384051 8.266466 -0.000000 0.000000 0.000000 4.516106 0.344895 -19.729958 14.623318 -0.272362 -40.458342 104.833015 -69.811937 108.840977 -14.703283 -4.790749 -8.600297 -9.375149 5.412132 -3.619352 -22.467833 17.353589 22.820978 126.754295 52.814095 -163.454405 -18.394901 1.108824 14.006702 
-106.926000 88.014865 120.494998 -10.366067 -31.334085 -8.021785 -24.115638 -2.357487 5.437068 59.128154 -0.445772 -3.467215 0.478813 5.648987 -2.892201 -0.000000 0.000000 0.000000 -5.285893 -4.016671 4.721559 25.477720 -1.410192 1.936381 -13.255865 -8.621788 -3.861060 -0.000000 0.000000 0.000000 8.953511 4.212805 -1.356547 7.806228 -2.489288 1.243856 3.426092 0.954654 -0.366252 12.064998 -7.553030 11.825136 -1.796194 3.712943 8.554797 -0.000000 0.000000 0.000000 4.991765 1.325783 -20.057160 14.998018 1.387289 -42.032995 100.987624 -70.296820 104.619543 -14.213166 -4.075411 -7.575906 -9.403160 5.514333 -3.381197 -23.890612 17.457911 24.463684 126.154260 53.515153 -162.735621 -17.215975 0.322724 14.322496 
-107.095993 88.126367 120.489991 -11.165034 -31.777226 -8.165330 -24.777576 -2.701588 4.595867 60.321523 0.343009 -3.393729 -1.273464 7.280692 -0.989887 -0.000000 0.000000 0.000000 -4.405772 -3.750007 4.945455 25.150807 -1.506318 1.188156 -13.082512 -8.521310 -4.063689 -0.000000 0.000000 0.000000 9.190871 4.413189 -1.927125 8.146189 -2.550030 1.530767 3.474946 1.097748 -0.120471 13.473075 -8.474722 12.619456 -1.021710 2.846308 8.694180 -0.000000 0.000000 0.000000 5.470578 1.023358 -19.811067 15.188567 1.336495 -43.100997 98.400700 -70.083403 101.872082 -12.856826 -4.117451 -6.541715 -9.887265 6.843628 -3.682323 -24.697690 20.317249 26.913650 124.722819 54.310810 -159.971840 -15.114383 -0.047838 13.044526 
-107.184994 88.535869 120.569992 -11.709261 -32.127003 -8.234071 -23.604846 -3.467913 3.686816 58.254068 1.251399 -4.042352 -3.128947 8.160709 0.108573 -0.000000 0.000000 0.000000 -3.165653 -2.442767 5.079746 23.628460 -1.270524 0.985713 -12.084883 -9.521078 -3.789932 -0.000000 0.000000 0.000000 8.963873 4.385002 -2.153449 8.103175 -2.544606 1.656478 3.756863 1.158805 -0.037702 14.610084 -9.285930 13.393456 -0.034748 2.049245 8.628732 -0.000000 0.000000 0.000000 5.242115 0.382195 -18.777429 15.067076 -0.566651 -43.467943 98.440003 -69.961143 101.065309 -12.102915 -5.317307 -5.212921 -10.704683 8.394813 -4.618182 -24.780827 24.599549 29.661265 123.842077 55.437993 -156.976555 -13.864035 0.192017 11.315245 
-107.209992 89.104563 120.771003 -12.129938 -32.364948 -8.176355 -20.864834 -4.008541 2.422729 53.833315 1.348025 -4.131406 -4.885914 7.788021 0.412669 -0.000000 0.000000 0.000000 -1.447787 -1.942844 4.917051 21.040590 -1.515097 0.531178 -10.457490 -9.336214 -2.543298 -0.000000 0.000000 0.000000 8.592131 4.628046 -2.200078 8.111679 -2.645006 1.596328 3.736670 1.322718 0.012981 15.434968 -9.971162 13.895938 0.349285 1.073146 8.858271 -0.000000 0.000000 0.000000 4.355070 -1.133553 -17.254686 14.594013 -3.360893 -43.813265 99.565679 -69.554945 101.305601 -10.596209 -7.287554 -3.304887 -11.258412 10.231020 -6.257243 -24.735723 27.500381 32.335525 122.856878 55.716663 -154.307386 -12.724622 0.467131 10.593825 
-107.156992 89.647168 120.989001 -12.433643 -32.816389 -8.094774 -17.004491 -4.191204 1.079668 47.781518 0.455402 -3.681645 -5.850771 6.999369 0.591789 -0.000000 0.000000 0.000000 -0.235519 -1.551353 4.585014 19.479938 -1.924513 0.139238 -9.102361 -8.899335 -1.219569 -0.000000 0.000000 0.000000 8.101265 4.684618 -2.134510 7.981498 -2.657884 1.345303 3.618793 1.475493 -0.018779 16.121667 -10.210308 13.983001 0.728449 0.226253 9.135501 -0.000000 0.000000 0.000000 3.190039 -2.791238 -15.557617 13.581913 -6.461387 -44.452673 100.406762 -69.230667 101.405910 -9.641027 -9.320878 -0.877490 -11.683621 11.903848 -7.886582 -24.776413 29.618989 35.346288 121.897019 55.594668 -151.878764 -11.654782 0.914891 8.624184 
-107.016993 89.996868 121.162999 -12.650943 -33.429694 -8.349993 -12.714302 -3.994009 0.155693 41.203459 -0.616803 -2.508005 -5.110948 6.303681 -0.109673 -0.000000 0.000000 0.000000 0.169888 -0.963865 4.559091 18.861106 -2.226315 -0.137706 -8.011099 -8.410634 -0.237453 -0.000000 0.000000 0.000000 7.583087 4.396488 -1.782351 8.004181 -2.582964 1.085954 3.350492 1.573687 -0.073896 16.343616 -10.170367 13.590389 1.159239 -0.440713 9.296344 -0.000000 0.000000 0.000000 1.992369 -4.358773 -14.054480 12.093702 -9.381329 -45.646385 101.027266 -69.098634 101.963822 -9.463371 -10.757075 0.475063 -11.974724 13.320322 -9.226435 -24.804179 30.673292 38.324341 121.166543 55.394382 -150.289992 -11.441262 1.399221 6.669496 
-106.766999 90.016568 121.254992 -12.789614 -34.122993 -8.829360 -7.992954 -3.732407 -0.348954 34.551055 -2.157398 -1.372200 -6.539813 6.467225 0.935180 -0.000000 0.000000 0.000000 -1.200980 -0.662669 4.389051 21.218378 -2.408841 0.319615 -8.276703 -7.403438 1.055089 -0.000000 0.000000 0.000000 7.066519 3.853556 -1.488326 8.183630 -2.460559 1.028772 3.095353 1.587313 -0.042689 16.304187 -9.690589 12.826978 1.092062 -0.831457 9.174035 -0.000000 0.000000 0.000000 0.943976 -5.966639 -12.902922 9.989400 -11.980737 -47.284164 101.504972 -68.818486 102.692994 -9.507891 -11.428954 2.220381 -11.864013 14.273076 -9.786161 -24.989314 30.601990 40.657515 120.679372 54.921433 -149.307703 -11.242111 2.194707 4.678125 
-106.386995 89.643663 121.106005 -12.635835 -34.869825 -9.293233 -4.051603 -2.859164 0.091043 27.924280 -2.408522 -1.009638 -10.212630 6.720667 2.245947 -0.000000 0.000000 0.000000 -5.060468 -0.338727 4.079888 27.075161 -2.914318 1.355227 -8.728945 -6.276443 1.707502 -0.000000 0.000000 0.000000 6.914360 2.949947 -1.518658 8.161431 -2.238647 1.147834 2.713531 1.385687 0.106038 15.920376 -8.718197 11.919797 0.762134 -1.287941 8.824370 -0.000000 0.000000 0.000000 -0.009701 -7.279102 -12.018832 7.549384 -14.276671 -49.172111 101.077262 -68.545743 102.810750 -9.106243 -11.643812 3.713884 -11.482238 14.536031 -9.598637 -24.786465 30.039035 42.835720 120.575870 55.051119 -148.736467 -12.541607 2.993225 2.696289 
-105.787003 88.939464 120.622003 -12.196640 -35.486020 -9.167318 -3.261016 -0.935723 0.508410 24.929525 -2.192873 -1.617165 -12.086906 6.045007 3.726727 -0.000000 0.000000 0.000000 -11.810334 -0.366256 2.951801 36.680466 -3.619671 2.631222 -8.165288 -4.815693 2.880807 -0.000000 0.000000 0.000000 7.551727 1.788327 -2.214528 7.396796 -2.116740 1.307347 2.616430 0.937963 0.238388 14.870985 -7.468542 10.822357 0.192085 -1.707520 8.486540 -0.000000 0.000000 0.000000 -0.637695 -8.591802 -11.408535 4.902788 -16.087057 -50.417933 100.551141 -68.478733 102.776915 -9.160935 -11.331322 5.000847 -10.923340 14.271495 -8.674835 -24.154266 29.264180 44.662623 120.344274 55.019448 -147.844500 -13.434322 2.812638 0.871127 
-105.054998 88.194263 119.946992 -11.551186 -35.709945 -8.292979 -4.871239 -1.529088 -0.255621 25.502867 -2.552257 -2.147306 -13.086541 6.781121 5.580240 -0.000000 0.000000 0.000000 -18.687682 -0.250617 1.062454 45.567961 -4.583060 3.590905 -6.951637 -4.220098 4.819907 -0.000000 0.000000 0.000000 8.301565 1.039116 -3.411718 7.029470 -2.471735 1.754104 2.376314 0.321050 0.168915 13.386901 -6.249529 9.426849 -0.754875 -2.441564 7.951441 -0.000000 0.000000 0.000000 -0.803117 -10.422532 -11.336986 2.331456 -18.021618 -50.472469 97.964910 -68.793317 101.070768 -9.704959 -10.297185 5.178576 -10.248387 13.902798 -6.400537 -22.276611 28.661790 44.820776 118.702212 54.622952 -145.660667 -11.967891 2.546256 -0.881116 
-104.430997 87.796766 119.325995 -11.393854 -35.228340 -8.067214 -6.796324 -2.228072 -0.195078 27.434847 -3.274457 -3.025471 -13.090262 7.321981 6.378736 -0.000000 0.000000 0.000000 -22.936585 -0.480638 -0.185619 51.824754 -4.703805 4.362251 -9.774033 -5.314583 2.687499 -0.000000 0.000000 0.000000 8.851849 0.633257 -3.644340 7.222765 -3.171632 2.189531 2.424410 -0.289472 -0.013792 12.121359 -5.538752 7.425397 -1.488394 -3.167146 7.731784 -0.000000 0.000000 0.000000 -0.856925 -13.040487 -11.626197 0.340895 -19.319016 -49.613472 92.822990 -69.290493 96.316093 -11.373005 -8.906302 5.127763 -8.711279 14.288545 -3.709184 -19.485007 26.734423 44.495620 116.542534 54.384674 -142.455507 -10.566513 2.148117 -2.829087 
-103.999996 88.012064 118.864989 -12.366001 -34.704916 -8.917026 -6.056954 -0.898079 0.382948 26.801407 -3.923083 -2.650069 -12.632324 6.636507 5.841933 -0.000000 0.000000 0.000000 -23.880476 -1.125477 -0.764667 55.249676 -5.118454 4.662573 -10.858298 -6.272029 1.616960 -0.000000 0.000000 0.000000 10.321292 0.309629 -3.006033 7.004799 -3.355191 2.233911 2.124974 -0.469544 -0.115982 11.974868 -5.248194 5.319342 -2.216966 -3.937694 7.693308 -0.000000 0.000000 0.000000 -1.165006 -14.564057 -11.954450 -1.026881 -20.031989 -48.853068 85.248616 -69.769795 87.041658 -13.636255 -7.647105 3.595700 -6.555683 14.404906 -1.105721 -14.977938 23.403041 45.326835 114.445324 55.823828 -138.029993 -11.438625 1.941096 -5.797531 
-103.724992 88.632166 118.381000 -12.882611 -34.693584 -9.358137 -4.441593 -0.294531 0.517185 23.717012 -4.386427 -2.175438 -10.885812 6.914127 5.078498 -0.000000 0.000000 0.000000 -23.299439 -1.214290 -0.908123 55.993429 -5.959455 4.737527 -10.038501 -6.333478 1.290407 -0.000000 0.000000 0.000000 11.316522 -0.082808 -2.475452 5.892499 -3.178979 1.861793 2.198379 -0.653453 0.055958 12.278139 -4.515536 3.337828 -2.636382 -4.492182 7.171690 -0.000000 0.000000 0.000000 -0.671541 -14.096651 -12.200173 -1.327786 -20.092842 -48.841208 78.480570 -70.184668 79.006911 -14.903672 -6.051703 2.736035 -4.165974 13.798107 1.585249 -10.345206 21.662910 47.529861 109.128024 61.777285 -127.469786 -14.128213 4.535921 -16.065598 
-103.650999 89.404064 117.916000 -12.662658 -34.968487 -9.338409 -3.059674 -0.480857 0.631825 19.848609 -4.889410 -1.983246 -8.048672 7.652203 4.317556 -0.000000 0.000000 0.000000 -21.449703 -1.075542 -0.471169 54.374500 -6.197364 4.457822 -9.420084 -6.398197 1.348007 -0.000000 0.000000 0.000000 10.948228 -0.442702 -2.091657 5.367003 -2.960984 1.650320 2.523603 -0.733592 0.185897 11.956255 -3.903876 1.460644 -2.946078 -4.336158 6.374949 -0.000000 0.000000 0.000000 0.547045 -12.302419 -13.015892 0.317039 -19.272260 -48.235954 79.574974 -70.877481 80.564306 -14.998104 -5.788847 4.068968 -2.278669 12.557398 4.475586 -5.908055 20.075123 50.258855 94.625554 67.295340 -109.116142 -12.999422 4.244193 -20.286186 
-103.684998 90.139264 117.422998 -12.571962 -35.194473 -9.356199 -1.748634 -0.266821 0.895328 16.472548 -4.954620 -1.730406 -5.495822 7.892712 3.126143 -0.000000 0.000000 0.000000 -17.879362 -1.131527 0.416631 50.769554 -5.572845 3.514834 -8.695459 -6.170919 1.902464 -0.000000 0.000000 0.000000 10.602114 -0.662695 -1.793254 5.207026 -2.721915 1.516560 2.792415 -0.520174 0.399507 10.946094 -3.818029 -0.359267 -3.165739 -3.829627 5.831625 -0.000000 0.000000 0.000000 1.705933 -9.571772 -14.391518 2.874106 -17.382664 -47.422413 87.632188 -72.111833 90.237414 -16.211605 -5.822576 4.039111 -0.877286 10.723666 7.518622 -1.481516 16.762483 52.354606 73.224067 69.063717 -85.486435 -10.251828 0.028865 -15.170516 
-103.740990 90.608561 116.848993 -12.375806 -35.113269 -9.083539 -1.267801 -0.130931 1.121297 14.439509 -5.149575 -1.675329 -3.498788 7.901292 1.814449 -0.000000 0.000000 0.000000 -13.291864 -1.339120 1.203322 45.779769 -4.849410 2.434373 -7.362713 -5.837623 2.684204 -0.000000 0.000000 0.000000 10.376088 -0.773950 -1.575547 5.004147 -2.381851 1.305886 3.101140 -0.320773 0.693598 9.761509 -3.808846 -2.107095 -3.953213 -3.587874 4.964337 -0.000000 0.000000 0.000000 3.128495 -5.671568 -15.973802 5.553534 -15.463232 -45.890638 100.289385 -73.142816 104.784791 -20.663026 -5.091132 2.536351 0.534977 8.282360 11.009214 1.803962 14.500005 52.635254 44.813235 68.224143 -54.050963 -8.623762 -2.957806 -14.122302 
-103.724992 90.670270 116.105998 -11.810927 -34.577314 -8.194879 -2.545273 -0.921152 0.992131 14.845647 -5.460252 -1.965769 -2.336807 8.055835 0.632652 -0.000000 0.000000 0.000000 -8.687615 -1.964893 1.513480 40.186133 -3.906390 1.377419 -3.404128 -5.801359 4.618960 -0.000000 0.000000 0.000000 10.272031 -0.261619 -1.571496 4.804368 -2.178960 1.308702 3.553298 -0.085837 0.944246 7.893528 -4.613445 -4.163920 -5.010689 -3.507834 4.237542 -0.000000 0.000000 0.000000 4.125645 -2.058312 -17.936139 8.316705 -13.337176 -43.328981 115.584806 -73.074800 122.246836 -22.757929 -4.564248 2.044978 1.650797 5.527072 14.688449 6.332203 11.012388 51.806449 26.442793 65.489929 -34.580578 -5.017144 -7.598985 -11.228949 
-103.540003 90.172863 115.120006 -10.702202 -33.516958 -6.608808 -6.870029 -2.768386 0.275164 19.538114 -5.957934 -2.495984 -2.965391 9.182996 0.664576 -0.000000 0.000000 0.000000 -4.204833 -2.736527 1.350139 33.256655 -1.476048 0.785323 -9.842626 -4.533712 2.260895 -0.000000 0.000000 0.000000 10.182619 1.065816 -1.644320 4.522120 -2.336374 1.432159 4.347404 0.295406 1.050905 5.734170 -4.382459 -6.261679 -6.609071 -5.568101 3.295577 -0.000000 0.000000 0.000000 4.329673 0.949772 -19.284815 10.410303 -11.625440 -40.554371 127.680027 -71.315659 136.753824 -25.418925 -3.332447 1.548284 3.514770 2.899884 18.135531 10.121619 6.480440 51.038416 17.735905 63.139592 -25.421509 -6.070025 -12.979095 -11.188818 
-102.965999 89.176464 113.775003 -9.380628 -32.189387 -4.920197 -14.656516 -4.734307 -0.972668 28.930652 -6.021446 -2.817131 -3.172275 9.222550 1.095280 -0.000000 0.000000 0.000000 -2.270780 -4.804178 0.592489 26.981381 -0.691967 1.087341 -13.832029 -5.385495 0.757504 -0.000000 0.000000 0.000000 10.990627 2.865845 -1.055018 3.137322 -2.258580 1.273841 5.514239 0.706552 1.057661 3.150545 -5.350413 -8.676533 -8.075434 -6.870917 2.666952 -0.000000 0.000000 0.000000 4.586729 2.934589 -19.630977 10.572031 -10.933691 -38.544058 135.911647 -68.641329 147.062394 -27.846569 -2.278014 2.337928 5.553493 0.875922 20.071050 13.184183 2.048658 51.968227 12.267598 61.358538 -20.276488 -7.031351 -15.221292 -10.040137 
-102.230000 88.206565 112.330997 -9.261695 -30.522899 -5.140987 -21.850057 -5.744054 -1.211831 38.764689 -6.464616 -2.023937 -2.314901 8.094708 -0.844044 -0.000000 0.000000 0.000000 -2.588013 -5.230887 1.644580 26.142952 -1.272189 1.674080 -16.108639 -7.060207 -2.180557 -0.000000 0.000000 0.000000 12.591164 3.986363 0.788894 2.877866 -1.742796 1.438346 5.966047 1.449702 0.977219 1.042710 -6.530007 -10.530570 -10.254222 -7.853018 2.648599 -0.000000 0.000000 0.000000 3.803879 3.763562 -19.961748 10.203265 -11.203471 -37.970257 139.917494 -64.425156 153.609865 -28.435654 -0.470011 3.730533 7.320576 0.620764 20.982674 15.501651 -1.282470 53.346306 8.604874 60.654117 -17.302538 -9.550384 -18.572309 -11.814824 
-101.422000 87.514669 110.877001 -8.906646 -30.553309 -5.081835 -27.334458 -6.218040 -1.599074 46.441792 -8.026576 -1.664993 -4.699020 6.338479 -0.148325 -0.000000 0.000000 0.000000 -5.923893 -5.154133 1.593999 29.420049 -0.861184 1.880449 -17.085813 -7.186948 -3.010297 -0.000000 0.000000 0.000000 13.134515 4.727439 1.475476 2.912294 -0.584773 1.683188 6.212758 2.317431 0.801060 0.213121 -7.554305 -10.470604 -11.095190 -8.323625 3.179670 -0.000000 0.000000 0.000000 2.951025 4.278499 -20.447966 9.262397 -13.097488 -38.880034 142.493331 -60.655450 158.126540 -30.666000 -0.491912 5.569982 8.450846 1.234828 22.009782 16.112756 -2.280515 53.242010 7.428484 59.961297 -16.029648 -9.842270 -18.516632 -10.554538 
-100.725996 87.517166 109.652996 -9.304937 -31.115255 -5.175124 -29.144863 -6.808786 -2.139257 51.260477 -7.122224 -2.163936 -7.303582 7.788311 1.905531 -0.000000 0.000000 0.000000 -7.588170 -5.162056 0.932017 30.837085 -1.021976 2.269754 -16.090795 -6.279567 -2.159171 -0.000000 0.000000 0.000000 13.623191 5.009139 1.240940 2.821763 0.012632 1.704152 6.024972 2.788223 0.820191 1.277054 -7.886635 -9.097916 -10.495266 -7.208696 4.223903 -0.000000 0.000000 0.000000 2.439427 3.905973 -21.932504 8.337144 -15.247423 -40.678631 143.035650 -58.037054 159.845046 -33.123373 -2.394469 6.655140 8.556486 2.447927 22.404993 15.171319 -0.994864 52.921137 9.429895 59.264971 -18.090136 -8.311921 -18.917669 -11.508160 
-100.135005 88.047463 108.629000 -10.175309 -31.332795 -5.606039 -27.519407 -6.929204 -2.087108 53.372023 -3.672014 -3.150270 -8.318991 9.646248 2.946573 -0.000000 0.000000 0.000000 -6.332081 -5.255361 0.996422 28.387401 -2.437566 1.925317 -14.286828 -4.736081 -0.881895 -0.000000 0.000000 0.000000 13.713149 5.090862 0.898872 2.984942 -0.245330 1.620345 5.598745 2.661054 0.954952 3.027001 -7.510681 -6.967175 -9.018896 -6.138160 5.379058 -0.000000 0.000000 0.000000 2.366849 2.689707 -22.817791 7.612339 -16.944060 -43.615494 141.253308 -57.555725 158.180730 -33.256688 -3.579787 4.967881 7.727155 3.491719 21.836187 12.979198 1.943693 53.201116 12.276439 60.379062 -21.728435 -8.850915 -18.451552 -14.626083 
-99.579102 88.818467 107.730997 -10.701946 -31.684245 -6.181742 -23.852140 -6.209239 -1.482836 53.249726 -1.621641 -3.528298 -9.334637 9.617086 2.788014 -0.000000 0.000000 0.000000 -4.651218 -4.578460 1.686815 24.588898 -3.163221 1.547353 -11.607234 -4.331408 0.063206 -0.000000 0.000000 0.000000 12.806405 4.731258 0.724152 3.273907 -0.884706 1.787902 5.442549 2.261788 0.999680 4.367515 -7.396435 -5.007314 -7.118138 -5.359070 6.118768 -0.000000 0.000000 0.000000 2.637743 1.535659 -22.436937 7.861071 -17.354174 -46.499415 136.923121 -60.567468 151.386211 -29.689835 -7.603408 6.021863 5.819656 4.205199 20.445726 10.250211 5.851648 53.733326 16.928813 63.637836 -27.318420 -9.075116 -16.465461 -14.020723 
-99.036598 89.570469 106.865990 -11.113523 -32.970188 -6.877209 -18.765892 -4.370894 -0.812827 50.774553 -1.945827 -2.931460 -9.029924 8.235804 2.043040 -0.000000 0.000000 0.000000 -3.560955 -3.638604 2.461102 21.320679 -2.606733 0.996203 -8.553938 -4.366398 0.777474 -0.000000 0.000000 0.000000 11.663483 4.113204 0.840488 3.444879 -1.454507 1.842023 5.080688 1.920827 1.004094 6.011525 -7.207407 -3.991270 -6.299082 -4.430767 6.080495 -0.000000 0.000000 0.000000 3.271632 0.681812 -21.297476 8.651697 -14.909992 -48.657389 127.380072 -67.016222 137.626872 -25.128058 -9.166332 8.114763 3.825317 5.014119 17.926657 7.489556 10.025610 55.398619 30.445469 69.410350 -41.280594 -10.353187 -13.365853 -16.305667 
-98.419797 90.165460 106.026995 -12.048570 -35.246880 -7.905560 -12.159442 -1.879483 -0.576793 46.175327 -3.381263 -2.046837 -8.303698 7.355453 0.776771 -0.000000 0.000000 0.000000 -3.244821 -3.755397 2.467239 19.715910 -2.182355 0.752294 -5.790176 -2.355043 2.139031 -0.000000 0.000000 0.000000 10.910788 3.645163 1.163735 3.942299 -1.913584 1.702402 4.635819 1.800526 0.886280 7.331572 -6.359879 -3.489243 -6.631245 -3.843279 5.541534 -0.000000 0.000000 0.000000 3.293987 0.025126 -19.235469 9.203647 -11.100967 -51.060434 100.433796 -75.221836 105.747991 -25.387374 -6.963439 7.724891 1.654348 5.629974 14.458300 4.419217 13.976596 58.305358 62.290035 73.533673 -73.342812 -12.053595 -10.792264 -16.531006 
-97.632200 90.464169 105.004990 -12.644118 -37.919089 -8.828380 -5.566291 -0.224185 -0.726715 39.452096 -4.506704 -2.033917 -5.770018 5.835519 -0.944353 -0.000000 0.000000 0.000000 -4.387619 -2.993501 2.264248 19.627807 -1.885563 1.186354 -3.641460 -0.385883 3.169847 -0.000000 0.000000 0.000000 10.123983 3.252777 1.494428 4.805122 -2.063012 1.570685 4.032271 1.679609 0.587557 7.990702 -5.047742 -2.665706 -7.558628 -3.579717 4.715899 -0.000000 0.000000 0.000000 3.134779 -0.854267 -17.308078 8.619801 -8.045505 -53.221401 41.093156 -74.139505 42.654094 -26.132273 -2.997611 5.915133 0.015811 6.500468 11.160802 0.968080 18.339804 61.312945 94.978562 70.389818 -107.395697 -13.653201 -4.975893 -15.924557 
-96.587300 90.266567 103.772998 -12.586991 -40.420569 -9.480513 0.063757 1.936812 -1.147025 31.017346 -6.272813 -1.340778 -10.533445 5.405429 2.320054 -0.000000 0.000000 0.000000 -8.759427 -2.536685 1.773374 23.740816 -0.891917 2.169596 -2.673269 0.835955 4.642852 -0.000000 0.000000 0.000000 10.074680 2.569300 1.911561 4.146920 -2.004957 1.213416 4.200922 1.394185 0.411676 7.816990 -3.904813 -1.786781 -8.556143 -3.012461 4.158290 -0.000000 0.000000 0.000000 2.373172 -2.162273 -15.881287 7.762593 -5.356645 -54.826525 14.611272 -62.351841 12.664064 -22.264979 -0.218560 9.511446 -1.629308 7.365280 7.541405 -1.379681 22.319998 64.100917 114.480242 63.947900 -127.723268 -11.666308 -2.579325 -21.340382 
-95.240700 89.596665 102.164996 -11.797884 -42.444211 -9.507334 3.229557 3.473679 -1.280077 21.890108 -6.060733 -1.393657 -14.068310 6.522672 4.270313 -0.000000 0.000000 0.000000 -16.436337 -1.483509 1.031466 32.040726 -1.003033 3.121030 -2.692374 2.212939 7.649264 -0.000000 0.000000 0.000000 10.579578 1.190377 1.780777 3.812422 -1.841557 0.979198 4.061677 0.787876 0.095170 6.303827 -2.187945 -0.328101 -9.846241 -2.746224 3.571987 -0.000000 0.000000 0.000000 2.697790 -3.554648 -15.868387 7.835330 -3.913035 -54.625192 6.846529 -54.451550 4.844977 -21.413748 2.181897 11.139244 -2.913123 7.915005 5.711586 -3.113041 25.858624 64.687164 124.527023 57.633624 -138.305918 -9.484061 0.832998 -25.099423 
-93.694896 88.716662 100.283992 -10.668540 -43.417002 -8.395911 1.770920 1.951437 -2.072621 19.551813 -5.635158 -2.694705 -15.492963 9.202150 7.272463 -0.000000 0.000000 0.000000 -24.787536 0.299167 -0.363610 41.168709 -0.739611 3.633297 -2.914477 2.340217 11.145253 -0.000000 0.000000 0.000000 11.596218 -0.066762 0.206764 3.574615 -2.231665 1.444651 4.376754 -0.168471 -0.201733 3.260333 -0.377305 0.937870 -10.893429 -3.013927 2.828808 -0.000000 0.000000 0.000000 3.900280 -4.395645 -15.829530 7.671839 -4.465599 -53.925077 0.598198 -52.220407 0.314544 -28.651209 2.502851 10.806001 -3.935166 7.155128 6.037587 -3.242294 29.439822 63.244059 129.339209 53.448222 -143.704326 -9.031783 3.304668 -27.353755 
-92.302901 88.136166 98.464996 -9.593913 -42.774330 -7.603578 -2.480818 0.808651 -2.069521 22.590342 -6.017529 -2.934988 -15.820796 10.037716 8.950727 -0.000000 0.000000 0.000000 -30.643010 1.296578 -1.188638 49.177018 -0.153934 4.205648 -6.695699 0.644232 9.731859 -0.000000 0.000000 0.000000 12.405801 -0.639953 -0.621402 3.633914 -2.751176 2.286185 4.374726 -0.835417 -0.111945 1.256473 0.090443 0.540590 -11.347958 -3.852481 2.333463 -0.000000 0.000000 0.000000 4.072985 -5.664267 -16.470451 7.302969 -5.201353 -52.766168 3.906958 -53.509659 2.446921 -24.410919 3.704834 12.314016 -3.294508 6.863966 8.139686 -1.082140 27.846431 60.522298 130.528633 50.988450 -144.619313 -7.917037 4.224713 -27.140469 
-91.210294 88.207567 97.053099 -10.088721 -41.499621 -8.454140 -4.339267 0.754765 -1.328686 24.431285 -6.166505 -2.464579 -15.012590 9.568036 8.818345 -0.000000 0.000000 0.000000 -31.921225 1.127348 -1.748059 55.387047 -1.659905 5.247809 -10.535676 -3.080520 6.068941 -0.000000 0.000000 0.000000 13.624003 -0.726905 0.031597 3.781365 -2.542540 2.762564 4.078516 -0.857947 0.096826 0.945720 -0.908733 -1.166102 -11.141905 -4.701176 2.478714 -0.000000 0.000000 0.000000 3.591419 -6.902431 -17.728939 6.032852 -6.684184 -51.841356 10.506610 -55.871437 7.808303 -21.701834 3.030801 11.475603 -0.983858 7.128252 11.367588 3.329869 22.592859 57.678619 128.187392 52.640891 -141.407755 -6.551360 5.864867 -27.189078 
-90.326399 88.771266 95.864898 -11.092049 -40.777181 -9.622421 -3.721525 1.039604 -0.623683 22.768591 -6.110788 -1.930048 -12.872475 8.812764 7.594641 -0.000000 0.000000 0.000000 -30.213133 0.288662 -1.999113 59.370572 -3.403730 5.634821 -10.169748 -5.698465 3.514080 -0.000000 0.000000 0.000000 14.199115 -0.663061 0.783085 3.949072 -1.853404 2.747614 3.767164 -0.536473 0.340424 2.320669 -1.958133 -2.673116 -10.749517 -4.631791 2.934509 -0.000000 0.000000 0.000000 2.985541 -6.665186 -18.673982 4.440044 -8.813810 -52.056744 14.469258 -60.214593 12.331045 -23.982187 2.506330 9.289937 1.270475 6.604863 14.076137 7.059359 17.272977 56.353309 118.838519 59.571331 -129.729529 -6.280122 4.628441 -26.572503 
-89.633000 89.436662 94.722098 -10.934986 -40.281292 -9.527939 -3.173917 0.856387 -0.626437 19.524170 -6.575598 -1.423747 -10.308656 9.114402 6.712288 -0.000000 0.000000 0.000000 -27.373880 -0.662023 -2.010555 61.048393 -4.081980 5.002018 -9.300101 -6.405650 2.584624 -0.000000 0.000000 0.000000 13.494359 -0.931979 0.941025 3.378764 -1.305613 2.075709 4.055528 -0.474652 0.623842 3.521819 -3.121893 -3.160208 -9.586549 -3.492009 4.058255 -0.000000 0.000000 0.000000 3.118031 -4.984590 -18.842297 4.032499 -10.827400 -53.351870 23.580792 -68.379463 23.826116 -25.221624 2.781276 8.945498 2.662310 5.229838 14.542411 8.954965 13.321294 57.795286 91.566202 68.121193 -98.487471 -5.857310 1.308402 -22.127661 
-89.057994 90.127367 93.546200 -10.276755 -39.482095 -8.875256 -2.923775 0.173482 -0.528230 16.027448 -6.821983 -1.362605 -6.973701 9.143117 5.371284 -0.000000 0.000000 0.000000 -22.886053 -1.799121 -1.588666 59.639519 -3.709770 3.753051 -9.060507 -6.044933 2.890840 -0.000000 0.000000 0.000000 12.162285 -0.907667 0.561471 3.372864 -1.126265 1.794141 4.387917 -0.254253 0.970399 3.523643 -4.247847 -3.593890 -8.269803 -3.245897 5.449031 -0.000000 0.000000 0.000000 2.679875 -3.173042 -19.289551 4.828023 -13.795539 -54.320592 49.614566 -77.340037 53.241881 -28.374723 2.824973 8.766689 3.865835 4.164548 15.694164 11.661758 9.909784 57.527001 56.763155 70.289688 -62.407047 -3.981265 -7.163869 -16.976242 
-88.430393 90.679061 92.225796 -9.728688 -38.198239 -8.223368 -3.522405 -0.914367 -0.226042 14.221957 -6.376662 -1.518993 -3.978010 8.187239 3.186377 -0.000000 0.000000 0.000000 -16.983265 -2.725991 -0.817686 55.483016 -3.680709 2.722366 -7.469883 -4.952516 4.026267 -0.000000 0.000000 0.000000 11.554684 -0.093045 0.194331 3.645366 -1.071466 2.121648 4.417885 0.185016 1.499083 2.399692 -4.790622 -4.919820 -7.530347 -5.015004 6.380383 -0.000000 0.000000 0.000000 2.090088 -1.841840 -20.321613 4.990865 -16.859258 -54.009832 109.539036 -78.151518 115.863149 -32.866669 3.140883 2.355599 6.353531 2.622422 18.693426 16.173895 4.644312 54.344679 49.992783 71.911340 -55.805520 -5.425532 -11.914945 -17.213300 
-87.658501 90.890962 90.750998 -8.918652 -36.142188 -6.946463 -5.839466 -2.670176 -0.508428 14.907510 -5.796098 -1.777318 -1.494734 6.578482 1.409030 -0.000000 0.000000 0.000000 -10.668584 -3.684406 -0.435324 48.855744 -4.518832 2.023203 -2.198027 -3.921228 6.166747 -0.000000 0.000000 0.000000 11.103872 1.044487 0.129256 3.582868 -1.581218 2.121633 4.756255 0.279307 1.669973 1.206973 -5.783353 -6.187720 -7.702301 -5.963060 6.980919 -0.000000 0.000000 0.000000 1.881818 -1.454372 -20.103634 3.782707 -19.973440 -53.514417 133.432993 -70.700428 141.202702 -30.996896 -1.556596 1.558857 7.745474 0.691148 19.199981 19.609285 0.665297 54.570923 51.420473 71.716461 -56.714761 -4.566574 -8.263175 -18.529625 
-86.644697 90.535760 88.984299 -7.627484 -34.080697 -4.996121 -11.312361 -5.173240 -1.619661 19.502271 -5.458655 -2.409355 0.022933 5.909649 0.748840 -0.000000 0.000000 0.000000 -4.407018 -4.684000 -0.005727 39.665240 -3.856071 1.320535 -5.965087 -3.867126 3.937158 -0.000000 0.000000 0.000000 10.665595 2.229721 0.207535 2.824498 -2.695073 1.361897 5.927392 0.250262 1.432351 -0.267579 -6.231161 -6.597739 -7.930243 -6.700715 8.068738 -0.000000 0.000000 0.000000 1.010156 -1.384609 -19.106303 2.754367 -22.503533 -52.734883 141.707668 -62.717646 151.712420 -32.208334 -3.303771 0.783040 8.323362 -0.417201 17.709767 20.949908 -0.520377 57.309886 53.452531 70.664920 -58.425479 -3.641532 -8.682101 -17.935780 
-85.408497 89.572662 87.025702 -6.533371 -32.661519 -3.228395 -18.544281 -6.782335 -3.095446 26.815682 -4.434783 -2.956416 0.590921 4.794850 -0.588862 -0.000000 0.000000 0.000000 1.151908 -5.015788 0.253648 28.123579 -4.335993 1.063922 -13.731831 -4.579829 2.070047 -0.000000 0.000000 0.000000 10.901341 3.784874 0.434392 1.909011 -3.580602 0.485379 6.864974 0.565112 1.151843 -1.705878 -6.588094 -6.626368 -8.361420 -8.138444 9.026931 -0.000000 0.000000 0.000000 -0.074844 -2.090640 -18.776293 2.554326 -24.784574 -51.250628 143.870190 -55.889997 156.787211 -29.930526 -3.669307 3.266958 8.604932 0.045420 16.430244 21.283817 -0.743755 59.781420 53.659116 71.981989 -59.573903 -8.472722 -10.396446 -19.139181 
-84.073400 88.534862 84.860492 -6.563712 -32.346609 -3.408106 -24.349920 -7.099052 -2.775981 33.780916 -3.313707 -3.117616 0.081090 3.334711 -2.581803 -0.000000 0.000000 0.000000 2.557336 -3.838750 1.286082 23.300770 -4.740406 2.028789 -17.192293 -6.867965 -0.813159 -0.000000 0.000000 0.000000 12.556876 4.763633 1.479473 1.954718 -3.135621 0.427136 6.050068 1.333164 0.794987 -2.866117 -7.625131 -6.453837 -8.703009 -8.790009 9.225658 -0.000000 0.000000 0.000000 -0.690335 -3.112702 -20.250289 2.835646 -25.438623 -49.225819 144.377045 -51.960352 159.119312 -28.780744 -5.280224 3.417348 8.522589 2.182167 16.836033 20.493794 -0.659064 59.456366 55.455640 72.989561 -63.339181 -10.270012 -10.527830 -19.366816 
-82.714397 87.698662 82.671994 -6.310866 -34.463115 -3.711782 -28.598959 -6.121018 -1.466528 39.543326 -2.967553 -3.571566 -2.871854 2.470453 -2.686551 -0.000000 0.000000 0.000000 -0.990984 -3.352095 1.723187 25.527782 -3.903465 1.860549 -19.247151 -6.754784 -2.443669 -0.000000 0.000000 0.000000 13.613673 5.445470 1.775142 2.410398 -1.776810 0.620443 4.747750 2.263151 0.375851 -3.265772 -7.871910 -5.215339 -8.517425 -9.235145 8.875083 -0.000000 0.000000 0.000000 -0.749509 -3.251154 -22.718746 4.374981 -23.580359 -46.766687 142.841575 -51.530268 157.757028 -27.325610 -6.031118 1.819916 7.586293 4.770416 18.439445 17.537312 0.626336 55.951516 59.635276 71.923047 -68.353296 -7.636318 -11.443552 -17.675591 
-81.524396 87.334567 80.819499 -6.436887 -37.376826 -4.058217 -30.014875 -5.029611 -0.059939 44.385244 -1.651241 -4.681970 -5.631997 4.488334 -0.900231 -0.000000 0.000000 0.000000 -4.739251 -3.581802 1.189693 28.606460 -2.267803 1.708603 -19.422334 -5.019293 -2.281511 -0.000000 0.000000 0.000000 13.678817 5.409258 1.160819 3.293182 -1.102014 0.925142 4.169745 2.632589 0.424104 -3.018467 -7.598763 -3.826092 -8.572263 -8.532239 8.208881 -0.000000 0.000000 0.000000 0.248358 -2.369010 -24.511217 7.005571 -19.123947 -45.527506 138.700239 -54.979035 152.204877 -23.901438 -4.398579 1.854298 5.995941 7.357309 19.243059 12.347866 4.848457 51.511576 62.606839 71.852456 -71.098724 -7.854391 -12.272348 -16.722341 
-80.559701 87.552869 79.303199 -7.563354 -39.226156 -5.105247 -27.989147 -3.876750 0.953320 47.920541 -0.023759 -5.417524 -7.639886 7.444469 0.454743 -0.000000 0.000000 0.000000 -5.941642 -3.550788 1.219530 29.310707 -1.146517 1.646408 -17.964895 -4.268513 -1.681603 -0.000000 0.000000 0.000000 13.974618 4.822375 0.418235 3.297306 -1.287421 1.618955 4.350376 2.405541 1.071357 -1.904347 -7.518232 -3.289130 -8.211471 -7.051319 6.796963 -0.000000 0.000000 0.000000 1.451659 -0.788114 -23.393021 9.182484 -14.206897 -47.924647 128.604153 -63.577254 137.076798 -21.272576 -4.798909 6.860169 3.086001 8.483936 18.013275 7.336694 10.906074 49.335654 68.514380 73.237346 -75.598726 -10.446382 -11.313706 -16.712740 
-79.764998 88.149869 78.008300 -8.404637 -40.401541 -6.312167 -24.188270 -2.013792 1.761108 49.782035 0.601763 -4.759382 -8.668394 8.007189 1.250124 -0.000000 0.000000 0.000000 -5.251979 -3.604702 2.595721 26.732179 -0.585351 0.442316 -15.695418 -3.887481 -1.649015 -0.000000 0.000000 0.000000 13.682995 4.394561 0.472130 2.632546 -1.919601 2.010625 4.291280 2.150673 1.629022 0.798658 -7.617226 -3.066029 -7.368165 -5.288053 5.654074 -0.000000 0.000000 0.000000 2.438480 -0.556462 -20.865708 9.975678 -9.195477 -51.507522 99.978647 -73.773617 102.750501 -19.347748 -0.920579 7.519907 0.469540 9.073798 14.921415 2.828120 15.541626 52.473240 84.383110 72.100645 -91.473755 -10.016890 -8.501568 -13.160330 
-78.986502 88.890469 76.878303 -8.509889 -41.702067 -6.981597 -19.294538 -0.205036 1.925712 49.106073 0.760765 -3.722055 -9.853899 8.098310 2.175842 -0.000000 0.000000 0.000000 -4.719910 -2.550547 3.786227 23.363099 0.045312 -0.196180 -12.798701 -4.140799 -1.662806 -0.000000 0.000000 0.000000 12.291637 3.932016 1.190733 2.565365 -2.269270 1.471516 4.214783 1.825638 1.255311 3.230594 -7.388567 -1.689375 -6.438182 -3.475371 5.287369 -0.000000 0.000000 0.000000 3.332880 -1.654728 -19.403537 10.389451 -4.425778 -52.677005 55.034862 -73.177082 54.760510 -13.768800 5.599637 5.611783 -0.638986 10.126694 11.334203 -0.923878 18.980079 58.958705 101.641930 68.869761 -111.242950 -9.605028 -4.197969 -12.307092 
-78.094494 89.643562 75.803494 -8.700470 -43.118749 -7.391741 -12.985660 0.539164 1.155536 45.531947 0.653507 -3.136339 -10.343621 9.173688 2.252765 -0.000000 0.000000 0.000000 -4.700672 -1.216549 4.108971 20.811721 0.067122 -0.290879 -9.588117 -3.834004 -0.365233 -0.000000 0.000000 0.000000 11.193003 3.088570 1.297384 3.193596 -2.537308 0.784009 4.105532 1.209001 0.348080 4.324791 -6.338950 0.958488 -6.441376 -2.430498 5.386409 -0.000000 0.000000 0.000000 5.078670 -1.765137 -19.866197 12.236336 -1.231371 -50.945218 38.473727 -70.646627 37.935208 -13.053393 3.484066 8.697702 -1.980898 9.827388 9.335623 -3.504668 23.015675 62.761474 115.953026 64.658236 -126.126580 -11.864190 0.266354 -16.532285 
-77.039498 90.220362 74.707901 -8.652916 -44.403796 -7.983104 -6.559933 0.840370 0.483352 39.986466 -0.128193 -2.480504 -8.576676 9.792841 1.301523 -0.000000 0.000000 0.000000 -5.477112 0.014498 4.625477 19.287232 0.091001 -0.264077 -6.630159 -3.286160 0.946737 -0.000000 0.000000 0.000000 10.288390 1.989104 1.390846 3.601189 -2.555021 0.354661 4.330954 0.704804 0.039569 4.727879 -6.128430 2.364539 -7.282955 -1.922792 5.961643 -0.000000 0.000000 0.000000 6.018932 -0.326676 -19.548138 13.317107 0.624294 -50.817769 30.156652 -69.740350 29.113535 -14.950835 2.258837 10.642095 -2.927224 8.650448 7.639029 -4.638055 25.862723 63.684573 127.720772 60.250565 -136.763778 -12.784124 6.140285 -21.590100 
-75.754398 90.367562 73.414898 -8.039553 -45.705419 -8.483807 -1.483356 1.935912 0.318310 34.311706 -1.894099 -1.655401 -9.450423 9.597037 1.305595 -0.000000 0.000000 0.000000 -8.698604 0.704567 5.023992 20.922419 -0.243899 0.494201 -4.570593 -2.011560 2.386829 -0.000000 0.000000 0.000000 10.043061 0.985742 1.329533 3.055750 -2.072955 0.251846 4.507381 0.370388 0.564325 4.623397 -6.097463 2.367068 -7.846061 -1.669633 5.744204 -0.000000 0.000000 0.000000 6.182604 0.811618 -18.812089 13.578424 2.709190 -52.259837 30.841484 -69.235302 28.552192 -9.187218 2.573679 9.022709 -3.073881 7.690625 6.647096 -3.789931 25.071449 61.824271 135.955859 54.930217 -143.428141 -10.993141 11.289873 -22.855783 
-74.140900 89.975864 71.785498 -6.964994 -46.591202 -8.604268 1.545153 3.245258 0.502147 28.097046 -3.356642 -0.764629 -13.074700 9.743412 2.880029 -0.000000 0.000000 0.000000 -14.821468 1.145540 5.507845 26.556780 -0.723451 1.262294 -3.298798 -0.900833 3.784987 -0.000000 0.000000 0.000000 10.540458 -0.304671 1.127413 2.405072 -1.404207 0.244024 4.364388 -0.063334 1.223047 3.717851 -6.006973 1.746865 -8.532671 -1.044312 5.508888 -0.000000 0.000000 0.000000 6.592342 0.642456 -18.380261 13.368107 3.488590 -53.990210 34.277943 -69.598520 32.542621 -7.036270 3.472572 6.812075 -2.465432 7.405677 6.417655 -1.846236 22.672888 60.716501 139.767542 52.674231 -146.987447 -12.398709 15.802107 -19.584409 
-72.236699 89.122564 69.919801 -5.905594 -46.931933 -8.119497 1.593317 3.499252 0.556370 23.561006 -3.749605 -1.312500 -16.294028 10.601344 5.459762 -0.000000 0.000000 0.000000 -22.518864 1.453090 5.057043 34.651077 -1.064249 2.021820 -2.780170 0.225673 6.177491 -0.000000 0.000000 0.000000 11.715613 -1.517256 0.296556 2.023748 -1.154164 0.502455 4.350284 -0.632628 1.606926 1.823754 -4.967921 0.949204 -9.783739 -1.084305 5.487080 -0.000000 0.000000 0.000000 6.476555 -0.117011 -18.311219 12.553990 2.010899 -54.787783 35.173666 -70.955544 34.940706 -8.851350 5.070014 6.566344 -1.718724 6.880307 7.686824 0.558008 21.305276 59.349500 139.941357 54.761156 -146.726862 -14.965607 15.346084 -18.162718 
-70.282996 88.143563 68.031800 -4.973375 -46.189146 -7.189244 -1.342210 2.560929 0.197215 24.393603 -3.793935 -2.101298 -18.826057 11.663018 7.730146 -0.000000 0.000000 0.000000 -29.307547 1.763175 3.780447 43.048216 -0.823484 2.628744 -5.175312 0.839477 8.939562 -0.000000 0.000000 0.000000 12.744886 -2.315491 -0.707931 2.462626 -1.596792 1.085773 4.337839 -1.156828 1.499571 -0.275591 -3.438860 0.037344 -10.878381 -2.208491 5.071828 -0.000000 0.000000 0.000000 5.808723 -1.770580 -19.012726 10.516450 -1.227653 -53.680179 35.626650 -72.073810 37.042561 -10.156738 6.332893 6.419272 -0.637527 6.506441 10.770422 3.038996 19.706682 57.082731 133.573423 59.978266 -139.814672 -13.162891 12.118068 -18.983420 
-68.609798 87.468767 66.339898 -4.644562 -44.105659 -6.974315 -4.718373 2.055944 0.531567 27.138347 -4.745036 -2.053178 -19.894984 10.870802 8.964845 -0.000000 0.000000 0.000000 -33.029863 1.580565 2.534570 50.503289 -0.305060 3.770146 -10.398175 -0.228420 6.626413 -0.000000 0.000000 0.000000 13.613684 -2.547671 -0.763681 3.386797 -2.012725 1.796975 3.878662 -1.317374 1.090888 -1.153242 -2.628074 -1.243020 -11.169286 -4.302414 4.815998 -0.000000 0.000000 0.000000 4.310753 -4.253827 -20.344216 7.872612 -5.723312 -51.017784 42.254840 -71.283400 44.094275 -8.854412 7.214156 5.715140 1.022393 6.580556 14.789671 5.286532 15.451032 55.187096 114.477749 65.483802 -120.663982 -9.991919 7.217173 -17.678917 
-67.162597 87.445062 64.963597 -5.401810 -42.135410 -7.190915 -6.576528 1.038126 0.470028 28.861807 -5.542867 -2.327511 -18.833845 10.539517 9.042981 -0.000000 0.000000 0.000000 -33.287948 0.911837 0.963405 56.241553 -1.925906 4.494970 -11.612082 -4.049681 4.210178 -0.000000 0.000000 0.000000 15.206716 -2.099677 -0.672941 3.102245 -1.690830 1.780493 3.727103 -1.141182 0.750324 -0.861706 -3.796599 -2.055168 -10.624979 -5.714586 5.806908 -0.000000 0.000000 0.000000 1.931814 -5.607565 -21.703840 5.743143 -10.965071 -48.366580 55.630205 -70.837243 56.498735 -6.659029 8.012594 4.657061 2.155909 6.267895 17.729515 8.495226 10.831723 54.430270 83.280182 69.174203 -90.256878 -6.332292 -0.943473 -15.254027 
-65.943700 87.893063 63.778901 -5.790014 -40.635487 -7.093725 -7.514829 0.838516 0.212300 28.610409 -5.786543 -2.084251 -16.701923 9.670524 8.250329 -0.000000 0.000000 0.000000 -31.556198 -0.487201 -0.067663 59.756528 -3.432843 3.819237 -10.889800 -6.144900 2.411478 -0.000000 0.000000 0.000000 16.030089 -1.256632 -0.683052 2.166850 -1.090322 1.533351 4.081961 -0.661147 0.868505 0.085039 -5.835503 -2.678187 -9.611326 -7.165854 7.595231 -0.000000 0.000000 0.000000 -0.306655 -5.393220 -21.670633 3.911211 -15.780115 -48.939069 73.909944 -72.466155 73.830837 -7.644257 7.354370 3.913514 4.069462 4.985702 18.900120 12.913059 5.654368 53.399228 66.477877 70.715196 -73.173948 -4.196872 -7.371345 -16.927076 
-64.911300 88.589466 62.642998 -5.047683 -39.204036 -6.277241 -8.286453 0.634092 -0.319538 26.512905 -5.749198 -1.294025 -14.020511 8.735426 7.094078 -0.000000 0.000000 0.000000 -28.529231 -1.420086 -0.262413 60.239086 -4.220136 2.937343 -11.286211 -6.523713 2.130471 -0.000000 0.000000 0.000000 15.034949 -0.573272 -0.641030 1.696773 -0.723549 1.562735 4.762630 -0.483029 1.069826 1.256768 -7.371641 -3.209728 -8.743438 -8.405781 8.747078 -0.000000 0.000000 0.000000 -0.496132 -4.767234 -21.252874 2.403343 -20.055175 -50.622815 99.338698 -73.431630 100.085135 -13.270949 4.244079 5.125363 6.482804 2.872407 19.273883 17.393329 1.183129 51.931125 67.449475 73.183046 -72.386103 -8.280585 -5.204850 -21.911526 
-64.032596 89.484262 61.543995 -4.406193 -37.332975 -5.315477 -8.368750 -0.888939 -1.149683 23.338919 -6.311244 -0.880287 -10.538598 8.824061 6.136363 -0.000000 0.000000 0.000000 -23.499521 -2.109498 -0.131896 57.350953 -3.777494 2.219466 -11.214949 -6.462234 2.475506 -0.000000 0.000000 0.000000 13.618005 -0.236328 -0.654907 1.667072 -1.181240 1.526743 5.414664 -0.747787 1.138842 2.529047 -9.136090 -3.286055 -7.657984 -8.134709 10.123979 -0.000000 0.000000 0.000000 -0.148322 -3.884192 -20.682488 2.312484 -23.103260 -51.468968 123.569039 -70.858048 125.724442 -19.760493 0.823783 7.815051 7.440618 0.611974 18.066396 21.131579 -1.528767 52.208177 72.280085 74.856818 -75.296932 -9.980435 -3.426952 -20.673015 
-63.224697 90.379763 60.398698 -4.644693 -35.486949 -4.765479 -7.798934 -2.932807 -1.612723 20.292598 -6.801379 -1.169178 -6.901655 8.806020 4.310609 -0.000000 0.000000 0.000000 -16.648246 -2.454143 0.477528 51.455151 -4.012751 1.697197 -9.621815 -6.666149 3.562862 -0.000000 0.000000 0.000000 13.135116 0.188605 -0.766263 1.353311 -1.866265 1.186587 5.884654 -0.804722 1.160254 4.239822 -10.537819 -2.647461 -6.134131 -8.172594 11.735075 -0.000000 0.000000 0.000000 0.426729 -3.500485 -20.026339 2.971449 -24.843661 -50.984607 136.373304 -66.418324 139.762758 -25.986989 -3.891961 6.980286 8.048390 -0.466887 16.405032 23.689487 -2.646345 54.107101 73.650837 74.990416 -75.555928 -10.009778 -2.507884 -20.610938 
-62.370801 90.988159 59.121102 -5.205468 -34.244366 -4.251781 -7.780598 -4.221589 -1.981578 18.744467 -6.275590 -1.527627 -3.983689 7.577041 1.933536 -0.000000 0.000000 0.000000 -9.412908 -2.645957 1.305004 43.259215 -5.133959 0.807056 -6.582436 -5.846574 5.571657 -0.000000 0.000000 0.000000 12.898571 1.037067 -1.021453 1.728911 -2.530851 0.751032 5.918703 -0.456332 1.167730 5.802790 -11.290933 -1.787993 -5.542370 -9.237115 13.193420 -0.000000 0.000000 0.000000 0.811055 -3.651604 -19.913337 3.935680 -24.640008 -49.030927 141.647675 -62.298127 146.791764 -26.125822 -6.824369 1.525165 8.597669 -0.119797 15.649856 24.537158 -2.772124 56.165722 72.899331 75.042106 -75.193120 -9.606966 -3.565580 -20.921695 
-61.362398 91.035265 57.594001 -5.097732 -33.713885 -3.293815 -9.962463 -4.651600 -2.456480 19.744362 -5.020309 -2.111160 -2.253654 6.000381 0.494965 -0.000000 0.000000 0.000000 -3.232630 -2.539621 2.288716 33.852892 -5.236997 -0.079370 -7.095472 -5.279132 5.089533 -0.000000 0.000000 0.000000 12.181800 2.138440 -1.328802 2.352362 -3.014045 0.375644 5.976211 0.182817 1.139334 6.484519 -11.679846 -1.105786 -5.412940 -10.557892 14.007304 -0.000000 0.000000 0.000000 1.083648 -3.836403 -20.015428 5.585192 -23.507662 -46.845305 144.359218 -60.169205 151.269608 -23.592937 -7.372127 -1.532009 8.622308 1.166636 15.201942 23.502333 -1.674030 58.139036 68.975845 75.153602 -72.480476 -9.174645 -5.682018 -20.313566 
-60.124195 90.403259 55.838799 -4.229169 -33.429673 -1.782266 -15.096208 -4.911256 -3.399284 24.335207 -3.597213 -2.833036 -1.642372 4.771284 0.018055 -0.000000 0.000000 0.000000 0.853839 -2.814090 2.262590 24.247328 -5.728884 -0.360443 -12.071994 -6.267325 2.413083 -0.000000 0.000000 0.000000 11.461095 3.510813 -1.695798 2.125933 -3.384501 0.229275 6.227383 0.734061 1.098035 6.564277 -12.306514 -0.752129 -5.194923 -11.722038 14.108990 -0.000000 0.000000 0.000000 1.745710 -3.564530 -19.540934 7.428285 -22.296670 -46.225422 144.062674 -61.630431 150.871294 -24.032810 -7.933250 2.024516 8.010267 2.482768 14.786505 21.219237 0.654159 59.263661 64.136096 75.028009 -68.755045 -9.776398 -6.355120 -20.058741 
-58.746099 89.484966 53.914398 -4.199193 -33.236948 -1.356147 -21.066964 -5.090234 -3.688263 31.395845 -3.257282 -3.382426 -1.245096 3.836885 -0.958662 -0.000000 0.000000 0.000000 2.524628 -3.811436 2.015549 18.813345 -5.066883 -0.271408 -15.083585 -6.666803 0.840327 -0.000000 0.000000 0.000000 12.291531 5.010335 -1.418118 1.806380 -3.543935 0.616952 5.730612 1.285952 1.087458 6.064839 -13.361333 -0.966071 -5.169866 -12.766731 13.585992 -0.000000 0.000000 0.000000 2.135179 -3.331303 -19.936365 9.035253 -19.836106 -46.237002 139.559175 -65.887211 144.882843 -24.065007 -7.019544 5.669070 6.815642 4.101522 15.483216 18.477347 2.434259 58.362670 65.955382 75.196271 -71.682824 -10.136858 -6.498854 -20.371118 
-57.290101 88.535762 51.988798 -4.774483 -33.868011 -2.072830 -26.713639 -5.105999 -2.918487 39.462039 -4.411812 -3.482477 -1.164385 2.822306 -3.398272 -0.000000 0.000000 0.000000 1.319202 -3.622049 2.144429 19.148884 -3.641344 0.257958 -17.555617 -7.326167 -1.235786 -0.000000 0.000000 0.000000 13.637782 6.107253 -0.601801 1.935708 -3.101980 1.476100 4.938115 1.766830 1.012912 4.885301 -13.883749 -1.227451 -5.350112 -13.750311 12.105892 -0.000000 0.000000 0.000000 2.141541 -2.702633 -20.777354 9.943721 -16.221601 -47.256994 122.809962 -70.788291 125.906469 -20.669890 -3.798273 7.574181 4.925283 5.837993 16.749553 14.877293 4.673790 55.202418 73.210667 74.952679 -79.879022 -11.823793 -6.982265 -20.044220 
-55.974299 88.043469 50.306600 -5.747910 -35.675755 -3.393273 -29.877183 -4.878580 -1.465409 46.825388 -6.330335 -3.904456 -3.663452 2.285000 -3.538786 -0.000000 0.000000 0.000000 -1.157172 -2.770144 2.389125 22.090683 -1.686656 0.718746 -18.392920 -7.705324 -2.790406 -0.000000 0.000000 0.000000 14.342591 6.395204 -0.167247 2.764700 -2.628019 2.477029 4.628300 2.230982 1.197196 3.460169 -13.348713 -1.221630 -5.662678 -13.170124 10.012827 -0.000000 0.000000 0.000000 2.077764 -2.022521 -22.133990 10.778365 -11.699236 -48.604665 88.913810 -73.719632 89.410460 -14.869345 -0.631124 10.725230 3.322055 8.552934 17.938329 9.749614 8.663316 50.606805 82.856058 74.872677 -90.158282 -13.801624 -5.812785 -21.225616 
-54.926497 88.083863 48.934898 -6.891466 -37.491574 -4.470759 -30.241023 -3.893085 -0.486387 52.683310 -6.207913 -3.835439 -6.560192 4.116559 -1.827603 -0.000000 0.000000 0.000000 -2.872299 -2.255427 2.492396 24.094368 -0.711957 0.565218 -17.723259 -7.201145 -2.721135 -0.000000 0.000000 0.000000 15.073550 5.923044 -0.161722 2.326468 -2.642960 2.610778 4.431341 2.249804 1.483094 4.049651 -12.738835 -0.654870 -6.099704 -10.584834 8.481589 -0.000000 0.000000 0.000000 3.194482 -1.830487 -22.894559 12.828481 -5.929138 -49.626691 59.535775 -71.073945 58.662754 -8.452503 2.847974 15.106012 0.779670 10.622896 16.767379 5.158189 13.357447 49.963221 94.540783 72.576279 -101.027823 -13.112771 -3.881234 -21.403803 
-54.139996 88.477170 47.816798 -7.844509 -38.715391 -5.253252 -28.138315 -2.678664 0.165017 56.032816 -4.473785 -3.403827 -7.200106 6.008055 -0.219914 -0.000000 0.000000 0.000000 -2.600175 -1.962421 3.028341 22.717999 -0.426987 -0.317479 -16.066988 -6.648464 -2.580814 -0.000000 0.000000 0.000000 14.970378 5.155471 -0.115169 1.854400 -2.914884 1.867828 4.470123 2.136908 1.188132 5.413692 -12.196864 1.211671 -5.835142 -7.862025 8.244995 -0.000000 0.000000 0.000000 5.340285 -0.806301 -22.028547 15.321613 0.005788 -49.371037 51.020761 -70.028065 48.887354 -5.865441 1.896051 16.746943 -1.085734 11.425180 13.195750 0.794499 17.402746 55.569778 106.112679 69.760047 -113.786219 -10.884114 -0.444254 -18.549240 
-53.470898 89.093465 46.935600 -7.723638 -39.709012 -5.717922 -24.632244 -2.045287 0.888585 56.049917 -3.261734 -3.001680 -6.670631 7.126384 0.678557 -0.000000 0.000000 0.000000 -2.299280 -1.220890 3.771992 19.873377 -0.055482 -0.640717 -13.349613 -6.634613 -2.289996 -0.000000 0.000000 0.000000 13.016606 4.607634 -0.078341 1.978388 -2.699504 1.370948 5.103027 2.097773 0.748236 6.479600 -11.592144 3.639263 -5.712532 -7.020279 8.556685 -0.000000 0.000000 0.000000 7.598478 1.327422 -20.802469 17.800790 3.644030 -48.148241 52.748861 -72.540830 49.673042 -8.239280 1.055597 16.107917 -1.543679 10.646136 10.463222 -1.743431 20.747431 59.799311 119.630161 66.379188 -129.284591 -12.071561 3.623454 -19.831380 
-52.788198 89.836961 46.208000 -7.596025 -40.845298 -6.133655 -19.222651 -1.282782 1.244651 52.546202 -3.566528 -2.437651 -7.635273 7.682550 0.926162 -0.000000 0.000000 0.000000 -1.970183 -1.161855 3.790727 16.993561 0.059583 -0.465094 -10.053974 -5.454799 -0.538920 -0.000000 0.000000 0.000000 11.169356 4.323921 -0.372946 2.016055 -2.463900 1.159480 5.536253 2.053454 0.769091 7.351382 -10.914560 4.854952 -5.894579 -7.643097 8.731033 -0.000000 0.000000 0.000000 9.036097 3.124441 -19.159769 19.986277 6.268210 -48.054967 56.222912 -75.078776 51.611486 -9.968670 0.153047 15.896505 -1.693057 9.120865 9.050413 -2.618995 21.747261 60.906587 131.438182 61.748379 -140.251052 -13.512795 7.537178 -23.270948 
-51.941597 90.538669 45.488098 -8.006300 -42.138730 -6.944775 -12.395074 -0.421757 1.183740 46.179181 -4.326464 -1.628526 -7.488954 7.875245 0.122887 -0.000000 0.000000 0.000000 -1.949318 -1.105527 3.668199 15.347080 -0.316325 -0.319480 -6.961794 -3.482101 1.641346 -0.000000 0.000000 0.000000 10.226641 3.692818 -0.473390 2.268994 -2.153434 0.877419 5.567222 1.795163 1.013622 7.237281 -10.187257 4.884937 -5.949845 -7.798505 8.278880 -0.000000 0.000000 0.000000 10.044294 4.144194 -18.860547 21.212995 8.250164 -48.609149 60.845054 -76.305221 56.532769 -9.233996 0.039733 12.802090 -1.713457 7.964519 8.973399 -2.011398 21.461276 59.620925 138.678002 57.333802 -145.820277 -12.684778 11.380974 -24.589791 
-50.795400 90.959764 44.602999 -8.212967 -43.243065 -7.714799 -5.763810 0.121330 0.921777 38.201105 -5.052945 -0.919273 -5.052003 8.186839 -1.485076 -0.000000 0.000000 0.000000 -3.616557 -0.570487 3.663713 16.079781 -0.797947 -0.022975 -4.718008 -2.029589 3.239558 -0.000000 0.000000 0.000000 9.766600 2.629867 -0.240928 2.797876 -1.732189 0.568629 5.198277 1.348306 1.180661 6.234764 -9.792155 4.211943 -5.922601 -6.929965 7.827617 -0.000000 0.000000 0.000000 10.364123 4.248231 -19.373727 21.249003 8.697275 -49.678206 64.942659 -76.302018 62.271673 -6.849184 -0.240114 9.977256 -1.346204 7.435031 9.370485 0.107769 20.006460 58.190794 142.072964 55.161915 -148.322490 -12.191445 15.144008 -21.774927 
-49.344599 90.820664 43.469897 -7.994817 -44.074348 -8.263025 -0.170817 1.342542 0.805643 29.569267 -6.987068 -0.159094 -9.336044 8.449015 0.793272 -0.000000 0.000000 0.000000 -8.384330 -0.408182 3.670047 21.307614 -0.872369 0.529406 -4.002635 -1.266200 4.498317 -0.000000 0.000000 0.000000 10.014880 1.157669 0.212343 2.576495 -1.114334 0.159155 5.049735 0.917563 1.289432 4.645235 -9.518722 3.160257 -5.896668 -5.674020 7.637545 -0.000000 0.000000 0.000000 9.739025 3.807361 -19.920802 20.189357 7.296579 -50.443395 70.088260 -77.113772 68.987869 -6.389892 -0.537187 9.199618 -0.750332 6.967393 9.698279 3.163275 17.977058 58.251372 143.051837 56.317936 -148.545427 -11.794890 15.190696 -17.893231 
-47.615397 90.069467 42.015997 -7.206602 -44.650985 -8.265615 2.448334 3.029586 1.218182 21.719807 -7.373315 -0.436721 -13.206054 8.513505 2.676742 -0.000000 0.000000 0.000000 -16.396545 -0.087913 3.455150 30.881259 -1.350543 1.165672 -4.164655 -0.694166 6.175432 -0.000000 0.000000 0.000000 10.768807 -0.585924 0.263217 2.166360 -0.378638 0.063287 4.699875 0.408502 1.322785 2.758244 -8.598862 2.200330 -6.224392 -5.162816 7.430909 -0.000000 0.000000 0.000000 8.633191 3.125044 -20.526089 17.964679 4.007822 -50.578827 81.216284 -77.758391 82.027800 -8.238634 -0.042798 9.228649 0.390069 6.125664 11.105760 6.105938 16.151862 56.830603 140.064924 59.798240 -143.997693 -10.020080 13.462473 -17.300529 
-45.784801 88.994759 40.400198 -6.440339 -44.599173 -7.280815 1.527916 2.404765 0.735011 19.581880 -7.368312 -1.850588 -15.890154 9.517778 5.234000 -0.000000 0.000000 0.000000 -24.922221 0.847750 2.109077 42.097913 -2.324861 1.966031 -5.395797 -1.077562 8.913422 -0.000000 0.000000 0.000000 11.717355 -1.839623 -0.732536 2.069328 -0.154797 0.337618 4.294076 -0.113364 0.991645 0.927844 -7.180301 1.356905 -6.745351 -5.610212 6.681238 -0.000000 0.000000 0.000000 7.155311 1.535907 -21.098466 14.213179 -1.260228 -49.184294 92.871386 -76.558375 96.066698 -8.476448 -0.373185 8.702451 1.415084 5.210819 13.548641 8.869318 14.039429 55.256355 128.012904 64.437734 -130.958327 -7.528336 10.682125 -15.836621 
-44.151500 88.129169 38.884398 -5.830273 -42.751858 -6.353172 -1.692437 0.740949 0.275874 21.896195 -7.944654 -2.472077 -17.356969 9.712628 7.639461 -0.000000 0.000000 0.000000 -30.880914 1.328123 0.407640 52.103067 -2.968411 3.672894 -9.077652 -2.832173 6.996578 -0.000000 0.000000 0.000000 12.274183 -2.350010 -1.179294 2.339976 -0.478826 0.895174 4.066796 -0.447064 0.443856 -0.157664 -6.204949 -0.142677 -6.967872 -6.943232 6.467814 -0.000000 0.000000 0.000000 4.675297 -1.520782 -21.859532 9.796508 -8.667382 -45.905131 99.699790 -74.624564 104.611782 -8.253816 -1.155277 8.514225 2.786677 4.816291 16.810835 11.864548 10.225778 53.901794 104.439812 68.348719 -108.089906 -5.127874 7.051911 -12.911051 
-42.770198 87.967563 37.722301 -6.713814 -40.017651 -6.546863 -3.519192 -0.741068 -0.106354 24.191958 -9.007729 -2.492101 -16.962253 9.403560 8.237571 -0.000000 0.000000 0.000000 -32.470305 0.533108 -1.535543 59.378249 -4.097473 4.953891 -10.152828 -6.282670 4.910710 -0.000000 0.000000 0.000000 13.507753 -1.744592 -1.201357 2.769607 -0.705604 1.593075 3.922196 -0.567502 0.089998 -0.351642 -6.245767 -1.763836 -7.411986 -8.412844 7.458676 -0.000000 0.000000 0.000000 0.862805 -4.743299 -21.952369 5.305663 -17.117484 -43.443464 105.276400 -73.129033 109.417394 -10.123152 -0.251289 8.781931 4.130479 4.154091 19.664345 15.948903 5.282662 52.512206 81.786143 69.725385 -87.599528 -2.579691 -1.372580 -12.818231 
-41.627899 88.326168 36.799499 -7.776336 -38.049123 -7.111380 -4.026373 -1.108717 -0.131379 24.714905 -9.412199 -2.234039 -15.228779 8.313340 7.440536 -0.000000 0.000000 0.000000 -31.266771 -0.873509 -2.518805 63.586535 -5.149695 5.028113 -9.685207 -8.022798 3.424277 -0.000000 0.000000 0.000000 14.271434 -1.048918 -0.843853 2.469793 -0.862403 1.877648 4.289110 -0.719385 0.414707 0.439289 -6.611956 -3.417267 -7.612012 -8.492766 8.458823 -0.000000 0.000000 0.000000 -2.506436 -6.548606 -19.885905 0.740300 -23.562340 -46.828542 110.063569 -71.143735 113.763326 -10.811408 1.336068 6.931668 5.297275 2.549507 19.213360 19.310394 0.719104 52.043009 72.521297 69.214597 -77.644485 0.215985 -9.429251 -10.898471 
-40.764299 88.999259 35.917801 -7.819727 -36.977053 -7.062962 -4.167730 -1.015949 -0.405815 23.215367 -9.310245 -1.319742 -12.835029 7.319066 6.306785 -0.000000 0.000000 0.000000 -28.577096 -1.935469 -2.273763 64.263508 -5.615652 4.409876 -9.756785 -8.314635 3.045892 -0.000000 0.000000 0.000000 13.143736 -1.049703 -0.587868 2.300663 -1.260300 1.751529 5.143690 -1.126147 0.836540 1.422618 -7.058503 -4.432271 -7.194417 -6.873056 9.204364 -0.000000 0.000000 0.000000 -2.975615 -7.613595 -17.405598 -2.630930 -27.299383 -51.527360 118.107971 -69.505904 123.708740 -13.424056 -0.036247 6.755238 5.885518 1.288244 16.636207 21.281533 -1.704758 52.050298 67.569782 68.529426 -69.676397 1.606211 -9.805134 -5.162224 
-40.106800 89.900362 35.048097 -7.831715 -36.515626 -6.799632 -3.362489 -1.464090 -0.806120 19.955351 -9.312141 -0.815816 -9.692153 7.288874 5.090885 -0.000000 0.000000 0.000000 -23.887120 -2.663630 -1.407176 61.216426 -5.283189 3.452736 -9.537730 -8.176070 3.263140 -0.000000 0.000000 0.000000 11.666332 -0.974659 -0.751588 2.603100 -1.638097 1.623547 5.579429 -1.176578 1.071060 2.356095 -7.580612 -4.898799 -6.719801 -5.693107 9.870184 -0.000000 0.000000 0.000000 -2.802936 -7.609157 -16.315936 -3.539629 -29.843544 -53.414934 126.549006 -67.583541 132.848735 -20.059140 -3.342742 8.299325 6.522675 0.710900 14.929094 22.969684 -2.943111 51.896439 64.022281 69.022954 -64.130068 -1.034777 -8.172285 -3.141197 
-39.564300 90.762967 34.128201 -8.469868 -36.159664 -6.863969 -2.021347 -2.033640 -0.765858 16.732785 -9.208650 -0.908124 -6.517499 7.069570 3.278372 -0.000000 0.000000 0.000000 -17.097735 -3.118129 -0.209858 55.111321 -5.547604 2.635307 -9.212204 -8.365929 3.304234 -0.000000 0.000000 0.000000 10.941558 -0.391037 -0.917152 3.018631 -1.979541 1.467667 5.567996 -0.842150 1.184739 3.272529 -7.721078 -5.065121 -6.280535 -5.835461 10.279132 -0.000000 0.000000 0.000000 -2.654749 -7.475462 -15.865901 -2.434502 -30.963331 -52.751137 133.860824 -65.691440 139.570342 -24.712252 -6.396754 6.961119 7.075221 0.738377 14.118290 24.555544 -3.383682 52.745620 62.296532 69.862883 -62.361351 -3.001178 -8.507315 -5.076927 
-38.994598 91.287464 33.049500 -8.881558 -35.889890 -6.568941 -1.864864 -2.855575 -0.753816 15.235784 -8.392012 -1.275260 -4.149982 6.228115 1.344267 -0.000000 0.000000 0.000000 -10.004674 -3.470456 0.823799 47.103564 -6.762381 1.738561 -7.515410 -8.340403 3.629441 -0.000000 0.000000 0.000000 10.361661 0.434575 -0.979584 3.252153 -2.414973 0.999609 5.378293 -0.533549 1.032775 4.193616 -7.489781 -4.974107 -5.550664 -6.495010 10.272433 -0.000000 0.000000 0.000000 -2.377849 -6.813489 -15.997956 -1.240043 -30.028506 -50.420959 136.695234 -63.406097 142.287069 -24.804119 -5.464190 -1.462801 7.276077 0.765806 14.053890 24.309606 -2.587629 54.080543 61.263169 69.718732 -61.938634 -2.965907 -9.127500 -6.189732 
-38.251799 91.288167 31.747198 -8.732780 -35.837686 -5.626191 -3.678631 -3.999408 -1.222766 16.160702 -6.879395 -1.815466 -3.083231 5.250291 0.162375 -0.000000 0.000000 0.000000 -3.776634 -3.710174 1.311232 38.240015 -7.940583 0.706217 -3.452761 -7.908578 4.493646 -0.000000 0.000000 0.000000 9.887002 1.496695 -1.164738 3.110296 -2.936436 0.577599 4.911088 -0.199130 0.666172 5.122159 -7.382892 -5.110182 -4.313516 -7.337274 9.727405 -0.000000 0.000000 0.000000 -1.919819 -6.003535 -15.966995 -0.226234 -28.062986 -46.960845 136.676212 -62.088194 142.300531 -22.078424 -5.972379 -10.059256 6.816719 0.991716 14.252534 22.640475 -0.656202 55.678723 58.051197 69.247996 -59.768676 -2.641191 -8.840477 -6.269946 
-37.244597 90.590763 30.181700 -7.896285 -36.112512 -3.874474 -8.269805 -5.153511 -2.403306 20.474002 -4.945947 -2.704487 -3.463546 4.692102 -0.216487 -0.000000 0.000000 0.000000 1.215570 -3.618312 0.981703 29.024573 -7.711320 0.035525 -10.419149 -7.490518 3.404458 -0.000000 0.000000 0.000000 9.162523 3.106375 -1.715102 2.974066 -3.553824 0.563877 4.712415 0.475390 0.183158 5.772621 -5.658623 -5.868641 -3.334795 -9.421471 8.399087 -0.000000 0.000000 0.000000 -2.438205 -5.420711 -14.117048 -0.643872 -27.302136 -44.620450 134.114767 -63.096986 139.300917 -21.094020 -6.861580 -14.948374 5.998928 1.405158 14.597279 19.791887 1.992001 57.069514 56.055853 68.635381 -59.265591 -3.850474 -9.187669 -5.869208 
-35.983896 89.424562 28.322700 -7.258390 -36.513354 -2.685628 -14.550892 -5.421851 -3.192983 27.671993 -2.938870 -3.571217 -4.299198 3.630692 -0.168820 -0.000000 0.000000 0.000000 3.497270 -4.040137 0.071785 22.184308 -6.947186 0.341439 -15.217763 -6.667738 2.400499 -0.000000 0.000000 0.000000 9.157183 5.153485 -1.740023 2.596517 -3.733925 0.986699 4.645661 1.676002 -0.021894 6.766720 -3.835959 -7.995101 -3.222103 -11.161969 6.884190 -0.000000 0.000000 0.000000 -4.431577 -6.470005 -10.406957 -3.508348 -29.102385 -44.681482 128.904086 -66.216628 132.664051 -19.929588 -5.152238 -15.223434 5.303980 2.696244 14.522370 16.338901 4.798463 58.089870 55.276552 68.016883 -60.375275 -5.000309 -9.566615 -7.044093 
-34.613800 88.269562 26.239797 -7.674012 -36.584619 -3.244477 -20.421203 -5.265979 -2.643473 35.549610 -1.681593 -3.704302 -4.785860 2.135253 -1.433074 -0.000000 0.000000 0.000000 3.073030 -3.247587 0.676896 21.082972 -6.973399 1.173126 -18.610450 -7.546486 0.183087 -0.000000 0.000000 0.000000 10.613732 6.618728 -0.816898 2.309261 -3.259444 1.846784 4.034729 2.923426 0.033162 8.073538 -1.736303 -10.662461 -2.755908 -11.720970 5.002430 -0.000000 0.000000 0.000000 -7.399597 -9.668046 -6.911466 -8.249445 -32.374034 -45.169609 119.481323 -66.356871 123.225920 -13.683498 -3.955089 -15.557390 4.582545 5.736498 14.494864 13.015094 7.138499 57.283512 57.083169 66.531084 -63.678512 -4.838105 -9.123523 -8.816172 
-33.226100 87.486964 24.296300 -8.533700 -36.551665 -4.535145 -24.296670 -5.198382 -1.711462 41.347250 -2.094309 -3.202097 -5.825145 1.568103 -3.198643 -0.000000 0.000000 0.000000 0.684568 -3.015985 1.376599 24.114010 -7.289291 1.737559 -20.419217 -7.110346 -1.220475 -0.000000 0.000000 0.000000 11.911923 7.235748 0.088062 2.788370 -2.997530 2.910642 3.500385 3.882049 0.223656 9.534447 1.036096 -12.609253 -2.014090 -11.529582 3.178452 -0.000000 0.000000 0.000000 -10.060476 -13.639159 -3.901421 -13.509170 -36.042912 -45.111549 112.952948 -64.641519 118.979367 -8.320664 -6.379331 -14.038741 3.980351 9.855875 13.982666 9.336438 9.980212 54.283648 59.967788 64.130670 -66.154907 -4.211571 -7.619580 -10.020299 
-31.933200 87.259769 22.800800 -9.031382 -36.709327 -5.230267 -25.760917 -5.337642 -1.520036 44.846571 -3.046520 -3.000927 -8.776771 2.396167 -1.208004 -0.000000 0.000000 0.000000 -2.836694 -3.863170 0.580367 28.545182 -7.000378 2.825915 -20.039330 -6.094043 -0.635434 -0.000000 0.000000 0.000000 12.404978 6.984576 0.197325 2.203881 -3.076274 3.578826 3.968081 4.177006 0.761273 11.554026 2.600709 -13.620671 -0.394450 -9.511475 2.105260 -0.000000 0.000000 0.000000 -11.088770 -16.480684 0.002576 -18.714431 -38.567634 -46.802008 110.280022 -64.628056 119.695363 -10.846824 -7.584355 -8.218476 2.843510 12.770410 11.241720 5.941681 13.796965 53.026139 61.887682 61.203912 -65.583224 -3.384856 -4.767041 -8.514902 
-30.983898 87.555766 21.601500 -9.998727 -36.585289 -5.662866 -24.334196 -5.134783 -1.918845 46.678179 -2.508187 -2.413142 -10.028998 4.289210 0.325386 -0.000000 0.000000 0.000000 -3.055942 -5.041433 0.396246 28.224489 -7.332502 2.125633 -18.880544 -5.086893 0.205058 -0.000000 0.000000 0.000000 13.039374 6.650537 -0.437704 1.411111 -3.636387 3.554949 4.445101 4.037729 1.269427 13.683585 2.925729 -13.523576 1.806006 -7.499253 2.622903 -0.000000 0.000000 0.000000 -11.503437 -18.262015 4.244093 -23.304568 -39.615104 -48.536759 109.577990 -64.794557 122.417843 -13.932419 -8.131708 -2.421372 1.255019 13.993613 8.070036 3.470530 16.213547 55.724907 64.069274 59.218246 -66.746209 -2.175408 -0.680298 -3.644809 
-30.164400 88.189870 20.680599 -10.403921 -36.065280 -6.080871 -21.306667 -5.207178 -2.122454 46.767488 -1.873163 -1.474447 -10.536736 5.395319 1.554539 -0.000000 0.000000 0.000000 -1.800202 -4.599367 1.420154 24.928558 -7.876574 1.221144 -16.911626 -5.717260 0.275816 -0.000000 0.000000 0.000000 12.544379 6.243045 -0.620179 1.558076 -4.062545 3.674558 4.454544 3.765678 1.368410 15.418197 2.128919 -13.114704 3.273969 -6.762350 3.566568 -0.000000 0.000000 0.000000 -12.240588 -19.020446 6.724817 -27.214790 -40.343571 -49.170437 108.707439 -64.337745 124.498092 -12.926354 -8.146265 0.046225 0.664683 13.977873 6.294265 2.775394 16.938521 58.968835 66.601427 59.512626 -70.963234 -4.367025 0.513351 -0.363029 
-29.388699 88.887066 19.939399 -10.285588 -35.891384 -6.233916 -17.268416 -5.162940 -2.243015 45.167841 -1.658495 -0.503932 -11.441242 6.417946 2.177807 -0.000000 0.000000 0.000000 -1.046729 -3.796648 2.057701 21.742388 -8.148276 0.764118 -14.444076 -6.316176 0.909571 -0.000000 0.000000 0.000000 11.564202 5.825480 -0.763309 1.580922 -4.151781 3.717741 4.452565 3.387465 1.330233 16.752571 1.210700 -12.721871 3.905251 -7.701700 4.272016 -0.000000 0.000000 0.000000 -12.731310 -18.668129 7.871659 -30.223532 -40.935704 -48.717400 108.279105 -64.082113 126.575399 -11.581210 -7.918022 -0.661637 0.797700 12.695867 6.150002 3.597073 16.824311 60.936053 69.121278 60.884293 -74.622327 -9.003696 1.102044 -2.684721 
-28.594899 89.522266 19.316000 -10.474013 -36.470853 -6.488309 -11.878457 -4.565137 -2.281830 41.800729 -1.967364 0.272400 -11.811388 7.384100 2.275753 -0.000000 0.000000 0.000000 -0.436788 -3.749282 1.967868 19.138596 -8.542861 0.474787 -11.921821 -5.474262 2.342424 -0.000000 0.000000 0.000000 10.862904 5.388429 -0.986033 1.753423 -4.016523 3.568885 4.347608 3.123175 1.346070 17.616087 0.307657 -12.581518 4.015282 -9.421377 4.824449 -0.000000 0.000000 0.000000 -12.837199 -17.472993 8.609139 -31.126028 -40.613582 -46.601884 109.082657 -64.240326 129.880720 -11.183188 -6.927225 -2.116263 1.377921 11.086508 6.883158 5.417523 15.662872 61.763878 70.672034 62.083216 -76.248931 -11.115091 3.554890 -7.248588 
-27.721798 89.941669 18.727599 -10.827350 -37.729013 -7.006177 -5.792765 -3.577914 -2.002764 37.006368 -2.620640 0.491759 -11.493885 8.244466 1.724969 -0.000000 0.000000 0.000000 -0.326597 -3.870009 1.740708 17.503662 -8.634502 0.328857 -9.930242 -4.068880 3.641697 -0.000000 0.000000 0.000000 10.232328 4.793678 -1.011533 2.357585 -3.736345 3.373150 4.048557 2.940724 1.324884 18.101157 -0.449194 -12.602452 3.669384 -11.032236 5.150991 -0.000000 0.000000 0.000000 -12.737426 -15.747964 8.588870 -29.756071 -39.144255 -42.252567 111.674930 -64.269204 134.810912 -10.220294 -5.400229 -4.696391 2.157719 9.532875 8.017775 7.673241 13.627287 61.517056 69.920636 62.744010 -74.905109 -10.009933 4.347758 -10.170773 
-26.700801 90.026361 18.041100 -10.939967 -39.197450 -7.717182 -0.441618 -1.933599 -1.448701 32.243981 -4.050953 0.719769 -11.388283 8.718687 0.804039 -0.000000 0.000000 0.000000 -1.474027 -3.544418 1.741250 17.521212 -7.889608 0.577811 -8.739292 -3.530965 4.166326 -0.000000 0.000000 0.000000 9.784970 3.816791 -0.737848 2.824511 -3.313319 3.239139 3.709284 2.731397 1.285616 18.246340 -1.191185 -12.466463 3.259231 -12.156334 5.335664 -0.000000 0.000000 0.000000 -12.099192 -13.629742 7.846919 -26.900922 -36.409444 -35.653392 115.347406 -63.988352 140.764930 -9.105217 -5.166255 -7.452760 3.093921 8.032632 9.225181 9.968949 10.717108 60.575881 65.731832 63.209706 -70.015522 -9.251987 3.535863 -10.790657 
-25.441200 89.714968 17.117000 -10.522043 -40.691176 -8.340920 3.376196 -0.031111 -0.722026 26.979569 -6.840271 0.934124 -14.184677 9.053177 1.861952 -0.000000 0.000000 0.000000 -5.224010 -3.020451 2.083156 20.857478 -6.645891 0.932621 -8.427715 -3.933163 4.145708 -0.000000 0.000000 0.000000 9.897912 2.387807 -0.458044 2.466445 -2.697786 3.136948 3.701762 2.391225 1.417619 17.831566 -1.920591 -11.954533 2.776204 -12.797910 5.555326 -0.000000 0.000000 0.000000 -11.206072 -11.110873 6.217496 -23.477917 -32.737843 -27.571866 120.402382 -63.280624 148.317351 -8.291271 -3.995427 -9.617167 4.031920 6.438021 10.800444 12.341544 7.244338 58.258093 60.659841 63.934936 -64.259234 -9.019619 1.952749 -11.092672 
-23.934200 89.087564 15.873100 -9.754699 -42.243261 -8.555615 5.089648 1.579098 0.066240 20.501978 -8.468775 0.233624 -16.752278 9.879093 2.740883 -0.000000 0.000000 0.000000 -12.020323 -2.242422 2.248563 28.325789 -5.905080 1.457358 -8.037527 -4.267989 4.597875 -0.000000 0.000000 0.000000 10.947144 0.817049 -0.732127 1.460245 -1.949397 3.157121 3.910701 1.897234 1.676749 16.726137 -1.890473 -11.081504 2.070160 -13.459742 5.560274 -0.000000 0.000000 0.000000 -10.211202 -8.294226 3.839147 -20.308839 -28.525111 -18.447882 126.206762 -62.669042 156.991189 -7.467906 -5.061746 -10.509015 4.707577 4.529840 13.058384 14.813130 3.775665 54.498219 57.875392 64.853556 -61.316045 -7.440927 1.205674 -11.789939 
-22.256398 88.387263 14.467399 -8.895491 -43.631655 -7.715324 3.924443 1.060281 -0.669823 18.405807 -8.941119 -1.170988 -18.201335 12.324811 5.514546 -0.000000 0.000000 0.000000 -20.155387 -1.135868 1.138262 37.164530 -5.625236 2.186783 -5.941729 -4.235249 6.376704 -0.000000 0.000000 0.000000 12.676398 -0.522501 -2.112644 -0.114580 -1.406088 3.212580 4.297606 1.235230 2.028052 15.695595 -2.006139 -10.501909 0.754009 -13.551279 5.559892 -0.000000 0.000000 0.000000 -9.320527 -5.348679 1.733002 -19.095837 -24.986997 -11.965978 130.953006 -62.774670 164.488265 -8.426888 -5.358360 -12.490612 5.174237 2.104424 15.100329 16.437188 1.171757 50.755503 54.941461 65.758994 -58.424040 -6.742966 1.162637 -12.041996 
-20.681600 87.922168 13.095000 -8.257032 -44.047180 -6.944471 0.235717 -0.109016 -1.345171 21.399835 -8.807133 -1.691434 -18.838740 13.384827 6.899804 -0.000000 0.000000 0.000000 -26.148145 -0.477480 0.082190 43.580605 -5.527767 2.425043 -5.372283 -3.242097 8.784977 -0.000000 0.000000 0.000000 13.719570 -0.980172 -2.829261 -0.813454 -1.315180 3.153386 4.677698 0.928978 1.743396 16.148226 -2.104738 -10.465376 -0.419725 -14.170081 5.663061 -0.000000 0.000000 0.000000 -9.371831 -4.063182 1.276996 -19.916289 -24.723772 -11.182070 130.516392 -63.426892 165.453069 -8.590841 -2.956833 -15.486205 5.788280 0.268514 15.986681 16.744308 -0.632643 49.673559 49.652620 65.103614 -53.302892 -7.367350 -0.290451 -12.456004 
-19.432099 87.979871 12.008199 -9.028268 -43.170586 -7.956935 -1.998446 0.408065 -0.397732 24.312802 -8.809439 -1.812047 -18.021846 12.106819 6.191018 -0.000000 0.000000 0.000000 -27.769411 -0.952467 -0.111658 47.306564 -4.838952 2.930966 -8.239144 -3.244716 7.037232 -0.000000 0.000000 0.000000 14.545099 -0.897895 -2.033919 -0.503142 -1.451473 3.065267 5.140624 0.868832 1.402971 17.416610 -2.133972 -11.708183 0.491543 -14.158026 5.730921 -0.000000 0.000000 0.000000 -10.110586 -5.567032 1.853874 -21.004062 -26.671369 -14.217723 127.686823 -63.763025 161.398287 -7.040843 -1.486806 -13.960910 6.514456 0.686358 15.566781 16.498158 -2.015020 50.954515 43.645401 63.584764 -47.870362 -7.506226 -2.295066 -13.414514 
-18.386100 88.464862 11.091200 -10.447031 -41.996419 -9.315663 -1.367043 1.271028 0.193193 23.383618 -8.990849 -1.203861 -16.394559 10.740959 5.249149 -0.000000 0.000000 0.000000 -26.595595 -1.477714 -0.319783 49.442101 -5.871420 3.639027 -8.962914 -5.505685 5.429321 -0.000000 0.000000 0.000000 15.481967 -1.044118 -1.171529 -0.018020 -1.631758 2.870191 5.294786 0.715515 1.102508 18.627592 -1.635761 -13.350343 1.710263 -12.685542 5.205212 -0.000000 0.000000 0.000000 -10.683277 -7.898867 2.947387 -21.404897 -29.874289 -17.356459 125.165707 -63.809655 155.731895 -5.982726 -1.553317 -10.577018 6.254532 1.853000 14.599123 16.473825 -1.338340 52.264819 38.281451 62.649268 -42.307107 -8.265322 -2.286724 -14.117427 
-17.514999 89.111263 10.182299 -11.025533 -41.146910 -9.625915 -0.284280 1.130544 0.015243 20.470295 -9.176146 -0.726686 -14.077819 10.448333 4.546919 -0.000000 0.000000 0.000000 -24.682060 -1.849542 -0.596058 50.567407 -6.947873 3.740037 -8.910080 -6.103585 4.602067 -0.000000 0.000000 0.000000 15.502607 -1.111054 -1.237756 0.577347 -2.093090 2.898428 5.253118 0.539962 0.922619 19.487107 -0.097339 -14.655570 2.224405 -11.486509 4.549268 -0.000000 0.000000 0.000000 -11.261464 -9.916374 4.565122 -21.673579 -33.617021 -20.327005 122.616936 -63.693091 149.888707 -6.103560 -1.533133 -10.957353 5.405884 2.645236 13.896535 16.072223 0.699144 52.564795 37.280402 62.098409 -40.097534 -9.765741 -1.320373 -12.519912 
-16.802299 89.706165 9.240070 -10.765871 -40.742573 -9.391941 -0.024257 0.962090 0.035934 17.838958 -8.908701 -0.389100 -11.726992 9.859462 3.369119 -0.000000 0.000000 0.000000 -22.485609 -2.160327 -0.294377 50.758954 -7.465111 3.178758 -9.386100 -5.517304 4.316758 -0.000000 0.000000 0.000000 14.654126 -0.935064 -1.634010 1.259688 -2.638300 3.164721 5.125671 0.593680 0.985313 19.936888 1.629651 -15.440500 2.438546 -11.087501 4.041314 -0.000000 0.000000 0.000000 -11.318789 -11.610395 6.637845 -22.253177 -35.865018 -23.412697 120.223336 -63.607654 145.565824 -7.386518 -2.009542 -12.945767 4.705679 3.458069 12.910360 15.174532 2.726774 53.285856 40.372460 61.584880 -42.344230 -9.630890 -0.164419 -10.186716 
-16.226600 90.159661 8.294320 -10.380474 -40.682504 -9.046109 -0.090862 1.066742 0.284793 15.713578 -8.229293 -0.386215 -9.692068 8.871178 2.076211 -0.000000 0.000000 0.000000 -19.484291 -2.114453 0.337751 49.697647 -7.157405 2.497713 -9.808121 -5.314605 3.904781 -0.000000 0.000000 0.000000 13.758101 -0.581644 -1.913441 1.907979 -2.994916 3.345699 4.864672 0.791551 1.068138 19.829934 2.671654 -15.611921 2.534850 -10.818552 3.884558 -0.000000 0.000000 0.000000 -11.226264 -12.445825 7.870468 -22.450898 -35.947302 -24.496998 119.148986 -63.144007 144.057908 -7.516468 -2.967110 -13.129612 4.187992 4.321916 11.992861 14.366720 4.242752 54.422861 44.673986 61.621126 -46.763013 -8.865615 0.761758 -9.166678 
-15.705599 90.393960 7.340900 -9.918540 -40.954732 -8.448472 -0.347097 0.472549 0.268574 13.929547 -7.472523 -0.680039 -8.187074 8.720607 1.202412 -0.000000 0.000000 0.000000 -15.772045 -1.694963 0.787104 47.271128 -6.924238 1.939512 -10.129603 -5.547070 3.734719 -0.000000 0.000000 0.000000 13.044858 -0.044598 -2.057639 2.208031 -3.081028 3.294404 4.625879 1.081217 1.097657 19.443759 2.772598 -15.037575 2.426954 -10.722966 4.047949 -0.000000 0.000000 0.000000 -11.170813 -11.993713 7.653438 -22.451532 -34.408884 -23.867659 118.936339 -62.918083 145.517591 -7.539951 -3.260533 -13.704272 3.776105 4.706465 11.712720 13.806749 5.198694 55.213862 48.418955 62.396245 -51.442447 -9.421242 1.054707 -8.635881 
-15.184200 90.404564 6.369780 -9.391325 -41.340205 -7.426656 -0.971330 -0.444998 -0.087319 12.751126 -6.777511 -1.298773 -7.160871 9.075543 0.740339 -0.000000 0.000000 0.000000 -11.575425 -1.625375 0.619147 43.448954 -6.864609 1.141023 -9.121834 -5.661744 4.354484 -0.000000 0.000000 0.000000 12.541909 0.685641 -2.199976 2.285706 -3.079471 3.016173 4.462826 1.375647 1.106715 18.863815 1.978327 -14.081088 2.177433 -10.427050 4.446506 -0.000000 0.000000 0.000000 -10.820290 -10.591456 6.376134 -22.090846 -31.366535 -22.295898 119.727836 -63.564111 149.303989 -8.163105 -3.175903 -13.391815 3.331545 4.692266 11.829975 13.307968 5.684834 55.703299 50.231818 63.763472 -54.353055 -10.334469 1.008665 -8.337496 
-14.617300 90.212959 5.348590 -8.655036 -41.616164 -5.904216 -2.491662 -1.309699 -0.848347 12.843792 -5.939853 -1.857655 -6.714127 9.230521 0.452055 -0.000000 0.000000 0.000000 -7.128938 -2.024704 -0.045736 38.145473 -6.522259 0.122112 -7.619003 -5.267659 5.644718 -0.000000 0.000000 0.000000 12.020930 1.647696 -2.454327 2.435213 -3.154359 2.694925 4.370971 1.668800 1.098307 18.341159 0.878843 -12.918787 1.885909 -10.197114 4.849498 -0.000000 0.000000 0.000000 -10.231067 -8.713278 4.353177 -21.460122 -27.703559 -20.379414 119.807353 -64.823428 152.500940 -8.313927 -3.030964 -12.045092 3.062819 4.520581 12.433606 12.848902 5.934050 55.507394 51.084310 64.828113 -56.092048 -10.847712 0.777190 -8.465515 
-13.953100 89.781666 4.211590 -7.506369 -41.779495 -4.060092 -5.760364 -1.668392 -1.786534 15.381622 -4.921861 -2.119298 -7.003781 8.825516 0.189562 -0.000000 0.000000 0.000000 -2.601534 -2.554594 -0.778643 30.273742 -4.946832 -0.709834 -12.892663 -3.328572 4.816836 -0.000000 0.000000 0.000000 11.551368 2.813519 -2.477192 2.219774 -3.343903 2.219587 4.641835 2.058272 1.128702 17.860714 0.275161 -11.740712 1.698336 -10.905211 5.162710 -0.000000 0.000000 0.000000 -9.841538 -6.607941 2.228555 -20.379061 -23.708163 -19.070952 118.779312 -66.296807 153.662183 -7.609005 -2.930590 -10.879911 3.182374 4.382523 13.217029 11.835393 5.601915 54.740053 51.633468 65.316184 -56.547447 -10.767391 0.553324 -8.980516 
-13.140400 89.311564 2.875990 -6.395945 -41.668532 -2.864568 -10.449745 -2.166861 -2.164452 20.224793 -3.779291 -2.231703 -7.420016 8.268656 -0.087563 -0.000000 0.000000 0.000000 0.201601 -3.159878 -1.009896 22.167004 -3.774229 -0.390948 -15.088612 -4.021515 4.013311 -0.000000 0.000000 0.000000 11.774800 3.937192 -1.602969 1.652607 -3.088546 1.849059 4.808953 2.541223 0.949271 17.011676 -1.393668 -10.608660 1.875741 -11.009652 5.479718 -0.000000 0.000000 0.000000 -9.275978 -4.165641 -0.254901 -19.268944 -20.760195 -18.772295 116.980342 -67.474515 152.213845 -6.999106 -2.478170 -10.049586 3.507587 4.150606 14.179259 10.987034 5.299500 53.582354 50.284022 65.575842 -55.266437 -10.227026 0.334893 -9.443323 
-12.283200 88.979065 1.435070 -6.030134 -41.449515 -3.026991 -15.178639 -2.110290 -1.392118 26.132287 -3.387798 -2.050946 -7.705992 7.196935 -1.223814 -0.000000 0.000000 0.000000 0.342061 -3.171438 0.071181 19.450557 -3.319239 -0.084028 -15.599654 -5.436024 2.026876 -0.000000 0.000000 0.000000 12.860364 4.607612 -0.131088 1.387251 -2.317001 1.860925 4.497818 3.164397 0.890508 16.149133 -3.268851 -9.527362 1.696516 -10.539714 5.770216 -0.000000 0.000000 0.000000 -8.287155 -2.182121 -3.184932 -16.957468 -17.567394 -19.068875 117.612531 -67.518190 152.064156 -7.134377 -1.575995 -9.058489 4.109151 4.622794 14.998963 10.347519 4.578056 52.048093 48.800560 65.942396 -54.030018 -9.363705 -0.482000 -10.013448 
-11.463600 88.782269 0.108857 -6.071628 -41.502387 -3.296763 -18.788218 -1.853486 -0.581716 31.154460 -4.111726 -1.980090 -7.858719 6.480008 -2.822117 -0.000000 0.000000 0.000000 -0.853028 -3.139682 0.579282 19.744028 -3.032977 -0.272211 -15.818326 -5.321570 1.635149 -0.000000 0.000000 0.000000 13.792802 4.922186 0.523045 1.673220 -1.628008 1.987152 4.235703 3.710441 0.783198 15.417047 -3.907698 -7.310666 1.234675 -10.387631 6.122708 -0.000000 0.000000 0.000000 -6.793258 -0.559813 -6.389240 -12.877047 -14.352718 -18.528596 120.650296 -66.728572 152.957950 -8.516316 -2.168832 -7.170474 4.374868 5.260950 15.930400 9.899845 4.391762 50.251074 48.499625 65.953050 -53.568807 -7.803707 -1.200718 -10.425998 
-10.789900 88.862866 -0.890701 -6.164888 -41.413153 -3.437247 -20.606907 -2.456194 -0.191083 35.298879 -4.625057 -2.838602 -8.959493 7.121382 -2.266335 -0.000000 0.000000 0.000000 -1.652226 -2.784074 0.518227 19.727888 -2.707618 0.353511 -15.103248 -5.735766 1.371332 -0.000000 0.000000 0.000000 13.967295 4.807994 0.580202 1.966615 -1.385582 2.164336 4.364687 3.769960 0.710074 14.996295 -4.414046 -4.448637 1.346523 -9.624324 6.710709 -0.000000 0.000000 0.000000 -4.484679 1.253595 -9.596998 -8.149510 -11.157241 -19.058552 123.999395 -65.839780 152.515747 -10.772884 -3.894304 -7.007682 4.465113 5.226932 16.725199 9.551420 5.129151 48.955047 49.201974 65.920220 -53.811620 -5.907043 -1.263196 -10.176951 
-10.313000 89.257264 -1.600680 -6.693370 -41.093794 -3.876912 -20.134707 -2.783752 -0.080067 38.552995 -3.437239 -3.419709 -10.437162 8.817982 -0.560572 -0.000000 0.000000 0.000000 -0.759413 -2.745659 0.751772 17.761916 -2.843148 0.415968 -13.525816 -5.879441 1.615966 -0.000000 0.000000 0.000000 14.003490 4.555858 0.428139 2.001626 -1.619949 2.236915 4.623663 3.382528 0.955080 14.966308 -5.305629 -2.022236 1.651299 -8.418926 7.532676 -0.000000 0.000000 0.000000 -1.515504 2.765049 -12.110459 -2.474717 -7.645478 -21.853626 126.882351 -66.173596 149.848589 -12.304101 -4.137732 -7.091632 4.373917 4.595362 16.816677 9.555564 5.766319 49.131033 49.727813 66.944924 -53.874483 -4.347967 -0.968218 -9.636881 
-9.941970 89.728564 -2.176410 -6.806503 -40.948314 -4.096205 -18.379261 -2.237049 0.127717 40.396000 -2.409683 -3.397091 -11.408814 9.452630 0.856481 -0.000000 0.000000 0.000000 -0.039194 -2.886215 1.101546 15.548303 -2.644894 0.231280 -11.617825 -6.021621 1.950038 -0.000000 0.000000 0.000000 13.416627 4.150876 0.210895 2.015149 -1.908936 2.104017 4.879495 2.812796 1.206824 14.787196 -6.248491 -0.229931 1.517988 -7.336880 8.182493 -0.000000 0.000000 0.000000 1.260291 3.947718 -14.368895 2.970155 -4.712762 -25.391675 128.838160 -68.197739 145.191981 -12.805235 -2.005180 -8.232807 4.537384 3.757678 16.822911 9.960314 6.112341 50.072118 49.904227 69.011895 -53.838000 -4.276461 -0.760181 -9.118871 
-9.618910 90.136963 -2.674190 -6.857041 -41.332236 -4.397840 -15.269371 -1.173639 0.427948 40.051705 -2.398975 -2.883338 -10.935352 9.452894 1.066729 -0.000000 0.000000 0.000000 0.280149 -3.155450 1.364921 13.942683 -2.571812 0.099439 -9.815573 -5.428222 2.568574 -0.000000 0.000000 0.000000 12.705779 3.751957 0.197091 2.124779 -2.073989 1.843120 4.808406 2.353194 1.170544 14.472176 -6.749593 0.762254 1.321383 -6.922698 8.446251 -0.000000 0.000000 0.000000 3.288946 4.569806 -16.404591 7.146854 -2.112331 -28.782670 122.574791 -71.522808 132.055435 -10.357497 -1.825910 -9.905367 4.794575 2.965381 17.046865 10.706731 5.576451 51.225546 51.124630 70.756661 -54.492351 -4.914949 -0.373002 -8.591925 
-9.239980 90.406168 -3.142090 -7.031139 -42.230839 -4.910190 -11.074782 0.137642 0.671344 37.558722 -2.722131 -2.116623 -9.052547 9.230561 0.294505 -0.000000 0.000000 0.000000 -0.051861 -3.419321 1.527064 13.584458 -2.919767 0.089162 -8.490186 -3.967663 3.264395 -0.000000 0.000000 0.000000 11.935063 3.317026 0.410411 2.786344 -2.022909 1.354157 4.338609 2.036942 0.927916 14.282893 -6.837762 1.396320 0.696902 -6.815954 8.542648 -0.000000 0.000000 0.000000 4.282869 4.526669 -19.056120 9.706307 -0.212320 -30.990708 107.991212 -73.770422 112.679024 -2.051049 0.003816 -13.946699 5.242611 2.671778 18.002856 11.461132 4.216141 51.529422 52.228027 72.262464 -54.707843 -5.219449 -0.397933 -8.254268 
-8.703600 90.447766 -3.617770 -7.395059 -43.133941 -5.618869 -6.184650 1.446961 0.716582 33.275956 -4.017242 -1.530449 -7.876815 8.960491 -0.052882 -0.000000 0.000000 0.000000 -1.570089 -3.427739 1.539688 15.520145 -2.855658 0.443008 -8.048698 -3.263787 3.628167 -0.000000 0.000000 0.000000 11.477074 2.734084 0.579007 3.330662 -1.752643 0.981073 3.999785 1.752169 0.691244 13.979365 -6.806956 1.766887 0.261447 -6.522922 8.523949 -0.000000 0.000000 0.000000 4.300907 4.056449 -20.837774 11.236744 -0.083982 -33.886948 85.575688 -73.653249 86.056424 3.696864 0.825050 -13.577540 5.448256 2.471185 18.470922 12.331493 3.175266 51.617035 51.754046 72.401289 -53.071552 -5.328828 -0.659287 -8.642017 
-7.940800 90.137464 -4.232450 -7.851479 -43.910022 -6.701200 -1.192385 3.420621 1.094639 25.991042 -5.682343 -0.862491 -11.517107 8.600305 1.463873 -0.000000 0.000000 0.000000 -5.458249 -3.375836 1.542660 21.547084 -2.571297 1.280626 -8.529327 -3.016527 3.989153 -0.000000 0.000000 0.000000 11.861254 1.659102 0.898965 3.234219 -1.244655 0.540246 3.940644 1.337244 0.701125 12.925352 -6.171706 2.080247 -0.072231 -5.027170 8.239255 -0.000000 0.000000 0.000000 3.911066 3.231081 -22.333637 12.066487 -0.095027 -36.969319 73.025881 -70.410987 70.570483 11.168135 0.554465 -8.533619 5.330559 2.706972 18.273420 12.993935 2.123066 51.523211 52.221095 71.834351 -52.087093 -3.925374 -1.230149 -8.253294 
-6.859100 89.436567 -5.208740 -7.513539 -44.338211 -7.179444 1.590770 4.345081 1.548265 19.053760 -6.444550 -1.143443 -14.271573 9.094185 3.167569 -0.000000 0.000000 0.000000 -13.016034 -2.627373 1.044151 32.100438 -2.996473 2.792870 -8.205510 -2.587932 4.883187 -0.000000 0.000000 0.000000 12.558875 0.045342 0.827030 2.967844 -0.673481 0.224732 4.068076 0.645900 0.783844 10.634164 -3.848569 2.650214 -0.950480 -2.142252 7.909101 -0.000000 0.000000 0.000000 3.858421 2.108781 -23.796066 12.135641 -0.888557 -39.640542 69.488366 -68.791843 67.500986 13.880746 1.016346 -5.765337 5.041747 2.773113 18.109255 12.852681 2.361726 50.798080 53.591858 71.065092 -52.558707 -2.567372 -1.138237 -6.164651 
-5.633980 88.572568 -6.409660 -7.031198 -44.149747 -6.675198 1.215505 2.342959 0.794075 17.173792 -7.003815 -1.739330 -16.099625 11.383490 6.652078 -0.000000 0.000000 0.000000 -21.360106 -1.451479 -0.548081 42.949185 -3.467990 3.950953 -6.295452 -2.456094 7.769766 -0.000000 0.000000 0.000000 13.465200 -1.204283 -0.324509 2.964353 -0.643791 0.544592 4.290628 -0.147241 0.927932 7.784118 0.520516 2.398513 -2.934777 2.187145 6.959123 -0.000000 0.000000 0.000000 3.852642 0.513641 -24.145133 10.974906 -3.788745 -42.056336 63.705695 -70.029239 62.920462 7.077048 1.849073 -2.906114 4.529230 2.259781 18.246635 12.646737 4.464100 49.912494 54.624407 70.268159 -54.484672 -1.832251 -0.436463 -4.583707 
-4.538270 87.979364 -7.626130 -6.006070 -43.048009 -5.431219 -2.674954 -0.778000 0.041716 20.711939 -7.109001 -2.303794 -16.951496 12.887173 8.618118 -0.000000 0.000000 0.000000 -27.979978 -0.479430 -2.256720 50.937528 -3.641662 4.571443 -6.091670 -3.010037 9.565803 -0.000000 0.000000 0.000000 13.442830 -1.497419 -1.388854 3.498442 -1.248689 1.412486 4.251185 -0.982670 0.946121 6.362320 6.372591 0.779018 -5.174256 6.993840 4.904503 -0.000000 0.000000 0.000000 3.319376 -1.776340 -23.950314 9.035321 -7.653502 -43.032964 57.006897 -70.487018 56.186383 0.860067 2.740438 -1.584634 4.275209 1.625016 19.193487 12.222325 6.785625 48.989593 54.594472 69.415186 -56.203405 -3.106057 -0.517161 -4.152359 
-3.861690 87.937069 -8.504770 -6.874478 -41.645645 -6.409815 -4.281846 -0.104161 0.617551 23.488724 -7.492941 -1.483173 -16.820323 11.468319 7.864678 -0.000000 0.000000 0.000000 -29.836649 -0.754958 -2.419524 55.703795 -3.011019 4.488476 -9.668818 -3.804267 7.107386 -0.000000 0.000000 0.000000 14.491008 -1.746762 -0.564582 3.373651 -1.639588 1.647287 4.095749 -1.306971 1.174110 7.488736 11.759601 -2.427353 -6.326096 12.333181 2.445283 -0.000000 0.000000 0.000000 1.955746 -3.938030 -23.008674 7.279431 -9.449391 -44.071273 57.663438 -68.273294 54.308592 1.052775 3.283777 -1.683882 4.434667 2.182411 19.192795 10.875709 7.271004 49.577427 53.515848 68.589000 -55.625386 -3.154914 -0.252434 -4.772802 
-3.487760 88.356465 -9.153390 -8.302771 -41.405404 -7.594847 -2.659450 0.766682 0.791913 21.703971 -7.234356 -0.595105 -15.743725 10.611440 7.184151 -0.000000 0.000000 0.000000 -29.153671 -0.499232 -2.024212 57.990620 -3.399119 4.239232 -10.478474 -5.154518 5.680616 -0.000000 0.000000 0.000000 15.101617 -1.873399 0.199528 3.727730 -1.411239 1.520624 3.668678 -1.058094 1.139053 9.379677 15.430169 -5.620199 -5.368893 16.105346 0.234644 -0.000000 0.000000 0.000000 1.037666 -5.508832 -21.728723 6.261635 -10.546798 -45.112492 60.110024 -66.120622 54.696389 3.843894 2.859328 -2.037093 4.367900 3.253341 18.807057 9.969776 8.019351 50.903978 52.388531 67.835314 -55.152988 -1.844731 0.151299 -4.973384 
-3.395090 88.923663 -9.758930 -8.892110 -41.747540 -7.882381 -0.829968 0.620248 0.747565 18.351965 -6.958869 -0.482848 -13.823037 10.981223 6.719276 -0.000000 0.000000 0.000000 -27.603713 0.135880 -1.408691 58.289783 -3.485440 3.843804 -10.137924 -5.819189 4.838130 -0.000000 0.000000 0.000000 14.498601 -1.790551 0.279238 3.984162 -1.088740 1.359028 3.550169 -0.620856 0.914272 10.873018 15.825718 -8.035088 -4.367055 16.188478 -0.834873 -0.000000 0.000000 0.000000 0.794568 -6.037822 -20.278913 6.031576 -11.586620 -45.973826 60.910375 -65.666681 54.607726 3.219346 2.681215 -2.111943 4.202968 4.090446 18.464870 9.748125 9.280108 51.890721 53.916313 67.669115 -56.847994 -1.812281 0.242547 -5.220585 
-3.492160 89.466465 -10.343099 -8.958100 -41.705451 -7.822915 0.473273 1.154260 1.017009 15.250442 -7.063461 -0.248054 -11.737760 10.673255 5.521548 -0.000000 0.000000 0.000000 -24.908087 0.243106 -0.678910 56.439516 -3.375013 3.136317 -10.151946 -5.366830 4.746907 -0.000000 0.000000 0.000000 13.438722 -1.730781 0.248149 4.079177 -0.967964 1.178855 3.482030 -0.376561 0.773428 11.677786 13.290607 -9.508345 -3.825004 13.512407 -1.819731 -0.000000 0.000000 0.000000 1.011669 -5.717775 -19.194736 6.388274 -11.878694 -46.393895 61.664830 -66.415125 55.164900 1.633216 2.697032 -2.350167 3.774527 4.681201 17.715541 9.775387 10.395790 52.539307 56.783602 68.636086 -58.720729 -2.508307 0.700066 -5.244542 
-3.673470 89.885068 -10.860699 -9.077982 -40.969592 -7.665233 1.623266 1.814407 1.281762 12.734904 -7.222263 0.005604 -9.970710 9.727509 4.085866 -0.000000 0.000000 0.000000 -20.728393 -0.225175 -0.319203 52.344996 -3.148710 2.464122 -10.136224 -4.810830 4.908044 -0.000000 0.000000 0.000000 12.531122 -1.560127 0.302801 4.463414 -1.198909 1.004095 3.164883 -0.381002 0.489805 11.468452 8.033230 -10.240573 -3.593295 8.260373 -2.315430 -0.000000 0.000000 0.000000 1.546813 -5.080429 -18.824980 7.110060 -11.424696 -45.787662 64.316742 -67.265494 58.072666 1.372150 2.578150 -3.082671 3.015641 5.231519 17.305595 9.994686 10.802122 52.703565 61.866538 69.895866 -62.562561 -3.237937 1.402728 -4.041813 
-3.862520 90.061069 -11.365899 -9.161717 -39.789458 -7.177286 2.389480 1.532306 1.306787 11.018500 -7.586410 -0.084921 -8.834682 9.286557 3.148052 -0.000000 0.000000 0.000000 -15.552316 -0.758057 -0.356035 46.184808 -3.370245 1.960742 -9.248743 -5.097361 5.169792 -0.000000 0.000000 0.000000 11.872384 -1.160200 0.320809 4.672349 -1.620432 0.837069 2.927789 -0.484489 0.077620 10.673297 0.458805 -10.643348 -4.026400 0.943653 -2.443941 -0.000000 0.000000 0.000000 2.308126 -4.319992 -18.830752 7.850842 -11.027606 -44.493818 66.153663 -68.002914 60.311925 0.929820 2.345339 -3.294477 2.010360 5.680339 17.261316 10.495236 11.011345 52.748425 66.693920 71.065257 -66.643185 -4.169422 1.936148 -3.334408 
-4.005090 89.941967 -11.962499 -8.909345 -38.762347 -6.004055 1.992931 0.367547 0.773347 10.859247 -7.961427 -0.429254 -8.539578 9.636395 3.110393 -0.000000 0.000000 0.000000 -10.278533 -1.156250 -0.763698 38.476525 -3.188637 1.244674 -7.747775 -4.949521 5.325802 -0.000000 0.000000 0.000000 11.136036 -0.406433 -0.037491 4.782549 -2.097956 0.637680 2.809166 -0.520741 -0.323366 9.925251 -7.334186 -10.733639 -5.163655 -6.625627 -2.448050 -0.000000 0.000000 0.000000 2.986551 -3.529660 -19.056709 8.603692 -10.597066 -42.843767 66.411129 -68.954947 61.148714 0.682325 2.463027 -3.482021 1.051979 6.147992 17.354746 10.867180 11.413557 52.860811 69.573240 71.986983 -69.292526 -4.746623 1.649511 -3.644667 
-4.036710 89.457363 -12.681200 -8.233213 -38.105601 -4.187827 -0.577228 -1.092307 -0.410079 13.911915 -7.872518 -0.677983 -9.689238 10.086240 3.604289 -0.000000 0.000000 0.000000 -5.332514 -1.577692 -1.597154 30.026756 -1.550534 0.529913 -13.252346 -3.563449 4.215084 -0.000000 0.000000 0.000000 10.368819 0.779719 -0.572783 4.661162 -2.747383 0.315684 3.068009 -0.375472 -0.741256 9.169439 -12.432784 -10.222160 -6.318757 -13.119306 -2.299583 -0.000000 0.000000 0.000000 3.253868 -2.721429 -19.020988 9.394266 -10.069665 -41.549144 65.648113 -69.604143 61.146862 0.227761 2.535224 -3.276717 0.351875 6.593386 17.395477 10.435009 11.764421 53.189301 71.520009 71.970004 -71.149061 -4.790586 1.324627 -3.882299 
-3.821230 88.873065 -13.597700 -7.560164 -37.812108 -3.203340 -5.702828 -2.248661 -1.223824 21.271555 -7.020895 -0.360637 -11.374719 10.175379 3.813154 -0.000000 0.000000 0.000000 -2.940820 -2.047047 -1.733319 24.385093 -0.684994 0.611656 -16.122955 -4.405004 3.157096 -0.000000 0.000000 0.000000 10.652408 1.929328 0.131303 3.758996 -2.863896 0.076914 3.316599 -0.008544 -1.091150 7.899559 -15.960838 -10.117167 -6.845732 -16.260912 -2.251246 -0.000000 0.000000 0.000000 3.448096 -2.038413 -19.452441 9.686829 -9.274902 -40.737826 64.173900 -69.623055 60.006802 -0.583374 2.616390 -2.451497 0.043001 7.075884 17.357567 9.706309 11.887505 52.933141 71.764847 71.855121 -71.585923 -4.959601 1.433712 -4.527734 
-3.441460 88.382661 -14.598499 -7.575142 -38.001927 -4.007587 -11.046825 -2.005571 -0.589544 29.655377 -5.510695 0.371726 -11.624159 9.198779 3.179442 -0.000000 0.000000 0.000000 -3.144366 -1.886062 -0.288528 23.553539 -0.012677 0.608368 -16.904275 -5.278775 1.123351 -0.000000 0.000000 0.000000 12.110208 2.636349 2.051907 2.823450 -2.155135 0.116060 3.118129 0.774350 -1.084776 6.614646 -17.783184 -10.047395 -7.156896 -16.397761 -1.787762 -0.000000 0.000000 0.000000 3.189732 -1.579075 -20.355656 9.927543 -7.893200 -41.134692 63.582086 -69.137900 59.732045 -0.091646 3.230908 -2.489649 0.386534 8.203539 17.026136 8.736725 11.124084 51.783643 70.988148 72.165512 -71.157304 -5.787618 1.464575 -5.546398 
-2.953500 88.102269 -15.569898 -7.414867 -38.614719 -4.450562 -15.846015 -1.440357 0.003338 36.238417 -4.336150 0.502742 -10.605921 8.187458 2.428136 -0.000000 0.000000 0.000000 -5.921235 -1.901977 0.091982 26.537584 0.305669 0.921841 -16.768264 -4.708939 0.758156 -0.000000 0.000000 0.000000 12.979966 3.079118 2.866760 2.642477 -1.328549 0.380802 3.136059 1.486134 -0.697414 5.843539 -16.698926 -8.795056 -7.725719 -14.395630 -1.061083 -0.000000 0.000000 0.000000 2.917359 -1.109019 -21.127066 9.980886 -6.696395 -42.588960 62.161644 -68.647629 59.156921 0.488534 3.598453 -2.205830 0.829016 9.151558 16.480280 7.130837 10.908234 50.290702 67.775893 71.725832 -68.088279 -5.711798 1.100383 -5.986914 
-2.542770 88.094968 -16.308901 -7.712043 -39.014552 -4.532698 -18.631794 -1.244336 -0.283567 40.409066 -5.039346 0.057414 -11.251788 7.289887 2.958645 -0.000000 0.000000 0.000000 -7.088714 -3.125011 -0.471676 27.595810 0.354718 0.893479 -16.230091 -3.227389 1.565328 -0.000000 0.000000 0.000000 13.761832 3.603239 2.546379 2.390076 -1.210148 0.524885 3.434688 1.912729 0.036323 5.973908 -13.116721 -6.862526 -8.012650 -10.055921 0.449812 -0.000000 0.000000 0.000000 2.731402 -0.901962 -21.335425 10.214825 -5.523861 -44.547605 59.171831 -68.526871 56.710672 -0.291374 4.021783 -0.622235 1.077379 9.486494 15.547628 5.649971 11.048053 49.651111 64.744370 70.412782 -64.867641 -3.856311 0.353226 -6.250374 
-2.232840 88.430363 -16.832800 -8.114539 -39.092002 -4.752361 -19.650303 -1.813414 -0.700833 42.050601 -4.607972 -0.744867 -10.517054 7.778924 2.835870 -0.000000 0.000000 0.000000 -6.375438 -3.794436 -0.411383 25.958006 -0.007380 0.539685 -15.106350 -2.481362 2.154762 -0.000000 0.000000 0.000000 14.252846 4.104090 2.177695 2.077938 -1.398322 0.631149 3.578242 2.170993 0.663596 6.536711 -8.152043 -4.304584 -7.542259 -4.407411 2.824319 -0.000000 0.000000 0.000000 2.417809 -0.865298 -21.706903 10.920703 -4.668990 -45.583765 56.289305 -68.324220 53.760072 -0.627604 4.019319 0.034899 1.337366 9.092739 15.075532 5.103839 11.096062 49.363126 62.100587 69.666385 -62.401478 -3.391630 0.131811 -6.532563 
-2.007980 88.921666 -17.208700 -8.165234 -38.883048 -4.907643 -19.445301 -2.391028 -0.854709 41.681797 -3.638117 -1.474425 -10.090043 8.472794 2.957481 -0.000000 0.000000 0.000000 -5.301915 -3.512766 0.125961 23.458464 -0.060156 0.384442 -13.464111 -3.145618 2.263293 -0.000000 0.000000 0.000000 14.089043 4.344806 1.823169 1.666595 -1.582873 0.728404 3.782007 2.245767 1.121040 6.767357 -2.819465 -1.333977 -6.505935 1.522939 5.767979 -0.000000 0.000000 0.000000 2.168945 -0.813847 -21.974537 11.544545 -4.200746 -45.744526 54.353811 -67.927324 50.862727 -0.228567 3.491021 -0.131257 1.809798 8.095692 14.820313 5.190901 11.123668 49.559642 58.894109 69.677780 -59.739099 -4.888210 0.257100 -6.548841 
-1.837720 89.428461 -17.445000 -8.202013 -38.523599 -4.965473 -17.935780 -2.168101 -1.046558 39.819483 -2.543102 -1.523287 -10.350948 9.229688 3.335434 -0.000000 0.000000 0.000000 -3.914622 -3.421911 0.534078 20.626979 -0.108714 0.121016 -11.848002 -3.779708 2.656694 -0.000000 0.000000 0.000000 13.551630 4.443541 1.337438 1.371117 -1.798597 0.742130 4.019694 2.183460 1.514960 6.665392 1.267099 1.206185 -5.720593 5.850932 8.287481 -0.000000 0.000000 0.000000 2.024325 -0.972599 -21.878110 11.909356 -4.120650 -45.772482 52.063971 -67.507433 47.378803 0.002516 2.987655 -0.287231 2.247410 6.975404 14.668775 5.791192 10.739845 50.024327 55.767782 69.974460 -56.982207 -6.331780 0.438737 -6.515597 
-1.685090 89.841163 -17.562699 -8.504034 -38.135126 -5.246528 -15.148564 -1.482000 -1.137258 36.875094 -1.450045 -1.155881 -10.616098 10.092478 3.573080 -0.000000 0.000000 0.000000 -2.131807 -3.668455 0.859358 17.715783 -0.480720 -0.152609 -10.518454 -3.776840 3.297620 -0.000000 0.000000 0.000000 12.973080 4.419242 0.959908 1.502186 -1.996125 0.696070 3.963391 2.105160 1.859588 6.596991 3.564836 2.685003 -6.096447 8.210493 9.878899 -0.000000 0.000000 0.000000 1.832733 -1.214929 -21.766293 11.980996 -4.262481 -45.759265 49.087754 -67.090359 43.408059 -0.025218 2.666293 -0.656516 2.683796 6.117533 14.616238 6.753808 9.868151 50.285474 52.708517 70.208923 -53.807617 -7.383083 0.633176 -6.654388 
-1.496840 90.046567 -17.653699 -8.806662 -37.707870 -5.655436 -11.760666 -0.933242 -1.018173 33.451482 -0.176530 -0.898422 -10.814444 11.416748 3.933548 -0.000000 0.000000 0.000000 -0.621349 -3.502958 1.237391 15.435063 -0.663176 -0.192361 -9.746834 -4.165013 3.630729 -0.000000 0.000000 0.000000 12.306711 4.159740 0.756491 1.912927 -2.107771 0.684921 3.697785 1.916978 2.031088 6.603053 3.953362 3.110324 -6.621350 8.972657 10.600884 -0.000000 0.000000 0.000000 1.736303 -1.400849 -21.746106 11.715943 -4.653892 -45.741668 46.181574 -66.454633 39.976672 0.143179 2.639874 -0.651626 2.957548 5.529214 14.760867 7.889607 8.954753 50.249338 49.158913 69.778334 -49.834261 -7.501456 0.787239 -6.194378 
-1.244430 90.003765 -17.808200 -8.909517 -37.317816 -6.193210 -8.529384 -0.497842 -0.455041 30.286050 1.026306 -0.732352 -9.431936 12.562280 3.383612 -0.000000 0.000000 0.000000 -0.257593 -2.876910 1.808487 14.835425 -0.716805 0.049464 -9.601829 -5.004784 3.227445 -0.000000 0.000000 0.000000 11.544793 3.658161 0.687220 2.515373 -2.079987 0.778957 3.329453 1.654900 2.025314 6.519632 3.119989 2.958310 -6.836912 8.469799 10.813741 -0.000000 0.000000 0.000000 1.666624 -1.487172 -21.735367 11.080901 -5.418349 -45.959089 42.816469 -65.437391 36.615450 -0.100804 2.597857 -0.136447 3.088599 5.114252 15.162696 8.838337 8.201611 49.910602 45.156023 68.430151 -45.201987 -6.694157 0.847842 -5.532308 
-0.954843 89.700365 -18.032700 -9.480455 -36.835782 -7.313651 -4.800715 0.804139 0.935160 26.340370 -1.064877 -0.909660 -11.384521 11.792701 3.733118 -0.000000 0.000000 0.000000 -0.880391 -2.400854 2.502279 16.688515 -0.538070 0.689237 -10.357687 -6.036233 2.559404 -0.000000 0.000000 0.000000 11.361561 2.929062 0.614492 3.276028 -1.853384 1.254306 3.475081 1.165407 1.590217 5.109278 3.488809 3.417453 -6.231790 5.904587 9.061463 -0.000000 0.000000 0.000000 1.597310 -0.833286 -21.081051 9.593257 -7.590164 -46.490166 39.416657 -63.259154 32.787565 -3.311508 1.701744 2.512961 2.291578 3.607700 15.679704 9.472256 9.558192 49.328936 41.075107 64.797560 -40.554291 -6.728164 1.159923 -3.854840 
-0.420694 89.177865 -18.554701 -9.297075 -36.405107 -7.635919 -2.971219 1.736154 1.869730 21.715572 -2.908355 -1.518150 -12.722540 11.765966 4.941898 -0.000000 0.000000 0.000000 -4.678810 -1.763278 2.863389 22.367355 -0.738571 1.144479 -11.478286 -6.915141 1.925572 -0.000000 0.000000 0.000000 11.531089 1.822276 0.159028 3.279712 -1.522329 1.450859 3.625799 0.591216 1.171757 3.771392 3.639345 3.443891 -6.253637 3.227818 7.542822 -0.000000 0.000000 0.000000 1.512431 -0.677279 -20.607125 8.029980 -9.426688 -47.021127 34.371271 -61.408242 28.146814 -6.566780 1.701336 4.835225 1.683082 2.845159 16.274596 9.781621 11.158358 49.204098 36.675744 60.727204 -35.927969 -5.472810 0.271236 -3.392806 
0.349263 88.750470 -19.371700 -8.584192 -35.913817 -6.652919 -4.338145 1.114215 1.228962 21.416917 -3.619253 -2.134822 -12.675174 12.440877 6.544262 -0.000000 0.000000 0.000000 -10.122798 -1.499188 2.005803 29.349581 -1.397173 1.442794 -11.401886 -7.146077 2.122050 -0.000000 0.000000 0.000000 12.116127 0.806983 -1.313296 3.035890 -1.748356 1.491533 3.700475 -0.114931 0.953124 1.942832 2.898080 2.539664 -6.796776 1.562554 6.487311 -0.000000 0.000000 0.000000 1.277371 -1.133081 -20.939960 6.980163 -10.694430 -46.465640 30.068022 -60.109934 24.829877 -7.280488 1.690085 7.704843 1.056523 2.836840 17.653872 9.832534 12.136800 48.891118 34.624216 57.236177 -33.784277 -1.565904 -1.379313 -3.724798 
1.116340 88.566065 -20.144899 -8.553517 -35.166122 -6.360703 -5.771720 0.645892 0.901600 22.443589 -3.694620 -2.353460 -12.286104 12.336114 6.759097 -0.000000 0.000000 0.000000 -14.158144 -2.371293 1.015720 34.733734 -2.181701 1.486793 -9.676968 -6.045247 3.174637 -0.000000 0.000000 0.000000 13.243445 0.343401 -1.663031 2.858886 -2.284571 1.362031 3.699404 -0.721089 0.633164 0.631907 1.910268 0.443630 -8.160213 0.098370 5.237022 -0.000000 0.000000 0.000000 0.973846 -2.284462 -20.839781 5.841114 -11.963419 -45.975810 28.161586 -57.871229 22.686010 -6.850319 0.601555 10.651149 0.572342 2.956825 18.153076 9.312843 12.473811 49.913446 32.429807 54.125056 -31.632841 1.176554 -2.471348 -5.009229 
1.841410 88.713467 -20.806998 -8.682212 -34.651278 -6.550831 -5.761933 1.511816 0.866597 21.157292 -3.907250 -1.907368 -11.320454 11.549251 6.652305 -0.000000 0.000000 0.000000 -16.041378 -3.238673 0.503712 36.577064 -2.214340 1.320185 -7.518213 -5.234802 4.118829 -0.000000 0.000000 0.000000 13.930365 0.202890 -1.199844 2.953301 -2.385886 1.250141 3.564088 -0.895592 0.237821 0.041330 0.938933 -1.715150 -8.944082 -1.249872 3.866842 -0.000000 0.000000 0.000000 0.401900 -3.443296 -20.289892 4.608018 -13.500846 -45.999449 27.670832 -55.173054 20.502165 -6.503272 -0.699831 12.438555 0.606108 3.207989 18.151645 8.719805 12.337417 51.315811 27.407655 52.352537 -27.701904 0.361182 -3.425655 -6.578801 
2.457740 89.171666 -21.402100 -8.674141 -34.591449 -6.570226 -4.776816 1.414202 0.622506 18.034252 -3.900790 -1.758283 -9.520402 11.764032 6.277859 -0.000000 0.000000 0.000000 -16.030599 -2.942784 0.202628 35.362263 -2.472450 1.496223 -6.280035 -5.258490 5.119266 -0.000000 0.000000 0.000000 13.958883 0.261239 -0.983450 3.063948 -2.247157 1.173404 3.394275 -0.821661 -0.022660 0.268685 0.362651 -3.075083 -9.252098 -2.313016 2.849243 -0.000000 0.000000 0.000000 -0.018076 -4.183984 -19.787402 3.832727 -15.278203 -46.243288 26.172900 -53.368639 17.650462 -7.122829 -2.061192 13.166029 0.689051 3.511423 18.026406 8.401323 12.671108 52.485915 20.958585 50.804951 -22.523754 -2.652789 -3.908264 -8.573226 
2.913430 89.683467 -21.934900 -8.865974 -34.570260 -6.924407 -3.403482 1.157759 0.707379 14.796950 -3.784126 -1.563302 -7.722070 12.003395 5.420770 -0.000000 0.000000 0.000000 -14.605420 -2.491454 0.396515 33.216164 -2.598182 1.672890 -6.968268 -5.714469 5.945588 -0.000000 0.000000 0.000000 13.817729 0.351222 -0.698555 3.061801 -2.163632 1.146416 3.474008 -0.636098 -0.011840 0.566444 0.281821 -3.751514 -9.266140 -2.914871 2.277740 -0.000000 0.000000 0.000000 -0.358886 -4.316610 -19.128779 3.297075 -16.716541 -47.093033 24.684222 -52.642706 15.106535 -9.438102 -3.520601 13.310796 0.658827 3.635909 17.423030 8.156574 13.271816 53.473785 17.362982 49.684639 -19.242525 -4.706875 -4.588069 -9.802207 
3.282790 90.080863 -22.508499 -8.969897 -34.667945 -7.388036 -2.307556 1.011919 0.962677 11.987022 -3.668423 -1.206077 -6.168046 12.217055 4.716099 -0.000000 0.000000 0.000000 -13.246881 -2.429320 0.782715 32.796984 -2.832225 2.084062 -8.728256 -6.113627 5.396507 -0.000000 0.000000 0.000000 13.404705 0.406038 -0.471882 3.246043 -2.134952 1.295671 3.535971 -0.472114 0.181233 0.623028 0.530606 -3.851604 -9.146307 -3.067047 2.064481 -0.000000 0.000000 0.000000 -0.482661 -4.363722 -18.752849 3.183468 -17.292519 -48.038049 24.384299 -53.042168 14.559519 -11.020255 -4.523240 13.491786 0.685413 3.913992 16.955471 8.057033 13.667887 53.957190 17.491166 49.748621 -19.113503 -4.838041 -4.821381 -10.387686 
3.607350 90.293258 -23.117201 -9.057769 -34.881334 -7.739962 -1.554944 0.880808 1.261276 9.855093 -3.373907 -1.048614 -5.159206 12.221513 4.196816 -0.000000 0.000000 0.000000 -12.050687 -2.553376 1.007963 34.210874 -3.781970 2.631015 -10.783618 -7.076358 4.193069 -0.000000 0.000000 0.000000 12.902333 0.426960 -0.403542 3.460878 -2.142982 1.507662 3.532328 -0.406993 0.348149 0.628925 0.823299 -3.484783 -8.854183 -3.050180 2.003807 -0.000000 0.000000 0.000000 -0.277950 -4.288803 -18.733847 3.336077 -17.306231 -48.565939 25.255851 -53.898743 15.550882 -11.548183 -5.902617 13.604082 0.626897 4.186543 16.906333 8.052830 14.097820 53.988367 19.008758 50.619165 -20.240624 -4.496687 -3.847828 -11.278081 
3.907330 90.335667 -23.788099 -9.148153 -35.473642 -7.831849 -1.147671 0.876590 1.445100 8.341262 -2.942873 -1.166932 -4.540493 12.156646 3.938309 -0.000000 0.000000 0.000000 -10.935592 -2.853388 0.848086 36.523947 -4.918608 3.034872 -12.347647 -8.087195 2.966579 -0.000000 0.000000 0.000000 12.340508 0.559171 -0.546902 3.712009 -2.108428 1.661481 3.475671 -0.285443 0.387773 0.645118 1.025683 -2.954766 -8.643401 -3.012306 2.018892 -0.000000 0.000000 0.000000 -0.101825 -4.075210 -19.019983 3.710388 -17.064368 -48.466213 26.136379 -54.766734 16.446492 -11.769978 -6.768618 13.925114 0.415520 4.296984 17.173113 7.978954 14.572540 53.981720 20.776411 52.099134 -21.988109 -4.274356 -2.851199 -11.738359 
4.184560 90.295058 -24.508800 -9.305278 -36.239921 -7.704624 -0.797154 0.810800 1.434082 6.961922 -2.423291 -1.420996 -3.898002 12.193723 3.820517 -0.000000 0.000000 0.000000 -9.485999 -3.395148 0.338527 38.473380 -5.950843 3.131866 -13.188465 -8.984981 2.069194 -0.000000 0.000000 0.000000 11.787606 0.863307 -0.810324 4.028552 -2.150294 1.752540 3.410834 -0.164009 0.330942 0.673584 1.231241 -2.475467 -8.429280 -2.884217 2.010316 -0.000000 0.000000 0.000000 -0.032587 -3.936430 -19.401709 4.010887 -16.731723 -48.201567 26.194355 -54.776761 16.393607 -11.591078 -7.069674 14.735011 0.103303 4.329025 17.552980 7.766377 15.174288 54.210954 22.501108 53.634390 -24.084165 -4.210278 -1.982896 -11.978803 
4.449900 90.239364 -25.266701 -9.614950 -36.948214 -7.510857 -0.475307 0.691229 1.284552 5.860341 -1.915279 -1.689993 -3.174018 12.270793 3.753680 -0.000000 0.000000 0.000000 -7.464451 -4.069862 -0.387202 39.385056 -6.807719 2.974354 -13.308507 -9.635102 1.598578 -0.000000 0.000000 0.000000 11.399103 1.270150 -0.999158 4.302822 -2.332001 1.742517 3.368889 -0.085295 0.247257 0.813581 1.297381 -2.166953 -8.226828 -2.694036 2.104110 -0.000000 0.000000 0.000000 -0.009204 -4.023691 -19.671854 4.122054 -16.249596 -48.187501 25.292508 -53.629543 15.339033 -11.178509 -6.886809 15.615062 -0.263496 4.507470 17.737078 7.348714 15.866238 54.740814 23.762628 54.887041 -25.684307 -4.448882 -1.392296 -12.263682 
4.710450 90.166163 -26.077601 -9.943209 -37.642700 -7.329210 -0.509593 0.500043 1.078150 5.382767 -1.320561 -1.783530 -2.492502 12.360667 3.591946 -0.000000 0.000000 0.000000 -5.110178 -4.659905 -1.083721 39.087570 -7.342128 2.620304 -13.175225 -9.805580 1.536609 -0.000000 0.000000 0.000000 11.100593 1.784720 -0.966373 4.415372 -2.575234 1.674084 3.412032 0.055443 0.168083 1.059319 1.339927 -2.045621 -7.997338 -2.517314 2.208859 -0.000000 0.000000 0.000000 -0.100096 -4.279611 -19.814191 4.026231 -15.732596 -48.482848 23.669674 -51.282329 13.389311 -10.323237 -6.680586 16.214095 -0.553544 4.813509 17.673371 6.961812 16.554864 55.341475 25.376396 55.883138 -27.470964 -4.510256 -1.192786 -12.506032 
4.983140 90.051365 -26.998299 -9.995244 -38.351285 -6.991134 -1.248463 0.255997 0.805676 5.593259 -0.653299 -1.669492 -1.907810 12.494290 3.549420 -0.000000 0.000000 0.000000 -2.866935 -5.038942 -1.513975 37.403386 -7.202773 1.871127 -11.814769 -9.688284 1.995808 -0.000000 0.000000 0.000000 10.782580 2.400513 -0.811444 4.324064 -2.797814 1.614940 3.519979 0.240534 0.143289 1.238707 1.213927 -2.104376 -7.801645 -2.160926 2.319904 -0.000000 0.000000 0.000000 -0.316216 -4.508280 -19.779031 3.701150 -15.274086 -49.266830 21.716242 -47.731297 10.937881 -9.103407 -6.083320 17.373533 -0.766974 5.038287 17.322745 6.649691 17.242904 55.909750 27.308169 56.622412 -29.259042 -4.596496 -1.029632 -12.652760 
5.268580 89.873666 -28.154299 -9.707751 -39.123152 -6.377751 -2.755467 0.012755 0.515737 6.412070 0.175326 -1.446816 -1.309550 12.610944 3.436666 -0.000000 0.000000 0.000000 -0.895885 -4.810955 -1.446074 34.298902 -5.850888 0.623073 -9.991211 -9.169209 3.013664 -0.000000 0.000000 0.000000 10.602383 3.005510 -0.832633 4.059209 -2.957685 1.582115 3.667009 0.412119 0.220871 1.084732 1.132360 -2.182246 -7.618633 -1.776733 2.408875 -0.000000 0.000000 0.000000 -0.566011 -4.567740 -19.687160 3.284005 -14.799598 -50.263139 19.187506 -43.551997 8.312755 -8.244584 -5.253447 18.777661 -1.006191 5.213734 16.963071 6.351028 18.197444 56.238161 28.695864 57.106070 -30.314438 -4.983608 -0.894586 -12.847162 
5.579230 89.593261 -29.469699 -9.155185 -39.768024 -5.354288 -4.728348 -0.288482 0.144488 7.510303 1.145112 -1.365629 -0.661750 12.601117 3.023289 -0.000000 0.000000 0.000000 1.360398 -3.672435 -1.197353 28.763955 -3.464014 -0.429054 -12.794138 -8.653134 2.206572 -0.000000 0.000000 0.000000 10.370266 3.563354 -1.104243 4.038509 -3.190107 1.506487 3.889577 0.574383 0.315419 0.586654 1.467685 -2.171150 -7.676388 -1.872774 2.424462 -0.000000 0.000000 0.000000 -0.876143 -4.606749 -19.633303 2.913117 -14.348451 -51.188319 16.135691 -39.112464 6.084404 -8.381114 -4.308065 19.928596 -1.246943 5.484544 16.850621 5.895573 19.183731 56.324760 30.007741 57.257117 -31.416181 -5.507366 -1.009364 -12.577967 
5.937030 89.311165 -30.908400 -8.615653 -40.026594 -4.494517 -6.843245 -0.467264 0.150633 8.729929 2.012368 -1.499007 0.128636 12.245203 2.492512 -0.000000 0.000000 0.000000 3.349291 -3.185849 -1.168672 23.286844 -2.599273 0.174865 -14.828558 -9.485594 0.957599 -0.000000 0.000000 0.000000 10.418818 4.090788 -0.995818 4.119571 -3.481006 1.365522 3.983716 0.692569 0.348924 0.203074 1.408497 -2.311632 -8.168753 -1.867544 2.552265 -0.000000 0.000000 0.000000 -0.977845 -4.953624 -19.803252 2.420759 -13.569821 -51.781178 13.067876 -34.726890 4.266902 -9.289513 -2.619513 20.421646 -1.386178 6.078289 16.707508 5.243847 19.811352 56.491808 30.437783 57.266639 -31.841988 -5.893897 -1.619667 -12.566484 
6.389890 89.111567 -32.420200 -7.989168 -40.134804 -3.807913 -9.241312 -0.384723 0.387290 10.135857 2.530088 -1.517359 1.136028 11.682870 1.815940 -0.000000 0.000000 0.000000 4.135189 -3.911657 -1.108610 19.126728 -2.917269 0.890773 -15.624958 -9.305420 -0.054732 -0.000000 0.000000 0.000000 10.603727 4.668128 -0.494336 4.108415 -3.691898 1.183776 3.911307 0.881929 0.323906 0.339801 0.914540 -2.542019 -8.796883 -1.964319 2.895429 -0.000000 0.000000 0.000000 -1.197576 -5.373512 -20.062908 2.127084 -12.770896 -52.329682 10.695974 -30.120171 2.886194 -10.138404 -0.211347 20.871834 -1.307705 6.870215 16.331765 4.594481 20.152002 56.481492 30.943279 57.194569 -32.202414 -6.600320 -2.768390 -12.502612 
6.923940 89.006168 -33.949298 -7.591958 -40.491649 -3.438100 -11.799985 -0.003712 0.714883 12.156906 2.854900 -1.327305 1.803495 11.129157 1.055638 -0.000000 0.000000 0.000000 3.765009 -5.119670 -0.987275 17.091217 -2.811745 0.857271 -15.827902 -8.143896 -0.226434 -0.000000 0.000000 0.000000 11.298987 5.311394 0.131191 3.698144 -3.659698 0.962345 3.882612 1.260366 0.236920 0.526917 0.125901 -2.689455 -8.908625 -2.412939 3.408845 -0.000000 0.000000 0.000000 -1.585840 -5.359037 -20.078232 1.808845 -11.927382 -53.084828 9.170762 -25.364220 1.592342 -10.786792 0.813600 20.749468 -1.329533 7.209983 15.561415 3.892501 20.240123 56.552050 33.884318 57.104754 -34.610080 -6.015121 -3.916346 -10.810180 
7.475850 88.963860 -35.416302 -7.320831 -40.963589 -3.421962 -14.212605 0.398584 1.333461 14.272509 3.015131 -1.156869 2.076667 10.562532 0.368040 -0.000000 0.000000 0.000000 2.479299 -5.024334 -0.953374 16.973403 -2.025695 1.481604 -15.657987 -7.859400 -0.548231 -0.000000 0.000000 0.000000 11.939690 5.617734 0.869276 3.512521 -3.395919 0.810193 3.968922 1.599063 0.094017 0.434088 -0.634834 -2.564334 -8.832615 -2.885894 3.558504 -0.000000 0.000000 0.000000 -1.524704 -5.251917 -20.247929 1.842296 -10.683070 -53.519288 8.054143 -22.070589 0.924318 -10.885062 1.645546 19.491866 -1.359298 7.616834 14.646555 3.138477 20.531757 56.398417 38.185260 57.931902 -38.781266 -5.767986 -4.417861 -8.891137 
8.011059 89.065462 -36.740002 -7.282406 -41.461648 -3.515880 -16.097107 0.790643 1.900381 16.759273 2.474257 -1.250351 1.534206 9.672298 -0.170580 -0.000000 0.000000 0.000000 0.957793 -4.874386 -0.897560 17.689059 -1.900248 1.925966 -15.040901 -7.406454 -0.537114 -0.000000 0.000000 0.000000 12.517149 5.632503 1.263671 3.494860 -3.204866 0.731877 4.096303 1.764236 0.034029 0.610339 -1.313784 -2.133200 -8.963101 -3.248499 3.572113 -0.000000 0.000000 0.000000 -1.133352 -4.996692 -20.473658 2.532091 -9.371708 -53.643748 7.187853 -20.034404 0.093014 -11.298563 2.170244 18.276576 -1.656195 8.021925 13.791393 1.994152 21.201251 56.253968 41.375111 59.778650 -42.128265 -7.297825 -3.995026 -7.340138 
8.538160 89.280862 -37.914601 -7.433348 -41.928549 -3.452145 -17.495696 0.821082 1.873575 20.056265 1.810326 -1.350581 0.271860 9.223118 0.062431 -0.000000 0.000000 0.000000 -0.115013 -5.143198 -0.890290 17.902658 -2.016426 1.740574 -14.167113 -6.769110 -0.214757 -0.000000 0.000000 0.000000 13.118935 5.676777 1.066175 3.419113 -3.277274 0.726967 4.198850 1.747864 0.094598 1.108045 -1.897115 -1.519413 -9.007284 -3.542071 3.627913 -0.000000 0.000000 0.000000 -0.651511 -4.537022 -20.582449 3.692720 -8.051410 -53.672383 7.239730 -18.734798 -0.957487 -11.357091 2.675262 16.788742 -2.342298 8.193270 13.210898 0.747336 22.211953 56.231525 45.960990 61.681178 -46.926489 -8.281663 -3.691277 -5.557308 
9.045210 89.551163 -38.939300 -7.590824 -42.416670 -3.359321 -18.298654 0.603774 1.575220 23.570536 1.489072 -1.317501 -0.971602 9.098668 0.494871 -0.000000 0.000000 0.000000 -0.586940 -5.148121 -0.855709 17.211476 -2.051974 1.511407 -13.030440 -6.370236 0.045628 -0.000000 0.000000 0.000000 13.425018 5.803612 0.796006 3.535129 -3.423478 0.798591 4.218473 1.703671 0.082455 1.709035 -2.286289 -0.974712 -8.917687 -3.873201 3.540505 -0.000000 0.000000 0.000000 -0.069687 -4.203096 -20.663314 4.902959 -6.798446 -53.681696 8.230084 -17.746006 -1.772909 -10.581891 3.261067 14.279477 -3.008785 8.284748 12.869100 -0.477305 23.292979 56.368967 53.125486 63.278445 -54.703413 -8.512019 -3.081011 -4.301304 
9.537240 89.822268 -39.824697 -7.808700 -42.887677 -3.447994 -18.443927 0.427065 1.321168 27.044842 1.429502 -1.272383 -2.505383 9.187354 1.123328 -0.000000 0.000000 0.000000 -0.646873 -4.860744 -0.636913 16.044682 -1.983436 1.337755 -11.739905 -6.319572 0.101868 -0.000000 0.000000 0.000000 13.470549 5.941438 0.700073 3.760309 -3.484621 0.880838 4.158249 1.665077 0.012760 2.517477 -2.619695 -0.461965 -8.991032 -4.065784 3.339834 -0.000000 0.000000 0.000000 0.491878 -4.058167 -20.734325 5.994988 -5.692854 -53.774775 9.754228 -16.879246 -2.269702 -9.516635 4.343982 11.293972 -3.499512 8.435091 12.504833 -1.626949 24.279112 56.744891 60.495637 64.777692 -63.037778 -9.517067 -2.147144 -4.244157 
10.034600 90.046167 -40.574500 -7.992222 -43.478660 -3.580647 -17.975394 0.501017 1.083232 30.209467 1.339151 -1.194743 -4.084090 9.309698 1.709747 -0.000000 0.000000 0.000000 -0.652066 -4.542050 -0.280630 14.827380 -1.885681 0.956391 -10.539684 -6.303594 0.096820 -0.000000 0.000000 0.000000 13.307042 6.065318 0.664976 3.963407 -3.390193 0.907961 4.045566 1.671975 -0.058074 3.315351 -2.965856 0.026871 -9.133829 -4.095716 3.181827 -0.000000 0.000000 0.000000 0.874650 -3.904873 -20.803259 6.830202 -4.727156 -54.073569 11.041021 -15.875685 -2.551153 -8.327457 5.514663 9.281806 -3.866490 8.596835 12.093081 -2.496134 25.053648 57.205917 67.417025 66.080366 -70.935556 -11.354049 -1.182616 -4.716123 
10.558400 90.195966 -41.234499 -8.183478 -44.038757 -3.747678 -16.834561 0.663174 0.807271 32.731614 1.100501 -1.125451 -5.671884 9.408702 2.269612 -0.000000 0.000000 0.000000 -0.681137 -4.053607 0.029204 13.764937 -1.755609 0.650664 -9.514700 -6.403657 0.058680 -0.000000 0.000000 0.000000 13.037746 6.047211 0.642440 4.176177 -3.246629 0.888991 3.937428 1.666151 -0.117630 3.891765 -3.288792 0.517307 -9.251651 -4.053743 3.097010 -0.000000 0.000000 0.000000 1.152316 -3.735404 -20.874259 7.143850 -3.805571 -54.415791 11.305554 -14.760628 -2.778992 -7.304690 6.129807 7.743188 -4.147419 8.816703 11.759937 -3.088936 25.692660 57.579103 73.025871 66.876677 -77.322415 -12.938174 -0.074557 -5.358362 
11.114500 90.259963 -41.822201 -8.443017 -44.500579 -4.081849 -15.013899 0.842845 0.596204 34.509753 0.829720 -1.040326 -7.130817 9.677840 2.678423 -0.000000 0.000000 0.000000 -0.607650 -3.402851 0.362076 12.753086 -1.583691 0.512583 -8.735721 -6.704612 -0.046330 -0.000000 0.000000 0.000000 12.689937 5.868655 0.737643 4.450921 -3.120164 0.869757 3.847279 1.636300 -0.153913 4.296009 -3.596444 0.872709 -9.494768 -3.856987 3.089785 -0.000000 0.000000 0.000000 1.286967 -3.647121 -20.887858 7.017783 -3.120363 -54.779215 10.637023 -13.594359 -3.047519 -7.093091 6.366238 6.913616 -4.335023 9.008235 11.479343 -3.346846 26.150268 57.778910 76.674404 67.231321 -81.287474 -13.843488 1.008401 -6.017404 
11.715499 90.255862 -42.366001 -8.692401 -44.768279 -4.524172 -12.612962 0.995997 0.462788 35.388676 0.461179 -0.946880 -8.521063 10.120729 2.996736 -0.000000 0.000000 0.000000 -0.592096 -2.797849 0.718789 11.930011 -1.448824 0.507732 -8.181198 -7.073583 -0.158157 -0.000000 0.000000 0.000000 12.286976 5.537121 0.939895 4.737261 -3.033724 0.898650 3.730760 1.528339 -0.177787 4.573847 -3.862827 1.061015 -9.652833 -3.583925 3.067192 -0.000000 0.000000 0.000000 1.345373 -3.748972 -20.968054 6.707699 -2.907514 -55.002456 9.750966 -12.727014 -3.117715 -7.567416 6.398868 6.752943 -4.398507 9.130576 11.496867 -3.167656 26.361594 57.635426 77.603728 67.329088 -81.983922 -13.981686 2.047885 -6.734370 
12.346200 90.197062 -42.878899 -8.938119 -44.881151 -5.030512 -9.723091 1.442271 0.450845 35.340201 -0.121890 -0.752583 -10.087994 10.442970 3.334986 -0.000000 0.000000 0.000000 -0.691659 -2.428532 1.119232 11.378401 -1.359650 0.444789 -7.845693 -7.298679 -0.113946 -0.000000 0.000000 0.000000 11.882458 5.064777 1.137322 4.968822 -2.949081 0.953142 3.573632 1.362034 -0.151859 4.810222 -4.026360 1.091719 -9.644003 -3.304297 3.003559 -0.000000 0.000000 0.000000 1.347306 -3.927364 -21.056825 6.356721 -3.132090 -54.976011 9.458090 -12.523497 -2.980141 -7.657504 6.094749 7.174915 -4.320557 9.171216 11.812996 -2.579586 26.173251 57.289137 74.746334 67.507590 -78.284268 -13.905941 3.141817 -7.385716 
13.010299 90.125358 -43.364498 -9.145566 -44.897985 -5.597968 -6.473746 2.074905 0.581456 34.299990 -0.837427 -0.510416 -11.472282 10.731789 3.452158 -0.000000 0.000000 0.000000 -0.850224 -2.250524 1.447135 10.936724 -1.387639 0.561318 -7.532701 -7.309229 0.082900 -0.000000 0.000000 0.000000 11.421644 4.509125 1.323288 5.223659 -2.855868 1.036596 3.390277 1.177765 -0.072702 4.997428 -4.066013 1.016801 -9.563905 -3.118211 2.917377 -0.000000 0.000000 0.000000 1.280933 -4.141619 -21.116103 5.896872 -3.715182 -54.762463 9.559906 -13.059569 -2.687581 -7.218220 5.637929 7.876249 -4.030179 9.171669 12.382048 -1.667592 25.535825 56.861093 67.599137 67.503306 -69.876431 -13.777194 3.911730 -7.981720 
13.742100 90.065765 -43.822300 -9.356179 -44.858822 -6.155161 -2.964847 2.714067 0.660190 32.297927 -1.797606 -0.214390 -12.453551 10.920620 3.484551 -0.000000 0.000000 0.000000 -1.248200 -2.190162 1.704798 10.857222 -1.467353 0.674112 -7.152815 -7.309166 0.401569 -0.000000 0.000000 0.000000 11.030263 3.906309 1.414071 5.418533 -2.701730 1.108090 3.223971 1.014063 0.059340 5.061810 -4.037715 0.837803 -9.421256 -3.076393 2.869542 -0.000000 0.000000 0.000000 1.122642 -4.329308 -21.110582 5.304487 -4.645794 -54.416961 9.926387 -14.343488 -2.257933 -6.536510 5.247322 8.747455 -3.583430 9.099245 13.168635 -0.508315 24.469492 56.425626 57.210963 66.308195 -58.064566 -12.880443 3.971106 -8.476338 
14.577699 90.008664 -44.265300 -9.604050 -44.687785 -6.695383 0.483042 3.271850 0.587818 29.758545 -3.237031 0.212841 -13.304132 10.997086 3.491633 -0.000000 0.000000 0.000000 -1.917844 -2.192235 1.949950 11.257324 -1.525282 0.625348 -6.791303 -7.470572 0.747286 -0.000000 0.000000 0.000000 10.834413 3.277418 1.425144 5.468329 -2.491837 1.168518 3.126018 0.869380 0.245891 5.007426 -3.988767 0.533347 -9.278630 -3.136120 2.860642 -0.000000 0.000000 0.000000 0.853876 -4.518935 -20.979035 4.526675 -5.921142 -54.068883 10.506682 -16.188014 -1.676095 -6.132359 4.800659 9.902211 -3.019316 8.947007 14.075467 0.832095 23.044186 55.925254 46.561812 63.312412 -45.975389 -10.667593 3.463289 -9.328662 
15.531200 89.943570 -44.721100 -9.706622 -44.305865 -7.090607 3.609848 3.428684 0.408213 26.691775 -4.962234 0.650141 -13.581625 11.203984 3.466345 -0.000000 0.000000 0.000000 -2.750749 -2.236685 2.100186 11.676776 -1.682378 0.603574 -6.292702 -7.746361 1.092939 -0.000000 0.000000 0.000000 10.674044 2.654735 1.338662 5.507345 -2.298986 1.255073 3.036167 0.681348 0.458364 4.902458 -3.917035 0.189740 -9.139445 -3.269116 2.926703 -0.000000 0.000000 0.000000 0.506934 -4.663713 -20.794760 3.505868 -7.476426 -53.650752 10.878657 -18.613985 -1.021432 -5.848495 4.489779 10.943832 -2.381602 8.687390 15.149194 2.085924 21.414762 55.192639 36.996609 58.782548 -34.964662 -7.763367 2.727151 -10.298928 
16.605899 89.849269 -45.178699 -9.647481 -43.656039 -7.436107 6.090430 3.432904 0.429039 23.510202 -6.773045 0.981084 -13.421648 11.356432 3.312630 -0.000000 0.000000 0.000000 -3.517432 -2.382475 2.223950 11.751325 -1.923318 0.670723 -5.687351 -8.100767 1.413130 -0.000000 0.000000 0.000000 10.498674 2.047022 1.284920 5.535661 -2.145317 1.386753 2.997226 0.478826 0.682954 4.846350 -3.909624 -0.133510 -8.927272 -3.416837 3.106835 -0.000000 0.000000 0.000000 0.173704 -4.745984 -20.628434 2.407244 -9.358823 -53.106598 11.322385 -21.911048 -0.195006 -5.907125 3.955685 11.800370 -1.698283 8.314229 16.224478 3.363367 19.638330 54.133025 29.267761 53.257041 -25.982527 -4.475382 1.789328 -11.127298 
17.826599 89.731067 -45.646000 -9.322788 -42.628389 -7.693088 7.982144 3.233890 0.684380 19.312585 -8.507614 1.126827 -14.344976 11.218848 3.990209 -0.000000 0.000000 0.000000 -4.233636 -2.631986 2.288003 11.385435 -2.302713 0.905856 -4.917884 -8.570933 1.868424 -0.000000 0.000000 0.000000 10.281741 1.502766 1.315522 5.502996 -2.030008 1.583908 3.011016 0.245514 0.943544 4.869526 -4.088224 -0.409272 -8.677645 -3.543380 3.354558 -0.000000 0.000000 0.000000 -0.161425 -4.796485 -20.469439 1.132529 -11.696515 -52.644653 12.013630 -25.605278 1.016937 -6.298167 2.927849 12.227608 -0.952288 7.754162 17.158878 4.665534 17.646836 52.843463 23.252886 47.199150 -19.095963 -1.916740 1.419458 -10.851238 
19.180700 89.637864 -46.206698 -8.832670 -41.571442 -7.760914 8.844245 3.048233 1.286890 15.216152 -9.310210 0.259594 -14.511683 11.140921 4.385773 -0.000000 0.000000 0.000000 -5.254473 -2.782302 2.231303 11.102346 -2.838986 1.111274 -3.921984 -9.049524 2.336231 -0.000000 0.000000 0.000000 10.144378 0.997921 1.061133 5.518119 -1.853423 1.780863 3.002090 -0.027774 1.243233 4.862534 -4.339176 -0.457712 -8.358975 -3.662064 3.782150 -0.000000 0.000000 0.000000 -0.429775 -4.728548 -20.351762 -0.100774 -14.192355 -52.154111 13.043446 -30.352883 3.081185 -6.707466 2.388924 12.101455 -0.259379 7.162138 18.093907 5.559617 15.732586 51.341869 18.183247 40.424161 -13.202480 -0.494082 1.519070 -9.678214 
20.611799 89.587265 -46.857497 -8.371397 -40.442705 -7.702058 8.564556 3.111909 1.849946 13.008429 -9.947341 -0.543868 -14.382623 10.562162 4.417647 -0.000000 0.000000 0.000000 -6.646679 -3.093060 2.025342 11.371948 -3.439089 1.124258 -2.893658 -9.458490 2.973480 -0.000000 0.000000 0.000000 10.239175 0.581071 0.482418 5.502138 -1.744715 1.978063 3.092351 -0.258520 1.602701 4.794207 -4.790551 -0.493816 -8.057348 -3.967291 4.543243 -0.000000 0.000000 0.000000 -0.714191 -4.737505 -20.202845 -1.164346 -16.621869 -51.577837 14.759477 -36.217321 6.008074 -7.195070 2.111170 12.177166 0.436638 6.566894 18.909103 6.598114 13.561153 49.893882 15.302822 34.881128 -10.193814 1.432673 -0.020797 -7.069105 
22.058500 89.525568 -47.560698 -8.090090 -39.337742 -7.717164 7.985619 3.066724 2.086398 11.645149 -10.346773 -0.914864 -14.235111 9.917692 4.573274 -0.000000 0.000000 0.000000 -8.436097 -3.480351 1.721955 12.564914 -4.188941 1.049867 -2.064945 -9.618903 3.757778 -0.000000 0.000000 0.000000 10.621850 0.184894 -0.074255 5.284976 -1.669868 2.049111 3.341972 -0.521081 1.895106 4.806900 -5.229308 -0.589897 -7.816443 -4.258081 5.331449 -0.000000 0.000000 0.000000 -0.981563 -4.667060 -19.656055 -2.220276 -18.972447 -51.255994 17.335026 -42.339205 9.752505 -8.025494 1.244204 12.636755 1.112007 5.690891 19.199921 7.655834 11.493956 48.917018 14.307873 30.974494 -8.806080 3.465961 -1.370236 -4.664960 
23.465599 89.458263 -48.257899 -7.981424 -38.472373 -7.648631 7.582477 2.506597 1.810689 10.325300 -10.755021 -1.183570 -13.903263 9.975207 5.333234 -0.000000 0.000000 0.000000 -10.507102 -3.668763 1.114323 14.486457 -4.810144 1.085500 -1.624894 -9.779784 4.506515 -0.000000 0.000000 0.000000 11.023104 -0.234742 -0.676562 5.156949 -1.580745 1.967141 3.591259 -0.851283 2.001811 4.975500 -5.476243 -0.755421 -7.713584 -4.307843 5.926022 -0.000000 0.000000 0.000000 -1.124206 -4.581195 -19.109538 -2.981968 -21.124683 -50.641628 20.763814 -48.509679 14.674208 -8.781884 0.210038 12.897231 1.708312 4.905879 19.313452 8.728429 9.763956 48.153647 13.253600 28.322913 -7.626558 4.296001 -1.909469 -2.882970 
24.719998 89.464563 -48.936298 -8.156679 -38.072028 -7.598879 7.178481 1.671887 1.595591 9.530638 -10.881101 -1.877933 -13.331421 10.194821 5.739170 -0.000000 0.000000 0.000000 -12.240053 -3.697564 0.410377 16.304712 -5.204712 1.053927 -1.553560 -9.720547 5.374662 -0.000000 0.000000 0.000000 11.437678 -0.449307 -1.401817 5.176885 -1.471706 1.822878 3.821295 -1.052005 1.958013 5.017383 -5.483285 -0.974552 -7.421751 -4.446388 6.497998 -0.000000 0.000000 0.000000 -1.322043 -4.521069 -18.765240 -3.484030 -23.096231 -49.649988 24.767063 -53.953590 20.197416 -9.486693 -1.064868 12.783033 2.178723 4.103988 19.637815 9.562116 8.070372 47.423563 11.753202 26.745483 -6.781875 4.372399 -2.388413 -0.734296 
25.792399 89.602566 -49.594000 -8.578431 -37.963265 -7.764424 6.678701 1.243716 1.414168 9.432616 -10.827466 -2.323744 -12.582783 10.320322 5.657810 -0.000000 0.000000 0.000000 -13.351179 -3.709003 -0.081413 17.996692 -5.042240 1.049077 -2.111814 -9.065523 6.204318 -0.000000 0.000000 0.000000 11.963969 -0.533468 -1.954147 5.002277 -1.355868 1.587680 4.002353 -1.116546 1.787340 5.260570 -5.344102 -1.186740 -6.873908 -4.736269 6.953849 -0.000000 0.000000 0.000000 -1.564055 -4.513932 -18.467030 -3.774311 -24.734269 -48.663791 28.959949 -57.977304 25.399338 -10.208803 -2.719362 12.942925 2.566617 3.425534 19.895904 10.164933 6.648603 47.061849 10.341568 25.593880 -6.122663 3.726187 -2.682475 0.176277 
26.750699 89.837170 -50.233102 -8.886407 -37.928282 -8.242164 6.072792 1.232827 1.389855 9.529133 -10.552603 -2.132534 -11.770582 10.222402 5.371237 -0.000000 0.000000 0.000000 -14.257611 -3.689161 0.043380 20.061579 -4.813935 1.110401 -2.906236 -8.715670 6.221551 -0.000000 0.000000 0.000000 12.327450 -0.634940 -1.921693 4.695704 -1.192332 1.375485 4.128779 -1.075404 1.547056 5.610794 -5.334281 -1.450514 -6.303501 -4.963874 7.209861 -0.000000 0.000000 0.000000 -1.797265 -4.510991 -18.199585 -4.103351 -25.884720 -48.205197 32.746572 -60.381551 29.570541 -10.822596 -4.494236 12.786369 2.883255 2.932696 19.790262 10.356426 5.562842 47.093102 8.983483 24.811948 -5.614916 2.754133 -2.804470 0.416136 
27.596399 90.108460 -50.854999 -9.072572 -37.841667 -8.822739 5.513197 1.028484 1.614672 9.443756 -10.348051 -1.935539 -10.829691 10.276369 5.036770 -0.000000 0.000000 0.000000 -14.887014 -3.468925 0.457288 22.429832 -4.903755 1.287074 -3.641137 -8.846552 5.953448 -0.000000 0.000000 0.000000 12.513728 -0.737721 -1.713437 4.482932 -1.082595 1.319653 4.202845 -1.013976 1.405986 5.786355 -5.347959 -1.677555 -6.008276 -5.113609 7.383500 -0.000000 0.000000 0.000000 -1.968178 -4.561122 -17.956980 -4.353674 -26.440109 -48.350306 35.395898 -61.760395 32.264646 -11.453495 -5.368826 12.214131 3.071725 2.632363 19.384673 10.415523 4.894744 47.298450 8.400696 25.227835 -5.798193 2.236576 -3.580714 0.790111 
28.319499 90.363866 -51.471597 -9.266465 -37.719446 -9.368935 5.192606 0.811971 1.875497 9.045513 -10.208814 -1.751822 -9.855612 10.370461 4.684450 -0.000000 0.000000 0.000000 -15.084969 -3.262742 0.866050 24.912050 -5.193731 1.463354 -4.351780 -9.016926 5.476917 -0.000000 0.000000 0.000000 12.605881 -0.798234 -1.669848 4.403219 -1.072335 1.360330 4.221970 -0.994262 1.422830 5.834525 -5.412020 -1.690402 -5.870133 -5.280378 7.631666 -0.000000 0.000000 0.000000 -1.939856 -4.723067 -17.716671 -4.360363 -26.416515 -48.866693 36.594001 -62.293510 33.402363 -12.209110 -5.389297 11.339723 3.094489 2.644177 18.939000 10.452059 4.720192 47.460782 8.786739 26.942459 -6.665528 1.632302 -3.747962 1.155266 
28.931999 90.558964 -52.106798 -9.395001 -37.599791 -9.766020 5.011572 0.965882 2.165485 8.309437 -10.069238 -1.636017 -8.922812 10.119585 4.296482 -0.000000 0.000000 0.000000 -14.945482 -3.180070 1.177926 27.371335 -5.348076 1.592340 -5.254297 -9.231809 4.924975 -0.000000 0.000000 0.000000 12.538769 -0.811543 -1.832038 4.443924 -1.146365 1.468288 4.163813 -0.973669 1.495649 5.964987 -5.506032 -1.450854 -5.970608 -5.498606 7.968949 -0.000000 0.000000 0.000000 -1.785686 -4.905604 -17.609268 -4.004524 -25.987501 -49.255583 36.149271 -62.050652 32.389532 -12.927109 -5.220106 10.750678 2.863275 2.770985 18.622787 10.325548 5.020004 47.529934 9.802633 29.698702 -8.068285 1.158094 -3.278255 1.208230 
29.460600 90.679264 -52.780598 -9.434169 -37.511003 -9.956570 4.705210 1.157372 2.473903 7.688378 -9.888004 -1.727437 -8.102294 9.731627 3.896221 -0.000000 0.000000 0.000000 -14.448721 -3.060522 1.394378 29.601703 -5.286898 1.603057 -6.325460 -9.354059 4.304605 -0.000000 0.000000 0.000000 12.306518 -0.692205 -2.179227 4.613688 -1.326201 1.622839 4.028601 -0.927767 1.521260 6.289284 -5.451886 -0.912891 -6.412540 -5.763951 8.499772 -0.000000 0.000000 0.000000 -1.592629 -5.161193 -17.626587 -3.236095 -25.135481 -49.383364 34.866672 -60.956916 30.043671 -13.127335 -4.887433 10.261532 2.366237 2.924578 18.292682 9.957449 5.780948 47.812841 11.484146 33.486194 -10.253344 0.247124 -3.159504 1.184054 
29.919201 90.735865 -53.482395 -9.465112 -37.466842 -9.977533 4.330187 1.155135 2.636594 7.230924 -9.642756 -1.856377 -7.417412 9.444068 3.660608 -0.000000 0.000000 0.000000 -13.456754 -2.924766 1.493394 31.295708 -5.182363 1.449102 -7.420261 -9.567632 3.708678 -0.000000 0.000000 0.000000 11.982852 -0.396513 -2.642935 4.911409 -1.575127 1.779173 3.842583 -0.827887 1.493530 6.670307 -5.253568 -0.135439 -6.754961 -5.940017 9.103097 -0.000000 0.000000 0.000000 -1.342149 -5.512471 -17.699310 -2.173941 -23.939204 -49.416841 32.441744 -59.186490 26.449170 -13.865107 -3.907065 9.100459 1.709873 3.157828 17.846399 9.371991 6.947657 48.369420 14.049325 38.408941 -13.782957 -1.201998 -2.864367 2.036149 
30.330098 90.735763 -54.201502 -9.520853 -37.643506 -9.911130 3.984817 1.086134 2.631934 6.831077 -9.311631 -1.956068 -6.903456 9.292491 3.682867 -0.000000 0.000000 0.000000 -12.070099 -2.845406 1.469076 32.450909 -4.996701 1.139759 -8.584512 -9.837082 3.037439 -0.000000 0.000000 0.000000 11.576369 0.084358 -3.078586 5.231672 -1.779474 1.894735 3.647136 -0.626854 1.410497 7.212508 -5.018398 0.694816 -6.826539 -5.984967 9.497728 -0.000000 0.000000 0.000000 -1.096469 -5.830079 -17.760615 -1.065569 -22.444400 -49.551997 28.717472 -56.695127 21.486678 -15.642803 -1.981221 7.419948 0.991795 3.480634 17.185267 8.611633 8.505231 49.013765 17.954922 44.486870 -19.061302 -3.129680 -2.393966 3.301554 
30.693400 90.687263 -54.944599 -9.626843 -38.080783 -9.772149 3.547133 0.949558 2.465363 6.717832 -8.895352 -2.009198 -6.593617 9.339735 3.834482 -0.000000 0.000000 0.000000 -10.374523 -2.812200 1.290976 33.074972 -4.828402 0.737856 -9.670157 -10.175051 2.403515 -0.000000 0.000000 0.000000 11.178704 0.749856 -3.428584 5.380285 -1.965332 1.935646 3.552500 -0.341035 1.269739 7.899492 -4.814314 1.450952 -6.547477 -6.027857 9.624709 -0.000000 0.000000 0.000000 -0.979218 -6.135543 -17.794353 -0.041435 -20.655655 -49.777827 24.694954 -52.899816 15.786822 -16.237844 -0.385439 7.029477 0.165579 3.938536 16.121263 7.878499 10.449153 49.532351 24.332515 51.617455 -26.773621 -5.204364 -1.996673 3.046820 
31.004101 90.598369 -55.697900 -9.751300 -38.682444 -9.587513 2.914663 0.881949 2.148072 7.010516 -8.351249 -1.926282 -6.361087 9.435922 4.156941 -0.000000 0.000000 0.000000 -8.432896 -2.856726 0.950521 33.154146 -4.739093 0.359647 -10.552633 -10.593847 1.793776 -0.000000 0.000000 0.000000 10.657441 1.587360 -3.651332 5.549111 -2.180434 1.933431 3.515219 0.010212 1.096154 8.784402 -4.934265 2.158549 -6.080548 -5.997810 9.690103 -0.000000 0.000000 0.000000 -0.998189 -6.679034 -17.757642 0.766656 -18.652521 -50.397784 21.821703 -47.216590 11.087145 -14.963945 1.128128 8.139392 -0.772714 4.668278 14.653868 6.825905 12.476246 49.824613 35.846920 58.454013 -39.616741 -6.461374 -1.043486 2.354975 
31.283501 90.483063 -56.496102 -9.850420 -39.243145 -9.355187 2.254595 0.814841 1.740269 7.320018 -7.752233 -1.647802 -6.133022 9.443964 4.508344 -0.000000 0.000000 0.000000 -6.388663 -3.034946 0.447294 32.850228 -4.809781 0.099846 -11.300173 -10.856255 1.286089 -0.000000 0.000000 0.000000 10.098673 2.504496 -3.742721 5.809373 -2.494131 1.884587 3.406679 0.314499 0.895974 9.848477 -5.286593 3.013813 -5.545476 -5.887448 9.761577 -0.000000 0.000000 0.000000 -1.117451 -7.520458 -17.739271 1.286753 -16.514648 -51.438202 19.442139 -39.697465 7.591030 -12.982481 3.255222 9.180873 -1.915499 5.726159 12.780728 5.186160 14.544294 50.008279 52.767291 63.324303 -58.554346 -8.692922 -0.298410 2.707627 
31.499398 90.374362 -57.351601 -9.858636 -39.911503 -9.052885 1.436251 0.990725 1.613735 7.719066 -6.965176 -1.627060 -5.799888 9.022568 4.553185 -0.000000 0.000000 0.000000 -4.319955 -3.145714 -0.108738 32.068712 -4.753234 -0.049538 -11.868716 -10.829711 0.867642 -0.000000 0.000000 0.000000 9.388625 3.382652 -3.789977 6.183624 -2.796202 1.784524 3.225118 0.616002 0.685839 11.018814 -5.585242 4.031998 -5.066942 -5.792653 9.735214 -0.000000 0.000000 0.000000 -1.200593 -8.337003 -17.803025 1.376621 -14.219195 -52.662696 16.604459 -30.782769 4.856916 -11.717368 5.382775 8.993254 -3.120610 7.053734 10.824362 2.835865 16.945340 49.897833 72.357028 64.803638 -80.851488 -11.623102 0.484816 2.542194 
31.693798 90.337366 -58.249098 -9.562614 -40.405081 -8.640590 -0.105207 2.552763 1.856693 8.553562 -7.986796 -1.764036 -4.840126 8.488912 5.154888 -0.000000 0.000000 0.000000 -2.167235 -4.019812 -0.761133 30.180430 -2.602139 0.074919 -12.634110 -11.794004 -0.622752 -0.000000 0.000000 0.000000 8.823163 4.030468 -3.748758 6.036871 -2.775743 1.773002 2.646857 0.649045 0.528437 12.741893 -8.366672 4.824473 -4.203304 -3.567801 10.482489 -0.000000 0.000000 0.000000 -0.414269 -8.920400 -18.339780 0.978577 -10.792116 -52.850231 19.275507 -22.235385 3.796763 -17.237620 7.819305 11.530459 -4.055158 9.279745 9.376913 0.345498 18.253183 48.511234 90.364071 62.439669 -101.816510 -13.948025 1.322047 1.724607 
31.825501 90.316564 -59.249401 -9.554539 -40.926666 -8.352399 -0.699067 3.043451 1.944629 8.330973 -7.834305 -1.726604 -4.085101 8.295371 4.798368 -0.000000 0.000000 0.000000 0.006020 -4.159796 -1.156927 28.446291 -2.112794 -0.021970 -12.968392 -11.607095 -0.690734 -0.000000 0.000000 0.000000 8.245136 4.639238 -3.500231 6.109317 -2.902369 1.427992 2.748031 0.881559 0.302043 13.840769 -9.171388 6.023866 -3.716604 -3.289795 10.496622 -0.000000 0.000000 0.000000 -0.508921 -9.149426 -18.112335 1.019152 -8.187650 -53.589478 17.409647 -14.279876 2.075786 -17.062474 9.958707 12.378549 -5.737096 10.625509 6.780780 -3.664876 20.927244 48.305612 100.395854 59.524928 -114.293724 -14.594383 2.160203 0.094509 
31.937498 90.286267 -60.358101 -9.458995 -41.368670 -7.957067 -1.270771 3.579399 2.110493 7.830344 -7.745584 -1.765285 -3.222388 8.075718 4.197537 -0.000000 0.000000 0.000000 2.064539 -4.259162 -1.430928 26.153032 -1.380818 -0.223168 -12.482857 -11.242469 -0.189730 -0.000000 0.000000 0.000000 7.688376 4.996459 -3.241874 6.084729 -2.999575 1.046580 2.940745 1.006278 0.119070 14.894144 -9.580969 7.248799 -3.093905 -3.053338 10.210633 -0.000000 0.000000 0.000000 -0.309582 -8.684759 -17.674267 1.904135 -5.773957 -53.651412 16.550657 -9.211354 0.817572 -15.449086 11.228061 13.482789 -7.625680 11.598037 3.895322 -8.589438 24.364589 48.135714 106.443465 57.965624 -121.977958 -15.651849 3.188266 -1.500385 
32.039797 90.219766 -61.598098 -9.229420 -41.846167 -7.371252 -1.969995 3.744211 2.206444 7.304101 -7.442276 -1.827272 -2.360984 8.089948 3.450464 -0.000000 0.000000 0.000000 3.953313 -4.155064 -1.617565 23.033327 -0.352557 -0.509359 -11.406202 -10.684267 0.794384 -0.000000 0.000000 0.000000 7.073685 5.248332 -3.083734 6.129592 -3.068751 0.732089 3.198590 1.107872 -0.084641 15.816141 -9.614083 8.623394 -2.342694 -3.220231 9.719350 -0.000000 0.000000 0.000000 0.232876 -7.670351 -17.322367 3.834517 -3.785425 -52.757509 16.504836 -7.931908 -0.280906 -13.738311 11.167208 13.807605 -9.639265 12.382793 1.349954 -14.072887 28.601500 47.896225 109.857542 57.595934 -126.593562 -16.498279 3.561088 -2.761702 
32.155997 90.074563 -63.014495 -8.919608 -42.341958 -6.624031 -2.983169 3.622542 2.269956 7.145310 -6.861622 -1.913169 -1.626486 8.143343 2.708966 -0.000000 0.000000 0.000000 5.460862 -3.858633 -1.766849 19.539703 1.117475 -0.659256 -11.345984 -9.721582 1.298734 -0.000000 0.000000 0.000000 6.536837 5.574262 -3.063919 6.327002 -3.044432 0.517299 3.452648 1.303718 -0.314528 16.452240 -9.422468 10.162632 -1.588202 -3.636222 9.310834 -0.000000 0.000000 0.000000 0.850407 -6.497977 -17.094332 6.118652 -2.166411 -51.353555 17.177036 -9.135876 -1.005384 -11.989497 9.301721 13.181765 -11.408683 13.061702 -0.794590 -19.566047 32.927181 47.552388 111.510261 57.185867 -129.678434 -15.239357 3.695445 -3.319846 
32.317799 89.864564 -64.581901 -8.651163 -42.634124 -5.839168 -4.354745 3.196892 2.285880 7.567494 -6.393719 -1.946444 -1.014587 8.367492 2.126498 -0.000000 0.000000 0.000000 6.392003 -3.660576 -1.963910 16.154236 2.297952 -0.309119 -12.235481 -9.576731 0.992629 -0.000000 0.000000 0.000000 6.264789 5.941950 -3.010675 6.511425 -2.914530 0.299065 3.730616 1.504340 -0.550927 16.993374 -9.251309 11.609768 -0.897978 -3.858291 9.042117 -0.000000 0.000000 0.000000 1.485735 -5.376990 -16.807789 8.133113 -1.012412 -50.069350 18.410794 -11.506752 -1.160932 -11.596661 7.413774 12.782741 -12.841774 13.620168 -2.736767 -24.822296 36.619930 47.537076 112.211652 57.060667 -131.735168 -14.702227 4.107213 -3.338541 
32.550898 89.675766 -66.223997 -8.659391 -42.436296 -5.336697 -6.081191 2.876478 2.320882 8.875760 -6.293505 -1.668802 -0.473340 8.351165 1.397617 -0.000000 0.000000 0.000000 6.951010 -3.768571 -1.773098 13.700582 2.468126 0.112502 -12.780275 -10.015346 0.262534 -0.000000 0.000000 0.000000 6.455213 6.186226 -2.626162 6.658389 -2.804115 0.108489 3.986337 1.615796 -0.713494 17.430815 -8.907883 12.448239 -0.618095 -3.478331 8.661310 -0.000000 0.000000 0.000000 2.025235 -4.522556 -16.680898 9.437248 -0.138479 -49.250107 19.317383 -13.732954 -0.897018 -11.847505 5.884210 12.764455 -13.931607 13.999588 -4.472980 -29.255937 39.351100 47.256869 112.601937 57.558284 -133.190136 -15.717253 4.974539 -3.048503 
32.870299 89.593560 -67.861801 -9.119875 -41.764971 -5.312383 -7.877380 2.546242 2.298686 10.864597 -6.473462 -1.000188 0.158650 8.190414 0.654925 -0.000000 0.000000 0.000000 7.440907 -3.989976 -1.120753 12.095510 2.381759 0.014193 -12.877297 -10.366664 -0.518925 -0.000000 0.000000 0.000000 7.284603 6.342014 -1.858128 6.589657 -2.768803 -0.113771 4.206894 1.690932 -0.783538 17.744345 -8.557329 12.623081 -0.427029 -2.328920 8.361423 -0.000000 0.000000 0.000000 2.271983 -3.952376 -16.557626 9.837538 0.714174 -49.244780 19.787977 -14.976990 -0.468086 -12.525342 4.558480 12.607890 -14.419825 14.224617 -6.193246 -31.958995 40.381092 46.613041 112.601048 57.597327 -134.220262 -16.620085 6.108951 -2.389716 
33.232498 89.599162 -69.411904 -9.702073 -40.473943 -5.620218 -9.946230 1.974367 2.329408 13.587449 -6.978695 -0.176274 0.554325 7.977872 0.107357 -0.000000 0.000000 0.000000 7.276175 -3.775475 -0.546217 12.080532 2.356276 0.560759 -12.819199 -11.260561 -1.177191 -0.000000 0.000000 0.000000 8.347814 6.312357 -0.940708 6.246060 -2.810212 -0.114683 4.581798 1.624028 -0.648363 17.781528 -8.172075 12.291200 -0.239137 -0.764425 8.054205 -0.000000 0.000000 0.000000 2.204764 -3.377266 -16.576348 9.507124 1.225076 -49.983114 19.689504 -15.097869 -0.117609 -13.540165 4.065222 12.386464 -14.548616 13.633353 -7.267787 -32.483683 40.001895 44.572137 113.183059 57.472831 -135.723469 -17.754384 6.670526 -1.248509 
33.575901 89.644861 -70.784402 -10.103852 -38.604113 -5.809142 -12.202895 1.603213 2.416473 16.878463 -6.964982 0.192695 0.736124 7.951361 -0.394123 -0.000000 0.000000 0.000000 7.001611 -4.155028 -0.095212 12.359008 1.831208 1.269758 -12.692411 -11.855765 -1.459421 -0.000000 0.000000 0.000000 9.208804 6.347921 -0.414529 5.814008 -3.108301 0.171562 4.959819 1.363699 -0.188329 17.678290 -7.726239 11.700709 -0.406366 1.015586 8.006403 -0.000000 0.000000 0.000000 2.095393 -3.079224 -16.790797 9.028818 1.614276 -51.153708 19.132282 -14.827371 0.014398 -14.514926 4.475150 12.262468 -14.234494 12.259794 -7.558692 -31.075351 37.900850 41.128584 114.438843 57.124072 -137.937897 -18.623670 6.677814 0.022935 
33.887500 89.776462 -72.024196 -10.131295 -36.680038 -5.512665 -14.805134 1.344441 2.237891 21.666989 -6.222897 0.009122 -0.724839 8.573834 0.012489 -0.000000 0.000000 0.000000 6.809230 -5.349874 0.200860 11.976980 1.212692 1.509155 -12.326483 -12.013249 -1.309617 -0.000000 0.000000 0.000000 9.801228 6.660515 -0.523519 5.244079 -3.622683 0.592848 5.275905 0.980197 0.281726 17.403056 -7.281595 11.134325 -0.532963 2.635391 8.188299 -0.000000 0.000000 0.000000 2.178935 -3.051472 -17.335431 8.681888 1.943448 -51.824811 18.846663 -14.753688 -0.286505 -15.497780 4.670174 11.918963 -13.528286 10.348546 -6.902426 -28.363952 34.405425 36.969833 116.057670 56.672624 -140.757028 -19.139926 6.630019 0.923173 
34.205002 90.012568 -73.140603 -9.922384 -35.134766 -5.006452 -17.298298 1.030723 1.808068 27.036219 -5.539700 -0.092353 -2.113931 8.726355 0.951142 -0.000000 0.000000 0.000000 6.495960 -6.111914 0.397254 11.299137 0.776157 1.569453 -11.617842 -12.414093 -1.034638 -0.000000 0.000000 0.000000 10.092882 7.011934 -0.699041 4.868425 -4.082178 0.912549 5.391824 0.638780 0.434249 16.918771 -6.874653 10.561697 -0.613059 3.652840 8.255809 -0.000000 0.000000 0.000000 2.516553 -3.109226 -18.225084 8.542842 2.207238 -51.683565 19.538659 -15.268863 -0.442012 -15.882672 4.815037 10.057757 -12.512744 8.292213 -5.559816 -25.566466 30.182469 33.090900 117.280808 56.106228 -143.460390 -19.950916 6.629334 2.137119 
34.538099 90.280861 -74.150902 -9.732257 -34.228084 -4.501307 -19.126394 0.731544 1.279636 32.008228 -4.940599 -0.141475 -3.424711 8.736954 1.851506 -0.000000 0.000000 0.000000 6.231492 -6.668377 0.481432 10.348634 0.480191 1.414732 -10.757939 -12.624596 -0.574758 -0.000000 0.000000 0.000000 10.269630 7.465117 -0.818888 4.742358 -4.332465 1.080214 5.305940 0.467806 0.391207 16.399404 -6.776247 9.845914 -0.962610 4.073830 8.269770 -0.000000 0.000000 0.000000 2.812211 -3.260030 -19.099197 8.553080 2.473259 -51.309145 20.975691 -16.061702 -0.226510 -14.961231 4.835594 7.297175 -11.340967 6.570404 -4.186787 -23.260806 25.566846 29.893935 118.188867 55.641979 -146.106446 -20.771439 6.372558 3.662412 
34.952599 90.439969 -75.062102 -9.151030 -33.464794 -3.869721 -21.132860 -1.753768 0.387003 37.506858 -0.899037 -0.675441 -4.464865 7.655026 1.048186 -0.000000 0.000000 0.000000 6.381739 -5.884869 0.791922 8.111418 -1.446627 1.048603 -9.821484 -12.411258 0.564502 -0.000000 0.000000 0.000000 9.672469 7.688657 -0.731955 5.133779 -4.911346 1.288873 4.879799 0.819624 0.241485 16.478270 -7.391879 9.170927 -1.428194 4.624895 8.004636 -0.000000 0.000000 0.000000 2.799331 -4.166727 -19.032698 8.582114 1.982609 -52.835707 15.875429 -15.367778 -0.930061 -7.426691 4.352793 5.304531 -10.031026 6.533353 -4.072298 -20.670437 20.253536 28.072106 118.518153 55.330609 -149.567921 -20.073010 6.028291 6.383474 
35.347000 90.605760 -75.862700 -9.026940 -33.620131 -3.569058 -21.705570 -1.986015 0.076524 41.108590 -0.449519 -1.016345 -5.308738 7.734065 1.437436 -0.000000 0.000000 0.000000 6.095534 -6.211072 0.609776 7.096097 -1.466351 0.989664 -8.929371 -12.072667 0.978738 -0.000000 0.000000 0.000000 9.553551 7.863825 -0.603412 5.174845 -4.901065 1.305180 4.757922 0.874855 0.118401 16.227684 -7.612430 8.535923 -1.688213 4.945771 7.764628 -0.000000 0.000000 0.000000 2.823431 -3.936921 -19.631897 8.598937 1.993398 -52.917319 15.560745 -16.055578 -0.920813 -7.019799 4.473646 4.450804 -9.483337 5.708395 -3.205624 -20.045714 17.922242 26.646885 118.414892 55.184584 -150.548130 -20.024172 5.445944 7.406283 
35.744497 90.704966 -76.591396 -8.944082 -34.162435 -3.398642 -21.563959 -2.190595 -0.092346 43.765395 -0.243996 -1.382733 -5.906871 8.030997 1.737590 -0.000000 0.000000 0.000000 5.712150 -6.212394 0.434301 6.281242 -1.333731 1.007417 -8.110142 -11.798261 1.172632 -0.000000 0.000000 0.000000 9.277980 7.840500 -0.411348 5.368422 -4.836826 1.303025 4.589504 0.876805 -0.017899 16.054531 -7.724369 8.184860 -1.746659 5.396894 7.457252 -0.000000 0.000000 0.000000 2.810724 -3.572119 -20.093697 8.548531 2.125886 -53.032335 15.123860 -17.019962 -0.933816 -6.963659 4.487178 4.006547 -9.357557 5.366113 -2.791744 -20.036524 17.403961 26.314352 118.080855 55.260254 -150.729132 -19.415677 4.902922 8.382190 
36.133799 90.759361 -77.265400 -9.001765 -34.862104 -3.458544 -20.603578 -2.307421 -0.117546 45.354689 -0.291841 -1.583743 -6.450241 8.201800 1.871679 -0.000000 0.000000 0.000000 5.401118 -5.934238 0.433471 5.613959 -1.189801 1.016380 -7.322757 -11.604997 1.135315 -0.000000 0.000000 0.000000 8.956804 7.640174 -0.184858 5.757702 -4.775766 1.369441 4.318413 0.883943 -0.123332 16.034431 -7.910224 8.204498 -1.775331 5.657020 7.258516 -0.000000 0.000000 0.000000 2.734650 -3.499569 -20.355760 8.426930 1.927019 -53.326241 14.847547 -17.819369 -0.910423 -7.048053 4.424683 3.834885 -9.516773 5.587988 -2.764406 -20.387734 18.202711 26.729210 117.551883 55.298747 -150.186075 -18.349872 4.623788 8.636852 
36.504698 90.777469 -77.908993 -9.182096 -35.603153 -3.708395 -18.899805 -2.066972 -0.074589 45.964270 -0.644505 -1.402117 -7.403931 8.170183 1.982302 -0.000000 0.000000 0.000000 5.075541 -5.511481 0.639166 5.194367 -1.014217 0.920076 -6.584010 -11.532200 1.008228 -0.000000 0.000000 0.000000 8.680858 7.328836 0.048561 6.065124 -4.657807 1.403749 4.092435 0.896509 -0.192513 16.155455 -8.270283 8.622451 -1.663202 5.493869 7.201628 -0.000000 0.000000 0.000000 2.509746 -3.830069 -20.349943 8.172103 1.238759 -53.643575 15.129291 -18.308148 -0.858847 -6.879897 4.486664 3.781562 -9.866715 6.289629 -3.119506 -20.853006 19.739999 27.964326 117.280086 55.399626 -149.397671 -18.032014 4.438040 8.307933 
36.876097 90.766764 -78.535599 -9.415385 -36.300852 -4.029447 -16.600068 -1.689761 -0.063023 45.637726 -1.070470 -1.019318 -8.221858 8.023006 2.017243 -0.000000 0.000000 0.000000 4.564968 -5.034792 0.889059 5.257747 -0.965177 0.797082 -6.057783 -11.413832 0.840303 -0.000000 0.000000 0.000000 8.414490 6.911407 0.226157 6.383613 -4.555262 1.416499 3.864240 0.881443 -0.272796 16.344136 -8.978229 9.347558 -1.399454 4.704752 7.348270 -0.000000 0.000000 0.000000 2.125688 -4.450961 -20.038513 7.730031 0.071335 -54.045913 15.694400 -18.528721 -0.652470 -6.634605 4.398896 3.844880 -10.394172 7.432035 -3.772746 -21.469553 21.871635 30.057042 116.813433 55.484125 -148.185135 -18.037939 4.256328 8.165073 
37.256899 90.748364 -79.129797 -9.765391 -36.977173 -4.507565 -13.701604 -1.141594 -0.000229 44.456153 -1.478312 -0.553103 -9.091525 7.833167 1.903317 -0.000000 0.000000 0.000000 4.101070 -4.728523 1.142780 5.495765 -1.197721 0.713203 -5.607439 -10.829181 0.926798 -0.000000 0.000000 0.000000 8.157444 6.478762 0.428259 6.802177 -4.479002 1.416674 3.571729 0.881034 -0.339857 16.663195 -9.850329 10.215088 -1.166409 3.379054 7.586932 -0.000000 0.000000 0.000000 1.602008 -5.373884 -19.496065 6.990940 -1.341328 -54.605496 16.224966 -18.516682 -0.208554 -6.282546 4.201839 4.067930 -10.979701 8.899696 -4.579408 -22.420011 24.232864 32.527035 116.040708 55.308676 -146.294128 -17.579498 4.560519 7.468124 
37.657601 90.717363 -79.694504 -10.295333 -37.587698 -5.181492 -10.248563 -0.376833 0.147794 42.545238 -2.035588 -0.117527 -10.181321 7.568669 1.738279 -0.000000 0.000000 0.000000 3.802592 -4.482344 1.424457 5.743347 -1.417168 0.730217 -5.188240 -10.257711 1.057406 -0.000000 0.000000 0.000000 8.056476 5.948172 0.729888 7.118749 -4.399737 1.333034 3.332033 0.833850 -0.381329 16.923582 -10.811856 10.918005 -0.785039 2.134421 7.703902 -0.000000 0.000000 0.000000 1.008313 -6.407537 -18.791897 6.007434 -2.752590 -55.109108 16.289936 -18.718184 0.173463 -6.058620 4.021149 4.550856 -11.720369 10.619021 -5.580337 -23.685127 26.844499 35.404579 115.532308 55.536933 -144.485945 -17.628423 4.733627 7.183732 
38.077900 90.663362 -80.238402 -10.829523 -38.123979 -5.949814 -6.494265 0.415893 0.297268 39.938106 -2.689720 0.246349 -11.323398 7.478719 1.548930 -0.000000 0.000000 0.000000 3.607870 -4.144175 1.854008 5.870933 -1.634095 0.677561 -4.823829 -9.772998 1.173161 -0.000000 0.000000 0.000000 7.909575 5.349136 1.035673 7.402307 -4.303000 1.264294 3.075766 0.783412 -0.394411 17.335709 -11.859546 11.540337 -0.361339 0.852616 7.763353 -0.000000 0.000000 0.000000 0.377213 -7.360430 -17.955339 4.812382 -4.256009 -55.556415 15.988026 -19.048817 0.549538 -6.251391 3.757649 5.204199 -12.516711 12.371412 -6.629877 -25.323369 29.656005 38.569443 114.741253 56.148425 -142.381704 -17.868790 4.760138 6.949457 
38.540402 90.581363 -80.780500 -11.140868 -38.569738 -6.691206 -2.839077 1.120976 0.391080 36.757255 -3.355431 0.639051 -12.266049 7.579641 1.370449 -0.000000 0.000000 0.000000 3.231501 -3.688578 2.375832 5.964678 -1.827987 0.694662 -4.462343 -9.486187 1.254509 -0.000000 0.000000 0.000000 7.607189 4.753658 1.313821 7.647540 -4.160207 1.225648 2.761356 0.745882 -0.377608 17.894925 -12.850819 12.247832 -0.042817 -0.320864 8.018558 -0.000000 0.000000 0.000000 -0.265568 -8.180921 -17.068194 3.435121 -5.736512 -55.940529 15.471382 -19.581571 0.979696 -6.707823 3.494285 5.899439 -13.180392 13.941361 -7.683766 -27.020273 32.205824 41.614919 113.576326 56.597397 -140.037168 -17.531068 5.002775 6.028433 
39.098597 90.472668 -81.323600 -11.255230 -38.756341 -7.314680 0.571216 1.659986 0.288535 33.076174 -4.124448 1.189924 -12.943746 7.693358 1.202736 -0.000000 0.000000 0.000000 2.685548 -3.445226 2.797187 6.074830 -2.248536 0.828236 -4.136253 -9.034396 1.508753 -0.000000 0.000000 0.000000 7.198806 4.155214 1.552197 8.003200 -4.145288 1.210317 2.412626 0.672191 -0.387036 18.367763 -13.594715 12.988816 0.227111 -1.366005 8.390070 -0.000000 0.000000 0.000000 -0.958489 -8.939512 -16.203924 1.862517 -7.124318 -56.265220 14.439028 -20.247451 1.391176 -7.045993 3.170355 6.674231 -13.799204 15.249483 -8.682272 -28.638780 34.284066 44.172209 112.633904 56.920603 -138.142681 -17.068265 5.313683 5.170496 
39.782298 90.343165 -81.896895 -11.096647 -38.557916 -7.816009 3.386684 2.117316 0.178996 29.010866 -5.159668 1.894746 -12.414414 7.397817 0.589935 -0.000000 0.000000 0.000000 1.910959 -3.238281 3.277698 6.165382 -2.702981 0.987870 -3.723463 -8.883258 1.587701 -0.000000 0.000000 0.000000 6.735021 3.557627 1.734750 8.394562 -4.191624 1.294195 2.087895 0.472588 -0.316772 18.671378 -14.180524 13.595983 0.368626 -2.048290 8.860664 -0.000000 0.000000 0.000000 -1.544834 -9.767837 -15.505267 0.217599 -8.567996 -56.587134 13.199839 -21.188787 1.977704 -7.780185 2.649609 7.854999 -14.275181 16.199754 -9.541548 -29.922430 35.684801 45.850618 112.171720 57.069554 -137.133888 -17.369198 5.670388 4.930073 
40.589699 90.202463 -82.509297 -10.738398 -38.146482 -8.247842 5.886358 2.348479 0.115755 24.029381 -6.305683 2.312135 -13.829783 7.489645 1.910512 -0.000000 0.000000 0.000000 1.027108 -2.973148 3.838435 6.041046 -2.909435 1.162095 -3.166283 -9.353486 1.570328 -0.000000 0.000000 0.000000 6.399980 2.947612 1.847803 8.589770 -4.241711 1.411732 1.906874 0.191749 -0.119518 18.660392 -14.610988 13.875882 0.418482 -1.938197 9.220986 -0.000000 0.000000 0.000000 -1.986868 -10.547621 -14.937828 -1.332405 -9.869410 -56.933798 12.259960 -22.683865 2.760457 -8.912231 2.064385 9.279701 -14.618799 16.746711 -10.392362 -30.542165 36.382099 46.667614 112.135641 56.930540 -137.053795 -17.681277 5.834668 5.105030 
41.508400 90.092659 -83.199501 -10.229730 -37.699041 -8.485081 7.978602 2.554057 0.326481 18.133984 -6.225754 2.101336 -14.605461 8.007776 2.848813 -0.000000 0.000000 0.000000 0.155929 -2.805168 4.169023 5.498112 -3.382092 1.420343 -2.330762 -9.595887 1.934877 -0.000000 0.000000 0.000000 6.127208 2.438332 1.647213 8.868786 -4.363513 1.590219 1.742306 -0.114475 0.135861 18.435036 -14.456756 13.933162 0.399402 -1.633537 9.500053 -0.000000 0.000000 0.000000 -2.361798 -11.151661 -14.424086 -2.744147 -11.185415 -57.269858 11.426852 -24.430039 3.573038 -9.885558 1.167679 10.639014 -14.808688 16.759028 -10.846858 -30.600124 36.657672 46.578775 112.147485 56.587484 -137.313616 -17.550820 6.246566 5.232429 
42.519698 90.049267 -84.005696 -9.515434 -37.252033 -8.466399 8.846146 3.023426 0.961404 13.709959 -6.096834 1.395169 -14.445235 7.486685 3.029812 -0.000000 0.000000 0.000000 -1.072838 -2.678773 4.459102 4.985947 -3.836581 1.451498 -1.171901 -9.897363 2.243530 -0.000000 0.000000 0.000000 5.939497 2.049498 1.027388 9.079915 -4.514088 1.848637 1.596970 -0.471226 0.461857 18.233932 -13.895526 13.810836 0.444975 -1.082458 9.783825 -0.000000 0.000000 0.000000 -2.508715 -11.659353 -13.939792 -4.089070 -12.262420 -57.552405 10.893216 -26.214916 4.317398 -10.729553 0.141923 11.641202 -14.682587 16.324166 -11.014155 -30.115503 36.272977 45.936427 112.289838 56.332136 -137.895302 -17.907581 6.683369 5.397768 
43.613601 90.095764 -84.911197 -8.735658 -36.955725 -8.098557 8.639034 2.588723 1.238039 10.877328 -6.412592 0.770434 -13.483190 7.381414 3.311941 -0.000000 0.000000 0.000000 -2.764804 -2.486420 4.450859 4.924168 -4.359444 1.291227 0.147054 -10.176919 2.799133 -0.000000 0.000000 0.000000 5.996046 1.828079 -0.054983 9.070916 -4.709639 2.078607 1.575132 -0.863955 0.735032 17.960252 -12.795236 13.522846 0.520959 -0.376068 9.929660 -0.000000 0.000000 0.000000 -2.538628 -11.890860 -13.522420 -5.151614 -13.249531 -57.608351 10.617438 -27.786570 4.948312 -11.329141 -0.620869 12.102622 -14.501506 15.435303 -10.760910 -29.046974 35.484862 45.089899 112.063562 56.161547 -138.380614 -18.396947 6.946998 5.978155 
44.735098 90.207064 -85.850096 -8.082076 -36.953379 -7.523990 7.628418 1.542528 1.080128 9.613649 -6.478862 0.006644 -12.341601 8.009380 3.840673 -0.000000 0.000000 0.000000 -4.814980 -2.361937 4.106523 5.528692 -4.796064 1.023655 1.399834 -10.194455 3.625074 -0.000000 0.000000 0.000000 6.224221 1.772719 -1.358083 8.898401 -4.958054 2.134184 1.851847 -1.229367 0.910454 17.571989 -11.141460 12.884207 0.244287 0.702470 9.921713 -0.000000 0.000000 0.000000 -2.457528 -12.090922 -13.151478 -5.929743 -13.911358 -57.361076 10.329338 -28.836527 5.244837 -11.816450 -0.964550 12.053330 -14.159896 14.282638 -10.263546 -27.796983 34.185732 44.261036 111.340147 56.022904 -138.683607 -18.725006 7.107459 6.728635 
45.817900 90.292567 -86.726403 -7.956198 -37.225777 -7.437709 6.819368 1.122120 0.860170 9.035729 -6.122515 -0.320114 -11.569368 8.254730 4.140416 -0.000000 0.000000 0.000000 -6.660914 -2.487591 3.817500 6.701858 -5.030869 0.851087 2.268377 -9.761220 4.524321 -0.000000 0.000000 0.000000 6.959251 1.699011 -2.188615 8.513895 -5.132745 1.957725 2.138538 -1.481694 1.046239 17.183895 -9.073972 11.684350 -0.520592 2.257921 9.568761 -0.000000 0.000000 0.000000 -2.389991 -12.279568 -12.826919 -6.239538 -13.964970 -57.147789 10.215553 -29.120188 5.185044 -11.950833 -0.952541 11.820023 -13.633134 13.092400 -9.913026 -26.370637 32.189257 43.290963 110.863685 56.047970 -139.228503 -18.700610 7.208140 6.569957 
46.831098 90.309864 -87.515402 -7.978614 -37.859256 -7.632509 6.028030 1.366542 0.742519 8.775448 -5.808564 -0.453489 -11.117240 8.278958 4.517714 -0.000000 0.000000 0.000000 -8.747998 -2.679461 3.540552 8.776911 -4.943449 0.929622 1.857447 -9.307681 5.312970 -0.000000 0.000000 0.000000 7.619008 1.606709 -2.633130 8.246032 -5.126496 1.786004 2.368134 -1.586820 1.041261 16.636085 -6.739769 10.257521 -1.248426 3.929770 8.801576 -0.000000 0.000000 0.000000 -2.287427 -12.356181 -12.872220 -6.037213 -13.587659 -56.725152 10.469243 -28.798706 4.991401 -11.390099 -0.739397 11.820603 -13.000616 11.834941 -9.222867 -24.837832 29.730075 41.600375 110.706947 55.734784 -140.294274 -18.058489 7.233211 6.526638 
47.760800 90.316063 -88.242698 -7.956895 -38.732710 -7.800573 5.100168 1.381007 0.616498 8.820210 -5.490241 -0.635397 -10.782285 8.702940 4.917228 -0.000000 0.000000 0.000000 -11.276001 -2.489163 3.149945 12.009652 -4.699500 1.177858 0.341899 -8.944829 6.348429 -0.000000 0.000000 0.000000 8.068910 1.527613 -3.007305 8.151825 -4.982466 1.721265 2.547676 -1.644743 0.855110 15.890339 -4.151849 8.967614 -1.775533 5.362455 7.679191 -0.000000 0.000000 0.000000 -2.071072 -12.131017 -13.362850 -5.469506 -13.067458 -55.937749 10.769894 -27.943214 4.610742 -10.484474 -0.497995 11.626627 -12.373760 10.318835 -7.975740 -23.291963 27.290370 39.610190 110.809097 55.347263 -141.795575 -18.377289 7.385611 6.879946 
48.531100 90.367067 -88.861698 -8.106435 -39.582216 -8.170702 4.362233 1.368481 0.627179 9.010036 -5.238356 -0.756435 -10.382225 9.266732 5.236652 -0.000000 0.000000 0.000000 -13.645026 -2.080734 2.913465 16.479789 -4.321349 1.661849 -1.127751 -9.267641 6.697019 -0.000000 0.000000 0.000000 8.418383 1.337181 -3.168472 8.232297 -4.786356 1.703956 2.702769 -1.715422 0.584235 15.153392 -1.966220 7.760683 -2.198150 6.655777 6.603074 -0.000000 0.000000 0.000000 -1.622093 -11.704237 -14.173369 -4.540294 -12.066212 -54.918175 11.079624 -26.956660 4.161988 -9.800281 -0.080279 11.104222 -11.687890 8.839826 -6.527709 -21.794444 24.768812 37.718583 111.311349 54.925303 -143.823351 -19.508064 7.423843 7.277018 
49.133900 90.498161 -89.386398 -8.470808 -40.284469 -8.809219 4.038595 1.603794 0.837445 8.960655 -5.049815 -0.718368 -9.762781 9.597016 5.290195 -0.000000 0.000000 0.000000 -15.429538 -1.762850 2.967961 21.585944 -4.050154 2.004593 -2.883224 -9.950514 5.743406 -0.000000 0.000000 0.000000 8.787156 1.088479 -3.121643 8.352029 -4.608989 1.693126 2.808504 -1.759623 0.331749 14.667223 -0.489952 6.850097 -2.620538 7.609812 5.977495 -0.000000 0.000000 0.000000 -1.104290 -11.228469 -15.106320 -3.301976 -10.627791 -53.984533 11.252585 -25.638317 3.634098 -9.430238 0.397765 10.437463 -10.998177 7.683420 -5.154610 -20.341871 22.073725 36.156306 111.568129 54.262971 -145.696609 -19.987801 7.432582 7.784877 
49.606097 90.679669 -89.851499 -8.803356 -40.803315 -9.415265 3.879091 1.839199 1.110138 8.708248 -5.001447 -0.633943 -8.976327 9.904774 5.143747 -0.000000 0.000000 0.000000 -16.597170 -1.568135 2.980181 26.526638 -4.195189 2.194591 -4.488480 -10.643689 4.805371 -0.000000 0.000000 0.000000 9.181900 0.845106 -3.036347 8.150366 -4.473669 1.640147 2.957778 -1.818481 0.094335 14.415181 0.130208 6.532237 -2.699861 7.997664 5.771872 -0.000000 0.000000 0.000000 -0.534433 -10.522955 -15.991367 -1.852755 -9.119041 -53.181830 11.194824 -23.974869 2.839613 -9.027044 0.740392 10.048549 -10.633939 6.642832 -4.036196 -18.956877 19.784778 35.251825 111.901836 53.959015 -147.417175 -20.065516 7.255821 8.778501 
49.971500 90.839863 -90.285301 -8.928564 -41.207400 -9.895927 3.666427 2.133675 1.465963 8.347780 -5.050815 -0.547504 -8.279167 10.136277 4.971322 -0.000000 0.000000 0.000000 -17.238263 -1.544607 2.896394 30.804644 -4.300510 2.387858 -6.059947 -11.358609 3.718284 -0.000000 0.000000 0.000000 9.279050 0.569451 -2.926065 7.878664 -4.402857 1.592408 3.160929 -1.962391 -0.075170 14.391204 -0.048251 6.844695 -2.667856 7.972800 5.796478 -0.000000 0.000000 0.000000 0.135054 -9.530390 -16.838504 -0.408827 -7.428860 -52.490838 11.150574 -22.292699 2.136700 -8.894541 1.225176 9.215395 -10.598762 5.841650 -3.449541 -18.378799 18.686558 35.061539 112.367391 54.240155 -148.541793 -20.447178 6.543658 10.130398 
50.247002 90.954262 -90.703791 -9.028669 -41.628975 -10.336576 3.434647 2.373185 1.901756 8.081356 -4.970570 -0.573140 -7.691803 10.304495 4.731427 -0.000000 0.000000 0.000000 -17.172411 -1.441127 2.715186 34.094769 -4.203663 2.553938 -7.264940 -11.848568 2.852956 -0.000000 0.000000 0.000000 9.137350 0.311071 -2.907421 7.836754 -4.423792 1.622509 3.195262 -2.168061 -0.174254 14.665422 -0.646525 7.888972 -2.459825 7.494093 5.800265 -0.000000 0.000000 0.000000 1.014253 -8.524371 -17.438007 0.901418 -5.422532 -52.119707 11.057142 -20.809859 1.736830 -9.339153 2.164893 7.580867 -10.909329 5.486775 -3.525743 -19.041863 19.245850 35.610520 112.236501 54.609223 -148.095252 -20.558600 5.852738 10.763157 
50.451195 91.025567 -91.137701 -9.286404 -42.223990 -10.768576 3.419333 2.769623 2.343218 7.711526 -4.683852 -0.753913 -7.193140 10.327254 4.271997 -0.000000 0.000000 0.000000 -16.368756 -1.203747 2.470304 36.305854 -3.961397 2.407404 -8.379493 -11.981519 2.261267 -0.000000 0.000000 0.000000 8.991083 0.171151 -3.029435 7.794642 -4.428152 1.618216 3.207613 -2.201634 -0.242752 15.293981 -1.872368 9.484135 -2.103618 6.111674 6.144251 -0.000000 0.000000 0.000000 1.864731 -7.775807 -17.713864 2.284188 -3.771562 -51.976046 10.891005 -19.284486 1.275084 -10.395325 2.836458 6.711382 -11.511359 5.870148 -4.035750 -20.313295 21.148337 36.606928 112.119802 54.872578 -147.029725 -19.779907 5.690719 9.702286 
50.593799 91.064465 -91.593200 -9.603126 -43.083197 -11.109787 3.522554 3.270120 2.672624 7.247517 -4.140610 -1.002244 -6.754847 10.266699 3.890211 -0.000000 0.000000 0.000000 -15.007200 -0.881818 2.118916 37.405060 -3.654387 1.958621 -9.151425 -12.120876 1.784776 -0.000000 0.000000 0.000000 8.641995 0.252999 -3.209742 7.910751 -4.308528 1.554995 3.189230 -2.007520 -0.309065 16.202230 -3.438606 11.253725 -1.853196 4.427506 6.650765 -0.000000 0.000000 0.000000 2.485453 -7.341200 -17.700268 3.656463 -2.582932 -51.968717 11.260111 -17.589039 0.813317 -10.594779 3.496749 6.265473 -12.236957 7.003130 -4.957009 -21.908848 23.853944 38.076547 112.194527 54.916431 -145.939179 -19.059530 5.679171 8.405362 
50.708097 91.081166 -92.104793 -9.815466 -44.001827 -11.243874 3.525163 3.606871 2.864979 6.813183 -3.364171 -1.229207 -6.305692 10.174005 3.495420 -0.000000 0.000000 0.000000 -13.320754 -0.672322 1.517448 37.560938 -3.504714 1.375886 -9.610275 -12.062175 1.611903 -0.000000 0.000000 0.000000 8.160209 0.543887 -3.387452 8.188425 -4.146960 1.487712 3.090181 -1.702527 -0.393185 17.003547 -4.810272 12.887957 -1.530343 2.716548 7.016272 -0.000000 0.000000 0.000000 2.867549 -7.070630 -17.455969 4.760722 -1.779253 -52.062712 12.109452 -15.884375 0.627604 -10.135982 4.022002 5.293337 -12.998134 8.476412 -5.957423 -23.871333 27.086065 39.768012 112.164498 54.620956 -144.652709 -18.414862 5.712636 7.577610 
50.803298 91.071862 -92.683995 -9.745472 -44.787726 -11.065896 3.132233 3.766136 3.030511 6.691826 -2.622942 -1.487262 -5.903420 10.046096 3.160964 -0.000000 0.000000 0.000000 -11.594113 -0.654093 0.674589 37.072363 -3.259346 0.844009 -9.983553 -11.834080 1.570717 -0.000000 0.000000 0.000000 7.572262 0.962605 -3.494322 8.431724 -3.976969 1.411300 3.022355 -1.355965 -0.493044 17.479819 -5.813748 14.083688 -1.088680 1.253903 7.299850 -0.000000 0.000000 0.000000 3.085814 -6.848467 -16.963817 5.533478 -1.319691 -52.286321 13.072160 -14.533710 0.667542 -10.040735 4.539858 4.434976 -13.581077 9.873702 -6.883101 -26.001697 30.281426 41.495481 111.933519 54.244203 -143.216195 -17.896759 6.194245 6.542806 
50.867599 91.044468 -93.328297 -9.490464 -45.292467 -10.662746 2.445476 3.941608 3.145365 6.825357 -2.011190 -1.593701 -5.497189 9.658923 2.896772 -0.000000 0.000000 0.000000 -9.829056 -0.980269 -0.274859 36.125552 -3.061319 0.267627 -10.521404 -11.446258 1.567474 -0.000000 0.000000 0.000000 7.010409 1.550284 -3.477060 8.608767 -3.817934 1.228322 3.067245 -0.909807 -0.615448 17.438144 -6.333703 14.795367 -0.865377 0.193805 7.556711 -0.000000 0.000000 0.000000 3.036787 -6.809497 -16.280532 5.857350 -0.989210 -52.444946 13.624443 -13.677626 0.746589 -9.760933 4.908371 4.092199 -13.856478 11.044871 -7.791479 -27.719821 32.141217 43.220114 111.451481 53.459840 -142.335117 -16.833978 6.794775 5.841520 
50.903702 91.012567 -94.036001 -9.019068 -45.373782 -10.045586 1.533355 4.070211 3.281743 7.102561 -1.491443 -1.689675 -5.072078 9.112540 2.591196 -0.000000 0.000000 0.000000 -7.933042 -1.467614 -1.257380 34.513928 -2.939470 -0.194920 -10.738446 -11.096183 1.740315 -0.000000 0.000000 0.000000 6.532615 2.201721 -3.467761 8.700676 -3.742691 1.121547 3.073165 -0.508865 -0.705782 17.063584 -6.569098 14.962181 -0.726459 -0.582656 7.685320 -0.000000 0.000000 0.000000 2.817494 -6.705378 -15.816872 5.753599 -0.720810 -52.256433 13.718929 -13.473540 0.904263 -9.192730 5.243038 3.785463 -14.005008 11.530134 -7.932506 -28.667690 32.894027 44.195510 111.387326 52.825319 -142.288194 -15.862892 6.747661 5.884987 
50.853699 91.017962 -94.747096 -9.205824 -44.774540 -10.256790 0.548338 6.576703 4.234885 7.767222 -4.196482 -1.878906 -4.637644 8.356845 2.884827 -0.000000 0.000000 0.000000 -4.744499 -3.468919 -1.774729 31.242364 -0.694647 -0.869208 -10.746330 -11.520258 0.207995 -0.000000 0.000000 0.000000 7.323916 2.586846 -3.054565 7.471758 -3.633998 1.187030 3.617424 -0.753308 -0.612521 16.522048 -7.182819 14.208536 -0.676430 -0.508330 7.344700 -0.000000 0.000000 0.000000 2.805986 -5.384921 -16.566213 5.407890 0.061476 -50.427715 19.224773 -15.020594 1.839259 -16.696999 5.869974 3.846332 -13.864425 10.056571 -5.937832 -30.316186 34.530238 44.054087 112.851232 53.369270 -141.918699 -16.069440 6.482847 4.568787 
50.835097 90.955865 -95.601797 -8.449751 -43.969869 -9.345250 -0.553627 6.273633 4.408107 7.775017 -4.465176 -1.926821 -3.985644 7.991256 2.661898 -0.000000 0.000000 0.000000 -2.617039 -3.892514 -2.463030 28.379990 -0.553805 -0.928668 -10.883285 -11.353001 0.352119 -0.000000 0.000000 0.000000 7.004387 3.082113 -3.115814 7.294472 -3.797589 1.230740 3.697017 -0.705211 -0.573460 15.859588 -6.880448 13.365033 -1.119071 -0.842228 7.103487 -0.000000 0.000000 0.000000 2.590338 -5.132681 -16.493698 4.693051 -0.010838 -49.812156 18.824701 -16.038015 1.905859 -17.454896 5.898890 3.649529 -13.393906 9.201715 -4.951033 -29.398343 33.746585 44.130918 113.422981 53.538597 -142.630715 -16.491242 6.426015 3.847389 
50.773299 90.887260 -96.535999 -7.665711 -43.071625 -8.361904 -1.602203 5.787203 4.543248 7.638910 -4.470055 -1.966696 -3.281079 7.502975 2.306697 -0.000000 0.000000 0.000000 -0.413839 -3.879994 -2.899952 24.916347 -0.479166 -0.910934 -10.805847 -11.065197 0.765904 -0.000000 0.000000 0.000000 6.595221 3.474873 -3.182523 7.268718 -4.079492 1.293145 3.625559 -0.669545 -0.589007 15.246595 -6.168584 12.279021 -1.686103 -1.187432 6.805297 -0.000000 0.000000 0.000000 2.449746 -5.094597 -16.583244 4.162294 -0.351413 -49.066955 18.501689 -17.633438 1.973435 -17.096191 5.540662 3.634166 -12.688923 8.313465 -3.696516 -27.406238 32.197489 44.327188 113.843158 53.599636 -143.056061 -16.946789 6.482707 2.133755 
50.654697 90.800363 -97.571498 -7.050144 -42.375738 -7.430212 -2.394072 5.375180 4.643113 7.196657 -4.375686 -2.058426 -2.462022 7.083071 1.948815 -0.000000 0.000000 0.000000 1.730368 -3.565452 -3.170535 21.176540 -0.049508 -0.896396 -10.270588 -10.554315 1.529875 -0.000000 0.000000 0.000000 6.230057 3.795603 -3.233103 7.237813 -4.325683 1.244480 3.477052 -0.618293 -0.660695 14.812790 -5.403043 11.039375 -2.203848 -1.511499 6.571044 -0.000000 0.000000 0.000000 2.426380 -5.251872 -16.692203 3.793486 -0.834141 -48.350527 18.184436 -19.779420 2.088216 -16.755613 5.232751 4.016218 -11.651604 7.635875 -2.325844 -24.579711 30.130580 44.940862 114.562711 54.059114 -143.453030 -18.443956 6.648600 -0.298857 
50.478798 90.677863 -98.719496 -6.611880 -42.095384 -6.473905 -2.814873 4.960843 4.634598 6.311773 -4.005341 -2.247252 -1.553577 6.844440 1.671693 -0.000000 0.000000 0.000000 3.489827 -3.318974 -3.476601 17.606498 0.723974 -0.977759 -8.245935 -9.542315 2.887684 -0.000000 0.000000 0.000000 5.816250 4.142531 -3.437489 7.374076 -4.469834 1.222769 3.262255 -0.560254 -0.732485 14.465799 -4.579332 9.646072 -2.750931 -1.873255 6.302047 -0.000000 0.000000 0.000000 2.407322 -5.403015 -16.923396 3.777785 -1.749058 -47.536633 18.024061 -22.670492 2.295324 -15.830114 4.832200 4.948350 -10.473344 7.021671 -0.523471 -21.363091 28.457047 46.016188 115.272818 55.177978 -143.228811 -20.555617 6.813534 -2.198846 
50.268698 90.525866 -99.997902 -6.504081 -42.130200 -5.744204 -2.951865 4.689353 4.755394 5.299019 -3.746935 -2.519838 -0.664561 6.796228 1.358445 -0.000000 0.000000 0.000000 4.853895 -2.967565 -3.732353 14.686115 1.414840 -0.725497 -9.441068 -9.111509 2.954181 -0.000000 0.000000 0.000000 5.670440 4.412763 -3.538248 7.588238 -4.494414 1.175914 2.904169 -0.381880 -0.847594 13.940237 -3.809167 8.140887 -2.957320 -2.326089 6.026193 -0.000000 0.000000 0.000000 2.392788 -5.735059 -17.432754 3.871884 -2.490790 -46.391582 18.400190 -26.560034 2.843794 -13.595582 4.308671 6.204559 -9.167385 6.897964 1.670379 -17.685840 26.486231 47.222594 115.507229 56.477433 -141.870708 -21.042500 7.174927 -3.957547 
50.063699 90.373766 -101.408994 -6.611560 -42.525669 -5.235828 -3.001905 4.403700 4.952974 4.383145 -3.310199 -2.691484 0.237573 6.958706 0.990381 -0.000000 0.000000 0.000000 5.431911 -2.965286 -3.950341 12.666410 1.420075 -0.048630 -10.034402 -8.858489 2.646923 -0.000000 0.000000 0.000000 5.758758 4.616311 -3.448032 7.691879 -4.326041 1.153314 2.632819 -0.084191 -0.959796 13.327362 -2.918301 6.463074 -3.067792 -3.010568 5.573674 -0.000000 0.000000 0.000000 2.236473 -5.906256 -18.004125 4.007691 -3.772533 -45.171446 19.169201 -31.072189 3.726352 -11.998424 3.705306 7.746348 -7.680920 6.836046 4.401058 -13.856487 24.985195 48.039234 114.213891 58.390733 -137.978415 -20.210270 7.794604 -7.200060 
49.927199 90.274364 -102.903998 -6.972048 -43.116894 -4.992534 -3.184050 4.108547 5.092332 4.008206 -2.831198 -2.541522 1.091768 7.270571 0.609173 -0.000000 0.000000 0.000000 5.425858 -3.214834 -3.911021 11.678046 1.127453 0.257828 -10.380307 -8.218667 2.256398 -0.000000 0.000000 0.000000 6.289409 4.681875 -3.074536 7.467247 -3.988847 1.063832 2.377396 0.294190 -1.021987 12.912686 -1.975514 4.580095 -3.134156 -3.580821 4.933606 -0.000000 0.000000 0.000000 1.926005 -5.853946 -18.236675 3.900287 -5.473344 -44.394820 20.957672 -35.822955 5.641303 -10.691917 2.813914 8.443606 -6.028461 6.903776 6.918814 -10.013395 23.564942 48.990500 109.730031 61.233247 -130.064372 -18.635465 8.522229 -10.934761 
49.915197 90.264261 -104.420996 -7.482736 -43.511120 -4.987859 -3.968318 3.627529 5.199093 4.798954 -2.626803 -2.066756 1.795451 7.752835 0.111065 -0.000000 0.000000 0.000000 4.845443 -3.482081 -3.761843 11.838051 1.191881 0.349579 -10.566737 -7.546744 1.984388 -0.000000 0.000000 0.000000 7.225814 4.590784 -2.289908 6.938407 -3.682964 0.895927 2.298993 0.647525 -1.082477 12.509894 -1.206627 2.609091 -3.067352 -3.896308 4.359416 -0.000000 0.000000 0.000000 1.342042 -5.757703 -18.223726 3.624680 -7.422764 -44.034366 24.003447 -40.979818 9.308348 -8.741945 2.108443 8.966127 -4.617394 6.993218 9.011293 -6.497143 21.919043 50.403745 100.228963 64.282237 -116.814869 -16.328372 7.218235 -13.128259 
49.998999 90.279162 -105.912006 -7.991650 -43.148470 -5.134010 -5.555679 2.808610 5.411530 6.893268 -2.784416 -1.535070 2.261485 8.131677 -0.475500 -0.000000 0.000000 0.000000 4.041793 -3.356844 -3.495961 12.774740 1.084392 0.818243 -10.694204 -7.573587 1.639456 -0.000000 0.000000 0.000000 8.352010 4.285405 -1.264917 6.248305 -3.578324 0.827465 2.528202 0.835490 -1.056336 11.915705 -0.510479 0.688400 -3.054606 -4.006605 3.901247 -0.000000 0.000000 0.000000 0.773456 -5.861853 -17.768471 2.960111 -9.857682 -43.944364 27.755572 -46.630145 14.312240 -7.952975 1.142374 10.045430 -3.190469 7.019461 10.540946 -3.585055 20.371464 52.043531 84.124381 66.176042 -97.518888 -12.884882 4.286372 -14.898993 
50.115597 90.261161 -107.308996 -8.578498 -42.160226 -5.293935 -7.437510 1.941993 5.559932 9.651431 -3.153089 -1.147770 2.379806 8.263313 -0.886167 -0.000000 0.000000 0.000000 3.652828 -3.462437 -3.019444 13.428602 0.527240 1.120969 -10.860611 -7.879271 1.052759 -0.000000 0.000000 0.000000 9.525820 3.955693 -0.553225 5.609333 -3.624922 0.916699 2.764544 0.835549 -0.751998 11.521267 0.024322 -0.856028 -2.996796 -4.082682 3.625474 -0.000000 0.000000 0.000000 0.353887 -6.221198 -16.822221 1.808918 -12.654604 -43.923637 32.651133 -52.612148 21.015818 -8.675970 0.281200 10.082080 -1.740277 7.151649 11.710261 -1.239901 18.687636 53.228215 63.698091 65.762346 -74.330939 -10.034806 1.954623 -16.335714 
50.249600 90.243965 -108.581996 -9.036767 -40.984397 -5.311914 -9.299667 1.212380 5.616170 12.619388 -2.796634 -1.165474 2.684448 8.650405 -1.248886 -0.000000 0.000000 0.000000 3.377718 -3.833388 -2.593825 13.818198 -0.017502 1.295456 -10.971473 -8.190111 0.470993 -0.000000 0.000000 0.000000 10.380020 3.770730 -0.243662 5.307687 -3.717128 1.257839 2.831335 0.776398 -0.370861 11.329489 0.532282 -1.976704 -2.763155 -4.373132 3.463370 -0.000000 0.000000 0.000000 -0.155924 -6.786152 -15.768429 0.473223 -15.807467 -43.379494 40.021857 -58.509224 30.754995 -10.290518 0.042037 8.487789 -0.374488 7.267769 13.106759 0.943909 16.803402 53.573683 46.000391 62.739795 -54.621422 -8.507971 -0.214149 -16.504816 
50.412399 90.297365 -109.736001 -9.302290 -40.085142 -5.165177 -11.047886 0.518527 5.365517 16.388948 -2.252842 -1.414008 1.335008 9.212759 -0.662354 -0.000000 0.000000 0.000000 2.779412 -4.010135 -2.406728 14.427318 -0.411551 1.521218 -10.873211 -8.507385 0.211316 -0.000000 0.000000 0.000000 10.868833 3.670644 -0.160750 5.096463 -3.685491 1.702909 2.945467 0.739525 -0.107852 11.252772 1.025227 -2.893348 -2.342958 -4.660453 3.316566 -0.000000 0.000000 0.000000 -0.804321 -7.295323 -14.639481 -1.265596 -19.238247 -42.395533 50.060114 -63.138871 43.624642 -11.458676 -0.107345 6.708840 0.794408 7.176310 14.770344 2.838536 15.102672 53.251729 33.703940 57.556235 -40.477961 -6.286607 -1.448990 -15.610383 
50.597501 90.417862 -110.807002 -9.715284 -39.332864 -5.364492 -12.497481 -0.608477 5.066028 21.218942 -0.057034 -1.596017 -0.725966 9.545831 -0.333122 -0.000000 0.000000 0.000000 2.577230 -4.052740 -1.499990 14.697423 -1.977962 0.653269 -11.166876 -7.663417 0.992843 -0.000000 0.000000 0.000000 11.571822 3.497231 -0.034737 4.203697 -3.726012 2.054165 3.757254 0.467779 0.329186 10.868203 1.049739 -3.737417 -1.747088 -4.053264 2.924227 -0.000000 0.000000 0.000000 -2.287071 -7.109511 -12.968818 -3.406370 -22.685527 -42.263459 60.382935 -66.013976 57.240562 -10.659413 -1.429689 4.535796 0.778059 6.561264 15.516594 3.903296 14.415720 53.092628 23.876703 50.098484 -27.392989 -1.507013 -0.639822 -13.892484 
50.810200 90.613270 -111.699998 -10.000797 -38.889968 -5.259799 -13.308490 -0.815102 4.368787 25.374036 1.353638 -1.813575 -2.533842 10.751792 0.723386 -0.000000 0.000000 0.000000 2.407870 -4.427762 -1.281802 14.428670 -2.407954 0.356680 -10.534608 -7.581963 1.238798 -0.000000 0.000000 0.000000 11.797971 3.274192 -0.062391 3.952336 -3.677668 2.227262 3.877634 0.321601 0.577852 11.143566 1.094489 -4.667690 -1.338561 -3.692723 2.877675 -0.000000 0.000000 0.000000 -3.031941 -7.430469 -11.398820 -5.878647 -25.557421 -40.985703 73.799408 -67.020767 74.252159 -11.018048 -2.118864 2.470405 1.289740 6.797629 16.598073 4.858160 13.586852 52.524913 19.811815 41.502915 -20.006227 1.626333 -0.904268 -11.523951 
51.124197 90.801167 -112.502992 -9.733882 -38.664597 -4.774548 -14.251370 -1.018348 3.221284 29.591034 4.364225 -1.409610 -4.476415 10.875459 -0.003366 -0.000000 0.000000 0.000000 1.666870 -4.504889 -1.105931 14.249021 -3.744443 -0.343588 -9.775539 -6.638750 2.085206 -0.000000 0.000000 0.000000 12.178632 2.705014 0.262659 2.323429 -3.798524 1.417704 3.676709 0.642900 1.375457 13.058527 -0.781011 -7.103691 -2.122230 -1.543773 4.784333 -0.000000 0.000000 0.000000 -3.837841 -7.908763 -10.707223 -8.057771 -27.749396 -39.254857 86.239160 -68.122647 91.440732 -8.426557 -2.135222 -3.394321 3.157778 8.057812 16.836104 4.434120 11.319911 52.196429 15.460647 33.543860 -10.632197 5.721683 -2.196571 -12.839305 
51.426399 90.931863 -113.214993 -9.947404 -38.627513 -4.737975 -14.010684 -0.996430 2.478812 32.673417 5.285744 -1.815042 -6.254378 11.911019 0.861877 -0.000000 0.000000 0.000000 1.443849 -4.698755 -1.021933 13.911434 -3.977309 -0.591384 -9.180641 -6.436395 2.460000 -0.000000 0.000000 0.000000 12.241130 2.519781 0.289531 2.061041 -3.590647 1.478532 3.701055 0.723240 1.544263 13.398356 -1.020131 -8.170210 -1.956191 -1.541880 4.710049 -0.000000 0.000000 0.000000 -5.042622 -8.367538 -8.594014 -10.924386 -31.082930 -37.994797 94.303481 -67.158579 103.467867 -8.958766 -2.706583 -4.282869 3.227508 8.473981 16.877472 4.922048 11.070745 52.367444 13.046414 24.029024 -5.317093 6.618405 -3.256919 -8.595225 
51.754898 91.009361 -113.835001 -10.133311 -38.545350 -4.786969 -13.244881 -1.195263 1.728810 34.981200 5.345443 -2.183955 -7.771289 12.674589 1.689626 -0.000000 0.000000 0.000000 1.171125 -4.879491 -0.938685 13.738039 -3.924492 -0.683115 -8.728550 -6.540527 2.653897 -0.000000 0.000000 0.000000 12.115524 2.514599 0.243563 2.049095 -3.429083 1.824654 3.672085 0.877253 1.775564 13.625618 -1.294929 -9.423389 -1.646300 -1.670665 4.628914 -0.000000 0.000000 0.000000 -6.479810 -9.283234 -6.256512 -14.133786 -34.187415 -37.314775 98.341090 -66.179123 111.274783 -9.304696 -3.104831 -4.673661 3.236972 8.910368 16.657310 5.991807 10.353670 52.831613 13.043717 16.538836 -3.219489 8.481097 -5.247732 -1.046821 
52.113301 91.041470 -114.365995 -10.243000 -38.309069 -4.846693 -12.052103 -1.559026 0.917581 36.501831 4.818108 -2.388475 -9.335495 13.369084 2.569610 -0.000000 0.000000 0.000000 0.763246 -4.972140 -0.905844 13.840339 -3.774925 -0.590978 -8.397992 -6.947324 2.784366 -0.000000 0.000000 0.000000 11.797989 2.563406 0.164590 2.142460 -3.375857 2.338412 3.739261 0.981468 2.024162 13.771369 -1.433427 -10.762503 -1.253821 -1.853599 4.533878 -0.000000 0.000000 0.000000 -8.002828 -10.347182 -3.881267 -17.487583 -36.904889 -36.883391 99.837831 -65.345327 116.098982 -8.468752 -3.258386 -4.751052 3.267120 8.944786 16.465502 7.807301 9.365278 52.999025 15.414349 12.591906 -3.030069 11.610086 -6.769203 7.342247 
52.490395 91.044962 -114.809000 -10.410359 -37.925113 -5.041647 -10.341495 -1.743844 0.229663 37.164637 4.064136 -2.309313 -10.654000 13.923486 3.116203 -0.000000 0.000000 0.000000 0.517208 -4.890948 -0.771189 13.952089 -3.803145 -0.495122 -8.175854 -7.400773 2.910478 -0.000000 0.000000 0.000000 11.432083 2.520489 0.149091 2.224433 -3.414499 2.822753 3.813465 0.968150 2.262038 14.210399 -1.300922 -11.980241 -0.979514 -1.999182 4.355960 -0.000000 0.000000 0.000000 -9.339359 -11.315839 -1.621194 -20.639426 -39.212017 -36.464675 100.282841 -64.895909 119.302137 -7.122014 -3.026858 -4.800579 3.472340 8.594204 16.178469 9.917819 8.267610 52.766855 17.933393 11.848262 -3.020085 13.065186 -7.193357 11.952066 
52.902198 91.035068 -115.195000 -10.636736 -37.511501 -5.375477 -8.147833 -1.635774 -0.236945 37.022775 3.043164 -1.963481 -11.867251 14.080456 3.413985 -0.000000 0.000000 0.000000 0.347376 -4.670573 -0.560979 14.091813 -4.030694 -0.376969 -7.929803 -7.809681 3.064430 -0.000000 0.000000 0.000000 11.065831 2.311295 0.219466 2.258431 -3.482614 3.216328 3.884779 0.862385 2.424762 14.956109 -0.825640 -12.942368 -0.775521 -2.091590 4.036902 -0.000000 0.000000 0.000000 -10.315579 -11.979591 0.358047 -23.310909 -41.137567 -35.914043 100.155380 -64.691263 121.352311 -6.364877 -2.895087 -4.755838 3.833909 8.045610 15.956246 11.930243 7.406936 52.264188 19.478737 12.950428 -3.326319 12.012814 -6.646473 11.860437 
53.331602 91.022265 -115.537000 -11.009189 -37.115019 -5.886223 -5.436420 -1.172191 -0.415879 35.973917 1.882715 -1.374795 -12.702347 13.981609 3.308461 -0.000000 0.000000 0.000000 0.416512 -4.513410 -0.250769 14.060028 -4.358259 -0.368012 -7.661298 -7.997059 3.324565 -0.000000 0.000000 0.000000 10.794583 1.968857 0.334830 2.295931 -3.559578 3.483013 3.940981 0.700722 2.532740 15.751796 0.160624 -13.602527 -0.368051 -1.960260 3.602048 -0.000000 0.000000 0.000000 -11.042659 -12.272747 1.884551 -25.346056 -42.650489 -35.209366 100.410567 -64.728140 123.114990 -6.190516 -3.009605 -4.470493 4.175733 7.316799 15.811429 13.247734 6.680715 51.634800 19.391629 14.634415 -3.494272 9.467503 -5.425104 8.297642 
53.792000 91.001260 -115.850997 -11.478225 -36.783592 -6.497487 -2.292825 -0.475176 -0.321745 33.999432 0.617870 -0.756880 -13.679701 13.722184 2.943648 -0.000000 0.000000 0.000000 0.699562 -4.407100 0.004925 13.805454 -4.719380 -0.296984 -7.360148 -7.964995 3.666177 -0.000000 0.000000 0.000000 10.526437 1.590277 0.434892 2.458705 -3.637157 3.654142 3.915664 0.546466 2.595995 16.550690 1.361234 -13.945012 0.088643 -1.736587 3.174239 -0.000000 0.000000 0.000000 -11.471940 -12.380558 2.936627 -26.651181 -43.524797 -34.412906 100.855573 -64.659304 124.544035 -6.054500 -3.962104 -4.236506 4.355219 6.581457 15.745584 13.796407 6.029083 51.085220 18.608889 16.387304 -3.632912 6.912848 -4.033643 4.341583 
54.311097 90.967661 -116.165996 -11.969059 -36.610659 -7.175383 1.064779 0.407823 0.025455 31.089007 -0.869388 -0.276561 -14.253022 13.249415 2.356268 -0.000000 0.000000 0.000000 0.973402 -4.317955 0.262699 13.479862 -5.066092 -0.240744 -7.032306 -7.762352 3.900542 -0.000000 0.000000 0.000000 10.219837 1.170286 0.555617 2.803161 -3.615909 3.717090 3.815326 0.439264 2.637146 17.185686 2.385858 -14.034819 0.353387 -1.648844 2.864985 -0.000000 0.000000 0.000000 -11.646119 -12.267037 3.651555 -27.305222 -43.655538 -33.607994 101.961297 -64.276904 126.517636 -6.191409 -4.513234 -5.242185 4.378777 6.022278 15.615591 13.654167 5.697525 50.814848 18.063023 18.030375 -3.877993 5.048425 -3.178196 1.591239 
54.926997 90.921062 -116.509998 -12.332837 -36.536326 -7.807186 4.118548 1.261547 0.427731 27.681196 -2.600749 0.196592 -14.220026 12.670603 1.398011 -0.000000 0.000000 0.000000 1.033901 -4.146262 0.544171 13.169670 -5.276827 -0.251810 -6.656718 -7.622512 4.051764 -0.000000 0.000000 0.000000 9.935355 0.716677 0.671121 3.139263 -3.523369 3.706799 3.579970 0.394858 2.654368 17.691362 2.808645 -13.864255 0.569122 -1.813819 2.766229 -0.000000 0.000000 0.000000 -11.581894 -11.984041 3.935657 -27.021586 -42.957647 -32.307492 103.997048 -63.762952 129.243503 -6.617571 -4.938823 -6.709414 4.227159 5.814106 15.431655 13.183437 5.597919 50.947451 17.486255 19.562683 -4.311766 4.056228 -3.216287 0.491550 
55.682600 90.850163 -116.898000 -12.378094 -36.418087 -8.228708 6.536704 1.766621 0.770708 23.953726 -4.782500 0.546667 -13.666633 11.893178 0.574831 -0.000000 0.000000 0.000000 0.705220 -3.848578 0.670532 12.910689 -5.470058 -0.082091 -6.160021 -7.622969 4.063599 -0.000000 0.000000 0.000000 9.562129 0.241348 0.765306 3.459826 -3.405407 3.709860 3.276152 0.343868 2.604538 18.009662 2.432688 -13.420900 0.812266 -2.522586 2.790785 -0.000000 0.000000 0.000000 -11.196775 -11.427698 3.875042 -25.875826 -41.595252 -30.376471 106.095021 -63.141253 132.226387 -6.819578 -5.556294 -7.622974 3.913715 5.859236 15.288354 12.660979 5.779715 51.298505 17.000954 21.164318 -4.951324 3.466607 -3.465408 0.258282 
56.575000 90.747964 -117.332995 -12.198593 -36.317942 -8.563286 8.449264 2.299968 1.283285 19.299953 -6.563833 0.360100 -14.422045 11.298343 0.884883 -0.000000 0.000000 0.000000 -0.064253 -3.560416 0.792350 12.898598 -5.703635 0.051248 -5.670340 -7.603995 4.115190 -0.000000 0.000000 0.000000 9.217549 -0.241336 0.970309 3.707461 -3.209169 3.626850 2.976717 0.308019 2.552870 18.204073 1.344509 -12.746791 0.838782 -3.642035 2.907448 -0.000000 0.000000 0.000000 -10.524978 -10.661330 3.331657 -24.333774 -39.348646 -27.636171 108.706142 -62.351287 136.205597 -6.217085 -5.526737 -8.557594 3.730974 6.162451 15.059888 12.074962 6.047768 51.866678 16.736092 23.180805 -5.912798 2.343034 -3.522023 -0.167436 
57.578796 90.685165 -117.847991 -11.799809 -36.317294 -8.608373 9.732006 2.465806 1.487529 14.981974 -6.818690 -0.532996 -14.580948 11.592070 1.429428 -0.000000 0.000000 0.000000 -1.265133 -2.932186 0.784036 13.036722 -6.008094 0.150731 -4.951211 -7.858473 4.161623 -0.000000 0.000000 0.000000 8.917397 -0.637773 0.856443 3.974229 -2.921403 3.548157 2.655209 0.226275 2.479228 18.230615 -0.216192 -11.594698 0.873618 -4.966009 3.175992 -0.000000 0.000000 0.000000 -9.675573 -9.516846 2.319634 -22.764861 -36.755246 -24.324558 111.309851 -61.450051 140.825223 -4.977719 -5.419696 -9.183224 3.589679 6.484109 15.187688 11.516862 6.550730 52.252725 16.075351 25.210611 -6.901332 0.638388 -2.849442 -0.913085 
58.659899 90.714860 -118.461001 -11.346504 -36.406713 -8.478961 10.463619 2.334172 1.146637 11.335123 -6.497799 -0.882117 -13.885223 12.006409 2.007508 -0.000000 0.000000 0.000000 -2.807640 -2.001985 0.799614 13.426482 -6.418394 -0.018057 -3.897693 -8.296017 4.348398 -0.000000 0.000000 0.000000 8.998140 -1.028876 0.436986 4.017339 -2.552230 3.433882 2.252123 0.106528 2.468071 18.353155 -1.930405 -10.193628 0.699153 -6.189477 3.650195 -0.000000 0.000000 0.000000 -8.677348 -8.034492 0.972632 -21.546191 -34.105305 -21.110261 113.949411 -60.690555 146.071053 -4.440726 -5.577183 -9.486613 3.389487 6.662342 15.526860 11.040372 7.286658 52.558446 15.142326 26.817917 -7.692065 -1.066679 -1.812162 -2.053204 
59.765899 90.780270 -119.155991 -10.786269 -36.497590 -8.148228 10.258022 1.920492 0.903153 9.117140 -6.428195 -1.217062 -13.076194 12.195807 2.198595 -0.000000 0.000000 0.000000 -4.791306 -1.315036 0.575909 14.306626 -7.029524 -0.122623 -2.772469 -8.306058 4.909746 -0.000000 0.000000 0.000000 9.355359 -1.335499 -0.276814 3.667013 -2.230505 3.282386 2.146274 -0.029240 2.598920 18.274976 -3.151057 -8.757899 0.391688 -7.276308 4.291479 -0.000000 0.000000 0.000000 -7.983378 -6.356608 -0.195653 -21.331161 -31.769098 -19.135683 116.154305 -60.147221 150.931196 -5.108087 -5.913484 -10.057802 3.154802 6.423315 15.822305 10.335246 8.104359 52.967013 14.625243 27.797071 -8.479812 -1.843233 -1.411254 -3.074353 
60.827398 90.828162 -119.872999 -10.415602 -36.638449 -7.862888 9.518340 1.537510 0.867661 8.087549 -6.275490 -1.928463 -12.263496 12.335022 2.168290 -0.000000 0.000000 0.000000 -6.833570 -1.114895 0.130965 15.593211 -7.649501 -0.098512 -1.809026 -7.779478 5.593100 -0.000000 0.000000 0.000000 9.923829 -1.449834 -0.977863 3.088172 -1.953887 2.982689 2.317425 -0.060188 2.671513 18.071009 -3.876881 -7.526096 0.067273 -8.122253 5.096852 -0.000000 0.000000 0.000000 -7.691259 -5.104983 -1.012200 -21.743276 -30.267693 -18.104828 117.260334 -59.946774 154.513387 -5.832943 -5.795505 -10.789574 2.921411 6.084251 16.104782 9.645385 8.720789 53.539352 14.412055 28.280214 -9.129700 -1.806808 -1.831267 -3.526406 
61.831796 90.871364 -120.537996 -10.288606 -36.737508 -7.798744 8.893205 1.700196 0.600172 7.393042 -6.085841 -2.096228 -11.540496 12.279143 2.307655 -0.000000 0.000000 0.000000 -8.536014 -1.484382 -0.263019 16.804148 -8.065584 -0.151870 -1.260629 -6.968909 6.195985 -0.000000 0.000000 0.000000 10.528528 -1.437348 -1.406668 2.661044 -1.699332 2.651007 2.416752 0.001253 2.698191 17.891054 -4.459493 -6.777523 -0.320273 -8.570710 5.914213 -0.000000 0.000000 0.000000 -7.891874 -4.563237 -1.487550 -22.527731 -29.693438 -18.096146 117.061670 -59.748902 156.042844 -5.478084 -5.219410 -10.717541 2.770558 5.967475 16.305243 9.178400 8.785033 53.891077 14.516331 28.565349 -9.310664 -1.741271 -2.222415 -3.142364 
62.756401 90.911466 -121.165001 -10.270700 -36.661886 -7.911714 8.262817 1.526968 0.371805 7.078437 -5.915173 -1.982505 -11.013933 12.332489 2.533959 -0.000000 0.000000 0.000000 -10.026103 -1.798549 -0.470353 18.402126 -8.503986 -0.129980 -1.356024 -6.730631 6.839811 -0.000000 0.000000 0.000000 10.968042 -1.359599 -1.596078 2.565524 -1.502722 2.497944 2.402607 0.035952 2.625460 17.521121 -4.807543 -6.496982 -0.291281 -8.845996 6.538201 -0.000000 0.000000 0.000000 -8.356316 -4.658489 -1.688544 -23.524665 -30.155918 -18.943867 115.783757 -59.560053 155.732742 -4.578358 -4.857251 -10.240285 2.663058 6.134909 16.515513 9.088076 8.759175 53.858956 15.013898 28.620600 -9.255993 -1.590514 -2.487374 -2.189849 
63.589400 90.984261 -121.772003 -10.283203 -36.421112 -8.066753 7.358740 0.898628 0.386966 7.403447 -5.858634 -2.134487 -10.519034 12.633715 2.773648 -0.000000 0.000000 0.000000 -11.729335 -1.845452 -0.584359 21.615072 -8.941253 0.288193 -2.254003 -7.049781 6.571080 -0.000000 0.000000 0.000000 11.260214 -1.394558 -1.723802 2.560277 -1.408106 2.534899 2.457290 -0.055384 2.546985 16.962741 -4.632192 -6.679554 0.041953 -8.803184 6.588879 -0.000000 0.000000 0.000000 -8.769376 -5.169186 -1.690884 -24.444921 -31.074328 -20.183200 114.560857 -59.531238 154.859531 -4.576214 -4.749374 -9.986444 2.570422 6.479648 16.715027 9.135919 9.049560 53.544885 16.099158 28.286487 -9.303013 -1.034643 -2.671268 -0.869154 
64.319998 91.090763 -122.343004 -10.505152 -36.231721 -8.427268 6.580022 0.607919 0.410717 7.938379 -5.821141 -2.031038 -10.046050 12.765032 2.887457 -0.000000 0.000000 0.000000 -13.446676 -1.768974 -0.555068 26.233581 -9.383337 0.896266 -3.285642 -7.365939 6.078256 -0.000000 0.000000 0.000000 11.661707 -1.624742 -1.704512 2.413931 -1.374763 2.628537 2.578118 -0.136060 2.531687 16.436694 -3.928237 -7.409962 0.242584 -8.330337 6.129489 -0.000000 0.000000 0.000000 -9.053810 -5.918935 -1.264915 -24.981843 -31.999878 -21.751152 113.899314 -59.739558 153.793693 -5.264281 -4.515162 -9.775000 2.373337 6.809875 16.563458 9.179552 9.449003 53.490495 17.255006 27.775479 -9.509346 -0.014574 -2.897675 0.880798 
64.929396 91.231263 -122.889996 -10.919603 -36.142915 -8.976984 6.312405 0.779121 0.519607 7.971576 -5.763383 -1.760410 -9.378022 12.593201 2.799176 -0.000000 0.000000 0.000000 -14.815672 -1.583629 -0.271523 31.257537 -9.546749 1.371103 -4.456736 -7.356123 5.481118 -0.000000 0.000000 0.000000 12.067086 -1.947931 -1.621713 2.338202 -1.418450 2.772168 2.666700 -0.189316 2.543387 16.033953 -2.576672 -8.491755 0.337228 -7.608265 5.375628 -0.000000 0.000000 0.000000 -9.425496 -6.879243 -0.526492 -25.182046 -32.988045 -23.186331 113.185029 -60.002296 151.801403 -5.244493 -4.365492 -9.967380 2.140149 7.102092 16.370072 9.137556 9.671321 53.507086 17.981686 27.356767 -9.661433 1.147860 -2.835906 2.486881 
65.450102 91.356069 -123.443997 -11.150847 -36.052187 -9.355852 5.941469 0.615856 0.658226 7.943314 -5.740237 -1.615554 -8.724222 12.645685 2.846832 -0.000000 0.000000 0.000000 -15.937801 -1.156089 0.079955 35.973191 -9.373444 1.779312 -5.518625 -7.360738 4.873242 -0.000000 0.000000 0.000000 12.156206 -2.191916 -1.675209 2.320394 -1.587907 3.017834 2.772243 -0.258623 2.509193 15.899352 -0.747315 -9.615973 0.265106 -6.882243 4.599032 -0.000000 0.000000 0.000000 -9.900333 -7.988273 0.499750 -25.250366 -34.483674 -24.514434 112.062399 -60.509001 148.667877 -4.613352 -4.162553 -10.460178 1.958644 7.219230 16.273870 9.072460 9.926615 53.516008 17.668703 27.053478 -9.451450 0.992882 -2.796821 2.608242 
65.892798 91.453767 -123.994994 -11.324315 -35.924807 -9.591427 5.607641 0.206600 0.723267 7.861770 -5.781424 -1.515247 -8.033263 12.899487 2.922111 -0.000000 0.000000 0.000000 -16.510914 -0.813658 0.320606 39.824721 -8.938161 2.029258 -6.213010 -7.425470 4.401710 -0.000000 0.000000 0.000000 12.076589 -2.293003 -1.855656 2.421230 -1.875831 3.324672 2.832441 -0.357110 2.451735 15.977207 1.274385 -10.775382 0.161839 -5.993941 3.781804 -0.000000 0.000000 0.000000 -10.340771 -9.220662 1.647421 -25.292267 -36.201624 -25.732256 110.617214 -61.185956 144.792264 -4.365071 -3.804914 -10.477137 1.757651 7.199011 16.136882 9.059385 10.254608 53.703855 16.961293 26.798051 -9.312236 0.381915 -2.802162 2.014015 
66.257203 91.520268 -124.538004 -11.537687 -35.843789 -9.785675 5.353707 -0.143161 0.796062 7.780197 -5.786232 -1.476770 -7.444959 13.061305 2.914346 -0.000000 0.000000 0.000000 -16.283663 -0.675599 0.444617 42.406889 -8.775288 2.102374 -6.921615 -7.602234 4.137608 -0.000000 0.000000 0.000000 11.974986 -2.229820 -2.099268 2.583303 -2.217795 3.600204 2.923102 -0.406811 2.388098 15.953825 3.295659 -11.687103 0.346784 -5.361052 3.106420 -0.000000 0.000000 0.000000 -10.763587 -10.444546 2.820419 -25.374317 -37.865036 -26.812348 108.908320 -61.619712 140.800283 -3.726230 -3.626046 -10.470538 1.553461 7.134826 16.033644 9.076358 10.459904 53.962178 16.423983 26.660511 -9.434807 -0.098544 -2.763864 1.349475 
66.559798 91.551661 -125.085998 -11.706618 -35.785953 -9.842494 5.087855 -0.478574 0.801673 7.716193 -5.631559 -1.419018 -6.990149 13.047051 2.774109 -0.000000 0.000000 0.000000 -15.368532 -0.636605 0.422685 43.787906 -8.784330 1.894288 -7.926993 -7.829523 3.911876 -0.000000 0.000000 0.000000 11.819980 -2.055351 -2.399164 2.748486 -2.544391 3.789261 3.002127 -0.424871 2.353022 15.952516 4.982286 -12.303372 0.444423 -4.860721 2.579824 -0.000000 0.000000 0.000000 -10.952501 -11.413323 3.828373 -25.606760 -39.176756 -27.813356 107.605829 -62.055522 137.589798 -4.013671 -4.654884 -10.375168 1.391263 7.070265 15.809728 9.051058 10.681257 54.345138 15.937257 26.348071 -9.362358 -0.367567 -2.493498 0.690738 
66.810596 91.551363 -125.662005 -11.713561 -35.759927 -9.749123 4.661579 -0.680549 0.895685 7.692105 -5.349878 -1.563987 -6.529784 12.893916 2.497852 -0.000000 0.000000 0.000000 -14.022320 -0.703008 0.290354 44.089697 -8.727544 1.517655 -8.609046 -8.209790 3.607317 -0.000000 0.000000 0.000000 11.566995 -1.841153 -2.607088 2.890263 -2.804202 3.878709 3.063015 -0.411157 2.295124 15.793675 5.939509 -12.680658 0.599283 -4.528110 2.342475 -0.000000 0.000000 0.000000 -10.967711 -11.916054 4.486029 -25.619350 -39.835005 -28.273708 107.096112 -62.264470 135.926544 -5.134705 -5.441633 -10.368411 1.278511 7.014355 15.653282 9.099231 10.891596 54.629168 15.721209 26.121119 -9.327107 -0.608234 -2.390700 0.585066 
67.012703 91.535664 -126.286995 -11.598250 -35.849574 -9.514850 4.037792 -0.833995 0.945493 7.766550 -5.097905 -1.702464 -6.063271 12.780633 2.260319 -0.000000 0.000000 0.000000 -12.351839 -0.864991 0.003965 43.538620 -8.663899 1.093166 -9.429738 -8.506780 3.384848 -0.000000 0.000000 0.000000 11.321640 -1.572540 -2.706659 2.916019 -2.932808 3.816288 3.077269 -0.329283 2.189473 15.514251 6.123872 -12.664804 0.880015 -4.556871 2.290736 -0.000000 0.000000 0.000000 -10.895483 -11.842859 4.549320 -25.223931 -39.752363 -27.925035 107.286176 -61.982634 135.904020 -5.153682 -5.762391 -10.446882 1.195468 6.953280 15.695845 9.163619 10.824561 54.751523 15.625601 26.014145 -9.191324 -0.642925 -2.282870 1.010120 
67.155099 91.503060 -126.959002 -11.452972 -36.081561 -9.217372 3.483686 -0.841429 0.940195 7.643731 -4.797104 -1.761270 -5.609545 12.670316 1.972476 -0.000000 0.000000 0.000000 -10.404814 -1.199829 -0.475301 42.363579 -8.429276 0.722590 -10.425770 -8.419652 3.350337 -0.000000 0.000000 0.000000 11.062538 -1.215645 -2.711264 2.973212 -2.934351 3.644458 2.964526 -0.165728 2.077079 15.341930 5.596175 -12.297838 0.949100 -4.960421 2.456183 -0.000000 0.000000 0.000000 -10.574681 -11.279929 4.049016 -24.375396 -38.632339 -26.786869 108.212516 -61.611352 137.515258 -5.242344 -6.471739 -10.217466 1.265153 7.004171 15.869601 9.225506 10.463414 54.778335 15.600606 26.073780 -9.128918 -0.569645 -2.219094 1.435331 
67.239898 91.451561 -127.693999 -11.266613 -36.472245 -8.866306 2.875430 -0.713243 1.035527 7.553706 -4.375301 -1.960528 -5.167675 12.491068 1.614151 -0.000000 0.000000 0.000000 -8.315478 -1.678247 -1.043222 40.714027 -8.118212 0.409975 -11.096865 -8.144038 3.518472 -0.000000 0.000000 0.000000 10.758349 -0.799742 -2.653732 3.122525 -2.801484 3.393983 2.872662 0.052633 1.984543 15.054566 4.534301 -11.670387 0.874302 -5.531009 2.793512 -0.000000 0.000000 0.000000 -10.129980 -10.150978 3.010443 -23.356781 -36.618071 -25.233914 109.737848 -61.379600 140.648081 -5.875790 -6.661552 -9.971147 1.395356 7.017247 16.231968 9.252252 10.034172 54.567905 15.620313 26.396948 -9.170626 -0.303512 -2.253660 1.625594 
67.278600 91.389865 -128.514993 -10.966061 -36.986743 -8.393260 2.135764 -0.635666 1.125146 7.418037 -3.854376 -2.174116 -4.641123 12.406393 1.171189 -0.000000 0.000000 0.000000 -6.259158 -2.101676 -1.646327 38.696366 -8.008715 0.217092 -11.402996 -7.742764 3.974479 -0.000000 0.000000 0.000000 10.401422 -0.393888 -2.574843 3.286087 -2.610325 3.073827 2.730963 0.259045 1.913931 14.842124 3.356124 -10.842039 0.814138 -5.889749 3.057560 -0.000000 0.000000 0.000000 -9.406100 -8.713904 1.328454 -22.118557 -33.680641 -23.043986 110.913679 -60.890503 144.377084 -4.886868 -6.915943 -9.067061 1.528594 7.089035 16.729979 9.210802 9.586931 54.225025 15.712277 26.662808 -9.255021 -0.014788 -2.132996 1.743557 
67.284799 91.315562 -129.429984 -10.561321 -37.503718 -7.870131 1.288375 -0.630981 1.261624 7.302942 -3.319830 -2.282353 -4.116803 12.281915 0.706684 -0.000000 0.000000 0.000000 -4.298034 -2.620072 -2.138439 36.403656 -7.819830 -0.037860 -11.527481 -7.021127 4.533698 -0.000000 0.000000 0.000000 10.181588 -0.003315 -2.530575 3.174510 -2.375583 2.721030 2.704288 0.488717 1.991966 14.631619 2.111847 -9.951136 0.562552 -6.122134 3.509351 -0.000000 0.000000 0.000000 -8.993612 -6.863650 -0.386816 -21.601750 -30.705997 -21.743440 111.961736 -60.656627 147.817689 -4.997480 -7.364039 -8.769519 1.704124 6.885752 17.160266 9.020415 9.149367 53.716851 16.046148 27.057037 -9.287412 0.369932 -2.108416 1.889594 
67.267698 91.205668 -130.475008 -9.970094 -37.819696 -7.177747 0.089409 -0.866281 1.431093 7.451834 -2.594341 -2.402887 -3.537770 12.076785 0.176531 -0.000000 0.000000 0.000000 -2.403345 -3.080943 -2.482336 33.532017 -7.687673 -0.227065 -10.845926 -6.047405 5.363017 -0.000000 0.000000 0.000000 9.812198 0.474559 -2.486586 3.213003 -2.148511 2.403683 2.710370 0.749624 1.947676 14.428878 1.005203 -9.116008 0.282714 -6.605057 3.977232 -0.000000 0.000000 0.000000 -8.804548 -5.034205 -1.589690 -21.936337 -28.825982 -21.679111 112.189927 -60.768923 150.341247 -6.139028 -6.915004 -9.811505 1.906764 6.394971 17.485866 8.703441 9.035009 53.398362 16.387462 27.414882 -9.443305 0.361865 -2.115889 1.881108 
67.239702 91.072965 -131.643999 -9.214382 -37.740736 -6.342212 -1.477671 -1.128832 1.600426 7.895977 -1.979476 -2.402124 -2.933809 11.579242 -0.241810 -0.000000 0.000000 0.000000 -0.520862 -3.527073 -2.578586 30.140393 -7.222074 -0.432257 -10.147351 -5.089741 6.352532 -0.000000 0.000000 0.000000 9.329673 1.102091 -2.490855 3.290895 -1.973003 2.181029 2.802218 1.053381 1.939449 14.264102 0.188735 -8.640694 0.245409 -7.052945 4.490726 -0.000000 0.000000 0.000000 -9.100391 -3.911271 -2.153947 -22.674600 -28.439508 -22.852675 111.806740 -60.611679 151.425566 -5.878694 -5.111644 -10.227563 2.157223 5.943004 17.675380 8.472089 8.856475 53.147345 16.667586 27.946770 -9.563975 -0.020189 -2.258273 1.667464 
67.192298 90.909165 -132.951999 -8.511302 -37.223604 -5.401589 -3.019566 -1.438820 1.675106 8.202878 -1.589104 -2.337260 -2.200132 10.943962 -0.686511 -0.000000 0.000000 0.000000 1.543060 -3.768163 -2.521968 25.708856 -6.347719 -0.631336 -12.386958 -3.600153 6.254161 -0.000000 0.000000 0.000000 8.817935 1.906512 -2.629524 3.546813 -1.994119 2.026847 2.852512 1.437803 1.879555 14.366485 0.312995 -8.654334 0.260508 -7.710069 5.010230 -0.000000 0.000000 0.000000 -9.864745 -4.125716 -1.823986 -23.182808 -29.601426 -24.591360 110.916226 -60.322791 150.406282 -4.859637 -4.274569 -8.796155 2.422169 6.012047 17.575691 8.167245 8.533399 53.326362 17.021660 28.181661 -9.587215 -0.641507 -2.307556 1.411160 
67.231697 90.763962 -134.412003 -7.727420 -36.219824 -4.410103 -4.920485 -2.495706 1.531102 8.753578 -1.225172 -2.050821 -1.285555 10.555345 -0.956715 -0.000000 0.000000 0.000000 2.840221 -3.892241 -2.519734 21.675344 -6.140690 0.096366 -13.597104 -3.610868 6.081423 -0.000000 0.000000 0.000000 8.406119 2.596567 -2.613769 3.652834 -2.106985 1.987504 2.988083 1.646768 1.781279 14.382596 0.731260 -9.309564 0.592460 -7.983558 5.047173 -0.000000 0.000000 0.000000 -10.431775 -5.213029 -0.991786 -23.921474 -31.947989 -26.917833 109.780341 -60.057797 148.130113 -4.727091 -4.574910 -8.328368 2.621235 6.448399 17.281024 7.896359 8.949552 53.409381 17.387799 27.748603 -9.379974 -1.140309 -2.139248 1.398292 
67.380798 90.670365 -135.951996 -7.208359 -34.715786 -3.742977 -7.051433 -3.637226 1.338800 9.821542 -1.311061 -1.523945 -0.226344 10.108125 -1.302703 -0.000000 0.000000 0.000000 3.338070 -4.537381 -2.147038 19.060670 -7.065917 0.833361 -14.078059 -3.933966 5.437426 -0.000000 0.000000 0.000000 8.680641 3.052615 -2.218712 3.231888 -2.356915 1.945834 3.207528 1.742946 1.750315 14.300219 1.141283 -10.381879 1.038168 -7.939555 4.890859 -0.000000 0.000000 0.000000 -11.075235 -6.752998 0.135187 -25.099779 -34.961249 -30.293033 108.735011 -59.670731 145.058081 -5.595573 -4.004755 -9.213423 2.585908 7.017372 16.548363 7.374386 9.598171 53.605665 18.132978 26.667139 -8.980118 -1.126558 -2.037886 1.829472 
67.663801 90.604067 -137.524986 -7.030697 -32.990092 -3.367262 -9.346739 -4.546511 1.049455 11.493222 -1.854515 -0.913377 0.681926 9.616811 -1.797884 -0.000000 0.000000 0.000000 3.604231 -5.019977 -1.482948 17.200655 -8.063612 1.105223 -14.250978 -4.441712 4.649662 -0.000000 0.000000 0.000000 9.545978 3.340177 -1.655946 2.725514 -2.793353 2.018040 3.357222 1.787600 1.741250 13.870551 1.375046 -11.334873 1.211354 -7.954401 4.796733 -0.000000 0.000000 0.000000 -11.438862 -8.771785 1.346124 -25.501954 -37.445491 -32.728709 107.241720 -58.968286 141.147257 -5.472901 -4.414142 -7.908612 2.310705 8.066974 15.517061 7.063780 10.132979 53.779531 19.002334 25.783737 -8.941839 -1.290166 -1.935044 2.077090 
67.996496 90.523463 -139.040995 -7.035335 -31.585826 -3.253429 -11.508987 -4.996338 0.904325 13.360569 -2.480939 -0.410769 1.056235 9.084581 -2.216865 -0.000000 0.000000 0.000000 3.413917 -4.914957 -0.898996 16.291453 -8.098265 1.493600 -14.308729 -5.586646 3.457123 -0.000000 0.000000 0.000000 10.412483 3.408955 -0.880316 2.559462 -3.125627 2.154853 3.470564 1.811432 1.645491 12.947136 1.446707 -11.853181 1.072626 -7.851401 4.501211 -0.000000 0.000000 0.000000 -11.496413 -10.415361 2.192943 -25.035778 -38.836324 -33.625986 106.170606 -58.378379 137.817563 -4.270848 -5.690471 -6.077133 1.997875 9.300423 14.465334 6.566468 10.608852 53.721936 19.039078 25.341081 -8.991579 -1.051915 -1.813793 2.176515 
68.330598 90.533066 -140.416002 -7.029880 -30.911674 -3.266734 -13.067819 -5.057182 1.074375 14.619795 -2.387660 -0.204023 0.778092 8.606639 -2.617598 -0.000000 0.000000 0.000000 2.501622 -4.625659 -0.662969 16.507940 -8.296976 2.109181 -14.057533 -6.031249 2.857662 -0.000000 0.000000 0.000000 11.044711 3.308294 -0.143418 2.619632 -3.155718 2.319459 3.399519 1.829467 1.666642 12.168230 1.568627 -11.855546 0.663539 -7.766040 4.016904 -0.000000 0.000000 0.000000 -11.251270 -11.072998 2.024739 -24.218006 -39.045545 -33.923767 106.082933 -58.137790 136.286932 -4.923703 -5.704894 -7.767706 1.977591 10.212202 13.899709 5.801919 11.204578 52.805492 18.918158 25.264932 -9.231333 -1.125497 -1.831686 2.034041 
68.626100 90.666360 -141.643000 -6.979983 -31.123344 -3.046367 -14.032197 -4.710848 1.136105 15.858096 -1.676802 -0.444084 -0.038007 8.747577 -2.512629 -0.000000 0.000000 0.000000 1.279558 -5.036409 -0.802141 16.854691 -8.362346 2.189244 -13.476399 -5.484819 3.077882 -0.000000 0.000000 0.000000 11.535566 3.313347 0.000575 2.481146 -3.065492 2.402829 3.412781 1.846050 1.828951 11.545044 1.603678 -11.240211 0.355928 -7.578704 3.815597 -0.000000 0.000000 0.000000 -10.654346 -10.782840 1.295299 -22.547811 -38.051807 -33.844780 106.750228 -58.433994 135.551845 -6.011582 -6.228516 -7.791362 1.796676 10.582802 13.721468 4.676087 11.716640 51.688382 18.127287 25.241866 -9.233765 -0.805254 -1.765314 1.333768 
68.917799 90.898967 -142.738008 -6.833532 -31.865482 -2.589533 -14.660229 -4.354475 0.841338 17.483770 -1.218965 -0.472087 -0.781212 8.942802 -2.049440 -0.000000 0.000000 0.000000 0.124249 -5.325580 -1.017003 16.721386 -7.996416 1.827699 -12.570088 -5.047737 3.335483 -0.000000 0.000000 0.000000 11.842757 3.344614 -0.191782 2.241066 -2.908213 2.341754 3.408137 1.866548 1.937712 11.179164 1.309256 -10.237671 -0.059004 -7.206970 3.940387 -0.000000 0.000000 0.000000 -9.823260 -9.914229 0.111444 -20.111763 -36.276527 -33.078681 107.612806 -59.202412 134.826465 -6.926516 -6.784436 -7.062166 1.511079 10.585957 13.733035 3.502368 12.147512 50.975021 16.617107 25.485983 -9.533077 -0.385318 -1.895913 0.696687 
69.184601 91.171467 -143.656003 -6.845956 -32.711926 -2.245374 -14.602296 -4.272971 0.358229 19.246956 -1.081004 -0.274166 -1.969597 9.120773 -1.429278 -0.000000 0.000000 0.000000 -0.328553 -5.319413 -1.085025 15.829783 -7.572491 1.312142 -11.497196 -4.808449 3.604071 -0.000000 0.000000 0.000000 12.034349 3.380089 -0.294908 2.166381 -2.784913 2.175446 3.335903 1.914944 1.961818 11.064553 0.791129 -9.277072 -0.567338 -6.814537 4.160466 -0.000000 0.000000 0.000000 -8.794733 -8.910399 -1.231330 -17.437167 -33.971638 -32.546807 108.204884 -60.507733 133.534551 -8.012853 -6.787844 -7.288793 1.293260 10.397410 13.694585 2.318710 12.266207 50.671157 14.383345 26.419508 -9.735332 -0.171927 -2.284537 -0.244570 
69.449794 91.437662 -144.393003 -6.982181 -33.384112 -2.094267 -14.012573 -4.466439 -0.217914 21.007342 -1.180631 0.016590 -3.179160 9.564831 -0.768896 -0.000000 0.000000 0.000000 -0.171873 -5.241456 -1.067493 14.359744 -7.084730 0.936620 -10.321261 -4.810462 3.888168 -0.000000 0.000000 0.000000 11.981136 3.466015 -0.217502 2.331862 -2.745742 2.109986 3.232398 1.922393 1.900105 11.097039 0.028423 -8.446474 -0.932015 -6.506456 4.285976 -0.000000 0.000000 0.000000 -7.632227 -8.101638 -2.702574 -14.577362 -31.740215 -32.615205 106.860573 -62.393820 129.607999 -8.805105 -6.967214 -6.316678 1.193558 10.258887 13.766285 1.622515 12.299584 50.227303 12.111139 27.894916 -9.757612 -0.827594 -2.320550 -1.994747 
69.740701 91.652864 -145.001996 -7.094027 -33.952419 -1.993716 -13.099462 -4.772611 -0.817503 22.669915 -1.426093 0.203490 -4.293779 10.102102 -0.047333 -0.000000 0.000000 0.000000 -0.016556 -5.047470 -1.107364 13.071932 -6.684944 0.762581 -9.269519 -4.925846 4.124661 -0.000000 0.000000 0.000000 11.685184 3.524838 -0.061445 2.600637 -2.722716 2.099604 3.088200 1.848990 1.746569 11.218222 -0.747677 -7.553118 -1.106505 -6.210858 4.208415 -0.000000 0.000000 0.000000 -6.400644 -7.457163 -4.443497 -11.702858 -29.714381 -33.115128 102.557636 -64.431353 122.196676 -8.214346 -7.202171 -4.435362 1.143419 10.224602 13.999812 1.352623 12.502064 49.625750 10.361605 29.292451 -9.604846 -1.898187 -1.822428 -4.361883 
70.043296 91.776967 -145.501995 -7.282766 -34.480578 -2.049961 -11.909767 -4.691716 -1.230023 24.328606 -1.784289 0.279424 -5.546649 10.294565 0.463348 -0.000000 0.000000 0.000000 0.128190 -4.836861 -1.071739 12.086566 -6.279259 0.607871 -8.468010 -5.059622 4.253882 -0.000000 0.000000 0.000000 11.325547 3.477283 0.149915 2.862514 -2.714038 2.090617 2.991678 1.688201 1.644608 11.291567 -1.489707 -6.646219 -1.393092 -5.768596 3.948966 -0.000000 0.000000 0.000000 -5.152432 -6.814189 -6.248328 -9.167383 -27.656502 -34.542505 94.838136 -66.556499 111.139714 -7.407052 -6.927631 -2.612401 1.005868 10.116964 14.128320 1.195347 12.957000 49.195972 9.412483 30.312972 -9.494458 -2.267151 -1.461623 -6.408322 
70.344597 91.821063 -145.927989 -7.549390 -35.023123 -2.343281 -10.304077 -4.199290 -1.313249 25.629000 -2.053106 0.177770 -7.020884 10.513239 0.999088 -0.000000 0.000000 0.000000 0.360658 -4.485592 -0.852148 11.215848 -5.549470 0.517950 -7.887213 -5.509296 4.116007 -0.000000 0.000000 0.000000 10.967088 3.294045 0.453496 3.147066 -2.720836 2.095172 2.984157 1.485164 1.611583 11.101988 -2.280099 -5.808060 -1.772533 -5.068073 3.758785 -0.000000 0.000000 0.000000 -3.869172 -6.286589 -8.049434 -6.940879 -25.388101 -36.875224 82.847191 -68.236533 95.755927 -7.453726 -6.580446 0.151210 0.883459 10.012640 14.129841 1.010508 13.452963 49.118808 9.071536 31.185806 -9.635242 -1.847589 -1.492811 -8.442865 
70.644200 91.802365 -146.294999 -7.924113 -35.631037 -2.921940 -8.300453 -3.190564 -1.012536 26.544482 -2.008247 -0.104602 -8.768422 10.872155 1.561276 -0.000000 0.000000 0.000000 0.593036 -4.127785 -0.485912 10.608411 -4.654362 0.525756 -7.456612 -5.952274 3.843337 -0.000000 0.000000 0.000000 10.767215 2.984659 0.909510 3.237253 -2.707011 2.017391 3.012839 1.250613 1.648708 10.944670 -3.095659 -5.036028 -2.194224 -4.130772 3.693097 -0.000000 0.000000 0.000000 -2.663412 -5.764185 -9.917470 -5.077146 -22.855159 -39.714918 67.162363 -68.691330 76.720277 -8.327296 -5.292609 2.761235 0.947462 9.844188 14.047768 0.790402 13.751373 49.474663 8.620689 32.097296 -9.488218 -1.601335 -1.361070 -11.855257 
70.932198 91.756266 -146.617997 -8.407181 -36.312597 -3.733699 -5.905347 -1.627163 -0.403589 26.913903 -1.696102 -0.360619 -10.241062 10.989660 1.698248 -0.000000 0.000000 0.000000 0.758844 -3.706336 0.073927 10.330401 -4.016824 0.461999 -7.141793 -6.128522 3.603861 -0.000000 0.000000 0.000000 10.784434 2.464281 1.377307 3.299192 -2.686680 1.800747 2.912402 0.877512 1.745677 10.677309 -3.715171 -4.059125 -2.396570 -3.060280 3.604998 -0.000000 0.000000 0.000000 -1.341462 -5.217489 -12.354821 -3.110720 -19.640800 -41.673509 54.672583 -67.018158 61.590909 -6.054790 -3.577916 4.701639 1.144021 9.862057 14.330152 0.661280 13.551814 49.909376 7.789022 32.926779 -8.850372 -2.251949 -0.095676 -15.377462 
71.242696 91.691166 -146.910989 -8.872827 -37.007134 -4.576554 -3.424050 0.070615 0.159378 26.909838 -1.260329 -0.453297 -11.663124 11.005381 1.650305 -0.000000 0.000000 0.000000 0.776048 -3.362556 0.591043 10.276956 -3.601376 0.432388 -6.855245 -6.037452 3.546711 -0.000000 0.000000 0.000000 10.936446 1.736215 1.750028 3.385145 -2.737460 1.541675 2.742841 0.451931 1.712481 10.239179 -4.211238 -2.913156 -2.573058 -2.216787 3.741825 -0.000000 0.000000 0.000000 0.094094 -4.246350 -15.129240 -1.177759 -16.313154 -42.749319 45.541026 -65.182174 50.889942 -4.990380 -3.611531 5.278159 1.265194 9.482009 15.189680 0.803816 13.312548 50.286813 7.122165 33.642975 -8.149328 -2.210433 0.936977 -17.555541 
71.609902 91.615367 -147.169006 -9.162237 -37.644324 -5.418866 -1.102719 1.521901 0.586672 26.496913 -1.595446 -0.242204 -12.784365 11.299410 1.834407 -0.000000 0.000000 0.000000 0.644423 -3.336246 1.161139 10.168059 -2.911311 0.417158 -6.533659 -6.002147 3.371613 -0.000000 0.000000 0.000000 10.905771 0.898041 2.115756 3.506811 -2.803575 1.296611 2.738968 0.026732 1.694163 9.751795 -4.996160 -2.042575 -3.074411 -1.441328 4.217476 -0.000000 0.000000 0.000000 1.512203 -2.731887 -17.797016 0.781588 -13.398267 -43.265607 38.732287 -65.345795 43.372952 -7.945998 -1.419498 5.335513 1.553959 8.635588 16.403408 1.468773 13.131782 50.292518 7.019677 34.339274 -7.343940 -1.525208 1.195717 -19.413227 
72.033203 91.529864 -147.406006 -9.253618 -38.188960 -6.208384 1.009533 2.408633 0.965164 25.606520 -2.234882 -0.050974 -13.375190 11.601693 1.891746 -0.000000 0.000000 0.000000 0.373919 -3.087781 1.798171 9.993489 -2.448624 0.469552 -6.129629 -6.132970 3.201708 -0.000000 0.000000 0.000000 10.643527 0.085648 2.331133 3.705231 -2.773451 1.179061 2.725067 -0.317718 1.648273 9.504876 -5.855396 -1.288872 -3.574025 -1.263346 4.769339 -0.000000 0.000000 0.000000 2.943007 -1.069320 -19.741740 2.794884 -11.318373 -43.378883 36.638011 -66.281850 40.538907 -10.253530 -0.255927 4.665942 1.970281 7.611474 17.692761 2.542910 12.648183 50.227114 6.572430 33.764563 -6.003217 -1.009574 1.596989 -20.076090 
72.532797 91.453362 -147.650993 -9.312968 -38.753432 -6.893448 3.294700 2.855688 1.157257 23.557183 -2.829303 0.005757 -13.391934 11.933332 1.737144 -0.000000 0.000000 0.000000 -0.122061 -2.825093 2.203642 10.087281 -2.278302 0.632929 -5.712752 -6.038740 3.322755 -0.000000 0.000000 0.000000 10.214680 -0.450835 2.197623 4.051392 -2.545183 1.219154 2.701459 -0.485519 1.697524 9.559318 -6.621905 -0.819387 -3.898770 -1.842344 5.211575 -0.000000 0.000000 0.000000 3.971943 0.269842 -20.823062 4.519574 -10.370517 -43.690354 37.954975 -67.372768 41.139099 -11.549384 -0.059388 3.251858 2.482304 6.605711 18.845373 3.900094 11.473833 50.180001 5.675718 32.075212 -4.386701 -0.582916 0.708194 -18.458801 
73.137701 91.381860 -147.925997 -9.398522 -39.184612 -7.567660 5.528098 2.941126 1.270894 20.591141 -3.751944 -0.053007 -13.933843 12.397159 2.301732 -0.000000 0.000000 0.000000 -0.761734 -2.682286 2.571295 10.356039 -1.907749 0.785681 -5.284497 -6.202890 3.450913 -0.000000 0.000000 0.000000 9.768512 -0.770092 1.900394 4.357947 -2.192821 1.332437 2.809283 -0.521774 1.872803 9.780800 -7.612053 -0.708834 -4.045360 -2.614045 5.829130 -0.000000 0.000000 0.000000 4.541079 1.060510 -21.280047 5.812874 -10.681039 -44.211613 39.930889 -68.944722 42.853917 -14.087712 0.749371 2.082009 3.124121 5.808152 19.852920 5.694789 9.972334 49.910807 5.034006 29.831453 -2.787836 0.286780 -1.664685 -15.200265 
73.866600 91.309762 -148.280001 -9.581286 -39.401534 -8.297560 7.794761 2.624743 1.536503 16.013405 -4.976716 -0.527822 -14.280511 13.407871 4.104394 -0.000000 0.000000 0.000000 -1.333124 -2.647357 2.898448 10.550198 -1.390327 1.080020 -4.799607 -6.673765 3.353269 -0.000000 0.000000 0.000000 9.237102 -0.833468 1.274486 5.203607 -1.659255 1.893920 3.224841 -0.664547 1.760663 9.133692 -7.790209 0.187855 -3.268653 -4.740715 5.529058 -0.000000 0.000000 0.000000 4.494672 1.775789 -20.746542 6.388627 -13.200929 -45.010230 44.123046 -69.594405 46.637232 -16.678443 0.785564 3.914264 2.981482 4.562760 20.787368 7.961178 9.395876 49.629200 6.174184 26.472148 -2.383177 0.237393 -3.133145 -8.551507 
74.813497 91.273266 -148.710990 -9.508539 -39.112236 -8.711824 8.842824 2.480249 1.719585 12.701419 -5.609438 -0.924309 -14.178423 14.104630 5.166731 -0.000000 0.000000 0.000000 -2.137504 -2.753557 3.129088 10.705091 -1.637353 1.077224 -4.101235 -6.838655 3.574072 -0.000000 0.000000 0.000000 9.105609 -1.053891 0.847914 5.586751 -1.410639 2.165282 3.276985 -0.911587 1.482146 9.223422 -7.986744 1.015286 -2.536817 -6.858021 5.713154 -0.000000 0.000000 0.000000 4.327804 1.967369 -20.599352 6.347922 -15.340393 -44.928506 51.444707 -70.212898 53.631454 -16.399009 0.355221 4.710586 3.190500 3.754953 21.581890 10.191191 8.628913 49.609010 8.113724 23.283983 -1.462916 0.618217 -4.003363 -3.601396 
75.912297 91.273063 -149.252999 -9.262353 -38.447708 -8.846237 8.719006 2.383512 2.064985 11.001311 -5.940063 -1.358626 -13.654850 13.756623 5.345959 -0.000000 0.000000 0.000000 -3.379898 -2.996789 3.130239 11.280296 -2.311901 1.009620 -3.298968 -6.826443 4.022333 -0.000000 0.000000 0.000000 9.275732 -1.388834 0.256142 5.638821 -1.546688 2.193442 3.258435 -1.243526 1.573608 9.674683 -9.012818 1.240729 -2.038313 -7.648617 6.831021 -0.000000 0.000000 0.000000 4.169339 1.521142 -20.712299 5.739052 -17.284652 -44.809427 59.083622 -70.866479 61.774047 -15.793042 0.221685 4.387612 3.730851 3.369713 22.036640 11.930093 7.464089 49.883580 10.149721 21.037395 -0.728087 2.028979 -4.496932 1.089580 
77.096701 91.310865 -149.886000 -9.053939 -37.713935 -8.831282 7.966440 2.397023 2.526177 10.291846 -6.408377 -2.042132 -12.935705 12.996428 5.120766 -0.000000 0.000000 0.000000 -5.268248 -3.190445 2.832495 12.919684 -3.020208 0.982407 -2.590640 -6.812986 4.606990 -0.000000 0.000000 0.000000 9.686843 -1.766751 -0.551392 5.523945 -1.762235 2.131005 3.434266 -1.640075 1.676478 9.998389 -9.935576 1.576525 -1.424616 -8.461029 8.136676 -0.000000 0.000000 0.000000 3.874369 0.782817 -20.552072 4.685891 -19.419874 -44.871302 67.260475 -71.209906 70.842929 -15.371019 0.356915 4.711449 4.161726 2.945582 22.239170 13.218025 6.390259 50.609949 11.809041 19.400422 -0.630106 3.397999 -4.942595 4.609532 
78.285199 91.402668 -150.525999 -9.055105 -37.303355 -8.805301 7.466816 2.294917 2.634618 9.436755 -6.502530 -2.738014 -12.027664 12.539526 5.120949 -0.000000 0.000000 0.000000 -7.553497 -3.211012 2.263490 15.418201 -3.643674 0.968604 -1.950030 -6.574468 5.503540 -0.000000 0.000000 0.000000 10.360572 -2.098205 -1.353391 5.148148 -1.840047 1.925541 3.593529 -1.955529 1.662320 10.478082 -10.766183 1.804950 -0.775118 -9.303503 9.337215 -0.000000 0.000000 0.000000 3.437815 0.060448 -20.168523 3.554943 -21.608840 -44.926522 74.851969 -71.250519 79.149941 -14.994456 -0.022262 5.576557 4.500935 2.444323 22.194986 14.176202 5.360706 51.559195 12.074721 18.126896 -0.496291 4.005454 -5.363324 6.233931 
79.413497 91.530865 -151.168001 -9.081083 -37.222825 -8.878548 7.065547 2.145826 2.569718 8.501980 -6.469992 -3.136243 -11.032732 12.450405 5.147137 -0.000000 0.000000 0.000000 -9.958771 -3.103112 1.641462 18.230447 -3.996576 0.990647 -1.718017 -6.039578 6.631624 -0.000000 0.000000 0.000000 10.961298 -2.319834 -1.929444 4.749318 -1.746618 1.734828 3.709410 -2.077988 1.534907 10.860850 -11.284349 1.806321 -0.222833 -10.168480 10.143963 -0.000000 0.000000 0.000000 2.843024 -0.580422 -19.615054 2.417429 -23.792538 -44.986722 80.601798 -71.035934 85.145049 -14.594645 -0.487593 6.487790 4.840768 1.988301 22.082864 14.793324 4.383510 52.371227 11.143821 17.097966 -0.255500 3.304597 -5.234175 6.120664 
80.464202 91.703767 -151.813996 -9.004581 -37.122569 -9.042526 6.327330 2.004579 2.614292 8.084130 -6.423325 -3.300744 -10.119302 12.401494 5.102823 -0.000000 0.000000 0.000000 -12.101909 -2.962323 1.123242 21.037902 -4.006112 1.185395 -2.361637 -5.561947 7.689817 -0.000000 0.000000 0.000000 11.437960 -2.416050 -2.189908 4.416463 -1.636348 1.645419 3.773956 -2.102187 1.350594 10.926158 -11.511816 1.627600 0.273677 -11.024075 10.597163 -0.000000 0.000000 0.000000 2.246093 -1.205093 -19.039793 1.308526 -25.654518 -45.156846 84.093308 -70.674857 88.560272 -14.282036 -0.743450 6.649931 5.079697 1.695845 21.899332 15.026023 3.592486 53.007025 9.981683 16.377875 -0.203903 2.103738 -5.365407 6.386253 
81.419295 91.942668 -152.456999 -8.841897 -36.822867 -9.327749 5.342575 1.945086 2.924058 8.037096 -6.440831 -3.333875 -9.104394 12.190171 4.730838 -0.000000 0.000000 0.000000 -13.772721 -2.759074 0.976774 23.893288 -3.605297 1.364875 -3.896593 -5.166762 7.269444 -0.000000 0.000000 0.000000 11.740156 -2.500694 -2.184347 4.228185 -1.565436 1.675835 3.827454 -2.112314 1.285594 10.785916 -11.529579 1.287770 0.513969 -11.661907 10.643403 -0.000000 0.000000 0.000000 1.752199 -1.887397 -18.495781 0.451952 -26.954801 -45.656823 84.654354 -70.286362 88.890786 -14.405777 -0.729978 6.463514 5.139194 1.825166 21.701192 14.800452 3.284671 53.317587 9.323084 15.472963 -0.150361 1.389757 -5.429648 6.427614 
82.275593 92.224467 -153.099000 -8.725807 -36.278405 -9.697707 4.452281 1.924839 3.330605 8.000927 -6.485770 -3.210249 -7.941820 11.815267 4.058702 -0.000000 0.000000 0.000000 -14.702556 -2.546978 0.997335 26.610478 -3.815628 1.514917 -4.803332 -5.633127 6.702942 -0.000000 0.000000 0.000000 12.049509 -2.563353 -2.135082 4.049142 -1.537317 1.808957 3.856841 -2.076335 1.378909 10.622956 -11.515335 0.984537 0.551515 -11.997209 10.557887 -0.000000 0.000000 0.000000 1.474459 -2.482034 -18.020025 -0.223884 -27.714860 -46.420717 81.686571 -69.973553 85.247763 -14.572009 -0.665985 6.218944 4.917337 2.253192 21.506061 14.301207 3.625942 53.431316 9.310443 14.406913 -0.248272 1.433116 -5.548270 6.611470 
83.008695 92.481464 -153.713000 -8.633106 -35.715527 -10.009195 3.806270 2.191321 3.744280 7.644339 -6.598280 -3.090928 -6.728228 11.164830 3.362817 -0.000000 0.000000 0.000000 -15.003273 -2.542290 0.997680 29.255634 -4.225077 1.564510 -5.565201 -6.270815 5.882098 -0.000000 0.000000 0.000000 12.143492 -2.534102 -2.195320 3.955836 -1.514301 1.971270 3.869471 -1.958753 1.551722 10.602004 -11.449197 0.824408 0.554616 -12.211631 10.462291 -0.000000 0.000000 0.000000 1.345683 -2.945390 -17.628751 -0.577345 -27.889999 -47.371994 75.008618 -69.553190 77.304470 -14.561713 -0.464431 6.420518 4.530715 2.906897 21.344010 13.533819 4.478644 53.460917 9.818810 13.517339 -0.449783 2.123181 -5.718612 6.357193 
83.663803 92.653668 -154.341996 -8.453170 -35.084694 -10.108293 2.972642 2.384283 3.998762 7.551793 -6.696078 -3.017372 -5.739455 10.603843 2.875388 -0.000000 0.000000 0.000000 -14.763230 -2.645712 0.906826 31.657906 -4.374530 1.560350 -6.414059 -6.890039 5.067660 -0.000000 0.000000 0.000000 12.054704 -2.304721 -2.343454 3.853357 -1.533507 2.153374 3.870523 -1.778623 1.653401 10.621262 -11.341966 0.845321 0.647993 -12.547694 10.298663 -0.000000 0.000000 0.000000 1.240296 -3.329544 -17.361422 -0.694822 -27.678084 -48.242288 64.557856 -68.576356 64.936652 -14.482400 -0.203471 6.736925 4.045965 3.604572 21.278898 12.545374 5.692250 53.454532 10.210454 12.999871 -0.635055 2.603042 -5.740692 5.324182 
84.263492 92.701268 -154.970002 -8.329867 -34.464758 -10.094227 2.046856 2.463705 4.071269 7.839632 -6.802064 -2.935695 -5.132751 10.095706 2.658226 -0.000000 0.000000 0.000000 -13.839823 -2.801159 0.763847 33.617003 -4.098954 1.428943 -7.353668 -7.177467 4.405349 -0.000000 0.000000 0.000000 11.928910 -1.851306 -2.468157 3.728895 -1.576956 2.297378 3.882332 -1.524862 1.650687 10.574287 -11.218068 0.971086 0.704762 -12.958685 10.027016 -0.000000 0.000000 0.000000 1.017970 -3.615720 -17.292848 -0.716920 -27.130339 -49.078371 51.629016 -66.226623 49.509259 -14.325326 0.092099 7.159574 3.438499 4.233599 21.220161 11.418989 7.118235 53.355148 10.434502 13.157176 -0.698363 2.557476 -5.627941 3.789054 
84.788692 92.639369 -155.630004 -8.313512 -33.829143 -9.952542 1.211945 2.416998 3.945118 8.224265 -6.992544 -2.842202 -4.834731 9.702584 2.601015 -0.000000 0.000000 0.000000 -12.156273 -3.007331 0.604434 34.830399 -3.767011 1.230733 -8.521849 -7.534356 3.782305 -0.000000 0.000000 0.000000 11.807970 -1.199960 -2.727302 3.674556 -1.690732 2.425501 3.896415 -1.239461 1.621643 10.408548 -11.109788 1.197534 0.768515 -13.447254 9.775471 -0.000000 0.000000 0.000000 0.667220 -3.958522 -17.417017 -0.839405 -26.240361 -49.936408 39.154602 -61.593723 34.311263 -13.671274 0.486389 7.939109 2.690978 4.916320 21.249234 10.173745 8.612861 53.090189 10.345754 14.162841 -0.845973 1.875674 -5.499568 2.140633 
85.286999 92.479163 -156.315005 -8.327617 -33.318962 -9.644509 0.436353 2.212091 3.562130 8.625620 -7.109277 -2.789496 -4.829430 9.575848 2.775059 -0.000000 0.000000 0.000000 -9.984471 -3.280021 0.414092 35.276875 -3.565042 0.889529 -9.811007 -8.210410 3.208962 -0.000000 0.000000 0.000000 11.638507 -0.406134 -3.023973 3.591866 -1.860114 2.474229 3.964155 -0.943305 1.553176 10.187903 -11.018036 1.428848 0.846107 -13.664176 9.470505 -0.000000 0.000000 0.000000 0.217826 -4.358566 -17.733432 -1.167255 -25.079675 -50.902991 29.279770 -54.354412 21.759544 -12.315602 0.837453 9.983910 1.771218 5.655972 21.219445 8.829226 10.282718 52.668901 10.370082 15.751895 -0.975016 1.084014 -4.895912 0.125155 
85.753304 92.275065 -157.053995 -8.450280 -32.978808 -9.247632 -0.170724 1.995936 3.050481 8.908145 -7.162069 -2.791991 -4.900057 9.525149 2.926950 -0.000000 0.000000 0.000000 -7.387899 -3.535695 0.260378 34.906628 -3.449805 0.425873 -11.320348 -8.810686 2.428917 -0.000000 0.000000 0.000000 11.514959 0.380316 -3.267993 3.700057 -2.083418 2.338113 3.860972 -0.731754 1.390970 9.970266 -10.735867 1.738095 0.805861 -13.597565 9.062793 -0.000000 0.000000 0.000000 -0.054327 -4.952556 -18.580799 -0.907133 -23.100366 -51.132439 23.466503 -46.711769 14.518697 -9.245377 2.458958 11.847716 0.778950 6.824322 21.306800 7.494541 11.917503 52.175639 10.525459 18.097913 -1.730717 0.188258 -4.311473 -1.953246 
86.183196 92.065066 -157.848001 -8.565926 -32.908839 -8.686169 -0.669303 1.534388 2.394156 9.031752 -6.931410 -2.831602 -5.083752 9.524828 3.047870 -0.000000 0.000000 0.000000 -4.687052 -3.618380 0.121501 33.752000 -3.486010 -0.018081 -12.508536 -9.341901 1.827287 -0.000000 0.000000 0.000000 11.277413 1.143509 -3.618079 3.889164 -2.319857 2.129046 3.791378 -0.507794 1.146295 9.824474 -10.239983 2.204427 0.678266 -13.512717 8.580868 -0.000000 0.000000 0.000000 -0.120791 -5.222201 -19.312821 -0.538205 -20.993214 -51.067574 19.722752 -38.985126 9.983720 -7.177228 3.015716 12.680917 -0.263804 7.883821 21.211689 6.056878 14.114423 51.726582 11.182183 20.754954 -3.065185 -1.066697 -3.932316 -3.979334 
86.584097 91.863865 -158.718002 -8.561134 -33.072610 -8.000578 -1.320428 1.360467 1.769649 9.074831 -6.443077 -2.899736 -5.095021 9.295897 2.955033 -0.000000 0.000000 0.000000 -2.213641 -3.560771 0.112594 32.002866 -3.360438 -0.492166 -13.384112 -9.538092 1.467489 -0.000000 0.000000 0.000000 10.901995 1.906650 -3.978078 3.880374 -2.454359 1.918225 3.863748 -0.154818 0.856794 9.928706 -9.672107 2.670301 0.530166 -13.531665 8.183556 -0.000000 0.000000 0.000000 -0.243316 -5.137148 -19.268229 -0.750621 -19.189865 -51.606793 16.124458 -30.422030 5.729656 -7.346130 3.048767 12.838001 -1.380778 8.255319 20.449591 4.024506 16.919854 52.179949 12.601758 22.689682 -5.136953 -2.196677 -3.278401 -5.412702 
86.920196 91.749263 -159.660006 -8.472459 -33.423495 -7.212624 -1.892940 1.210394 1.229262 8.722741 -5.799645 -3.103324 -4.598685 9.073512 2.691556 -0.000000 0.000000 0.000000 0.019445 -3.454687 0.170734 29.636509 -2.549283 -0.921893 -14.020433 -9.295840 1.444445 -0.000000 0.000000 0.000000 10.410163 2.781516 -4.377926 4.047053 -2.647842 1.834831 3.906784 0.204238 0.711967 9.939134 -9.109757 2.692814 0.453300 -13.358197 7.820853 -0.000000 0.000000 0.000000 -0.564200 -5.007904 -19.193485 -1.014118 -17.093680 -52.029379 11.956936 -21.890295 1.748436 -8.215829 3.841390 12.824150 -2.415566 8.254718 20.175543 2.295288 18.520661 52.280348 13.727887 26.888806 -8.744928 -1.388210 -3.254787 -5.484665 
87.266797 91.673660 -160.740995 -8.262570 -33.770049 -6.434829 -2.664345 1.230125 0.833041 8.322736 -5.211623 -3.258470 -3.859943 8.830112 2.338476 -0.000000 0.000000 0.000000 1.822405 -3.306592 0.443501 26.745299 -1.256329 -1.265192 -13.778610 -8.093381 2.166531 -0.000000 0.000000 0.000000 9.938962 3.462399 -4.431686 4.287224 -2.843937 1.553717 3.747374 0.569207 0.511965 10.159421 -8.652972 2.705729 0.049584 -12.950994 7.521609 -0.000000 0.000000 0.000000 -0.758080 -5.148434 -18.871842 -0.824819 -14.812342 -52.280081 8.209561 -14.114380 -0.336890 -9.731389 5.648394 11.963339 -3.277211 8.784390 18.963580 0.008820 20.146996 53.016065 15.099410 30.803635 -11.804494 -1.804926 -3.075467 -5.332704 
87.626100 91.600865 -161.953986 -7.925439 -33.934667 -5.681061 -3.806237 1.270138 0.540789 8.177374 -4.817883 -3.299349 -2.925330 8.601351 2.007131 -0.000000 0.000000 0.000000 3.288578 -3.059525 0.925770 23.333121 0.726613 -1.356401 -12.517518 -6.263133 2.698002 -0.000000 0.000000 0.000000 9.652817 3.939026 -4.315979 4.471150 -3.148396 1.395130 3.600178 0.731783 0.294372 10.083455 -7.988804 2.608417 -0.528228 -12.373290 7.003828 -0.000000 0.000000 0.000000 -0.667359 -4.985169 -18.619822 -0.128517 -12.319315 -52.085042 5.928223 -8.782384 -0.847696 -10.181652 8.078550 10.419154 -4.204652 8.781390 17.901493 -2.148278 21.788971 53.580877 17.024477 35.550510 -15.581685 -2.636209 -2.895427 -4.728744 
88.014501 91.456968 -163.288999 -7.464392 -33.776187 -4.809854 -5.475298 0.838230 0.129567 8.665494 -4.233899 -3.226183 -2.036234 8.404385 1.573428 -0.000000 0.000000 0.000000 4.640601 -1.998824 1.385057 18.961893 1.206914 -1.485347 -13.454080 -7.626139 0.878679 -0.000000 0.000000 0.000000 9.591503 4.222252 -4.168640 4.365251 -3.432913 1.315629 3.682562 0.681883 0.073192 9.741209 -7.128790 2.567535 -1.068355 -11.838042 6.222412 -0.000000 0.000000 0.000000 -0.090854 -4.478054 -18.542243 1.022913 -10.021876 -51.217988 5.548738 -6.489104 -0.917151 -9.445839 9.331567 9.335736 -5.273991 8.257945 17.096217 -3.899721 23.684885 53.833042 19.203431 40.986560 -19.842127 -4.463873 -2.845829 -5.181001 
88.456398 91.270363 -164.712000 -6.866824 -33.552155 -3.914865 -7.590573 0.281678 -0.273270 9.639673 -3.309463 -3.073885 -1.355237 8.003296 1.032024 -0.000000 0.000000 0.000000 4.993633 -1.779413 1.056161 15.790252 0.689568 -1.032349 -14.018417 -7.508551 0.558273 -0.000000 0.000000 0.000000 9.489504 4.668441 -3.964250 4.445638 -3.715091 1.521640 3.778683 0.734018 -0.221303 9.274792 -5.964031 2.590579 -1.674121 -11.916609 5.391211 -0.000000 0.000000 0.000000 0.555376 -3.830864 -18.694255 2.626227 -8.750530 -50.193378 5.841090 -6.168165 -0.862566 -8.586090 8.913034 8.962315 -6.098844 7.043204 17.035639 -5.392538 25.850494 53.087764 24.221079 46.200414 -26.684604 -7.524821 -2.062064 -5.996725 
88.994396 91.110766 -166.191995 -6.336352 -33.225574 -3.228931 -9.851952 -0.388403 -0.561310 10.900814 -2.396518 -2.890189 -0.858014 7.551319 0.678599 -0.000000 0.000000 0.000000 4.871219 -1.615618 0.555105 13.440563 0.721200 -0.420627 -14.136348 -7.159524 0.374337 -0.000000 0.000000 0.000000 9.343114 5.249113 -3.262426 4.992718 -3.950325 1.590802 3.509243 1.122876 -0.429374 9.308273 -5.576068 2.426134 -2.499903 -11.994430 4.833674 -0.000000 0.000000 0.000000 1.018121 -3.876056 -19.175051 4.188850 -7.266339 -49.318696 5.883405 -7.297544 -0.396023 -7.820625 8.239417 8.638665 -5.989544 7.722568 16.459845 -6.682261 25.743014 52.675950 30.946166 51.509389 -37.416206 -10.666213 -1.219433 -6.841597 
89.557600 91.132969 -167.636001 -6.911942 -32.519874 -3.655569 -11.414421 -0.473235 -0.362030 12.703964 -2.805588 -2.476414 -0.718815 7.389959 0.192324 -0.000000 0.000000 0.000000 4.881662 -1.639251 0.760046 12.536836 1.345493 0.255135 -13.482542 -8.063292 -0.328093 -0.000000 0.000000 0.000000 10.583735 5.528045 -1.913736 4.962593 -3.980692 1.582662 3.587912 1.421847 -0.437189 8.984722 -6.182415 2.105688 -2.951290 -11.317051 4.368090 -0.000000 0.000000 0.000000 0.964928 -3.618298 -19.476095 4.978204 -5.158825 -48.651452 6.862304 -9.388077 -1.021895 -7.864189 7.376581 9.166305 -6.181976 8.616602 14.510078 -7.902259 24.735267 53.412127 33.756453 59.218449 -44.774826 -8.529723 -0.518893 -9.388567 
90.096396 91.204768 -168.962991 -7.343250 -31.429730 -4.007622 -12.963719 -0.490469 -0.059771 14.559565 -3.144828 -2.043330 -1.165988 6.685538 -0.837990 -0.000000 0.000000 0.000000 4.519677 -1.521068 1.238033 12.385987 0.630495 0.543344 -12.825208 -8.471581 -0.632189 -0.000000 0.000000 0.000000 11.610727 5.711174 -1.088599 4.742643 -4.024310 1.943827 3.760394 1.596553 -0.227698 9.062387 -6.303199 2.290089 -3.410687 -11.205186 4.210713 -0.000000 0.000000 0.000000 1.061826 -3.223738 -19.266790 5.194997 -4.006122 -49.399330 6.920385 -10.880282 -1.121669 -8.544206 6.590088 9.536367 -6.376890 8.260189 13.247713 -8.534866 24.475739 53.386298 43.822367 63.310493 -57.762470 -9.145595 0.639379 -11.621592 
90.584701 91.293764 -170.144999 -7.690515 -30.242223 -3.955773 -13.956100 -0.440639 -0.051438 15.746831 -3.692554 -1.818128 -1.952974 5.845136 -1.500153 -0.000000 0.000000 0.000000 4.084395 -1.666815 1.495729 12.339352 -0.065359 0.502119 -12.136503 -9.038931 -1.001098 -0.000000 0.000000 0.000000 12.313487 5.813642 -1.024880 4.555934 -4.198393 2.290931 4.010884 1.545409 0.151998 9.216899 -6.461868 2.917586 -3.381195 -11.254805 4.489190 -0.000000 0.000000 0.000000 1.298967 -2.835163 -18.858244 5.149655 -3.064001 -50.565203 6.360982 -12.224511 -1.420705 -9.778774 5.991502 9.804180 -6.531677 7.784882 12.335633 -8.926492 24.232901 53.338037 55.607083 65.343866 -71.973094 -8.748392 1.753913 -13.802896 
91.052598 91.421366 -171.195006 -7.861597 -29.207561 -3.722852 -14.653553 -0.751595 -0.300731 17.437819 -3.615714 -1.664372 -2.891023 6.435077 -1.191899 -0.000000 0.000000 0.000000 3.556271 -1.509249 1.699516 12.274614 -0.624613 0.289359 -11.428839 -9.851278 -1.460720 -0.000000 0.000000 0.000000 12.589138 5.804780 -1.129017 4.465527 -4.415222 2.572138 4.205175 1.392508 0.330650 9.345879 -6.730081 3.606138 -2.998915 -11.253857 4.943145 -0.000000 0.000000 0.000000 1.625211 -2.584899 -18.907612 5.104119 -2.273214 -51.254818 5.409582 -13.562055 -1.788034 -10.887286 6.108421 9.020259 -6.650716 7.309250 12.087207 -8.958994 24.058987 53.130674 66.526485 65.711967 -84.976007 -7.913088 2.298239 -14.759821 
91.510397 91.573763 -172.096992 -8.039078 -28.363961 -3.491152 -14.833520 -0.999182 -0.581424 19.987819 -2.799255 -1.511758 -4.082069 7.243494 -0.006272 -0.000000 0.000000 0.000000 3.221857 -1.560474 1.647717 12.010935 -1.074462 0.180020 -10.651442 -10.324979 -1.582884 -0.000000 0.000000 0.000000 12.668654 5.814923 -1.137545 4.403452 -4.604400 2.716865 4.262991 1.207549 0.294436 9.476898 -7.051476 4.044275 -2.796071 -11.102043 5.198813 -0.000000 0.000000 0.000000 1.921504 -2.501916 -19.197783 5.093455 -2.013854 -51.540247 5.523559 -14.418166 -2.077155 -11.550163 5.989330 7.781836 -6.617364 6.694427 12.164257 -8.674391 23.716732 53.052008 74.616609 65.424545 -94.435564 -7.376754 3.144078 -15.319147 
91.951597 91.733867 -172.870994 -8.302137 -27.649195 -3.358549 -14.277480 -0.861472 -0.714756 22.789867 -1.719220 -1.330710 -5.577099 7.981179 1.134648 -0.000000 0.000000 0.000000 3.265787 -1.860033 1.535829 11.324275 -1.543270 0.058300 -9.808085 -10.407659 -1.402653 -0.000000 0.000000 0.000000 12.602492 5.883151 -1.034465 4.348160 -4.703015 2.722157 4.230242 1.028077 0.181623 9.637592 -7.305462 4.202936 -2.728410 -10.933946 5.229491 -0.000000 0.000000 0.000000 2.030135 -2.660913 -19.495921 4.909866 -2.118066 -51.726538 6.661871 -14.582303 -2.095339 -10.865400 5.854852 6.458015 -6.344459 6.150547 12.358861 -7.997355 23.066553 53.082476 79.374754 65.285804 -99.836798 -7.580744 4.090302 -16.176226 
92.404503 91.878861 -173.557997 -8.482416 -27.076716 -3.252557 -13.102104 -0.463470 -0.685781 25.180635 -0.807051 -1.193459 -7.116893 8.776584 2.195778 -0.000000 0.000000 0.000000 3.308826 -2.204825 1.343603 10.477811 -2.016073 0.034394 -8.889231 -10.329736 -1.044608 -0.000000 0.000000 0.000000 12.349405 5.892419 -0.911142 4.315421 -4.686599 2.658313 4.115036 0.872918 0.101768 9.763546 -7.632700 4.042233 -2.755464 -10.720775 5.242846 -0.000000 0.000000 0.000000 1.991701 -2.991569 -19.710582 4.550814 -2.445631 -52.020649 7.774838 -14.603607 -1.957807 -9.499029 5.981168 5.926606 -5.869887 5.834513 12.686943 -6.819294 22.152199 52.988016 81.214431 65.648076 -101.577220 -8.402427 4.709961 -16.957913 
92.900497 91.960567 -174.203992 -8.541929 -26.654859 -3.174649 -11.358033 -0.023510 -0.494463 26.801155 -0.166553 -1.025888 -8.493004 9.583335 2.988984 -0.000000 0.000000 0.000000 3.110454 -2.234588 1.190453 9.858393 -2.397450 0.116488 -8.198322 -10.604098 -0.693405 -0.000000 0.000000 0.000000 11.918667 5.680546 -0.773669 4.251323 -4.535393 2.522141 4.052219 0.724899 0.068289 9.715170 -7.865191 3.656715 -2.752242 -10.279476 5.158554 -0.000000 0.000000 0.000000 1.895869 -3.331662 -19.810533 4.004419 -3.096084 -52.423486 8.262421 -14.609802 -1.867989 -8.866150 5.992490 6.334460 -5.328738 5.738293 13.049694 -5.452257 21.397617 52.844174 78.739006 66.461845 -98.151634 -9.321073 5.146683 -17.494006 
93.442297 91.996163 -174.826992 -8.736132 -26.289853 -3.365801 -9.045027 0.624037 -0.004850 27.756197 -0.256540 -0.691180 -10.036642 10.100710 3.462991 -0.000000 0.000000 0.000000 2.788279 -2.234998 1.161323 9.771477 -2.482956 0.207094 -7.596158 -10.821720 -0.456741 -0.000000 0.000000 0.000000 11.634323 5.224936 -0.492945 4.204699 -4.326389 2.345253 3.952707 0.569492 0.093349 9.567684 -7.968325 3.153295 -2.781089 -9.542390 4.982344 -0.000000 0.000000 0.000000 1.792350 -3.687262 -19.918056 3.358862 -3.924023 -52.810172 8.329743 -14.914107 -1.721243 -9.103624 5.670401 7.078498 -4.798840 5.868634 13.418925 -4.152690 20.734705 52.718759 71.183318 67.198469 -88.733639 -9.660247 5.228475 -17.307981 
94.031096 91.989464 -175.419998 -9.037778 -26.027920 -3.762768 -6.104644 1.340005 0.692626 27.685656 -0.840531 -0.271389 -11.566941 10.564787 3.789593 -0.000000 0.000000 0.000000 2.580893 -2.312004 1.203435 9.852836 -2.255919 0.192830 -7.093044 -10.660686 -0.268491 -0.000000 0.000000 0.000000 11.352272 4.645199 -0.179230 4.368968 -4.092137 2.192104 3.814937 0.408546 0.176910 9.401739 -7.927446 2.658802 -2.890921 -8.730710 4.779528 -0.000000 0.000000 0.000000 1.562965 -4.064090 -19.973520 2.456789 -4.937671 -53.224318 8.230359 -15.226907 -1.564052 -9.303163 5.470699 7.603930 -4.329060 6.219862 13.870256 -3.139070 20.210072 52.634294 58.381779 66.768759 -73.324218 -9.074695 4.989062 -16.581945 
94.677299 91.924268 -176.035988 -9.214903 -25.719363 -4.241839 -3.124676 2.004414 1.605840 27.003453 -1.787709 0.093481 -12.806836 11.047746 4.032723 -0.000000 0.000000 0.000000 2.388526 -2.549214 1.308514 9.447974 -2.267294 0.455333 -6.542522 -10.667442 -0.175748 -0.000000 0.000000 0.000000 10.936734 4.023693 0.079471 4.634394 -3.876193 2.097726 3.604929 0.189946 0.366385 9.447678 -7.789316 2.301463 -2.964541 -8.086460 4.607529 -0.000000 0.000000 0.000000 1.352079 -4.509558 -19.822920 1.488775 -6.137798 -53.699132 8.755077 -15.925312 -1.071926 -10.296766 7.232051 5.172260 -3.805295 6.728882 14.478266 -2.449478 19.727988 52.494122 44.080933 64.060118 -56.023807 -8.264273 3.745473 -14.934596 
95.430195 91.841364 -176.673996 -9.204414 -25.593167 -4.624788 -0.126052 2.416536 2.232716 25.459449 -3.141235 0.661283 -13.934503 11.467951 4.153798 -0.000000 0.000000 0.000000 1.746972 -2.790962 1.270598 9.384967 -2.290370 0.683474 -5.997391 -10.456427 0.363143 -0.000000 0.000000 0.000000 10.517273 3.435542 0.196745 4.686388 -3.555002 1.989362 3.545148 0.088082 0.549670 9.384901 -7.606924 2.046215 -2.687815 -7.725978 4.621693 -0.000000 0.000000 0.000000 0.955419 -4.824043 -19.721347 0.597122 -8.008117 -53.974773 9.333807 -16.744967 -0.783472 -10.444957 7.001080 5.345113 -3.368366 7.100372 15.208341 -1.684423 19.300330 52.346658 32.017245 59.223599 -40.724783 -6.777627 2.103868 -13.393926 
96.321297 91.778165 -177.410996 -8.961407 -25.573197 -4.886477 2.200406 2.477053 2.555724 23.873721 -4.877976 1.178452 -14.525371 11.566464 4.264863 -0.000000 0.000000 0.000000 0.675445 -2.920455 1.279379 9.409048 -2.277076 0.706423 -5.304697 -10.403867 0.801063 -0.000000 0.000000 0.000000 10.238739 2.851804 0.177099 4.530473 -3.202526 1.874685 3.458630 -0.074015 0.737718 9.227464 -7.369758 1.843357 -2.300309 -7.497322 4.612282 -0.000000 0.000000 0.000000 0.536738 -4.944806 -19.481054 -0.570023 -10.026977 -54.304375 10.001774 -17.534443 -0.496459 -10.242028 6.843634 5.263849 -2.968978 7.413772 16.172379 -1.137192 19.130704 52.155428 23.075866 52.244535 -28.296860 -4.791555 1.054425 -12.531435 
97.383201 91.720867 -178.165996 -8.625492 -25.289169 -5.104633 4.009534 2.164988 2.713021 22.065737 -7.324110 1.573957 -12.656634 11.024572 3.089642 -0.000000 0.000000 0.000000 -0.433587 -2.996820 1.231829 9.259461 -2.507678 0.716389 -4.379418 -10.401719 1.179440 -0.000000 0.000000 0.000000 10.092578 2.215879 0.240853 4.475915 -2.993466 1.785611 3.308974 -0.281760 0.862104 8.924948 -7.148389 1.548759 -2.055380 -7.371107 4.699519 -0.000000 0.000000 0.000000 0.267487 -5.168900 -19.321960 -1.540792 -12.289030 -54.476447 10.638431 -19.059209 0.091318 -10.414280 6.175322 5.638455 -2.571207 7.806612 17.120522 -0.795537 18.767649 52.211120 16.974874 43.954922 -19.204271 -2.606581 0.823294 -11.975441 
98.584801 91.616166 -178.970993 -8.336582 -25.053414 -5.377683 5.680308 1.860426 2.911916 19.279309 -10.245065 1.441069 -13.940799 10.179037 3.436639 -0.000000 0.000000 0.000000 -1.711077 -3.011465 1.111576 9.369156 -2.623353 0.749816 -3.540288 -10.548987 1.858475 -0.000000 0.000000 0.000000 10.363094 1.600747 0.328554 4.130231 -2.719949 1.630217 3.383206 -0.411425 1.016959 8.416823 -7.013267 1.298787 -1.948280 -7.330189 4.711990 -0.000000 0.000000 0.000000 -0.116196 -5.299012 -18.992784 -2.561378 -14.613735 -54.717694 11.399247 -20.897034 0.636213 -10.646619 5.073437 6.876518 -2.433270 8.033477 17.617128 -0.977796 18.072981 52.907090 11.601973 34.682314 -11.569267 -0.660693 0.332017 -11.333403 
99.876195 91.482866 -179.910994 -7.808763 -25.094777 -5.587288 6.693431 1.789900 3.392565 14.602367 -10.919461 0.345812 -14.074314 10.288847 3.559467 -0.000000 0.000000 0.000000 -3.628151 -2.639876 1.111297 9.873232 -2.804656 0.654464 -2.584079 -10.787617 2.381976 -0.000000 0.000000 0.000000 10.548815 0.978695 0.159624 3.945244 -2.332893 1.640959 3.384881 -0.531689 1.301549 8.069766 -6.827601 1.024243 -1.946558 -7.295524 4.776869 -0.000000 0.000000 0.000000 -0.447238 -5.358014 -18.738157 -3.636480 -16.970898 -55.014052 11.660787 -23.005555 1.404301 -10.952999 4.187777 7.868110 -2.102072 8.226971 18.331584 -1.103462 17.552155 52.942394 7.215661 25.284640 -5.822887 0.102723 -0.490513 -10.842839 
101.240993 91.398865 -180.953002 -7.028281 -25.272825 -5.469118 6.340250 2.136023 3.510146 11.606108 -10.616593 -0.778039 -13.569910 9.948716 4.183093 -0.000000 0.000000 0.000000 -6.098574 -2.365327 0.917648 10.635063 -3.015192 0.378890 -1.379804 -10.883709 3.062727 -0.000000 0.000000 0.000000 10.726836 0.336437 -0.389219 3.726712 -2.057244 1.731823 3.375600 -0.705402 1.517119 7.861063 -6.696868 0.866894 -1.838461 -7.164265 5.060904 -0.000000 0.000000 0.000000 -0.592037 -5.154676 -18.655654 -4.643451 -19.124705 -54.884656 11.621050 -25.627780 2.125326 -11.642929 2.744321 8.576837 -1.745874 8.002681 19.144087 -1.192506 17.047175 52.824526 4.413193 16.525283 -2.102781 1.298543 -2.017087 -9.346227 
102.591002 91.466361 -182.044005 -6.367445 -25.780830 -5.120338 4.777438 1.859548 2.958479 11.155932 -10.046210 -1.311959 -12.753947 10.107966 4.678960 -0.000000 0.000000 0.000000 -8.449873 -2.360088 0.475736 11.153375 -3.047444 -0.070204 0.161937 -10.492497 4.181242 -0.000000 0.000000 0.000000 11.299123 0.017787 -1.186664 3.294302 -2.015350 1.745461 3.547828 -0.887514 1.617075 7.485827 -6.530037 0.642876 -1.580504 -7.105126 5.541390 -0.000000 0.000000 0.000000 -0.829453 -4.779394 -18.438091 -5.513695 -20.846412 -54.469192 11.621534 -28.425235 2.711583 -12.364595 1.906338 8.965418 -1.463991 7.172675 19.800144 -0.743272 16.259860 52.889063 3.551202 10.378991 -0.335558 3.833717 -4.417347 -6.731056 
103.868997 91.549462 -183.059990 -6.159833 -26.622078 -5.091313 3.337678 1.438764 2.528813 11.442627 -9.478234 -1.791689 -12.076452 10.587168 5.008952 -0.000000 0.000000 0.000000 -9.936816 -2.607073 0.077658 11.111613 -2.718547 -0.280871 1.114894 -9.743192 5.152419 -0.000000 0.000000 0.000000 12.214958 -0.056189 -1.495321 2.712317 -2.072294 1.490991 3.966878 -1.060910 1.635146 7.191986 -6.499379 0.091240 -1.575306 -6.992474 6.044172 -0.000000 0.000000 0.000000 -1.190586 -4.538190 -17.813431 -6.396513 -21.890419 -54.334839 11.839491 -30.709519 3.318453 -12.631017 2.247063 8.621709 -1.097504 5.883117 19.697919 -0.140801 14.929491 53.200916 4.217345 7.256770 0.948330 6.333719 -6.232580 -3.739595 
104.997003 91.610569 -183.962989 -6.094439 -27.969953 -5.323647 2.551313 1.362907 2.148083 11.072405 -8.516022 -2.046512 -11.434908 11.152048 5.460831 -0.000000 0.000000 0.000000 -10.941782 -2.592096 0.002621 10.755197 -2.178898 -0.263491 0.575615 -8.895110 5.429961 -0.000000 0.000000 0.000000 12.556017 -0.035437 -1.551128 2.905677 -1.962487 1.357716 4.159075 -1.098320 1.502317 7.240469 -6.379644 -0.596248 -1.831870 -6.969789 6.263105 -0.000000 0.000000 0.000000 -1.333484 -4.628084 -17.573011 -6.693946 -22.723993 -53.750389 12.049490 -33.164423 4.820790 -13.465378 2.766463 7.737048 -0.089699 5.169284 19.766800 1.722725 13.810574 52.931574 5.380605 7.384932 1.026126 5.293015 -6.450981 -1.096017 
106.039000 91.677362 -184.826994 -5.980317 -29.624597 -5.601680 1.938234 1.273680 1.873285 10.452620 -7.176040 -2.209364 -10.820382 11.563220 5.863895 -0.000000 0.000000 0.000000 -11.957641 -2.300754 0.131783 10.836685 -1.776468 -0.146772 -0.096075 -8.302580 5.606079 -0.000000 0.000000 0.000000 12.699046 0.005803 -1.607729 3.060153 -1.789078 1.397114 4.228597 -1.087362 1.431632 7.429641 -6.256089 -1.306023 -1.550019 -6.975980 6.144756 -0.000000 0.000000 0.000000 -1.393545 -4.572402 -17.512924 -7.420139 -23.329069 -53.524636 11.038713 -34.352119 5.326924 -14.286299 2.059576 6.610517 1.077385 4.834808 20.102759 4.085224 12.866381 52.212217 6.035430 8.645606 0.411200 3.352925 -5.489676 -0.111549 
106.867993 91.802067 -185.529006 -6.079990 -31.442655 -5.972916 1.706171 1.484330 1.855794 9.696260 -6.105261 -2.565545 -10.031653 12.035264 5.972512 -0.000000 0.000000 0.000000 -12.637539 -2.098950 0.434941 11.970199 -1.478066 0.011580 -0.492419 -8.326819 5.522195 -0.000000 0.000000 0.000000 12.595676 -0.041501 -1.745368 3.321152 -1.673455 1.500774 4.312329 -1.136920 1.316489 7.960778 -6.026690 -1.778132 -1.227322 -6.595024 6.078337 -0.000000 0.000000 0.000000 -1.334099 -4.435418 -17.824944 -7.444956 -23.538427 -52.664346 10.672280 -35.027625 5.826765 -13.570509 1.322134 8.366580 1.990362 4.372486 20.552702 6.518043 12.164140 51.180280 7.238538 10.533800 0.237909 1.511552 -4.396093 -0.861569 
107.590997 91.967267 -186.206996 -6.444342 -33.209199 -6.520892 1.902614 1.937591 1.832212 8.651251 -5.264143 -2.629387 -9.180794 12.555960 5.914100 -0.000000 0.000000 0.000000 -13.024571 -2.022119 0.935054 14.271978 -1.663245 0.094970 -1.702957 -8.653025 5.000837 -0.000000 0.000000 0.000000 12.769767 -0.257137 -1.734190 3.272644 -1.696386 1.496549 4.474830 -1.270300 1.256467 8.479510 -5.795385 -2.137913 -0.902693 -6.184423 6.104167 -0.000000 0.000000 0.000000 -1.220191 -4.353062 -17.803488 -7.620271 -23.099435 -52.275564 9.644563 -34.681938 5.593917 -13.358171 1.049398 9.301893 2.609738 3.809047 20.524345 8.173086 11.352997 50.721308 8.502140 12.409629 0.004983 1.183185 -3.410111 -2.245607 
108.191001 92.158562 -186.824989 -6.919360 -34.888340 -7.133816 2.406009 2.456974 1.856982 7.325530 -4.573793 -2.559782 -8.210104 12.970199 5.693041 -0.000000 0.000000 0.000000 -12.915478 -2.137265 1.458008 16.960443 -1.971378 0.147770 -2.921711 -8.910776 4.408878 -0.000000 0.000000 0.000000 12.943028 -0.448390 -1.667469 3.125737 -1.841743 1.476541 4.526157 -1.437620 1.213778 9.225954 -5.797785 -2.350334 -0.652598 -5.899650 6.220037 -0.000000 0.000000 0.000000 -1.054297 -4.335746 -17.715197 -7.694131 -22.332403 -51.950433 8.464655 -33.483984 4.754966 -13.137225 1.186568 9.779350 2.964261 3.159344 20.202663 9.271440 10.305790 50.739280 9.031755 14.005569 -0.220034 0.848827 -2.834581 -3.189035 
108.705997 92.323667 -187.451994 -7.307774 -36.458426 -7.641814 2.542510 2.768010 1.896531 6.548380 -3.908690 -2.538683 -7.373419 13.523902 5.473087 -0.000000 0.000000 0.000000 -12.554454 -2.181777 2.006100 19.842608 -2.146490 -0.083156 -4.519219 -9.102793 3.703114 -0.000000 0.000000 0.000000 12.976447 -0.538400 -1.658987 3.036811 -2.056401 1.524197 4.606131 -1.559618 1.151878 9.670916 -6.012252 -2.389278 -0.260592 -6.063838 6.460019 -0.000000 0.000000 0.000000 -0.969696 -4.471181 -17.544332 -7.607044 -21.698132 -51.621496 7.538881 -31.533929 3.739222 -13.148959 1.551886 9.564041 3.090050 2.577410 19.812309 9.866348 9.175040 51.007693 8.491135 15.163414 -0.269630 -1.194545 -2.339454 -2.696837 
109.157991 92.420059 -188.115001 -7.618580 -37.864802 -7.961252 2.323089 2.992244 1.866992 6.307028 -3.153374 -2.609785 -6.708210 14.048872 5.419108 -0.000000 0.000000 0.000000 -11.951394 -2.008127 2.413777 22.618043 -2.029103 -0.473675 -5.987670 -9.610657 2.918865 -0.000000 0.000000 0.000000 13.039167 -0.542123 -1.778732 2.818478 -2.269155 1.585540 4.659267 -1.668397 1.075630 10.046751 -6.441063 -2.199078 0.101336 -6.592548 6.738289 -0.000000 0.000000 0.000000 -0.918771 -4.690480 -17.333948 -7.497883 -21.089762 -51.307671 7.107635 -28.945694 2.566833 -12.461117 1.916660 9.377710 3.086218 2.203100 19.483043 10.187523 8.309870 51.571676 7.445999 15.421202 -0.139251 -2.107985 -1.971086 -3.566078 
109.530997 92.431861 -188.746989 -7.882821 -38.962583 -8.161337 2.118448 3.295749 1.841021 5.997865 -2.635944 -2.547315 -6.347193 14.256669 5.251743 -0.000000 0.000000 0.000000 -10.722885 -1.855784 2.537389 24.670862 -1.813990 -0.847019 -7.519894 -9.932858 2.228626 -0.000000 0.000000 0.000000 12.866376 -0.380123 -1.881427 2.920864 -2.538606 1.692435 4.610770 -1.695407 0.968114 10.418711 -7.028169 -1.911702 0.347835 -7.377186 7.060544 -0.000000 0.000000 0.000000 -0.811826 -5.230193 -17.342321 -7.196563 -20.698151 -50.912605 7.204551 -26.049692 1.840671 -11.904193 2.419338 8.754855 3.082899 2.177034 19.151070 10.504630 7.486755 52.449373 6.046857 15.809362 -0.210359 -5.078323 -2.089498 -2.407318 
109.842002 92.382169 -189.386988 -8.164234 -39.933290 -8.193707 1.980392 3.545999 1.778274 5.732817 -2.161457 -2.703506 -5.973983 14.340674 5.256231 -0.000000 0.000000 0.000000 -8.976108 -1.754166 2.322349 26.121197 -1.315884 -1.272961 -9.336677 -10.154714 1.570259 -0.000000 0.000000 0.000000 12.699000 -0.135990 -2.084962 2.904128 -2.804364 1.733330 4.728191 -1.684324 0.892006 10.689541 -7.438719 -1.589444 0.616356 -8.135027 7.329029 -0.000000 0.000000 0.000000 -0.809453 -5.540142 -17.053866 -7.264646 -20.192896 -51.078297 7.348169 -22.681612 0.805754 -11.109990 2.761575 8.261676 2.980333 2.046429 18.970524 10.544783 7.183812 53.321293 6.077340 15.421387 -0.409177 -5.187111 -1.881578 -2.609082 
110.102999 92.322963 -190.014005 -8.213115 -40.551347 -7.965013 1.651445 3.669032 1.677611 5.553287 -1.616337 -2.911499 -5.624031 14.246601 5.173641 -0.000000 0.000000 0.000000 -6.989498 -1.890469 1.733684 26.440384 -1.425749 -1.488136 -10.810471 -10.459975 1.299783 -0.000000 0.000000 0.000000 12.336706 0.141946 -2.229365 2.944077 -3.071662 1.801097 4.805078 -1.740104 0.832211 10.756179 -7.632411 -1.321987 0.848131 -8.606617 7.334297 -0.000000 0.000000 0.000000 -0.636448 -5.556757 -17.133768 -7.210654 -19.910144 -51.300006 7.601864 -19.452909 0.166639 -10.496493 2.743917 8.143583 2.988808 1.905236 19.503921 10.641607 7.202724 53.414598 5.908885 15.173316 -0.020877 -5.983573 0.091943 -4.096154 
110.327995 92.265064 -190.742993 -8.018771 -41.120983 -7.547996 1.010624 3.619877 1.633262 5.501354 -1.098412 -3.113054 -5.231133 14.283064 4.936013 -0.000000 0.000000 0.000000 -5.222172 -2.033658 1.112716 26.554672 -1.548402 -1.724661 -12.072088 -10.743614 0.988551 -0.000000 0.000000 0.000000 11.861460 0.443334 -2.353904 3.087923 -3.237549 1.826541 4.834704 -1.720960 0.866795 10.470307 -7.607758 -1.221927 0.909561 -8.735771 7.367159 -0.000000 0.000000 0.000000 -0.571760 -5.361654 -17.448110 -6.862027 -19.435363 -51.488021 7.583500 -17.175912 -0.025231 -10.354235 3.555751 7.545093 2.790649 1.652337 19.858683 10.380256 7.450344 53.595411 5.784761 14.480192 0.715542 -8.483575 -1.805879 -1.227080 
110.499001 92.208362 -191.490006 -7.904778 -41.426523 -7.119607 0.563826 3.387195 1.547673 5.259200 -0.698325 -3.236004 -4.751898 14.270972 4.698884 -0.000000 0.000000 0.000000 -3.146649 -2.170234 0.408283 26.380665 -1.062055 -2.108858 -13.296637 -10.712121 0.651022 -0.000000 0.000000 0.000000 11.603097 0.826081 -2.355871 2.976133 -3.404509 1.779882 4.969170 -1.554757 0.779515 10.160596 -7.531397 -1.052222 0.924307 -8.827780 7.430585 -0.000000 0.000000 0.000000 -0.425805 -5.141781 -17.900591 -6.536581 -18.955952 -51.438987 7.173356 -15.131738 -0.878965 -10.809370 2.414424 7.787882 2.622763 1.578692 20.033578 10.271459 7.905251 54.164308 6.885888 14.191484 0.280303 -5.915063 -1.538827 -1.325265 
110.651004 92.147362 -192.326987 -7.636679 -41.688510 -6.656104 -0.218619 3.429212 1.655862 5.320097 -0.264292 -3.410877 -4.254569 13.973854 4.538558 -0.000000 0.000000 0.000000 -1.363093 -2.458921 -0.275431 25.667454 -0.980311 -2.046858 -14.177185 -10.569954 0.386145 -0.000000 0.000000 0.000000 11.186817 1.236281 -2.279081 3.072346 -3.428839 1.766408 4.887096 -1.343476 0.859263 10.076089 -7.547976 -1.033429 0.647810 -8.805669 7.304803 -0.000000 0.000000 0.000000 -0.167590 -4.812394 -17.945381 -5.745086 -17.900623 -51.969701 7.461059 -15.143921 -0.611275 -10.165081 4.156098 7.643639 2.638546 1.924109 20.098035 9.814854 8.036861 54.643561 6.802595 14.530842 0.083385 -5.030305 -2.132226 -1.272578 
110.757005 92.068666 -193.228996 -7.337800 -41.703752 -6.062586 -0.918648 3.171877 1.694662 5.162676 0.135417 -3.566179 -3.626208 13.765993 4.285715 -0.000000 0.000000 0.000000 0.368865 -2.674597 -0.990306 24.861877 -0.486337 -2.060397 -14.575371 -10.093991 0.525130 -0.000000 0.000000 0.000000 10.765241 1.702828 -2.269079 3.216547 -3.440727 1.805882 4.815851 -1.045071 0.859611 9.979947 -7.446523 -0.907417 0.481317 -8.911563 7.163115 -0.000000 0.000000 0.000000 0.114121 -4.492768 -18.345496 -4.693797 -17.218597 -51.844783 7.460296 -15.500231 -0.959663 -10.095645 3.892211 7.972255 2.571010 2.358508 20.262321 9.356797 8.468049 54.960689 6.343256 14.916288 -0.167327 -4.343311 -2.717728 -1.276756 
110.880995 91.953564 -194.317985 -6.903150 -41.523707 -5.316592 -2.012332 2.668629 1.747454 5.295342 0.483810 -3.725889 -2.911726 13.688387 4.081889 -0.000000 0.000000 0.000000 1.771174 -2.941945 -1.553959 23.789132 0.375640 -2.191542 -13.571440 -9.315603 1.137487 -0.000000 0.000000 0.000000 10.454402 2.110583 -2.343324 3.308949 -3.417474 1.864936 4.727475 -0.847037 0.861163 9.814184 -7.224046 -0.697029 0.371999 -8.904208 6.944193 -0.000000 0.000000 0.000000 0.530542 -3.933780 -18.799468 -3.128794 -16.767804 -51.312720 8.118244 -17.086319 -0.989555 -11.119146 3.994972 7.711054 2.389558 2.644792 20.738375 8.521675 9.414604 54.665861 5.737221 15.055546 -0.021176 -3.948666 -2.872468 -2.085609 
110.953999 91.805470 -195.493996 -6.539390 -41.411100 -4.561050 -3.112701 2.269168 1.775230 5.495413 0.894286 -3.835209 -2.218442 13.564373 3.760321 -0.000000 0.000000 0.000000 3.092564 -3.040080 -2.029725 22.216100 1.434306 -2.271284 -12.402353 -8.463131 2.221935 -0.000000 0.000000 0.000000 10.174580 2.540410 -2.491217 3.441948 -3.318121 1.928550 4.688326 -0.567763 0.847900 9.613458 -6.841524 -0.484493 0.283163 -8.841237 6.686364 -0.000000 0.000000 0.000000 0.906478 -3.331260 -19.170137 -1.678555 -16.448286 -50.863778 8.461739 -18.512133 -1.335153 -11.937072 3.153772 8.450232 2.031717 2.988180 21.123029 7.439690 10.870393 54.114555 5.312538 14.923005 0.373910 -3.623306 -2.978694 -3.197735 
111.009002 91.632164 -196.809995 -6.244356 -41.119100 -3.823618 -4.323191 1.844667 1.813700 5.852793 1.272737 -3.874337 -1.495866 13.394933 3.228767 -0.000000 0.000000 0.000000 4.245966 -3.015002 -2.457260 19.526029 2.555309 -1.956573 -13.788420 -7.317100 2.613009 -0.000000 0.000000 0.000000 9.957062 2.955178 -2.595165 3.728900 -3.284598 1.955710 4.644875 -0.264084 0.824994 9.492457 -6.128358 -0.297509 -0.119162 -8.918357 6.310858 -0.000000 0.000000 0.000000 1.120538 -2.885305 -19.494631 -0.227445 -16.249556 -50.493966 8.873360 -19.556563 -1.521875 -12.932678 2.140234 9.095457 1.591651 3.681708 21.417977 6.193023 12.587030 53.447821 5.674375 15.026367 0.433991 -2.809033 -3.216627 -4.264492 
111.081994 91.493869 -198.260999 -5.910867 -40.691040 -3.146589 -5.607034 1.268142 1.924828 6.089048 1.740416 -3.782036 -0.506343 13.139064 2.582591 -0.000000 0.000000 0.000000 4.848795 -2.925208 -2.745608 16.858361 2.573875 -0.877976 -14.401351 -7.233328 2.340760 -0.000000 0.000000 0.000000 9.835673 3.403137 -2.575877 4.007272 -3.206896 2.153582 4.631383 0.027490 0.723973 9.189114 -5.298732 -0.238478 -0.158756 -9.116327 5.974185 -0.000000 0.000000 0.000000 1.361686 -2.595889 -19.835506 0.461415 -16.154741 -50.605442 8.966719 -19.428655 -1.329799 -13.976438 1.520900 8.900366 1.260214 3.584911 22.060909 4.795036 14.589366 52.990587 7.258563 15.819182 -2.056761 -2.491279 -4.015036 -3.167347 
111.184001 91.450268 -199.743998 -5.971437 -40.017245 -2.795618 -6.575609 0.833204 1.925831 6.218084 1.921126 -3.387137 0.676636 12.759307 1.960696 -0.000000 0.000000 0.000000 5.203681 -3.325708 -2.569061 15.046773 1.958870 -0.229648 -14.641855 -7.232056 1.732640 -0.000000 0.000000 0.000000 10.071310 3.775457 -2.138182 4.255889 -3.142559 1.958174 4.426955 0.375340 0.834256 9.343795 -5.292679 -0.322765 -0.326434 -8.811430 5.757513 -0.000000 0.000000 0.000000 1.297076 -2.925203 -20.135850 1.080876 -15.504594 -51.238161 8.835041 -18.492612 -1.104152 -13.868395 1.573638 9.405785 1.017088 5.515864 21.698074 3.589672 15.561471 52.609667 7.695917 17.087547 -3.330128 -1.389664 -3.540237 -4.567717 
111.321998 91.491961 -201.188993 -6.127522 -39.283072 -2.625768 -7.570019 0.558319 1.885317 6.491997 1.723045 -2.739562 1.802628 12.397947 1.246058 -0.000000 0.000000 0.000000 5.235837 -3.661892 -2.032292 13.989835 1.551915 -0.204725 -14.493059 -7.165138 0.963790 -0.000000 0.000000 0.000000 10.568548 4.053963 -1.496991 4.177861 -2.988690 1.755443 4.284007 0.675267 0.940318 9.391157 -5.571238 -0.319106 -0.309412 -8.311270 5.543785 -0.000000 0.000000 0.000000 1.191528 -3.024762 -20.394400 1.180498 -14.787257 -52.213986 8.685028 -16.640976 -1.180624 -12.657977 1.176728 10.424962 0.667107 7.014211 21.132202 2.242542 16.325884 51.655111 8.239215 18.524683 -3.830849 -1.121553 -0.033218 -7.018020 
111.484993 91.530764 -202.612996 -6.232128 -38.403714 -2.488146 -8.757718 0.278636 1.937742 7.049494 1.130595 -2.154387 2.551536 12.059556 0.427482 -0.000000 0.000000 0.000000 5.356059 -3.183642 -1.556967 12.817228 1.734816 0.128937 -14.254955 -8.049369 0.264213 -0.000000 0.000000 0.000000 11.066454 4.147461 -0.753458 3.960101 -2.872817 1.493163 4.309991 0.964054 0.941649 9.402710 -5.888440 -0.105324 -0.696883 -7.854610 5.642951 -0.000000 0.000000 0.000000 0.953992 -2.921223 -20.525474 1.476264 -13.884321 -53.102238 8.560067 -15.543113 -1.194738 -12.331106 2.349698 11.168507 -0.022927 7.709736 19.699787 0.658928 17.173240 51.488910 9.346039 19.816240 -4.911080 0.435738 -2.791553 -5.983978 
111.620998 91.615468 -203.901005 -6.477039 -37.372286 -2.572574 -9.780655 0.249332 2.223940 7.783517 0.209439 -1.831750 2.703431 11.305630 -0.516608 -0.000000 0.000000 0.000000 5.200850 -3.341514 -1.150007 12.388585 1.406358 0.639626 -13.853090 -8.301257 -0.119552 -0.000000 0.000000 0.000000 11.547096 4.198733 -0.087171 3.821627 -2.822033 1.436494 4.304728 1.116513 1.064233 9.333186 -6.285721 0.268922 -0.961645 -7.442648 5.683946 -0.000000 0.000000 0.000000 0.866970 -2.792851 -20.778688 1.844097 -13.111347 -53.946437 8.283100 -14.464158 -1.405462 -12.555494 2.972100 11.731974 -0.647402 8.136445 18.761923 -0.925200 17.491686 50.397870 9.232596 21.677776 -5.360836 0.578018 -2.440905 -5.886316 
111.731994 91.753662 -205.041003 -6.739892 -36.412974 -2.599112 -10.446762 0.238135 2.359659 8.437746 -1.520026 -1.625428 2.126966 10.029080 -1.124333 -0.000000 0.000000 0.000000 5.225959 -3.802132 -0.747036 11.740539 1.025139 0.820587 -13.278883 -8.378758 -0.188118 -0.000000 0.000000 0.000000 11.874513 4.294561 0.230796 3.736470 -2.846344 1.491094 4.284393 1.148964 1.271482 9.383749 -6.573254 0.869347 -1.108672 -7.233961 5.755906 -0.000000 0.000000 0.000000 0.910400 -2.543892 -21.073099 2.396287 -12.318357 -54.550750 8.518742 -13.859162 -1.672701 -12.127611 3.333454 11.975016 -1.224413 8.336980 18.090634 -2.262681 17.697461 49.049682 8.715677 23.948744 -5.948523 -0.053678 -2.112325 -6.003789 
111.853993 91.961467 -206.093001 -6.826140 -35.947008 -2.391065 -10.867634 0.112595 2.211138 9.145117 -2.433197 -1.487558 2.064654 9.559960 -1.335854 -0.000000 0.000000 0.000000 4.892042 -3.963343 -0.530796 11.315250 0.855519 0.810073 -12.492891 -8.507374 -0.262004 -0.000000 0.000000 0.000000 11.997559 4.430435 0.216545 3.633239 -2.745570 1.530113 4.275070 1.232256 1.397671 9.396132 -6.748513 1.469030 -1.020394 -7.152825 5.924422 -0.000000 0.000000 0.000000 1.040242 -2.219067 -21.183840 3.099369 -11.634145 -54.990041 8.832875 -13.603763 -2.050609 -12.053135 3.646207 11.557279 -1.738089 8.252466 17.578898 -3.533310 17.983603 48.027407 7.923876 26.346538 -7.017969 -0.727201 -2.348153 -5.626410 
111.961997 92.196965 -206.973004 -6.873730 -35.679629 -2.049693 -10.738142 -0.194877 1.800947 9.818993 -2.721974 -1.402370 1.292879 9.829088 -0.926492 -0.000000 0.000000 0.000000 4.652125 -3.746113 -0.422912 10.729990 0.749333 0.669113 -11.602072 -8.915705 -0.348181 -0.000000 0.000000 0.000000 11.891364 4.538852 0.087824 3.626362 -2.655983 1.564981 4.245359 1.244259 1.348938 9.566521 -6.793604 1.967776 -1.222230 -7.133888 5.896385 -0.000000 0.000000 0.000000 1.312264 -1.885311 -21.210644 3.848745 -10.934612 -55.179356 9.483583 -13.740399 -2.314023 -11.903845 4.445774 10.113087 -2.173816 7.914045 17.196738 -4.438125 18.511225 47.336740 7.491668 29.143606 -8.522487 -1.596966 -2.684321 -6.125012 
112.112999 92.413163 -207.783008 -7.030237 -35.466880 -1.762125 -10.425872 -0.296516 1.315109 11.047930 -2.378888 -1.280860 0.423126 9.936401 -0.595972 -0.000000 0.000000 0.000000 4.408975 -3.762306 -0.408387 10.411078 0.339601 0.445361 -10.864203 -8.878272 -0.122972 -0.000000 0.000000 0.000000 12.009993 4.636086 -0.006102 3.490458 -2.630885 1.508811 4.230866 1.202280 1.246199 9.548793 -6.715402 2.240488 -1.432341 -7.132244 5.733966 -0.000000 0.000000 0.000000 1.550712 -1.599209 -21.169403 4.482788 -10.341336 -55.284304 9.862880 -14.079355 -2.511757 -11.820109 4.508779 9.014287 -2.618726 7.328500 16.843447 -5.098635 19.133719 46.953015 8.010628 32.209887 -10.542564 -2.172816 -2.631232 -6.697844 
112.279999 92.579561 -208.501983 -7.030728 -35.352354 -1.435290 -10.000272 -0.408770 0.822796 12.417433 -1.734676 -1.173095 -0.503459 10.241274 -0.110450 -0.000000 0.000000 0.000000 4.107588 -3.738947 -0.453786 10.003680 -0.043430 0.308617 -10.223040 -8.757492 0.038492 -0.000000 0.000000 0.000000 11.822845 4.728905 -0.045378 3.548073 -2.644529 1.509146 4.175686 1.165744 1.047651 9.551210 -6.519863 2.329283 -1.716769 -7.071238 5.454949 -0.000000 0.000000 0.000000 1.766297 -1.417550 -21.227199 4.901006 -9.932142 -55.301596 9.854064 -14.236281 -2.625158 -12.083274 4.434266 7.948865 -2.837860 6.627675 16.707556 -5.540426 19.793134 46.735036 9.134503 35.461795 -13.339750 -3.449390 -2.351188 -6.974822 
112.452006 92.686462 -209.115982 -7.032368 -35.306840 -1.248213 -9.452690 -0.288590 0.440975 14.106528 -1.065926 -1.061167 -1.745156 10.518400 0.461857 -0.000000 0.000000 0.000000 3.987004 -3.708299 -0.463488 9.394595 -0.360066 0.246463 -9.677900 -8.531886 0.162768 -0.000000 0.000000 0.000000 11.509286 4.800826 0.057579 3.712603 -2.666673 1.519536 4.023447 1.149671 0.842783 9.694507 -6.388260 2.311976 -2.026638 -6.946083 5.121535 -0.000000 0.000000 0.000000 1.915329 -1.405020 -21.363143 5.141907 -9.501506 -55.318128 9.927110 -14.396741 -2.491121 -11.811122 4.388824 6.984888 -2.862712 6.175211 16.558903 -5.819521 20.089146 46.710432 10.055578 38.723426 -15.927612 -5.579336 -1.933676 -7.401964 
112.652993 92.729461 -209.674001 -7.124094 -35.175217 -1.190040 -8.633957 -0.272344 0.109277 15.741370 -0.643821 -1.008481 -2.857529 10.730720 0.972644 -0.000000 0.000000 0.000000 3.941411 -3.635532 -0.456315 8.867020 -0.641851 0.370693 -9.371438 -8.639580 0.300423 -0.000000 0.000000 0.000000 11.023793 4.808897 0.188072 4.039580 -2.751404 1.555168 4.064573 1.128421 0.740756 9.896864 -6.334275 2.163667 -2.333984 -6.608112 4.882638 -0.000000 0.000000 0.000000 1.909047 -1.738346 -21.393444 4.992657 -9.323268 -55.515457 9.482976 -14.359010 -2.474613 -11.884970 3.905436 7.067411 -2.795252 6.177879 16.313060 -5.967548 20.094605 46.781563 10.853504 41.763858 -18.234236 -6.958953 -1.430147 -7.926734 
112.856996 92.738962 -210.151005 -7.275847 -35.078524 -1.325710 -7.505094 -0.089460 -0.027552 17.144564 -0.761100 -1.018686 -4.564308 10.868637 1.638676 -0.000000 0.000000 0.000000 3.830451 -3.591950 -0.388453 8.717299 -0.903693 0.562192 -9.182048 -8.585624 0.417067 -0.000000 0.000000 0.000000 10.680955 4.759620 0.379389 4.285620 -2.795648 1.599449 3.971376 1.128509 0.729966 10.103165 -6.402473 1.989794 -2.555203 -6.246616 4.693656 -0.000000 0.000000 0.000000 1.770113 -2.082179 -21.411987 4.691269 -9.054956 -55.746210 9.279135 -14.239882 -2.366611 -11.805551 3.887268 7.028925 -2.681893 6.367649 16.112522 -5.905229 19.623602 46.989362 11.923069 44.418790 -20.336786 -7.255139 -0.578859 -8.273387 
113.089991 92.734569 -210.632992 -7.597222 -34.829113 -1.629570 -6.109916 0.184543 -0.087213 18.239557 -1.212917 -0.939141 -6.111473 10.918480 2.057231 -0.000000 0.000000 0.000000 3.780393 -3.557742 -0.170072 8.727722 -1.011308 0.596389 -9.039768 -8.697687 0.493202 -0.000000 0.000000 0.000000 10.782871 4.608907 0.508465 4.282483 -2.882594 1.592021 3.869702 1.065510 0.843644 10.156495 -6.460324 1.845248 -2.650710 -5.806025 4.653170 -0.000000 0.000000 0.000000 1.543632 -2.517608 -21.285441 4.301938 -8.777507 -55.929676 9.124570 -14.483016 -2.293080 -11.874670 3.822090 7.345710 -2.652665 6.694761 15.682087 -5.577943 18.850054 47.659017 12.566186 46.713495 -21.789531 -6.794232 -0.623504 -8.306958 
113.317001 92.729169 -211.020994 -7.936041 -34.572107 -2.018547 -4.458659 0.579699 -0.069592 18.903641 -1.927303 -0.854574 -8.047285 11.022636 2.648286 -0.000000 0.000000 0.000000 3.883257 -3.556266 0.074053 8.571395 -0.948200 0.626596 -8.837847 -8.774009 0.566935 -0.000000 0.000000 0.000000 10.766888 4.421901 0.570001 4.346257 -2.973821 1.658827 3.795426 0.959523 0.978045 10.248992 -6.500130 1.789152 -2.740549 -5.520948 4.664130 -0.000000 0.000000 0.000000 1.347442 -2.999106 -21.090111 3.841577 -8.696362 -56.021139 9.258774 -14.858815 -2.237597 -11.699691 4.137455 7.513578 -2.617398 7.030984 15.550567 -5.068089 18.224753 48.139851 12.773796 47.976514 -22.106594 -5.815321 -0.252516 -9.351996 
113.576996 92.725062 -211.384988 -8.151937 -34.258060 -2.349865 -2.848312 0.998029 -0.047578 19.216698 -2.446518 -0.715956 -9.518899 11.057858 2.935969 -0.000000 0.000000 0.000000 3.808049 -3.582629 0.318475 8.553490 -1.136277 0.667033 -8.633943 -8.794287 0.665531 -0.000000 0.000000 0.000000 10.638724 4.196789 0.555887 4.439472 -3.044078 1.757123 3.747201 0.857640 1.050968 10.317955 -6.385904 1.805168 -2.769501 -5.402534 4.716522 -0.000000 0.000000 0.000000 1.137746 -3.432168 -20.955956 3.332684 -9.076872 -55.872962 9.282770 -15.360648 -2.068696 -11.603039 3.953973 8.146322 -2.533164 7.069925 15.676528 -4.404094 17.858556 48.694758 13.113574 48.307640 -22.192907 -5.985703 -0.224870 -9.524155 
113.896000 92.724961 -211.708999 -8.345988 -33.907469 -2.704131 -1.283689 1.328418 -0.056140 19.242406 -2.985224 -0.520705 -10.804154 11.104091 3.234964 -0.000000 0.000000 0.000000 3.750710 -3.747750 0.535730 8.481597 -1.387871 0.708302 -8.336971 -8.682090 0.837150 -0.000000 0.000000 0.000000 10.569878 3.958151 0.593891 4.419787 -3.128514 1.805406 3.707456 0.727442 1.083758 10.374127 -6.282878 1.776183 -2.795154 -5.349258 4.756868 -0.000000 0.000000 0.000000 0.905626 -3.736358 -20.804533 2.732291 -9.604635 -55.630770 9.347434 -15.924721 -1.847661 -11.438698 3.545072 8.829632 -2.449944 7.006680 15.891498 -3.719744 17.528973 49.413695 12.915278 47.641312 -21.318857 -5.875049 -0.181582 -9.782652 
114.273000 92.714363 -211.992002 -8.430897 -33.637952 -2.955500 0.044530 1.524727 -0.181462 19.141825 -3.630947 -0.384026 -11.708445 11.106093 3.480826 -0.000000 0.000000 0.000000 3.525100 -3.849674 0.662599 8.606931 -1.672632 0.783604 -8.222652 -8.684896 1.137981 -0.000000 0.000000 0.000000 10.416054 3.700520 0.579211 4.332101 -3.135361 1.801619 3.758345 0.602007 1.078572 10.306068 -6.219545 1.669974 -2.737495 -5.446127 4.787987 -0.000000 0.000000 0.000000 0.696385 -3.878700 -20.590308 2.112721 -10.355014 -55.346900 9.238179 -16.699722 -1.646978 -11.625823 3.038608 9.551664 -2.367509 6.823962 16.238435 -3.067894 17.313266 50.162859 12.133050 46.024324 -19.510749 -5.088257 -0.085094 -10.398920 
114.721000 92.725468 -212.229991 -8.532695 -33.314809 -3.314773 1.344815 1.528865 -0.278806 18.550237 -4.482678 -0.291850 -12.068183 11.120180 3.484906 -0.000000 0.000000 0.000000 3.335351 -4.040025 0.780302 8.539692 -1.787195 0.803755 -7.741873 -8.452009 1.349983 -0.000000 0.000000 0.000000 10.367184 3.526483 0.638363 4.300075 -3.151839 1.875386 3.671369 0.531077 1.107857 10.254288 -6.298435 1.388221 -2.685353 -5.659752 4.862870 -0.000000 0.000000 0.000000 0.358579 -3.992502 -20.345964 1.099606 -10.911891 -55.268435 8.629563 -17.323134 -1.658048 -11.241457 2.666655 9.811465 -2.113427 6.717801 16.584082 -2.183545 16.700885 50.836393 11.274230 44.227582 -17.772486 -4.408922 -0.779476 -9.957956 
115.217996 92.716366 -212.456989 -8.652097 -32.971048 -3.771796 2.612696 1.677005 -0.290190 17.467281 -5.632109 -0.207231 -12.053652 10.854265 3.216524 -0.000000 0.000000 0.000000 3.126541 -4.344317 0.925783 8.610704 -2.031312 0.989235 -7.393141 -8.286382 1.576839 -0.000000 0.000000 0.000000 10.402223 3.277412 0.715289 4.203203 -3.090532 1.915753 3.612890 0.451691 1.159556 10.203991 -6.634879 1.154027 -2.423298 -6.155038 4.984041 -0.000000 0.000000 0.000000 0.193355 -3.993418 -20.221022 0.386121 -11.712202 -55.082013 8.040287 -18.494817 -1.590190 -11.896622 1.822999 10.365173 -1.849482 6.653070 17.110648 -1.339652 16.124983 51.211684 9.960657 41.697366 -15.213795 -3.562447 -0.813855 -10.189084 
115.790999 92.674869 -212.667990 -8.501536 -32.556418 -4.125153 3.340326 1.649079 -0.214822 16.390904 -7.030088 -0.235601 -11.684614 10.224609 3.139025 -0.000000 0.000000 0.000000 2.918023 -4.450019 1.152624 8.212848 -2.271865 1.131466 -6.964842 -8.374827 1.625046 -0.000000 0.000000 0.000000 10.121457 2.947959 0.710256 4.162048 -3.075094 2.073636 3.581796 0.274335 1.221766 10.413632 -7.193230 1.012017 -2.046930 -6.850744 5.105288 -0.000000 0.000000 0.000000 0.183202 -3.725540 -20.189319 -0.267754 -12.695758 -54.940142 7.631004 -19.927754 -1.333821 -12.792245 1.523689 10.485875 -1.693461 6.446116 17.848036 -0.275896 15.969132 51.225545 9.094450 38.423109 -12.859502 -2.878101 -1.253074 -10.230338 
116.470993 92.612666 -212.922001 -8.342348 -32.287443 -4.485721 3.785270 1.696053 -0.177147 15.227914 -8.144386 -0.068464 -11.943385 9.709368 3.595298 -0.000000 0.000000 0.000000 2.559000 -4.397326 1.322009 7.895371 -2.543854 1.339036 -6.576799 -8.609382 1.828258 -0.000000 0.000000 0.000000 10.109430 2.633802 0.626287 3.919380 -2.954650 2.089257 3.599090 0.201883 1.313337 10.592499 -8.171117 1.155130 -1.346061 -7.862538 5.548404 -0.000000 0.000000 0.000000 0.180639 -3.544222 -19.975900 -0.947720 -13.684758 -54.951753 7.327130 -21.416475 -1.161534 -13.202904 0.964036 10.702608 -1.383534 6.481569 18.295975 0.096007 15.423997 51.544042 7.416836 34.370786 -9.746966 -1.883055 -1.296870 -9.911164 
117.210996 92.578965 -213.156986 -8.323370 -32.161957 -5.080817 4.193237 1.752052 0.092508 13.697236 -8.771139 0.091934 -11.784080 9.650248 3.577288 -0.000000 0.000000 0.000000 2.168861 -4.229931 1.673927 7.824073 -2.546955 1.313377 -6.004684 -8.771759 1.928518 -0.000000 0.000000 0.000000 10.302741 2.242005 0.574744 3.581250 -2.805346 2.114273 3.642051 0.031186 1.433329 11.091214 -9.457670 1.481216 -0.522599 -9.055768 6.006121 -0.000000 0.000000 0.000000 0.172054 -2.967103 -19.741528 -1.665404 -14.684371 -55.139514 7.178349 -22.591503 -1.164205 -13.166973 0.440844 10.658122 -1.628487 6.262595 18.662132 0.175903 15.178769 51.556933 5.455680 28.756585 -5.318182 -1.185750 -1.322496 -9.581249 
118.024993 92.542863 -213.439989 -8.163056 -32.228020 -5.473980 4.208227 1.821528 0.384352 12.436327 -8.716511 -0.310498 -11.542538 9.671636 3.662318 -0.000000 0.000000 0.000000 1.459844 -4.148286 1.915833 7.949116 -2.733757 1.200117 -5.605449 -8.812984 2.140057 -0.000000 0.000000 0.000000 10.343565 1.933565 0.222682 3.612545 -2.673937 2.155021 3.656673 -0.065656 1.503129 11.394398 -10.615062 2.045900 -0.043259 -10.308390 6.634777 -0.000000 0.000000 0.000000 0.296552 -2.732760 -19.786693 -1.928638 -15.691790 -55.003717 7.315354 -24.361912 -0.450829 -13.392114 0.130117 10.620180 -1.424631 6.448660 19.033627 0.234124 14.930814 51.766232 4.060923 23.784205 -2.763642 -1.505086 -2.052426 -8.257207 
118.864000 92.546064 -213.772988 -8.071093 -32.430171 -5.991896 4.257936 1.800053 0.807280 11.158370 -8.706878 -0.730146 -11.146053 9.777896 3.649941 -0.000000 0.000000 0.000000 0.721381 -3.926069 2.410888 7.858050 -2.590380 0.837651 -4.840820 -9.184354 2.111034 -0.000000 0.000000 0.000000 10.608039 1.568096 -0.167885 3.492408 -2.553985 2.186486 3.702300 -0.230393 1.627763 11.710272 -11.664156 2.532117 0.400853 -11.154000 7.243366 -0.000000 0.000000 0.000000 0.575381 -2.447529 -19.949278 -1.893074 -16.721469 -54.607516 7.725193 -25.924992 0.126757 -14.227607 -0.531414 10.653286 -1.639303 6.391961 19.372302 0.367108 14.833301 51.714519 3.822201 18.587018 -0.415980 -0.213667 -2.230206 -6.949736 
119.730997 92.573762 -214.156008 -7.315675 -32.757813 -6.074083 3.540178 1.402193 1.201146 10.034648 -8.169598 -1.442770 -10.505225 10.003560 3.630908 -0.000000 0.000000 0.000000 -0.998639 -3.328639 2.793835 8.511793 -2.764944 0.510084 -4.226344 -9.377735 2.185867 -0.000000 0.000000 0.000000 10.298698 1.317779 -0.916102 3.569544 -2.460598 2.681225 3.779266 -0.428496 1.490514 11.673446 -11.881777 3.133400 0.970515 -12.549498 7.803546 -0.000000 0.000000 0.000000 0.983861 -1.995212 -20.002745 -2.077697 -18.273855 -54.389911 8.132906 -26.497734 0.812053 -15.319826 -0.879365 9.915806 -1.348604 4.588400 20.507587 0.524881 16.082394 51.532459 6.323044 14.575084 -0.877395 -1.804291 -2.890369 -3.167323 
120.613992 92.618561 -214.542985 -7.183112 -33.443621 -6.364008 3.691872 1.072759 1.146161 8.427356 -7.932492 -1.700695 -9.900053 10.555866 4.091729 -0.000000 0.000000 0.000000 -2.436295 -2.960547 2.887313 9.468697 -2.424712 0.292690 -3.721865 -9.462552 2.366796 -0.000000 0.000000 0.000000 10.613886 1.023203 -1.186440 3.379507 -2.280161 2.163091 3.742099 -0.419803 1.598531 12.182074 -12.940799 3.239712 1.114029 -12.821215 8.370407 -0.000000 0.000000 0.000000 0.840366 -2.190883 -19.812802 -1.854497 -18.472482 -54.080611 7.950627 -26.669320 0.490007 -14.617870 -1.060411 9.905979 -1.166248 5.776996 19.715409 0.485556 14.845268 52.362871 5.296360 11.284061 1.388057 1.889489 -3.108163 -3.394333 
121.451998 92.643058 -214.936996 -6.869552 -34.276709 -6.508064 3.639313 0.746625 1.205975 6.862940 -7.588323 -2.233977 -9.143059 11.267383 4.452112 -0.000000 0.000000 0.000000 -4.262226 -2.433314 2.927494 10.801575 -2.237702 0.227687 -3.500298 -9.559803 2.597157 -0.000000 0.000000 0.000000 10.913584 0.815935 -1.800345 3.036329 -2.142621 2.170313 3.882859 -0.565638 1.489763 12.035651 -12.860438 3.297996 1.478085 -13.308560 8.641672 -0.000000 0.000000 0.000000 1.038923 -1.967364 -19.570985 -2.031505 -18.793864 -53.911106 8.308487 -26.077258 0.437057 -14.515475 -0.360603 9.115536 -0.977039 4.898632 19.942842 1.232058 14.790134 52.632048 6.343383 10.400120 1.208240 1.637287 -3.176048 -1.911424 
122.192001 92.646968 -215.274000 -6.530636 -35.122701 -6.577080 3.446809 0.548946 1.196553 5.679464 -7.051495 -2.429440 -8.695259 11.385195 4.586639 -0.000000 0.000000 0.000000 -6.158148 -2.085056 2.813563 12.510710 -2.224581 0.319755 -3.857066 -9.222027 2.981592 -0.000000 0.000000 0.000000 10.879407 0.615816 -2.085880 3.093011 -2.150900 1.997208 3.873257 -0.800510 1.312783 11.918165 -12.534037 2.931903 1.399471 -13.450843 8.537154 -0.000000 0.000000 0.000000 1.156008 -2.009439 -19.813864 -1.695065 -18.843187 -53.260826 7.545643 -25.196108 0.222462 -13.839980 -0.037261 8.717848 -0.417665 4.112285 20.306127 2.308357 14.404517 52.744342 6.759163 11.489302 0.174345 0.480780 -3.054158 -1.330348 
122.870004 92.677766 -215.559983 -6.588877 -35.773185 -6.821575 3.648151 0.411303 1.214834 4.569773 -6.747852 -2.775954 -8.186409 11.710689 4.691902 -0.000000 0.000000 0.000000 -7.329534 -1.775891 2.605558 13.969276 -1.842327 0.357655 -4.235863 -8.797886 3.297528 -0.000000 0.000000 0.000000 11.145734 0.498046 -2.266971 3.057995 -2.180101 1.786272 3.952418 -0.952175 1.101691 11.778454 -12.179558 2.592572 1.233489 -13.455054 8.490143 -0.000000 0.000000 0.000000 1.203177 -2.317645 -19.809131 -1.715610 -18.774260 -52.974315 7.068451 -23.213634 -0.229569 -13.320297 0.040242 8.956104 -0.050696 3.879067 20.217979 3.198076 14.145505 53.012105 7.045174 12.050890 -0.008355 -0.852488 -2.495458 -2.083823 
123.467004 92.732459 -215.822005 -6.358136 -35.928940 -6.894646 3.316237 0.940450 1.320036 3.878207 -6.996584 -2.925578 -7.620214 11.499472 4.550401 -0.000000 0.000000 0.000000 -8.420134 -1.648569 2.446428 15.641320 -1.562570 0.373269 -5.008655 -8.695874 3.227440 -0.000000 0.000000 0.000000 11.238077 0.279071 -2.445613 3.042672 -2.330106 1.869251 4.021510 -1.201915 0.938717 11.481368 -11.712978 2.127892 0.964854 -13.441922 8.233619 -0.000000 0.000000 0.000000 1.319252 -2.498059 -19.926703 -2.020008 -18.547262 -52.805376 7.000805 -20.795030 -0.552448 -12.750807 0.422191 9.310725 0.455941 2.899279 20.658445 4.294347 13.708189 52.842889 8.111749 13.999200 -1.309994 -2.126049 -1.982651 -2.083450 
124.004996 92.813867 -216.033983 -6.467278 -36.009283 -7.228701 3.353123 1.472582 1.422449 3.305850 -7.383338 -2.938230 -7.269219 11.383097 4.477400 -0.000000 0.000000 0.000000 -8.781382 -1.542753 2.415709 17.221468 -1.277008 0.229938 -5.724563 -8.579631 2.948144 -0.000000 0.000000 0.000000 11.399136 0.073262 -2.351699 3.022107 -2.372888 1.687968 4.046040 -1.295359 0.867743 11.753072 -11.715996 1.826230 0.659780 -13.140922 8.085091 -0.000000 0.000000 0.000000 1.348374 -2.922362 -19.769813 -2.257690 -18.303780 -53.046019 7.031698 -18.037632 -0.786916 -12.655699 0.762336 9.563955 0.430179 3.362408 19.989130 4.828920 13.411814 53.633154 8.031663 13.412832 -0.778182 -3.038693 -0.833049 -3.305083 
124.432993 92.892766 -216.146994 -6.530834 -36.116624 -7.449844 3.439210 1.679074 1.403581 2.823998 -7.427955 -2.921073 -7.157026 11.305534 4.401846 -0.000000 0.000000 0.000000 -8.851714 -1.303637 2.242628 18.592319 -0.893115 0.157080 -6.472980 -8.540219 2.830851 -0.000000 0.000000 0.000000 11.292429 0.085572 -2.265856 3.204504 -2.489925 1.654990 4.140455 -1.364572 0.731816 11.705117 -11.487183 1.434482 0.276094 -13.066688 7.926137 -0.000000 0.000000 0.000000 1.310287 -3.290617 -19.720199 -2.475279 -17.913739 -53.261515 6.642891 -15.324580 -1.028020 -11.894900 1.481284 9.956465 1.034865 2.887408 20.008087 5.671975 13.005203 53.686565 9.461676 15.284568 -1.891284 -3.285507 -1.102940 -3.447835 
124.802995 92.974961 -216.340995 -6.687636 -36.219480 -7.814832 3.449616 2.021108 1.592808 2.628679 -7.679280 -2.880507 -7.094389 11.287480 4.283300 -0.000000 0.000000 0.000000 -8.658358 -0.854841 2.405600 19.551747 -0.326627 -0.063811 -6.930307 -8.689544 2.518677 -0.000000 0.000000 0.000000 11.499221 0.013067 -2.140500 2.943333 -2.411141 1.571321 4.222734 -1.368490 0.731093 11.814579 -11.415698 1.322401 0.201381 -12.806370 7.781106 -0.000000 0.000000 0.000000 1.282061 -3.358089 -19.479787 -2.827121 -17.518401 -53.610140 6.854021 -12.935441 -1.210250 -11.376840 2.032560 9.680650 0.756712 2.859345 19.476963 5.883205 12.714888 54.398441 9.417322 14.523022 -1.388261 -3.801571 -0.664780 -3.476209 
125.007999 93.034363 -216.390991 -6.585280 -35.794298 -7.957326 3.359937 1.922995 1.810393 2.528707 -7.928525 -2.860480 -7.079554 11.187704 4.098032 -0.000000 0.000000 0.000000 -8.295968 -0.895032 2.551458 20.117892 -0.081626 -0.440218 -7.303701 -8.745720 2.384068 -0.000000 0.000000 0.000000 11.055396 0.053675 -2.150168 3.362215 -2.647389 1.761474 4.163634 -1.455073 0.738318 11.827398 -11.261685 1.243285 -0.201808 -12.683778 7.766880 -0.000000 0.000000 0.000000 1.381637 -3.509489 -19.608597 -2.705874 -17.158354 -53.509912 6.621700 -11.620553 -1.297921 -10.922416 2.635815 9.753893 1.198626 2.679787 19.717546 6.329743 12.319625 54.215837 9.779072 15.341319 -1.632185 -4.429146 -0.763729 -3.262621 
125.120997 93.043667 -216.553998 -6.792836 -36.275918 -8.166538 3.146414 2.270424 1.787086 2.670403 -7.844024 -2.794280 -6.967790 11.257184 4.029239 -0.000000 0.000000 0.000000 -7.591853 -0.186139 2.647324 19.988226 0.927310 -0.994279 -7.591977 -8.812416 2.296338 -0.000000 0.000000 0.000000 11.316483 0.110457 -2.301254 2.847212 -2.336750 1.498215 4.256543 -1.292932 0.787591 11.447981 -10.763558 1.249420 -0.348487 -12.168463 7.663622 -0.000000 0.000000 0.000000 1.397192 -3.193807 -19.449275 -2.275292 -16.521504 -53.208479 6.707184 -10.750455 -1.610854 -10.786382 2.955585 9.671664 0.889689 2.544739 19.504410 6.535864 12.327304 54.722782 9.393211 14.921137 -0.786884 -4.866198 -1.021032 -2.879140 
125.238991 93.061066 -216.641998 -7.117547 -36.185393 -8.468580 3.331549 2.315519 1.884966 2.637052 -8.017508 -2.767760 -6.827604 11.240645 4.074207 -0.000000 0.000000 0.000000 -6.482946 -0.172031 2.612422 18.891280 1.604832 -1.040887 -7.370621 -8.557297 2.477663 -0.000000 0.000000 0.000000 11.496233 0.443430 -2.457692 2.990651 -2.318936 1.635670 4.165682 -1.048539 0.978414 11.000882 -10.487972 1.117123 -0.562407 -12.032066 7.754541 -0.000000 0.000000 0.000000 1.418464 -3.285617 -19.660689 -2.191138 -15.830581 -52.856711 6.499023 -10.893577 -1.655944 -10.592375 2.919452 9.254242 1.052989 2.979721 20.134832 7.059424 11.290854 55.063589 8.470086 16.011100 -2.583436 -3.021977 -0.973206 -2.807585 
125.249994 92.999065 -216.593003 -6.907012 -36.186141 -8.177236 3.199629 2.077460 1.714818 2.635547 -7.731251 -2.850089 -6.912321 11.214165 3.998890 -0.000000 0.000000 0.000000 -5.623093 0.049135 2.297293 17.282277 2.142605 -0.917333 -7.237053 -8.153898 2.829810 -0.000000 0.000000 0.000000 10.711213 0.587933 -2.662838 3.383553 -2.258953 1.670997 4.145452 -1.100367 0.940120 10.733341 -9.923433 1.029131 -0.901599 -11.542189 7.345687 -0.000000 0.000000 0.000000 1.671332 -2.788393 -19.964576 -1.700929 -15.816158 -52.239632 5.519698 -11.190544 -1.660327 -11.085558 2.169770 9.637741 1.226735 2.771789 20.864121 7.429867 12.263381 53.688001 7.925119 16.522931 -1.037255 -7.719205 0.484083 -2.492322 
125.248003 92.939663 -216.566992 -7.102168 -35.909228 -8.222476 3.376623 1.957618 1.705530 2.589867 -7.923078 -2.927776 -6.836417 11.285038 4.096146 -0.000000 0.000000 0.000000 -4.735954 -0.132586 2.205940 16.140378 2.675320 -0.951263 -6.923803 -7.931652 3.023485 -0.000000 0.000000 0.000000 10.651063 0.781065 -2.660451 3.338603 -2.275722 1.615906 4.161873 -0.908486 0.920591 10.744270 -9.659161 1.137169 -1.226776 -11.442125 7.426902 -0.000000 0.000000 0.000000 1.546508 -2.539773 -19.701353 -1.722655 -15.497773 -52.174205 5.701703 -11.451929 -1.791373 -11.494270 2.504233 9.745331 1.074634 2.846124 20.517344 6.760596 12.561252 54.534514 8.773585 15.297742 -1.488070 -3.337066 -1.523328 -3.278642 
125.059998 92.876160 -216.439986 -6.972555 -35.250356 -7.716862 3.406525 2.094219 1.488398 2.471601 -8.210169 -3.343163 -6.232205 10.774452 5.004465 -0.000000 0.000000 0.000000 -2.991031 -1.055459 1.396909 13.040343 4.100971 -0.209114 -5.521210 -8.308523 2.910713 -0.000000 0.000000 0.000000 10.165976 1.133107 -3.048144 3.536374 -2.403327 1.921186 3.492897 -1.201763 0.916910 11.073412 -10.700911 0.298172 -1.405351 -9.265998 7.898498 -0.000000 0.000000 0.000000 2.455210 -1.971648 -20.314717 -1.428462 -14.637655 -50.973964 7.468829 -13.154701 -1.718029 -14.794150 2.796164 11.225564 1.301147 2.345770 21.447896 7.934109 13.115597 53.687184 7.872995 16.654964 -2.783729 -4.595997 -1.828437 -1.944684 
124.909997 92.809170 -216.349006 -7.006085 -34.528949 -7.292174 3.549829 1.532454 1.248822 2.592685 -8.217991 -3.564623 -6.379513 10.569990 5.001441 -0.000000 0.000000 0.000000 -1.302121 -1.831456 0.871752 10.583998 3.570339 0.119260 -5.240466 -8.005360 2.801100 -0.000000 0.000000 0.000000 9.425195 1.564009 -3.216567 4.061465 -2.731920 1.958380 3.404198 -1.224782 0.912146 11.123446 -10.056316 0.039192 -1.846832 -9.109268 7.659884 -0.000000 0.000000 0.000000 2.355442 -1.813742 -20.448034 -1.596352 -14.463052 -50.688284 5.974901 -12.926065 -1.269865 -15.763631 2.905968 10.665884 1.480639 2.278487 21.862382 7.440231 13.675290 53.484034 8.304240 16.263744 -4.086217 -6.773478 -1.981443 -0.840676 
124.713993 92.788261 -216.192985 -7.479737 -33.868725 -7.286403 4.250593 1.460048 1.102708 2.395692 -8.748745 -3.681072 -6.378841 10.629362 5.046579 -0.000000 0.000000 0.000000 0.392549 -2.484068 0.600200 9.071880 3.670459 0.063988 -5.359081 -8.000481 2.945539 -0.000000 0.000000 0.000000 9.268684 1.800962 -3.087304 4.189431 -2.694142 1.756977 3.260664 -1.076825 1.022463 11.256192 -10.522190 -0.160715 -1.957155 -8.277828 7.549436 -0.000000 0.000000 0.000000 1.990923 -1.633855 -20.404100 -1.883252 -14.074401 -50.454991 5.082539 -12.464468 -1.416670 -16.906402 2.844466 10.859737 0.760734 3.335092 21.475821 7.080155 12.857935 52.872182 5.040630 15.273679 -1.650860 -6.324742 -1.422718 -1.097499 
124.483001 92.796963 -216.087008 -7.698458 -33.257239 -7.231268 4.589923 1.257328 1.056373 2.398587 -8.997744 -3.614737 -6.368167 10.548703 4.950629 -0.000000 0.000000 0.000000 1.257031 -2.825820 0.509768 8.356329 3.550852 0.173087 -5.267659 -8.110060 2.950405 -0.000000 0.000000 0.000000 8.940009 1.957858 -2.865193 4.267050 -2.735566 1.693588 3.102263 -0.979655 0.956913 11.268259 -10.409462 -0.219846 -2.128771 -8.013858 7.448486 -0.000000 0.000000 0.000000 1.800127 -1.402817 -20.412107 -2.215060 -13.751035 -50.083617 4.186563 -12.135186 -1.230339 -17.587634 2.638422 10.903714 0.535071 3.419284 21.303079 6.259808 12.688124 52.578237 4.374766 14.138673 -1.870424 -4.807457 -1.274920 -1.580697 
124.269998 92.833966 -215.973997 -8.031387 -32.460827 -7.270215 5.063271 1.287312 0.992671 2.471138 -9.529953 -3.320548 -6.347214 10.280681 4.767398 -0.000000 0.000000 0.000000 2.494761 -2.832423 0.521063 7.380658 3.495709 0.316136 -5.043292 -8.661138 2.901103 -0.000000 0.000000 0.000000 8.768196 1.982768 -2.655395 4.236309 -2.713325 1.702439 3.109897 -0.895192 1.029583 11.055736 -10.366648 -0.300719 -2.260140 -7.641226 7.291816 -0.000000 0.000000 0.000000 1.647360 -1.193988 -20.162080 -2.982869 -13.359988 -49.699273 2.962304 -11.265338 -1.417981 -17.763652 1.883226 11.647722 0.251390 3.459483 21.056474 5.218354 12.308568 51.432267 3.063953 12.595594 -1.770126 -4.485447 0.271963 -2.364026 
123.930001 92.862666 -215.839005 -8.164266 -31.728033 -7.115799 5.680690 1.185685 0.952347 1.946209 -9.913010 -3.247794 -6.167416 10.168723 4.484462 -0.000000 0.000000 0.000000 3.429310 -3.016937 0.497447 6.581509 3.352481 0.412851 -4.996938 -9.092576 2.936259 -0.000000 0.000000 0.000000 8.270544 2.070829 -2.636878 4.423543 -2.758893 1.678821 3.097437 -0.815329 1.020834 10.902898 -10.024018 -0.058064 -2.484715 -7.423567 7.235336 -0.000000 0.000000 0.000000 1.487456 -1.085456 -19.877655 -3.444952 -13.142740 -48.717742 2.041523 -10.551523 -1.695148 -18.441200 0.698425 11.327531 0.095909 3.196365 20.528793 3.327598 11.942585 50.584474 1.406287 10.432877 -1.816770 -3.589949 -0.069215 -2.027474 
123.628998 92.869759 -215.798998 -8.241590 -31.151044 -6.932680 6.063497 1.132618 0.965674 1.597186 -10.175176 -3.238464 -5.946253 10.041958 4.301929 -0.000000 0.000000 0.000000 3.971240 -3.190587 0.421558 6.266473 3.208679 0.567867 -4.917837 -9.227462 2.858986 -0.000000 0.000000 0.000000 7.914736 2.220937 -2.821053 4.507413 -2.905231 1.984110 3.033552 -0.840861 1.025986 10.673866 -9.378787 -0.040725 -2.902559 -7.513787 7.210344 -0.000000 0.000000 0.000000 1.252756 -0.886683 -19.519581 -3.611223 -12.896065 -47.541632 0.998601 -10.332465 -1.782826 -19.166675 0.913972 10.908717 -0.537525 2.009779 20.649942 2.299058 11.612232 49.044206 0.551625 9.845953 -3.840320 -2.664921 -1.009050 -0.815543 
123.282993 92.912662 -215.723014 -8.576664 -30.517018 -7.101316 6.820890 1.324699 1.281990 1.051601 -10.631342 -3.264653 -5.664635 9.864438 3.927078 -0.000000 0.000000 0.000000 4.770571 -3.941282 0.521063 5.754975 2.500746 1.321329 -4.513884 -9.701696 3.044584 -0.000000 0.000000 0.000000 7.581399 2.276715 -2.616863 5.006888 -3.049173 2.013254 2.718305 -0.789347 1.055035 10.706081 -9.011157 0.128674 -3.423828 -7.362344 7.058321 -0.000000 0.000000 0.000000 0.922050 -0.970967 -19.049884 -3.756359 -12.311829 -46.159744 0.633402 -10.108684 -1.042501 -18.021244 1.722439 10.489462 -0.767437 2.697796 20.038127 1.000675 11.186025 47.481468 -0.952423 7.878962 -4.679815 -2.472127 -0.756379 -1.213091 
122.975993 92.870766 -215.723014 -8.661918 -30.226091 -6.806077 7.107473 1.369975 1.122577 0.870769 -10.885467 -3.245409 -5.659355 9.850374 3.894129 -0.000000 0.000000 0.000000 5.242936 -3.567426 0.485169 6.497209 4.174100 0.651206 -5.535832 -9.859896 2.344625 -0.000000 0.000000 0.000000 7.033143 2.314242 -2.653673 5.370504 -3.012274 1.845393 2.697350 -0.714976 0.997065 10.473319 -9.100732 0.171159 -3.656449 -6.852998 6.933240 -0.000000 0.000000 0.000000 0.517119 -1.363502 -18.435038 -4.048386 -11.563152 -44.163607 -0.000395 -9.550406 -0.921324 -15.890496 0.795888 11.739619 -0.816503 3.476808 18.960045 -0.142471 10.887855 45.652605 -2.417240 6.557451 -5.019038 -1.308211 -0.505612 -1.545316 
122.643995 92.894763 -215.686011 -8.922112 -29.900105 -6.754410 7.642169 1.527932 1.115279 0.559935 -11.345724 -3.187125 -5.511655 10.024734 3.633634 -0.000000 0.000000 0.000000 5.954856 -3.740959 0.554648 6.069981 4.397534 0.693208 -5.524420 -10.278670 2.280229 -0.000000 0.000000 0.000000 6.829015 2.391702 -2.647554 5.462284 -2.991964 1.793120 2.746648 -0.639005 1.022328 10.382812 -9.102935 0.134534 -3.968377 -6.562379 6.882225 -0.000000 0.000000 0.000000 0.033183 -1.483495 -17.666972 -4.277689 -11.279442 -42.125698 -1.138267 -9.014555 -0.912226 -15.421132 0.583293 12.646817 -1.203463 3.502009 17.989024 -0.658587 10.356287 42.734256 -3.235295 6.137721 -4.590005 -2.349012 -1.000150 -1.591996 
122.333002 92.913163 -215.660000 -9.170534 -29.665496 -6.673298 8.094038 1.680718 1.029968 0.342298 -11.758084 -3.077668 -5.354570 10.231514 3.425386 -0.000000 0.000000 0.000000 6.700566 -3.892218 0.519462 5.749941 4.883838 0.620249 -5.646803 -10.473196 2.499522 -0.000000 0.000000 0.000000 6.663241 2.462898 -2.551315 5.455075 -2.967974 1.647642 2.889484 -0.557243 0.971537 10.426412 -9.140293 0.027131 -4.324699 -6.186388 6.704797 -0.000000 0.000000 0.000000 -0.535486 -1.496336 -16.686939 -4.666471 -11.012089 -39.882881 -2.071487 -8.288456 -1.099519 -14.579869 0.224004 13.675818 -1.752955 3.400951 16.785759 -1.605744 9.690110 39.748382 -4.457540 5.216030 -3.969105 -2.155038 -0.930160 -2.097600 
122.033989 92.928767 -215.633988 -9.452632 -29.481542 -6.651249 8.628492 1.878701 1.002018 0.005275 -12.172780 -3.020600 -5.171907 10.464185 3.178786 -0.000000 0.000000 0.000000 7.365905 -4.170058 0.482468 5.318909 5.255323 0.737729 -5.620258 -10.735002 2.590356 -0.000000 0.000000 0.000000 6.493296 2.521587 -2.389916 5.561487 -3.004187 1.519410 2.926166 -0.502198 0.917461 10.464477 -9.236594 -0.186133 -4.571883 -5.824461 6.595513 -0.000000 0.000000 0.000000 -1.071936 -1.608300 -15.684865 -5.022717 -10.601475 -37.507278 -3.404516 -7.724028 -1.093701 -13.891880 -0.070496 14.281669 -2.326454 3.345639 15.419327 -2.717839 8.951458 36.712694 -6.005986 4.305653 -3.597173 -2.022336 -1.523857 -1.878982 
121.715999 92.927265 -215.559006 -9.703786 -29.238372 -6.636011 9.289978 2.008393 1.068996 -0.573248 -12.671971 -3.084907 -4.973293 10.746790 2.925182 -0.000000 0.000000 0.000000 8.185202 -4.477597 0.487603 4.641529 5.732223 0.844964 -5.572135 -11.047567 2.622739 -0.000000 0.000000 0.000000 6.214909 2.539636 -2.217359 5.692806 -3.088374 1.447886 3.012027 -0.497665 0.896658 10.617574 -9.212177 -0.442480 -4.858644 -5.271531 6.325652 -0.000000 0.000000 0.000000 -1.584678 -1.593293 -14.736311 -5.374186 -10.225656 -34.908787 -4.553064 -7.146123 -1.288435 -13.381629 -0.700901 15.265808 -2.852570 3.343034 14.200618 -3.610746 8.207376 33.191126 -7.371251 3.649197 -3.046963 -1.391016 -1.634725 -2.452188 
121.429992 92.933863 -215.520000 -9.986769 -29.234247 -6.647428 10.058877 2.150580 1.129854 -1.362534 -13.065391 -3.226889 -4.716972 11.121890 2.674628 -0.000000 0.000000 0.000000 8.873991 -4.671598 0.462188 4.069914 6.196776 0.971157 -5.515751 -11.314202 2.567295 -0.000000 0.000000 0.000000 6.036920 2.550446 -2.020688 5.807452 -3.099211 1.343051 3.035185 -0.447433 0.893259 10.776234 -9.152032 -0.769083 -5.212279 -4.599830 6.103863 -0.000000 0.000000 0.000000 -2.047064 -1.699894 -13.709097 -5.695539 -9.698806 -32.386824 -5.752311 -6.473183 -1.343025 -13.054323 -1.293992 15.961462 -3.249335 3.503380 12.914284 -4.366476 7.517056 29.699222 -8.194779 3.205515 -2.747190 -0.383187 -1.511369 -2.936651 
121.158993 92.952263 -215.464997 -10.243763 -29.260536 -6.680129 10.887867 2.322115 1.228210 -2.326358 -13.498123 -3.403314 -4.357744 11.528437 2.351182 -0.000000 0.000000 0.000000 9.445619 -4.741622 0.475584 3.563154 6.765462 1.065675 -5.323725 -11.674658 2.348340 -0.000000 0.000000 0.000000 5.825966 2.504177 -1.764650 5.939990 -3.102040 1.238960 3.071500 -0.411965 0.870038 11.041403 -8.897134 -1.043010 -5.703097 -3.792238 5.746679 -0.000000 0.000000 0.000000 -2.506577 -1.740267 -12.786896 -6.096456 -9.170018 -29.714028 -6.964493 -5.707126 -1.544441 -12.771721 -1.884836 16.790762 -3.615622 3.602194 11.672436 -5.095848 7.016685 26.253810 -9.015822 2.749650 -2.375516 0.254117 -1.303462 -3.961075 
120.896995 92.943966 -215.417004 -10.377544 -29.216221 -6.593818 11.620207 2.438591 1.329397 -3.359785 -13.910852 -3.668061 -3.993731 11.869198 2.020742 -0.000000 0.000000 0.000000 9.940416 -4.852909 0.449528 3.224265 7.073551 1.383661 -5.484581 -12.411562 2.362083 -0.000000 0.000000 0.000000 5.571259 2.400065 -1.591932 5.930431 -3.151392 1.136503 3.148075 -0.440060 0.842996 11.132943 -8.616363 -1.308590 -5.972686 -3.122540 5.482321 -0.000000 0.000000 0.000000 -2.776528 -1.726176 -11.751036 -6.554876 -8.676636 -27.144312 -7.964414 -5.063646 -1.821752 -13.626442 -2.697944 17.127174 -3.884809 3.652420 10.400054 -5.790539 6.687501 23.128228 -9.624232 2.363424 -2.083799 0.959466 -1.086905 -5.193596 
120.666003 92.941165 -215.365005 -10.417976 -29.089215 -6.489745 12.278851 2.618300 1.467514 -4.447441 -14.306176 -3.937397 -3.580094 12.082853 1.626682 -0.000000 0.000000 0.000000 10.432014 -4.934287 0.434958 2.673169 7.419320 1.583298 -5.478908 -12.916942 2.358702 -0.000000 0.000000 0.000000 5.279101 2.265881 -1.370231 5.893311 -3.265076 1.047468 3.224918 -0.502527 0.851897 11.292808 -8.335320 -1.648404 -6.283781 -2.452328 5.184221 -0.000000 0.000000 0.000000 -3.005277 -1.770720 -10.754797 -7.062381 -8.163621 -24.810019 -9.114219 -4.242925 -1.947273 -13.718488 -3.313789 17.608810 -4.126045 3.642247 9.119791 -6.451029 6.346533 20.308010 -10.124331 2.245301 -1.850813 1.410564 -0.785728 -6.475062 
120.456004 92.925966 -215.299988 -10.355664 -28.924314 -6.356056 12.749864 2.815018 1.614330 -5.368877 -14.709818 -4.201127 -3.246847 12.237717 1.309675 -0.000000 0.000000 0.000000 10.777335 -5.106716 0.428423 2.219423 7.745771 1.724010 -5.529794 -13.269473 2.315312 -0.000000 0.000000 0.000000 4.945632 2.116767 -1.123373 5.758242 -3.361717 0.959379 3.384696 -0.575403 0.890934 11.507831 -8.037872 -1.961183 -6.758980 -1.767944 4.779155 -0.000000 0.000000 0.000000 -3.321575 -1.669133 -9.732894 -7.819044 -7.793640 -22.814820 -10.231249 -3.210297 -2.059225 -13.815709 -3.488751 17.980451 -4.337081 3.484154 7.912182 -7.096820 6.090603 17.658949 -10.335743 2.166354 -1.549762 1.795045 -0.088305 -7.957179 
120.249999 92.911965 -215.214992 -10.309517 -28.730832 -6.196034 13.112726 2.986320 1.670865 -6.017409 -15.120635 -4.364024 -3.009149 12.375994 1.052537 -0.000000 0.000000 0.000000 11.170925 -5.277527 0.396349 1.683115 8.032015 1.850184 -5.530094 -13.641476 2.323548 -0.000000 0.000000 0.000000 4.616442 2.039444 -0.934295 5.673645 -3.490369 0.888235 3.523941 -0.616649 0.923844 11.509176 -7.934361 -2.305762 -7.060418 -1.276233 4.656478 -0.000000 0.000000 0.000000 -3.533482 -1.787571 -8.675047 -8.592879 -7.417825 -21.092581 -11.291536 -1.955751 -2.191715 -13.490750 -4.045006 18.909171 -4.210826 3.478765 6.758144 -7.701739 5.535909 15.290853 -10.619619 2.264391 -1.359229 2.122298 0.549559 -9.580862 
120.124996 92.922467 -215.259004 -10.338506 -28.509712 -6.106579 13.092241 2.953761 1.666908 -5.963480 -15.518074 -4.331618 -2.972971 12.621201 0.904310 -0.000000 0.000000 0.000000 11.417971 -5.217334 0.436993 1.462055 8.230643 1.905914 -5.540605 -14.086224 2.294800 -0.000000 0.000000 0.000000 4.783646 1.920787 -0.751968 5.260175 -3.668701 0.823667 3.611617 -0.770154 0.988686 11.611060 -7.693695 -2.564655 -7.423625 -0.813543 4.401033 -0.000000 0.000000 0.000000 -3.773217 -1.739040 -7.739402 -9.157529 -7.056102 -19.498751 -11.857713 -0.677476 -2.355865 -12.573912 -4.408775 19.917848 -4.671894 3.317486 5.641510 -8.154501 5.446183 13.310631 -10.662490 1.997739 -1.120879 2.445053 1.164385 -11.690332 
119.974995 92.944962 -215.256000 -10.360954 -28.322721 -6.020994 13.037678 2.893895 1.636757 -5.776307 -15.879800 -4.245028 -2.967401 12.897918 0.814336 -0.000000 0.000000 0.000000 11.745431 -5.272765 0.491824 1.086248 8.441040 1.939104 -5.496677 -14.457317 2.316199 -0.000000 0.000000 0.000000 4.818357 1.857707 -0.572428 4.950702 -3.829663 0.712243 3.774699 -0.861263 1.053818 11.642779 -7.614799 -2.770583 -7.881696 -0.326769 4.333800 -0.000000 0.000000 0.000000 -3.838752 -1.858370 -6.737487 -9.675431 -6.658855 -18.239874 -12.609357 0.520440 -2.427956 -13.114458 -4.824918 20.640644 -4.707090 3.287119 4.492866 -8.633351 5.087275 11.728576 -10.797332 1.746764 -0.976069 2.610431 1.632284 -13.572331 
119.832993 92.951763 -215.266991 -10.393816 -28.273294 -5.944114 12.979397 2.934855 1.578346 -5.568719 -16.189881 -4.176090 -3.001574 13.163385 0.760763 -0.000000 0.000000 0.000000 12.058577 -5.358645 0.485513 0.526667 8.681521 2.032100 -5.363785 -14.792020 2.439113 -0.000000 0.000000 0.000000 4.877172 1.843320 -0.449294 4.572178 -3.974036 0.616053 3.985793 -0.957817 1.147626 11.615826 -7.641077 -2.952003 -8.243200 0.091773 4.305951 -0.000000 0.000000 0.000000 -4.060748 -1.945746 -5.845940 -9.996275 -6.363157 -17.018022 -12.999621 2.283222 -2.543359 -12.713891 -4.738599 21.606544 -5.120131 3.224573 3.462938 -9.085876 4.848544 10.195080 -11.131912 1.300512 -0.638358 2.981194 1.501873 -14.550752 
119.693995 92.962062 -215.271997 -10.582920 -28.303815 -5.924669 13.183464 2.929125 1.486277 -5.473571 -16.077446 -4.045866 -3.098972 13.213188 0.227930 -0.000000 0.000000 0.000000 12.457501 -5.259256 0.433568 0.393587 8.529336 1.988317 -5.378185 -14.636696 2.991083 -0.000000 0.000000 0.000000 5.135911 1.826040 -0.379374 4.195681 -4.049004 0.580186 4.037218 -0.959174 1.178793 11.371173 -7.557829 -3.109814 -7.753706 0.365180 4.245394 -0.000000 0.000000 0.000000 -3.688160 -1.876377 -4.629659 -10.412025 -6.151208 -16.755636 -12.545533 3.963248 -2.342758 -9.377917 -12.908292 23.736183 -5.068812 3.299664 2.358009 -9.724457 4.540511 8.905962 -11.040640 0.153611 -0.148347 3.404299 2.699887 -15.737300 
119.564998 92.961162 -215.293002 -10.571470 -28.438364 -5.940303 13.104086 3.271689 1.527003 -5.470102 -16.772960 -4.090851 -3.074740 13.635089 0.686971 -0.000000 0.000000 0.000000 12.539337 -5.485667 0.475981 0.020707 9.334492 2.178282 -5.356543 -15.191013 2.584498 -0.000000 0.000000 0.000000 5.055734 1.867310 -0.198043 4.045385 -4.091590 0.413455 4.187929 -0.942461 1.244042 11.530065 -7.611733 -3.058310 -8.631779 0.772318 4.345389 -0.000000 0.000000 0.000000 -4.427628 -2.328096 -4.436092 -10.812700 -5.721659 -14.561275 -13.585635 6.493124 -2.813784 -10.072006 -4.943736 23.952655 -5.296007 3.319230 1.721990 -10.146999 4.166352 7.515323 -11.217973 -0.234578 0.317841 3.145984 1.875770 -16.431933 
119.439006 92.965066 -215.322995 -10.716383 -28.556521 -5.960082 13.243646 3.218132 1.489315 -5.407564 -16.816526 -4.017259 -3.143545 13.917173 0.365813 -0.000000 0.000000 0.000000 12.915413 -5.223234 0.465565 -0.269930 9.520316 2.234315 -5.345013 -15.429227 2.764107 -0.000000 0.000000 0.000000 5.182105 1.916863 -0.269292 3.795483 -4.226132 0.453162 4.271103 -0.972220 1.240719 11.571491 -7.196612 -2.852795 -8.592116 0.897050 4.207158 -0.000000 0.000000 0.000000 -4.307428 -2.380205 -4.188487 -10.774554 -5.851573 -13.022426 -13.568079 8.661415 -3.743219 -9.900542 -9.063125 23.369945 -5.875633 3.263393 1.317440 -10.339597 4.542463 6.221058 -11.689632 -1.726151 0.669880 3.304263 2.229563 -17.175362 
119.324994 92.967564 -215.347004 -10.623242 -28.722580 -5.979991 13.125424 3.479402 1.557191 -5.429652 -17.354153 -4.052031 -3.099451 14.296227 0.855948 -0.000000 0.000000 0.000000 12.853769 -5.465658 0.546778 -0.297320 10.167497 2.312237 -5.394355 -15.574466 2.485818 -0.000000 0.000000 0.000000 5.100240 1.844841 -0.054595 3.389668 -4.229544 0.318985 4.494060 -0.988206 1.379827 11.772129 -7.517297 -3.172926 -9.264440 1.621493 4.502224 -0.000000 0.000000 0.000000 -5.082716 -2.452402 -2.996121 -10.769275 -5.357442 -13.494403 -13.965444 9.976721 -3.446929 -8.769770 -1.141888 27.182654 -6.121762 3.402499 0.314896 -10.854256 4.130692 5.948291 -12.304217 -2.027168 0.781541 2.540289 1.282745 -18.046498 
119.209993 92.980760 -215.363002 -12.167979 -28.606483 -6.606998 15.080430 3.016452 1.339437 -5.763508 -16.542208 -3.413933 -3.554740 14.091499 -1.445060 -0.000000 0.000000 0.000000 15.200199 -4.462344 0.584717 -1.490224 8.673336 2.016988 -5.015516 -15.026172 4.371246 -0.000000 0.000000 0.000000 7.109870 1.725348 -0.058657 2.650158 -4.340123 0.054137 5.045090 -0.673783 1.211062 10.039463 -5.224986 -2.273191 -6.638868 -0.228747 3.257954 -0.000000 0.000000 0.000000 -4.345576 -1.781157 -2.023849 -10.792565 -5.802660 -13.119802 -12.036931 11.377312 -2.559796 1.096399 -24.338570 24.839462 -6.897482 2.984555 0.034400 -13.010995 4.549297 4.838149 -13.424744 -4.613702 1.806870 6.642507 5.796179 -18.214491 
119.089997 92.980659 -215.394998 -11.758964 -28.711310 -6.559141 14.552690 3.554158 1.627703 -5.871147 -17.962583 -3.798311 -3.334059 14.979806 -0.431720 -0.000000 0.000000 0.000000 14.731943 -5.266572 0.783835 -1.542917 10.218222 2.217967 -5.041240 -15.610075 3.438407 -0.000000 0.000000 0.000000 6.302150 1.847058 0.045361 3.045509 -4.426344 0.092973 5.035581 -0.744237 1.351716 10.622990 -5.607156 -2.460432 -8.178559 0.305547 3.664892 -0.000000 0.000000 0.000000 -4.886957 -2.304921 -1.935978 -10.968491 -5.397072 -12.192236 -14.981876 11.559173 -3.525256 -5.313256 -9.919118 23.401611 -6.551421 3.041712 -0.478834 -13.084506 4.139313 4.656458 -14.888962 -4.680740 1.575654 4.969389 2.812985 -17.564834 
119.029999 92.982560 -215.480995 -11.786436 -28.883165 -6.594638 14.515487 3.553032 1.666547 -5.813862 -17.948174 -3.792910 -3.346981 15.162445 -0.472196 -0.000000 0.000000 0.000000 14.728564 -5.126518 0.821794 -1.598791 10.455676 2.248639 -5.051039 -15.784541 3.440090 -0.000000 0.000000 0.000000 6.434409 1.747424 0.061152 2.766393 -4.313983 -0.003816 5.061655 -0.698994 1.321191 10.639367 -5.541127 -2.393413 -8.106325 0.532364 3.828078 -0.000000 0.000000 0.000000 -4.983887 -2.124925 -1.871402 -10.988644 -5.612314 -11.602678 -16.074200 11.533568 -3.396022 -6.695784 -11.053759 24.546530 -6.812471 3.060378 -0.519393 -13.154519 4.197794 4.170341 -15.522860 -4.908619 2.203928 5.135064 2.495185 -18.305576 
118.961000 92.984569 -215.534997 -11.771008 -29.010099 -6.576783 14.456708 3.642184 1.662356 -5.784329 -18.131710 -3.785626 -3.340377 15.372522 -0.438730 -0.000000 0.000000 0.000000 14.746982 -5.104439 0.839391 -1.897767 10.640382 2.305160 -4.955913 -16.003181 3.502964 -0.000000 0.000000 0.000000 6.397832 1.834579 0.018995 2.803101 -4.253665 -0.088064 5.032397 -0.593096 1.273418 10.498935 -5.547978 -2.266865 -8.265652 0.618304 4.007788 -0.000000 0.000000 0.000000 -4.880669 -2.446138 -2.210146 -10.434778 -5.587854 -10.479598 -15.584110 11.602495 -3.683202 -5.430696 -10.364961 26.168207 -6.484326 3.192606 -0.403547 -13.278636 3.577564 3.638818 -16.331439 -5.156021 2.776657 4.320433 2.290522 -18.368896 
118.901002 92.986566 -215.610981 -11.581023 -29.123697 -6.604837 14.129607 3.846029 1.845147 -5.699215 -18.519821 -3.889119 -3.260588 15.602961 0.070143 -0.000000 0.000000 0.000000 14.390765 -5.146374 1.012184 -1.507243 11.057176 2.324208 -5.152001 -16.067927 2.956762 -0.000000 0.000000 0.000000 6.092836 1.832088 0.141461 3.026387 -4.232276 -0.047887 4.810681 -0.721922 1.255861 10.854399 -5.285564 -2.449263 -9.133707 0.739495 3.769916 -0.000000 0.000000 0.000000 -5.064093 -2.714556 -1.936004 -10.924462 -4.950274 -10.402170 -14.668537 11.469093 -3.147014 -5.172482 -2.716167 21.944969 -6.320869 3.210837 -0.609899 -13.600812 3.504714 4.148359 -16.307620 -4.981017 2.183916 3.377990 0.669951 -17.097807 
118.871999 92.988271 -215.678000 -11.821129 -29.134217 -6.679509 14.397123 3.643909 1.829392 -5.705396 -18.129175 -3.793785 -3.350394 15.525344 -0.506377 -0.000000 0.000000 0.000000 14.674893 -4.735579 1.014574 -1.774272 10.654280 2.318188 -5.096163 -16.256093 3.386811 -0.000000 0.000000 0.000000 6.468505 1.770443 -0.200202 2.969342 -4.163593 0.004579 4.615856 -0.621223 1.224093 10.603401 -4.598439 -1.923846 -8.674826 0.538111 3.408091 -0.000000 0.000000 0.000000 -4.256349 -2.813139 -4.026464 -10.130979 -5.477338 -6.544166 -14.285728 11.609455 -3.759825 -3.560681 -9.578950 19.907207 -6.555512 3.225110 0.604301 -12.869243 3.771253 2.661526 -16.286038 -5.271935 3.193468 3.994535 1.976929 -17.077147 
118.855000 92.986566 -215.753984 -12.158184 -29.164908 -6.806100 14.767428 3.353327 1.764879 -5.596943 -17.076198 -3.494913 -3.500936 14.932390 -1.432884 -0.000000 0.000000 0.000000 15.040616 -3.783145 1.038255 -1.814879 9.420983 2.177062 -5.121353 -15.988384 3.877154 -0.000000 0.000000 0.000000 7.156379 1.690730 -0.278729 2.699775 -4.132643 -0.082677 4.423298 -0.570209 1.151895 9.963919 -3.611937 -1.541655 -7.749945 0.066468 2.694342 -0.000000 0.000000 0.000000 -3.661721 -2.688684 -4.468320 -10.355670 -5.299814 -5.342249 -11.492321 11.334741 -2.253811 1.624499 -19.791624 13.925451 -6.596898 3.255458 1.163134 -13.178377 3.886270 2.339945 -15.640270 -5.200710 3.212746 4.432005 4.193170 -15.706271 
118.823993 92.985469 -215.822983 -12.061064 -29.339028 -6.829572 14.601075 3.514931 1.843892 -5.642821 -17.522578 -3.605694 -3.434387 15.341239 -1.026049 -0.000000 0.000000 0.000000 14.505013 -4.196982 1.137063 -1.197306 10.356293 2.153660 -5.390768 -16.279998 3.433656 -0.000000 0.000000 0.000000 6.939171 1.731125 -0.277727 2.746555 -4.147887 -0.037951 4.719752 -0.493774 1.283004 9.549329 -3.877569 -2.079441 -8.226559 0.892249 3.208196 -0.000000 0.000000 0.000000 -4.241882 -2.823357 -3.660920 -10.305512 -5.915252 -6.951070 -14.618573 11.575529 -3.602739 -5.366727 -16.162120 18.512981 -6.563382 3.214568 0.716006 -12.813115 3.950783 3.153865 -16.235773 -5.260016 3.172815 4.127235 3.307511 -16.644640 
118.811989 92.987162 -215.891004 -12.049263 -29.577315 -6.882929 14.571028 3.481656 1.859181 -5.644011 -17.313705 -3.575073 -3.436360 15.373896 -0.868810 -0.000000 0.000000 0.000000 13.907038 -4.351542 1.232074 -0.317859 10.261484 1.969484 -5.660189 -15.866140 3.316739 -0.000000 0.000000 0.000000 6.967475 1.646753 -0.152774 2.473172 -4.105852 -0.046212 5.043101 -0.512324 1.394127 9.217141 -3.747241 -2.662378 -8.448826 1.541571 3.362279 -0.000000 0.000000 0.000000 -4.860150 -2.378900 -1.713343 -10.609301 -6.126083 -10.565514 -15.318619 11.522561 -3.367962 -7.609163 -15.692938 22.116482 -6.946073 3.055569 -0.203195 -12.995365 4.430834 4.714999 -15.598997 -5.114797 2.920296 4.524447 3.228606 -17.358207 
118.815994 92.988569 -215.953994 -12.306206 -29.809022 -6.976004 14.866648 3.310117 1.707683 -5.604412 -16.537535 -3.331480 -3.539282 15.038439 -1.328514 -0.000000 0.000000 0.000000 13.893840 -4.046963 1.177070 0.028214 9.679071 1.817815 -5.727170 -15.424977 3.845647 -0.000000 0.000000 0.000000 7.549589 1.601749 -0.175414 2.018283 -3.989397 -0.099043 5.195518 -0.375548 1.350489 8.512745 -3.171728 -2.603378 -7.807776 1.486839 3.311889 -0.000000 0.000000 0.000000 -5.058942 -2.027763 -0.717988 -10.427026 -6.245844 -12.187507 -13.163834 11.610005 -3.789866 -3.702043 -22.763535 25.014441 -7.030567 3.045519 -0.450602 -13.354972 4.547484 5.147299 -14.888799 -5.182616 3.476494 5.544516 4.794740 -17.977501 
118.821990 92.989367 -215.998006 -12.326981 -30.051938 -7.036681 14.844023 3.431413 1.707728 -5.606564 -16.607323 -3.361168 -3.546613 15.218746 -1.236399 -0.000000 0.000000 0.000000 13.583862 -4.218605 1.190762 0.466010 10.002135 1.752813 -5.880998 -15.335461 3.831192 -0.000000 0.000000 0.000000 7.547127 1.629830 -0.209774 2.002608 -3.905584 -0.107115 5.264047 -0.269198 1.407731 8.205371 -3.196004 -2.566774 -7.846919 1.748586 3.687179 -0.000000 0.000000 0.000000 -5.297718 -2.159340 -0.869685 -10.508860 -6.502157 -12.055953 -14.700288 11.608757 -3.741399 -3.259294 -22.393004 29.052856 -7.089283 3.181874 -0.517188 -13.133199 4.509079 5.289153 -15.035087 -5.301562 3.855881 5.418625 4.758163 -18.607436 
118.839991 92.987466 -216.042995 -12.226985 -30.286842 -7.058232 14.677894 3.577824 1.751640 -5.625158 -16.828664 -3.465801 -3.499874 15.499870 -0.961679 -0.000000 0.000000 0.000000 13.202647 -4.459484 1.238946 0.808093 10.457211 1.696367 -5.993320 -15.312209 3.572625 -0.000000 0.000000 0.000000 7.318223 1.641948 -0.252381 2.179586 -3.898736 -0.038593 5.225652 -0.250215 1.469668 8.293729 -3.140496 -2.520493 -8.281770 2.092395 3.865979 -0.000000 0.000000 0.000000 -5.613888 -2.258554 -1.131568 -10.585985 -6.716041 -11.674663 -16.716085 11.396166 -4.056662 -6.160501 -19.141348 29.332455 -7.277297 3.263044 -0.450073 -12.899791 4.835681 5.392733 -15.343709 -5.293373 3.680186 5.296368 3.745101 -18.315232 
118.867993 92.982668 -216.070008 -12.058605 -30.434151 -7.065155 14.443613 3.665261 1.819594 -5.585099 -16.853239 -3.517446 -3.464322 15.529071 -0.607529 -0.000000 0.000000 0.000000 12.943646 -4.406991 1.321859 0.869814 10.522874 1.673822 -5.988987 -15.244981 3.282211 -0.000000 0.000000 0.000000 7.074917 1.655900 -0.062722 2.395812 -3.857326 -0.023612 5.068810 -0.307574 1.426220 8.580330 -2.911910 -2.518290 -8.949886 2.241339 3.715286 -0.000000 0.000000 0.000000 -5.699157 -2.325117 -0.709884 -10.761157 -6.178164 -12.331168 -14.992553 11.205446 -3.275796 -6.013523 -14.217651 25.210704 -7.103645 3.282869 -0.770452 -13.137955 4.893055 6.037936 -14.550139 -5.025688 3.024638 5.132131 2.974150 -17.149799 
118.902993 92.963564 -216.073990 -12.081371 -30.451893 -7.024035 14.503072 3.527700 1.749169 -5.629049 -16.645797 -3.514225 -3.520268 15.485230 -0.746715 -0.000000 0.000000 0.000000 13.131839 -4.291710 1.225450 0.638621 10.376688 1.723484 -6.053745 -15.318814 3.604850 -0.000000 0.000000 0.000000 7.119835 1.658125 -0.123658 2.373504 -3.849799 -0.025121 5.112312 -0.275985 1.414146 8.306123 -2.811884 -2.344313 -8.805154 2.181350 3.744892 -0.000000 0.000000 0.000000 -5.563411 -2.271908 -0.849369 -10.606427 -6.377699 -11.989925 -14.996345 11.040948 -3.217819 -6.356701 -16.431443 24.854830 -7.180744 3.272363 -0.704635 -13.013333 5.046966 5.827427 -14.339627 -5.069916 3.290973 5.351797 3.594178 -17.130059 
118.939996 92.967361 -216.053987 -12.123079 -30.409086 -7.083559 14.597300 3.487808 1.780105 -5.726892 -16.599798 -3.518805 -3.478555 15.456937 -0.861339 -0.000000 0.000000 0.000000 13.314250 -4.282892 1.227416 0.267858 10.440163 1.765364 -5.765688 -15.329640 3.485282 -0.000000 0.000000 0.000000 7.157275 1.626436 -0.052223 2.438074 -3.845371 0.000209 5.088559 -0.251168 1.403028 8.311628 -2.703222 -2.290737 -8.905518 2.439242 3.759934 -0.000000 0.000000 0.000000 -5.593094 -2.183500 -0.910442 -10.624604 -6.568092 -11.811275 -15.227542 10.830167 -3.214530 -7.166094 -17.958206 24.954648 -7.264551 3.205842 -0.659866 -13.018512 5.166772 5.641265 -14.381244 -5.086707 3.338346 5.378760 3.769447 -16.953111 
118.971002 92.972565 -216.030002 -12.034458 -30.402164 -7.038580 14.547578 3.547229 1.766219 -5.819312 -16.700068 -3.556162 -3.417702 15.471732 -0.799075 -0.000000 0.000000 0.000000 13.253878 -4.357430 1.197162 0.224382 10.526688 1.787400 -5.759621 -15.356244 3.435353 -0.000000 0.000000 0.000000 7.006958 1.645100 -0.007245 2.521458 -3.869983 0.017459 5.086122 -0.247122 1.427935 8.373372 -2.743239 -2.348992 -9.075237 2.621195 3.826872 -0.000000 0.000000 0.000000 -5.660638 -2.207189 -0.770312 -10.710810 -6.537318 -11.957263 -15.119949 11.019532 -3.113433 -7.492339 -17.447494 25.319662 -7.323878 3.184007 -0.824072 -13.155292 5.153081 5.721668 -14.348926 -5.052971 3.219999 5.192181 3.464586 -16.518666 
119.011998 92.972666 -216.004992 -12.035618 -30.373971 -7.024268 14.606260 3.450159 1.726709 -5.889581 -16.592681 -3.547691 -3.419377 15.444074 -0.911593 -0.000000 0.000000 0.000000 13.261853 -4.291819 1.172534 0.192976 10.443028 1.769327 -5.768610 -15.397087 3.517725 -0.000000 0.000000 0.000000 7.028871 1.595160 -0.019799 2.526077 -3.831784 0.049468 5.101408 -0.224109 1.400924 8.295432 -2.600201 -2.227489 -9.046197 2.610239 3.801651 -0.000000 0.000000 0.000000 -5.585398 -2.105462 -0.958297 -10.599032 -6.708511 -11.525143 -15.368424 11.019406 -3.209987 -8.271796 -18.815268 24.097360 -7.370111 3.112378 -0.693078 -12.964829 5.323824 5.432589 -14.067791 -5.057721 3.367914 5.240000 3.678385 -15.734078 
119.052005 92.972666 -215.979981 -11.924067 -30.358925 -6.970739 14.502796 3.396521 1.707866 -5.905716 -16.621605 -3.584658 -3.423412 15.484889 -0.725091 -0.000000 0.000000 0.000000 13.182122 -4.255424 1.164032 0.228027 10.488037 1.739920 -5.804077 -15.480386 3.457731 -0.000000 0.000000 0.000000 6.885270 1.597712 0.038451 2.596479 -3.821742 0.063881 5.076246 -0.260571 1.411901 8.303694 -2.696834 -2.249337 -9.193820 2.601529 3.810171 -0.000000 0.000000 0.000000 -5.613292 -2.052098 -0.681015 -10.721309 -6.490395 -11.935873 -15.107562 10.884986 -2.936983 -8.689928 -16.949660 22.616708 -7.291930 3.109287 -0.870470 -13.005186 5.324527 5.622366 -13.758310 -4.968097 3.145832 5.125468 3.325123 -14.904438 
119.094002 92.972666 -215.939999 -11.928068 -30.305591 -6.984458 14.504248 3.353631 1.686704 -5.867627 -16.607227 -3.561474 -3.447462 15.458664 -0.742627 -0.000000 0.000000 0.000000 13.209472 -4.275955 1.155583 0.180586 10.468158 1.721763 -5.709760 -15.464697 3.407425 -0.000000 0.000000 0.000000 6.914596 1.619929 0.093853 2.641302 -3.778610 0.060860 5.099376 -0.213537 1.410558 8.257271 -2.694551 -2.175997 -9.220354 2.685119 3.839686 -0.000000 0.000000 0.000000 -5.649539 -2.023230 -0.656235 -10.658202 -6.536312 -12.010122 -14.975021 10.719670 -2.935850 -8.676134 -17.430832 22.619855 -7.184550 3.078004 -0.873415 -13.040219 5.161270 5.514534 -13.755231 -4.991796 3.245066 5.024833 3.467284 -14.512361 
119.128990 92.972565 -215.888000 -11.913662 -30.273186 -7.014155 14.457705 3.515850 1.711863 -5.845765 -16.938409 -3.637491 -3.449452 15.601527 -0.648816 -0.000000 0.000000 0.000000 13.182902 -4.355349 1.157292 0.238628 10.657778 1.756059 -5.734289 -15.587750 3.272034 -0.000000 0.000000 0.000000 6.754056 1.673030 -0.003291 2.959227 -3.792407 0.152499 4.829493 -0.236230 1.360398 8.670129 -2.404709 -1.629673 -9.254288 2.428106 3.636751 -0.000000 0.000000 0.000000 -5.568556 -2.348227 -2.191901 -10.459693 -6.394335 -9.280904 -15.046547 10.365086 -3.477367 -7.538637 -14.608360 19.591810 -7.189827 3.195998 -0.110057 -12.678509 5.264562 4.645598 -13.958375 -5.022528 3.275946 4.871747 2.865020 -13.348408 
