HIERARCHY
ROOT pelvis
{
	OFFSET 0.339425 94.508708 0.773911
	CHANNELS 6 Xposition Yposition Zposition Xrotation Yrotation Zrotation 
	JOINT left_hip
	{
		OFFSET 5.825924 -8.948261 -2.917238
		CHANNELS 3 Xrotation Yrotation Zrotation
		JOINT left_knee
		{
			OFFSET 5.054089 -37.966996 -1.378422
			CHANNELS 3 Xrotation Yrotation Zrotation
			JOINT left_ankle
			{
				OFFSET -4.257807 -40.139225 -3.206595
				CHANNELS 3 Xrotation Yrotation Zrotation
				JOINT left_foot
				{
					OFFSET 4.385101 -5.760471 11.107425
					CHANNELS 3 Xrotation Yrotation Zrotation
					End Site
					{
						OFFSET 0.000000 0.000000 0.000000
					}
				}
			}
		}
	}
	JOINT right_hip
	{
		OFFSET -6.369904 -9.873974 -2.658556
		CHANNELS 3 Xrotation Yrotation Zrotation
		JOINT right_knee
		{
			OFFSET -4.029771 -36.544567 -1.951094
			CHANNELS 3 Xrotation Yrotation Zrotation
			JOINT right_ankle
			{
				OFFSET 1.621895 -40.881041 -2.056692
				CHANNELS 3 Xrotation Yrotation Zrotation
				JOINT right_foot
				{
					OFFSET -3.643353 -5.783936 11.195071
					CHANNELS 3 Xrotation Yrotation Zrotation
					End Site
					{
						OFFSET 0.000000 0.000000 0.000000
					}
				}
			}
		}
	}
	JOINT spine1
	{
		OFFSET -0.289466 10.646778 -2.118935
		CHANNELS 3 Xrotation Yrotation Zrotation
		JOINT spine2
		{
			OFFSET 0.821861 12.124524 -0.301006
			CHANNELS 3 Xrotation Yrotation Zrotation
			JOINT spine3
			{
				OFFSET -1.105372 4.444604 3.127841
				CHANNELS 3 Xrotation Yrotation Zrotation
				JOINT neck
				{
					OFFSET -1.026155 15.305594 -3.653995
					CHANNELS 3 Xrotation Yrotation Zrotation
					JOINT head
					{
						OFFSET 2.278464 13.861609 1.531956
						CHANNELS 3 Xrotation Yrotation Zrotation
						JOINT jaw
						{
							OFFSET -1.440936 -0.043850 -0.572048
							CHANNELS 3 Xrotation Yrotation Zrotation
							End Site
							{
								OFFSET 0.000000 0.000000 0.000000
							}
						}
					}
				}
				JOINT left_collar
				{
					OFFSET 4.268081 7.868123 -1.064683
					CHANNELS 3 Xrotation Yrotation Zrotation
					JOINT left_shoulder
					{
						OFFSET 9.937846 6.079194 -1.603810
						CHANNELS 3 Xrotation Yrotation Zrotation
						JOINT left_elbow
						{
							OFFSET 24.361251 -7.128198 -3.640649
							CHANNELS 3 Xrotation Yrotation Zrotation
							JOINT left_wrist
							{
								OFFSET 23.884591 2.414533 -0.566029
								CHANNELS 3 Xrotation Yrotation Zrotation
								End Site
								{
									OFFSET 0.000000 0.000000 0.000000
								}
							}
						}
					}
				}
				JOINT right_collar
				{
					OFFSET -4.206588 7.861489 -1.672000
					CHANNELS 3 Xrotation Yrotation Zrotation
					JOINT right_shoulder
					{
						OFFSET -8.487809 5.555317 -1.280594
						CHANNELS 3 Xrotation Yrotation Zrotation
						JOINT right_elbow
						{
							OFFSET -25.804487 -3.716919 -2.158186
							CHANNELS 3 Xrotation Yrotation Zrotation
							JOINT right_wrist
							{
								OFFSET -23.693745 -0.164122 -1.778898
								CHANNELS 3 Xrotation Yrotation Zrotation
								End Site
								{
									OFFSET 0.000000 0.000000 0.000000
								}
							}
						}
					}
				}
			}
		}
	}
}
MOTION
Frames: 790
Frame Time: 0.033334
0.160032 95.742786 -45.681468 -0.127710 2.961633 -1.107380 -0.328082 2.764433 2.487390 3.590092 -20.686759 -1.520850 -10.113995 20.177108 2.988778 -0.000000 0.000000 0.000000 1.492125 -5.383788 0.813447 5.358410 14.095316 -1.113693 -9.414051 -19.462018 1.716121 -0.000000 0.000000 0.000000 2.007938 1.051334 0.794942 -4.740662 -5.397209 1.389540 7.783150 0.889723 1.861264 8.566844 -9.954561 -3.839268 -5.146554 5.967624 10.120575 -0.000000 0.000000 0.000000 -3.358112 -2.598513 1.529447 -8.989292 -2.550070 -4.411095 -10.611170 8.703612 -6.555077 1.860885 11.256989 21.900555 -3.180463 0.694656 -3.988818 -20.612415 1.184929 -5.380270 -6.086454 -2.323203 7.624237 11.754047 -11.339634 -13.652943 
-0.184356 95.385897 -46.136677 -0.315243 2.668736 -0.982202 -0.433535 2.907777 2.526706 3.475062 -20.515219 -1.491648 -10.138259 20.110083 3.047910 -0.000000 0.000000 0.000000 1.370567 -5.125273 1.004856 5.203765 14.202643 -1.488421 -9.195042 -19.495467 1.722034 -0.000000 0.000000 0.000000 2.207339 1.141448 0.539210 -4.388441 -5.348169 1.325068 7.776561 0.924266 1.850601 8.649019 -9.871546 -3.818514 -5.054196 5.859509 10.158313 -0.000000 0.000000 0.000000 -3.422947 -2.723378 1.497351 -9.082862 -2.551313 -4.032914 -10.780469 8.739994 -6.768165 2.055252 11.058004 20.227588 -3.149813 0.893583 -3.894422 -20.644626 1.208663 -5.596372 -6.111469 -2.312539 7.596037 12.484873 -11.187589 -13.642759 
-0.535613 95.048809 -46.604455 -0.478496 2.397607 -0.869473 -0.580759 3.045991 2.583243 3.365530 -20.334095 -1.443618 -10.146860 20.027094 3.080069 -0.000000 0.000000 0.000000 1.211318 -4.862594 1.215999 5.052510 14.283481 -1.850056 -8.965005 -19.528205 1.750100 -0.000000 0.000000 0.000000 2.391070 1.216893 0.290252 -4.081509 -5.295575 1.254340 7.787332 0.952958 1.830833 8.779419 -9.771227 -3.807982 -4.942536 5.726272 10.174416 -0.000000 0.000000 0.000000 -3.499074 -2.768168 1.602871 -9.240083 -2.675131 -3.893538 -10.831769 8.750488 -6.850542 2.457700 10.927830 18.796872 -3.120587 1.024637 -3.854665 -20.698348 1.307941 -5.656093 -6.161967 -2.303798 7.519815 13.110976 -10.900860 -14.029846 
-0.779604 94.867790 -46.917483 -0.581409 2.211222 -0.804319 -0.701362 3.128575 2.633355 3.342765 -20.140567 -1.387681 -10.117084 19.929933 3.032606 -0.000000 0.000000 0.000000 1.087892 -4.659313 1.362711 4.975111 14.290905 -2.045694 -8.799154 -19.509958 1.754519 -0.000000 0.000000 0.000000 2.442652 1.245900 0.142607 -3.883982 -5.261711 1.220308 7.776679 0.959146 1.797846 8.907090 -9.620466 -3.786362 -4.787263 5.559533 10.118257 -0.000000 0.000000 0.000000 -3.519063 -2.769487 1.753183 -9.174342 -2.761602 -3.944406 -10.280318 8.739428 -7.000632 2.939627 10.360729 17.560776 -3.112141 1.096974 -3.856876 -20.728397 1.415787 -5.618588 -6.174984 -2.291147 7.428791 13.632535 -10.568838 -14.246627 
-0.929697 94.815040 -47.093493 -0.627478 2.086190 -0.782233 -0.770545 3.172181 2.689073 3.331028 -19.941938 -1.351739 -10.053194 19.810641 2.933565 -0.000000 0.000000 0.000000 1.007369 -4.504983 1.447934 4.946092 14.231627 -2.108544 -8.720258 -19.456818 1.712704 -0.000000 0.000000 0.000000 2.386423 1.245883 0.088257 -3.763736 -5.241979 1.206562 7.734555 0.930204 1.753465 9.004027 -9.327560 -3.680322 -4.648597 5.310816 9.957925 -0.000000 0.000000 0.000000 -3.580422 -2.665510 1.896468 -9.055131 -2.769740 -4.049845 -9.468131 8.694593 -7.030128 3.737236 9.593711 15.744854 -3.137539 1.106637 -3.882752 -20.728449 1.549910 -5.449575 -6.438312 -2.305173 7.179173 13.801499 -10.553025 -13.874978 
-1.017332 94.821680 -47.187591 -0.653008 2.031649 -0.787713 -0.794516 3.194415 2.743075 3.318743 -19.844427 -1.322461 -9.976269 19.751281 2.838289 -0.000000 0.000000 0.000000 0.980167 -4.411795 1.509896 4.918383 14.199487 -2.093860 -8.662351 -19.455986 1.661195 -0.000000 0.000000 0.000000 2.307287 1.240705 0.089573 -3.767106 -5.235487 1.207492 7.729935 0.908416 1.727322 9.076318 -9.164454 -3.626121 -4.595336 5.156915 9.865341 -0.000000 0.000000 0.000000 -3.633507 -2.580750 1.999427 -9.023165 -2.832181 -4.177160 -9.187070 8.666207 -6.945543 3.957349 9.218125 14.425103 -3.196516 1.070442 -3.928472 -20.772900 1.660525 -5.326664 -6.909906 -2.354704 6.955690 13.514141 -10.847221 -13.411191 
-1.073600 94.830811 -47.237721 -0.688270 2.020454 -0.799990 -0.795906 3.206482 2.780906 3.325377 -19.844871 -1.290607 -9.930247 19.769902 2.788666 -0.000000 0.000000 0.000000 0.996615 -4.377585 1.561028 4.890711 14.229404 -2.071966 -8.622514 -19.502341 1.595384 -0.000000 0.000000 0.000000 2.253285 1.243366 0.112587 -3.843021 -5.239475 1.207890 7.741373 0.907624 1.716792 9.127024 -9.158979 -3.635882 -4.566200 5.175649 9.854479 -0.000000 0.000000 0.000000 -3.651860 -2.559891 2.017800 -9.045694 -2.917045 -4.197230 -9.342026 8.663750 -6.859780 3.643723 9.240453 14.071107 -3.264768 1.016273 -3.972160 -20.896405 1.740060 -5.308830 -7.390916 -2.422454 6.882690 13.171829 -11.244588 -13.268073 
-1.112514 94.833326 -47.268423 -0.707672 2.039464 -0.802503 -0.801524 3.215187 2.804089 3.324268 -19.897241 -1.275896 -9.906341 19.799269 2.751046 -0.000000 0.000000 0.000000 1.005286 -4.380475 1.586142 4.873192 14.267816 -2.058817 -8.608813 -19.551398 1.547442 -0.000000 0.000000 0.000000 2.186161 1.240317 0.140969 -3.877728 -5.254069 1.200847 7.717717 0.909915 1.706387 9.159547 -9.153815 -3.657320 -4.541951 5.227438 9.852044 -0.000000 0.000000 0.000000 -3.687163 -2.575241 1.959016 -9.068625 -2.958382 -4.050681 -9.390810 8.670753 -6.873407 3.632357 9.301493 14.263598 -3.309564 1.001843 -3.980785 -21.025387 1.790663 -5.374859 -7.724035 -2.475037 6.871224 13.034944 -11.403989 -13.466883 
-1.138572 94.836557 -47.288555 -0.706916 2.070641 -0.799610 -0.829541 3.218409 2.818005 3.333657 -19.980581 -1.259383 -9.879594 19.844759 2.704491 -0.000000 0.000000 0.000000 0.986961 -4.389358 1.603344 4.887039 14.308201 -2.042158 -8.605940 -19.618071 1.506803 -0.000000 0.000000 0.000000 2.129170 1.233560 0.177965 -3.928958 -5.265787 1.190805 7.700073 0.912776 1.708138 9.137262 -9.162344 -3.727122 -4.531716 5.321771 9.836524 -0.000000 0.000000 0.000000 -3.700887 -2.623545 1.870620 -9.051932 -2.931944 -3.833521 -9.405787 8.688276 -6.971767 3.584117 9.313160 14.874562 -3.334354 1.016641 -3.994781 -21.079355 1.763037 -5.504217 -7.809347 -2.505047 6.990295 12.968731 -11.235289 -14.036035 
-1.160860 94.840026 -47.307152 -0.689184 2.098169 -0.799338 -0.864797 3.220387 2.818566 3.332567 -20.039012 -1.235429 -9.855566 19.877894 2.669785 -0.000000 0.000000 0.000000 0.962211 -4.393178 1.615872 4.875100 14.336290 -2.035136 -8.586602 -19.659582 1.490795 -0.000000 0.000000 0.000000 2.087883 1.228960 0.190582 -3.988811 -5.274693 1.191873 7.690352 0.917162 1.721281 9.101877 -9.165917 -3.801060 -4.569646 5.405752 9.872215 -0.000000 0.000000 0.000000 -3.699024 -2.686230 1.796865 -9.017731 -2.889500 -3.597718 -9.456832 8.712011 -7.112002 3.429003 9.261463 15.560533 -3.330310 1.047804 -3.971724 -21.057254 1.694134 -5.662024 -7.760509 -2.507195 7.074823 12.873661 -10.867028 -14.660244 
-1.177965 94.842339 -47.322327 -0.674035 2.116761 -0.796034 -0.885380 3.231724 2.817419 3.311692 -20.085844 -1.222558 -9.822279 19.903920 2.655764 -0.000000 0.000000 0.000000 0.937251 -4.400052 1.622808 4.869707 14.364341 -2.031936 -8.575347 -19.692901 1.471477 -0.000000 0.000000 0.000000 2.082800 1.227408 0.231326 -4.076063 -5.280296 1.172853 7.683990 0.919344 1.726817 9.096442 -9.197700 -3.893758 -4.604172 5.480159 9.885759 -0.000000 0.000000 0.000000 -3.730145 -2.699885 1.745461 -9.012484 -2.886421 -3.415548 -9.668612 8.727973 -7.145573 3.194317 9.348181 16.117309 -3.336617 1.054084 -3.979544 -20.966152 1.632580 -5.787947 -7.703053 -2.508400 7.171755 12.516960 -10.559483 -15.010168 
-1.188106 94.843715 -47.338068 -0.672950 2.128144 -0.791326 -0.893906 3.237861 2.816262 3.287690 -20.116367 -1.214214 -9.794852 19.915532 2.644897 -0.000000 0.000000 0.000000 0.938722 -4.423219 1.624238 4.841908 14.372439 -2.021226 -8.557521 -19.702131 1.462681 -0.000000 0.000000 0.000000 2.082302 1.226746 0.279629 -4.124552 -5.283712 1.152960 7.673429 0.920679 1.730009 9.110362 -9.198243 -3.987977 -4.648738 5.542169 9.845940 -0.000000 0.000000 0.000000 -3.747508 -2.703596 1.711262 -9.041982 -2.866159 -3.288295 -9.887473 8.730861 -7.090598 3.053720 9.399025 16.452326 -3.339816 1.081546 -4.006521 -20.905973 1.583576 -5.922003 -7.717611 -2.515333 7.222495 12.038763 -10.275049 -14.891323 
-1.192609 94.845814 -47.354138 -0.672668 2.146462 -0.788164 -0.893399 3.258387 2.814326 3.274595 -20.128282 -1.198366 -9.773771 19.892270 2.627106 -0.000000 0.000000 0.000000 0.942678 -4.438540 1.616413 4.814160 14.364479 -2.008248 -8.535348 -19.691497 1.458102 -0.000000 0.000000 0.000000 2.072386 1.225141 0.314389 -4.116570 -5.287544 1.160128 7.663832 0.925499 1.737703 9.115015 -9.176466 -4.081741 -4.696191 5.614337 9.809173 -0.000000 0.000000 0.000000 -3.742531 -2.742800 1.683908 -9.024873 -2.844042 -3.165689 -9.884023 8.735107 -7.122861 2.930498 9.359897 16.578931 -3.362918 1.106320 -3.996627 -21.002536 1.571521 -6.101492 -7.841622 -2.536761 7.236639 12.043105 -10.101484 -14.869950 
-1.195307 94.848341 -47.369584 -0.684700 2.109705 -0.782308 -0.882305 3.313810 2.798255 3.268385 -20.084610 -1.170613 -9.757388 19.842158 2.599205 -0.000000 0.000000 0.000000 0.936914 -4.436248 1.605121 4.818263 14.365187 -2.001458 -8.525237 -19.649018 1.466468 -0.000000 0.000000 0.000000 2.035443 1.228061 0.339262 -4.063490 -5.269067 1.174241 7.662623 0.947081 1.743413 9.176650 -9.119230 -4.122207 -4.733930 5.645392 9.785613 -0.000000 0.000000 0.000000 -3.757447 -2.763430 1.704451 -8.993851 -2.866601 -3.107782 -9.717857 8.737077 -7.198160 3.057876 9.306706 16.708814 -3.351696 1.134573 -3.999670 -21.014632 1.567543 -6.195660 -7.698259 -2.518661 7.273946 12.238810 -9.817837 -14.996820 
-1.197026 94.851094 -47.387847 -0.706061 1.998320 -0.785194 -0.879218 3.378875 2.790735 3.309781 -20.013354 -1.152268 -9.766060 19.814769 2.583345 -0.000000 0.000000 0.000000 0.914357 -4.406499 1.592931 4.851955 14.383230 -1.999023 -8.509836 -19.592522 1.477053 -0.000000 0.000000 0.000000 2.000716 1.243301 0.370788 -4.003641 -5.234487 1.186602 7.677002 0.984099 1.744056 9.256822 -9.044587 -4.153196 -4.720076 5.673064 9.767905 -0.000000 0.000000 0.000000 -3.784808 -2.765840 1.726029 -8.998921 -2.860481 -3.047044 -9.761201 8.748226 -7.252145 3.117289 9.227988 16.814884 -3.315393 1.203710 -3.976427 -20.965041 1.601106 -6.287554 -7.520002 -2.498039 7.333047 12.392029 -9.528205 -15.111557 
-1.197081 94.853699 -47.404534 -0.742131 1.842669 -0.794485 -0.848719 3.406451 2.789381 3.346830 -19.932783 -1.153879 -9.797805 19.852005 2.596432 -0.000000 0.000000 0.000000 0.910309 -4.380394 1.569287 4.871775 14.442697 -1.975424 -8.487599 -19.521224 1.486800 -0.000000 0.000000 0.000000 2.007796 1.268906 0.411038 -3.975021 -5.196616 1.193320 7.679678 1.023962 1.741551 9.357569 -9.027573 -4.181630 -4.653629 5.718593 9.727495 -0.000000 0.000000 0.000000 -3.803929 -2.759207 1.700040 -9.006782 -2.837360 -2.954267 -9.861670 8.756077 -7.262753 3.067288 9.164610 17.007245 -3.287074 1.279020 -3.927751 -20.940172 1.665645 -6.382615 -7.425248 -2.492205 7.403334 12.498543 -9.323990 -15.164480 
-1.194973 94.855946 -47.418910 -0.785393 1.687130 -0.804419 -0.803457 3.411633 2.777015 3.386161 -19.845173 -1.128900 -9.831791 19.914664 2.621558 -0.000000 0.000000 0.000000 0.932360 -4.351674 1.556677 4.862919 14.499678 -1.956505 -8.463469 -19.452140 1.493379 -0.000000 0.000000 0.000000 2.011328 1.297619 0.454074 -3.931138 -5.165526 1.209848 7.683733 1.057401 1.739522 9.467073 -9.049207 -4.222859 -4.582539 5.755741 9.685817 -0.000000 0.000000 0.000000 -3.813675 -2.741815 1.692508 -9.024300 -2.822654 -2.904360 -10.012135 8.760319 -7.230076 2.843576 9.182123 17.062780 -3.272038 1.329635 -3.887411 -20.924301 1.744724 -6.414826 -7.382897 -2.490305 7.435313 12.456781 -9.231154 -15.139273 
-1.194617 94.857585 -47.433710 -0.819890 1.543581 -0.814396 -0.759074 3.411172 2.755278 3.408186 -19.760323 -1.097059 -9.861870 19.981998 2.645148 -0.000000 0.000000 0.000000 0.940334 -4.323486 1.537334 4.868243 14.551583 -1.935838 -8.442178 -19.386604 1.509933 -0.000000 0.000000 0.000000 2.010373 1.326452 0.486076 -3.890323 -5.136179 1.238671 7.696319 1.091407 1.738430 9.561542 -9.094671 -4.279448 -4.494695 5.785689 9.643715 -0.000000 0.000000 0.000000 -3.810606 -2.727275 1.665189 -9.017633 -2.813680 -2.875424 -10.109180 8.769494 -7.245651 2.697137 9.188482 17.341288 -3.281275 1.375529 -3.812445 -20.937719 1.813097 -6.466123 -7.416563 -2.504694 7.493032 12.477953 -9.081145 -15.335164 
-1.191894 94.858593 -47.444734 -0.844173 1.430643 -0.822914 -0.729884 3.417065 2.745121 3.424157 -19.708044 -1.078473 -9.880209 20.035867 2.658177 -0.000000 0.000000 0.000000 0.934734 -4.286263 1.526472 4.880707 14.599268 -1.923766 -8.429410 -19.350127 1.515404 -0.000000 0.000000 0.000000 1.990834 1.355516 0.507854 -3.819792 -5.110822 1.270338 7.676516 1.124958 1.739708 9.634486 -9.146874 -4.323939 -4.396491 5.813088 9.632127 -0.000000 0.000000 0.000000 -3.792490 -2.755021 1.559539 -8.985286 -2.797894 -2.765982 -10.205512 8.783582 -7.283144 2.515357 9.131207 17.603731 -3.250834 1.442835 -3.684732 -20.892346 1.808007 -6.538803 -7.371481 -2.508279 7.564496 12.535703 -8.861168 -15.628616 
-1.188721 94.859850 -47.464317 -0.862239 1.388978 -0.816128 -0.729981 3.405647 2.731959 3.447128 -19.696519 -1.082876 -9.885503 20.073797 2.666455 -0.000000 0.000000 0.000000 0.912809 -4.266891 1.503450 4.921500 14.611241 -1.907590 -8.431283 -19.343768 1.511563 -0.000000 0.000000 0.000000 1.976557 1.377146 0.515030 -3.725094 -5.105269 1.301420 7.639182 1.141503 1.746269 9.673421 -9.221779 -4.361581 -4.308815 5.840698 9.645166 -0.000000 0.000000 0.000000 -3.770672 -2.791569 1.381671 -8.985598 -2.786635 -2.649700 -10.369752 8.790591 -7.251278 2.368808 9.125297 17.880534 -3.209916 1.500419 -3.489850 -20.820754 1.754543 -6.602603 -7.249973 -2.492995 7.583486 12.665994 -8.633765 -15.830879 
-1.185842 94.862115 -47.482547 -0.878026 1.400882 -0.807699 -0.741965 3.385680 2.720192 3.477062 -19.728162 -1.084404 -9.890870 20.108726 2.677610 -0.000000 0.000000 0.000000 0.891040 -4.264900 1.487164 4.971421 14.608091 -1.894954 -8.454745 -19.353677 1.495195 -0.000000 0.000000 0.000000 1.976172 1.390176 0.505496 -3.611890 -5.119828 1.345391 7.593068 1.134016 1.766150 9.645916 -9.318838 -4.408088 -4.235934 5.942818 9.660482 -0.000000 0.000000 0.000000 -3.723824 -2.841117 1.065267 -8.947503 -2.720621 -2.506062 -10.528732 8.790767 -7.186667 2.156080 9.154256 18.322365 -3.189875 1.546902 -3.185146 -20.768743 1.660757 -6.721679 -7.168581 -2.488338 7.632784 12.786401 -8.348508 -16.053208 
-1.182926 94.861478 -47.503504 -0.878162 1.480796 -0.800919 -0.783721 3.350128 2.710492 3.514520 -19.763729 -1.078896 -9.881537 20.102804 2.677578 -0.000000 0.000000 0.000000 0.873270 -4.283516 1.472990 4.987430 14.552941 -1.880814 -8.452744 -19.362110 1.493682 -0.000000 0.000000 0.000000 1.959158 1.393116 0.483775 -3.473521 -5.157471 1.398299 7.535882 1.098681 1.784713 9.625023 -9.417199 -4.407858 -4.193289 6.045892 9.708578 -0.000000 0.000000 0.000000 -3.665578 -2.883251 0.669437 -8.833531 -2.664126 -2.441540 -10.642333 8.778079 -7.071681 1.962100 9.136534 18.865519 -3.181588 1.552844 -2.797860 -20.695920 1.533248 -6.732415 -7.172462 -2.492143 7.636245 12.786699 -8.068481 -16.243077 
-1.177323 94.862747 -47.520909 -0.870843 1.582091 -0.787514 -0.824335 3.312190 2.695863 3.533574 -19.791128 -1.070067 -9.857520 20.061810 2.663729 -0.000000 0.000000 0.000000 0.858356 -4.289846 1.452647 4.989407 14.440927 -1.853194 -8.452743 -19.346875 1.496076 -0.000000 0.000000 0.000000 1.894342 1.384714 0.455200 -3.284753 -5.209012 1.458255 7.449052 1.040341 1.791726 9.662809 -9.470001 -4.405827 -4.148397 6.155423 9.745322 -0.000000 0.000000 0.000000 -3.583323 -2.891201 0.204048 -8.649404 -2.582609 -2.513870 -10.749748 8.751614 -6.885538 1.739316 9.046166 19.252671 -3.155361 1.553196 -2.344860 -20.561633 1.406262 -6.554353 -7.356382 -2.521308 7.604755 12.655221 -7.775761 -16.478291 
-1.163003 94.864708 -47.538486 -0.851543 1.686239 -0.764891 -0.867065 3.279545 2.674008 3.534097 -19.781324 -1.071295 -9.827385 19.975728 2.648008 -0.000000 0.000000 0.000000 0.827278 -4.273179 1.418708 4.999136 14.283655 -1.833795 -8.459575 -19.298952 1.492957 -0.000000 0.000000 0.000000 1.779707 1.383937 0.393325 -3.023550 -5.263618 1.545643 7.354296 0.961847 1.782284 9.708476 -9.457716 -4.374453 -4.062213 6.211249 9.761146 -0.000000 0.000000 0.000000 -3.489226 -2.836098 -0.283794 -8.417147 -2.505413 -2.767714 -10.925277 8.736318 -6.738466 1.444020 8.846702 19.464860 -3.095249 1.520016 -1.788455 -20.237801 1.224573 -6.110392 -7.549753 -2.546662 7.545808 12.345730 -7.403291 -17.003432 
-1.152867 94.860727 -47.559407 -0.818613 1.788791 -0.746595 -0.935089 3.269921 2.649741 3.561026 -19.679052 -1.046794 -9.805397 19.803822 2.594810 -0.000000 0.000000 0.000000 0.767004 -4.228129 1.388860 5.032580 14.036336 -1.808570 -8.482823 -19.207718 1.494657 -0.000000 0.000000 0.000000 1.623117 1.399991 0.296185 -2.669066 -5.294257 1.668186 7.199751 0.877772 1.771797 9.767516 -9.400723 -4.342614 -3.946174 6.135388 9.802572 -0.000000 0.000000 0.000000 -3.385879 -2.745325 -0.775400 -8.145947 -2.521593 -3.255557 -11.005275 8.735589 -6.694128 1.337307 8.518735 19.584675 -2.983388 1.489393 -1.130888 -19.719680 0.919409 -5.457131 -7.579502 -2.551287 7.552633 11.954919 -6.498753 -17.526031 
-1.140079 94.859362 -47.587299 -0.807446 1.832555 -0.731810 -0.993780 3.241685 2.622379 3.634055 -19.513727 -1.020463 -9.813287 19.623469 2.565930 -0.000000 0.000000 0.000000 0.710052 -4.157733 1.341497 5.079872 13.761685 -1.764899 -8.497792 -19.045499 1.513025 -0.000000 0.000000 0.000000 1.487200 1.424331 0.171286 -2.294368 -5.301271 1.813702 7.046577 0.781233 1.776961 9.838095 -9.286620 -4.296544 -3.849225 5.995298 9.771066 -0.000000 0.000000 0.000000 -3.270346 -2.576079 -1.263686 -7.869062 -2.570807 -4.077964 -11.081671 8.725275 -6.583921 1.370272 8.278711 19.404711 -2.819181 1.459663 -0.385746 -19.027519 0.615962 -4.492847 -7.373418 -2.511647 7.521335 11.690364 -5.610416 -17.719952 
-1.121946 94.858104 -47.617483 -0.794479 1.830102 -0.733380 -1.073871 3.185914 2.621913 3.742891 -19.318561 -1.025022 -9.840416 19.467531 2.555415 -0.000000 0.000000 0.000000 0.646750 -4.087311 1.289128 5.112564 13.485571 -1.699072 -8.489853 -18.825990 1.550138 -0.000000 0.000000 0.000000 1.369925 1.461428 0.020303 -1.912514 -5.299274 1.989945 6.878576 0.683991 1.803718 9.879266 -9.138412 -4.240692 -3.717566 5.833326 9.703585 -0.000000 0.000000 0.000000 -3.166341 -2.344761 -1.792654 -7.633613 -2.616107 -5.192273 -11.361795 8.717547 -6.420964 1.252839 8.085164 19.009417 -2.612087 1.451989 0.498035 -18.320601 0.287402 -3.341234 -7.090194 -2.460904 7.484101 11.767655 -4.909753 -17.717106 
-1.098286 94.858670 -47.651923 -0.804599 1.785680 -0.730715 -1.112650 3.099872 2.602826 3.839255 -19.063745 -1.023825 -9.861672 19.340107 2.539993 -0.000000 0.000000 0.000000 0.597002 -4.039462 1.224634 5.155858 13.202067 -1.632930 -8.476538 -18.556012 1.600137 -0.000000 0.000000 0.000000 1.232568 1.526684 -0.112154 -1.460600 -5.264175 2.161922 6.718190 0.598034 1.822410 9.900654 -8.936083 -4.181780 -3.603396 5.591038 9.592367 -0.000000 0.000000 0.000000 -3.069962 -2.097676 -2.353633 -7.446605 -2.728281 -6.581928 -11.869793 8.725225 -6.278414 1.151454 7.851968 18.491524 -2.374595 1.461827 1.416196 -17.508724 -0.062130 -1.903684 -6.822232 -2.415878 7.444346 11.809933 -4.315450 -17.520665 
-1.068269 94.862205 -47.697213 -0.858174 1.710247 -0.734443 -1.095574 3.015085 2.577106 3.917040 -18.802122 -1.009372 -9.883798 19.239464 2.547759 -0.000000 0.000000 0.000000 0.603025 -3.991669 1.166988 5.161090 12.944644 -1.572151 -8.439367 -18.277720 1.634814 -0.000000 0.000000 0.000000 1.113151 1.584981 -0.224773 -0.934595 -5.227533 2.331832 6.569360 0.503475 1.827617 9.866823 -8.684507 -4.089212 -3.507014 5.426245 9.414832 -0.000000 0.000000 0.000000 -2.883762 -1.870613 -3.017187 -7.108759 -2.740520 -8.219600 -12.176310 8.690227 -5.978103 0.797744 7.670225 17.504020 -2.152141 1.484917 2.361237 -16.808638 -0.314373 -0.140055 -6.878732 -2.419972 7.358450 11.950317 -4.249193 -17.208015 
-1.032827 94.865316 -47.768757 -0.938800 1.635766 -0.734663 -1.078527 2.947601 2.554926 4.008192 -18.520559 -1.018116 -9.901754 19.109710 2.555273 -0.000000 0.000000 0.000000 0.605865 -3.948324 1.088781 5.191443 12.681177 -1.505528 -8.399078 -17.967249 1.688668 -0.000000 0.000000 0.000000 1.029538 1.645198 -0.351584 -0.327270 -5.159162 2.507206 6.418753 0.433515 1.832379 9.740787 -8.393610 -3.939985 -3.386426 5.178257 9.245145 -0.000000 0.000000 0.000000 -2.704729 -1.636585 -3.734047 -6.716375 -2.879674 -10.047367 -12.447957 8.662395 -5.748805 0.274698 7.337488 16.470132 -1.922539 1.485150 3.330757 -16.103702 -0.621003 1.920374 -7.163380 -2.453387 7.227618 11.856297 -4.156439 -16.793246 
-0.994372 94.867575 -47.882086 -1.031903 1.601435 -0.715213 -1.054809 2.847024 2.512146 4.048383 -18.303938 -1.035470 -9.882524 19.009671 2.581624 -0.000000 0.000000 0.000000 0.590963 -3.929716 0.988399 5.251032 12.412492 -1.440789 -8.369796 -17.677683 1.747162 -0.000000 0.000000 0.000000 1.018872 1.699108 -0.471035 0.339301 -5.078513 2.667119 6.221058 0.373790 1.835087 9.543255 -8.142705 -3.807629 -3.322405 4.937862 9.101202 -0.000000 0.000000 0.000000 -2.523384 -1.412550 -4.619179 -6.337646 -3.105187 -11.994822 -12.762087 8.610195 -5.422538 0.098276 7.282532 15.599820 -1.669653 1.475722 4.407537 -15.228887 -0.892233 4.124026 -7.347188 -2.458614 7.031136 11.636422 -4.100761 -16.133020 
-0.943404 94.873053 -48.006687 -1.123667 1.635922 -0.701304 -1.078521 2.767985 2.479534 4.134869 -18.111875 -1.063704 -9.858900 18.854982 2.613683 -0.000000 0.000000 0.000000 0.558291 -3.940909 0.887411 5.306336 12.095992 -1.358216 -8.327037 -17.383621 1.798451 -0.000000 0.000000 0.000000 1.044637 1.722879 -0.573305 1.042946 -5.045457 2.820135 6.018028 0.272851 1.828795 9.222088 -7.893652 -3.632861 -3.262994 4.805262 8.920370 -0.000000 0.000000 0.000000 -2.234600 -1.225044 -5.741889 -5.790894 -3.146874 -14.087964 -13.150880 8.344380 -4.797026 -0.520858 7.119881 14.746680 -1.473580 1.414579 5.589193 -14.400001 -1.166788 6.613221 -7.833037 -2.401065 6.701574 11.457526 -4.195734 -15.835874 
-0.865701 94.879919 -48.136112 -1.183146 1.719090 -0.693452 -1.188517 2.675122 2.441393 4.303330 -17.896442 -1.089783 -9.835545 18.651214 2.635797 -0.000000 0.000000 0.000000 0.480900 -3.924526 0.757452 5.393677 11.703043 -1.237156 -8.270356 -17.087998 1.870726 -0.000000 0.000000 0.000000 1.206025 1.732777 -0.692640 1.603065 -5.018653 2.973653 5.805243 0.194507 1.835298 8.768523 -7.702982 -3.414782 -3.099316 4.685832 8.815902 -0.000000 0.000000 0.000000 -1.831805 -1.085007 -7.069179 -4.972875 -3.292090 -16.174620 -13.440667 7.665937 -4.545588 -1.808974 6.295283 14.270684 -1.301810 1.251473 6.871166 -13.393963 -1.559218 9.327183 -8.499626 -1.459259 6.428526 10.786642 -4.052646 -15.666407 
-0.769852 94.883943 -48.247069 -1.211072 1.868610 -0.669845 -1.337312 2.553941 2.363566 4.503902 -17.707874 -1.080344 -9.821624 18.416427 2.645778 -0.000000 0.000000 0.000000 0.395679 -3.863232 0.595479 5.469631 11.227353 -1.102177 -8.241632 -16.821280 1.961954 -0.000000 0.000000 0.000000 1.428924 1.756941 -0.811056 2.086195 -4.996772 3.121594 5.464924 0.185819 1.823730 8.376114 -7.558592 -3.168751 -2.851864 4.459639 8.747770 -0.000000 0.000000 0.000000 -1.395858 -1.068925 -8.579258 -3.860665 -3.797915 -18.145309 -12.975182 7.292626 -4.679494 -2.716551 5.099340 13.420357 -1.053178 1.083024 8.263364 -11.751594 -2.012255 12.225801 -8.562111 -0.089614 6.088652 9.874416 -3.631800 -15.113046 
-0.659835 94.878781 -48.342019 -1.211255 2.047695 -0.620695 -1.529308 2.412866 2.253323 4.756765 -17.442646 -1.075222 -9.841471 18.104918 2.647347 -0.000000 0.000000 0.000000 0.289285 -3.713109 0.408149 5.564349 10.640173 -0.958199 -8.252996 -16.564806 2.027122 -0.000000 0.000000 0.000000 1.690160 1.795475 -0.887597 2.658023 -4.983832 3.236308 4.914460 0.213511 1.737947 7.918864 -7.355630 -2.932841 -2.431564 4.228383 8.647180 -0.000000 0.000000 0.000000 -0.841115 -1.332156 -10.340352 -2.133168 -4.443491 -19.856951 -11.437713 6.765448 -5.050109 -3.807208 3.252030 11.642455 -0.727434 1.046138 9.784795 -9.441705 -2.472739 15.399149 -8.208190 1.785336 5.678576 8.716888 -2.823862 -14.579634 
-0.539372 94.869411 -48.425314 -1.254077 2.203215 -0.554044 -1.656855 2.221272 2.108273 5.032119 -17.036790 -1.061019 -9.921469 17.723294 2.667429 -0.000000 0.000000 0.000000 0.224310 -3.452424 0.197466 5.694843 9.948671 -0.822868 -8.298140 -16.276788 2.073326 -0.000000 0.000000 0.000000 2.080682 1.830663 -0.919275 3.318587 -4.939218 3.303432 4.247401 0.321614 1.655592 7.275465 -7.162570 -2.792613 -1.985105 4.019076 8.473245 -0.000000 0.000000 0.000000 -0.084778 -1.925080 -12.225204 0.163351 -5.295142 -21.745193 -9.105099 5.534702 -5.248673 -5.329688 0.961084 10.094832 -0.226813 1.281873 11.240012 -6.412434 -2.962635 18.939781 -7.227059 4.383390 5.260698 6.919197 -1.405162 -14.004807 
-0.404503 94.860041 -48.502740 -1.344616 2.393883 -0.478754 -1.702272 1.958146 1.949657 5.271225 -16.430823 -1.053953 -10.018658 17.188206 2.684225 -0.000000 0.000000 0.000000 0.227194 -3.141757 -0.011806 5.830744 9.064891 -0.720162 -8.374603 -15.869082 2.161366 -0.000000 0.000000 0.000000 2.580888 1.814482 -0.877381 3.979298 -4.876995 3.269895 3.647926 0.469519 1.608936 6.507548 -6.727071 -2.709722 -1.841810 3.727353 8.143887 -0.000000 0.000000 0.000000 0.674148 -2.566646 -13.894304 2.360139 -6.275111 -24.185403 -6.515450 3.490646 -4.872658 -6.220806 -1.520653 9.162534 0.392451 1.720896 12.454305 -3.098154 -3.256643 23.012222 -5.497414 7.537369 4.350815 4.922444 0.590220 -12.581615 
-0.242467 94.855076 -48.572287 -1.484304 2.651620 -0.380492 -1.669547 1.625429 1.727258 5.490875 -15.797593 -0.998967 -10.106040 16.636555 2.719231 -0.000000 0.000000 0.000000 0.264539 -2.885232 -0.252289 6.043841 8.113694 -0.617327 -8.483386 -15.451187 2.313438 -0.000000 0.000000 0.000000 3.133306 1.790980 -0.767948 4.771240 -4.845730 3.160455 3.046073 0.669696 1.552469 5.662064 -6.253648 -2.692712 -1.979678 3.474548 7.848043 -0.000000 0.000000 0.000000 1.368874 -3.249100 -15.672764 4.040600 -7.353894 -26.558440 -4.163350 1.115433 -4.059715 -5.954036 -3.421021 8.923630 0.964747 2.147191 13.708201 -0.220250 -3.417305 27.108312 -4.035925 11.033541 3.165973 3.151487 2.307937 -10.545846 
-0.061215 94.852388 -48.652846 -1.656430 3.091083 -0.243305 -1.710109 1.330737 1.477917 5.851088 -15.320113 -0.958134 -10.194225 16.020251 2.760038 -0.000000 0.000000 0.000000 0.265284 -2.705458 -0.542095 6.426983 7.194663 -0.511989 -8.692158 -15.142565 2.488897 -0.000000 0.000000 0.000000 3.791450 1.800109 -0.664448 5.858845 -4.881187 3.019239 2.212939 0.850066 1.513266 4.780877 -5.784008 -2.693469 -2.366458 3.160185 7.670396 -0.000000 0.000000 0.000000 1.901581 -3.889384 -17.607606 4.753864 -8.068494 -28.416755 -2.943821 -1.729729 -2.852896 -4.682876 -3.793373 7.220841 1.458380 2.523650 15.075144 1.905813 -3.668778 30.868990 -3.694221 14.474385 2.083234 1.748131 3.346156 -7.526933 
0.135811 94.833648 -48.759070 -1.896064 3.809421 -0.060511 -1.819109 1.115763 1.234347 6.331914 -15.114582 -0.959107 -10.263554 15.301699 2.729245 -0.000000 0.000000 0.000000 0.285075 -2.560466 -0.862318 6.961494 6.238189 -0.387603 -9.023826 -15.039985 2.633207 -0.000000 0.000000 0.000000 4.687627 1.791582 -0.602892 7.084457 -4.962336 2.838778 1.227784 1.027659 1.458465 3.961904 -5.270355 -2.503863 -3.049423 2.626995 7.604927 -0.000000 0.000000 0.000000 2.268882 -4.465666 -19.324837 4.620733 -8.561063 -29.834233 -3.330767 -4.923044 -1.368314 -4.591323 -3.776531 3.572981 1.857301 3.050878 16.148392 3.732410 -3.653824 34.543801 -3.876821 16.959914 1.015548 -0.243671 3.818220 -3.076352 
0.343749 94.816566 -48.861855 -2.395107 4.769346 0.148843 -1.738814 0.820642 1.008466 6.918094 -15.221217 -0.994397 -10.302721 14.691638 2.677586 -0.000000 0.000000 0.000000 0.536073 -2.516038 -1.152029 7.652504 5.331333 -0.277240 -9.373547 -15.148348 2.694726 -0.000000 0.000000 0.000000 5.860950 1.690429 -0.635362 8.430567 -5.102008 2.699018 0.398261 1.225989 1.488202 3.193817 -4.997411 -2.274859 -4.082990 2.067821 7.673755 -0.000000 0.000000 0.000000 2.657385 -5.310596 -20.550726 4.338148 -9.067904 -31.166964 -4.435669 -9.182099 0.150262 -6.395945 -3.693847 0.640480 2.236214 3.933704 16.471897 5.331098 -2.989317 38.183940 -4.102154 18.307455 0.202222 -3.258929 3.303067 1.865542 
0.562332 94.801444 -48.929885 -3.042711 5.933289 0.357066 -1.593537 0.255795 0.797775 7.666907 -15.545985 -1.052054 -10.345130 14.305724 2.560468 -0.000000 0.000000 0.000000 0.879086 -2.648429 -1.378698 8.529006 4.509946 -0.218873 -9.617642 -15.401379 2.692752 -0.000000 0.000000 0.000000 7.104304 1.489368 -0.835817 9.863963 -5.312703 2.700811 -0.104720 1.373782 1.648188 2.368623 -5.006460 -1.985608 -5.272507 1.603980 7.831582 -0.000000 0.000000 0.000000 3.121773 -6.486599 -21.347541 4.296740 -9.642985 -32.257310 -4.028210 -15.011118 1.941617 -7.816290 -3.876769 0.343447 2.557262 5.098983 16.359316 6.640248 -2.025056 41.101635 -3.539497 19.322624 -0.217371 -5.576550 2.212756 5.806847 
0.912211 94.624060 -49.012727 -3.528041 7.254253 0.915927 -1.754363 -2.798923 -0.267488 8.895410 -15.619987 -1.226866 -11.976848 16.214679 4.552510 -0.000000 0.000000 0.000000 0.534935 -3.020409 -2.361061 10.540586 4.223004 0.328610 -11.711985 -15.785115 2.685592 -0.000000 0.000000 0.000000 7.710800 1.307176 -1.169812 10.166085 -6.274069 2.325695 2.243371 1.692576 2.059006 -0.335497 -5.394433 -2.174599 -5.331727 1.622994 8.447882 -0.000000 0.000000 0.000000 3.072795 -7.005000 -21.412195 2.014219 -9.641929 -33.425504 -1.509917 -21.364570 3.798347 -3.478908 -5.814972 0.994131 2.346781 6.856605 15.077114 7.082806 -0.802970 44.385586 -3.004396 19.852943 -1.213988 -4.840442 2.845209 8.338157 
1.184585 94.558173 -49.046233 -3.872264 8.263669 0.977162 -2.353386 -3.842655 -0.500100 10.534525 -15.383868 -1.229066 -12.316537 15.871847 4.332935 -0.000000 0.000000 0.000000 0.197134 -3.096445 -2.354188 12.100456 3.424961 0.101210 -12.007024 -16.031494 2.920997 -0.000000 0.000000 0.000000 8.855334 1.040265 -1.541551 11.455649 -6.399182 2.693480 1.997761 1.692242 2.237871 -0.965818 -5.452159 -1.822613 -6.267389 0.843052 8.473140 -0.000000 0.000000 0.000000 3.157932 -7.659509 -21.086933 1.963797 -10.568080 -34.554614 2.579199 -28.451217 7.765568 -1.015810 -5.968602 2.296789 2.777078 7.966915 14.829354 8.329681 0.514745 45.482664 -1.105290 21.929227 -2.844269 -5.637284 2.715926 9.857912 
1.484101 94.412196 -49.099830 -3.916047 8.624458 0.926635 -3.439021 -4.261907 -0.680315 12.620891 -14.959791 -1.274733 -13.016228 15.405656 4.285727 -0.000000 0.000000 0.000000 -0.677603 -3.008464 -2.164923 13.954596 2.908409 -0.510355 -12.639165 -16.112597 3.330706 -0.000000 0.000000 0.000000 10.012599 0.808228 -1.918176 12.106674 -6.273518 2.960623 2.175823 1.540450 2.256853 -1.178273 -5.513774 -1.590458 -7.212015 0.087561 8.355496 -0.000000 0.000000 0.000000 3.037548 -8.238968 -20.383347 1.651956 -11.403063 -35.501534 7.326167 -35.233888 12.496681 1.055452 -6.096107 3.692041 3.135923 8.719109 14.472076 8.819910 1.218252 45.872365 0.812620 24.108386 -4.386586 -5.564505 2.776262 9.520590 
1.848677 94.192165 -49.137759 -3.773735 7.721997 0.975849 -4.322912 -3.976518 -1.066850 14.278346 -13.928972 -1.398852 -13.966861 14.943675 4.732086 -0.000000 0.000000 0.000000 -2.085368 -2.665117 -2.198615 16.226806 2.836449 -1.447369 -13.721126 -15.619219 4.093215 -0.000000 0.000000 0.000000 11.234532 0.733366 -2.460796 12.344407 -5.707964 2.951481 2.571220 1.337945 1.977616 -1.051986 -5.467766 -1.510739 -8.055982 -0.628800 7.954842 -0.000000 0.000000 0.000000 2.687066 -8.546482 -19.219858 0.985663 -12.456522 -36.603031 11.265592 -41.496272 17.220575 1.962084 -5.930235 4.783304 3.566979 9.127355 14.105861 8.588887 1.609277 45.928143 1.873532 26.441673 -6.021068 -5.723229 2.737132 8.643798 
2.274564 93.991953 -49.184123 -3.722011 5.512292 1.185813 -4.517817 -3.187368 -1.571280 15.006201 -12.296033 -1.825862 -14.826974 14.636681 5.565568 -0.000000 0.000000 0.000000 -4.227344 -2.238402 -2.699791 19.599254 3.082544 -2.426509 -14.651770 -14.218815 5.261788 -0.000000 0.000000 0.000000 12.853359 0.694514 -3.236344 12.608861 -4.749586 2.767122 2.799273 1.149352 1.411941 -1.175324 -5.112308 -1.269914 -8.506558 -1.063105 7.360872 -0.000000 0.000000 0.000000 2.276055 -8.432544 -17.777738 0.032945 -13.653571 -37.897968 13.612388 -48.151087 21.454893 1.223152 -4.927841 5.769212 4.140633 9.312477 14.055340 7.692912 2.252015 45.486497 2.275599 29.110210 -8.191057 -5.506439 2.458990 7.281791 
2.757936 93.878949 -49.194041 -3.913689 2.759802 1.144835 -4.161123 -2.289322 -1.832013 15.283549 -10.640157 -2.324094 -15.515595 14.710713 6.397574 -0.000000 0.000000 0.000000 -7.151629 -1.829255 -3.223935 24.338886 3.555329 -3.226230 -14.363331 -12.371834 6.619188 -0.000000 0.000000 0.000000 14.617355 0.477593 -3.682567 13.062731 -3.748638 2.656289 2.826604 0.920952 0.713638 -1.288237 -4.597865 -0.957181 -8.880180 -1.142642 6.947393 -0.000000 0.000000 0.000000 1.986890 -8.436329 -16.411614 -0.904558 -14.665170 -39.218434 16.674778 -55.087874 27.094988 -1.021970 -3.565042 6.868557 4.785677 9.425190 14.021472 6.239079 2.841851 44.717100 3.044519 32.446440 -11.024156 -4.901080 2.195148 4.812444 
3.372439 93.864280 -49.076396 -4.305686 0.094591 0.577080 -3.437909 -2.052124 -1.772567 15.395512 -8.973665 -2.726105 -16.152181 15.353172 7.042628 -0.000000 0.000000 0.000000 -10.744985 -0.737972 -3.051783 30.238332 4.039733 -3.975811 -12.263009 -11.108161 7.665519 -0.000000 0.000000 0.000000 16.093989 -0.128937 -3.300008 13.440085 -2.966172 2.694209 2.820451 0.642733 -0.016093 -0.818737 -3.888221 -0.646992 -9.134273 -1.071556 6.701686 -0.000000 0.000000 0.000000 1.761003 -8.445218 -15.116503 -1.858270 -15.414238 -40.804012 23.665673 -61.018890 36.865203 -2.445631 -2.674909 8.251602 5.369131 9.257080 13.700429 4.520908 3.400149 43.908235 5.101080 36.201840 -15.124063 -3.972173 2.373532 1.671148 
4.037453 93.867397 -48.835680 -4.353209 -2.448716 -0.084675 -2.917363 -2.463030 -1.874696 15.230671 -7.216206 -3.002823 -16.715531 16.458124 7.794796 -0.000000 0.000000 0.000000 -15.292980 0.863622 -2.723842 36.546954 4.343154 -4.147052 -8.488463 -10.542866 8.486920 -0.000000 0.000000 0.000000 16.884425 -1.036214 -2.853469 13.744460 -2.526094 2.878995 2.613380 0.226821 -0.648833 0.166041 -3.334876 -0.436607 -8.837965 -0.590711 6.725078 -0.000000 0.000000 0.000000 1.657213 -8.298523 -14.006587 -2.747335 -15.771865 -42.124092 34.295880 -65.975908 50.599060 -3.755245 -1.940681 9.556520 5.683411 8.628786 13.308323 2.875322 4.110048 43.180757 7.898658 40.632837 -20.399549 -3.980375 2.596705 -0.964185 
4.605762 93.872482 -48.423913 -4.370643 -4.599308 -0.845440 -2.284620 -2.759766 -1.832703 14.891830 -5.914803 -3.097977 -17.296022 17.510499 8.519139 -0.000000 0.000000 0.000000 -19.695296 2.064750 -2.306340 41.939747 3.955440 -3.490941 -4.935826 -10.116762 8.780591 -0.000000 0.000000 0.000000 17.414084 -2.080910 -2.514806 14.244497 -2.449856 3.224933 2.286925 -0.329749 -0.991255 1.343788 -2.962268 -0.489324 -8.275870 0.039786 6.791267 -0.000000 0.000000 0.000000 1.706581 -8.352965 -13.301467 -3.848208 -15.874086 -42.645131 48.298669 -69.313914 67.960185 -5.376160 -1.580622 11.180388 5.601510 7.927527 13.078744 1.193968 4.454347 42.549853 11.024232 46.071075 -26.443353 -4.824575 2.977208 -3.488033 
5.110954 93.913126 -47.869781 -4.516295 -6.504205 -1.679015 -1.364904 -2.630573 -1.648499 14.394439 -4.824158 -3.057673 -17.764897 18.068090 9.105000 -0.000000 0.000000 0.000000 -23.269852 2.866556 -1.888689 45.358077 3.674921 -2.127607 -3.737882 -8.557871 8.464472 -0.000000 0.000000 0.000000 17.961572 -2.952600 -2.242319 15.099471 -2.580074 3.564635 1.983407 -0.916669 -0.990584 2.609730 -2.674931 -0.840462 -7.744231 0.375469 6.640476 -0.000000 0.000000 0.000000 1.839905 -8.599543 -12.525939 -5.651289 -16.359144 -43.096818 62.329906 -70.677742 85.553040 -6.947353 -1.603048 12.876651 5.314351 7.348242 12.714990 -0.577206 4.854479 42.157824 13.967270 52.127169 -32.883820 -6.881642 3.570459 -5.854142 
5.537928 93.966520 -47.200495 -4.678885 -8.436065 -2.415948 -0.180739 -1.872083 -1.434095 13.553721 -3.709803 -3.045091 -18.078889 18.079477 9.387193 -0.000000 0.000000 0.000000 -26.064122 3.375307 -1.430295 46.513843 3.687026 -0.653633 -4.654338 -7.307682 7.934603 -0.000000 0.000000 0.000000 18.768207 -3.672108 -2.163948 15.800613 -2.783793 3.683601 1.771383 -1.368630 -0.746289 3.783604 -2.449586 -1.359475 -7.103290 0.558152 6.431926 -0.000000 0.000000 0.000000 1.906863 -8.642940 -11.643279 -8.003147 -17.129666 -43.537212 74.933820 -70.670679 101.468104 -7.868166 -1.427411 14.197012 4.946994 6.687719 12.190427 -2.598086 5.440403 42.098090 17.379853 58.464301 -39.852595 -9.906371 3.879353 -7.237428 
5.877949 93.982506 -46.471798 -4.692113 -10.719339 -3.034608 0.884737 -0.803293 -1.345381 12.711026 -2.286777 -3.016714 -18.499118 17.889201 9.531053 -0.000000 0.000000 0.000000 -28.397224 3.624124 -0.779290 45.344857 3.053020 0.484036 -5.060311 -6.683158 7.692327 -0.000000 0.000000 0.000000 19.716589 -4.238416 -2.312548 16.168191 -2.857116 3.583761 1.619190 -1.559700 -0.339327 4.776296 -1.868097 -2.095356 -6.560378 0.769938 5.920297 -0.000000 0.000000 0.000000 1.689524 -8.633248 -10.646832 -10.635073 -18.101241 -44.512220 84.106970 -69.537543 114.158273 -8.637156 -1.424899 14.508338 4.494282 6.134815 11.603822 -4.586178 6.286127 42.147159 24.847049 63.852266 -50.796278 -11.992989 3.467588 -7.708986 
6.100424 93.943948 -45.687410 -4.698306 -13.101719 -3.599349 1.755257 0.050547 -1.462797 12.236368 -0.782729 -2.816128 -19.149794 18.027841 9.604152 -0.000000 0.000000 0.000000 -29.939512 3.733102 0.176527 42.010545 1.999059 1.342092 -5.200307 -6.394776 7.559875 -0.000000 0.000000 0.000000 20.783722 -4.709285 -2.605753 16.431407 -2.998046 3.373411 1.495999 -1.572165 0.185052 5.604966 -1.016561 -3.195593 -6.494012 1.384983 5.355884 -0.000000 0.000000 0.000000 1.296240 -8.851604 -9.876999 -13.403501 -19.046722 -45.653118 90.600729 -67.764830 124.356720 -9.219094 -1.523056 14.809455 3.885054 5.910841 11.218256 -6.842963 7.200413 41.891251 38.303835 67.275504 -67.262025 -11.440863 3.154190 -8.007577 
6.168092 93.842274 -44.798112 -4.788108 -15.693485 -4.074740 2.577349 0.269298 -1.867196 12.074474 0.751184 -2.516987 -20.068442 18.877626 9.897330 -0.000000 0.000000 0.000000 -30.568879 3.913408 1.423751 36.800087 1.311154 1.906460 -4.593247 -6.039629 7.474668 -0.000000 0.000000 0.000000 21.749239 -5.027628 -3.210065 16.917805 -3.252390 3.018659 1.406039 -1.494709 0.673720 6.219402 0.036886 -4.307703 -6.712482 2.222615 4.939230 -0.000000 0.000000 0.000000 0.866128 -9.364937 -9.077722 -16.225909 -20.087343 -46.754947 95.175583 -65.697381 132.549826 -10.002512 -1.903161 16.098651 2.981892 6.241369 10.677500 -9.343613 8.486359 42.063231 53.385525 69.029836 -85.179168 -11.440653 3.398203 -8.783921 
6.071231 93.668944 -43.718296 -4.909130 -18.331338 -4.386265 3.513868 0.186536 -2.460795 11.952155 2.109971 -2.350113 -21.235796 20.086612 10.440584 -0.000000 0.000000 0.000000 -30.255202 4.133297 2.762989 30.105448 1.534956 2.145760 -3.297209 -5.551644 7.418640 -0.000000 0.000000 0.000000 22.437491 -5.179204 -4.125052 17.520869 -3.607946 2.520521 1.395162 -1.321851 0.996410 6.760478 0.931262 -5.163955 -6.711817 3.098692 4.827536 -0.000000 0.000000 0.000000 0.582278 -10.087863 -8.348580 -19.263038 -21.409363 -47.553737 98.398676 -63.536530 138.832393 -10.771670 -2.253138 17.728006 1.929511 6.727924 9.925761 -12.070175 10.038133 42.988419 68.848349 69.741267 -102.981911 -12.830373 3.597566 -9.983407 
5.873173 93.429214 -42.397749 -4.880552 -20.747022 -4.530596 4.540903 0.380464 -3.064695 11.678602 3.387250 -2.348653 -22.479111 20.869275 10.894543 -0.000000 0.000000 0.000000 -29.208969 4.282527 3.968030 22.477841 2.446892 2.214152 -2.118342 -4.853658 7.625787 -0.000000 0.000000 0.000000 22.859739 -5.227563 -5.109778 18.274522 -4.037646 2.010756 1.220591 -1.092580 1.139605 7.327200 1.595713 -5.787126 -6.655827 3.820117 4.890394 -0.000000 0.000000 0.000000 0.449453 -10.996587 -7.575109 -22.231565 -23.094381 -48.327459 100.628248 -61.402020 143.572183 -11.147678 -2.578483 19.351434 0.946884 7.215653 8.899309 -14.945464 11.660190 44.392533 83.094165 68.812885 -119.232565 -14.279115 3.938308 -11.208786 
5.579366 93.125665 -40.816325 -4.797331 -22.653569 -4.609221 5.896769 1.025388 -3.628429 11.087631 4.351074 -2.291874 -23.680560 21.084281 11.076707 -0.000000 0.000000 0.000000 -27.615244 4.340553 4.923038 14.876914 4.154155 2.406558 -1.882385 -3.568121 7.768735 -0.000000 0.000000 0.000000 22.919980 -5.204056 -6.085080 19.527555 -4.511405 1.669507 0.886231 -0.904838 1.135395 7.995075 2.013509 -6.191346 -6.840959 4.444797 5.000546 -0.000000 0.000000 0.000000 0.455980 -12.125577 -6.704398 -25.191113 -25.147140 -49.227438 102.233147 -59.441700 147.155868 -11.287706 -2.610968 21.176085 0.119354 7.765806 7.659704 -17.814894 13.437556 45.619906 93.891326 66.568244 -131.902212 -15.314274 4.341072 -12.965056 
5.185325 92.751193 -38.984412 -4.761434 -23.682609 -4.740588 7.515942 1.810743 -3.980690 10.551377 4.683367 -2.221892 -24.975061 20.918725 11.056401 -0.000000 0.000000 0.000000 -25.877823 4.368363 5.531819 8.807631 6.204360 3.079431 -2.376436 -2.164103 7.742470 -0.000000 0.000000 0.000000 22.956115 -5.230923 -6.711009 20.780057 -5.049934 1.531669 0.611080 -0.888558 0.975010 8.937867 2.050304 -6.512556 -7.205014 5.081242 5.100041 -0.000000 0.000000 0.000000 0.631576 -13.529608 -5.661502 -27.911649 -27.044963 -50.216124 103.130428 -57.622295 149.356714 -10.899766 -2.473390 23.499512 -0.730842 8.310006 6.194257 -20.734521 15.035540 46.490560 101.336322 63.920476 -140.760381 -16.077316 4.892540 -15.087432 
4.682548 92.302752 -36.969969 -4.646357 -23.948151 -4.985290 8.935689 2.193457 -3.992851 10.557646 4.569600 -2.200438 -26.483287 20.722263 11.160339 -0.000000 0.000000 0.000000 -25.192745 4.236984 5.925513 6.966576 7.387066 4.045995 -0.882099 -0.549399 8.496981 -0.000000 0.000000 0.000000 22.990418 -5.366081 -6.937274 21.684542 -5.383811 1.598784 0.667622 -0.985750 0.646371 9.970137 1.853481 -6.722726 -7.452495 5.445684 5.000771 -0.000000 0.000000 0.000000 0.601581 -15.150358 -4.518577 -30.094639 -28.595277 -51.370443 103.074270 -55.860283 149.829244 -9.052155 -2.087828 26.505731 -1.687104 8.945760 4.701042 -23.698613 16.129189 46.738637 106.725280 61.344372 -147.148297 -16.365360 5.484731 -17.241918 
4.054418 91.842163 -34.720519 -3.898586 -23.713183 -5.094890 9.371560 1.892197 -3.757174 11.472727 4.870255 -2.121735 -28.030193 20.335909 11.408897 -0.000000 0.000000 0.000000 -25.822088 4.082283 6.715305 8.017532 7.092236 4.139543 4.501104 2.439031 8.880298 -0.000000 0.000000 0.000000 22.635118 -5.590810 -6.610185 22.076618 -5.430512 1.855485 0.795735 -1.145849 0.084299 11.075910 1.718659 -6.918998 -7.345033 5.445870 4.243679 -0.000000 0.000000 0.000000 0.321224 -16.518518 -3.702836 -31.222691 -29.953936 -52.705364 102.390813 -54.551433 148.918886 -6.319106 -2.406265 29.848764 -2.849040 9.406315 3.448519 -26.384897 17.327401 46.489192 110.558077 58.993846 -151.534156 -15.454518 6.308150 -19.597904 
3.293584 91.498482 -32.144406 -2.829413 -22.729327 -5.168778 9.200436 1.144469 -3.209420 13.118423 4.949877 -1.839986 -29.334745 20.059680 11.683558 -0.000000 0.000000 0.000000 -26.698738 4.280012 7.770202 8.596275 6.318907 3.801475 11.478621 3.761466 8.284381 -0.000000 0.000000 0.000000 22.401992 -5.906256 -5.646981 21.992098 -5.395510 2.365066 1.056570 -1.196625 -0.488433 11.646655 1.227574 -7.222994 -7.106887 5.441338 3.311619 -0.000000 0.000000 0.000000 0.139519 -17.466418 -3.012405 -31.911628 -31.046291 -54.688164 102.101659 -53.669781 147.787626 -5.685587 -3.347721 32.548914 -3.951139 9.552816 2.081109 -28.947696 18.556847 46.148476 112.931788 56.563426 -154.251467 -14.153084 7.058696 -22.110775 
2.340137 91.153139 -29.121310 -1.693903 -20.890714 -4.739616 8.742724 0.341875 -2.557670 15.592386 3.891955 -1.834138 -30.487607 19.837921 12.138276 -0.000000 0.000000 0.000000 -27.398826 4.884438 8.525526 10.369480 5.791590 2.393111 14.948590 2.582811 7.140694 -0.000000 0.000000 0.000000 21.903036 -6.205770 -4.743650 21.704257 -5.493982 2.969637 1.276998 -1.238199 -0.831071 12.531331 -0.235433 -7.687549 -7.265725 5.914066 3.247954 -0.000000 0.000000 0.000000 0.499790 -18.644358 -2.521923 -32.039179 -31.481028 -56.327886 103.075778 -53.001588 147.707242 -7.735413 -3.422765 33.569649 -4.724801 9.891404 0.657094 -31.193501 19.358561 45.569204 114.984482 54.259951 -156.491001 -13.791279 7.254426 -23.961863 
1.238798 90.977162 -25.951979 -0.285068 -18.675620 -3.940499 6.814436 -0.120028 -1.439904 20.349318 2.665238 -2.666553 -30.813392 19.371754 12.166395 -0.000000 0.000000 0.000000 -28.743738 6.104452 9.075167 14.128572 6.552610 0.830421 10.824295 -0.078899 5.507092 -0.000000 0.000000 0.000000 21.360022 -6.399969 -3.511742 20.900603 -5.742510 3.189462 1.551782 -1.178868 -1.224828 13.143623 -2.212254 -8.209962 -6.791054 6.805946 3.588548 -0.000000 0.000000 0.000000 0.777900 -19.270329 -2.810197 -31.392704 -31.786207 -56.906074 104.668263 -52.336687 147.874922 -10.732573 -3.159515 34.716358 -5.404203 10.014790 -0.158405 -33.142707 20.469743 45.270019 117.177380 52.032806 -158.440687 -13.817913 7.322337 -25.590864 
0.123375 91.269964 -22.985211 0.499397 -16.762718 -3.650342 3.703793 -0.536033 0.099607 27.873932 2.259512 -3.640083 -28.631629 18.840408 10.812637 -0.000000 0.000000 0.000000 -29.870447 6.844973 9.312499 19.214601 5.505849 0.409870 5.465641 -1.324395 4.529617 -0.000000 0.000000 0.000000 22.047183 -6.531441 -1.998348 19.424684 -5.701473 3.002254 2.335877 -0.897428 -1.533016 13.796834 -3.203372 -8.553770 -6.577040 6.990304 3.508909 -0.000000 0.000000 0.000000 1.023623 -18.991405 -2.546115 -31.042614 -31.720994 -57.595588 105.775696 -51.719767 147.874977 -12.487392 -3.747459 36.704040 -5.458052 10.484437 -1.003223 -35.763845 21.796071 45.464848 118.780661 50.438542 -159.757570 -12.933657 7.763347 -27.610791 
-0.915091 91.711003 -20.207126 1.007766 -14.549826 -2.837279 -0.564200 -1.965121 1.337587 37.019022 1.236369 -5.421792 -23.002515 18.264066 8.027689 -0.000000 0.000000 0.000000 -29.778838 6.385775 8.043048 22.821689 4.200158 0.999907 1.605864 -1.279621 3.982713 -0.000000 0.000000 0.000000 23.056201 -6.232000 -0.868228 17.548367 -5.919585 2.549883 3.227970 -0.646434 -1.657767 15.348916 -4.367033 -8.837624 -6.857233 7.141372 3.686426 -0.000000 0.000000 0.000000 1.628900 -18.802535 -1.897897 -30.809537 -31.288899 -57.940901 106.476992 -50.782510 148.084536 -13.598107 -3.937015 39.539862 -5.075273 11.273802 -2.119048 -38.200501 22.695214 46.109477 120.156165 49.398206 -160.888011 -11.676935 7.473765 -29.875842 
-1.906627 91.927010 -17.644072 1.947412 -11.336655 -1.417798 -6.759836 -4.736626 1.601830 47.501655 -1.073483 -6.974309 -15.890338 17.754016 5.997317 -0.000000 0.000000 0.000000 -29.831705 5.419461 6.366526 25.699969 4.198983 0.890187 -2.041374 -2.634555 3.049704 -0.000000 0.000000 0.000000 23.178127 -5.384257 0.004877 15.442614 -6.441279 2.277200 4.298109 -0.415270 -1.465363 17.083259 -6.800341 -9.346615 -6.573850 8.070610 4.397446 -0.000000 0.000000 0.000000 2.028523 -19.032054 -1.722514 -30.716021 -30.958282 -57.811621 107.905464 -49.745476 148.935004 -15.687829 -3.767894 43.446219 -4.988540 11.595864 -3.256564 -39.944306 23.196305 46.190657 121.930168 48.944558 -162.036980 -11.573889 6.774498 -32.198716 
-2.953698 92.015022 -15.209462 2.229881 -7.769278 -0.296148 -12.434464 -6.762623 1.777994 56.797051 -4.222328 -7.599856 -10.379537 15.877941 4.942062 -0.000000 0.000000 0.000000 -29.386798 4.748171 5.025033 28.773902 3.628740 0.791342 -5.858036 -4.214088 2.067467 -0.000000 0.000000 0.000000 23.693333 -4.465631 0.828341 13.363685 -6.576731 1.986765 5.237185 -0.107530 -1.184269 18.967964 -8.677780 -9.244835 -6.102638 8.444566 4.871010 -0.000000 0.000000 0.000000 1.746618 -18.832506 -1.665229 -31.207899 -31.039256 -58.040826 108.832847 -48.723923 149.590080 -17.163503 -4.059271 46.959340 -5.175352 11.627168 -4.268404 -41.096881 23.482200 45.928354 122.843771 49.015047 -162.620913 -11.971107 6.628959 -34.236056 
-4.073284 92.189115 -12.715051 1.011578 -4.895712 0.517777 -15.558348 -7.381263 2.482629 62.850248 -7.109193 -7.835607 -12.242938 13.604682 5.250269 -0.000000 0.000000 0.000000 -27.214964 4.411239 4.074254 31.483180 2.826129 1.019351 -9.390436 -5.467349 1.538431 -0.000000 0.000000 0.000000 25.050627 -3.576026 1.278717 12.233072 -6.248825 1.686929 6.135033 0.354959 -1.113492 20.576733 -9.037949 -8.452600 -5.887180 7.782844 4.654431 -0.000000 0.000000 0.000000 1.239523 -17.891050 -1.253880 -32.287705 -31.205371 -58.355458 109.254040 -47.661576 150.511940 -16.761303 -4.608303 48.956917 -5.347229 11.823635 -4.853229 -42.370209 23.965635 45.703911 122.278390 49.091906 -162.323119 -11.977622 6.538256 -35.593294 
-5.146515 92.410874 -10.240580 -0.177117 -2.108387 1.324057 -18.524134 -7.816576 3.095981 65.904046 -7.993078 -7.853080 -13.948932 12.135650 5.585375 -0.000000 0.000000 0.000000 -24.354495 3.747156 3.407214 32.691090 1.972184 0.962949 -12.242265 -6.457490 0.919147 -0.000000 0.000000 0.000000 25.806522 -2.629849 1.588195 12.294006 -6.107214 1.678981 6.619590 0.729961 -1.046596 21.993145 -8.750521 -7.376552 -5.679140 6.771567 4.347652 -0.000000 0.000000 0.000000 0.564475 -16.561113 -0.753262 -33.444471 -31.077774 -58.697967 109.622567 -46.442044 151.765831 -15.526625 -4.968984 50.090508 -5.450008 11.987624 -5.240543 -43.455564 24.661254 46.003032 121.496444 49.015260 -162.120336 -11.763150 6.524045 -36.614296 
-6.029141 92.611301 -7.960103 -0.780491 0.764670 2.246387 -22.196386 -8.359712 2.883267 66.051131 -7.691676 -7.925562 -14.966199 12.529545 6.523732 -0.000000 0.000000 0.000000 -21.710168 2.795282 2.833869 32.734275 1.242726 0.556831 -14.571046 -7.443984 0.148108 -0.000000 0.000000 0.000000 26.079281 -1.479317 1.846700 12.557156 -6.205871 1.960869 6.924603 0.936577 -0.835974 23.244711 -8.788427 -6.012626 -5.227250 5.875942 4.416137 -0.000000 0.000000 0.000000 0.006540 -15.377974 -0.156764 -34.738514 -30.787448 -58.936029 110.197786 -45.303523 153.328579 -15.247591 -5.334756 50.668848 -5.706311 11.918579 -5.698402 -44.086459 25.068879 46.840293 120.623800 48.633106 -161.895892 -11.964629 6.629100 -37.956142 
-6.678946 92.758554 -5.874331 -1.232624 3.052608 2.957655 -25.599231 -8.543133 2.169616 63.346774 -6.706535 -8.173709 -16.123473 13.517666 7.896397 -0.000000 0.000000 0.000000 -19.267474 1.898354 2.362651 32.345374 0.657164 0.409364 -16.459846 -7.906700 -0.422572 -0.000000 0.000000 0.000000 26.863882 -0.348502 2.190834 12.535304 -6.194602 2.356405 7.149694 1.144765 -0.527378 24.135396 -8.786359 -4.508639 -4.682813 4.833537 4.528670 -0.000000 0.000000 0.000000 -0.686768 -14.105034 0.612700 -36.056101 -30.500984 -59.171112 110.549818 -44.298714 154.838802 -15.506998 -5.618022 50.756606 -6.111019 11.809290 -6.061993 -44.498125 25.476944 47.860312 119.761150 48.131421 -161.711638 -12.140446 6.559901 -39.075902 
-7.112815 92.913318 -3.898131 -1.541411 4.251705 3.335071 -28.261043 -8.369878 1.210176 58.137984 -5.062486 -8.347155 -16.681764 13.902056 8.765733 -0.000000 0.000000 0.000000 -17.054007 0.986546 2.041937 31.724514 0.126389 0.502160 -17.724523 -7.491035 -0.671985 -0.000000 0.000000 0.000000 27.984934 0.681411 2.700442 12.710002 -5.996425 2.685141 6.954114 1.434412 -0.309804 24.825883 -8.467744 -3.294946 -4.296579 3.565133 4.489619 -0.000000 0.000000 0.000000 -1.556902 -12.686965 1.329264 -37.057150 -30.092293 -58.994071 110.251525 -43.656419 156.049741 -15.024083 -5.779207 50.072849 -6.417653 11.869835 -6.141427 -45.106457 26.378426 48.840097 118.467325 47.857597 -161.190565 -11.672798 6.443799 -39.371779 
-7.365991 93.038213 -1.881010 -1.746029 4.541120 3.571214 -29.880846 -8.088235 0.051868 50.690236 -3.439201 -8.373977 -15.890412 13.782965 9.029885 -0.000000 0.000000 0.000000 -14.870122 0.101561 1.729275 30.921717 -0.142716 0.629762 -18.781368 -6.646115 -0.764871 -0.000000 0.000000 0.000000 29.073388 1.659168 3.273581 12.979539 -5.768437 2.813660 6.694672 1.775158 -0.256823 25.268994 -8.156373 -2.421340 -3.906957 2.276687 4.322769 -0.000000 0.000000 0.000000 -2.482211 -11.432577 2.201314 -37.834509 -29.405193 -58.804789 109.135601 -42.971873 156.409942 -14.232972 -5.897929 49.503373 -6.668584 12.101352 -6.213252 -45.738851 27.350554 49.876323 117.170141 47.748453 -160.626546 -11.113762 6.351111 -39.222771 
-7.554383 93.096232 0.281007 -1.747126 4.119377 3.598080 -30.593416 -7.857794 -1.135528 41.702224 -1.996127 -7.835455 -13.795199 13.616421 8.725450 -0.000000 0.000000 0.000000 -12.622400 -0.561878 1.737911 29.753879 -0.075242 0.571732 -19.856423 -5.750831 -0.866638 -0.000000 0.000000 0.000000 29.800999 2.653972 3.772116 13.234684 -5.522738 2.737823 6.521874 2.123386 -0.286181 25.534238 -7.890341 -1.773327 -3.571967 0.956911 4.164704 -0.000000 0.000000 0.000000 -3.458717 -10.314299 2.990535 -38.212316 -28.785034 -57.820880 108.605533 -43.365636 157.766117 -14.439205 -6.890077 47.326313 -6.878638 12.321674 -6.437663 -46.008571 28.257108 50.962971 116.027059 47.855847 -160.357931 -11.089273 6.467081 -38.418230 
-7.746404 93.080378 2.646640 -1.508132 3.241851 3.336834 -30.660980 -7.694372 -2.219416 31.703859 -1.113350 -6.677674 -10.106288 13.467604 8.062851 -0.000000 0.000000 0.000000 -10.300847 -0.973351 2.253342 28.223671 0.424237 0.204891 -20.885414 -4.945067 -1.014656 -0.000000 0.000000 0.000000 30.046027 3.630428 4.112499 13.478435 -5.230403 2.627226 6.457183 2.481038 -0.290474 25.633404 -7.795611 -1.306797 -3.266791 -0.237340 4.069318 -0.000000 0.000000 0.000000 -4.467769 -9.456955 3.817501 -38.504234 -28.094037 -57.190800 107.601779 -43.435825 158.025347 -14.726176 -7.693567 46.180523 -7.142205 12.495146 -6.600867 -46.058522 28.950407 51.935244 115.299967 48.014948 -160.166292 -11.302983 6.656289 -37.800517 
-7.953744 92.984486 5.279342 -1.077466 2.462932 2.762555 -30.360300 -7.272316 -3.276113 21.565736 0.203749 -4.689256 -5.012021 12.806670 6.538682 -0.000000 0.000000 0.000000 -7.847981 -1.016724 3.284633 26.392848 0.931239 -0.326332 -21.801515 -4.482922 -1.162340 -0.000000 0.000000 0.000000 29.840322 4.384511 4.527165 13.819506 -5.043124 2.571501 6.242286 2.754066 -0.240126 25.699403 -7.568742 -1.030186 -3.139759 -1.437106 3.983948 -0.000000 0.000000 0.000000 -5.412691 -8.912015 4.576667 -38.395306 -27.404659 -56.316320 107.060052 -43.690543 158.566204 -15.037805 -8.307679 44.746323 -7.301601 12.721503 -6.675056 -45.772641 29.598151 52.707186 114.678603 48.130701 -160.046217 -11.310552 6.857979 -37.211921 
-8.163404 92.746252 8.299828 -0.842368 1.890511 1.917324 -29.813328 -6.403774 -3.885953 12.862781 1.699105 -3.205572 -2.267185 12.598360 5.462410 -0.000000 0.000000 0.000000 -4.793006 -0.981476 4.625512 24.405493 1.405891 -0.708930 -22.967511 -4.669478 -1.271147 -0.000000 0.000000 0.000000 29.547597 4.983770 5.010474 13.840819 -4.985424 2.621811 6.334619 2.959987 -0.191610 25.586342 -7.165960 -0.756262 -3.105014 -2.576071 3.801613 -0.000000 0.000000 0.000000 -6.179887 -8.424263 5.332833 -38.398400 -26.923641 -55.358438 106.701894 -44.051736 158.826130 -15.115173 -8.848893 43.834188 -7.582176 12.839688 -6.673525 -45.265330 29.822090 53.416729 114.405565 48.088924 -160.000371 -11.520675 7.169610 -36.793314 
-8.415163 92.415434 11.739501 -0.957930 0.993701 0.877553 -28.968476 -5.854038 -3.901638 6.588650 2.189546 -2.946412 -4.587992 13.967675 6.681025 -0.000000 0.000000 0.000000 -1.229683 -0.917284 6.018387 22.586817 2.268066 -1.034957 -24.198153 -4.844126 -1.230476 -0.000000 0.000000 0.000000 29.171059 5.576073 5.080855 14.109922 -4.921327 2.909059 6.410814 3.130457 -0.133991 25.370994 -6.471878 -0.410840 -3.125743 -3.518083 3.291022 -0.000000 0.000000 0.000000 -6.707877 -7.910330 6.096958 -38.786545 -26.682420 -54.711970 106.626616 -44.232646 158.920210 -14.989470 -9.028036 42.801524 -7.991659 13.025339 -6.485244 -44.587536 29.778793 54.001854 114.044227 47.849681 -159.727472 -11.987215 7.291480 -36.621582 
-8.756015 92.103088 15.552711 -1.423707 -0.395426 -0.602498 -27.949254 -5.932782 -3.366293 3.900256 1.938991 -2.650689 -6.798584 15.015898 7.271340 -0.000000 0.000000 0.000000 2.577587 -0.666434 7.285678 20.981434 3.758420 -1.147833 -24.907660 -4.198351 -0.737616 -0.000000 0.000000 0.000000 28.643825 6.210033 4.868343 14.815780 -4.781098 3.391346 6.287450 3.321353 -0.047973 25.383601 -5.390778 -0.154061 -3.282759 -4.368723 2.793800 -0.000000 0.000000 0.000000 -6.980179 -7.377715 6.813828 -39.320691 -26.798434 -53.960862 106.653640 -44.666319 158.868833 -15.011345 -9.126133 41.750235 -8.123516 13.152741 -5.992107 -44.182749 29.799506 54.514679 113.723841 47.620043 -159.427305 -12.039533 7.028931 -36.529846 
-9.166194 91.851372 19.786242 -2.579895 -1.754911 -2.430252 -26.062331 -6.029870 -2.482143 5.277009 0.993243 -2.535927 -8.351975 14.554329 7.054695 -0.000000 0.000000 0.000000 6.426860 -0.227596 8.268993 20.430159 5.681556 -1.001838 -24.949367 -3.120609 0.040259 -0.000000 0.000000 0.000000 27.923664 6.671670 4.305743 16.125776 -4.661539 4.186967 6.178579 3.371018 0.225129 25.863834 -4.012327 0.154662 -3.795599 -5.132846 2.339892 -0.000000 0.000000 0.000000 -6.891259 -7.160936 7.665611 -40.060101 -27.150006 -53.484846 106.947045 -45.258654 158.861751 -15.237868 -9.138937 40.883261 -8.015531 13.347699 -5.368377 -43.824358 29.756501 54.805362 113.502238 47.559524 -159.301940 -12.327485 6.975599 -36.377463 
-9.520204 91.676867 24.233487 -3.080533 -3.607886 -3.848085 -24.639709 -6.911804 -2.092137 7.338259 -0.537646 -2.175686 -5.191533 11.976251 6.665353 -0.000000 0.000000 0.000000 7.860947 0.224565 7.829759 22.785606 7.356848 -0.311461 -24.187012 -0.906648 1.358130 -0.000000 0.000000 0.000000 25.893620 6.808885 2.934700 18.461824 -4.439353 5.013652 5.180067 3.331620 0.504453 26.946023 -2.894728 0.102504 -3.825470 -5.307379 2.267857 -0.000000 0.000000 0.000000 -6.785876 -7.231478 8.198951 -40.213214 -27.905374 -53.139529 107.603606 -45.992054 159.036224 -15.601402 -8.967885 40.461006 -7.680236 13.278504 -4.260820 -43.352734 30.343931 55.195228 113.769310 47.704984 -159.585150 -12.186826 6.803492 -36.026536 
-9.730095 91.459846 28.842825 -3.203362 -6.337328 -5.289395 -23.812420 -8.421536 -1.445181 9.470712 -0.715544 -1.452864 2.510164 12.260739 5.365890 -0.000000 0.000000 0.000000 6.337096 1.166513 6.890559 29.579415 8.586576 0.564765 -22.024341 1.976932 3.031570 -0.000000 0.000000 0.000000 23.295130 6.654046 1.711359 19.744612 -4.098948 5.354741 4.966914 3.269602 0.571213 27.946715 -1.996095 -0.499894 -3.176306 -4.848941 2.133531 -0.000000 0.000000 0.000000 -6.531500 -7.387016 8.933487 -40.215052 -27.815362 -53.423326 107.691972 -46.136859 158.787941 -16.363988 -8.764845 40.615500 -7.094554 12.924828 -3.526006 -43.170995 30.593097 56.102259 114.220881 47.568997 -159.763388 -11.811354 6.336957 -35.497486 
-9.671649 91.223764 33.162647 -2.955974 -9.195039 -5.610885 -24.744802 -10.042184 -1.138170 15.561788 1.489804 -2.361843 3.301080 14.403176 6.011209 -0.000000 0.000000 0.000000 1.694614 1.925222 4.283690 40.070480 9.248008 1.509243 -16.372198 6.567541 6.840815 -0.000000 0.000000 0.000000 21.283541 6.200623 -0.081388 19.690234 -3.970753 5.435574 5.096882 2.955259 0.235134 28.539269 -1.232856 -1.045265 -2.937909 -4.179471 2.213183 -0.000000 0.000000 0.000000 -6.274307 -7.675226 9.558382 -40.410342 -28.075439 -53.718569 107.351638 -46.349538 158.539293 -16.499655 -8.676953 40.915702 -6.546479 12.320346 -2.882047 -42.948920 30.558798 56.372702 114.751868 47.349389 -159.972896 -11.066991 5.779122 -34.821242 
-9.621094 90.984648 37.094945 -3.588524 -11.226571 -5.246788 -25.303080 -10.488003 -0.677427 23.193578 2.750618 -5.992962 -3.006750 14.647544 8.139894 -0.000000 0.000000 0.000000 -2.979667 3.096467 2.039441 50.535981 11.222534 1.014957 -8.055433 10.031996 11.390795 -0.000000 0.000000 0.000000 21.633820 5.333790 -2.006170 18.138775 -4.149854 5.144624 5.439251 2.490583 -0.406629 28.705036 -0.674937 -1.436533 -3.081217 -3.604546 2.388561 -0.000000 0.000000 0.000000 -5.937049 -8.505387 9.966678 -40.778380 -28.805674 -53.063645 106.264396 -46.835350 158.054321 -16.718411 -8.664289 41.212590 -6.064143 11.828211 -2.467376 -42.691586 30.108949 55.721039 114.603678 46.867632 -159.721324 -11.383426 5.344516 -34.552642 
-9.518128 90.806061 40.707776 -4.405589 -13.114418 -5.598177 -24.129363 -9.694756 0.118693 27.795800 3.232528 -8.211968 -8.034024 14.160183 9.720197 -0.000000 0.000000 0.000000 -7.983858 4.655360 1.590660 58.977250 12.323204 0.110744 4.095376 13.236358 14.116364 -0.000000 0.000000 0.000000 22.234232 3.988637 -2.776313 16.965766 -3.954694 4.898346 5.356039 2.175355 -1.221271 29.296522 -0.224074 -2.332270 -3.214660 -3.450467 1.624015 -0.000000 0.000000 0.000000 -5.830143 -9.467433 10.166541 -40.864660 -29.117418 -53.121627 104.883618 -47.128694 157.487185 -16.900982 -8.596786 41.415733 -5.674710 11.507057 -2.811797 -42.228627 29.861402 54.387533 113.667090 46.719264 -158.619152 -11.893241 4.810221 -34.961842 
-9.318423 90.707934 43.999684 -4.958454 -14.746262 -6.171201 -22.298882 -8.679687 0.409704 30.130218 3.425846 -8.853505 -12.359187 13.985962 11.186808 -0.000000 0.000000 0.000000 -13.283392 5.964688 2.104315 65.746007 12.109619 -1.127836 8.674899 13.161773 14.434763 -0.000000 0.000000 0.000000 22.751808 2.384057 -2.514824 15.639700 -3.932394 4.101281 5.802326 1.940404 -2.110227 29.675224 -0.457383 -3.699163 -2.885436 -2.700183 0.949869 -0.000000 0.000000 0.000000 -6.281204 -10.158812 10.018179 -40.962771 -29.268795 -54.027064 104.234410 -46.953234 157.334771 -17.145152 -8.040264 41.324146 -5.709416 11.074298 -3.578706 -41.449686 29.555756 53.241583 112.934857 46.727063 -157.447188 -12.102116 4.124546 -35.043287 
-9.158316 90.910757 46.992376 -5.664706 -15.054145 -6.199028 -19.887748 -8.176175 -0.531131 30.736680 2.687922 -8.668244 -15.073770 14.640347 12.013732 -0.000000 0.000000 0.000000 -17.554187 6.333517 2.070936 70.096704 10.804979 -1.960881 2.886372 9.106033 12.404363 -0.000000 0.000000 0.000000 23.863605 0.981574 -2.315028 15.233970 -4.409141 3.008615 5.852731 1.464033 -2.566186 29.511144 -1.662584 -4.988561 -2.892859 -1.161744 1.253081 -0.000000 0.000000 0.000000 -6.497789 -11.184494 9.367395 -41.490195 -29.902038 -54.592616 104.626794 -46.684866 157.811859 -17.414794 -8.131463 41.218339 -6.126610 10.645592 -4.362948 -39.776623 28.642441 51.769050 113.288146 46.568694 -157.549140 -12.209412 4.087723 -34.479850 
-9.118843 91.346914 49.809256 -6.734140 -14.529735 -6.235369 -16.535327 -7.938777 -1.715445 30.032993 1.635470 -7.982448 -16.830210 15.364113 12.615273 -0.000000 0.000000 0.000000 -20.716208 6.439326 2.120773 70.707553 8.188784 -2.050020 -0.453673 3.859968 9.183107 -0.000000 0.000000 0.000000 25.639351 -0.464550 -2.317464 15.400943 -4.835653 2.184057 5.545992 0.898704 -2.744385 29.057129 -2.843161 -6.014639 -3.083328 0.375937 1.571780 -0.000000 0.000000 0.000000 -6.511889 -12.304303 8.475852 -42.039650 -30.693540 -54.918799 104.755097 -46.267373 157.841482 -17.285696 -8.717216 41.835459 -6.653137 10.069620 -5.063282 -38.040712 27.643070 50.154678 113.140773 46.197265 -157.082948 -11.914032 4.218272 -34.963299 
-9.095857 91.789281 52.444798 -7.453628 -14.310011 -6.464524 -13.143475 -7.451089 -2.672762 28.490047 0.804179 -6.716863 -18.289427 15.956183 13.137644 -0.000000 0.000000 0.000000 -23.788182 6.657137 2.891943 68.420859 5.687378 -2.125008 -2.777644 -1.822845 6.027927 -0.000000 0.000000 0.000000 27.150991 -1.922655 -2.012086 15.064920 -5.113307 1.159152 5.748091 0.507206 -3.002970 28.486934 -3.688971 -7.121997 -3.290800 1.990059 1.958140 -0.000000 0.000000 0.000000 -6.765771 -13.241458 7.410445 -41.957303 -31.165201 -54.782457 104.975892 -45.875432 157.893731 -16.902518 -8.763552 42.312990 -7.200550 9.663571 -5.790314 -36.725200 26.716829 48.831661 113.388198 46.054076 -156.890672 -12.001009 4.295653 -35.293783 
-9.099936 92.154884 54.961073 -7.892792 -14.255456 -6.670821 -10.000560 -6.751941 -3.458429 26.786551 0.143117 -5.436949 -19.483511 16.241594 13.495801 -0.000000 0.000000 0.000000 -26.447525 6.764560 3.917751 63.900043 3.907193 -2.289741 -6.365382 -6.010515 3.105758 -0.000000 0.000000 0.000000 28.109878 -3.219685 -1.822270 14.916060 -5.370893 0.140963 6.176793 0.185363 -3.257414 27.613106 -4.222809 -8.153314 -3.396293 3.597199 2.493566 -0.000000 0.000000 0.000000 -7.097823 -13.949245 6.530762 -41.645245 -31.636530 -54.207888 105.438463 -45.824880 158.188326 -16.862311 -8.580851 42.654736 -7.761686 9.425070 -6.448024 -35.940094 26.247509 47.585403 113.921924 46.413502 -156.953330 -12.360193 4.323629 -35.646931 
-9.151962 92.417818 57.350844 -8.129354 -14.048872 -6.775453 -7.260185 -6.076590 -4.147132 25.349146 -0.425204 -4.284998 -20.424362 16.133986 13.668571 -0.000000 0.000000 0.000000 -28.230987 6.627922 4.795990 56.946244 2.925310 -2.539552 -8.612027 -7.718040 1.436290 -0.000000 0.000000 0.000000 28.603523 -4.195294 -2.068134 15.249018 -5.605164 -0.546809 6.625544 -0.203076 -3.337346 26.491729 -4.322799 -8.775741 -3.473721 4.789699 2.873194 -0.000000 0.000000 0.000000 -7.287504 -14.561980 6.196037 -41.623794 -32.090129 -53.660314 105.573725 -46.086411 158.440930 -16.751391 -8.269977 42.670188 -8.175482 9.299143 -7.109247 -35.695734 26.024107 46.249780 114.332377 47.061472 -157.198985 -12.561840 4.234622 -35.870930 
-9.253126 92.528915 59.753424 -8.206586 -13.713123 -6.798461 -4.857527 -5.553262 -4.734056 24.314525 -0.706668 -3.404462 -21.508446 15.676142 13.786974 -0.000000 0.000000 0.000000 -28.923266 6.174649 5.363205 47.700728 3.122290 -2.869557 -7.804110 -7.782764 1.748120 -0.000000 0.000000 0.000000 28.795344 -4.805371 -2.601326 15.707450 -5.841430 -0.932187 7.028390 -0.602818 -3.316386 25.479643 -4.172835 -9.082356 -3.587211 5.600749 3.176163 -0.000000 0.000000 0.000000 -7.319555 -15.163753 6.052498 -41.748892 -32.491408 -53.211549 105.291073 -46.393442 158.465958 -16.039293 -7.945620 42.443027 -8.443945 9.224061 -7.704165 -35.843829 25.839996 44.949965 114.436809 47.713647 -157.332740 -12.353528 4.130154 -35.818922 
-9.352815 92.416328 62.288833 -7.956001 -13.214341 -6.794249 -2.838523 -5.257524 -5.166586 23.625304 -0.862254 -2.792207 -22.973693 15.011341 13.990210 -0.000000 0.000000 0.000000 -28.719834 5.718810 5.664825 36.652378 4.384966 -2.764542 -4.961114 -6.671137 3.161700 -0.000000 0.000000 0.000000 28.454139 -5.148128 -3.011854 16.115722 -6.149653 -1.110220 7.409947 -0.931694 -3.328913 24.656873 -4.060372 -9.296907 -3.631649 6.225890 3.416604 -0.000000 0.000000 0.000000 -7.301963 -15.757082 5.786140 -41.761675 -32.885576 -52.821717 105.112572 -46.685824 158.567319 -15.267303 -8.063076 42.364628 -8.638001 9.240002 -8.205266 -36.223508 25.707247 43.734184 114.737857 48.383410 -157.543478 -11.838993 4.140868 -35.551657 
-9.418673 92.062432 65.075481 -7.497031 -12.237855 -6.551862 -1.096218 -5.237262 -5.853198 23.415073 -1.388968 -2.175308 -24.898124 14.415815 14.371265 -0.000000 0.000000 0.000000 -27.617989 5.424790 5.428631 24.732851 6.134893 -2.174913 -2.650672 -4.858828 4.979405 -0.000000 0.000000 0.000000 27.971126 -5.356077 -3.280863 16.282404 -6.575449 -1.114051 7.525068 -1.248473 -3.318272 23.926979 -4.254440 -9.397861 -3.507577 6.895304 3.645807 -0.000000 0.000000 0.000000 -7.095510 -16.058487 5.468251 -41.898267 -33.387321 -52.895983 104.952240 -46.896364 158.605438 -14.723219 -8.813846 42.459243 -8.784264 9.077511 -8.633435 -36.671224 25.772526 42.738826 114.750982 49.033256 -157.373877 -10.828733 4.284740 -35.625855 
-9.450324 91.500556 68.169564 -6.960392 -10.634887 -6.131326 0.449842 -5.339035 -6.539728 23.961906 -2.323700 -1.720236 -27.115385 13.599879 14.656977 -0.000000 0.000000 0.000000 -26.031873 5.032615 4.566434 13.301517 7.609690 -0.924163 -1.274737 -2.850782 6.716901 -0.000000 0.000000 0.000000 27.448836 -5.423601 -3.361375 16.153246 -7.037903 -0.964751 7.510654 -1.606682 -3.173656 23.258329 -4.652558 -9.261760 -3.319027 7.413995 3.860421 -0.000000 0.000000 0.000000 -6.698694 -16.294824 5.059186 -42.077720 -33.756579 -53.278434 104.719629 -47.043440 158.568829 -14.140227 -10.026546 42.335427 -8.866392 8.935348 -9.011538 -37.008367 25.728263 41.751905 114.653497 49.686138 -157.099508 -9.533815 4.514638 -35.575802 
-9.418526 90.801758 71.551394 -6.400919 -8.630061 -5.673856 1.757517 -5.419328 -6.981456 25.233591 -3.909676 -1.659053 -29.521546 12.851327 14.868556 -0.000000 0.000000 0.000000 -24.645527 4.777796 3.316093 3.849048 8.780480 1.182062 -1.753771 -1.713598 7.421982 -0.000000 0.000000 0.000000 26.779435 -5.392958 -3.155864 15.917323 -7.426983 -0.770832 7.428742 -1.912615 -2.967053 22.625681 -5.429530 -9.041129 -3.369749 7.897390 4.202763 -0.000000 0.000000 0.000000 -6.186322 -16.511543 4.411840 -42.108714 -33.855543 -53.558848 104.622803 -46.979525 158.493310 -13.415886 -10.780119 42.453329 -8.974258 8.897385 -9.407902 -37.258535 25.544748 40.751805 114.737954 50.421830 -156.802779 -8.893794 4.900307 -35.559801 
-9.279114 90.116739 75.188160 -6.287960 -6.809279 -5.111652 3.538151 -5.372908 -7.534274 26.457760 -5.613966 -1.775867 -31.795031 12.281809 15.102631 -0.000000 0.000000 0.000000 -23.905583 4.736776 2.154257 -0.807459 9.290426 2.724541 -5.012000 -1.353264 8.348191 -0.000000 0.000000 0.000000 26.161669 -5.418787 -2.919185 16.051633 -7.589656 -0.762109 7.069514 -2.072296 -2.910783 22.080206 -6.233660 -8.925779 -3.723117 8.434395 4.667935 -0.000000 0.000000 0.000000 -5.852691 -16.496708 3.687872 -41.621158 -33.794884 -53.529810 104.763870 -46.988078 158.546314 -12.697193 -11.273920 42.850581 -8.982957 9.102252 -9.676488 -37.485643 25.763061 39.817104 114.706530 51.406919 -156.446784 -8.656750 5.502203 -35.703281 
-9.050377 89.553761 79.053938 -6.803254 -5.580001 -4.513129 5.602957 -5.188712 -8.228485 28.040772 -6.968221 -2.099332 -33.476486 11.928169 15.436152 -0.000000 0.000000 0.000000 -24.188470 5.136971 2.088979 1.642373 10.105942 2.041501 -8.485974 -0.481941 8.342943 -0.000000 0.000000 0.000000 25.596606 -5.659771 -2.694241 16.823005 -7.322273 -1.004511 6.285873 -1.967747 -3.204328 21.954623 -6.633433 -8.913478 -4.344685 8.748899 4.736823 -0.000000 0.000000 0.000000 -5.791452 -16.265385 3.071844 -40.429796 -33.270859 -53.043665 104.988152 -47.051388 158.737750 -12.304456 -11.495345 42.922471 -8.731511 9.529888 -9.790606 -37.901363 26.647882 39.266578 114.085057 52.488986 -155.703428 -8.490230 6.069478 -35.837754 
-8.777086 89.091158 83.052790 -6.903197 -4.208061 -4.074845 6.388420 -5.400025 -8.443825 31.041942 -7.870249 -2.962889 -34.313686 11.773838 15.709062 -0.000000 0.000000 0.000000 -25.296312 6.022837 2.665723 6.410022 10.330367 0.672988 -6.317875 0.687528 8.030527 -0.000000 0.000000 0.000000 24.057577 -5.800242 -2.226335 18.207554 -6.928160 -0.861554 5.232186 -1.730128 -3.697245 22.673901 -6.888750 -9.088597 -4.977480 8.753506 4.354894 -0.000000 0.000000 0.000000 -5.669006 -16.352936 2.254932 -38.770582 -32.381296 -52.213477 105.353370 -47.035736 159.011379 -12.389426 -11.619130 42.862954 -8.323179 10.324672 -9.704299 -38.063889 27.511063 38.774983 113.725828 53.364879 -155.023868 -8.629631 6.503145 -35.930486 
-8.431309 88.702190 87.097222 -6.457170 -1.542309 -3.526894 5.243020 -6.147668 -8.073006 36.699249 -8.251109 -4.468051 -33.015194 11.409319 14.885108 -0.000000 0.000000 0.000000 -26.186251 6.591725 2.747523 9.450151 9.098030 0.150524 1.191943 1.640963 7.555686 -0.000000 0.000000 0.000000 22.114390 -5.799065 -1.340532 18.767343 -6.810932 -0.338417 4.920584 -1.591761 -4.126210 23.814123 -7.139143 -9.174901 -4.816068 8.374369 3.440443 -0.000000 0.000000 0.000000 -5.316695 -16.589817 1.780228 -37.471889 -31.403131 -52.126445 105.250254 -46.919584 158.726211 -12.753921 -11.887843 43.093678 -7.982809 11.011689 -9.662054 -37.902330 27.701505 38.812315 114.212046 53.688790 -154.818759 -8.923857 6.785042 -36.012050 
-8.051393 88.440800 90.769422 -5.746178 1.598113 -3.496521 1.256100 -6.398289 -6.282494 46.268022 -7.707419 -7.062693 -27.935690 10.591364 12.116538 -0.000000 0.000000 0.000000 -28.087091 6.414714 2.926695 14.563286 6.219660 -0.068869 8.946810 2.649240 6.193462 -0.000000 0.000000 0.000000 21.276230 -5.630508 0.100164 17.742158 -6.451576 0.167694 5.203652 -1.308293 -4.208221 25.043742 -6.780030 -8.919798 -4.670864 7.137973 2.369417 -0.000000 0.000000 0.000000 -4.980938 -16.709837 1.840856 -37.034680 -30.590456 -52.956323 104.454876 -46.612152 157.911451 -12.871732 -11.672826 42.861186 -7.299190 11.543662 -9.858285 -37.865781 27.190827 38.988163 114.831235 53.499371 -154.937661 -9.084885 6.663646 -35.982872 
-7.723828 88.445526 93.814164 -5.077391 4.373819 -4.759459 -4.579953 -5.875440 -2.574945 57.815418 -7.392482 -9.349525 -18.084979 10.005854 7.738121 -0.000000 0.000000 0.000000 -31.091570 7.069183 4.394724 23.296594 4.908096 1.207082 4.225530 1.539314 1.831934 -0.000000 0.000000 0.000000 22.551031 -5.350074 2.751589 15.225683 -5.777396 0.017589 5.559489 -0.670117 -3.805414 25.850993 -6.061177 -8.920052 -4.802790 5.758390 1.753251 -0.000000 0.000000 0.000000 -4.786040 -16.847675 2.139843 -37.356329 -29.325383 -53.756779 103.130475 -45.949508 157.036811 -13.842070 -11.795976 41.662007 -6.109519 12.417132 -10.570878 -38.407514 26.268409 39.450737 114.786209 53.143085 -154.792929 -9.943804 7.096984 -36.046929 
-7.653521 88.963056 96.637726 -8.077379 7.584352 -6.461995 -7.028648 -1.543755 2.547714 68.967352 -5.387129 -5.019558 -5.246274 5.139368 -5.125164 -0.000000 0.000000 0.000000 -27.581510 5.086331 7.425386 27.491624 0.896536 -1.057884 1.982606 4.839567 5.310446 -0.000000 0.000000 0.000000 29.888514 -2.608318 5.513062 13.433913 -4.960570 -0.191229 3.873680 -1.794390 -1.571337 22.662202 -6.275019 -10.006313 -0.659076 5.534217 2.069059 -0.000000 0.000000 0.000000 -10.544575 -19.617009 3.690067 -34.683571 -20.893220 -55.162858 104.704219 -44.732072 156.673184 -17.959668 -12.004938 42.246398 -8.451544 19.284514 -15.955016 -31.724730 20.333445 40.397464 106.083634 49.883399 -152.017590 -15.050794 5.127530 -34.640961 
-7.484045 89.201200 99.185890 -7.389016 11.536472 -5.366788 -13.944290 -3.352207 2.709607 76.431768 -3.403708 -5.036303 6.372073 5.123792 -8.554782 -0.000000 0.000000 0.000000 -27.062033 4.216645 6.448933 30.407503 0.102699 -1.790760 -1.839677 3.162841 3.324892 -0.000000 0.000000 0.000000 30.440286 -1.474962 5.057618 12.791306 -5.342340 0.435398 3.630929 -1.867232 -1.295304 22.947319 -6.860683 -9.449591 -0.349342 5.152658 3.084962 -0.000000 0.000000 0.000000 -10.480484 -20.393051 4.388196 -35.527767 -20.807750 -54.635481 103.540454 -44.606935 155.935498 -18.282088 -11.431226 43.261278 -8.032333 19.948847 -16.051926 -31.819245 19.546695 41.551746 105.760942 49.330065 -152.266709 -16.246542 5.071988 -35.098891 
-7.155310 89.585888 101.622677 -7.155349 15.354478 -4.006313 -19.512570 -4.520207 2.266080 81.224443 -2.442338 -5.595780 3.426117 7.956620 -6.292924 -0.000000 0.000000 0.000000 -25.760077 3.420922 5.073286 32.556278 -0.609106 -2.753533 -5.398303 1.239642 3.266901 -0.000000 0.000000 0.000000 31.360558 -0.401994 4.654419 11.756288 -5.699189 0.676548 4.230363 -1.625320 -1.048787 23.130508 -7.630335 -9.137367 0.091871 4.703000 3.474599 -0.000000 0.000000 0.000000 -10.246797 -20.936421 5.185536 -36.476322 -20.404906 -54.631120 103.184549 -44.401952 155.869643 -18.815981 -10.821613 44.320715 -7.921247 20.253757 -16.406348 -32.066697 19.023952 43.085034 105.815892 48.516231 -152.849915 -16.625226 5.023166 -35.652195 
-6.594944 90.209895 103.964341 -7.064312 18.475780 -3.101738 -23.767255 -5.414726 2.633128 82.366780 -1.851207 -7.048613 -5.297228 8.458682 -2.402731 -0.000000 0.000000 0.000000 -23.643101 3.006483 3.586759 32.964909 -0.950350 -2.415813 -7.532556 -0.570598 3.533634 -0.000000 0.000000 0.000000 31.976783 0.611144 4.591309 12.026124 -5.767636 0.951077 4.190622 -0.992428 -0.962285 23.511822 -8.298739 -9.088757 0.193034 4.306842 3.399682 -0.000000 0.000000 0.000000 -10.253599 -20.836826 5.408695 -37.018603 -19.837317 -54.965995 103.610917 -43.988726 156.414372 -19.647420 -10.905990 44.464827 -7.452470 20.589355 -16.410595 -32.787858 19.083229 43.876005 105.625830 47.646381 -153.208434 -15.631599 5.211288 -35.935347 
-5.792560 90.847975 106.240523 -6.728114 21.494185 -2.229284 -27.532649 -6.307379 3.231146 80.170369 -2.270341 -8.731656 -10.003121 6.264520 -0.691867 -0.000000 0.000000 0.000000 -21.171169 2.291331 2.096210 32.183737 -1.278579 -2.353239 -9.299237 -1.981904 3.473951 -0.000000 0.000000 0.000000 32.341618 1.630308 4.444749 12.113444 -5.756859 1.174594 4.108321 -0.362946 -0.905419 24.052060 -8.832349 -8.794384 0.700984 3.900598 3.509793 -0.000000 0.000000 0.000000 -10.230943 -20.200438 5.268350 -37.173430 -19.366702 -55.273673 104.257980 -43.483964 156.886210 -19.981102 -11.489953 44.152462 -6.890986 20.665176 -16.112772 -33.579976 19.034793 44.747649 105.095655 46.823913 -153.357895 -13.490336 5.646597 -35.433585 
-4.786398 91.443628 108.391070 -6.282353 25.021583 -1.440027 -30.731886 -7.082490 3.647448 75.461969 -2.355583 -9.925323 -11.831169 4.629393 -0.160572 -0.000000 0.000000 0.000000 -18.420228 0.953609 0.486270 30.692294 -2.439006 -2.333689 -10.852046 -2.622967 3.591452 -0.000000 0.000000 0.000000 32.864574 2.684382 4.376268 11.675257 -5.945132 1.467172 4.069824 0.189040 -0.704038 24.698949 -9.166071 -8.068636 1.108184 3.151286 4.008512 -0.000000 0.000000 0.000000 -10.046304 -19.855092 5.295791 -36.986002 -18.709145 -55.144397 104.238599 -42.836811 156.736678 -19.241553 -11.831842 44.339425 -6.439009 20.744700 -15.734360 -34.386546 18.175118 45.677169 103.983018 45.986836 -152.943593 -11.116011 6.144294 -35.074862 
-3.613164 91.937810 110.434401 -5.685758 29.169458 -0.888381 -33.368867 -7.694714 3.820882 69.295572 0.108949 -10.444478 -13.112301 5.785630 0.855634 -0.000000 0.000000 0.000000 -15.619662 -0.674019 -1.086493 28.843768 -4.068135 -2.000281 -12.205329 -3.225685 4.049993 -0.000000 0.000000 0.000000 33.369870 3.594849 4.448919 10.994628 -6.200439 1.902157 3.875063 0.637856 -0.277488 25.347114 -9.590789 -7.009021 1.321268 2.363511 4.758627 -0.000000 0.000000 0.000000 -9.796052 -19.686629 5.352508 -36.810195 -18.088985 -54.742815 104.204208 -42.273471 156.480339 -18.577123 -11.846647 44.348707 -6.019783 20.870573 -15.269952 -35.096755 17.095202 46.871741 103.286157 45.447685 -153.100283 -9.648874 6.783946 -34.938404 
-2.321136 92.269826 112.359667 -4.875874 33.327023 -0.738176 -35.406346 -8.008943 3.870431 61.494113 2.898361 -9.995494 -12.992965 7.016620 1.990719 -0.000000 0.000000 0.000000 -13.110679 -1.974271 -2.061235 27.089213 -5.251904 -1.617028 -13.418486 -4.733510 4.213584 -0.000000 0.000000 0.000000 33.398832 4.367186 4.512762 10.479051 -6.222416 2.523628 3.761431 1.023308 0.221038 25.680408 -9.916135 -5.820011 1.549552 1.450549 5.425086 -0.000000 0.000000 0.000000 -9.570387 -19.341373 5.601469 -36.870350 -17.807155 -54.292443 103.983615 -41.961729 155.974373 -18.043769 -11.807991 44.432283 -5.919676 20.855744 -14.773549 -35.907443 16.578577 48.358244 102.845146 45.355822 -153.757012 -9.273781 6.972454 -34.765821 
-0.831242 92.433995 114.196026 -3.894764 36.959599 -0.879177 -36.494760 -7.893163 3.889636 51.624739 4.231336 -8.562510 -11.484700 6.848091 2.103193 -0.000000 0.000000 0.000000 -10.851925 -3.125650 -2.573865 25.488201 -6.578957 -1.561564 -14.597700 -5.991565 4.563729 -0.000000 0.000000 0.000000 33.130398 5.031936 4.530793 10.162383 -6.120181 3.089049 3.492766 1.446894 0.702798 25.994862 -9.715152 -4.887038 1.510805 0.313167 5.940179 -0.000000 0.000000 0.000000 -9.483125 -18.986362 6.216318 -36.672687 -17.348791 -53.823548 103.806419 -41.775008 155.729789 -18.300209 -11.626459 44.202365 -5.994305 20.948686 -14.621810 -37.055131 16.235795 50.302240 102.590331 45.391080 -154.593543 -9.618521 6.614999 -34.875160 
0.948217 92.424810 116.017950 -2.974715 40.172934 -1.167549 -36.278935 -7.844470 3.649406 39.742729 4.151931 -6.270155 -8.398582 6.216909 1.593075 -0.000000 0.000000 0.000000 -8.435903 -4.473206 -3.023187 23.890892 -7.959344 -1.443577 -15.879464 -6.688863 5.140415 -0.000000 0.000000 0.000000 32.574304 5.708699 4.534784 10.109485 -5.979892 3.582414 3.196697 1.910216 1.099366 26.182216 -9.081600 -3.940720 1.424905 -1.016744 6.405994 -0.000000 0.000000 0.000000 -9.748768 -18.576832 6.820502 -36.352023 -17.337899 -53.325386 103.728707 -41.610895 155.448208 -18.820726 -11.090806 44.000664 -6.259524 21.080512 -14.308421 -38.075227 15.924451 52.175546 102.735666 45.198684 -155.752984 -10.229203 6.492334 -35.030895 
3.110776 92.220008 117.855179 -2.329551 42.749972 -1.614216 -34.787303 -7.570294 3.394648 27.131165 3.199971 -3.099983 -5.586988 5.704665 1.054857 -0.000000 0.000000 0.000000 -5.664236 -5.965331 -3.271402 22.314407 -8.783583 -1.274186 -17.235700 -7.138028 5.738812 -0.000000 0.000000 0.000000 31.889259 6.398889 4.754055 10.187841 -5.758425 3.897777 2.867292 2.417721 1.421759 26.171585 -8.230683 -3.231377 1.416798 -2.335664 6.739340 -0.000000 0.000000 0.000000 -10.088013 -18.218450 7.509565 -35.935077 -17.197292 -52.691362 103.795327 -41.447740 155.268446 -19.520504 -10.926448 43.643797 -6.537349 21.299074 -14.075898 -39.041755 15.502308 53.935865 102.837114 44.822530 -156.660307 -10.093156 6.610097 -35.438034 
5.720939 91.805917 119.743609 -2.208244 44.252398 -1.965595 -32.471442 -7.122035 3.889964 16.527379 1.821964 -0.667022 -4.952274 6.003366 0.791376 -0.000000 0.000000 0.000000 -2.824601 -6.942305 -3.291769 21.506764 -8.827589 -1.263578 -18.847728 -7.770794 6.130803 -0.000000 0.000000 0.000000 31.004542 6.974570 4.932257 10.507653 -5.395433 4.046311 2.584806 3.063799 1.637017 26.145135 -7.206530 -2.812371 1.303124 -3.320393 6.868416 -0.000000 0.000000 0.000000 -10.338970 -18.111972 8.193754 -35.309072 -16.834365 -51.413605 104.190251 -41.212784 155.344164 -19.849528 -10.368034 43.480603 -6.706599 21.869497 -13.804871 -39.816782 15.077229 55.397328 102.796385 44.440351 -157.245862 -9.253940 6.523935 -35.892285 
8.699218 91.246533 121.556854 -1.891909 44.996927 -2.298004 -30.503216 -7.101904 4.520630 10.173664 2.178963 0.087717 -5.507148 7.071397 1.408431 -0.000000 0.000000 0.000000 -1.032358 -7.038024 -3.682028 22.165363 -8.580590 -1.258992 -20.606297 -8.662926 6.056259 -0.000000 0.000000 0.000000 29.309720 7.260397 4.633420 11.405092 -5.021960 4.410757 2.194812 3.637932 1.699354 26.106640 -5.961030 -2.478088 1.191734 -4.119483 6.689668 -0.000000 0.000000 0.000000 -10.409727 -18.021593 8.746291 -34.726371 -16.816372 -49.423936 104.938340 -41.172793 155.650557 -20.566112 -9.826146 43.099780 -6.799075 22.351328 -12.932877 -40.644667 15.553746 56.562427 102.126555 44.197662 -157.163904 -8.170902 6.273195 -35.988942 
12.010574 90.641177 123.256314 -1.384191 46.119036 -2.278626 -29.881409 -8.185642 4.164172 11.080420 5.995190 -1.046194 -1.228697 10.627360 0.297244 -0.000000 0.000000 0.000000 -0.292694 -6.277122 -4.700823 24.628782 -9.099256 -1.060912 -22.173147 -9.781854 5.151803 -0.000000 0.000000 0.000000 27.156515 7.339345 3.832393 12.426472 -5.042910 5.283798 1.749659 3.751521 1.642314 26.041327 -4.836908 -1.915757 1.210250 -4.845932 6.447247 -0.000000 0.000000 0.000000 -10.107235 -18.067168 9.247245 -34.349384 -17.431856 -46.843742 105.785854 -41.463149 156.273305 -22.553209 -9.262850 41.838580 -7.211843 22.225455 -11.288999 -41.118825 16.858739 57.542956 100.547790 44.039319 -156.307998 -7.395334 5.838280 -35.614795 
15.580054 90.133268 124.730992 -1.189160 48.542396 -1.576428 -30.136401 -8.660821 2.320164 13.789563 9.855542 -2.067231 4.173884 12.923450 -0.775946 -0.000000 0.000000 0.000000 -0.341768 -5.697199 -6.120297 29.303205 -10.298606 -1.009766 -22.162554 -10.967536 4.348074 -0.000000 0.000000 0.000000 25.570062 7.117629 3.208915 12.748569 -5.647137 6.263349 1.563854 3.361292 1.660410 25.926746 -4.553479 -1.241261 1.141728 -5.411262 6.416994 -0.000000 0.000000 0.000000 -9.518055 -18.341697 9.914733 -34.465876 -18.246938 -44.567196 106.514107 -42.172249 156.876305 -24.920637 -8.476603 40.235857 -7.819813 21.639875 -9.944504 -40.798706 17.747776 58.331784 99.308978 43.893911 -155.853384 -6.703468 5.229676 -35.171612 
19.212538 89.898676 125.854158 -1.523727 51.758420 -0.351606 -31.518725 -8.706120 -0.432487 19.461179 8.442456 -3.817575 3.942981 11.875927 -0.083548 -0.000000 0.000000 0.000000 -1.886234 -5.142024 -7.720711 36.996717 -11.354071 -1.095413 -18.356268 -12.108583 5.024372 -0.000000 0.000000 0.000000 25.614297 6.642552 3.089578 11.240839 -6.503197 6.989037 1.901742 2.741260 1.878244 26.093949 -5.694725 -0.942975 0.942653 -5.381317 6.573820 -0.000000 0.000000 0.000000 -8.711503 -19.050396 10.440754 -34.866380 -18.649687 -43.216016 107.017157 -43.045871 157.320320 -26.228152 -7.205864 39.005745 -8.455067 21.043280 -9.548133 -39.386709 17.549162 58.638431 99.347344 43.850432 -156.579927 -6.478836 5.011038 -34.435426 
22.736414 89.979655 126.775050 -3.408559 54.698331 2.162482 -31.630857 -8.570050 -3.172877 25.242448 6.715279 -5.252110 -0.477403 11.635160 1.447466 -0.000000 0.000000 0.000000 -4.244006 -3.535158 -8.679944 46.331125 -11.816932 -2.249048 -9.206536 -12.919531 7.229637 -0.000000 0.000000 0.000000 27.233949 5.873983 3.174017 9.305481 -7.021140 7.231752 2.280135 2.200062 2.169072 26.564729 -7.740048 -1.104180 0.682601 -4.570073 6.850077 -0.000000 0.000000 0.000000 -7.771059 -20.362710 10.716690 -35.435958 -18.786992 -42.350974 107.375178 -44.242865 157.659439 -26.954036 -6.464487 37.956192 -8.938258 20.883712 -9.835916 -37.446373 16.891660 58.246836 99.470271 43.846636 -157.443089 -6.026532 4.854024 -34.066844 
26.068401 90.120733 127.702701 -5.350415 55.906346 4.353534 -29.622085 -8.086494 -4.351902 27.766411 5.752336 -6.799143 -4.525807 11.147466 3.180056 -0.000000 0.000000 0.000000 -7.737320 -0.434923 -8.373311 55.769533 -10.017842 -3.753241 1.183834 -12.652191 7.480086 -0.000000 0.000000 0.000000 28.662407 4.627674 3.160341 8.045058 -6.674077 7.044879 2.317910 2.009199 2.335575 27.464870 -9.613821 -1.965712 0.397848 -2.980822 6.957285 -0.000000 0.000000 0.000000 -7.426025 -21.322112 10.593030 -35.646480 -18.790454 -41.773384 108.006790 -45.611576 157.852494 -27.804752 -6.207593 37.418852 -8.980439 21.199402 -10.153023 -36.199911 16.660449 57.783479 99.247962 43.928194 -157.623688 -5.310826 4.561510 -33.312744 
29.187810 90.231854 128.588700 -5.640611 56.074315 4.692876 -28.135106 -7.215967 -4.745674 29.565561 4.831446 -7.757591 -8.055593 10.748814 5.143348 -0.000000 0.000000 0.000000 -12.871226 2.359386 -7.285235 63.986606 -5.005435 -5.200312 8.262912 -9.253662 6.913446 -0.000000 0.000000 0.000000 28.594200 3.347361 3.211659 7.665497 -6.198799 6.919233 2.712906 1.937173 2.142058 27.813189 -10.041616 -3.083419 0.492875 -1.889274 6.642800 -0.000000 0.000000 0.000000 -7.678131 -21.746484 10.550697 -35.761581 -18.714374 -41.853866 108.382473 -46.605847 158.035233 -27.723710 -5.834500 37.281408 -8.804054 21.284585 -10.238587 -36.237811 16.981582 57.185914 98.944763 44.206181 -157.206983 -4.798321 4.291869 -31.823286 
32.231000 90.425450 129.417610 -6.301468 56.725195 5.583528 -26.328196 -6.670614 -5.836660 30.642107 3.157312 -8.036711 -11.048659 11.158297 6.211059 -0.000000 0.000000 0.000000 -17.483949 4.072750 -6.330844 70.833160 -0.349433 -6.804400 1.779790 -4.260268 7.004391 -0.000000 0.000000 0.000000 28.382380 2.452793 3.062882 8.140687 -6.313158 6.990023 3.006707 1.584032 1.768587 27.855968 -8.360555 -3.338915 0.566093 -2.735992 5.973788 -0.000000 0.000000 0.000000 -8.386168 -22.626910 10.678746 -35.661228 -19.124934 -42.508224 107.724453 -47.194746 157.789814 -27.032945 -5.536354 37.415148 -8.880796 21.122857 -10.346998 -36.047199 16.772812 56.253862 98.784836 44.138813 -156.660996 -5.141946 4.175404 -30.901452 
35.101771 90.769124 130.281067 -7.622775 57.767832 6.666527 -23.937765 -6.304301 -6.743517 31.208993 1.690320 -7.651493 -13.322937 11.168801 6.831463 -0.000000 0.000000 0.000000 -21.434527 5.452487 -5.229229 74.145727 1.947609 -7.272915 -3.749380 -0.607822 7.071533 -0.000000 0.000000 0.000000 28.778368 1.523686 3.174387 8.917429 -6.495363 7.077771 2.854909 1.059290 1.595421 27.962766 -6.903543 -3.591020 0.230417 -3.296751 5.313378 -0.000000 0.000000 0.000000 -8.983069 -23.522893 10.382060 -35.783078 -19.877961 -43.416834 107.198088 -47.469103 157.728001 -26.345071 -5.739864 37.437592 -8.904706 20.873161 -10.404459 -35.543459 16.554243 54.657185 99.044240 44.010048 -156.260956 -5.814321 4.453676 -30.659585 
37.810674 91.142917 131.079519 -9.018013 58.555987 7.734337 -20.930763 -6.135051 -7.647797 30.588598 0.409037 -6.855403 -15.363386 11.388782 7.793508 -0.000000 0.000000 0.000000 -25.057012 6.962830 -4.292614 74.042350 2.794757 -6.675414 -6.942628 -0.824304 6.648184 -0.000000 0.000000 0.000000 29.348764 0.264392 3.353159 9.551933 -6.451675 6.822345 2.938968 0.460463 1.408861 27.959703 -6.256294 -4.009805 -0.061702 -2.810855 4.727860 -0.000000 0.000000 0.000000 -9.145912 -24.025938 9.862208 -36.259872 -20.976293 -44.219443 106.764068 -47.657214 157.719072 -25.665389 -6.149953 37.541681 -8.781996 20.575384 -10.613338 -34.686238 16.778309 52.800514 99.254566 43.935645 -156.028688 -5.830023 4.823422 -30.632640 
40.378922 91.512179 131.804872 -10.784807 59.021691 9.079693 -17.739036 -5.886872 -8.786269 29.895211 -0.682888 -5.324757 -17.127674 11.828881 8.582977 -0.000000 0.000000 0.000000 -27.978441 7.874463 -3.421131 70.921355 2.128866 -6.003100 -9.373933 -3.402900 5.470529 -0.000000 0.000000 0.000000 30.130509 -0.931601 3.660121 10.079836 -6.418928 6.184668 3.207363 -0.176751 1.206878 28.074424 -6.353077 -4.615558 -0.320026 -1.549464 4.359825 -0.000000 0.000000 0.000000 -9.120893 -24.444639 9.113119 -36.723141 -22.140063 -44.785510 106.533513 -47.969434 157.619772 -25.305615 -6.291661 37.936913 -8.588570 20.445999 -11.011369 -33.348755 16.881353 50.535021 99.761884 44.002241 -156.098066 -5.498528 4.959170 -30.525741 
42.832208 91.816914 132.525885 -12.568055 59.284658 10.418763 -14.540559 -5.767280 -9.412477 29.205679 -1.518596 -4.489282 -18.641865 12.044260 8.915785 -0.000000 0.000000 0.000000 -30.042798 8.213906 -2.421843 65.075670 0.392697 -5.699433 -10.956725 -6.363757 4.034632 -0.000000 0.000000 0.000000 30.752087 -1.780164 3.772701 10.713275 -6.439034 5.469586 3.658481 -0.852026 1.101284 28.030429 -6.619508 -5.176138 -0.600003 -0.278642 4.197313 -0.000000 0.000000 0.000000 -9.069206 -24.890831 8.203922 -37.136680 -23.420766 -45.170470 106.766752 -48.767422 157.748154 -25.889024 -6.496293 37.764219 -8.512408 20.134175 -11.319656 -31.831750 16.981905 47.817299 100.340238 44.153091 -156.145596 -5.283104 4.992659 -30.347819 
45.247099 91.992152 133.321929 -14.149345 59.264242 11.519014 -11.526065 -5.616122 -9.715280 28.701021 -2.138033 -3.970302 -20.306782 12.166600 9.248158 -0.000000 0.000000 0.000000 -31.053160 8.058955 -1.235085 56.835847 -1.001693 -5.844318 -11.179243 -8.945473 2.890234 -0.000000 0.000000 0.000000 31.262229 -2.396998 3.702415 11.191920 -6.532036 4.608192 4.248729 -1.477385 1.029323 27.762964 -6.920894 -5.780525 -0.926047 1.148954 4.250864 -0.000000 0.000000 0.000000 -8.956928 -25.064334 7.204420 -37.447485 -24.629819 -45.358659 107.924503 -50.073002 158.600408 -28.840897 -6.624142 36.569072 -8.514191 19.656015 -11.421058 -30.505087 17.264740 45.083105 100.882527 44.391174 -156.079996 -4.961554 4.783860 -30.007785 
47.698250 91.985285 134.182763 -15.130469 59.153201 12.158137 -8.785657 -5.371343 -10.148027 28.275750 -2.912916 -3.303257 -22.145695 12.436173 9.974756 -0.000000 0.000000 0.000000 -31.176422 7.460024 -0.095345 46.755991 -1.229112 -6.190854 -9.378156 -10.084323 2.877970 -0.000000 0.000000 0.000000 31.302196 -2.945181 3.449292 11.596197 -6.785143 3.687585 5.124147 -2.050596 0.951067 26.989062 -7.089932 -6.492501 -1.392214 2.535804 4.384663 -0.000000 0.000000 0.000000 -8.905232 -24.728492 6.486828 -37.535209 -25.509659 -45.552492 109.621941 -51.485618 159.946053 -33.380675 -6.569191 35.433546 -8.732760 18.928132 -11.547523 -29.749966 17.866471 42.698814 101.303844 44.757587 -155.836647 -4.669316 4.483929 -29.523248 
50.197494 91.812992 135.096192 -15.455754 59.171918 12.254671 -6.392413 -4.817775 -10.444494 28.031991 -3.531901 -2.744588 -24.056611 12.120073 10.646977 -0.000000 0.000000 0.000000 -30.523048 6.651577 0.770284 35.200300 -0.325866 -5.978957 -5.799298 -9.125403 4.475497 -0.000000 0.000000 0.000000 31.017850 -3.350848 3.136521 11.959548 -7.258841 2.856487 5.791040 -2.591365 0.815920 25.941446 -6.868434 -7.102417 -1.705549 3.650967 4.469028 -0.000000 0.000000 0.000000 -9.115217 -24.022874 5.707068 -37.127418 -26.185114 -45.397814 111.279275 -52.901694 161.227152 -36.217279 -6.659435 34.819479 -9.214011 18.032152 -11.497167 -29.444861 18.772173 40.728814 101.949530 45.369451 -155.760070 -4.578045 4.169010 -28.973152 
52.836013 91.528869 136.054170 -16.402642 59.542986 13.177625 -3.569587 -4.117540 -10.866786 27.698432 -4.397255 -2.305764 -25.915304 11.422971 11.321264 -0.000000 0.000000 0.000000 -28.689686 5.756294 0.898467 23.124084 1.557607 -4.816910 -0.631448 -5.763005 7.624679 -0.000000 0.000000 0.000000 31.091739 -3.549653 2.618679 12.157231 -7.961895 2.121433 5.975786 -3.142628 0.742822 25.298026 -6.582484 -7.391045 -1.977776 4.432440 4.736456 -0.000000 0.000000 0.000000 -9.225649 -23.671789 4.693714 -36.369469 -26.669241 -45.012984 112.326337 -53.771126 161.727443 -36.316761 -6.931959 34.628679 -9.751912 17.222358 -11.288369 -29.208091 19.277302 38.975110 102.926812 46.216096 -156.044889 -4.983829 4.004647 -28.563698 
55.665714 91.174179 137.059963 -18.751643 60.104657 15.670792 0.386933 -3.195128 -11.396470 26.911584 -5.853867 -1.893491 -27.678093 10.509611 11.712867 -0.000000 0.000000 0.000000 -25.723575 5.310169 0.615635 12.185342 4.345349 -3.436484 2.750792 -0.753912 11.313001 -0.000000 0.000000 0.000000 31.468958 -3.642791 1.799152 12.876726 -8.757587 1.562808 5.676127 -3.695318 0.681084 24.907041 -5.913672 -7.266510 -2.255657 4.562415 4.906271 -0.000000 0.000000 0.000000 -9.260877 -23.940894 3.541183 -35.134419 -27.021610 -43.888120 112.927127 -54.381891 161.974507 -34.789419 -7.446765 34.761870 -10.446598 16.836200 -10.960652 -28.865895 19.363085 37.230452 104.655070 47.372066 -157.069261 -6.928921 3.935330 -28.392374 
58.744383 90.716821 138.143969 -22.645589 60.625075 19.773979 5.459939 -2.091927 -11.996815 25.865526 -8.039253 -1.446579 -29.368943 9.795200 11.875523 -0.000000 0.000000 0.000000 -21.994854 6.038256 0.216629 4.169972 8.481679 -1.726530 0.519438 4.311589 13.404645 -0.000000 0.000000 0.000000 31.879167 -3.803752 0.997538 14.143349 -9.479096 1.025148 5.077302 -4.198774 0.455503 24.803555 -4.780028 -7.117261 -2.610879 4.116346 4.759364 -0.000000 0.000000 0.000000 -9.377927 -24.623727 2.302359 -33.432845 -27.098697 -42.771436 113.488164 -54.675871 162.295433 -33.400689 -8.112615 34.989077 -11.048874 16.975682 -10.617421 -28.581890 19.264247 35.491154 106.851309 48.641116 -158.509600 -9.660727 3.678940 -28.322407 
61.871290 90.097791 139.133453 -25.515071 61.511732 23.117213 9.192252 -1.282446 -12.454200 25.725787 -10.144149 -1.220040 -30.961392 9.065492 11.842335 -0.000000 0.000000 0.000000 -20.396412 7.279079 0.709101 2.909764 12.098292 -1.821532 -2.847720 7.476699 14.752618 -0.000000 0.000000 0.000000 31.336690 -4.089414 0.756635 15.180877 -9.863947 0.451139 4.390989 -4.552017 -0.163167 24.832009 -3.995540 -7.301848 -2.822562 3.954501 4.325024 -0.000000 0.000000 0.000000 -9.489900 -25.323119 1.175415 -31.878490 -26.982394 -42.362703 113.927800 -54.857310 162.581034 -32.419177 -8.416573 35.559110 -11.541748 17.347536 -10.652904 -28.326463 19.128214 34.023591 108.175511 49.603399 -159.414259 -11.051597 3.116295 -28.137810 
64.925992 89.355856 139.998710 -27.093920 63.408756 25.192501 10.040371 -1.332071 -12.373630 28.204940 -11.428760 -1.495939 -32.360705 8.310035 12.151521 -0.000000 0.000000 0.000000 -21.322699 7.916081 2.161431 7.171433 13.144765 -3.140477 3.659192 10.406726 15.401248 -0.000000 0.000000 0.000000 30.070613 -4.603814 1.275066 15.293665 -9.961812 0.013841 4.235314 -4.854117 -0.771144 24.321495 -4.789402 -8.129180 -3.260138 5.049297 3.910076 -0.000000 0.000000 0.000000 -9.540026 -25.857184 0.070113 -31.055457 -26.861704 -43.024493 115.015515 -54.263103 163.850096 -31.995193 -8.188633 36.013779 -12.104698 17.590291 -11.055352 -28.087380 19.558243 32.771545 108.857252 50.203471 -160.004745 -11.178211 2.516403 -28.002917 
67.971867 88.813865 140.733492 -29.859024 66.276072 28.110302 9.274172 -1.680612 -11.463422 33.174083 -12.214142 -2.258703 -32.535057 7.664886 11.949843 -0.000000 0.000000 0.000000 -22.351995 8.727593 3.960543 11.916961 12.921604 -4.142662 8.925217 7.807709 12.742942 -0.000000 0.000000 0.000000 28.799666 -5.304977 2.293893 15.662362 -10.000321 -0.001510 4.353576 -5.322395 -1.199896 23.304284 -6.405045 -8.811874 -3.392953 6.883491 3.569735 -0.000000 0.000000 0.000000 -9.232524 -26.508392 -1.042501 -31.411085 -26.823977 -43.759764 115.124541 -52.803633 164.434769 -31.764915 -8.180885 36.099030 -12.006205 18.269323 -11.609960 -27.900432 19.857882 31.200719 108.890632 50.447521 -160.675044 -11.850923 2.631611 -27.793245 
70.622516 88.855994 141.387260 -33.800714 69.276204 31.610733 6.709560 -0.793466 -9.074528 40.799596 -12.071402 -3.314955 -29.346163 6.422667 8.768280 -0.000000 0.000000 0.000000 -24.200138 8.357901 5.565420 19.268545 11.042332 -4.700441 6.073573 5.429299 10.014766 -0.000000 0.000000 0.000000 28.257544 -5.620921 3.444371 16.799726 -10.142333 0.482295 3.905438 -5.538019 -1.590075 22.843559 -6.737619 -9.049509 -3.321057 7.231208 3.472014 -0.000000 0.000000 0.000000 -8.763962 -27.979251 -1.079526 -32.389455 -25.784938 -44.728187 113.849280 -51.019962 164.398019 -31.006716 -8.389621 35.506867 -11.159831 19.458555 -12.461070 -29.026709 18.868037 30.778720 108.046701 49.964421 -160.208947 -12.492453 2.987965 -27.596568 
72.959626 89.354289 142.047405 -40.054311 72.023171 37.004731 2.866418 0.613274 -5.448707 49.933595 -10.731635 -4.893656 -21.810924 4.625504 3.736059 -0.000000 0.000000 0.000000 -24.468250 7.200654 6.065593 23.834503 8.269062 -3.950902 3.765487 5.527632 8.637353 -0.000000 0.000000 0.000000 29.207844 -5.418427 4.481504 17.056288 -10.158018 1.036394 3.440371 -5.434684 -1.564612 23.370366 -7.116506 -9.154554 -2.493150 7.461874 3.709669 -0.000000 0.000000 0.000000 -8.973487 -28.698748 -1.487498 -33.372267 -25.207913 -46.222839 112.866703 -49.689467 164.131801 -29.373188 -7.886014 35.661490 -10.330078 20.323999 -12.877639 -30.201574 18.358742 31.220280 108.056570 49.632919 -159.811112 -12.653142 2.624557 -27.747910 
75.061667 89.799857 142.796767 -46.465539 75.503054 42.879994 -3.207280 1.023639 -1.355789 59.203410 -8.863193 -6.969112 -12.430858 2.795654 -0.746585 -0.000000 0.000000 0.000000 -24.081070 6.180396 5.890820 24.811385 7.574372 -3.228557 2.246821 3.683073 7.023681 -0.000000 0.000000 0.000000 28.882586 -4.797356 5.344624 16.663263 -10.069822 1.450562 3.424732 -5.283382 -1.593971 24.309853 -8.370687 -9.294638 -1.253347 8.334567 4.202210 -0.000000 0.000000 0.000000 -9.024453 -28.447748 -1.696713 -34.538122 -24.916348 -47.886686 112.427969 -48.896176 163.650669 -30.004980 -7.069688 36.385067 -9.258345 20.700866 -13.226244 -31.039339 18.336578 32.178286 107.915405 49.483378 -159.136330 -13.416812 2.381140 -28.286554 
76.903319 90.244579 143.453217 -54.829406 78.705925 51.402219 -9.792555 0.992525 1.744473 67.186613 -6.716759 -8.459962 -2.518088 1.973078 -5.477869 -0.000000 0.000000 0.000000 -23.744842 5.078379 5.519523 25.534684 6.673783 -3.882418 0.054596 2.281733 6.142007 -0.000000 0.000000 0.000000 28.840948 -3.866562 5.683399 15.558106 -9.749034 1.506995 3.676437 -4.817460 -1.480593 24.482944 -9.282755 -9.726617 -0.278190 8.515578 4.830178 -0.000000 0.000000 0.000000 -9.119710 -28.120846 -1.478594 -35.380863 -24.350642 -48.998753 112.103782 -48.202374 163.525656 -31.735768 -6.418397 36.819605 -8.395422 21.133247 -13.244338 -32.185613 17.897740 32.247264 108.062405 49.088395 -158.430543 -14.482290 2.175406 -28.368649 
78.569466 90.869915 143.946826 -67.955170 80.585431 65.174602 -14.818192 0.595491 3.833434 72.350673 -3.706935 -10.154769 3.549057 3.332114 -7.445701 -0.000000 0.000000 0.000000 -22.800764 4.089399 4.092071 26.142901 4.648840 -3.679673 -1.589211 2.537798 6.188934 -0.000000 0.000000 0.000000 29.756487 -2.753275 5.499639 14.914222 -9.323558 1.304962 3.658895 -4.206782 -1.462347 24.273853 -9.427555 -9.855751 0.154098 8.245228 5.016590 -0.000000 0.000000 0.000000 -9.242096 -27.609680 -0.930809 -35.790372 -23.869697 -48.991911 111.484619 -47.765269 163.230285 -31.442271 -6.646243 37.315218 -7.976870 21.335972 -13.506520 -32.652083 18.144381 33.163845 108.107032 49.044065 -158.341640 -14.634190 2.571629 -28.352800 
80.233717 91.527998 144.295645 -89.085099 81.442953 87.087607 -18.786205 0.092124 5.417178 75.492434 -1.635526 -11.740907 -0.748312 6.427508 -5.249624 -0.000000 0.000000 0.000000 -20.801964 3.094657 2.395476 25.553683 3.743500 -3.367958 -2.913767 1.526079 6.223290 -0.000000 0.000000 0.000000 30.828899 -1.730949 5.311219 14.610694 -9.117926 1.120015 3.575567 -3.543049 -1.340834 24.098056 -9.743471 -9.916371 0.549970 8.334617 4.997338 -0.000000 0.000000 0.000000 -9.292941 -27.041719 -0.479522 -36.211657 -22.915527 -48.432642 111.229232 -47.022093 162.884783 -30.338781 -7.183925 38.108652 -7.531490 21.694764 -13.784105 -33.357055 18.171204 34.120553 107.776216 48.916733 -157.990606 -14.386171 2.866437 -28.349962 
81.825048 92.144114 144.521022 -116.244153 81.079894 115.137456 -22.685952 -0.997113 6.334718 75.704298 -0.970590 -12.930438 -5.066277 7.077404 -3.277103 -0.000000 0.000000 0.000000 -18.919037 2.285609 0.785656 24.487332 3.318655 -3.334848 -4.045099 -0.677049 5.754133 -0.000000 0.000000 0.000000 30.843629 -0.783861 4.797595 14.733289 -9.092896 1.394529 3.920940 -3.124149 -1.079949 24.094707 -9.735949 -9.696803 1.067391 8.215889 4.991104 -0.000000 0.000000 0.000000 -9.033217 -26.517961 -0.030579 -36.618199 -22.406450 -47.680000 111.209961 -46.223340 162.827843 -29.846489 -7.901298 38.555265 -7.111954 21.886316 -13.527513 -34.046852 18.618830 34.747240 107.148916 48.652631 -157.494515 -14.117898 3.345074 -28.130105 
83.414888 92.693388 144.536734 -138.294144 78.677601 137.972148 -25.863135 -2.024052 6.835476 72.934193 -2.210759 -13.371068 -7.539149 5.032957 -2.425049 -0.000000 0.000000 0.000000 -16.877651 0.755763 -0.849761 23.306544 2.079680 -3.372919 -5.309765 -2.032928 5.588595 -0.000000 0.000000 0.000000 31.103421 0.195941 4.377750 14.506299 -9.167961 1.737872 4.173850 -2.677914 -0.666298 24.309467 -9.449393 -9.130660 1.588065 7.771317 5.296239 -0.000000 0.000000 0.000000 -8.944152 -26.041601 0.295642 -36.756870 -22.124787 -47.350649 111.719182 -45.522467 163.164003 -30.468830 -8.306793 37.598864 -6.545181 21.938075 -13.339775 -34.383558 18.487158 35.377243 106.830960 48.247888 -157.553354 -13.320937 3.436353 -28.328569 
85.010892 93.141294 144.349003 -151.378294 75.220892 151.405151 -28.206046 -2.747693 7.445625 67.938112 -3.631134 -13.301201 -10.190493 2.780281 -1.636235 -0.000000 0.000000 0.000000 -15.073160 -1.296458 -2.404405 22.326265 0.624208 -2.725354 -6.433867 -2.780431 5.756321 -0.000000 0.000000 0.000000 31.097309 1.150024 4.272297 14.594530 -9.052730 2.141984 4.260006 -1.955254 -0.246126 24.414477 -9.147700 -8.569157 1.834815 7.173714 5.890710 -0.000000 0.000000 0.000000 -9.336821 -25.483314 0.007708 -36.882764 -22.514818 -47.278106 112.308510 -44.966748 163.077645 -30.537855 -8.712804 37.286930 -5.493062 22.112895 -12.817062 -34.588159 18.073860 34.988506 107.020259 48.053702 -158.063052 -12.625087 4.061267 -28.523124 
86.677665 93.456274 144.004118 -159.359382 71.322067 159.342869 -29.757849 -3.308763 8.186396 61.626396 -2.642251 -13.028816 -11.646083 2.481233 -1.477380 -0.000000 0.000000 0.000000 -13.290976 -2.833923 -3.370344 21.540618 -1.050875 -1.817345 -7.602850 -4.027922 5.324417 -0.000000 0.000000 0.000000 31.431060 2.054865 4.563552 14.125097 -8.650105 2.357649 3.643079 -1.081317 0.246340 25.317770 -9.496782 -8.089964 1.751417 6.890824 6.581119 -0.000000 0.000000 0.000000 -9.498175 -25.412658 -0.532053 -36.766085 -22.344677 -47.358918 112.862010 -44.147200 163.047386 -30.351459 -7.754627 36.173156 -4.248685 22.526904 -12.177716 -34.760223 16.980833 35.083341 108.114668 47.541661 -159.437096 -12.002494 3.781116 -27.919304 
88.370955 93.668282 143.462312 -164.327211 67.143875 164.117372 -30.538380 -3.695805 8.589870 54.251605 0.171832 -12.079056 -11.806519 4.179146 -0.702242 -0.000000 0.000000 0.000000 -11.161880 -4.508009 -3.874338 20.547196 -2.990480 -1.281712 -9.025340 -4.920609 5.343690 -0.000000 0.000000 0.000000 32.094671 3.006233 4.927522 13.194579 -8.135183 2.550105 2.812204 -0.139482 0.946109 26.499752 -10.215899 -7.804284 1.480260 6.553237 7.276386 -0.000000 0.000000 0.000000 -9.806255 -25.241641 -1.296750 -36.279828 -22.553343 -47.619581 113.703425 -43.280878 162.698825 -29.255641 -6.892433 37.231057 -3.068813 22.985157 -11.411831 -34.587513 15.297820 34.514840 109.531310 46.735152 -160.743497 -11.436489 3.223179 -28.171669 
90.036404 93.796873 142.771590 -167.529207 62.920081 167.112601 -30.387767 -3.899938 8.381477 45.128669 3.151983 -10.105678 -10.221117 5.493521 -0.215771 -0.000000 0.000000 0.000000 -8.881434 -6.273794 -4.168137 19.481197 -5.048234 -0.745205 -10.515308 -5.488730 5.626639 -0.000000 0.000000 0.000000 32.004887 4.020823 5.173465 13.484150 -7.639654 2.874836 2.028575 0.716078 1.476075 27.218451 -10.276177 -7.027648 1.302444 5.585971 7.722072 -0.000000 0.000000 0.000000 -10.095612 -25.030358 -1.414077 -36.092034 -22.731294 -47.682965 113.953336 -42.574927 162.457794 -28.173047 -5.904462 36.895388 -2.329264 23.211170 -10.809059 -34.372810 13.839384 34.591088 110.242211 46.065393 -162.037584 -10.649421 4.059857 -28.198071 
91.683483 93.832475 141.857290 -169.623351 58.939343 168.955352 -28.981499 -4.220844 7.562497 33.928792 5.418812 -7.075805 -8.201175 6.799814 0.048987 -0.000000 0.000000 0.000000 -6.574324 -7.543746 -4.124939 18.616844 -6.930072 -0.330270 -11.662221 -6.689442 5.604720 -0.000000 0.000000 0.000000 31.747350 4.977191 5.327144 14.004979 -7.115802 3.166705 1.217575 1.571160 1.917481 27.999898 -9.872799 -6.230801 1.302790 4.457041 8.224235 -0.000000 0.000000 0.000000 -10.304091 -24.810539 -0.930054 -35.708778 -22.620735 -47.554219 114.120404 -41.855965 162.274299 -27.125854 -5.167385 36.681202 -2.202532 23.482955 -10.247032 -34.094530 12.747845 35.616484 110.581722 44.786160 -163.080518 -9.373264 4.155636 -29.057487 
93.316156 93.707669 140.628290 -171.035840 55.215878 170.029999 -26.864892 -4.653099 6.288762 22.036078 5.974590 -3.008383 -5.691563 7.881924 0.073220 -0.000000 0.000000 0.000000 -4.262339 -8.340416 -3.803070 18.206016 -8.622270 -0.034204 -13.274458 -8.175571 6.124187 -0.000000 0.000000 0.000000 31.395218 5.634324 5.603120 14.369710 -6.581278 3.421029 0.722219 2.342619 2.244062 28.467838 -9.370949 -5.439988 1.419002 3.049322 8.195700 -0.000000 0.000000 0.000000 -10.730130 -23.814605 -0.304669 -35.230634 -22.458514 -47.212250 113.942600 -41.243135 162.064113 -25.853947 -4.462028 36.828528 -2.590032 23.472159 -9.691930 -33.831056 12.598372 36.960942 110.906944 43.506643 -163.740927 -7.811013 4.289570 -30.313034 
94.977742 93.361330 138.999963 -171.757067 52.059310 170.425188 -24.767957 -5.043366 5.652459 12.345991 4.586568 -0.157565 -4.019126 9.020137 0.448629 -0.000000 0.000000 0.000000 -1.991619 -9.031330 -3.539775 18.446932 -9.894509 0.269810 -15.276334 -9.548057 6.595283 -0.000000 0.000000 0.000000 30.912566 6.246071 5.901662 14.588970 -6.062728 3.500900 0.364015 3.189410 2.493992 28.939137 -9.151425 -4.755009 1.570530 1.783263 8.224544 -0.000000 0.000000 0.000000 -10.854982 -23.344152 0.954473 -34.617700 -21.387962 -46.500331 113.783563 -40.708769 162.286701 -25.183001 -3.987049 37.128620 -2.713540 23.943472 -9.894809 -34.020153 11.941122 38.874373 111.030835 42.413201 -164.292381 -6.616905 4.994767 -30.905735 
96.605730 92.857641 136.949837 -172.084739 49.741844 170.464144 -22.854519 -6.042069 5.510385 6.272495 3.016285 1.061525 -4.185974 10.554596 1.239726 -0.000000 0.000000 0.000000 -0.106904 -9.366957 -3.570117 19.428428 -10.639919 0.610499 -17.053356 -10.930126 6.964163 -0.000000 0.000000 0.000000 30.505140 6.937264 5.537149 14.371858 -5.231282 3.720173 0.206113 4.052744 2.832984 29.347407 -8.793205 -3.568341 1.859993 0.358674 8.134915 -0.000000 0.000000 0.000000 -11.136241 -22.396318 1.857434 -34.486655 -21.198960 -45.883996 113.522158 -40.433978 162.216640 -25.334824 -3.564352 37.166469 -2.902906 24.027882 -9.671637 -33.978619 12.005884 39.852919 110.857435 41.767057 -164.571843 -6.615484 5.218871 -31.749224 
98.166084 92.310882 134.516656 -171.830699 47.451150 170.297369 -22.096045 -7.317879 4.980053 6.653339 2.827925 1.277601 -4.950599 12.474667 1.598059 -0.000000 0.000000 0.000000 1.811915 -9.459148 -3.998243 21.024895 -11.352478 0.709468 -18.104419 -12.247733 6.838261 -0.000000 0.000000 0.000000 30.089067 7.517496 5.166467 14.579323 -4.814462 4.092475 0.103958 4.628226 3.042199 29.268852 -8.383829 -2.758770 2.028060 -0.809388 8.230132 -0.000000 0.000000 0.000000 -11.680587 -21.692602 2.761632 -34.442650 -20.880930 -44.709185 113.103458 -40.466291 162.276554 -25.301424 -2.993873 36.902397 -3.263489 24.374456 -9.576901 -34.337153 12.727397 41.058513 110.123859 41.514002 -164.130787 -6.525346 4.857788 -32.980930 
99.552768 91.856045 131.756485 -172.122350 44.947146 170.998365 -22.642412 -7.581753 3.508045 8.967816 5.519122 1.192882 -1.976697 14.203314 1.434664 -0.000000 0.000000 0.000000 2.826668 -9.560709 -5.012551 23.444412 -12.579653 0.676912 -18.093453 -13.170094 6.272147 -0.000000 0.000000 0.000000 29.102361 7.976425 4.701009 15.025103 -4.667846 4.564935 -0.207852 4.942291 3.060981 29.598029 -8.391453 -1.747555 2.224391 -1.694033 8.658002 -0.000000 0.000000 0.000000 -11.752231 -21.776853 3.717351 -34.606703 -20.945609 -43.474511 112.584869 -40.619059 162.145445 -24.592956 -2.554417 37.098538 -3.470133 24.773395 -9.290024 -34.366656 13.401162 42.218400 109.572351 41.538688 -163.927753 -6.497156 4.639486 -34.390905 
100.730467 91.559643 128.651881 -172.416855 42.420831 171.636028 -23.350051 -6.965112 2.231005 11.463112 6.266056 0.762478 1.830420 13.405486 -0.647122 -0.000000 0.000000 0.000000 3.125346 -9.842260 -6.079786 26.835986 -13.536426 0.492317 -16.885476 -13.767076 5.745970 -0.000000 0.000000 0.000000 27.536123 8.192421 4.520752 15.860621 -4.674843 5.392582 -0.441506 4.934889 3.150707 29.885166 -8.689348 -1.215803 3.596543 -2.888376 9.015173 -0.000000 0.000000 0.000000 -11.371530 -22.006735 4.587242 -34.795275 -20.867145 -42.652058 112.008560 -40.872530 162.080569 -23.575952 -2.309273 37.316466 -3.551071 25.219569 -8.728197 -34.785711 14.372903 43.106448 109.004047 41.764493 -163.311026 -5.779790 4.174851 -34.572259 
101.670694 91.420484 125.266242 -172.844813 40.203890 172.928018 -23.832656 -6.808716 0.761732 14.447456 6.599309 -1.284236 4.514166 12.360189 -2.578289 -0.000000 0.000000 0.000000 1.949295 -9.497609 -8.172788 32.079772 -14.140015 0.464973 -13.923169 -13.740270 6.331409 -0.000000 0.000000 0.000000 25.938630 8.212827 4.131808 16.518269 -4.602179 6.003981 0.285917 4.818257 3.021716 29.991790 -8.608172 -0.625216 2.367837 -3.385428 7.979013 -0.000000 0.000000 0.000000 -11.855382 -21.632503 5.302176 -35.179612 -21.556045 -42.640909 111.781957 -41.197765 162.070331 -23.381717 -2.167201 37.856274 -4.711924 24.588128 -8.341885 -34.863614 15.743635 44.705766 108.276953 41.572413 -162.816763 -4.865351 3.625122 -34.353266 
102.313650 91.486746 121.943367 -172.988691 37.518307 174.357324 -24.363190 -7.707333 -1.284215 18.907380 5.874529 -4.318366 0.848460 12.416955 -1.709876 -0.000000 0.000000 0.000000 -0.436905 -7.899179 -10.189977 39.227610 -14.192632 0.123360 -8.216982 -14.532461 7.375447 -0.000000 0.000000 0.000000 25.727795 7.910151 3.598252 15.663430 -4.725927 6.425465 1.175032 4.516294 2.860222 29.832635 -9.237007 -0.132486 2.721671 -3.517095 7.862642 -0.000000 0.000000 0.000000 -11.542104 -22.106506 5.996045 -35.656665 -22.288445 -42.398051 111.755642 -41.869661 161.957779 -22.902278 -2.346484 38.321187 -5.602191 24.152302 -8.193001 -34.138125 16.575323 45.721674 107.527064 41.388612 -162.721605 -4.249930 3.387998 -34.157200 
102.820897 91.736448 118.810499 -172.709218 35.089081 175.374854 -23.583696 -8.069401 -3.526058 21.545157 5.535530 -6.131043 -2.309683 11.708264 -0.646686 -0.000000 0.000000 0.000000 -3.699783 -4.572570 -10.691688 47.483133 -13.149082 -1.545022 1.174681 -15.290143 8.046060 -0.000000 0.000000 0.000000 27.082346 6.897013 3.327194 13.915086 -4.628817 6.152563 1.645053 4.118787 2.731223 30.157372 -10.687046 -0.441423 2.295959 -2.284792 7.989099 -0.000000 0.000000 0.000000 -11.013668 -22.833277 6.449623 -35.658106 -22.417581 -41.517626 111.988756 -42.774489 162.065257 -22.426463 -2.163713 37.994574 -6.345709 24.428645 -8.455085 -33.002704 16.926088 46.598957 107.182874 41.317837 -162.938718 -3.390212 3.373481 -33.758403 
103.274655 91.906881 115.866160 -172.657545 33.576889 175.939971 -22.347653 -7.953626 -5.371374 22.605499 4.294991 -6.533141 -5.016845 11.666030 1.474094 -0.000000 0.000000 0.000000 -7.993801 -0.519438 -9.943716 55.511174 -9.902493 -3.155883 11.179606 -14.686503 8.207370 -0.000000 0.000000 0.000000 27.865891 5.385784 3.126489 13.032404 -4.120606 5.906596 2.019659 3.792915 2.590091 29.952228 -11.616964 -1.503250 1.871527 -0.831626 7.589775 -0.000000 0.000000 0.000000 -10.839460 -23.119933 6.653106 -35.521084 -22.358914 -40.567975 112.208259 -43.934285 162.081463 -22.436761 -1.790172 37.232468 -6.507571 24.701269 -9.059542 -32.655738 17.917377 46.703271 106.660881 41.698277 -162.817280 -2.958377 3.235006 -33.104520 
103.747737 92.172068 113.073277 -172.642423 32.469949 176.188491 -20.590913 -7.078468 -6.296629 22.826676 2.589090 -6.893421 -7.251512 11.368780 2.750499 -0.000000 0.000000 0.000000 -12.408355 2.370935 -8.666917 62.772920 -4.061672 -4.798609 8.483480 -7.763610 8.179889 -0.000000 0.000000 0.000000 28.143809 4.204820 2.582617 13.460324 -3.978791 6.152847 2.203060 3.543072 2.255370 29.419064 -9.327628 -1.887211 1.791459 -1.946469 6.813777 -0.000000 0.000000 0.000000 -11.778812 -23.193835 6.901123 -34.884024 -22.843181 -40.697326 112.455815 -45.033162 162.134582 -23.232640 -1.400146 36.443566 -6.691183 24.016089 -9.090330 -33.196939 18.795841 46.260175 106.416081 42.035089 -162.006571 -3.528607 2.916632 -32.942674 
104.331374 92.563200 110.316014 -171.991398 30.463223 175.969416 -17.851588 -6.024966 -7.016043 22.672709 0.149253 -6.911521 -8.932897 10.659789 3.647820 -0.000000 0.000000 0.000000 -15.549984 3.855572 -6.969543 67.335956 0.925691 -6.328229 1.900737 -1.832178 7.613403 -0.000000 0.000000 0.000000 29.107913 3.162693 2.622068 13.612417 -4.546440 6.016603 2.252071 2.937157 1.878900 29.854310 -7.621279 -1.878190 1.471056 -2.585377 6.758148 -0.000000 0.000000 0.000000 -12.526369 -24.343601 7.062676 -33.971819 -22.962874 -40.857548 113.147310 -45.823209 162.506845 -24.644219 -1.182701 36.254913 -6.991188 24.115021 -9.270511 -32.286189 17.423308 45.566029 107.250999 42.185542 -162.128965 -4.782242 3.024083 -33.133229 
104.846215 92.944640 107.620192 -171.664829 28.408592 175.701471 -15.077581 -5.633462 -7.892049 21.949825 -2.027403 -6.172251 -10.399877 10.299721 4.592602 -0.000000 0.000000 0.000000 -18.768079 5.061812 -5.394018 68.913680 3.037536 -6.933267 -2.555764 -0.857695 7.455321 -0.000000 0.000000 0.000000 29.825502 2.023406 2.761538 13.947935 -4.863042 6.020110 2.289890 2.083739 1.675282 29.742414 -6.781037 -1.955814 1.418267 -2.537476 6.556956 -0.000000 0.000000 0.000000 -12.833952 -24.817915 6.700904 -34.051790 -23.894064 -41.522286 113.173063 -46.241150 162.382946 -25.070089 -1.491964 36.401305 -7.193958 23.279645 -9.404314 -31.011662 16.875179 44.334699 107.555290 42.414357 -161.945369 -5.429960 3.104637 -33.332212 
105.359447 93.273902 104.939020 -171.305622 26.668693 175.275037 -12.349189 -5.264073 -8.600052 21.476529 -3.759436 -5.205910 -11.875629 9.879373 5.484682 -0.000000 0.000000 0.000000 -21.707955 6.377179 -3.749187 67.641383 2.859977 -6.708745 -5.160727 -3.202688 6.524302 -0.000000 0.000000 0.000000 30.789953 0.649748 2.871864 13.883623 -4.964533 5.799096 2.337652 1.226254 1.553605 29.799594 -6.799683 -2.203920 1.234309 -1.562693 6.323965 -0.000000 0.000000 0.000000 -12.737373 -24.736016 5.834194 -34.338294 -25.368317 -42.052901 113.108660 -46.595180 161.843709 -24.780148 -2.530407 37.986599 -7.267943 22.415516 -9.467738 -29.103757 16.557693 42.669651 107.880831 42.809335 -161.887539 -5.705272 3.255333 -33.565365 
105.915630 93.544936 102.315569 -170.542748 25.227491 174.686237 -9.057228 -4.913350 -9.024392 20.763104 -5.590319 -4.431554 -13.391584 9.686396 6.179192 -0.000000 0.000000 0.000000 -23.941605 7.623036 -1.891444 64.376308 1.922515 -6.558397 -7.898738 -6.377616 4.735090 -0.000000 0.000000 0.000000 32.122714 -0.726784 3.093903 13.796837 -5.171851 5.157308 2.559779 0.370020 1.415347 29.603277 -7.044104 -2.951633 1.057019 -0.302788 6.285098 -0.000000 0.000000 0.000000 -12.636953 -24.902562 5.270314 -34.103335 -25.910067 -41.816434 113.148706 -47.084865 161.801445 -23.993694 -2.747771 39.560704 -7.372212 21.951327 -9.923139 -27.170849 15.765193 41.191229 108.478383 43.085020 -161.960362 -5.948628 3.384147 -33.515285 
106.473386 93.725854 99.777782 -169.953209 23.973192 174.178789 -6.027558 -5.088813 -9.357531 19.980994 -7.259740 -3.779700 -14.812537 9.937583 6.743501 -0.000000 0.000000 0.000000 -25.919199 8.667664 0.066203 59.285497 1.097226 -6.647403 -9.782967 -8.681204 3.480880 -0.000000 0.000000 0.000000 33.330662 -1.710652 2.892248 13.528145 -5.275829 4.547003 3.111297 -0.349334 1.326613 29.329929 -6.945785 -3.116070 0.809567 0.338783 6.397660 -0.000000 0.000000 0.000000 -12.504910 -24.895496 4.660250 -34.086474 -27.142563 -41.648429 113.065695 -47.813191 161.594006 -23.603138 -2.548907 40.338962 -7.756893 20.818796 -9.796945 -25.052354 15.127033 39.157023 108.914825 43.258458 -161.818361 -6.344679 3.477724 -33.831465 
107.049644 93.793058 97.251493 -169.553209 22.752270 173.798644 -3.203180 -4.803186 -9.499992 19.468408 -8.850177 -3.199748 -16.315068 9.796784 7.275328 -0.000000 0.000000 0.000000 -27.437211 8.868212 1.733730 52.686335 1.183527 -6.994541 -9.835050 -9.499908 3.404116 -0.000000 0.000000 0.000000 34.046980 -2.542672 2.581188 13.566481 -5.526297 3.961744 3.789731 -1.079378 1.333011 28.898740 -6.851452 -3.588548 0.498848 1.012854 6.561103 -0.000000 0.000000 0.000000 -12.535002 -24.768238 4.005282 -33.924450 -28.099082 -41.093769 113.625141 -48.678953 161.939223 -24.099365 -2.334272 40.903142 -7.934104 19.768787 -9.642462 -23.306729 14.526617 36.897584 109.594484 43.379317 -161.673494 -6.369967 3.526044 -34.085245 
107.619226 93.743491 94.696170 -169.488038 21.653448 173.580918 -0.684269 -4.322807 -9.608685 18.966503 -10.272232 -2.594781 -17.562750 9.235094 7.946927 -0.000000 0.000000 0.000000 -28.493723 8.459799 3.041912 44.774742 2.329133 -7.104507 -7.490368 -8.920587 4.505524 -0.000000 0.000000 0.000000 34.066046 -3.171404 2.196318 14.223353 -5.835462 3.462018 4.421592 -1.791464 1.346253 28.089903 -6.592917 -4.300287 0.030873 1.665161 6.740926 -0.000000 0.000000 0.000000 -12.864568 -24.356617 3.484043 -33.804057 -28.928329 -40.644676 114.380689 -49.607857 162.499652 -24.535896 -2.381199 41.219508 -8.255162 18.653774 -9.649587 -22.014607 14.204688 34.830269 110.252053 43.579008 -161.493668 -6.261070 3.454376 -34.101516 
108.212650 93.595058 91.992420 -169.464204 20.600667 173.415661 2.121577 -3.580015 -9.549373 18.149112 -11.593890 -2.133645 -19.011647 8.322582 8.575981 -0.000000 0.000000 0.000000 -28.598461 7.828386 3.822096 35.749315 3.844730 -6.211452 -3.767158 -7.029138 6.605057 -0.000000 0.000000 0.000000 34.124319 -3.596871 1.747481 14.726510 -6.197998 2.981569 4.783541 -2.406987 1.396830 27.529778 -6.246871 -4.904324 -0.464382 2.193686 6.781841 -0.000000 0.000000 0.000000 -13.075019 -24.110511 3.009763 -33.709315 -29.580612 -40.451889 115.106845 -50.420615 163.178273 -24.722572 -2.580721 40.897632 -8.599091 17.587171 -9.562612 -20.970250 13.979652 32.909740 111.193650 43.930256 -161.585656 -6.268518 3.218300 -34.005313 
108.828187 93.298858 89.012408 -168.919877 19.570389 173.267203 5.891878 -2.604826 -9.634480 16.976196 -13.112555 -1.714916 -20.409910 7.285606 9.232121 -0.000000 0.000000 0.000000 -27.457616 6.724533 4.126404 26.253875 4.592507 -4.478576 -0.131121 -4.365054 8.984324 -0.000000 0.000000 0.000000 34.450247 -3.841700 1.102660 15.146451 -6.610586 2.414556 5.353911 -2.948477 1.521879 26.687354 -5.553073 -5.288168 -0.692717 2.307666 6.750356 -0.000000 0.000000 0.000000 -13.407596 -23.890124 2.682649 -33.915005 -30.244894 -40.792300 115.483422 -51.150852 163.588353 -25.104627 -3.001564 40.215735 -9.239550 16.532269 -9.580680 -20.369806 13.834961 31.427242 111.932822 44.315560 -161.513825 -6.608242 2.931735 -34.307737 
109.461427 92.810798 85.745716 -168.158976 18.534895 173.102158 10.197097 -1.476655 -9.709356 15.684665 -14.837467 -1.352641 -21.957867 6.201526 9.822146 -0.000000 0.000000 0.000000 -25.481805 5.023270 4.158969 16.967886 3.547325 -1.809870 1.950259 -1.982265 11.187870 -0.000000 0.000000 0.000000 34.969088 -3.980971 0.509353 15.370816 -7.075335 1.758057 5.647871 -3.357636 1.682775 26.043652 -4.881566 -5.558735 -1.068800 2.427408 6.735619 -0.000000 0.000000 0.000000 -13.758059 -23.826280 2.424014 -34.155382 -30.809518 -41.626618 115.813357 -51.692204 163.959556 -25.711712 -3.263651 40.110585 -9.915110 15.787348 -9.847773 -20.259441 13.641652 30.441654 112.592966 44.816246 -161.404530 -7.039614 2.583272 -34.713415 
110.083044 92.109716 82.285309 -167.884841 17.446262 173.184036 13.963484 -0.477076 -9.852372 14.737416 -16.591092 -0.959516 -23.662547 5.150785 10.231521 -0.000000 0.000000 0.000000 -24.477990 3.038911 4.363394 10.392200 0.927895 0.486222 0.303601 -0.121966 12.885963 -0.000000 0.000000 0.000000 34.874454 -4.030031 -0.095126 15.581897 -7.604866 1.236893 5.533156 -3.663842 1.743693 25.831968 -3.850226 -5.575076 -1.528777 2.302005 6.656624 -0.000000 0.000000 0.000000 -14.015016 -24.052275 2.053855 -34.322197 -31.316137 -42.697440 115.671716 -52.109617 164.018541 -26.012439 -3.358522 40.179173 -10.401814 15.439912 -10.099718 -20.541090 13.343696 29.684930 112.955436 45.269475 -161.207912 -7.550282 2.340143 -34.996914 
110.613382 91.261965 78.658861 -168.254691 16.033509 173.707572 16.592749 0.159114 -10.084775 14.820230 -18.159359 -0.533848 -25.348635 4.009361 10.308743 -0.000000 0.000000 0.000000 -24.176940 1.427634 5.182080 7.016316 -1.545168 0.705741 -2.096100 0.652696 13.519761 -0.000000 0.000000 0.000000 34.038201 -4.048748 -0.560774 15.807851 -8.071499 0.876450 5.286446 -4.018971 1.717017 25.484202 -3.072285 -5.339585 -2.014524 2.097380 6.418524 -0.000000 0.000000 0.000000 -14.171573 -24.553390 1.698918 -34.686880 -31.621496 -44.142844 114.931103 -52.332357 163.665482 -25.897799 -3.393279 40.130316 -10.984471 15.319634 -10.546945 -20.923677 13.098993 29.272263 112.664050 45.640235 -160.669904 -8.013948 2.130926 -35.016472 
110.949159 90.393811 74.804640 -168.942127 14.074388 174.347663 18.230237 0.560315 -9.830684 16.183162 -19.669735 -0.474707 -26.661074 2.803781 10.247388 -0.000000 0.000000 0.000000 -24.725284 1.470790 6.602793 8.745798 -1.801981 -0.189610 -3.369724 -1.112017 11.510338 -0.000000 0.000000 0.000000 32.750515 -4.443538 -0.389414 16.158095 -8.209622 0.705763 4.857851 -4.447891 1.554983 24.951928 -3.592266 -5.257602 -2.322342 2.584695 6.196486 -0.000000 0.000000 0.000000 -14.057488 -25.252376 1.004193 -35.221356 -31.598499 -45.422036 114.011144 -52.275292 163.079658 -25.502580 -3.290231 40.307536 -11.146021 15.933833 -11.208102 -21.183972 12.854170 28.432917 112.240785 46.054702 -160.457082 -8.489239 1.894033 -34.527961 
111.124229 89.753395 70.646209 -169.599596 11.304580 174.892299 19.217672 0.541478 -8.729472 18.685480 -20.799400 -0.725223 -26.785709 1.501088 9.193393 -0.000000 0.000000 0.000000 -25.023335 2.224211 7.975519 11.261244 -2.581813 -0.538230 1.522382 -1.736430 9.614462 -0.000000 0.000000 0.000000 31.182394 -4.929148 0.770589 17.074075 -8.306146 0.781002 4.514218 -4.809234 1.236594 24.080170 -4.823135 -5.623139 -3.172361 3.434449 6.091862 -0.000000 0.000000 0.000000 -13.926902 -26.116785 0.217117 -35.838018 -31.262510 -46.960491 112.913198 -51.956200 162.547060 -24.143096 -3.451081 40.112837 -11.238593 16.630094 -12.001053 -21.510099 12.718924 27.475443 111.966677 46.203535 -160.622672 -9.001618 1.928265 -33.814849 
111.174738 89.539808 66.324955 -170.201786 8.436575 175.334134 19.118780 -0.133794 -7.351707 22.691386 -21.295740 -1.054395 -25.040703 0.859155 7.214214 -0.000000 0.000000 0.000000 -25.664589 4.080325 9.312053 15.645591 -2.694345 -1.013993 6.091160 -5.386886 7.812788 -0.000000 0.000000 0.000000 29.810161 -5.551392 2.310516 18.019202 -8.038924 1.001688 4.120114 -4.989341 0.805441 23.556702 -6.838402 -6.165029 -4.178369 4.790654 5.868773 -0.000000 0.000000 0.000000 -13.020645 -26.889198 -0.495472 -36.574856 -30.634063 -48.453844 111.225980 -51.328086 161.410662 -22.386589 -3.977660 40.274969 -10.632040 17.630340 -12.866305 -21.704525 12.646018 26.693330 111.227991 45.987506 -160.706853 -8.620751 2.129957 -33.655938 
111.228693 89.853132 62.168539 -170.714558 5.836099 175.482728 16.821700 -0.270830 -5.497620 29.844816 -21.303937 -1.129016 -20.723764 -0.543180 3.055839 -0.000000 0.000000 0.000000 -26.827230 5.592797 10.271198 22.688298 -2.825936 -0.175323 4.010247 -7.879763 5.246046 -0.000000 0.000000 0.000000 29.257830 -5.869130 3.501691 18.868671 -7.601831 1.604043 3.337200 -4.847563 0.538905 23.896924 -7.744095 -6.384542 -4.731785 5.163891 5.368454 -0.000000 0.000000 0.000000 -12.257600 -27.548948 -1.071241 -36.505533 -29.811619 -49.853710 109.569799 -50.714875 160.174641 -20.610774 -4.102739 40.975680 -9.726572 18.852723 -13.225328 -22.526153 12.642771 26.361094 110.617941 45.758901 -160.260676 -8.167889 2.319296 -33.879507 
111.433196 90.404147 58.315760 -171.080544 3.290254 175.522682 12.091584 0.767502 -2.686367 39.990879 -21.234183 -1.216382 -13.640474 -4.036986 -3.384961 -0.000000 0.000000 0.000000 -26.132808 5.014639 10.509293 26.758344 -3.552765 0.560458 0.993449 -8.635950 2.502320 -0.000000 0.000000 0.000000 29.825851 -5.563668 4.419533 18.674641 -7.442585 2.078240 2.553977 -4.472969 0.593407 24.976923 -8.619695 -6.477354 -4.622963 5.417250 5.511796 -0.000000 0.000000 0.000000 -11.789585 -27.706873 -1.231336 -36.063922 -28.446054 -51.289909 108.613174 -50.233797 158.949035 -20.144357 -3.387086 41.716662 -8.686377 19.996222 -13.752316 -23.851641 12.559251 27.438884 110.787892 45.771751 -159.810058 -8.215270 2.004501 -34.781977 
111.789691 90.876651 54.797745 -172.267687 1.163473 175.876909 4.964810 1.091964 0.041655 50.344590 -20.282825 -1.400293 -5.156486 -7.774042 -11.301623 -0.000000 0.000000 0.000000 -25.129871 3.184223 10.644394 28.473968 -5.243427 -0.560822 -3.050432 -7.458119 1.278405 -0.000000 0.000000 0.000000 29.744571 -4.480805 4.783458 17.620218 -7.399383 2.310051 2.178946 -3.874631 0.597005 26.383351 -8.920381 -6.092230 -4.020006 4.664028 6.095878 -0.000000 0.000000 0.000000 -11.881785 -27.227854 -1.424181 -35.340325 -27.534474 -52.573105 108.484988 -49.897186 158.049032 -21.173401 -2.256402 41.457570 -7.982815 20.539333 -13.631936 -25.287007 12.674203 28.710905 111.528073 45.922681 -159.479292 -9.568127 2.041078 -36.506208 
112.081671 91.382742 51.572335 -173.686754 0.048693 176.432520 -2.519492 -0.328919 1.567935 58.240030 -18.188648 -2.681191 1.494254 -8.624767 -13.471831 -0.000000 0.000000 0.000000 -24.433879 2.246489 9.910411 29.307127 -5.558627 -0.572640 -6.050097 -6.892689 0.660482 -0.000000 0.000000 0.000000 29.381879 -3.030764 4.432965 16.571033 -6.956842 2.449878 2.352881 -3.132962 0.536797 26.786331 -9.087802 -5.715382 -3.302925 3.807292 6.390727 -0.000000 0.000000 0.000000 -11.768728 -26.214427 -1.191960 -34.953566 -27.181383 -52.905702 109.101013 -49.302118 158.136619 -22.978729 -1.984810 41.201238 -7.310398 20.641334 -13.269983 -26.747508 13.705045 29.475179 111.192644 45.963756 -159.081788 -10.034482 2.107719 -38.524163 
112.342858 92.041820 48.333186 -174.025457 -0.244623 176.637595 -8.090624 -1.963336 2.957539 64.269311 -15.682409 -4.251580 -2.701331 -4.341307 -10.229869 -0.000000 0.000000 0.000000 -22.295754 2.363758 9.443876 29.356242 -4.934778 0.233313 -8.459013 -7.430963 0.436175 -0.000000 0.000000 0.000000 30.424458 -1.564041 4.123269 15.625932 -6.212481 2.198329 2.408380 -1.834401 0.468502 26.873216 -9.530240 -5.531072 -2.927558 3.535525 6.502086 -0.000000 0.000000 0.000000 -11.562167 -25.523309 -0.615120 -34.709235 -26.020192 -52.468342 109.615409 -48.160635 158.251632 -23.818924 -3.027957 41.492784 -6.488532 21.238749 -13.670146 -28.117334 13.944323 30.636137 109.981673 45.451809 -158.642157 -9.549763 1.904119 -40.279271 
112.589467 92.736226 45.162973 -174.429848 -0.417784 177.149051 -13.621671 -3.533530 3.998722 68.013270 -10.856026 -5.595166 -5.049633 0.744600 -7.074914 -0.000000 0.000000 0.000000 -19.643935 2.125789 9.252130 28.249887 -4.682927 -0.365822 -10.348756 -7.269923 0.386442 -0.000000 0.000000 0.000000 31.393781 -0.357721 3.601810 14.567493 -5.877136 1.724240 2.355263 -0.923386 0.358045 27.441412 -9.588553 -5.808101 -2.418454 3.789455 6.524704 -0.000000 0.000000 0.000000 -11.315963 -24.208678 -0.212315 -34.402967 -24.567421 -51.380066 109.828337 -46.974221 158.426275 -23.466740 -3.644969 41.686624 -6.280830 21.890761 -13.193502 -29.698130 15.437092 32.786187 108.720662 45.018639 -157.428906 -7.791878 1.689283 -41.421119 
112.751782 93.342918 42.103490 -174.947333 -1.484590 177.942565 -19.148025 -5.756065 3.866124 69.348372 -5.788258 -5.969685 -6.423946 5.873604 -3.649825 -0.000000 0.000000 0.000000 -16.865351 1.694728 8.574270 26.599336 -4.325711 -0.845564 -12.038693 -7.723203 0.211765 -0.000000 0.000000 0.000000 32.066200 0.959604 2.606561 13.908802 -5.749829 1.756975 2.368053 -0.214658 0.626247 27.782263 -9.613958 -5.447623 -1.768156 3.580532 6.845352 -0.000000 0.000000 0.000000 -11.021271 -23.339815 0.594093 -34.808475 -23.787384 -50.985524 109.647163 -45.905034 158.488434 -22.887488 -3.596506 42.403946 -5.992399 22.158915 -13.072772 -30.793891 16.298804 35.052937 107.277375 44.469399 -156.550102 -6.405141 1.363316 -42.233099 
112.751496 93.844324 39.086080 -175.127176 -3.545550 178.329932 -23.755251 -8.088834 3.380585 67.694339 -1.874061 -5.215158 -8.616076 9.517147 -0.429421 -0.000000 0.000000 0.000000 -13.540565 1.147965 8.053219 24.545870 -4.241317 -0.805117 -13.657890 -8.726605 -0.032491 -0.000000 0.000000 0.000000 32.905252 2.192457 2.241644 13.518199 -5.753458 2.172466 2.213117 0.422046 1.118606 28.217311 -9.875718 -4.905353 -1.331264 3.183275 7.324440 -0.000000 0.000000 0.000000 -10.896221 -22.871516 1.334714 -35.472774 -23.441327 -51.206848 109.453390 -45.067234 158.601865 -23.155400 -3.563249 43.214174 -5.560701 22.375951 -13.274654 -31.425266 16.597841 36.913718 106.080682 44.081388 -155.930467 -5.576896 0.729476 -43.039557 
112.595820 94.163424 36.028165 -175.040112 -5.821869 178.652795 -27.042332 -9.879852 2.392700 62.721152 0.375361 -3.580951 -10.411379 11.562534 2.051234 -0.000000 0.000000 0.000000 -10.192053 0.023408 7.625650 23.115800 -4.634802 -0.827919 -15.406727 -9.107146 0.002592 -0.000000 0.000000 0.000000 33.438379 3.278233 2.148036 13.410551 -5.828941 2.621668 2.267756 0.993789 1.621902 28.479714 -9.778584 -4.384312 -0.938654 2.409090 7.709586 -0.000000 0.000000 0.000000 -11.226958 -22.505669 2.000432 -35.941789 -23.172329 -51.540065 109.269037 -44.506280 158.762941 -23.742566 -3.516777 43.419370 -5.401903 22.548614 -13.397670 -31.949973 16.770278 38.729827 105.091373 43.843538 -155.419359 -4.719390 0.100260 -43.515585 
112.351239 94.229859 32.811797 -175.039480 -7.810633 178.897071 -28.942524 -11.284117 1.665873 54.688806 1.221762 -2.097061 -10.893308 12.155347 3.062623 -0.000000 0.000000 0.000000 -6.957578 -0.903627 7.354213 21.853048 -4.895708 -0.648502 -17.471540 -9.495412 -0.048712 -0.000000 0.000000 0.000000 33.521325 4.289701 2.065531 13.256374 -5.808356 3.026487 2.392622 1.564791 1.996834 28.537924 -9.244980 -3.832917 -0.444702 1.284706 7.956493 -0.000000 0.000000 0.000000 -11.713840 -21.825780 2.600217 -36.336722 -23.079636 -51.967096 108.752308 -44.072625 158.548464 -23.856477 -3.303379 43.127867 -5.543330 22.432800 -13.137815 -32.505629 17.003209 40.678975 103.939634 43.482366 -154.827602 -3.486573 -0.609146 -43.823626 
112.026870 94.073653 29.360437 -175.027208 -9.326916 179.146683 -29.149301 -12.252036 1.340203 44.123230 0.572810 -0.908183 -9.241410 11.818474 2.491841 -0.000000 0.000000 0.000000 -3.830947 -1.562273 7.256584 21.066044 -5.126014 -0.526583 -19.876906 -9.737299 -0.207675 -0.000000 0.000000 0.000000 33.230086 5.144452 1.893292 13.296502 -5.754677 3.309236 2.455494 2.151220 2.260562 28.271800 -8.331566 -3.479045 -0.021390 -0.024254 8.103451 -0.000000 0.000000 0.000000 -12.324999 -21.097328 3.344416 -36.292781 -22.900745 -52.068616 108.364336 -43.726961 158.461328 -23.684689 -3.078326 42.974493 -5.844357 22.413793 -12.861061 -32.954553 17.234712 42.764551 103.249058 43.105006 -154.709725 -2.203610 -1.396863 -44.497569 
111.586714 93.809909 25.666991 -174.767323 -10.360159 179.363294 -27.538708 -12.525650 1.577279 31.532592 -1.116839 0.029450 -5.551684 10.655280 0.611276 -0.000000 0.000000 0.000000 -0.438562 -2.045290 7.315319 20.655511 -5.206298 -0.418528 -22.375077 -9.741599 -0.525403 -0.000000 0.000000 0.000000 32.593870 5.915304 1.784673 13.968924 -5.575374 3.473428 2.353629 2.810452 2.413693 27.864073 -7.125713 -3.245067 0.223966 -1.531820 8.229621 -0.000000 0.000000 0.000000 -13.110874 -20.618797 4.116094 -35.913532 -22.562800 -51.737107 107.822411 -43.522501 158.223432 -23.389394 -2.945604 42.822696 -6.184357 22.565300 -12.582316 -33.454279 17.150903 44.686235 102.705089 42.636593 -154.575233 -1.266711 -1.897732 -45.270482 
111.013901 93.534243 21.746717 -174.317771 -11.069816 179.304858 -24.725836 -11.582686 2.378715 17.852611 -2.737470 0.921943 -1.298817 8.248418 -2.349266 -0.000000 0.000000 0.000000 2.985846 -2.537627 7.686262 20.762745 -5.232755 -0.354656 -24.674075 -9.337993 -0.795997 -0.000000 0.000000 0.000000 31.991704 6.467901 2.066321 14.598567 -5.314679 3.510422 2.174692 3.499762 2.533910 27.587060 -5.846926 -3.329010 0.337077 -2.975652 8.096371 -0.000000 0.000000 0.000000 -13.846794 -19.954976 4.913620 -35.312822 -21.863797 -51.412308 107.483716 -43.405217 158.072092 -22.900871 -2.904744 42.416912 -6.559076 22.711752 -12.262676 -34.053609 17.070975 46.725054 102.392946 42.280654 -154.407248 0.587427 -2.682908 -46.516787 
110.228074 93.265474 17.644237 -173.646174 -11.690367 178.976990 -22.101947 -9.904515 3.409255 6.542828 -4.779481 0.621366 -1.426976 5.980487 -4.295841 -0.000000 0.000000 0.000000 6.327195 -3.118978 8.137481 21.529170 -5.017099 -0.067194 -26.846213 -8.895542 -0.942196 -0.000000 0.000000 0.000000 31.262515 6.860643 2.730345 15.189926 -5.156761 3.697244 2.124047 4.220927 2.604728 27.460258 -4.720834 -3.563244 0.506672 -4.206005 7.733298 -0.000000 0.000000 0.000000 -14.484139 -19.430920 5.623686 -34.657407 -20.896741 -50.999853 107.311553 -43.362724 157.909440 -22.831603 -2.826697 41.899906 -6.910857 22.818891 -11.835649 -34.720273 16.816520 48.526497 102.267776 42.096631 -154.218689 1.840234 -3.156659 -47.112365 
109.228992 92.941409 13.408330 -172.716654 -12.306239 178.764248 -20.100474 -8.922626 3.760353 0.150728 -6.988522 -0.511320 -5.324659 4.751567 -4.370589 -0.000000 0.000000 0.000000 9.624469 -3.559167 8.425665 22.952780 -4.557677 0.108594 -28.599167 -8.986383 -1.000254 -0.000000 0.000000 0.000000 30.382980 7.149369 3.267535 15.883318 -5.219292 4.185872 2.178161 4.772369 2.663020 27.480612 -3.930415 -3.640905 0.541754 -5.161044 7.280429 -0.000000 0.000000 0.000000 -14.973524 -19.176831 6.134122 -34.143692 -20.146937 -50.271553 107.262178 -43.473713 157.703983 -23.018657 -2.614924 41.440062 -7.264210 22.954999 -11.299028 -35.015779 16.652927 49.876727 102.140407 42.107938 -154.123356 2.236967 -3.598878 -47.386908 
108.102715 92.481875 9.100476 -171.481752 -13.337615 178.836665 -19.835619 -8.082028 2.752060 2.830184 -7.023862 -0.796510 -6.805209 3.254579 -5.410882 -0.000000 0.000000 0.000000 12.685550 -3.888051 8.612319 25.286304 -4.763069 -0.020994 -29.454680 -9.143816 -1.215700 -0.000000 0.000000 0.000000 29.840389 7.500531 3.438467 16.353003 -5.628479 5.035058 1.992598 4.920378 2.825589 27.674719 -3.638524 -3.231271 0.491033 -5.973089 7.140083 -0.000000 0.000000 0.000000 -15.203448 -19.539264 6.748063 -33.852831 -19.868718 -49.439601 107.111183 -43.744583 157.439133 -22.607221 -2.129901 40.968748 -7.738978 22.944001 -10.680132 -34.518189 16.206107 50.658506 102.182381 42.415974 -154.305436 1.965919 -3.842257 -47.650880 
106.948328 91.823453 4.831423 -171.280690 -13.853096 179.152946 -20.473381 -8.883263 0.690208 6.986312 -6.291818 -0.323459 -1.053271 1.782720 -6.116157 -0.000000 0.000000 0.000000 12.967789 -3.610294 7.862533 30.195136 -5.517694 0.357651 -28.959874 -9.455758 -1.608393 -0.000000 0.000000 0.000000 27.941289 7.709150 2.490313 17.405690 -5.719381 6.156468 1.275817 4.779496 2.934843 28.115064 -3.364803 -2.204558 0.263828 -7.088238 7.320698 -0.000000 0.000000 0.000000 -15.145108 -20.054871 7.071395 -33.685056 -21.026256 -48.278948 106.920880 -44.172399 157.200101 -21.714148 -1.279761 40.724796 -7.994201 22.669141 -9.457584 -33.468157 16.206105 50.582709 101.750071 42.622166 -154.486602 1.467415 -3.992051 -47.558540 
105.722177 91.093820 0.497126 -171.744146 -12.260312 179.573858 -21.299830 -10.885159 -1.367101 10.558561 -5.045469 0.288337 5.484646 3.489190 -5.881177 -0.000000 0.000000 0.000000 10.212746 -2.846072 5.658823 38.772130 -5.964427 0.894080 -25.382723 -9.297587 -0.360181 -0.000000 0.000000 0.000000 24.986587 7.951279 0.381471 18.376899 -5.147088 6.915336 1.501037 4.753553 2.761950 27.994499 -2.364183 -0.972378 0.553795 -8.554312 7.275433 -0.000000 0.000000 0.000000 -14.826949 -20.264715 7.667675 -33.617679 -22.790926 -46.919229 106.817341 -44.668107 157.269207 -21.195474 -0.605168 40.795749 -8.205434 21.870136 -7.987111 -32.582311 16.945827 50.530030 100.854209 42.868560 -154.308149 0.483454 -3.399096 -47.172810 
104.547942 90.883267 -3.357032 -172.131067 -10.740261 -179.157466 -23.604655 -12.132197 -3.056505 17.964023 -3.434821 -1.872606 2.087081 5.206060 -3.663650 -0.000000 0.000000 0.000000 4.923728 -2.248410 2.355403 49.852636 -6.491161 1.195717 -16.246115 -8.749726 3.059108 -0.000000 0.000000 0.000000 24.257332 7.921199 -2.110181 17.511628 -4.994723 7.083891 2.292954 4.477343 2.471604 27.444227 -2.026588 -0.186870 0.862266 -9.275746 7.498691 -0.000000 0.000000 0.000000 -14.167022 -20.971667 8.240468 -33.722608 -23.839265 -44.906308 107.391013 -45.458728 157.768130 -19.986162 -0.722413 41.307420 -8.581402 21.113686 -6.889039 -31.695941 17.547918 51.102470 100.133564 42.757680 -154.400835 0.396641 -3.058288 -46.455465 
103.495169 91.116130 -6.995295 -171.143787 -9.611064 -177.925780 -22.714326 -11.255303 -3.531665 22.565376 -3.398958 -4.478540 -1.284988 5.182993 -2.114910 -0.000000 0.000000 0.000000 0.355900 -1.849333 -0.179022 59.913196 -6.867021 0.429845 -3.794418 -7.097830 6.567994 -0.000000 0.000000 0.000000 26.319907 7.215461 -3.716581 16.064787 -4.974827 6.571355 2.419565 4.074526 2.481688 27.303057 -2.986616 -0.507443 0.592149 -8.463660 7.974621 -0.000000 0.000000 0.000000 -13.769074 -22.184324 8.642831 -33.769758 -23.633017 -42.579657 107.960412 -46.528752 158.035166 -18.581380 -0.071984 41.903494 -9.041626 21.351076 -6.826393 -30.507646 16.991537 51.824054 100.396772 42.794962 -155.094433 0.858035 -2.847124 -45.432210 
102.376831 91.421336 -10.351534 -171.407087 -7.654511 -178.018718 -21.216013 -9.996749 -3.621233 24.283400 -3.844172 -4.812117 -4.464863 6.038158 -0.052012 -0.000000 0.000000 0.000000 -5.918018 -0.760532 -1.413882 68.278595 -6.073405 -0.578490 6.158676 -5.562548 7.977974 -0.000000 0.000000 0.000000 26.479590 5.909624 -4.106868 15.126286 -4.435450 6.087318 2.654730 3.738197 2.334358 27.633922 -3.836023 -1.727586 0.302699 -6.932018 7.398697 -0.000000 0.000000 0.000000 -13.528499 -22.502378 8.455502 -33.980365 -23.460005 -40.954224 108.164453 -47.666092 158.071040 -17.823832 0.898317 42.038839 -9.050078 21.555503 -6.667796 -30.009470 17.577223 51.720312 100.925445 43.281942 -155.193483 0.707906 -2.381061 -44.205574 
101.305795 91.842806 -13.532470 -171.937700 -6.341247 -178.826721 -19.781746 -8.913019 -3.449774 25.628538 -4.567966 -4.258991 -7.780894 6.817424 1.461579 -0.000000 0.000000 0.000000 -11.970588 0.319946 -1.566954 74.810522 -4.219250 -0.461262 4.037421 -5.600010 7.327817 -0.000000 0.000000 0.000000 25.925799 4.495172 -3.710277 14.899459 -4.181218 6.161089 3.106592 3.210440 2.055554 27.476216 -3.500160 -2.399776 0.515164 -6.570604 6.542000 -0.000000 0.000000 0.000000 -13.475962 -22.653789 8.627644 -34.525553 -23.660484 -40.424085 107.808879 -48.594039 157.927310 -18.309405 1.683214 41.872386 -8.859027 21.363507 -6.635574 -29.731333 17.924768 50.962936 101.542599 43.551593 -155.211723 -0.238297 -1.813913 -42.802377 
100.452697 92.489541 -16.732103 -171.202596 -5.644927 -179.665438 -16.672483 -8.108993 -2.848802 26.316983 -5.586310 -3.851624 -10.537493 7.338285 2.036850 -0.000000 0.000000 0.000000 -15.654656 0.882497 -1.409549 77.700968 -2.736176 -0.094426 -0.245284 -4.466307 6.752771 -0.000000 0.000000 0.000000 26.955841 3.457415 -3.435522 15.320777 -4.346543 6.436336 2.996652 2.517713 2.106147 27.244624 -2.798048 -2.268934 0.381256 -6.934916 6.457051 -0.000000 0.000000 0.000000 -13.706697 -23.438715 8.750541 -35.266000 -24.138256 -40.334455 107.491335 -49.415154 157.867383 -19.313384 1.957818 41.048652 -8.699206 21.030653 -6.806245 -28.831255 17.149980 49.718338 102.245551 43.383760 -155.442263 -1.395526 -1.095301 -42.374925 
99.767888 93.099797 -19.946599 -170.598680 -4.547856 179.304843 -13.089524 -7.119287 -1.820815 25.889555 -6.370210 -3.574603 -12.832288 7.784938 2.710831 -0.000000 0.000000 0.000000 -18.905668 1.729632 -1.130247 77.580411 -1.310094 0.513468 -2.983848 -2.781408 6.739647 -0.000000 0.000000 0.000000 27.829292 2.413611 -3.367740 15.748670 -4.420390 6.616669 2.821523 1.833979 2.211631 27.306068 -2.110392 -2.081374 0.182725 -7.096133 6.497990 -0.000000 0.000000 0.000000 -13.882302 -23.900726 8.632085 -35.916683 -24.788631 -40.682642 107.719135 -50.119687 158.149066 -20.202532 1.601838 40.409476 -8.549592 20.292771 -6.753291 -27.834660 16.438685 48.408828 103.013139 43.120140 -155.533194 -1.978629 -0.519189 -42.274650 
99.175346 93.579268 -23.106827 -170.368272 -2.962846 178.278543 -9.541269 -5.685241 -0.971088 24.707122 -6.637554 -3.013210 -14.994957 8.065485 3.553436 -0.000000 0.000000 0.000000 -22.080897 2.621371 -0.893178 74.870056 -0.527117 1.231765 -5.039541 -1.971198 6.861796 -0.000000 0.000000 0.000000 28.206127 1.207585 -3.172354 15.893125 -4.459623 6.399003 2.908142 1.189350 2.120179 27.581205 -1.747340 -2.228687 -0.093086 -6.648563 6.439470 -0.000000 0.000000 0.000000 -13.799984 -23.884600 8.257103 -36.351325 -25.479406 -41.095835 108.226510 -50.617831 158.498625 -20.758642 1.179994 40.665254 -8.356167 19.421302 -6.666841 -26.881747 16.090530 46.935411 104.000880 42.986310 -155.685848 -2.149984 -0.179445 -42.303330 
98.632628 93.952262 -26.161906 -170.058777 -1.151096 177.449894 -5.955378 -3.941968 -0.438177 23.284386 -6.571463 -2.442971 -16.874200 8.098011 4.044906 -0.000000 0.000000 0.000000 -24.532470 3.155023 -0.710496 69.861351 -1.206405 1.816458 -7.230844 -2.671664 6.708192 -0.000000 0.000000 0.000000 29.087435 0.125386 -2.901065 15.564769 -4.445377 5.738305 2.976116 0.597346 2.063337 27.591198 -2.006327 -2.430664 -0.455747 -5.853995 6.426076 -0.000000 0.000000 0.000000 -13.827876 -23.649594 7.613856 -36.849465 -26.320294 -41.794574 108.750982 -50.879185 158.617961 -21.057318 1.068388 41.092927 -8.185036 18.518923 -6.993462 -25.700431 15.412658 45.156606 105.477427 42.987036 -156.562008 -2.711489 0.176902 -42.381680 
98.212409 94.200307 -29.156080 -169.631392 1.033681 176.749807 -2.450568 -2.439891 -0.163176 21.930667 -6.523696 -2.202233 -18.587688 8.656617 4.457548 -0.000000 0.000000 0.000000 -25.983728 3.317709 -0.255832 62.567937 -2.769885 1.984598 -8.363252 -4.497376 6.118433 -0.000000 0.000000 0.000000 30.218526 -0.769579 -2.711475 14.973815 -4.520702 4.728954 3.126009 -0.025290 2.044062 27.435638 -2.504271 -2.872050 -0.866671 -4.564712 6.471305 -0.000000 0.000000 0.000000 -13.500438 -23.454216 7.158862 -37.251359 -26.742060 -42.115055 109.239449 -51.010677 158.800017 -21.426873 0.634591 41.190096 -8.008983 17.885474 -7.574648 -24.707063 14.686791 43.249078 106.514300 43.138566 -157.061147 -3.107972 0.406632 -42.688299 
97.912872 94.286561 -32.197350 -169.579028 3.808850 176.123150 0.737620 -1.245991 -0.384240 20.387461 -5.806138 -1.911331 -20.343062 9.522347 5.012984 -0.000000 0.000000 0.000000 -26.875837 2.959715 0.612528 53.253389 -4.785778 1.353232 -7.563876 -6.380620 5.772363 -0.000000 0.000000 0.000000 30.975753 -1.475762 -2.876822 14.149046 -4.563055 3.567099 3.378707 -0.664508 2.117153 27.109352 -3.056200 -3.491856 -1.435409 -2.901693 6.454851 -0.000000 0.000000 0.000000 -13.343886 -22.621303 6.607862 -37.653064 -27.259519 -42.601455 110.056216 -51.051048 159.163960 -22.124517 -0.075828 40.997012 -8.153430 16.937445 -8.022403 -23.885962 14.729705 41.571119 107.424532 43.531942 -157.355372 -3.370606 0.554694 -42.629856 
97.707218 94.190454 -35.381371 -169.928885 7.110374 175.477130 3.761719 0.003795 -1.056444 18.425934 -4.593032 -1.314897 -22.153258 10.462595 5.662443 -0.000000 0.000000 0.000000 -27.178899 2.270988 2.094096 42.177457 -6.385770 0.086794 -4.667543 -7.391818 6.137463 -0.000000 0.000000 0.000000 30.930603 -1.965916 -3.322452 13.479770 -4.521426 2.351228 3.567718 -1.118152 2.157500 26.902260 -3.448335 -3.969250 -2.107238 -1.247147 6.590710 -0.000000 0.000000 0.000000 -13.128554 -21.836243 6.034449 -37.871226 -27.905964 -42.985163 111.036726 -51.036329 159.662850 -22.129870 -0.628683 40.786429 -8.143570 15.920575 -8.430613 -23.211035 14.902527 40.008143 108.068993 44.101457 -157.343404 -3.504043 0.741297 -42.883196 
97.629917 93.950891 -38.853994 -169.829452 10.313388 174.685376 7.671535 1.436743 -1.841494 15.927415 -3.777573 -0.704989 -23.946072 11.487150 6.359522 -0.000000 0.000000 0.000000 -25.600546 1.665780 4.010038 29.443807 -6.320523 -0.918914 -1.412943 -8.009311 6.301165 -0.000000 0.000000 0.000000 30.930991 -2.466458 -3.739076 13.142463 -4.613198 1.184920 3.863765 -1.504699 2.214747 26.236908 -3.705021 -4.496522 -2.716714 0.428462 6.801798 -0.000000 0.000000 0.000000 -13.143822 -21.026614 5.554236 -38.073601 -28.392124 -43.303981 111.864964 -50.834959 160.182617 -22.059319 -1.243091 40.617571 -8.306058 15.058703 -8.941144 -22.553481 15.024663 38.708574 108.812458 44.605899 -157.459737 -4.065596 0.922547 -42.912825 
97.665966 93.502885 -42.626262 -169.689807 12.838220 173.943211 11.724818 2.836752 -2.553504 13.506582 -3.601693 -0.424504 -25.753814 12.281414 6.811229 -0.000000 0.000000 0.000000 -23.330060 1.371266 5.897414 16.984399 -5.075048 -1.291139 -0.663103 -7.885542 6.317559 -0.000000 0.000000 0.000000 30.445593 -2.898641 -4.108672 13.196075 -4.985521 0.368215 4.113972 -1.995604 2.250539 25.600346 -3.527591 -4.860356 -3.376260 1.675968 6.939384 -0.000000 0.000000 0.000000 -13.206962 -20.478951 5.081150 -38.130024 -28.952356 -43.574920 112.352601 -50.696092 160.466438 -21.593994 -2.028913 41.146546 -8.485335 14.199626 -9.293144 -21.921955 15.003658 37.329146 109.786594 45.048395 -157.665441 -5.204749 1.206628 -42.670579 
97.797590 92.853361 -46.646354 -169.873416 14.452085 173.315476 15.411985 3.814575 -2.995415 11.358183 -3.915139 -0.498016 -27.552831 12.884568 7.148016 -0.000000 0.000000 0.000000 -21.610904 1.623531 7.333896 6.721452 -3.236351 -0.662630 -1.611272 -6.846413 6.733470 -0.000000 0.000000 0.000000 29.329842 -3.212198 -4.196277 13.596960 -5.547972 -0.014052 4.187965 -2.575595 2.153395 25.038352 -3.026880 -4.938324 -4.019649 2.231555 6.983915 -0.000000 0.000000 0.000000 -13.406497 -20.323315 4.515817 -38.149503 -29.742508 -44.046346 112.444857 -50.574949 160.461091 -20.647648 -2.439636 42.064616 -8.721203 13.306794 -9.483355 -21.146353 14.705197 35.640289 110.630625 45.301679 -157.691992 -6.245617 1.295868 -42.794867 
97.993493 92.056173 -50.807691 -170.228636 15.386322 172.879780 18.325995 4.395120 -3.277254 10.441832 -4.398259 -0.578448 -29.347962 13.243316 7.098179 -0.000000 0.000000 0.000000 -20.756070 2.365082 8.804432 0.622741 -1.960876 -0.566151 -2.672030 -4.603320 7.960683 -0.000000 0.000000 0.000000 28.270502 -3.559876 -4.106669 13.727052 -6.074483 -0.132991 4.205363 -3.099026 2.024697 24.398152 -2.157152 -4.827731 -4.517986 2.222318 6.793857 -0.000000 0.000000 0.000000 -13.664230 -20.559222 3.989461 -38.087003 -30.559243 -44.789790 112.406368 -50.544063 160.686828 -19.265339 -2.594346 42.522228 -9.199832 12.407825 -9.635805 -20.308172 14.134330 33.772975 111.136702 45.481043 -157.441028 -6.643722 1.269490 -42.855169 
98.171180 91.270256 -54.997087 -170.527344 16.307968 172.607415 20.178622 4.492670 -3.607080 11.446612 -4.915362 -0.618499 -30.950883 13.880699 7.081297 -0.000000 0.000000 0.000000 -21.537653 2.669417 10.307730 2.575884 -2.233194 -0.829830 -3.349863 -2.525570 9.910254 -0.000000 0.000000 0.000000 27.667682 -3.897414 -4.019808 13.669023 -6.264887 -0.157763 4.100816 -3.441872 1.819335 23.419038 -1.169586 -4.578268 -5.078919 2.017880 6.450209 -0.000000 0.000000 0.000000 -14.068849 -21.198668 3.513264 -37.978539 -31.248352 -45.516031 112.200247 -50.321700 161.015390 -18.285263 -2.521057 42.626722 -9.824324 11.830594 -9.903762 -19.341269 13.203566 31.797093 111.423736 45.629797 -157.375981 -6.943943 1.304002 -42.700185 
98.337722 90.681094 -59.271860 -170.790419 16.721243 172.244518 20.725110 4.618678 -3.265574 14.814455 -5.683199 -0.615082 -31.500994 13.830260 6.738339 -0.000000 0.000000 0.000000 -22.384198 2.842152 12.245781 6.814295 -0.963842 -1.630376 0.978501 0.892111 9.360922 -0.000000 0.000000 0.000000 26.880510 -4.347836 -3.396304 14.524533 -6.506689 0.036952 3.646600 -3.805777 1.597620 22.333869 -0.848466 -5.091804 -5.965415 2.538844 6.366000 -0.000000 0.000000 0.000000 -14.631171 -21.939466 2.859856 -37.835483 -31.009462 -45.996051 112.401227 -49.922196 161.630300 -17.547536 -2.716526 42.428599 -10.114253 11.853292 -10.309886 -19.129279 12.466252 29.959062 111.790095 45.699988 -157.335135 -7.495705 1.266522 -42.582992 
98.598993 90.343201 -63.693255 -171.316938 16.445911 172.182882 19.623118 4.330646 -2.396742 20.660450 -6.460502 -0.796351 -30.272507 13.365526 5.517922 -0.000000 0.000000 0.000000 -23.656912 4.280055 14.039164 11.369154 1.828483 -2.640100 5.840855 1.078790 8.627078 -0.000000 0.000000 0.000000 25.708978 -4.952706 -2.807696 15.519893 -6.506930 0.480048 3.348854 -4.210087 1.280204 21.473947 -1.335460 -5.575161 -6.298198 3.600156 6.196208 -0.000000 0.000000 0.000000 -14.444215 -22.480178 2.297665 -38.048831 -30.859733 -46.797173 112.017836 -49.465822 161.602151 -16.692108 -3.085503 42.645846 -10.123018 11.939829 -10.651385 -18.662180 12.049243 28.461187 111.851743 45.620250 -157.584197 -7.969186 1.351504 -42.190622 
99.063778 90.289915 -68.237817 -171.336607 16.052843 171.756043 17.823501 4.456027 -0.415818 28.484252 -7.759894 -1.589497 -25.989983 11.449278 2.312802 -0.000000 0.000000 0.000000 -24.488746 5.840104 15.511437 17.033203 2.567573 -3.062502 7.563478 -2.287378 6.692815 -0.000000 0.000000 0.000000 25.039933 -5.574508 -2.148295 16.356660 -6.234584 0.775595 2.966486 -4.388271 0.930662 21.441438 -2.357425 -6.148826 -6.431238 4.982414 6.089844 -0.000000 0.000000 0.000000 -13.941824 -22.947489 1.698693 -37.950831 -30.435585 -47.356922 111.346365 -49.113115 161.089702 -16.095992 -2.611612 43.119612 -9.746862 12.640591 -11.075909 -18.326556 11.569019 27.515781 111.820413 45.501130 -157.713993 -8.173767 1.254275 -41.747013 
99.657202 90.519005 -72.499710 -171.397227 16.222566 171.024988 13.799629 4.325820 2.421488 38.833443 -9.706291 -2.856062 -18.037857 8.297794 -2.293199 -0.000000 0.000000 0.000000 -25.215206 6.612522 16.870063 23.596435 2.817571 -2.354880 2.682900 -3.220863 4.268274 -0.000000 0.000000 0.000000 24.959586 -5.682817 -1.778178 16.442571 -5.973366 1.067290 2.504447 -4.170592 0.582387 22.249880 -2.310200 -6.605312 -6.115904 5.368047 5.823458 -0.000000 0.000000 0.000000 -13.759421 -23.250527 1.456782 -37.103089 -29.778556 -47.823289 110.526255 -49.094611 160.495664 -16.683670 -2.148898 43.529253 -9.086288 13.590425 -11.419850 -18.902558 11.284137 27.146519 111.636876 45.353098 -157.048286 -9.078996 1.307139 -41.540528 
100.281131 90.780467 -76.471061 -171.584055 16.176038 170.651536 8.120260 3.677219 5.113967 49.926764 -11.564796 -3.420508 -7.670078 3.742620 -7.155763 -0.000000 0.000000 0.000000 -24.860030 5.823905 17.275261 28.444341 3.267983 -2.043307 -2.002627 -3.299470 3.044953 -0.000000 0.000000 0.000000 25.018451 -5.188979 -1.753407 16.060002 -5.932330 1.243660 2.323079 -3.882286 0.333891 22.937110 -2.574530 -6.890905 -5.506957 5.542089 6.112098 -0.000000 0.000000 0.000000 -13.674576 -23.365427 1.542888 -36.469648 -29.173206 -48.066374 109.885679 -49.367579 159.771978 -18.143323 -1.951013 43.861925 -8.368832 14.456161 -11.990514 -19.693929 11.081302 27.193556 111.803739 45.269496 -156.725036 -10.332759 1.158114 -40.940218 
100.706029 91.011697 -80.151236 -172.486626 15.408672 171.163097 1.084758 1.334525 6.556461 59.546794 -12.563884 -3.742463 4.490360 -0.366662 -10.876602 -0.000000 0.000000 0.000000 -24.245216 4.824214 16.680192 31.510460 4.092569 -2.299377 -6.235903 -3.738737 1.998692 -0.000000 0.000000 0.000000 24.539360 -4.251469 -1.767909 15.473652 -6.151066 1.415556 2.739835 -3.745753 0.037727 22.829172 -3.211637 -7.067705 -4.859023 5.403450 6.585754 -0.000000 0.000000 0.000000 -13.403335 -23.544804 1.939199 -36.265062 -28.686102 -48.167974 108.968542 -49.268321 159.109741 -19.302557 -1.836737 44.091774 -7.683983 15.053447 -12.616999 -20.566765 10.777414 27.217482 111.884524 44.838546 -156.887321 -12.008109 1.237272 -40.123053 
100.941432 91.319603 -83.607650 -172.896772 14.827464 171.589337 -5.067804 -0.803503 7.563766 67.418809 -12.097214 -4.290468 3.814419 1.037735 -10.420068 -0.000000 0.000000 0.000000 -22.679281 4.523573 15.801203 33.164016 4.498763 -2.306986 -9.764325 -3.859271 1.977293 -0.000000 0.000000 0.000000 24.808227 -3.021561 -1.890736 14.869016 -6.094452 1.502789 3.363344 -3.212777 -0.073114 22.245997 -3.599287 -7.109337 -4.371536 4.782339 6.442909 -0.000000 0.000000 0.000000 -13.296929 -23.581937 2.269787 -36.309715 -28.137855 -48.339988 108.355364 -48.832864 158.620071 -19.578470 -2.443347 44.958319 -7.339439 15.503774 -12.969736 -21.453668 10.826784 26.847789 111.667599 44.448453 -156.717700 -12.984904 1.709940 -40.352793 
101.111543 91.740268 -86.976564 -172.794879 14.218864 171.767048 -10.491693 -1.738776 9.053037 72.722396 -10.125490 -4.412595 -2.596195 3.494138 -7.733965 -0.000000 0.000000 0.000000 -19.933854 4.294507 15.020742 33.470870 5.020098 -2.420390 -12.450516 -3.975364 1.867971 -0.000000 0.000000 0.000000 25.854425 -1.964239 -1.956070 14.356467 -5.928161 1.398412 3.609614 -2.467549 -0.019892 21.897823 -4.014513 -7.298171 -3.881818 4.499429 6.140211 -0.000000 0.000000 0.000000 -13.131414 -23.291205 2.527085 -36.394063 -27.068350 -48.365523 108.197558 -48.334254 158.213310 -19.061867 -3.403094 46.192413 -6.912843 16.185140 -13.269259 -22.497867 11.198087 27.122576 111.590846 44.375523 -156.560780 -12.680862 2.185372 -41.106981 
101.200175 92.315280 -90.282834 -172.831747 13.214142 172.384824 -15.668143 -3.559901 9.668896 74.472566 -7.652897 -5.180872 -6.724188 5.742441 -4.755167 -0.000000 0.000000 0.000000 -16.404385 4.175790 13.935473 32.296935 5.695315 -2.958910 -14.613513 -4.599651 1.278350 -0.000000 0.000000 0.000000 27.034008 -0.805591 -2.325732 13.751284 -6.052793 1.239113 3.645407 -1.901377 0.015025 21.983867 -4.573445 -7.283752 -3.196757 4.378115 6.308408 -0.000000 0.000000 0.000000 -12.793560 -22.937968 2.740653 -36.386852 -26.238106 -48.321709 107.925852 -47.858884 157.501574 -18.333050 -4.053292 47.530356 -6.481435 16.842434 -13.435610 -23.054295 11.806757 28.554626 111.044865 44.460928 -156.212470 -12.188212 2.509493 -41.979185 
101.193655 92.971474 -93.553704 -172.913452 11.756500 173.013832 -20.261389 -5.472617 9.468306 72.935135 -5.749120 -5.607967 -10.505692 7.708038 -1.556586 -0.000000 0.000000 0.000000 -12.511551 3.497141 12.566577 30.665231 5.900969 -3.352189 -16.206207 -4.909864 1.108017 -0.000000 0.000000 0.000000 28.592124 0.462135 -2.627294 12.770842 -6.247349 1.076850 3.720623 -1.299005 0.239578 22.226570 -5.317359 -7.152221 -2.710211 4.054352 6.803708 -0.000000 0.000000 0.000000 -12.782695 -22.639876 2.785881 -36.254144 -25.750512 -48.663537 107.930540 -47.535190 156.818668 -18.247245 -4.206436 48.544681 -6.254635 17.381290 -13.516999 -23.378812 12.073187 30.158581 110.779959 44.749828 -156.004113 -12.151493 2.777128 -42.851548 
101.111603 93.641919 -96.826929 -173.068310 10.160478 173.418398 -23.990293 -6.827705 9.092992 68.245733 -3.990534 -5.546295 -13.479844 8.668323 0.782851 -0.000000 0.000000 0.000000 -8.794004 2.656182 11.316340 29.092984 5.786838 -3.432981 -17.222535 -4.971699 1.147431 -0.000000 0.000000 0.000000 29.886730 1.539434 -2.656357 12.185657 -6.356127 0.955559 3.709128 -0.636436 0.472647 22.382106 -5.776749 -7.136664 -2.365279 3.489647 7.097796 -0.000000 0.000000 0.000000 -12.892401 -22.266453 2.814352 -36.078115 -25.364547 -49.158632 108.279358 -47.231121 156.704952 -18.950177 -4.246237 48.353911 -6.032555 17.882173 -13.523277 -23.876800 12.424137 31.634363 110.650562 45.303611 -155.944395 -12.285439 3.218472 -43.817350 
100.964653 94.276148 -100.172806 -173.409781 8.464555 173.702531 -26.532024 -7.674985 8.673629 60.497179 -1.972948 -5.290345 -13.995588 9.178910 1.615848 -0.000000 0.000000 0.000000 -5.522667 1.861531 10.321597 27.798121 5.526618 -3.361862 -17.852900 -5.093184 1.190376 -0.000000 0.000000 0.000000 30.789514 2.355698 -2.433127 11.823323 -6.399988 0.831912 3.689833 -0.055440 0.630695 22.392861 -5.965742 -7.255676 -1.996172 2.949597 7.232654 -0.000000 0.000000 0.000000 -13.120519 -21.541609 2.864622 -35.850373 -24.960966 -49.530903 108.570937 -46.899754 156.688963 -19.921033 -4.434841 47.811698 -6.064515 18.189831 -13.444070 -24.697085 13.310551 33.465971 110.396628 46.111943 -155.651598 -12.443935 3.440520 -44.486696 
100.724649 94.834054 -103.652442 -173.811443 6.782224 173.833574 -27.287939 -8.119242 8.180112 49.611273 0.128124 -4.806978 -12.566733 9.935126 1.655332 -0.000000 0.000000 0.000000 -2.582131 1.177266 9.516119 26.845273 5.236949 -3.063500 -18.280007 -5.121798 1.271475 -0.000000 0.000000 0.000000 30.914757 3.145222 -1.948002 12.182606 -6.337104 0.773832 3.788367 0.556602 0.705043 22.143074 -5.974492 -7.391383 -1.615956 2.214024 7.212130 -0.000000 0.000000 0.000000 -13.419089 -21.048965 3.149815 -35.401362 -24.453685 -49.916379 108.706328 -46.486479 156.913399 -20.034420 -4.576605 47.349150 -5.982415 18.624508 -13.591984 -25.400448 13.943210 35.041523 110.764934 46.835421 -156.366057 -12.898420 3.636388 -44.564912 
100.387132 95.239240 -107.306230 -174.058603 5.251990 173.661122 -25.900124 -7.911572 7.855923 35.353816 2.162395 -3.757213 -10.184760 11.197956 1.206319 -0.000000 0.000000 0.000000 0.362673 0.739511 9.060962 26.031175 5.101035 -2.664657 -18.835212 -5.133296 1.333778 -0.000000 0.000000 0.000000 30.795166 3.808002 -1.067342 12.761472 -6.059373 0.632620 3.872860 1.207702 0.736037 21.781780 -5.857588 -7.522886 -1.337803 1.412086 7.018949 -0.000000 0.000000 0.000000 -13.997733 -20.291170 3.353284 -34.922514 -23.956023 -50.282152 108.455653 -46.024880 156.807929 -19.797766 -4.686512 46.977300 -6.032038 18.984224 -13.751036 -26.143129 14.573145 36.438242 110.948605 47.361549 -156.755937 -13.207372 4.177748 -44.782810 
99.979979 95.439011 -111.182642 -173.809795 3.860271 173.008447 -22.917997 -6.080592 7.702324 19.336056 4.660377 -1.572836 -8.905282 11.874395 0.193157 -0.000000 0.000000 0.000000 3.807889 0.391454 9.293931 25.185502 5.140471 -2.576307 -19.647835 -5.151900 1.400365 -0.000000 0.000000 0.000000 30.904167 4.262773 0.636127 13.169114 -5.720599 0.096473 3.788012 1.984197 0.600508 21.588927 -5.953853 -7.889794 -1.081093 0.926056 6.957617 -0.000000 0.000000 0.000000 -14.734964 -19.622366 3.400034 -34.221479 -22.987018 -50.236487 108.739509 -45.590428 157.197268 -19.996868 -5.004121 45.852791 -5.927918 19.685986 -14.088323 -26.867279 14.749090 38.118001 111.632916 47.778213 -157.386977 -12.943883 4.813805 -44.893351 
99.449468 95.343012 -115.278578 -173.049061 2.642549 171.938374 -20.026892 -2.919639 7.692462 5.996511 6.776269 0.384082 -8.398652 12.009875 -1.939251 -0.000000 0.000000 0.000000 7.756819 0.116066 10.000249 24.337167 5.246509 -2.768749 -20.814488 -4.922623 1.429093 -0.000000 0.000000 0.000000 31.211003 4.525006 2.869317 13.379068 -5.481224 -0.496363 3.523217 2.800937 0.369150 21.511539 -6.059213 -8.679256 -0.779309 0.825432 6.684725 -0.000000 0.000000 0.000000 -15.518434 -19.087143 3.410687 -33.417100 -21.485479 -49.833632 109.041988 -45.032837 157.683214 -20.465865 -5.458398 44.544905 -5.781470 20.662371 -14.477532 -27.660676 14.860260 39.921287 112.397646 48.249566 -157.665567 -12.469846 5.149755 -45.451544 
98.724914 94.924736 -119.514644 -172.066170 1.334313 171.370758 -18.485252 -2.126323 6.989333 0.387332 8.637059 0.659219 -8.865470 13.803974 -2.701958 -0.000000 0.000000 0.000000 11.691292 0.441017 10.026271 23.769174 5.284062 -2.626428 -22.166627 -5.136354 1.348177 -0.000000 0.000000 0.000000 31.192133 4.756790 4.432416 14.097566 -5.616580 -0.536599 2.892063 3.339102 0.068400 21.652162 -6.109999 -9.448216 -0.736316 0.901351 6.077612 -0.000000 0.000000 0.000000 -16.201061 -18.865434 3.383087 -32.783164 -20.500726 -49.117273 108.790284 -44.513339 157.986332 -20.307715 -5.553491 43.549321 -5.986900 21.504475 -14.442506 -28.044066 15.507365 41.222536 112.251484 48.785654 -157.230918 -12.393603 4.882960 -45.686800 
97.991490 94.134372 -123.928177 -170.946182 -0.485746 171.583105 -17.544027 -3.322769 4.991430 2.355645 8.663032 0.531579 -8.625707 14.832067 -2.364590 -0.000000 0.000000 0.000000 15.307297 0.559512 9.358951 24.305318 4.790403 -2.279697 -23.318414 -5.286789 1.323308 -0.000000 0.000000 0.000000 30.896713 5.047890 4.752417 14.908593 -6.111092 -0.092006 2.150834 3.445967 -0.077756 22.077569 -5.981296 -9.496178 -0.802935 0.566078 5.739467 -0.000000 0.000000 0.000000 -16.463550 -19.247290 3.839178 -32.800705 -20.263820 -48.519803 107.860522 -44.067807 157.959633 -19.588663 -5.324475 42.728509 -6.318098 22.007369 -14.326458 -27.744035 15.674676 42.361225 111.671100 49.046812 -156.753131 -13.374095 4.846714 -45.679277 
97.345203 93.009865 -128.254867 -171.559394 -1.521847 172.426485 -18.948264 -5.328144 2.256505 4.662014 9.529308 0.601683 -3.096852 15.131204 -1.852439 -0.000000 0.000000 0.000000 14.765077 0.667725 7.924479 28.572413 3.824467 -1.784424 -23.722027 -4.930497 1.283830 -0.000000 0.000000 0.000000 28.556544 5.258323 3.478763 15.633389 -6.250809 0.606654 1.500683 3.336794 -0.235954 22.513992 -5.328016 -8.887557 -0.760911 -0.406751 5.760040 -0.000000 0.000000 0.000000 -16.239837 -19.438668 4.686027 -33.479990 -21.162049 -48.235832 106.847951 -43.753280 158.187335 -18.725752 -4.930519 41.976951 -6.321741 21.591506 -13.816626 -27.267429 16.079841 43.360758 110.545253 48.661051 -156.249780 -14.348166 5.020918 -45.151788 
96.622235 91.907370 -132.640064 -172.580848 -1.385415 173.499166 -21.524996 -8.096119 0.139752 9.662038 10.686986 -0.210281 3.004956 17.695482 -1.480707 -0.000000 0.000000 0.000000 11.378648 0.359900 5.599174 36.577910 2.902392 -1.229308 -21.078063 -4.022511 2.456255 -0.000000 0.000000 0.000000 25.354423 5.689912 1.253386 16.219721 -6.100325 1.290569 1.705180 3.234157 -0.401779 22.644787 -4.449482 -8.331451 -0.752687 -1.416323 5.806867 -0.000000 0.000000 0.000000 -15.717905 -19.709727 5.844681 -34.612738 -22.000505 -47.752778 105.662867 -43.700261 158.529495 -18.036133 -4.437672 41.520467 -6.088052 20.887677 -13.168919 -26.894441 16.574331 43.623337 109.137556 47.925595 -155.422273 -14.620181 5.117151 -44.668043 
95.737273 91.425383 -136.585855 -173.246526 -1.698988 175.102478 -23.859017 -9.116887 -1.122354 16.557475 11.203260 -4.305059 1.763939 17.470789 -0.425706 -0.000000 0.000000 0.000000 5.714399 -0.390045 2.260586 47.181334 1.009807 -0.696903 -12.319233 -1.426028 6.434528 -0.000000 0.000000 0.000000 24.825258 5.756456 -0.825906 14.648608 -6.178601 1.308481 2.215459 2.956028 -0.669728 22.947220 -3.787839 -8.096801 -0.560528 -2.136652 5.948288 -0.000000 0.000000 0.000000 -14.929563 -20.208665 7.094622 -35.874696 -22.112507 -47.077614 104.793999 -44.513378 158.871691 -17.400319 -4.863392 41.343374 -6.153937 19.950996 -12.940622 -26.622479 16.952458 44.716850 107.224340 46.977089 -153.101842 -13.812007 5.546055 -46.145836 
94.748098 91.281122 -140.293932 -173.046874 -2.288399 176.353917 -23.765096 -8.575060 -2.205453 20.847348 10.482391 -7.228265 -0.820094 17.061871 1.217321 -0.000000 0.000000 0.000000 0.094310 -0.599924 -0.536872 57.267665 0.079749 -0.904510 -0.567241 1.715231 9.807347 -0.000000 0.000000 0.000000 26.075207 5.184391 -1.675858 12.505570 -5.997040 0.652434 2.176482 2.712028 -0.779669 23.565235 -5.157101 -9.055434 -0.578266 -0.810196 6.107771 -0.000000 0.000000 0.000000 -14.825670 -21.105128 7.434950 -36.184612 -21.680972 -45.862401 104.833129 -46.230477 159.516165 -16.410754 -3.699128 41.012190 -6.114034 20.178216 -13.387974 -24.949379 16.817766 45.430782 109.294578 47.161333 -154.832399 -13.893220 5.224389 -44.068913 
93.581122 91.193759 -143.729722 -173.515932 -2.379787 176.668297 -23.416165 -7.607480 -3.125575 23.484697 9.402351 -8.065346 -4.628215 16.810603 3.620259 -0.000000 0.000000 0.000000 -6.567161 0.095534 -1.898143 65.384332 -0.129669 -1.764160 11.578062 3.451516 11.463329 -0.000000 0.000000 0.000000 26.101563 3.981019 -1.351049 10.506244 -5.363241 -0.020733 2.395495 2.466040 -1.020736 24.203389 -6.810566 -10.642084 -0.876884 1.381801 5.644949 -0.000000 0.000000 0.000000 -14.614069 -21.084021 7.193678 -36.439107 -21.195590 -44.952247 105.041146 -47.589985 160.015650 -16.581522 -1.697416 40.377242 -5.915592 20.458630 -13.744955 -24.005296 18.117276 45.653344 110.647288 47.783884 -154.884336 -14.169017 4.768014 -43.072437 
92.377323 91.337860 -146.880555 -173.605074 -3.354797 176.847479 -22.226212 -7.043150 -4.252536 25.250336 7.907545 -8.275876 -8.249360 16.685896 5.251750 -0.000000 0.000000 0.000000 -12.363303 1.031836 -2.440245 72.222722 -0.256159 -2.262604 10.614212 0.641276 10.654066 -0.000000 0.000000 0.000000 26.060186 2.706977 -0.723291 9.460114 -4.994233 -0.293144 3.048178 2.011250 -1.387220 24.068014 -7.249366 -11.314432 -0.485436 2.234118 4.935744 -0.000000 0.000000 0.000000 -14.304422 -21.266561 7.349058 -37.052541 -21.062093 -44.730262 104.812720 -48.387488 160.228898 -18.433906 -0.677330 39.485551 -5.626289 20.689865 -14.117344 -23.451246 18.865821 45.716632 111.000650 47.695677 -154.699812 -14.682163 4.447738 -42.197410 
91.237032 91.808575 -149.846745 -172.900947 -5.500118 177.169359 -19.330342 -6.979791 -5.488697 25.293662 6.080568 -8.147596 -10.561701 16.370914 5.818787 -0.000000 0.000000 0.000000 -16.321590 1.868192 -2.809632 75.939457 -1.050004 -2.167686 3.464808 -3.219338 7.926626 -0.000000 0.000000 0.000000 26.687790 1.676138 -0.284245 9.765233 -5.057180 -0.141242 3.023347 1.264778 -1.507701 24.163009 -7.131903 -11.172658 -0.362667 1.957373 4.521465 -0.000000 0.000000 0.000000 -13.913215 -22.029129 7.375372 -37.771443 -21.400521 -44.935836 104.461482 -48.928953 160.171468 -20.191694 -1.470112 38.570387 -5.407156 20.816402 -14.139389 -22.608117 18.621178 45.533595 111.009274 46.895866 -154.709765 -14.715054 4.859402 -42.307639 
90.184969 92.342627 -152.648997 -172.357901 -7.625770 177.321018 -16.038947 -6.984191 -6.410513 24.221648 4.373671 -7.583206 -12.182249 15.903573 6.443686 -0.000000 0.000000 0.000000 -20.068517 2.930690 -2.607569 76.592865 -1.506890 -2.350720 -1.997135 -6.979046 4.880246 -0.000000 0.000000 0.000000 26.914516 0.624927 -0.048113 10.203593 -4.967545 0.051296 3.253042 0.548211 -1.545599 24.321463 -7.139884 -10.862650 -0.131217 1.837708 4.316682 -0.000000 0.000000 0.000000 -13.356999 -22.631188 7.204638 -38.436851 -22.243716 -45.473014 104.356039 -49.225916 159.768992 -20.599239 -2.554822 38.616218 -5.144211 20.607094 -13.969461 -21.711099 18.330394 45.213448 110.649330 46.097902 -154.854149 -13.752310 5.294007 -42.925362 
89.191151 92.896694 -155.240119 -171.794593 -9.776717 177.336460 -12.404310 -6.928233 -7.244760 22.313477 2.597121 -6.334159 -13.323989 15.550829 6.928457 -0.000000 0.000000 0.000000 -23.431655 4.330342 -1.865825 74.524190 -1.773029 -2.767626 -5.800373 -9.624267 2.759270 -0.000000 0.000000 0.000000 27.513697 -0.678551 0.312255 10.270524 -4.934249 0.029285 3.694604 -0.187641 -1.623167 24.357986 -6.855658 -10.655650 -0.010161 1.913187 4.061744 -0.000000 0.000000 0.000000 -12.825734 -22.940494 6.997807 -38.591388 -23.221814 -45.753467 104.292215 -49.459906 159.122674 -20.161383 -3.220356 39.001744 -5.293203 20.152784 -13.830905 -20.920605 18.300515 44.866971 110.200236 45.764732 -154.774277 -12.989196 5.713154 -44.045485 
88.236356 93.409109 -157.554829 -171.381480 -12.006337 177.229565 -8.921255 -6.717957 -7.810445 20.227206 0.495841 -4.829855 -14.016252 15.190053 6.905821 -0.000000 0.000000 0.000000 -26.231251 5.805011 -0.437686 69.745208 -1.507946 -4.169965 -8.864894 -10.921609 1.611352 -0.000000 0.000000 0.000000 28.544203 -2.080345 0.830896 10.033229 -5.168030 -0.176432 4.116024 -1.054682 -1.700747 24.110084 -6.356869 -10.670346 -0.209064 2.446224 3.839478 -0.000000 0.000000 0.000000 -12.492226 -23.106429 6.557803 -38.173834 -24.084456 -45.198431 104.466097 -49.991724 158.539281 -19.558806 -3.540862 38.504244 -5.798951 19.605800 -13.758865 -20.075618 18.369714 44.251182 110.641140 45.894218 -155.717832 -13.279494 5.702875 -43.822516 
87.329066 93.817103 -159.727371 -171.069217 -14.351276 177.232639 -5.799353 -6.561107 -8.199442 18.503207 -1.743233 -3.581064 -14.405635 14.807319 6.721454 -0.000000 0.000000 0.000000 -28.128476 7.039156 0.954819 62.618251 -0.433169 -6.363541 -10.240582 -11.327695 1.308167 -0.000000 0.000000 0.000000 29.515863 -3.324851 0.984299 9.964347 -5.696731 -0.395085 4.620514 -2.060752 -1.622414 23.667806 -5.780428 -10.652093 -0.844267 3.087619 3.842392 -0.000000 0.000000 0.000000 -12.053906 -23.386724 6.069983 -37.644664 -24.959072 -44.074654 104.859347 -50.759851 157.979622 -19.454781 -3.800452 37.738392 -6.356204 18.823204 -13.775936 -19.236753 18.343948 42.962166 111.026515 46.117215 -156.494948 -13.530638 5.443484 -44.237727 
86.359805 94.043279 -161.822140 -171.114375 -16.947833 177.260712 -3.539098 -6.784667 -8.883212 17.538588 -4.019490 -2.112930 -15.162250 14.774936 6.891139 -0.000000 0.000000 0.000000 -29.065625 8.070825 1.914985 53.416618 1.712891 -8.736590 -10.124221 -12.027658 1.500507 -0.000000 0.000000 0.000000 29.760201 -4.479434 0.982710 10.013877 -6.547035 -0.516691 5.543218 -3.201989 -1.483004 22.928959 -5.449931 -10.694356 -1.310496 3.923903 3.960460 -0.000000 0.000000 0.000000 -11.425544 -23.421052 5.668932 -37.278991 -26.170889 -43.184614 105.767126 -51.754495 157.902989 -20.883807 -4.523193 37.981096 -7.072455 17.703285 -13.644570 -18.371803 18.633332 40.840437 111.188898 46.507617 -156.772165 -13.532786 5.510532 -45.135506 
85.220236 94.028538 -163.881242 -171.563739 -19.487587 176.975901 -1.868827 -6.987144 -9.226563 17.118452 -6.057827 -0.954737 -16.337816 14.441700 7.309013 -0.000000 0.000000 0.000000 -29.253667 8.846164 2.610682 42.777830 4.299133 -10.565422 -8.688809 -12.981062 2.248906 -0.000000 0.000000 0.000000 29.489791 -5.394844 1.295759 9.945113 -7.372690 -0.680115 6.436870 -4.210124 -1.318823 22.129745 -5.902720 -10.906744 -1.686889 5.054872 4.301042 -0.000000 0.000000 0.000000 -10.884917 -23.345703 5.164210 -37.385554 -27.490573 -43.197035 106.823678 -52.723260 158.066414 -22.849610 -5.479981 38.892050 -7.499873 16.474088 -13.732457 -17.484316 18.489313 38.146003 111.692578 46.803542 -157.390834 -13.484092 5.770632 -45.511369 
83.852053 93.812013 -165.995133 -171.883653 -21.567125 176.652017 -0.055675 -6.880776 -9.270576 17.008728 -7.766928 -0.311860 -17.801761 13.638617 7.801959 -0.000000 0.000000 0.000000 -28.617182 9.446072 3.032065 31.745509 7.644627 -11.021286 -7.217627 -12.770284 3.084387 -0.000000 0.000000 0.000000 29.434053 -5.888920 1.761742 9.651428 -7.998485 -1.039071 7.075458 -4.981568 -1.169499 21.269077 -6.541778 -11.046212 -1.878322 5.896123 4.576051 -0.000000 0.000000 0.000000 -10.775911 -23.371569 4.454211 -37.760653 -28.512890 -44.017341 106.547298 -53.204805 157.258743 -21.998797 -6.286142 40.636993 -7.803988 15.327053 -14.079463 -16.757215 17.650539 35.332207 112.242483 46.795648 -157.857956 -13.236969 5.967304 -46.065353 
82.233638 93.430227 -168.268573 -171.848172 -23.138422 176.379758 2.206803 -6.430647 -9.201165 17.084848 -9.295336 0.080318 -19.522403 12.756101 8.525204 -0.000000 0.000000 0.000000 -27.811161 9.826759 3.099042 21.549317 11.018251 -8.795427 -6.187469 -10.794077 4.519793 -0.000000 0.000000 0.000000 29.699562 -6.059582 2.201368 9.346035 -8.395306 -1.438768 7.407301 -5.494562 -1.009378 20.460177 -6.888342 -11.069641 -2.152335 6.383058 4.644461 -0.000000 0.000000 0.000000 -11.052167 -23.432191 3.576010 -37.979735 -29.300514 -45.177462 105.389124 -53.160696 155.968471 -18.316835 -6.910116 43.828330 -8.101335 14.396747 -14.521357 -16.421826 16.425322 32.575130 112.952516 46.742166 -158.300509 -12.685590 6.045238 -46.453467 
80.375618 92.913902 -170.772505 -171.494678 -24.033760 176.107560 5.118739 -5.670921 -8.998954 16.901639 -10.510753 0.269293 -21.493210 11.926386 9.222874 -0.000000 0.000000 0.000000 -27.053287 9.664010 3.187268 12.322343 11.468141 -4.315033 -4.394871 -7.645877 8.057643 -0.000000 0.000000 0.000000 30.013329 -6.014758 2.408873 9.403342 -8.551973 -1.743349 7.260076 -5.699896 -0.855966 20.089321 -6.711103 -10.931705 -2.747500 6.394407 4.524871 -0.000000 0.000000 0.000000 -11.410419 -23.449931 2.850572 -37.857043 -29.968586 -46.451552 104.716065 -52.847107 155.611461 -14.787778 -7.149684 47.205439 -8.481465 13.729719 -14.908239 -16.553235 15.516452 30.161956 113.868792 46.884895 -158.750149 -12.627465 6.365655 -46.945452 
78.200716 92.372519 -173.525834 -170.775447 -24.144806 176.226626 8.843159 -4.245267 -9.109082 16.225482 -11.501165 0.393138 -23.052230 10.953978 9.341974 -0.000000 0.000000 0.000000 -26.439845 8.293859 3.646021 6.213622 9.773320 -0.044705 -3.974574 -2.304158 12.609285 -0.000000 0.000000 0.000000 30.049490 -5.875977 2.191985 9.899249 -8.694202 -2.118290 6.900008 -5.649799 -0.880101 20.228762 -5.555006 -10.644649 -3.263495 5.855439 4.201174 -0.000000 0.000000 0.000000 -12.204476 -23.115874 2.266602 -37.202859 -30.399909 -47.658556 105.382616 -52.486698 156.574155 -13.630019 -7.434874 49.073977 -9.115776 13.297932 -15.124927 -17.257705 15.495116 28.850489 115.068994 47.235261 -159.169280 -12.858760 5.981011 -47.235500 
75.657755 91.918969 -176.452291 -170.215002 -24.093830 176.783262 12.188494 -2.748578 -9.773703 16.136780 -12.583358 0.580344 -24.157499 10.209551 8.954795 -0.000000 0.000000 0.000000 -26.133508 6.295504 5.020342 4.372134 8.887096 0.924835 -5.437765 3.828739 16.445762 -0.000000 0.000000 0.000000 29.460918 -5.765001 1.708352 10.325117 -8.862468 -2.529728 6.665611 -5.506378 -1.044463 20.837276 -4.095860 -10.232863 -3.410080 5.080761 3.883296 -0.000000 0.000000 0.000000 -12.991148 -22.742781 1.805365 -36.398362 -30.252734 -48.786984 106.088269 -52.024444 157.449710 -13.424166 -7.918050 49.272112 -9.740233 13.172972 -15.316634 -18.383749 15.751084 28.781917 115.865472 47.640351 -159.067134 -13.490259 5.627697 -47.319512 
72.662789 91.617423 -179.506755 -169.816935 -25.221527 177.792537 14.652142 -2.185940 -10.311725 17.442049 -14.055381 0.080547 -24.713252 9.976057 8.929621 -0.000000 0.000000 0.000000 -26.512363 6.602463 6.807035 6.390945 9.902057 -0.139361 -7.809400 4.893397 15.550787 -0.000000 0.000000 0.000000 28.521982 -6.158801 1.736986 10.410231 -8.905022 -2.812155 6.797206 -5.618550 -1.364234 21.229942 -3.866452 -9.842064 -3.022124 5.006502 3.730173 -0.000000 0.000000 0.000000 -13.242264 -22.596790 1.466765 -35.976523 -29.922889 -49.889834 106.294280 -51.257813 157.735829 -13.200855 -7.742564 49.251876 -10.110336 13.404113 -15.761681 -18.905118 15.877151 29.288707 115.931349 47.775155 -159.119282 -14.324308 4.981878 -47.162252 
69.339806 91.390169 -182.572806 -169.908501 -27.910705 178.498967 15.765622 -1.959425 -9.629138 20.557823 -15.234144 -1.058149 -24.334732 8.970985 7.828678 -0.000000 0.000000 0.000000 -27.444104 8.911968 8.683595 9.682252 11.445222 -2.292019 -4.528154 6.850626 15.194323 -0.000000 0.000000 0.000000 27.298397 -6.745851 2.744919 11.055072 -8.987341 -2.373657 6.264889 -5.846430 -1.711079 21.712434 -4.767883 -9.578038 -3.530045 5.135403 3.758269 -0.000000 0.000000 0.000000 -13.364096 -23.056486 0.581985 -35.706289 -30.069692 -51.044336 106.696292 -50.424737 158.291284 -12.219729 -7.284715 48.993622 -10.479727 13.746755 -15.837439 -18.840792 15.930877 28.864940 116.156500 47.888887 -159.726935 -15.164999 4.738741 -46.759617 
65.892214 91.150182 -185.627723 -170.134241 -31.967565 178.829664 15.279405 -1.914286 -7.571455 26.300050 -15.927192 -2.676173 -22.144523 7.187559 5.454145 -0.000000 0.000000 0.000000 -28.229610 11.705259 10.009290 12.136824 12.538232 -3.598116 4.317245 8.424266 15.939888 -0.000000 0.000000 0.000000 25.905819 -7.275484 4.493221 12.181211 -9.139552 -1.157150 5.891200 -6.225612 -1.973784 21.428097 -6.311487 -9.580180 -3.964982 5.409754 3.557579 -0.000000 0.000000 0.000000 -13.062187 -23.668673 -0.092170 -36.255060 -30.397101 -52.535724 106.612887 -49.614704 158.347141 -10.675878 -7.474882 49.304173 -10.931398 13.880347 -15.743368 -18.787877 16.395464 27.756037 115.992039 47.927778 -160.366421 -15.037142 4.203235 -46.844347 
62.668383 90.938407 -188.430822 -170.041510 -36.126588 178.865665 12.491462 -1.443744 -4.551529 35.786765 -16.450053 -4.267732 -16.712984 4.346468 1.876211 -0.000000 0.000000 0.000000 -29.454087 13.700911 11.145540 18.335868 11.466489 -3.401569 7.290546 2.570251 12.756082 -0.000000 0.000000 0.000000 25.537505 -7.824258 6.438572 12.724602 -8.804248 0.146027 5.626310 -6.379548 -2.000444 21.151724 -8.367400 -9.725731 -3.811618 6.326324 3.463832 -0.000000 0.000000 0.000000 -12.033209 -24.836701 -0.177185 -37.142469 -30.193993 -53.714581 105.942497 -48.399249 157.655418 -9.441744 -7.219651 50.664466 -10.217612 15.048757 -16.157234 -19.307584 15.995250 26.817614 114.998865 47.923264 -160.672453 -14.170598 3.768164 -47.548574 
59.978849 90.717900 -191.095746 -169.595394 -38.731451 178.728677 8.198104 1.343627 0.117561 46.880342 -16.556077 -5.468943 -8.877903 -0.476612 -5.961649 -0.000000 0.000000 0.000000 -29.117083 12.291227 12.773858 24.720673 9.413627 -3.213673 3.942952 2.950787 8.817120 -0.000000 0.000000 0.000000 26.394434 -7.477976 7.452640 12.608711 -8.464149 1.055901 4.681293 -5.775790 -1.651356 22.270016 -8.464361 -9.701298 -3.529085 5.784728 3.971591 -0.000000 0.000000 0.000000 -11.750016 -26.187577 0.396812 -36.746424 -28.833733 -55.017869 105.888217 -47.265859 157.206627 -9.021783 -6.821310 51.539853 -9.110103 16.798102 -16.979648 -21.649932 15.029519 27.676990 114.911096 48.049265 -160.372976 -14.573268 2.937083 -48.271749 
57.640052 90.486646 -193.602288 -169.640138 -40.754060 179.521357 2.730927 2.731389 3.484360 56.490728 -15.853259 -5.775969 0.080843 -5.173314 -14.125167 -0.000000 0.000000 0.000000 -26.775039 9.807156 13.409147 27.506923 8.344819 -5.358931 0.883397 3.584620 5.643980 -0.000000 0.000000 0.000000 26.356087 -6.444497 7.167933 12.142034 -8.517524 1.116320 4.170723 -5.360138 -1.579470 23.577526 -8.485554 -9.498253 -2.914935 5.498557 4.895242 -0.000000 0.000000 0.000000 -11.580273 -26.773682 0.941350 -36.060885 -27.591805 -56.006722 106.164053 -46.391237 156.478199 -10.039129 -7.055474 51.949204 -8.684332 18.223290 -17.680130 -23.782836 15.165421 30.295235 115.318819 48.031532 -160.339735 -15.985381 1.756718 -47.844738 
55.436707 90.477228 -195.637429 -170.349457 -43.349817 -178.826616 -3.681143 1.187646 3.984892 64.497340 -16.031154 -6.327650 1.776164 -5.524441 -13.620207 -0.000000 0.000000 0.000000 -24.972577 9.181843 11.975226 29.508356 8.424549 -7.442772 -3.741509 1.766153 4.190295 -0.000000 0.000000 0.000000 25.580297 -5.398050 6.302264 11.442334 -8.781986 0.811112 4.858331 -5.211863 -1.997540 23.782357 -8.892820 -8.927490 -1.837636 5.481146 5.129155 -0.000000 0.000000 0.000000 -11.281208 -26.671351 1.312451 -35.924757 -27.330263 -56.525216 106.448879 -45.537803 155.754165 -11.074783 -6.565228 52.655904 -8.746978 18.905724 -18.171600 -25.141545 16.292207 33.097993 115.099108 47.461398 -160.725185 -17.723020 1.123870 -46.382652 
53.325564 91.055143 -197.264194 -169.778829 -45.554775 -177.074984 -8.863555 -0.345276 5.057184 69.905479 -15.254921 -7.368694 -3.130110 -3.128759 -10.024944 -0.000000 0.000000 0.000000 -22.748236 9.546491 9.899566 30.540565 8.784288 -6.780612 -6.196660 -0.322805 3.153339 -0.000000 0.000000 0.000000 26.197217 -4.364402 6.288074 12.118705 -8.679308 0.568768 5.089703 -4.712796 -2.404668 23.123141 -9.542467 -9.057517 -1.402747 5.847717 4.829284 -0.000000 0.000000 0.000000 -11.113757 -26.585250 1.398561 -35.889610 -26.556231 -56.371377 106.838594 -44.390791 155.731987 -11.525056 -6.681826 53.240215 -8.463729 20.010293 -18.713751 -26.827455 17.574941 34.596218 114.583573 46.761025 -161.076055 -17.638478 0.939778 -45.092337 
51.293957 91.823667 -198.653698 -169.024605 -48.126441 -175.062405 -13.777405 -1.369441 6.147596 72.537283 -11.934233 -8.228015 -6.743769 -0.699098 -7.780263 -0.000000 0.000000 0.000000 -19.082994 8.595058 7.313663 29.232064 8.776510 -6.698773 -7.945713 -1.028461 2.823616 -0.000000 0.000000 0.000000 27.323518 -3.188269 6.321352 12.628194 -8.769667 0.173830 5.029765 -4.200620 -2.507221 22.997538 -10.082469 -9.556000 -0.924201 6.263263 4.595969 -0.000000 0.000000 0.000000 -10.785903 -26.198917 1.616737 -35.849399 -25.171208 -56.305402 107.034482 -43.356099 155.730719 -11.294290 -7.312230 54.073313 -7.899877 20.926331 -19.298289 -28.658542 18.540978 36.056043 113.588601 46.371945 -160.133129 -15.295510 0.998758 -45.571965 
49.512762 92.502731 -199.858820 -169.019921 -51.505301 -173.304098 -19.132899 -2.479767 6.938859 72.384483 -8.279122 -9.479373 -9.827406 1.252036 -5.325761 -0.000000 0.000000 0.000000 -16.368709 6.547237 4.573843 27.707573 8.027338 -7.095467 -9.310472 -0.975271 2.987789 -0.000000 0.000000 0.000000 28.296939 -1.858498 5.729287 12.129931 -8.959186 -0.236690 5.300382 -3.791429 -2.304526 23.446375 -10.344632 -9.532923 -0.156978 6.509669 4.696062 -0.000000 0.000000 0.000000 -10.634026 -25.374838 1.983461 -35.921038 -24.095476 -56.440100 107.200837 -42.779923 155.431059 -10.904052 -7.157696 54.654838 -7.552300 21.174347 -19.658210 -30.008987 19.255371 38.233869 113.168247 46.424534 -159.555309 -14.051502 0.857952 -45.857995 
47.782555 93.090802 -200.900340 -168.767983 -55.388896 -171.533220 -23.668156 -3.608847 7.603986 69.261873 -5.102705 -10.693236 -12.551938 3.444440 -2.629446 -0.000000 0.000000 0.000000 -13.637015 4.647036 2.149267 25.949942 7.321181 -7.092894 -10.261870 -1.642009 2.979285 -0.000000 0.000000 0.000000 29.584343 -0.684539 5.056188 11.478940 -8.999899 -0.530302 5.531497 -3.381544 -1.969325 23.728724 -10.565428 -9.211313 0.378642 6.625585 5.190095 -0.000000 0.000000 0.000000 -10.715442 -24.543065 2.429524 -36.145098 -23.259734 -56.241906 107.420512 -42.419880 155.250480 -12.120011 -7.221891 54.224189 -7.340431 21.213429 -19.854678 -30.960717 19.607809 40.407877 113.318269 46.596608 -159.722003 -14.912985 0.566078 -45.621319 
45.876816 93.531466 -201.850057 -167.933774 -59.695035 -169.595322 -27.053743 -4.521042 8.164267 63.645012 -2.029930 -11.351727 -13.598284 5.263713 -1.073440 -0.000000 0.000000 0.000000 -10.702659 2.848936 0.235476 24.059005 6.042430 -6.863502 -11.318994 -2.576741 2.954911 -0.000000 0.000000 0.000000 30.796627 0.324157 4.583005 11.145640 -9.054895 -0.573982 5.583892 -2.964775 -1.587634 23.899003 -10.619386 -8.801218 0.700575 6.450180 5.670452 -0.000000 0.000000 0.000000 -10.785606 -23.920294 2.778880 -36.383186 -22.712252 -55.765873 107.431335 -42.334079 155.130869 -13.369872 -7.489856 53.425256 -7.183921 21.178361 -19.844325 -31.676194 19.820125 42.379475 113.561059 46.733842 -160.054846 -15.868815 0.629605 -45.490643 
43.666667 93.759787 -202.768159 -167.201072 -63.911871 -167.975499 -29.473220 -5.056624 8.458235 55.863574 0.907152 -11.275385 -12.612680 6.381467 -0.557374 -0.000000 0.000000 0.000000 -7.996223 1.182594 -1.150603 22.410169 4.487115 -6.595599 -12.757455 -3.540965 2.880418 -0.000000 0.000000 0.000000 31.418174 1.197978 4.182678 10.822207 -9.162757 -0.530642 5.715020 -2.569283 -1.264143 23.987161 -10.343628 -8.579287 1.099262 6.169882 5.924640 -0.000000 0.000000 0.000000 -10.550614 -23.436234 3.623039 -36.428257 -21.896272 -55.438828 106.910256 -42.299749 154.852226 -13.650984 -7.503060 53.363986 -7.131617 21.232443 -19.988886 -32.465500 19.868454 45.018537 113.185775 46.649294 -159.850375 -15.637484 0.768471 -45.018860 
41.093886 93.761098 -203.568745 -166.713433 -67.857693 -166.867329 -30.736558 -5.346481 8.291357 45.793408 3.175973 -10.259408 -9.702264 7.012893 -0.747087 -0.000000 0.000000 0.000000 -5.374423 -0.350464 -2.152813 20.888706 3.049889 -6.117370 -14.535758 -4.545678 2.802847 -0.000000 0.000000 0.000000 31.409056 2.031636 3.855969 10.583393 -9.182073 -0.356511 5.876894 -2.148680 -0.948696 23.891597 -9.913481 -8.419608 1.454356 5.637909 5.926479 -0.000000 0.000000 0.000000 -10.433953 -22.825957 4.395964 -36.319366 -21.361890 -55.414198 106.306489 -42.240717 154.445865 -13.981224 -6.965979 53.386072 -7.258639 21.274344 -19.980595 -33.275114 20.103141 47.767051 112.996988 46.341216 -159.758400 -15.696171 0.985729 -44.305702 
38.056085 93.571806 -204.150057 -166.315198 -71.164118 -166.369855 -30.328842 -5.364698 7.773640 33.228028 4.440290 -7.752928 -5.043428 7.098717 -1.660649 -0.000000 0.000000 0.000000 -2.678455 -1.878458 -2.639048 19.568341 1.719567 -5.632615 -16.322610 -5.115992 2.868441 -0.000000 0.000000 0.000000 30.895559 2.933567 3.932010 10.697816 -8.900437 -0.163091 5.694091 -1.494372 -0.665481 23.861068 -9.420683 -8.231585 1.554385 4.827657 5.985471 -0.000000 0.000000 0.000000 -10.625924 -22.240560 4.918199 -35.988730 -21.027326 -55.789156 105.845508 -42.145435 154.080469 -14.675644 -6.362352 52.645446 -7.345511 21.499635 -19.867471 -34.047230 19.985923 49.853669 113.192040 45.869393 -159.945117 -15.845271 1.482510 -43.282631 
34.483492 93.163079 -204.414320 -165.223642 -73.844705 -165.788124 -28.513372 -4.983617 6.942297 19.847072 4.322147 -3.542729 -0.188082 6.841123 -2.980592 -0.000000 0.000000 0.000000 0.400882 -3.315897 -2.640423 18.566778 0.692538 -5.267241 -18.062714 -5.436972 3.213766 -0.000000 0.000000 0.000000 30.438699 3.760885 4.912472 10.376045 -8.297461 -0.194369 5.361267 -0.646097 -0.489670 23.817020 -9.150534 -8.142924 1.717190 3.979089 5.920804 -0.000000 0.000000 0.000000 -11.073906 -21.346305 5.240045 -35.501829 -20.788835 -56.646779 105.634157 -41.998902 153.833199 -15.667711 -6.222238 51.530854 -7.348064 21.791763 -20.053289 -34.379021 19.769969 51.459743 113.493136 45.513457 -160.244056 -14.966920 2.053424 -42.902804 
30.434909 92.567849 -204.352331 -162.836566 -75.859674 -164.252610 -25.835118 -4.532241 6.130354 8.739761 2.365737 0.428248 -0.051483 7.247126 -2.972898 -0.000000 0.000000 0.000000 3.590677 -4.612404 -2.495145 18.456803 0.236365 -5.016633 -19.926545 -5.921066 3.764027 -0.000000 0.000000 0.000000 30.028406 4.491630 6.359550 9.908726 -7.557335 -0.273383 4.888248 0.361339 -0.362680 23.887653 -9.101819 -8.153553 1.776462 3.332025 5.696611 -0.000000 0.000000 0.000000 -11.559649 -20.454653 5.424253 -34.857329 -20.167293 -57.400533 105.691624 -41.640500 153.705606 -16.614277 -6.051513 50.890082 -7.340490 22.370822 -20.265548 -34.779428 19.290683 52.699792 113.621919 45.323146 -160.346803 -13.670418 2.118238 -42.715430 
26.070389 91.954207 -204.120445 -158.754409 -77.089595 -160.837158 -22.637005 -5.721935 5.407877 2.716349 0.853992 1.891849 -4.093546 9.271936 -1.029818 -0.000000 0.000000 0.000000 6.632681 -4.945626 -2.720039 19.615800 -0.029675 -4.717955 -21.824349 -6.795781 4.266258 -0.000000 0.000000 0.000000 29.614128 5.178506 7.242216 9.933378 -6.860063 -0.133701 4.129977 1.441403 -0.347981 24.159872 -8.843597 -7.862494 1.916551 2.697385 5.363997 -0.000000 0.000000 0.000000 -11.946000 -19.979009 5.726736 -33.968702 -19.508886 -57.499262 105.802285 -41.438775 153.872894 -16.732695 -5.756002 50.779993 -7.408312 23.115901 -20.185499 -34.910725 19.019490 53.721146 113.257668 45.339338 -160.364239 -13.057365 1.939317 -42.444238 
21.643153 91.493064 -203.736877 -154.111446 -78.823615 -156.101906 -21.560631 -8.329163 3.689233 4.162320 0.723078 1.689408 -2.214762 10.313109 -2.449126 -0.000000 0.000000 0.000000 8.548653 -4.348622 -3.591487 22.281502 -1.132467 -4.270374 -23.156086 -7.921259 4.232640 -0.000000 0.000000 0.000000 28.665022 5.768660 6.837744 10.551573 -6.542114 0.760618 3.256945 2.087601 -0.364387 24.343461 -8.012276 -6.670042 2.003125 1.414575 5.139985 -0.000000 0.000000 0.000000 -12.365820 -19.335328 5.587261 -33.733388 -20.436005 -57.164288 105.532285 -41.420534 153.946597 -17.039028 -5.752662 50.202092 -8.076634 23.016213 -18.539068 -34.762239 19.853621 54.293717 111.896992 45.198469 -159.813103 -13.129304 1.720985 -42.143912 
17.126094 91.225207 -203.155494 -144.221247 -81.497819 -145.315186 -21.969429 -11.068803 0.384546 6.138870 -0.061718 1.358670 4.014821 9.915906 -4.869646 -0.000000 0.000000 0.000000 9.543136 -3.651513 -4.808980 26.823567 -3.213539 -3.741082 -22.934776 -9.410725 3.885337 -0.000000 0.000000 0.000000 27.326328 6.171198 6.041604 11.550087 -6.875587 1.889671 2.597207 2.154327 -0.376655 24.202090 -7.502423 -5.353869 1.908806 -0.282770 5.301115 -0.000000 0.000000 0.000000 -12.275791 -19.588677 5.980984 -33.864305 -21.329165 -56.383334 104.493514 -41.573193 154.057093 -16.322462 -5.951258 49.524740 -8.837418 22.805501 -17.052202 -34.021162 20.228947 54.678904 110.120690 45.008594 -159.512561 -12.717321 2.101987 -42.050344 
12.533246 91.076660 -202.385902 -128.601273 -83.786840 -128.683679 -23.451987 -12.904742 -3.024408 10.322890 0.001262 0.637722 9.083528 10.598387 -5.818273 -0.000000 0.000000 0.000000 8.441203 -3.149095 -6.274854 34.291434 -5.317201 -3.077375 -19.560963 -10.145398 4.505837 -0.000000 0.000000 0.000000 25.703360 6.449324 5.260728 12.023073 -7.031950 2.916556 2.560614 2.173560 -0.382961 23.957986 -7.757180 -4.465855 1.877856 -1.866900 5.200185 -0.000000 0.000000 0.000000 -11.912351 -20.090381 6.481300 -34.392473 -22.019119 -55.878786 103.368037 -41.895755 153.988047 -15.451805 -5.649955 49.596870 -9.447015 22.317215 -15.703413 -33.281572 20.246399 55.022103 108.062341 44.455595 -158.750412 -11.362935 2.520814 -42.301108 
8.294675 91.090775 -201.610065 -103.833085 -85.569423 -102.615290 -25.944726 -12.798200 -5.738946 16.915325 0.488709 -2.012877 4.282100 9.091902 -3.237011 -0.000000 0.000000 0.000000 4.348347 -2.164089 -7.763566 44.764916 -6.531055 -3.104983 -11.174125 -10.323099 6.995253 -0.000000 0.000000 0.000000 25.144796 6.173145 4.383831 10.465558 -6.985433 3.337023 3.132240 2.162607 -0.409558 23.546946 -8.947717 -4.401678 2.024547 -2.747153 4.831785 -0.000000 0.000000 0.000000 -11.449557 -20.204091 6.908799 -35.166498 -22.127138 -55.348671 103.301860 -42.823197 154.368298 -14.622887 -5.587030 49.100981 -9.885789 21.675597 -14.581387 -32.773341 20.479025 55.568348 106.564497 43.937420 -158.360039 -8.599721 2.862388 -42.150899 
4.284997 91.237086 -201.027966 -81.621783 -85.208361 -79.639056 -25.983379 -11.720066 -7.027958 22.154949 0.461962 -4.038551 0.113314 7.206097 -1.374196 -0.000000 0.000000 0.000000 0.172442 -0.282868 -7.865102 55.235391 -6.415075 -4.432471 -0.122697 -9.098591 8.708422 -0.000000 0.000000 0.000000 26.408016 5.524978 3.859229 8.809261 -6.388070 3.120560 3.209891 2.351387 -0.216831 23.285482 -10.735388 -5.287364 1.396070 -2.642708 4.752901 -0.000000 0.000000 0.000000 -11.294990 -20.505007 7.462737 -35.617282 -21.256427 -54.292267 103.702217 -43.859109 155.215614 -14.886720 -5.226466 47.833524 -9.997057 21.934490 -14.439738 -32.391072 20.063873 55.877639 105.862287 43.683151 -158.518510 -6.593760 3.499372 -41.943871 
0.511123 91.370171 -200.506353 -77.974212 -84.900878 -75.763394 -24.472035 -10.557874 -7.580438 24.744819 -0.699998 -4.625416 -3.769370 6.676452 0.729661 -0.000000 0.000000 0.000000 -4.822295 1.582066 -7.350653 63.943903 -4.601525 -6.268926 10.956497 -5.501322 9.527648 -0.000000 0.000000 0.000000 27.366793 4.544107 3.537292 7.519399 -5.516381 2.606285 3.201936 2.608086 -0.135865 23.655259 -11.851877 -6.692671 0.681110 -1.938636 4.502776 -0.000000 0.000000 0.000000 -11.465308 -20.327549 7.801308 -35.539525 -20.104661 -52.884489 104.619594 -44.680927 156.269462 -16.097924 -4.422483 46.600854 -9.969016 22.270932 -14.305236 -32.694412 20.137127 56.458105 105.624029 43.922214 -158.195559 -5.812871 3.820698 -41.850038 
-2.985576 91.571891 -200.027633 -72.660387 -84.544283 -70.449465 -22.606438 -10.597727 -7.977843 26.192807 -2.582706 -5.238190 -7.258313 7.684606 2.441108 -0.000000 0.000000 0.000000 -9.887580 3.097830 -6.794543 72.042401 -1.950594 -7.147306 7.806239 -3.027060 9.038794 -0.000000 0.000000 0.000000 27.513996 3.683122 3.292738 7.309012 -5.106980 2.555017 3.718844 2.601113 -0.462684 23.790461 -10.754171 -7.037509 1.037980 -2.713690 3.782140 -0.000000 0.000000 0.000000 -12.167383 -20.141757 8.397268 -35.434349 -19.795189 -52.056500 104.516018 -45.274147 156.421204 -16.846534 -3.212059 45.986453 -10.075336 22.092745 -14.029050 -32.976745 20.278972 56.824108 105.473540 43.981653 -158.008577 -6.646862 3.385944 -41.271152 
-6.265896 92.025691 -199.603617 -66.346314 -83.176937 -64.155576 -19.406495 -11.017313 -8.579217 26.501649 -4.441429 -5.183283 -9.773214 8.644411 3.276013 -0.000000 0.000000 0.000000 -13.502725 4.648315 -6.332675 76.934861 -0.622697 -6.957798 0.477609 -1.679327 8.150320 -0.000000 0.000000 0.000000 28.182345 2.942911 3.024619 8.372272 -5.041761 2.759407 3.880343 2.246341 -0.625225 23.917919 -9.101015 -6.706861 1.106141 -4.100564 3.186883 -0.000000 0.000000 0.000000 -12.824534 -20.602745 8.749553 -35.483702 -20.263432 -51.500756 104.048075 -45.876107 156.482884 -17.021460 -2.268592 45.351318 -10.268767 21.776747 -13.640056 -32.406763 20.071690 56.292245 105.698723 43.806713 -158.254409 -8.069766 3.435719 -41.094209 
-9.301309 92.572743 -199.217200 -63.929391 -82.168004 -62.229732 -15.897506 -11.076075 -8.780304 25.901215 -6.257849 -4.149031 -11.726263 9.530848 4.130895 -0.000000 0.000000 0.000000 -17.466083 5.846953 -5.596128 78.478614 0.273032 -6.663845 -3.736448 -1.851551 7.100626 -0.000000 0.000000 0.000000 28.795747 2.021146 3.108938 9.308203 -4.766928 2.803594 4.255070 1.834650 -0.668149 23.751646 -8.123198 -6.689229 1.105126 -4.476267 2.764100 -0.000000 0.000000 0.000000 -13.193063 -20.682931 8.745177 -35.974550 -20.936398 -51.415888 103.904613 -46.436906 156.495593 -17.590790 -1.912805 45.169500 -10.211077 21.213073 -13.265251 -31.635803 19.947113 55.305335 105.783015 43.558527 -158.272549 -7.961175 3.570797 -41.382859 
-12.192182 93.135858 -198.902881 -63.160026 -81.393290 -62.385472 -12.159152 -11.306871 -8.406732 24.625083 -7.976040 -2.971107 -13.379083 10.647019 4.860090 -0.000000 0.000000 0.000000 -21.198858 7.119417 -4.679245 76.800050 0.321011 -5.489880 -6.449537 -3.791850 6.001317 -0.000000 0.000000 0.000000 29.595734 0.870673 3.532804 9.853423 -4.409351 2.762704 4.661349 1.388457 -0.629972 23.531199 -7.605027 -6.903047 1.122477 -4.106971 2.344238 -0.000000 0.000000 0.000000 -13.206004 -20.513507 8.556750 -36.530800 -21.664429 -51.507859 103.909277 -46.891944 156.539264 -18.431545 -1.693150 45.069610 -10.108517 20.547897 -12.823569 -30.712052 19.912220 54.053184 105.787337 43.401711 -158.051995 -7.493613 3.579899 -41.460995 
-14.985403 93.631178 -198.625565 -64.474975 -80.814025 -64.793818 -8.430073 -11.129487 -7.681007 23.506986 -9.144294 -1.684122 -14.850436 11.350323 5.056421 -0.000000 0.000000 0.000000 -24.346644 7.802376 -3.638124 72.308548 -0.803631 -4.533706 -9.194003 -5.955320 4.720026 -0.000000 0.000000 0.000000 30.881670 -0.108397 4.041635 9.913704 -4.089498 2.476110 4.887621 0.895688 -0.428553 23.388659 -7.360851 -7.178416 0.987794 -3.410485 2.185386 -0.000000 0.000000 0.000000 -13.263033 -20.324614 8.101193 -37.098979 -22.503379 -51.516902 104.229895 -47.528779 156.671422 -19.410207 -1.626683 44.394320 -9.829360 19.885106 -12.599811 -29.274150 19.758906 52.330341 106.689418 43.552498 -158.340979 -7.834285 3.659573 -42.057553 
-17.747033 93.996400 -198.396420 -67.309545 -80.340724 -68.759422 -4.723325 -10.967960 -6.881604 22.420801 -9.914349 -0.450503 -16.386079 12.081509 5.182514 -0.000000 0.000000 0.000000 -26.397865 7.870047 -2.557363 65.007644 -2.143819 -4.022876 -10.609020 -7.583859 4.154597 -0.000000 0.000000 0.000000 32.200156 -0.737725 4.271988 10.021348 -3.877213 2.190850 5.013942 0.409805 -0.019528 23.196519 -7.158793 -7.323272 0.785992 -2.661660 2.291939 -0.000000 0.000000 0.000000 -13.288315 -20.341131 7.535047 -37.696802 -23.668976 -51.310800 104.668694 -48.404933 156.738217 -20.303199 -2.115938 43.935342 -9.371429 19.268350 -12.406481 -27.350852 19.479367 49.645692 108.053629 43.930618 -158.696325 -8.738687 3.952492 -42.915153 
-20.578134 94.151914 -198.193455 -71.282271 -80.098661 -73.676637 -1.335340 -10.775636 -6.320544 21.503964 -10.395313 0.612053 -18.079044 12.833648 5.646854 -0.000000 0.000000 0.000000 -27.253521 7.487177 -1.565887 55.227547 -2.642680 -3.964212 -10.182615 -8.392026 4.420623 -0.000000 0.000000 0.000000 33.118284 -1.160096 4.223373 10.114321 -3.843287 1.817350 5.319100 -0.034992 0.377353 22.835745 -6.921495 -7.545385 0.630063 -1.850560 2.635412 -0.000000 0.000000 0.000000 -13.386197 -20.251376 6.958552 -38.097430 -25.030565 -50.900033 105.302232 -49.477166 156.814038 -20.594515 -2.519303 43.579567 -9.019026 18.419740 -12.088846 -25.372097 19.129172 46.618053 109.160731 44.273140 -158.457116 -8.810270 4.084556 -43.346026 
-23.551130 94.084418 -197.944009 -76.373036 -80.059516 -79.474239 1.950815 -10.169314 -5.997228 20.537305 -10.594887 1.473737 -19.930467 13.180594 6.405584 -0.000000 0.000000 0.000000 -26.804151 6.704586 -0.867029 43.016145 -2.027268 -3.934166 -7.596850 -7.903367 5.810369 -0.000000 0.000000 0.000000 33.318631 -1.475278 3.973012 10.554345 -4.002869 1.406724 5.712904 -0.454995 0.708001 22.367160 -6.698308 -7.947748 0.348011 -0.933417 2.889251 -0.000000 0.000000 0.000000 -13.573425 -19.978452 6.250959 -38.414091 -26.535845 -50.627795 106.471973 -50.439487 157.276208 -21.133199 -2.933861 43.219477 -8.754446 17.388301 -11.692485 -23.450588 19.078706 43.339998 110.520572 44.685228 -158.270931 -8.468589 3.993165 -43.781230 
-26.768124 93.819684 -197.641408 -82.476933 -80.025415 -85.988858 5.370759 -9.051605 -5.866976 19.321421 -10.696662 2.015266 -21.791448 13.007997 7.165208 -0.000000 0.000000 0.000000 -24.955102 5.877429 -0.486332 28.947021 -0.360194 -3.505920 -4.096609 -5.916002 8.052213 -0.000000 0.000000 0.000000 32.898036 -1.662689 3.565540 11.529388 -4.431099 1.011174 5.940451 -0.917254 0.924602 21.866124 -6.162560 -8.420613 -0.152187 -0.144031 3.077833 -0.000000 0.000000 0.000000 -13.609082 -19.823945 5.693697 -38.451267 -27.773647 -50.272878 107.926561 -51.113981 158.191358 -21.766920 -3.572371 43.051216 -8.499826 16.336259 -11.425628 -21.751488 19.136075 40.242216 112.251253 44.967231 -158.309730 -8.761694 3.937367 -44.581448 
-30.455947 93.337321 -197.278845 -88.635568 -79.154607 -91.927165 10.106194 -7.081663 -6.427194 17.615972 -11.369631 2.651064 -23.665192 12.462812 7.539423 -0.000000 0.000000 0.000000 -21.096891 4.786000 -0.331651 14.541424 2.802095 -3.723546 -1.750476 -2.177400 11.237577 -0.000000 0.000000 0.000000 32.776446 -1.777525 2.673008 12.411851 -5.066833 0.434644 6.139781 -1.404280 1.198866 21.584670 -5.492956 -8.604938 -0.718112 0.276176 3.410694 -0.000000 0.000000 0.000000 -13.772394 -19.748977 5.013861 -38.318683 -28.926912 -50.104205 109.439937 -51.579880 158.918054 -21.928523 -4.335128 43.107935 -8.626510 15.300821 -11.210007 -20.096266 18.724194 37.512368 114.306157 45.228649 -158.616620 -8.762147 3.703940 -45.771017 
-34.525323 92.627245 -196.911407 -92.655620 -78.051220 -95.594771 15.095074 -4.889969 -6.882389 16.159311 -12.609288 2.852267 -25.675918 11.816696 7.992258 -0.000000 0.000000 0.000000 -17.385515 4.270555 -0.375039 3.536379 6.797612 -2.216072 -2.071792 1.921685 13.063861 -0.000000 0.000000 0.000000 31.961780 -1.919034 1.887327 13.986390 -5.750475 0.064545 5.909231 -1.941753 1.234770 21.649512 -4.573245 -8.563233 -1.479077 0.262751 3.493211 -0.000000 0.000000 0.000000 -14.076358 -19.805668 4.345870 -37.936321 -29.801045 -50.077640 110.679156 -51.849749 159.335215 -21.531066 -4.921278 43.555746 -8.677635 14.489934 -11.193484 -18.996997 18.214712 34.902288 116.205387 45.727902 -158.963486 -9.026214 3.161596 -47.572385 
-38.727820 91.671753 -196.511137 -94.543346 -77.906904 -97.144124 17.911521 -3.998267 -7.130648 16.567895 -13.567966 2.476477 -28.311344 11.690495 8.616235 -0.000000 0.000000 0.000000 -16.977633 5.087535 0.143421 1.284341 7.182745 -1.170416 -4.155461 3.798249 15.631775 -0.000000 0.000000 0.000000 30.146939 -2.351600 1.724626 14.848190 -6.080002 -0.077244 5.757268 -2.436711 0.776415 21.952206 -3.624372 -8.236478 -2.220453 -0.113496 2.989153 -0.000000 0.000000 0.000000 -14.234907 -19.807766 3.766071 -37.277311 -30.828755 -50.498147 111.270265 -51.645925 159.517916 -20.388387 -5.083657 44.433291 -9.053745 13.670809 -11.433450 -17.853678 18.111900 32.458351 117.598877 46.372928 -159.255452 -9.927214 2.670491 -49.721734 
-42.907158 90.699685 -196.057701 -96.912139 -78.382006 -99.128925 18.115542 -4.003780 -7.532599 20.148833 -13.424508 1.724177 -30.754003 11.936469 9.877235 -0.000000 0.000000 0.000000 -19.165301 6.299376 2.006925 6.119957 7.276691 -2.502053 0.674785 6.598264 16.825446 -0.000000 0.000000 0.000000 28.081568 -2.991512 1.954620 15.037946 -6.052194 -0.223613 5.723842 -2.730396 0.178708 21.916784 -3.813912 -8.301953 -3.297076 0.478798 2.698559 -0.000000 0.000000 0.000000 -14.540927 -20.103050 2.999479 -36.422673 -31.378391 -50.882355 112.288084 -50.841910 160.348392 -18.633991 -4.724132 45.273225 -9.461180 13.396515 -12.141441 -17.004891 18.021217 30.212266 118.707953 47.008487 -160.028776 -11.125635 2.264162 -50.850601 
-47.199920 90.016520 -195.511174 -92.750599 -78.625792 -94.832189 17.314059 -4.012541 -7.584959 26.669281 -13.312185 1.195099 -31.631432 12.335156 10.603995 -0.000000 0.000000 0.000000 -20.218802 7.568218 3.749876 9.817252 7.588108 -2.847450 6.185648 5.216219 15.071396 -0.000000 0.000000 0.000000 26.329055 -3.878474 3.156981 15.418543 -6.381850 -0.171661 5.927720 -3.315783 -0.459554 21.314107 -5.268381 -8.869312 -4.021245 2.241454 2.469863 -0.000000 0.000000 0.000000 -14.310353 -20.560712 2.373201 -36.247309 -31.300135 -51.160418 112.493316 -49.490447 160.458211 -17.084929 -4.621227 46.787953 -9.581470 13.758287 -13.309425 -16.671988 18.071904 28.357606 119.170721 47.453737 -160.729730 -12.026739 1.895608 -51.836135 
-51.245588 89.776123 -194.971812 -82.732345 -79.238574 -84.976105 13.492985 -3.157528 -6.369388 36.736947 -12.111165 -0.115694 -28.546652 11.729072 8.468600 -0.000000 0.000000 0.000000 -22.009657 7.392320 4.817593 15.051854 6.288079 -3.304041 8.660557 3.889080 12.944294 -0.000000 0.000000 0.000000 24.898338 -4.631634 4.637812 15.409500 -7.118383 0.258621 6.080411 -3.971277 -0.926447 21.294661 -6.812676 -9.392183 -4.595980 3.664299 2.520763 -0.000000 0.000000 0.000000 -13.858896 -21.389713 2.111466 -36.560049 -30.716731 -52.104498 112.141717 -48.067709 160.066666 -15.372315 -4.183334 48.298788 -9.256152 14.376719 -14.600662 -17.368385 17.883640 27.408022 119.297442 47.688839 -160.717796 -12.611849 1.698860 -53.321417 
-54.819518 90.017051 -194.668436 -75.382149 -79.521013 -78.140424 8.168192 -1.079621 -3.762044 48.011461 -9.812874 -2.375335 -20.406415 10.322630 4.059149 -0.000000 0.000000 0.000000 -23.726205 6.487015 5.310990 21.802764 4.866936 -2.466080 4.085871 4.630445 10.247667 -0.000000 0.000000 0.000000 25.004363 -4.826096 5.721761 14.820104 -7.529598 0.570397 5.947640 -4.081644 -1.198264 21.678319 -7.649776 -9.725721 -4.935432 3.932639 3.005075 -0.000000 0.000000 0.000000 -13.887076 -22.401610 2.324061 -36.673315 -29.814669 -53.388535 111.675597 -47.151405 159.734087 -14.641651 -3.677193 49.416141 -8.508681 15.361449 -16.045875 -19.051980 17.149897 27.429983 120.171673 47.793135 -161.325803 -14.125858 1.600845 -53.785999 
-58.019406 90.451688 -194.539392 -69.278167 -79.842975 -72.455809 2.133112 0.889981 -0.465604 58.229440 -6.887968 -4.699025 -9.560805 8.348846 -0.751332 -0.000000 0.000000 0.000000 -23.620819 5.410636 5.348079 24.696835 4.804324 -1.522541 1.584531 5.042586 7.727106 -0.000000 0.000000 0.000000 25.364350 -4.358091 6.371405 14.282980 -7.589646 0.586367 5.488666 -3.843883 -1.316990 22.270983 -9.279364 -10.190787 -5.516566 4.579997 4.247861 -0.000000 0.000000 0.000000 -13.697635 -23.378012 2.594768 -36.980062 -28.954202 -54.458182 111.333946 -46.870131 159.350601 -15.656729 -3.566783 50.405078 -7.504779 16.449479 -17.492485 -20.758456 16.087090 27.641713 121.154983 47.934709 -162.294193 -16.463062 2.103141 -53.343680 
-60.877192 90.920067 -194.411314 -61.072538 -80.287834 -63.966492 -4.466329 1.410403 1.993278 66.559565 -3.447850 -6.938494 1.290373 7.672695 -4.792034 -0.000000 0.000000 0.000000 -22.825755 4.257364 5.010807 25.661850 5.398123 -1.976626 -0.614142 4.620651 5.871795 -0.000000 0.000000 0.000000 24.919993 -3.571637 6.259235 13.973467 -7.636962 0.439473 5.521153 -3.656767 -1.413407 22.594195 -10.723452 -10.705676 -5.888028 5.279709 5.267407 -0.000000 0.000000 0.000000 -13.339215 -23.760322 2.860470 -37.384640 -28.368773 -55.472081 111.337414 -46.602632 159.096286 -17.893821 -3.368995 51.097196 -6.818351 17.151060 -18.438298 -22.515823 15.915665 27.893972 121.468276 48.291600 -162.795112 -18.402890 2.382363 -52.535260 
-63.377851 91.499472 -194.142544 -54.505537 -80.276986 -56.656509 -10.013686 1.122134 3.767547 72.465097 -0.453251 -9.737906 1.965291 9.994590 -4.775196 -0.000000 0.000000 0.000000 -21.526347 3.605216 4.582106 26.268620 5.807439 -3.287057 -2.941307 3.952611 5.414655 -0.000000 0.000000 0.000000 25.097604 -2.581600 5.836249 13.691392 -7.535730 -0.012821 5.779221 -3.221196 -1.551519 22.503869 -11.636995 -11.116528 -6.010009 5.707626 5.724286 -0.000000 0.000000 0.000000 -13.070074 -23.881430 3.061477 -37.550630 -27.557836 -56.258229 111.683751 -46.102113 159.059272 -19.729896 -3.381508 51.537075 -6.410089 17.739111 -19.220555 -24.104052 16.130634 28.319652 121.231895 48.540014 -163.036835 -19.468604 2.301117 -52.216769 
-65.712726 92.196548 -193.703175 -46.483058 -79.196142 -47.909647 -14.415342 0.451662 5.433318 75.417358 0.336810 -11.902524 -4.489229 10.917634 -1.808980 -0.000000 0.000000 0.000000 -19.260855 3.210303 3.192519 25.876972 5.851696 -3.222059 -4.741029 2.896323 5.739233 -0.000000 0.000000 0.000000 25.932580 -1.709329 5.693191 13.841999 -7.660036 -0.292104 5.587559 -2.790370 -1.655443 22.532091 -12.397199 -11.406009 -6.128930 6.037533 5.686227 -0.000000 0.000000 0.000000 -12.656709 -23.903631 2.923906 -37.215497 -26.500296 -56.380710 111.957737 -45.446190 158.842108 -19.870603 -3.832622 52.026276 -5.938831 18.507047 -19.846576 -25.516032 16.537521 28.819290 120.776544 48.710333 -163.115697 -19.466744 2.124486 -51.882507 
-67.928511 92.880529 -193.121815 -36.652638 -77.111278 -37.274850 -18.684828 -0.576372 6.701334 75.280324 -0.452067 -12.876091 -7.729510 9.321231 -0.650629 -0.000000 0.000000 0.000000 -16.478548 2.239854 1.373632 24.483395 5.681417 -3.010601 -6.094326 1.761452 5.816721 -0.000000 0.000000 0.000000 26.532928 -0.900738 5.562582 13.921944 -8.141838 -0.357457 5.601972 -2.606488 -1.669389 22.678656 -12.769073 -11.445610 -5.767492 6.269760 5.746198 -0.000000 0.000000 0.000000 -12.201980 -23.753714 2.802906 -36.611524 -25.557924 -56.141865 111.955166 -44.868079 158.298257 -19.040499 -4.284113 52.783720 -5.723783 19.069655 -20.282204 -26.597834 17.031548 29.909517 120.613832 48.836689 -163.245620 -19.015743 1.983401 -51.591916 
-70.032674 93.469340 -192.448020 -28.889120 -74.495700 -28.851111 -22.565658 -1.555653 7.773962 72.611438 -1.095037 -13.226386 -9.619895 7.900529 -0.107384 -0.000000 0.000000 0.000000 -13.620641 0.711045 -0.053310 22.703826 5.123195 -3.213273 -7.314322 0.897018 5.885718 -0.000000 0.000000 0.000000 27.257915 -0.001796 5.268971 13.625196 -8.521155 -0.369840 5.565685 -2.300378 -1.447201 23.067696 -12.927435 -11.161139 -5.315033 6.290979 6.041838 -0.000000 0.000000 0.000000 -11.882955 -23.571279 2.809347 -35.993435 -24.767783 -55.914363 112.136890 -44.412436 157.883050 -18.827217 -4.448814 52.999280 -5.454179 19.529683 -20.633221 -27.345001 17.096989 31.064722 120.770607 48.821386 -163.398859 -18.930687 1.881020 -51.380920 
-72.073734 93.926150 -191.664803 -23.094513 -71.741274 -22.632139 -25.758558 -2.364531 8.839667 67.972978 0.374846 -13.526046 -11.192360 8.491758 0.659600 -0.000000 0.000000 0.000000 -10.989730 -0.908824 -1.094106 20.901571 4.311220 -3.380127 -8.453911 0.139260 6.083977 -0.000000 0.000000 0.000000 27.819452 0.892091 4.915173 13.226126 -8.621644 -0.420253 5.413057 -1.895194 -1.127218 23.531841 -12.946440 -10.841930 -5.000176 6.230429 6.490400 -0.000000 0.000000 0.000000 -11.619657 -23.285637 2.723603 -35.633635 -24.271946 -55.570281 112.533836 -44.132433 157.689910 -19.573939 -4.428625 52.726033 -5.192056 19.730676 -20.697798 -27.828035 17.261507 32.136858 121.152494 48.803488 -163.460370 -19.274365 1.888826 -51.320487 
-74.111986 94.231623 -190.754402 -18.924110 -68.411832 -18.292317 -27.954934 -2.958302 9.710967 61.623272 3.455534 -13.370290 -11.330887 10.104748 1.643612 -0.000000 0.000000 0.000000 -8.202464 -2.421667 -1.835267 19.237332 3.433116 -3.144706 -9.644944 -1.058478 6.115144 -0.000000 0.000000 0.000000 28.232244 1.565013 4.759960 13.050181 -8.706331 -0.420146 5.310154 -1.575169 -0.792852 23.675023 -12.919248 -10.687303 -4.654340 6.207866 6.818998 -0.000000 0.000000 0.000000 -11.471145 -22.909317 2.792616 -35.469857 -23.959685 -55.203977 113.213968 -43.992158 157.940767 -20.854031 -4.536902 52.329333 -4.916470 19.867740 -20.680838 -28.174314 17.674843 33.344444 121.599324 48.914292 -163.578491 -19.466154 1.975642 -51.162027 
-76.175463 94.361788 -189.683878 -15.897452 -64.698660 -15.350868 -29.175351 -3.170515 10.229312 53.262186 6.673350 -12.398871 -8.726616 11.271149 1.559790 -0.000000 0.000000 0.000000 -5.200432 -3.875491 -2.074083 17.634382 2.252573 -2.852831 -11.051771 -2.406284 6.087205 -0.000000 0.000000 0.000000 28.507858 2.117871 4.708039 12.936797 -8.793578 -0.405281 5.244769 -1.324004 -0.446108 23.785578 -12.634645 -10.535919 -4.128025 6.132186 7.110246 -0.000000 0.000000 0.000000 -11.514306 -22.557134 2.926642 -35.639738 -23.717494 -55.221715 113.440234 -43.684306 158.020781 -21.790247 -4.529843 52.030810 -4.721974 20.040541 -20.660170 -28.349186 18.112889 35.132247 122.012219 48.896493 -163.624102 -19.739191 1.885132 -51.858473 
-78.291804 94.294202 -188.363636 -13.421178 -60.933025 -13.136157 -29.523146 -3.013777 10.201938 42.770278 9.066861 -10.677351 -4.327918 11.643915 0.785882 -0.000000 0.000000 0.000000 -2.281804 -5.260292 -2.003973 16.284409 0.720649 -2.513464 -12.715955 -3.545494 6.182566 -0.000000 0.000000 0.000000 28.621392 2.615074 4.725517 12.614169 -8.822537 -0.455585 4.950039 -1.050121 -0.111192 24.158367 -12.313342 -10.453029 -3.349776 5.923458 7.373002 -0.000000 0.000000 0.000000 -11.558620 -22.393371 3.063583 -35.434159 -23.388288 -55.150129 113.553284 -43.308198 158.197830 -21.699354 -4.539478 52.167776 -4.493862 20.371084 -20.682081 -28.228801 18.388336 37.310429 122.792047 48.838985 -163.854386 -19.870670 1.524850 -52.995233 
-80.442226 94.058514 -186.676955 -11.442842 -57.358271 -11.637233 -28.737730 -2.864264 9.406723 30.122984 10.717243 -7.996645 0.179178 11.893147 -0.181902 -0.000000 0.000000 0.000000 0.510133 -6.252105 -1.623373 15.340086 -0.788016 -2.122018 -14.528717 -4.874487 6.245828 -0.000000 0.000000 0.000000 27.874735 2.988699 4.821416 13.067611 -8.756114 -0.357709 4.952546 -0.669907 0.089649 23.815503 -11.568061 -10.261840 -2.443853 5.297476 7.414660 -0.000000 0.000000 0.000000 -12.144275 -21.943594 3.197349 -35.379048 -23.470828 -55.267647 113.003210 -43.087564 158.089220 -20.763177 -4.437959 52.250836 -4.558797 20.736188 -20.378217 -28.040818 18.816933 38.839583 123.497015 48.728287 -164.192821 -20.511179 1.938432 -52.517183 
-82.687551 93.692225 -184.509850 -10.142359 -53.892528 -11.129535 -27.101397 -2.312788 8.114527 16.886477 12.114136 -3.950326 4.505169 11.258596 -2.234630 -0.000000 0.000000 0.000000 3.624559 -6.925002 -0.646977 14.580984 -2.661757 -2.102618 -16.313934 -5.961377 6.431620 -0.000000 0.000000 0.000000 27.482043 3.472591 5.282109 13.146149 -8.414719 -0.318963 4.339816 -0.112877 0.357603 24.164144 -11.029652 -9.829739 -1.673862 4.463423 7.532419 -0.000000 0.000000 0.000000 -12.518986 -21.682941 3.249866 -35.313827 -23.619245 -55.805297 112.386772 -42.960674 158.052008 -20.023678 -4.522232 52.269729 -4.535522 21.050682 -20.076615 -27.525104 18.778060 39.984741 124.147208 48.645677 -164.303792 -20.531632 2.675652 -52.753856 
-84.987152 93.218291 -181.805563 -9.434969 -50.575637 -11.159994 -25.026594 -2.011111 6.609163 6.212516 11.671993 -0.895166 5.181651 11.224038 -2.671650 -0.000000 0.000000 0.000000 6.944128 -7.506156 0.294609 14.178711 -4.312909 -2.190353 -18.105686 -7.104918 6.517542 -0.000000 0.000000 0.000000 27.080962 3.892563 6.077047 13.118074 -8.146805 -0.387542 3.797227 0.450924 0.540479 24.709440 -10.837353 -9.667252 -1.931333 4.100617 7.320727 -0.000000 0.000000 0.000000 -13.007683 -21.503295 3.297935 -35.032026 -23.293056 -56.194028 112.072848 -42.749337 158.381085 -20.079432 -4.393816 52.093293 -4.591369 21.468792 -20.103645 -27.093654 18.482147 41.082731 124.325822 48.520752 -164.145842 -20.123209 2.773549 -53.261701 
-87.360632 92.719120 -178.684556 -9.730273 -47.258476 -11.679692 -22.095820 -3.001804 4.664570 1.258240 10.306098 0.186748 -1.764003 13.498576 0.008754 -0.000000 0.000000 0.000000 10.593463 -7.704750 0.852395 14.566497 -5.534327 -2.232079 -19.786883 -8.824977 6.809239 -0.000000 0.000000 0.000000 26.960729 4.420532 6.352387 13.456526 -8.045406 -0.222251 3.069257 1.041248 0.644071 25.516846 -10.858474 -9.001111 -2.055488 3.737445 7.194224 -0.000000 0.000000 0.000000 -13.312906 -21.728146 3.154428 -34.728641 -23.165640 -55.990197 111.960042 -42.674213 158.707617 -20.147552 -4.138423 51.814949 -4.733683 21.990646 -19.835574 -26.191035 18.036591 41.690497 124.008824 48.488020 -164.063240 -20.045008 2.623115 -53.361557 
-89.689517 92.342222 -175.423038 -9.343861 -43.384497 -11.069166 -20.350364 -5.523748 1.488225 2.429783 9.149697 1.009477 0.367264 14.228682 1.328470 -0.000000 0.000000 0.000000 12.862036 -7.246764 0.759964 16.703134 -7.235268 -1.725982 -20.742727 -10.743529 5.761424 -0.000000 0.000000 0.000000 25.929275 4.756636 5.745106 14.946342 -8.154550 0.609645 2.133859 1.105051 0.639936 26.324735 -10.795474 -7.860060 -2.114600 3.112555 7.376334 -0.000000 0.000000 0.000000 -13.468030 -21.797279 2.861679 -34.582781 -24.140911 -55.285896 111.491526 -42.648104 158.910558 -19.997385 -3.401046 51.499670 -5.091249 22.204077 -18.826958 -25.096423 18.445512 41.975767 122.903298 48.504996 -163.831462 -20.222735 2.358529 -53.542507 
-91.956025 92.094791 -171.956873 -8.621772 -39.568484 -9.833877 -19.621099 -8.109663 -1.724155 4.032034 7.050402 2.245741 4.298851 14.165653 0.077685 -0.000000 0.000000 0.000000 13.304452 -6.452260 0.127510 21.471287 -9.044758 -0.979005 -20.442965 -12.545167 5.238877 -0.000000 0.000000 0.000000 24.745308 5.120822 4.655939 15.992978 -8.071060 1.461755 1.602606 1.157176 0.605854 27.135483 -10.619413 -6.414560 -1.826447 1.829405 7.435007 -0.000000 0.000000 0.000000 -13.149558 -21.891770 2.832431 -34.484242 -25.296951 -54.950976 110.878889 -42.476317 159.110279 -19.324361 -3.122010 51.322007 -5.506994 21.942257 -17.680981 -23.797502 18.700439 42.421072 121.859220 48.182344 -163.656319 -20.236635 2.321415 -53.716174 
-94.010097 91.959518 -168.331349 -7.418428 -36.862760 -7.973601 -20.258355 -10.945722 -3.792414 7.894606 6.595238 1.108600 6.593804 16.599776 -0.422433 -0.000000 0.000000 0.000000 11.127110 -5.706646 -1.705821 29.198265 -9.966383 0.275126 -17.736619 -13.454308 5.730036 -0.000000 0.000000 0.000000 22.215786 5.217626 3.413757 17.164876 -7.812051 2.226414 2.146709 0.917021 0.312298 27.212726 -10.190247 -6.184131 -1.080603 1.041266 6.554630 -0.000000 0.000000 0.000000 -12.947293 -20.684316 2.438326 -34.157923 -26.212172 -54.219275 110.684118 -42.406057 159.629243 -18.614049 -2.826708 51.804342 -6.120271 21.354709 -15.631151 -23.753841 21.076953 42.345824 120.298855 48.459130 -162.348481 -19.455728 1.924645 -53.274834 
-95.624375 92.094451 -164.776218 -6.060291 -33.852766 -5.384427 -22.176303 -12.374308 -5.614916 14.027830 6.329458 -2.920421 1.870932 16.074139 1.348916 -0.000000 0.000000 0.000000 6.929148 -5.345931 -4.442810 38.756365 -10.587806 1.291380 -10.900705 -12.903535 7.947720 -0.000000 0.000000 0.000000 21.810803 5.559213 2.227867 15.895127 -7.404878 2.285440 2.485953 1.016132 0.006574 27.942425 -10.905292 -5.472157 -0.721848 0.707500 6.596730 -0.000000 0.000000 0.000000 -12.439051 -20.290997 2.128549 -34.072424 -26.439557 -54.141498 111.082864 -42.521683 160.025581 -17.906530 -2.930403 51.796697 -6.164176 20.481818 -14.478829 -22.909853 21.269910 43.007687 119.515299 47.854700 -162.142246 -18.760084 1.762879 -52.586250 
-96.941894 92.271727 -161.429513 -5.491109 -30.095673 -3.847204 -22.336860 -11.193896 -7.373051 18.084824 5.399369 -4.817227 -1.366259 13.156000 2.056758 -0.000000 0.000000 0.000000 2.326040 -4.962134 -5.955772 48.645449 -10.621842 1.318268 -1.213200 -11.292291 9.485667 -0.000000 0.000000 0.000000 22.564602 5.157896 2.318658 14.314745 -6.861280 2.139401 2.599301 1.042064 0.104709 28.378383 -12.471664 -5.660935 -0.856153 1.291788 6.547693 -0.000000 0.000000 0.000000 -12.323685 -20.021667 2.003202 -33.858245 -25.650877 -53.973684 111.531682 -43.023405 160.412381 -17.018476 -2.382540 51.228999 -6.036608 20.414898 -14.316006 -22.180388 20.960381 43.262810 119.804909 47.817762 -162.747591 -17.397427 1.409663 -52.496405 
-98.065299 92.314804 -158.373559 -4.528269 -27.489914 -2.700348 -21.970270 -10.007502 -8.919393 20.134451 3.389839 -4.889458 -4.583010 11.600973 3.601518 -0.000000 0.000000 0.000000 -3.722983 -3.033708 -6.401105 57.838504 -8.701767 0.647377 9.488702 -9.129550 10.351150 -0.000000 0.000000 0.000000 22.956460 4.206344 2.692200 12.494673 -5.748495 1.789139 2.919752 1.245847 0.142512 28.578727 -13.678287 -6.342825 -1.131102 2.535625 6.246752 -0.000000 0.000000 0.000000 -12.323034 -19.444109 2.191556 -33.571213 -24.550752 -53.521386 112.044110 -43.304291 161.020030 -17.195223 -1.682691 50.350937 -5.877267 20.457490 -14.593423 -22.131783 21.164988 43.724591 119.929566 48.104706 -163.055186 -16.929051 1.276640 -51.837650 
-99.236989 92.502004 -155.616939 -4.292982 -24.967440 -1.627658 -20.344351 -10.282514 -10.104366 20.394359 1.250693 -5.777424 -6.922170 11.327142 4.990540 -0.000000 0.000000 0.000000 -8.948362 -0.425146 -6.631638 65.575562 -5.062356 0.538959 11.048635 -6.207627 10.326901 -0.000000 0.000000 0.000000 23.607577 3.342660 2.239816 12.001867 -5.114915 1.869577 3.110830 1.442711 -0.107481 28.616087 -12.744972 -6.027519 -1.057906 2.074519 6.109537 -0.000000 0.000000 0.000000 -12.487778 -19.453685 2.993880 -33.151058 -24.244212 -52.484997 111.982361 -43.553327 161.475682 -17.277287 -1.630052 49.858603 -5.898087 20.516484 -14.678272 -22.773982 21.343307 44.794997 118.898894 47.878845 -162.710343 -17.408518 1.216679 -50.577607 
-100.400984 92.880791 -152.961779 -5.141262 -21.504405 -1.192113 -16.989067 -9.971221 -10.836167 19.909544 -1.531363 -6.135151 -8.491041 10.115356 5.245693 -0.000000 0.000000 0.000000 -12.508488 1.199739 -6.459468 71.050868 -2.113177 0.526167 3.698540 -3.760256 9.166467 -0.000000 0.000000 0.000000 25.023061 2.743656 1.959739 12.804748 -5.056414 2.333462 2.695604 1.461142 -0.236642 28.849629 -10.980059 -4.583193 -0.912213 0.227170 6.264983 -0.000000 0.000000 0.000000 -13.016879 -20.491094 4.192480 -33.166115 -24.114806 -52.052012 111.010030 -43.551456 161.039771 -16.428280 -1.539683 49.339962 -6.013980 20.654551 -15.130187 -23.158323 19.926962 46.221975 117.939610 46.864837 -162.705974 -18.170535 1.417097 -49.234119 
-101.301372 93.275011 -150.382245 -5.445579 -18.317199 -0.683160 -13.659956 -9.449563 -11.717310 18.400278 -4.482599 -5.330936 -9.361990 9.128643 5.635628 -0.000000 0.000000 0.000000 -16.894651 2.736717 -6.138237 74.266696 -0.629588 0.022971 -1.700039 -3.588994 7.193717 -0.000000 0.000000 0.000000 25.295181 1.790268 2.244833 13.655252 -4.861926 2.694098 2.879459 1.058232 -0.326852 29.115937 -9.973705 -3.714761 -0.528793 -0.910025 5.986096 -0.000000 0.000000 0.000000 -13.509589 -20.805403 4.541029 -33.575590 -24.531603 -51.720088 110.156309 -43.657030 160.364880 -15.358746 -1.169246 48.717040 -6.207421 20.570998 -14.853197 -23.568955 19.936704 46.631876 117.050074 46.346759 -162.133671 -17.613677 1.605029 -48.756253 
-102.026629 93.661803 -147.791457 -5.825814 -15.508839 -0.387518 -10.171158 -9.024349 -12.576432 16.879836 -7.416097 -3.945497 -10.161112 8.561824 5.955372 -0.000000 0.000000 0.000000 -21.088218 4.344354 -5.878494 74.931067 -0.751776 -0.411874 -5.447800 -5.825079 5.600569 -0.000000 0.000000 0.000000 25.729944 0.591637 2.870508 14.069756 -4.525654 2.906082 3.380312 0.601842 -0.247919 29.149239 -9.731527 -3.324629 -0.353107 -1.230523 5.610397 -0.000000 0.000000 0.000000 -13.595872 -20.853268 4.832763 -34.202935 -25.175344 -51.557323 109.880253 -43.746045 160.232783 -15.551291 -0.808293 48.117151 -6.426060 20.536713 -14.639334 -23.590863 20.178723 46.434724 116.426253 46.058207 -161.907340 -16.703728 1.653853 -48.075422 
-102.672803 94.030458 -145.162427 -6.617690 -12.947499 -0.610859 -6.221620 -8.794400 -12.877108 15.607513 -10.347318 -2.509518 -11.096201 8.281366 6.070861 -0.000000 0.000000 0.000000 -24.131934 5.879607 -5.226732 72.648414 -1.722994 -0.624239 -8.365756 -8.612893 3.744029 -0.000000 0.000000 0.000000 26.964828 -0.539221 3.785301 14.093369 -4.259890 3.123379 3.801451 0.099832 0.099962 28.997217 -9.740467 -3.128280 -0.430690 -1.179475 5.380143 -0.000000 0.000000 0.000000 -13.599809 -20.865867 5.077612 -34.815284 -25.905066 -51.387717 110.114524 -43.953251 160.423824 -16.934958 -0.850762 47.487173 -6.842259 20.507416 -14.377883 -23.233566 20.308456 45.767530 116.101144 46.012242 -161.850412 -16.198138 1.739661 -47.681525 
-103.307366 94.252914 -142.489183 -7.449649 -10.986115 -1.058180 -2.496103 -8.832096 -12.756031 14.827277 -12.791715 -1.317824 -12.457061 8.378223 6.281445 -0.000000 0.000000 0.000000 -26.346892 7.228667 -4.208256 67.799732 -2.705672 -1.172712 -11.091791 -10.189883 2.133319 -0.000000 0.000000 0.000000 28.287833 -1.210574 4.372914 13.978775 -4.010884 3.440363 4.201017 -0.228996 0.634982 28.803917 -9.431283 -2.516337 -0.542398 -1.548047 5.434634 -0.000000 0.000000 0.000000 -13.669588 -21.021155 5.525259 -35.454237 -26.944677 -51.547377 110.398822 -44.409033 160.368657 -18.204959 -0.824067 47.154478 -7.119893 20.165301 -14.274106 -22.755182 20.124293 44.970065 115.737799 46.034380 -161.803332 -16.149305 1.783819 -47.975459 
-103.952396 94.270790 -139.725471 -8.068397 -9.867061 -1.568619 1.062183 -9.037899 -12.389746 13.929880 -14.541279 -0.415872 -14.033002 8.646731 6.728210 -0.000000 0.000000 0.000000 -27.816102 8.318523 -2.904835 60.242114 -3.296706 -2.218891 -11.668714 -11.024052 1.728940 -0.000000 0.000000 0.000000 29.157750 -1.558616 4.404577 13.895312 -3.737299 3.786786 4.581685 -0.396724 1.314599 28.613449 -9.129614 -1.676221 -0.669000 -2.065085 5.830263 -0.000000 0.000000 0.000000 -13.769538 -21.101827 6.054795 -36.227896 -28.178336 -52.083157 110.765197 -44.924377 160.220930 -19.066017 -0.372807 46.784926 -7.277400 19.639411 -14.149713 -22.345263 19.885646 44.249726 115.432946 46.052123 -161.869148 -16.444414 1.683923 -48.202913 
-104.559910 94.146818 -136.736476 -8.480743 -9.331016 -2.043320 4.717382 -8.546991 -11.941996 12.844528 -15.879333 0.435531 -15.543864 8.412997 7.023487 -0.000000 0.000000 0.000000 -28.031675 8.630692 -1.800287 49.681745 -2.984374 -3.612914 -9.821094 -11.162885 2.250810 -0.000000 0.000000 0.000000 29.489952 -1.927173 4.301240 13.811218 -3.738295 3.998854 4.856617 -0.718622 1.971997 28.676500 -9.023892 -1.064644 -0.732368 -2.073691 6.264563 -0.000000 0.000000 0.000000 -13.877791 -20.632016 6.040664 -36.988657 -29.373479 -52.543365 111.597491 -45.331661 160.177155 -20.123567 -0.040269 46.195636 -7.618759 18.998307 -13.428480 -22.227728 20.513691 43.819584 115.487277 46.324887 -161.611920 -16.358925 1.564185 -48.601413 
-105.023050 93.867725 -133.389294 -8.787065 -9.246774 -2.534540 8.569422 -7.353160 -11.578076 11.646748 -16.958971 1.300600 -17.075896 7.679133 7.209132 -0.000000 0.000000 0.000000 -26.575826 8.061739 -1.288164 35.980051 -1.903658 -4.456103 -5.124351 -10.198816 3.757085 -0.000000 0.000000 0.000000 29.368693 -1.934783 4.207663 14.029078 -3.904968 4.156366 4.938163 -0.846203 2.635763 28.508933 -9.267828 -0.303337 -0.810790 -2.012264 7.106728 -0.000000 0.000000 0.000000 -13.933898 -20.574091 6.414281 -38.091673 -30.277419 -53.773393 112.576953 -45.584641 160.356514 -21.376394 -0.140516 45.956518 -7.609346 18.224167 -13.591114 -22.129469 20.353334 43.986224 115.863242 46.149272 -162.035768 -16.683497 1.555242 -48.982397 
-105.363560 93.401653 -129.564464 -8.929043 -9.638505 -2.894176 12.444933 -6.073271 -11.335785 10.282771 -17.734157 1.712532 -18.391588 6.775836 7.039006 -0.000000 0.000000 0.000000 -23.654015 6.843436 -1.223588 19.725263 -1.442181 -4.361188 4.124512 -7.849044 7.022246 -0.000000 0.000000 0.000000 28.545325 -2.057126 4.104477 13.927843 -4.519254 4.330819 5.306339 -1.326781 3.303988 28.461506 -9.637193 -0.218940 -0.767490 -1.381195 7.412031 -0.000000 0.000000 0.000000 -13.913664 -19.814341 6.286401 -38.916652 -31.219229 -54.740921 113.718069 -45.934309 160.770526 -21.624008 -0.464343 46.218435 -8.296022 17.249144 -12.896708 -22.222770 21.806370 44.143256 116.694502 46.447751 -162.115806 -16.292666 1.429375 -49.356604 
-105.655193 92.710465 -125.299776 -9.073522 -10.394532 -3.007504 16.320042 -5.116139 -11.116020 8.935838 -18.418052 1.412336 -19.690568 6.128453 6.957217 -0.000000 0.000000 0.000000 -20.468340 4.554227 -1.367130 4.941230 -3.318628 -2.549431 14.479781 -3.938950 10.632436 -0.000000 0.000000 0.000000 27.492110 -1.830886 3.702067 13.671266 -5.235653 4.501227 5.545757 -1.645684 3.880644 28.206028 -9.854748 0.178134 -0.792107 -1.221082 7.939661 -0.000000 0.000000 0.000000 -13.879132 -19.701473 6.525885 -39.891427 -31.974054 -55.837557 113.927793 -46.365122 160.708171 -20.594100 -0.559130 46.700120 -8.823663 16.145861 -12.825166 -22.093668 22.092269 44.339098 117.376528 46.259352 -162.410715 -16.351218 1.616987 -49.796511 
-106.011701 91.901326 -120.851314 -8.845315 -11.587932 -2.987420 19.125608 -4.140553 -10.582799 8.795974 -18.782065 0.523509 -21.224721 6.034720 6.142563 -0.000000 0.000000 0.000000 -20.165900 2.616794 -0.269420 0.226417 -6.080114 -0.985860 12.256123 -0.441120 13.373798 -0.000000 0.000000 0.000000 25.847638 -1.617622 3.060562 13.602933 -5.867984 4.944842 5.332353 -1.953160 4.115141 28.122134 -8.371006 0.771286 -1.043274 -2.479019 7.716779 -0.000000 0.000000 0.000000 -14.136152 -19.934538 6.686396 -40.143669 -32.700910 -56.267348 113.537702 -46.932160 160.620665 -19.778360 -0.571396 46.971011 -9.491760 15.278156 -12.177819 -22.238091 22.176485 43.721073 117.573430 46.149648 -161.928075 -16.433151 1.876158 -50.309553 
-106.397045 91.188467 -116.516674 -8.216754 -13.705243 -2.844256 20.055460 -3.110202 -9.924882 10.691085 -18.138636 -0.951475 -22.447340 6.500403 5.493991 -0.000000 0.000000 0.000000 -20.337165 3.263843 2.905866 1.694795 -5.367336 -1.681328 3.756941 1.401708 12.252095 -0.000000 0.000000 0.000000 24.755663 -1.872771 2.501867 12.886480 -5.798073 5.058370 4.542944 -1.915316 3.796626 28.073826 -6.151720 1.376461 -1.565295 -3.930703 7.253483 -0.000000 0.000000 0.000000 -14.918041 -20.404725 6.434237 -39.607594 -33.176849 -56.074283 113.195272 -47.288431 160.673263 -19.567540 -0.213895 46.668352 -9.909058 15.190592 -11.673068 -22.240550 21.603145 43.000476 117.183318 45.757616 -161.425621 -16.920688 2.214869 -50.843285 
-106.696093 90.643883 -111.946440 -8.602049 -15.199750 -3.122997 21.427045 -2.558579 -9.025329 13.610211 -17.101757 -2.523711 -21.987110 7.032862 6.080363 -0.000000 0.000000 0.000000 -20.596809 4.940671 6.241160 5.153256 -2.600269 -1.936442 12.968545 2.040003 8.555099 -0.000000 0.000000 0.000000 24.123188 -2.711604 2.629223 12.785273 -5.676071 5.184489 4.630892 -2.096427 3.684553 26.803127 -6.771108 0.709445 -1.698715 -2.533846 7.149972 -0.000000 0.000000 0.000000 -15.207685 -20.854289 6.710015 -39.934083 -32.543205 -56.154774 113.126195 -47.213292 161.169291 -19.263740 -0.405041 46.510632 -10.147659 15.319300 -12.631855 -22.449042 21.741626 42.755189 116.131341 45.696436 -161.442543 -16.906003 2.348760 -51.233938 
-106.959736 90.616298 -107.381189 -8.588794 -15.609482 -3.734420 21.264880 -2.047995 -7.680029 18.280102 -16.367735 -3.599216 -19.555628 7.538626 4.783256 -0.000000 0.000000 0.000000 -21.580090 7.832846 9.528119 10.859990 0.433074 -3.412879 11.613102 -2.604402 5.444969 -0.000000 0.000000 0.000000 22.832550 -3.907313 3.550827 13.638232 -5.755274 5.795249 4.395664 -2.639755 3.234904 26.706855 -7.386341 0.307282 -1.894031 -0.999317 6.686514 -0.000000 0.000000 0.000000 -14.877099 -21.663650 6.182363 -40.053369 -32.328658 -56.065886 112.358276 -46.802091 160.784105 -18.559263 -0.434082 47.279658 -10.208964 15.909511 -12.773358 -22.064807 21.684425 41.735211 115.021033 45.720095 -161.191864 -16.374422 2.263534 -51.566447 
-107.191825 91.208470 -103.145635 -8.669791 -15.340981 -4.857179 18.966231 -1.123370 -5.756242 26.185624 -15.525638 -4.235866 -13.875960 6.141382 0.977372 -0.000000 0.000000 0.000000 -22.955291 9.260849 11.094930 18.955046 -0.479777 -2.746241 4.745573 -3.480947 4.012505 -0.000000 0.000000 0.000000 22.706386 -4.766752 4.524477 14.117868 -6.247605 6.873910 4.385003 -3.201657 3.008388 27.105983 -6.552277 0.428641 -1.454615 -0.963637 6.240671 -0.000000 0.000000 0.000000 -14.584937 -22.568471 5.950417 -40.204324 -32.291815 -57.070826 111.188231 -46.458226 160.085552 -17.534359 -0.376910 48.012595 -10.162789 16.003760 -12.645198 -22.215138 21.099154 40.949848 114.110474 45.937490 -160.268676 -16.079995 2.501932 -52.082253 
-107.560015 91.934741 -99.169624 -9.605117 -14.496543 -6.669979 15.494933 1.221541 -2.306099 36.918278 -15.840781 -3.957195 -7.112567 1.835992 -5.682810 -0.000000 0.000000 0.000000 -20.614476 8.065595 11.191742 22.028359 -1.221197 -0.674175 1.360382 -1.745629 3.461082 -0.000000 0.000000 0.000000 23.883934 -4.741736 5.745362 14.758029 -7.088183 7.737532 4.012334 -3.488139 3.064418 27.808417 -6.450763 0.433320 -1.098093 -0.802703 6.987553 -0.000000 0.000000 0.000000 -14.781489 -23.726204 5.724666 -40.354518 -31.900206 -57.934185 110.719325 -46.772344 159.460117 -17.921203 0.114803 48.177700 -9.834196 16.184387 -12.960980 -22.353333 19.120866 39.850611 115.020183 46.385871 -160.509165 -16.897118 2.274678 -52.285658 
-108.036113 92.306906 -95.618755 -9.105362 -13.943039 -7.392237 9.282128 2.503745 0.866620 47.251463 -15.942996 -4.085304 1.643951 -3.547769 -11.565036 -0.000000 0.000000 0.000000 -18.741555 6.047659 11.510270 23.259051 -0.265328 -0.817710 -2.241049 -1.135503 2.380343 -0.000000 0.000000 0.000000 23.154155 -4.220626 6.152184 14.652017 -7.727556 8.111730 4.532935 -3.757173 3.057840 28.442609 -6.931649 0.010150 -0.626907 -0.151337 7.736377 -0.000000 0.000000 0.000000 -14.760188 -24.023178 5.374597 -40.830727 -31.599435 -58.784054 110.665389 -47.202020 159.011566 -20.178498 0.779046 47.572405 -9.128616 15.884657 -13.286357 -22.675906 17.523685 38.194249 116.074875 46.867910 -160.833761 -18.558310 2.324743 -52.163355 
-108.403873 92.549849 -92.594028 -7.882841 -15.603274 -7.229973 2.208645 1.814361 2.573091 54.817981 -13.596987 -6.476639 8.082666 -3.608030 -12.460699 -0.000000 0.000000 0.000000 -18.345572 5.190584 11.941693 24.360858 1.268581 -1.945735 -4.938216 -0.411816 1.843945 -0.000000 0.000000 0.000000 21.865378 -3.077708 5.416864 13.834087 -7.421877 7.678535 5.700160 -3.462212 2.755365 28.268935 -6.788323 -0.494885 0.180370 0.697161 7.752035 -0.000000 0.000000 0.000000 -14.729429 -23.468851 5.066055 -40.848095 -31.654664 -59.426829 111.421475 -47.018680 159.434058 -22.531230 0.733708 47.761704 -8.527194 15.216907 -13.414174 -23.222599 17.250349 36.440049 115.582888 47.278303 -160.141531 -19.097239 2.376099 -52.468761 
-108.682072 92.903948 -89.677030 -8.188998 -17.303246 -7.539426 -2.698541 1.197282 4.420660 61.244912 -10.650037 -8.643796 3.251551 1.011664 -9.764773 -0.000000 0.000000 0.000000 -16.597669 5.723718 12.128788 25.355475 2.997846 -2.197539 -7.281521 -0.838363 2.047253 -0.000000 0.000000 0.000000 22.608505 -2.282644 5.102825 13.500070 -6.914114 6.712317 6.245401 -2.704405 2.231227 27.706084 -6.698096 -1.141685 0.587060 2.081344 7.426703 -0.000000 0.000000 0.000000 -14.632894 -22.867259 4.687913 -40.152234 -30.733677 -58.993210 112.412321 -46.033806 160.106917 -23.383113 -0.377281 48.384345 -7.893531 15.498468 -13.828715 -24.039154 17.099998 34.924168 115.188916 47.726836 -159.823426 -18.922401 2.857836 -52.988152 
-108.820844 93.307465 -86.851257 -8.516038 -17.312769 -7.606824 -7.491609 -0.399604 6.251921 66.079323 -7.050963 -9.851491 -2.690690 5.430143 -6.301857 -0.000000 0.000000 0.000000 -13.920980 6.335526 11.390693 24.840355 4.650853 -1.714760 -9.116215 -2.279453 1.955997 -0.000000 0.000000 0.000000 23.670029 -1.689136 5.083899 13.488840 -6.979385 6.050093 6.275417 -2.404829 1.845156 27.511338 -7.116144 -1.655711 0.830578 3.673832 7.086386 -0.000000 0.000000 0.000000 -14.088620 -22.078429 4.027218 -39.680692 -29.640413 -58.428814 112.269686 -44.822552 159.764707 -21.954790 -1.418658 49.459261 -7.327869 15.912363 -14.291179 -25.147658 17.446909 33.813848 114.610581 48.264935 -159.485576 -18.386347 3.622231 -53.439072 
-108.835137 93.664324 -84.189159 -8.539076 -16.263317 -6.825319 -12.609429 -2.217646 6.914139 68.357261 -4.008340 -9.803963 -6.029483 8.814669 -2.862369 -0.000000 0.000000 0.000000 -11.237235 5.588755 9.859464 24.360347 5.834723 -1.923438 -10.989310 -3.166526 1.833297 -0.000000 0.000000 0.000000 24.368668 -0.841390 4.522697 13.305231 -7.391528 5.471753 6.555946 -2.373168 1.663384 27.459728 -7.707489 -1.646152 1.425841 4.531365 7.161461 -0.000000 0.000000 0.000000 -13.406521 -21.882868 3.909094 -39.388583 -28.607758 -58.305414 111.631957 -43.828909 159.086213 -20.570067 -1.547528 51.083079 -7.095836 16.227030 -15.080876 -26.312760 17.247972 33.566306 113.740181 48.616251 -159.096168 -17.744284 3.921916 -53.456204 
-108.774853 93.971503 -81.589627 -8.821193 -15.022859 -6.041979 -16.826582 -3.666745 7.157461 67.542400 -1.567157 -9.061558 -9.581604 11.355632 0.570001 -0.000000 0.000000 0.000000 -8.148959 4.463250 8.424163 23.588725 6.839690 -2.552436 -12.770057 -3.831940 2.035559 -0.000000 0.000000 0.000000 25.380769 0.116461 4.056656 13.025037 -7.723705 4.691240 6.914411 -2.146121 1.497968 27.203390 -8.536102 -1.576662 1.799293 4.927636 7.543506 -0.000000 0.000000 0.000000 -13.213552 -21.817916 3.749431 -39.206496 -27.776178 -58.403006 111.474292 -43.311175 158.781112 -21.141345 -1.551540 51.438667 -7.159162 16.629628 -15.926224 -27.354598 16.703883 33.381362 113.289568 48.912148 -159.127333 -17.610455 3.908999 -53.082923 
-108.649588 94.175094 -78.970259 -9.120953 -13.462348 -5.367389 -20.160477 -4.905010 7.302066 63.776940 0.946630 -8.087317 -11.969290 13.207229 2.545484 -0.000000 0.000000 0.000000 -5.158897 3.712834 7.382716 22.910272 7.544632 -3.279744 -14.485255 -4.989227 2.285855 -0.000000 0.000000 0.000000 26.336066 0.900405 3.633518 13.057104 -7.839155 4.090182 7.109228 -1.861423 1.411732 26.640483 -9.226943 -1.536912 1.929949 4.861157 7.709177 -0.000000 0.000000 0.000000 -13.193107 -21.513555 3.397145 -39.215553 -27.550752 -58.551907 111.309527 -43.211315 158.564034 -22.806016 -1.760487 50.594590 -7.226229 16.891489 -16.478198 -28.252003 16.751367 32.586885 112.767673 49.508179 -159.091950 -17.474024 3.714289 -52.927402 
-108.491421 94.226640 -76.201522 -9.271010 -11.763384 -4.717466 -22.372017 -5.810158 7.549287 57.002660 3.218932 -7.273007 -12.294495 14.280758 3.186390 -0.000000 0.000000 0.000000 -1.977309 3.104167 6.390796 21.788088 8.037069 -3.661943 -16.349723 -6.269721 2.280871 -0.000000 0.000000 0.000000 27.032623 1.467803 3.633790 12.917074 -8.010896 3.265262 7.173530 -1.601855 1.170606 26.175203 -9.861004 -2.002813 2.077667 4.934016 7.767200 -0.000000 0.000000 0.000000 -13.044750 -21.209178 3.439709 -38.548523 -26.801394 -58.611476 111.001354 -43.053478 158.349234 -24.114136 -1.985395 49.944137 -7.240388 17.278976 -17.265790 -29.155064 16.797273 32.572548 112.400145 50.152615 -158.749356 -17.186818 3.560905 -52.801593 
-108.223641 94.090021 -73.197341 -9.048710 -9.958578 -3.982830 -23.448808 -6.481813 7.404140 47.366351 4.752332 -6.068547 -10.565116 14.785906 2.682794 -0.000000 0.000000 0.000000 0.492947 2.215091 5.161258 21.380215 7.931452 -3.619927 -18.451381 -6.869580 2.491073 -0.000000 0.000000 0.000000 27.118167 1.924639 3.486836 12.643672 -8.116457 2.542692 7.345229 -1.393050 0.995521 25.626644 -9.991273 -2.323112 2.370033 4.756270 7.542536 -0.000000 0.000000 0.000000 -12.920391 -20.386357 3.250194 -37.518244 -26.443846 -58.696288 110.642312 -42.998369 157.857479 -24.450468 -2.232803 49.572800 -7.300434 17.374399 -17.719237 -29.659170 17.278889 32.710068 112.550039 50.896440 -158.716173 -17.101912 3.487760 -52.638330 
-107.828426 93.839383 -69.836438 -8.768134 -8.116913 -3.589688 -22.750822 -7.016908 7.208925 34.886279 4.231386 -3.985266 -5.988280 14.241624 0.656735 -0.000000 0.000000 0.000000 3.624142 1.765550 4.345583 20.559185 7.801785 -3.382666 -20.440003 -7.571320 2.135660 -0.000000 0.000000 0.000000 26.683616 2.173124 3.728349 12.838001 -8.088109 1.914378 7.171580 -1.174711 0.745540 25.048913 -9.855393 -2.666150 2.669816 4.638249 7.247749 -0.000000 0.000000 0.000000 -12.848432 -19.326118 2.673401 -35.922400 -26.180861 -58.200488 110.541227 -42.963144 157.760024 -24.714076 -2.556192 48.858455 -7.346122 17.499722 -17.853388 -29.843057 17.929790 33.090919 113.348569 51.456084 -159.153110 -17.503171 3.483776 -52.175444 
-107.260549 93.490630 -66.048741 -8.444454 -6.494304 -3.542366 -20.316812 -7.620739 6.873659 20.358855 1.135567 -0.861875 1.354768 12.376532 -2.649069 -0.000000 0.000000 0.000000 7.302541 1.762634 3.923461 19.563063 7.629982 -3.122896 -22.252263 -8.089137 1.280094 -0.000000 0.000000 0.000000 25.628532 2.298843 4.331995 13.557831 -7.882865 1.324911 6.572471 -0.825627 0.373671 24.680741 -9.452051 -2.862660 2.895319 4.445042 7.005028 -0.000000 0.000000 0.000000 -12.777162 -18.222580 1.964401 -34.091066 -25.903387 -57.777283 110.273469 -42.620431 157.527169 -25.045313 -3.301714 48.343316 -7.271237 17.775847 -17.850900 -29.565957 18.230329 33.804452 114.238634 51.560372 -159.665231 -17.736953 3.607930 -51.670459 
-106.524670 93.048871 -61.857796 -8.258072 -5.200106 -3.798720 -17.156185 -8.270408 6.801555 7.311325 -4.555340 1.765940 4.774292 9.916361 -4.174126 -0.000000 0.000000 0.000000 11.495387 1.432192 3.667618 18.373363 7.722979 -2.955701 -23.910513 -8.185994 0.588639 -0.000000 0.000000 0.000000 24.368836 2.462082 5.133910 14.335821 -7.636777 0.813570 5.678135 -0.311700 0.103845 24.769364 -9.086141 -3.255986 2.945619 4.330811 6.753658 -0.000000 0.000000 0.000000 -12.711358 -17.111727 1.338909 -32.265774 -25.147213 -57.599109 110.097755 -42.211122 157.490348 -25.040552 -3.749439 48.155516 -7.032213 18.222694 -17.839734 -29.053845 18.121130 34.728370 115.453378 51.325027 -160.150019 -17.525488 3.498015 -51.237226 
-105.674946 92.533153 -57.422471 -8.653241 -4.187517 -4.125122 -14.431992 -9.623232 7.266982 0.070140 -10.190406 1.876161 -0.453470 8.253398 -2.685025 -0.000000 0.000000 0.000000 15.963778 0.679279 3.271626 17.590854 8.169727 -2.804431 -25.563716 -8.244448 0.513391 -0.000000 0.000000 0.000000 23.599038 3.026169 5.583635 14.826041 -7.388193 0.585574 4.872571 0.501541 0.004215 25.226767 -8.873996 -3.435687 2.809976 4.024340 6.500406 -0.000000 0.000000 0.000000 -12.798205 -16.405590 0.837431 -31.076646 -24.241626 -57.740657 110.142779 -41.985200 157.674239 -25.110728 -3.792460 48.054436 -6.645566 18.461760 -17.914865 -28.272056 17.521167 35.468757 116.222752 50.680231 -160.293273 -17.418103 3.232661 -51.149948 
-104.767478 92.071134 -52.950919 -10.036058 -2.528040 -4.089064 -13.414913 -11.029661 7.093893 1.584701 -10.832406 1.138384 -4.390185 7.316376 -4.912290 -0.000000 0.000000 0.000000 20.798712 -0.051953 2.730732 17.352896 7.609336 -2.597888 -26.773492 -8.298398 0.894014 -0.000000 0.000000 0.000000 23.873430 3.893298 5.336531 15.213066 -7.616321 0.917904 4.227368 0.896403 0.115423 25.822530 -8.432936 -3.262449 2.710795 3.329648 6.228942 -0.000000 0.000000 0.000000 -13.106992 -16.004779 0.525947 -30.631188 -23.834855 -57.723462 110.111486 -42.188226 158.121176 -24.794446 -3.735822 47.500071 -7.020988 18.580146 -16.855809 -27.243455 17.613736 35.491019 116.969904 50.363026 -160.208580 -17.388011 2.933018 -50.965048 
-103.740788 91.664237 -48.701161 -10.567092 -0.315687 -3.400186 -15.255526 -13.436622 4.973819 6.935185 -8.882642 1.035472 2.551184 8.080025 -7.017161 -0.000000 0.000000 0.000000 22.965443 -0.169808 2.193911 19.593767 6.099160 -2.231533 -27.590462 -9.225415 -0.404076 -0.000000 0.000000 0.000000 23.113467 4.817448 4.425762 16.306738 -7.720602 1.781455 3.546695 1.008294 0.134483 26.263320 -8.516949 -2.510595 2.571134 2.489950 6.554846 -0.000000 0.000000 0.000000 -13.180761 -16.430810 0.457115 -31.202985 -24.577161 -57.328672 109.229249 -42.346869 158.144558 -24.327737 -3.548142 47.592122 -7.105451 18.373936 -15.898882 -25.836785 17.348366 35.198864 116.105047 49.572293 -159.835217 -17.610107 2.841265 -50.821597 
-102.653968 91.306525 -44.456989 -10.396602 0.609946 -3.098485 -16.954699 -13.957852 3.148185 11.052143 -7.736206 1.255234 7.842837 7.873995 -8.956260 -0.000000 0.000000 0.000000 22.115694 -0.075711 1.922750 25.316686 4.383514 -2.546008 -27.358024 -9.758347 -1.203754 -0.000000 0.000000 0.000000 21.753597 5.355852 3.464892 16.924270 -7.202980 2.360053 3.147911 1.339754 0.134527 26.896635 -8.108325 -2.002163 2.667628 1.631020 6.546580 -0.000000 0.000000 0.000000 -13.246456 -16.578063 0.726306 -31.668729 -24.854932 -56.972678 108.520260 -42.217868 158.252422 -23.265511 -3.421329 47.835067 -7.216160 18.279044 -14.974574 -25.109285 17.449569 35.861321 115.160192 48.814454 -159.172859 -17.267882 2.900482 -50.494133 
-101.567423 91.281366 -40.564889 -9.115059 0.975077 -2.149384 -21.260811 -12.664805 1.153949 19.457205 -6.282822 -0.574597 1.546041 6.240353 -6.295093 -0.000000 0.000000 0.000000 17.276588 -0.259236 1.008774 34.886007 2.061791 -3.381331 -23.666089 -10.557687 -0.100148 -0.000000 0.000000 0.000000 20.544283 5.590913 1.468114 16.207607 -6.699762 2.664259 3.270687 1.662097 0.030556 27.490789 -7.717951 -1.240848 3.040313 0.837419 6.743843 -0.000000 0.000000 0.000000 -12.742038 -16.806966 1.183296 -32.421886 -24.607598 -56.090846 108.760219 -42.145494 158.697118 -21.590393 -3.980786 47.824223 -7.003299 18.149845 -13.771535 -24.999623 17.899429 38.089678 114.083659 47.755811 -158.752721 -16.131923 3.094250 -49.661892 
-100.567389 91.613245 -36.824629 -8.889513 1.495068 -0.906469 -21.620818 -11.480921 -0.091489 23.393903 -4.647017 -2.965574 -2.038031 4.313363 -4.995029 -0.000000 0.000000 0.000000 11.969402 -0.771365 -0.694417 45.342006 -1.432627 -3.280212 -14.010837 -10.647100 2.706753 -0.000000 0.000000 0.000000 21.377767 5.744599 -0.632625 15.122369 -6.052568 2.582299 3.151275 1.884636 0.341744 27.957294 -7.902741 -0.844480 3.055229 0.131320 7.357700 -0.000000 0.000000 0.000000 -12.199942 -17.593672 2.098527 -33.295630 -24.195634 -55.701628 108.939193 -42.729597 159.029056 -19.563518 -4.575441 47.604120 -6.905716 18.518882 -13.081593 -24.684974 17.863515 40.816228 113.331303 46.928731 -158.758944 -14.393997 2.973576 -49.581425 
-99.466985 91.903132 -33.387941 -8.095049 1.174956 -0.228432 -20.601808 -11.006905 -1.155314 24.086260 -4.218839 -4.223324 -5.241810 4.277472 -3.145139 -0.000000 0.000000 0.000000 4.652734 -0.539219 -2.372662 55.882168 -4.546647 -3.370407 -2.151112 -9.834028 5.606213 -0.000000 0.000000 0.000000 22.240617 5.224615 -1.700498 12.909553 -4.859356 2.014862 3.296117 2.154057 0.611413 28.351204 -8.489580 -1.525989 3.061413 0.430421 7.193722 -0.000000 0.000000 0.000000 -12.111149 -17.692658 2.545003 -33.936999 -23.818327 -55.890183 109.293645 -43.386390 159.297097 -18.729626 -3.742519 46.917129 -7.122695 18.809982 -12.674391 -24.769301 18.913240 43.444067 112.536814 46.845255 -158.153946 -12.695311 2.442546 -49.461488 
-98.518431 92.276120 -30.317736 -6.864502 0.422878 0.107956 -19.838366 -11.518869 -2.061964 24.112892 -4.086180 -4.959516 -7.540646 5.433512 -1.147545 -0.000000 0.000000 0.000000 -3.669480 0.610843 -3.421092 64.985879 -6.590433 -3.296516 6.114142 -9.098972 7.288789 -0.000000 0.000000 0.000000 22.341917 4.422153 -2.394110 11.741067 -3.679032 1.555916 3.520872 2.475170 0.507409 28.040039 -8.250426 -2.336895 2.824469 0.686185 6.887385 -0.000000 0.000000 0.000000 -12.194533 -17.830947 3.029966 -34.547894 -23.849692 -55.616572 109.652062 -43.943596 159.892428 -19.515218 -3.129711 45.516896 -7.130791 19.339611 -12.263654 -25.651129 20.302422 45.377509 111.350021 46.851651 -157.643777 -12.475229 2.365247 -48.322600 
-97.747695 92.814130 -27.409202 -6.638136 0.559767 -0.182122 -17.778005 -11.052359 -2.201997 23.747498 -5.121519 -4.951474 -9.343940 5.836902 -0.163286 -0.000000 0.000000 0.000000 -10.026381 1.383642 -3.353218 71.858353 -5.756503 -2.054044 0.905457 -8.115284 5.943493 -0.000000 0.000000 0.000000 22.972512 3.610703 -2.362206 12.172598 -3.158430 1.635111 3.386494 2.506582 0.407545 27.430934 -6.557133 -2.606496 2.389411 -0.237866 6.386709 -0.000000 0.000000 0.000000 -12.731902 -18.592353 3.715477 -35.036740 -23.736009 -55.194394 109.279558 -44.184227 159.916281 -20.560571 -2.967406 44.255704 -6.927765 20.113123 -12.238262 -27.073095 20.588518 46.540664 110.555426 46.600163 -157.396363 -13.272595 2.412846 -47.594512 
-97.079295 93.441737 -24.572232 -6.783371 1.407781 -0.693124 -14.933941 -10.133149 -2.200678 22.695639 -6.486354 -4.162656 -10.712156 5.453755 0.558510 -0.000000 0.000000 0.000000 -15.201361 1.760195 -3.067673 75.051764 -3.981421 -0.385293 -2.756122 -5.687077 5.509124 -0.000000 0.000000 0.000000 23.574775 2.779157 -2.122686 13.265437 -3.095334 2.049002 3.253668 2.175226 0.460212 27.129042 -4.867142 -2.306633 2.026338 -1.305555 6.040859 -0.000000 0.000000 0.000000 -13.223077 -19.544206 4.354686 -35.651543 -23.979952 -54.976768 108.797627 -44.209806 159.717804 -19.862044 -2.647582 43.352617 -6.864380 20.425305 -12.242538 -28.204399 20.529189 47.373500 110.092675 46.361037 -157.354293 -13.598671 2.707857 -47.233588 
-96.460122 94.018048 -21.720602 -6.754551 2.065937 -1.171784 -11.984365 -9.354497 -2.135492 21.110133 -7.862834 -3.390828 -11.930874 5.289339 1.351818 -0.000000 0.000000 0.000000 -19.866084 2.391481 -3.071769 75.067145 -2.444028 1.560665 -4.328483 -3.169747 6.204333 -0.000000 0.000000 0.000000 23.803467 1.839222 -1.907204 14.096834 -3.171624 2.513716 3.287576 1.702115 0.481977 27.324084 -3.526154 -1.937714 1.818099 -2.177390 5.749702 -0.000000 0.000000 0.000000 -13.296346 -20.107450 4.875746 -36.234199 -24.547885 -54.839434 108.416068 -44.220142 159.475734 -18.728144 -2.488699 42.607771 -6.868368 20.161865 -11.965831 -29.037734 20.631037 48.126800 109.592768 46.074242 -157.034915 -13.575703 3.265628 -46.319176 
-95.859414 94.516093 -18.878603 -6.676430 2.339084 -1.706842 -8.934132 -8.128494 -1.957457 19.372361 -9.039050 -2.465590 -12.985779 4.963287 1.829742 -0.000000 0.000000 0.000000 -23.783547 2.996646 -3.120400 72.376215 -2.391610 3.279949 -6.209869 -1.874245 6.703530 -0.000000 0.000000 0.000000 24.361327 0.784913 -1.404754 14.290032 -3.246039 2.693034 3.241373 1.237627 0.511920 27.612914 -2.940797 -1.878434 1.228105 -2.715485 5.470754 -0.000000 0.000000 0.000000 -13.221106 -20.228004 5.028964 -36.831462 -25.163533 -54.652169 108.606596 -44.274612 159.554103 -18.882589 -2.216420 41.041517 -6.778659 19.673725 -11.595789 -29.339382 20.561383 48.523052 109.765523 45.668799 -157.174617 -13.573996 3.997687 -45.331581 
-95.283401 94.894803 -15.999633 -6.729805 2.418133 -2.248950 -5.775757 -6.944077 -1.824244 17.774780 -9.880243 -1.496747 -14.040640 4.652016 2.048473 -0.000000 0.000000 0.000000 -26.492042 3.271122 -2.871178 67.244196 -3.772320 4.312557 -8.465266 -2.360484 6.279229 -0.000000 0.000000 0.000000 25.421148 -0.131441 -0.623254 13.910208 -3.390594 2.587527 3.055506 0.752236 0.682568 27.756851 -3.178240 -2.198226 0.372299 -2.980254 5.304779 -0.000000 0.000000 0.000000 -12.932386 -20.361013 5.046020 -37.484068 -25.447642 -54.419804 109.167238 -44.529467 159.864926 -20.605126 -2.010669 38.237345 -6.332084 19.292710 -11.515231 -29.064648 20.036917 48.354356 110.233503 45.111833 -157.588123 -13.302422 4.522552 -45.356914 
-94.746029 95.101577 -13.059926 -6.746605 1.657702 -2.623798 -2.581651 -6.394726 -2.050892 15.983328 -10.501584 -0.755282 -15.294258 5.489626 2.713631 -0.000000 0.000000 0.000000 -28.313489 3.683322 -1.929704 59.703120 -5.244981 4.125267 -8.936071 -4.188328 5.174737 -0.000000 0.000000 0.000000 26.565652 -0.866081 -0.100345 13.026351 -3.344947 2.187422 3.124040 0.337132 0.930426 27.347738 -3.888592 -2.846300 -0.413097 -2.851156 5.217556 -0.000000 0.000000 0.000000 -12.598322 -20.117095 5.116853 -38.281981 -25.902665 -54.331783 109.820671 -44.928078 160.188879 -23.251031 -1.833879 36.057764 -6.071077 18.807794 -11.530953 -28.592890 20.007395 47.889802 110.479215 44.671658 -157.860382 -13.131378 4.645408 -46.114995 
-94.249588 95.118493 -9.984273 -6.568184 -0.454907 -2.818850 0.651614 -5.882635 -2.852483 13.848562 -10.572965 0.029336 -16.664036 7.064095 3.878130 -0.000000 0.000000 0.000000 -29.365286 4.021202 -0.185118 49.638309 -6.035080 2.423474 -6.925024 -6.394042 4.102975 -0.000000 0.000000 0.000000 27.000347 -1.390724 -0.061419 12.268441 -3.053261 1.470455 3.473718 0.167398 1.138302 26.602153 -4.723619 -3.727869 -1.069551 -2.140420 5.285753 -0.000000 0.000000 0.000000 -12.381956 -19.679519 5.326436 -38.902072 -26.537616 -54.254338 110.611243 -45.285467 160.628988 -25.044386 -1.814428 35.873784 -5.984466 18.483451 -11.672759 -28.204443 20.448878 47.403917 110.707433 44.521744 -158.228896 -12.955583 4.546190 -46.638484 
-93.773061 94.933331 -6.692687 -6.191341 -3.127319 -2.946253 3.864011 -4.973977 -3.871977 11.550118 -10.044841 0.685264 -18.086136 8.065401 4.860242 -0.000000 0.000000 0.000000 -29.258797 3.904057 1.858684 37.144024 -6.306943 0.096997 -2.759591 -7.948228 3.847466 -0.000000 0.000000 0.000000 26.582678 -1.713149 -0.178503 11.801627 -2.881387 0.732544 4.012469 0.117814 1.338717 25.702132 -5.438561 -4.603063 -1.502029 -1.181336 5.507757 -0.000000 0.000000 0.000000 -12.328434 -19.306768 5.673510 -39.293407 -27.126388 -54.240201 111.372216 -45.551589 161.160518 -25.117202 -2.427368 37.384719 -6.013091 18.258175 -12.055759 -27.986901 21.016815 47.069212 111.026361 44.552065 -158.612832 -12.665417 4.491360 -47.191415 
-93.307906 94.494456 -3.189419 -5.691269 -5.777405 -2.884173 6.905377 -3.999987 -5.041621 9.404088 -9.104450 0.969783 -19.628171 8.411979 5.622532 -0.000000 0.000000 0.000000 -27.973166 3.558504 3.848992 22.971073 -6.373242 -2.206463 3.066686 -8.474776 4.668742 -0.000000 0.000000 0.000000 25.820428 -1.895593 -0.352563 11.171616 -2.984792 0.100387 4.595762 -0.030957 1.527876 24.664118 -5.852181 -5.250628 -1.564733 -0.160716 5.683363 -0.000000 0.000000 0.000000 -12.378856 -18.921519 5.887578 -39.710591 -27.873905 -54.414031 111.824568 -45.665447 161.499629 -23.926523 -3.692294 39.569100 -6.367684 17.815933 -12.410051 -27.785308 21.897067 46.723658 111.245599 44.694151 -158.700798 -12.323665 4.441074 -47.918567 
-92.859250 93.822962 0.515359 -4.939111 -8.037915 -2.614036 9.214756 -2.895624 -6.053382 8.242219 -8.349513 0.738712 -21.594906 8.228277 6.384873 -0.000000 0.000000 0.000000 -26.304848 3.060804 5.484784 9.676405 -6.178523 -3.080618 8.467086 -8.302380 5.840550 -0.000000 0.000000 0.000000 24.993082 -2.068308 -0.398198 10.268178 -3.359457 -0.366057 4.796195 -0.311308 1.658881 23.770942 -6.178219 -5.695113 -1.735660 0.951564 5.931713 -0.000000 0.000000 0.000000 -12.449893 -18.736790 5.925033 -40.175068 -28.480127 -54.656740 112.027271 -45.609863 161.772315 -22.704710 -4.961585 41.109532 -6.646878 17.243011 -12.925349 -27.520171 22.484323 46.186328 111.661812 44.672149 -158.951963 -12.472889 4.494855 -48.355723 
-92.403162 93.006170 4.423194 -4.183692 -9.676914 -2.276126 10.529161 -1.756141 -6.244019 8.958172 -7.984899 -0.583538 -24.213119 7.889371 6.829493 -0.000000 0.000000 0.000000 -24.447872 2.708363 6.778313 0.414177 -6.576069 -2.010391 8.161173 -7.531567 6.671288 -0.000000 0.000000 0.000000 24.026805 -2.299129 -0.217505 9.682359 -4.064447 -0.391041 4.434389 -0.811620 1.620576 23.334170 -5.742466 -5.862568 -1.997603 1.376731 5.693433 -0.000000 0.000000 0.000000 -12.561932 -18.848296 5.602972 -40.497829 -29.083413 -54.790958 111.781995 -45.648844 161.874943 -22.084972 -5.902290 41.276979 -6.869172 16.745972 -13.002001 -27.331759 22.956518 44.758701 112.018028 44.709036 -158.753951 -12.898039 4.654067 -48.847238 
-92.032295 92.256200 8.513293 -4.162190 -11.430363 -1.700396 11.849542 -0.228885 -6.036330 11.194473 -7.792422 -2.587345 -26.586081 7.485104 6.044997 -0.000000 0.000000 0.000000 -23.039613 2.632124 8.492896 -0.514317 -6.662929 -2.416207 2.446209 -3.227598 8.254754 -0.000000 0.000000 0.000000 23.720695 -2.393842 -0.424297 9.762132 -4.717524 -0.302916 3.339819 -1.082980 1.376982 23.393715 -3.944301 -5.650410 -2.550049 0.369903 5.183791 -0.000000 0.000000 0.000000 -13.194039 -19.881932 5.310984 -39.941061 -29.571330 -54.909213 111.650013 -46.005199 162.263850 -21.490795 -6.457055 40.938882 -7.292438 16.638823 -13.074389 -26.737169 22.274200 42.964393 112.513403 44.596549 -158.520250 -13.433765 5.166497 -49.198694 
-91.680771 91.643220 12.813222 -4.770170 -12.997504 -1.031548 12.920656 0.855963 -5.959948 15.083249 -8.079064 -4.624437 -27.648750 7.129250 6.215921 -0.000000 0.000000 0.000000 -21.717127 3.359865 10.210156 2.335074 -3.406461 -3.357457 7.530989 0.006979 6.319919 -0.000000 0.000000 0.000000 23.295708 -2.824215 -0.304942 10.148511 -5.141431 -0.552643 3.029973 -1.460834 0.975019 22.869162 -4.103403 -6.384769 -2.894418 1.293877 5.060278 -0.000000 0.000000 0.000000 -13.866277 -20.744396 4.629660 -39.624400 -29.327432 -55.082839 111.882755 -46.360722 162.433905 -20.972186 -6.490038 40.611015 -7.674412 16.755386 -13.535277 -26.050932 21.605230 41.395242 112.692214 44.459042 -158.258346 -13.455684 5.921038 -49.029973 
-91.295445 91.291308 17.151880 -4.687240 -13.175601 -0.423130 10.933733 1.001341 -4.882542 23.125122 -8.868644 -7.196748 -26.433186 5.471167 4.931745 -0.000000 0.000000 0.000000 -22.149189 5.839275 11.222919 5.890762 -0.070228 -5.340284 13.259445 -5.307226 5.608774 -0.000000 0.000000 0.000000 21.245357 -3.669990 0.544975 11.166743 -5.474947 -0.313077 3.354318 -2.260999 0.236100 22.295114 -6.347039 -7.527890 -2.863427 3.679057 4.798547 -0.000000 0.000000 0.000000 -12.949364 -21.343155 3.668359 -40.302709 -29.449621 -55.612404 111.414504 -46.452432 161.788879 -20.643153 -6.291979 41.040714 -7.536104 16.711565 -13.832754 -24.560766 21.477416 39.129209 112.238729 44.376141 -158.258970 -12.659430 6.291642 -48.565584 
-91.107303 91.382569 21.215850 -4.743031 -13.017011 -1.384012 6.500070 2.051791 -1.444299 35.350200 -10.861103 -9.047415 -20.849856 1.273434 0.320198 -0.000000 0.000000 0.000000 -24.901841 7.192415 12.073793 16.258879 -0.120396 -3.859754 6.003906 -7.207759 3.328530 -0.000000 0.000000 0.000000 20.166629 -4.562426 2.218031 11.707650 -5.770896 0.507135 3.762322 -2.745849 -0.429560 22.303084 -6.564906 -8.368225 -2.647782 4.016807 3.922101 -0.000000 0.000000 0.000000 -12.608182 -21.815122 2.946378 -40.286769 -29.115480 -57.196860 110.727291 -46.283072 161.045091 -21.020230 -5.437337 41.154169 -6.823071 16.557177 -14.028620 -24.215498 20.220266 37.033212 112.415710 44.266449 -157.935385 -12.856230 6.946640 -48.580337 
-91.135335 91.749609 24.956827 -6.231132 -14.290270 -3.482217 2.790017 3.691716 2.826186 46.797012 -13.072029 -9.634283 -12.970412 -2.701267 -6.011657 -0.000000 0.000000 0.000000 -25.070131 6.751782 13.347540 24.257480 -1.146495 -2.069400 1.399118 -5.326394 2.379600 -0.000000 0.000000 0.000000 21.318357 -4.726717 3.347410 12.388122 -5.904726 0.965104 3.400295 -2.613234 -0.650230 22.895429 -6.243827 -9.120431 -3.012281 4.257687 4.012516 -0.000000 0.000000 0.000000 -12.926416 -22.597314 2.343219 -39.306048 -28.313052 -57.610665 110.751088 -46.132774 160.907019 -22.043952 -3.839136 40.953129 -6.083929 17.153210 -14.350517 -24.271642 18.228945 35.372487 113.316628 44.656092 -157.717793 -13.762365 6.822385 -49.206113 
-91.326886 91.974026 28.619233 -7.397093 -14.806162 -4.285082 -1.120572 3.563761 5.277959 55.894247 -14.745341 -9.278315 -3.651290 -5.739305 -10.257381 -0.000000 0.000000 0.000000 -22.562293 5.095136 13.387574 27.735671 -0.379353 -1.933035 -3.393388 -4.032701 1.462416 -0.000000 0.000000 0.000000 21.767277 -4.208967 3.323222 12.544079 -6.602575 0.999118 3.494570 -2.880665 -0.880796 24.018890 -6.495851 -9.466828 -2.724558 4.795694 4.649461 -0.000000 0.000000 0.000000 -12.811446 -22.844949 1.767189 -38.490173 -27.706873 -57.342982 110.887943 -46.224017 160.368251 -24.005973 -2.986252 40.896700 -5.617333 17.225065 -14.502011 -24.058300 16.594584 34.846046 114.433377 44.975831 -157.771127 -15.695396 6.314286 -48.960523 
-91.389775 92.213047 31.810462 -7.182459 -16.015919 -4.445629 -6.537607 1.891637 6.596700 63.472486 -12.656020 -9.415003 0.613824 -2.876349 -9.998439 -0.000000 0.000000 0.000000 -20.745366 4.137563 13.469628 28.862465 1.263950 -2.940498 -6.755769 -3.539129 1.433245 -0.000000 0.000000 0.000000 21.055927 -3.200721 2.801096 12.418470 -6.874720 0.896346 4.813336 -2.966727 -1.149836 23.866423 -6.493956 -9.814349 -1.688010 5.173853 4.558441 -0.000000 0.000000 0.000000 -12.464451 -22.528096 1.618846 -38.141739 -27.297564 -56.924267 111.113280 -46.055144 160.151155 -24.810057 -2.956561 41.329777 -5.525723 16.780638 -14.512578 -24.006512 16.201247 34.173789 114.865046 45.084476 -157.911829 -17.269107 6.169589 -48.450519 
-91.483021 92.760456 34.790593 -7.809549 -18.131288 -5.275754 -10.422156 0.427750 8.257645 68.284532 -9.293877 -9.748433 -1.667053 2.109079 -7.357457 -0.000000 0.000000 0.000000 -18.056163 4.806962 13.596256 28.805761 3.106255 -2.686154 -8.347342 -3.390864 1.614862 -0.000000 0.000000 0.000000 21.823267 -2.207846 2.262203 13.126052 -6.462052 0.579619 5.083018 -2.356616 -1.330872 23.516326 -6.345526 -10.383339 -1.481864 5.607623 4.319810 -0.000000 0.000000 0.000000 -12.295971 -22.098235 1.430828 -37.625788 -26.509701 -56.284860 111.410841 -45.453654 160.120353 -25.142099 -3.480567 41.879351 -5.191206 16.961149 -14.412739 -24.383190 15.961141 33.150267 114.592059 44.890744 -157.778068 -17.013705 6.247021 -48.376639 
-91.552216 93.355310 37.629154 -8.288738 -19.441315 -5.604406 -14.164001 -1.535049 9.252324 70.403265 -6.103333 -9.759842 -3.847171 6.624249 -4.259733 -0.000000 0.000000 0.000000 -14.765883 5.446057 12.975389 27.330474 4.659458 -2.442244 -9.527488 -3.474005 1.558947 -0.000000 0.000000 0.000000 22.901695 -1.334482 1.583047 13.492852 -6.339011 0.116886 5.089511 -1.820202 -1.452570 23.350090 -6.225772 -11.019863 -1.306093 6.218947 4.207226 -0.000000 0.000000 0.000000 -11.832564 -21.620931 1.490424 -37.288567 -25.610990 -55.698436 111.484581 -45.041631 160.174792 -25.606995 -4.422669 42.284758 -4.828810 17.190075 -14.530695 -24.987954 15.982580 32.802946 113.839185 44.628818 -157.225915 -15.822092 6.324720 -48.671683 
-91.585451 93.889230 40.306765 -8.446185 -19.515056 -5.520316 -17.874976 -4.123795 9.426934 69.938505 -3.886361 -9.202875 -6.536173 9.695415 -0.956997 -0.000000 0.000000 0.000000 -11.236321 5.477892 12.218190 25.034997 5.627904 -2.941703 -10.697981 -3.747925 1.523249 -0.000000 0.000000 0.000000 24.057699 -0.433121 0.903476 13.162092 -6.628463 -0.287201 5.294274 -1.589616 -1.370917 23.262112 -6.238554 -11.477194 -1.102146 6.880146 4.258808 -0.000000 0.000000 0.000000 -11.430060 -21.315074 1.576740 -36.990639 -24.898686 -55.495082 111.354771 -44.747437 159.961273 -25.878244 -5.241786 43.471628 -4.808668 17.415602 -14.886321 -25.450349 16.114042 32.927667 113.431205 44.720133 -156.923636 -15.549119 6.471188 -48.843616 
-91.566014 94.326240 42.809036 -8.566233 -19.178160 -5.322245 -21.126766 -6.171689 9.315972 66.937407 -2.342043 -8.140053 -9.700981 11.185551 1.693850 -0.000000 0.000000 0.000000 -7.847589 4.967860 11.229646 22.759986 6.538647 -3.456615 -11.634366 -3.727213 1.927105 -0.000000 0.000000 0.000000 25.431489 0.521636 0.281016 12.626853 -6.880151 -0.817672 5.489631 -1.299417 -1.259257 22.968433 -6.263578 -11.594220 -1.001085 7.221802 4.580566 -0.000000 0.000000 0.000000 -11.562923 -21.215558 1.528414 -36.806814 -24.564736 -55.558596 111.171870 -44.734407 159.663280 -26.012959 -5.800010 44.613016 -4.950928 17.709028 -15.495747 -25.909770 15.995007 32.996255 113.430873 45.096061 -157.158801 -15.908983 6.284433 -48.836616 
-91.510999 94.621634 45.284373 -8.881106 -18.851431 -5.297341 -23.339312 -7.368532 9.405748 61.317870 -1.192499 -6.949237 -11.087116 11.773041 2.564673 -0.000000 0.000000 0.000000 -4.814337 4.176067 10.102775 21.335885 7.098550 -3.432225 -12.566002 -3.186329 2.468877 -0.000000 0.000000 0.000000 26.918332 1.306485 -0.095387 12.310398 -6.981074 -1.480306 5.501334 -0.834434 -1.246953 22.509242 -6.075186 -11.712103 -0.974715 7.290211 4.901471 -0.000000 0.000000 0.000000 -12.063065 -21.116937 1.543374 -36.512498 -24.309930 -55.745506 110.701379 -44.641919 159.167204 -25.696682 -6.321351 45.701390 -5.055416 18.200108 -16.282605 -26.756939 15.832694 32.687201 113.448036 45.862620 -157.243693 -15.998546 6.120032 -49.038670 
-91.447568 94.663590 47.832990 -8.977252 -18.611823 -5.224305 -24.691328 -7.822773 9.819050 53.275990 -0.405830 -6.323039 -10.665097 11.764523 2.339519 -0.000000 0.000000 0.000000 -2.456887 3.268934 9.200793 20.856890 7.467312 -3.638784 -14.146140 -2.599125 2.865235 -0.000000 0.000000 0.000000 27.782696 1.946236 -0.267174 12.152276 -6.956574 -2.273700 5.543281 -0.316482 -1.398318 22.129282 -5.746778 -11.844563 -0.840725 7.239217 5.050732 -0.000000 0.000000 0.000000 -12.375257 -21.066941 1.838895 -36.194795 -23.811539 -55.955786 109.894166 -44.456072 158.736452 -25.094993 -7.032918 46.029541 -4.886111 18.812245 -17.451630 -28.106554 15.734265 32.306659 112.595636 47.005432 -156.465532 -15.716860 6.051638 -49.102813 
-91.415310 94.432425 50.498432 -8.787167 -18.315638 -5.000985 -25.170117 -7.630047 10.262583 42.886996 0.347957 -6.103202 -7.940990 11.398493 0.901362 -0.000000 0.000000 0.000000 -0.811274 2.585838 8.358266 21.245095 7.909678 -3.831602 -16.427649 -2.404476 3.047294 -0.000000 0.000000 0.000000 28.101828 2.353361 -0.377146 12.023511 -6.815255 -3.169878 5.511018 0.116790 -1.674234 21.751920 -5.329775 -11.905011 -0.508296 7.260651 5.068408 -0.000000 0.000000 0.000000 -12.717356 -20.850200 2.222239 -35.639333 -23.261270 -55.985370 108.868518 -44.072871 158.097313 -24.184113 -7.654198 46.625958 -4.812638 19.437510 -18.687808 -29.508598 15.889671 32.305439 111.783127 48.461845 -155.591050 -15.839070 6.125203 -48.876727 
-91.421342 94.013679 53.349584 -8.543826 -17.666404 -4.992820 -24.285730 -6.858828 10.556115 30.008338 1.813967 -5.308103 -2.993790 10.341454 -1.501053 -0.000000 0.000000 0.000000 0.679479 2.274929 7.824392 22.048592 7.920500 -3.729954 -19.013516 -2.489733 3.076981 -0.000000 0.000000 0.000000 28.078729 2.500248 -0.153222 12.312281 -6.530017 -4.048484 4.992476 0.536760 -1.973367 21.576822 -5.036868 -11.862808 -0.557532 7.284014 5.185909 -0.000000 0.000000 0.000000 -13.284094 -20.494729 2.265813 -34.815357 -23.042091 -55.901870 108.344497 -43.773477 157.912039 -23.636328 -8.163220 46.745630 -4.648468 20.169161 -19.813976 -30.534362 16.279353 32.442345 111.621723 50.110148 -155.451517 -16.241257 6.232885 -48.617220 
-91.466314 93.412757 56.544363 -8.692306 -16.424208 -5.533808 -22.332738 -4.724149 10.398398 16.576349 5.182794 -3.116920 1.587692 9.662540 -4.091662 -0.000000 0.000000 0.000000 2.961917 1.880397 8.053228 22.773419 7.411967 -3.864247 -21.790471 -2.645041 3.159322 -0.000000 0.000000 0.000000 28.154948 2.520382 0.726555 12.473764 -6.223548 -4.951614 4.388994 1.021705 -2.198031 21.531873 -5.029833 -11.773928 -0.612544 7.329017 5.323862 -0.000000 0.000000 0.000000 -13.904256 -20.129541 2.425276 -33.832678 -22.629695 -56.174914 108.368913 -43.498989 158.171187 -23.414962 -8.660903 46.487484 -4.546385 20.962942 -20.987655 -31.273564 16.478922 33.123442 112.167238 51.646738 -155.713118 -16.307860 6.338072 -48.583350 
-91.395140 92.624331 60.103834 -8.837058 -14.611526 -6.440784 -21.353208 -2.301526 9.744242 7.463071 9.313097 -1.122932 0.465966 12.214753 -4.486793 -0.000000 0.000000 0.000000 5.331712 1.405689 8.829477 23.808777 7.001054 -4.122396 -24.937054 -3.332140 3.091684 -0.000000 0.000000 0.000000 27.837585 2.538187 2.165883 12.106337 -6.006685 -5.568778 4.204449 1.501407 -2.385858 21.600253 -5.569181 -11.742575 -0.420107 7.718902 5.156325 -0.000000 0.000000 0.000000 -14.309353 -19.731767 2.305327 -33.103274 -21.833767 -56.606062 108.274791 -43.059422 158.055988 -23.164862 -8.860955 46.071416 -4.429618 21.625066 -21.884587 -31.872884 16.754792 33.975799 112.604464 52.854947 -155.470647 -16.662514 6.573850 -48.547268 
-91.169524 91.879922 63.934308 -9.113222 -12.361963 -7.425910 -20.440715 -2.115750 8.444811 3.376720 12.322386 -0.070707 -3.011358 15.955929 -2.027142 -0.000000 0.000000 0.000000 7.365460 1.407176 9.673339 25.694094 6.464000 -4.087138 -27.762129 -4.490831 2.505303 -0.000000 0.000000 0.000000 27.279404 2.701439 3.334664 11.962667 -5.789838 -5.565309 4.091835 1.900707 -2.469637 21.625149 -6.271896 -11.344879 0.144189 7.922336 4.878423 -0.000000 0.000000 0.000000 -14.569174 -19.511950 1.908591 -32.771854 -21.560126 -57.203715 108.076846 -42.693484 157.908776 -22.967226 -8.862443 45.660863 -4.350266 22.194903 -22.113373 -31.759763 17.116728 34.551071 112.198977 53.589621 -154.739814 -16.938223 6.769547 -48.167337 
-90.903342 91.404164 67.876863 -9.183235 -10.023911 -8.012836 -19.982822 -4.930490 6.015039 4.553905 11.312565 1.028915 0.163973 18.059455 -0.386877 -0.000000 0.000000 0.000000 8.020269 1.880873 9.879018 29.115258 5.801186 -3.249758 -29.265390 -5.426834 1.268354 -0.000000 0.000000 0.000000 26.388678 3.093632 3.320972 12.490553 -5.335747 -4.840990 3.756704 2.216866 -2.394998 21.374773 -6.385280 -10.314859 0.694606 7.200048 4.707206 -0.000000 0.000000 0.000000 -14.646044 -19.139281 1.683704 -32.809576 -22.362401 -58.022053 107.161665 -42.525410 157.381720 -22.367233 -8.784214 45.887364 -4.502098 22.413337 -21.453190 -30.743902 17.622105 34.947957 110.897231 53.459788 -153.721495 -16.917496 6.725977 -47.847675 
-90.608686 91.103065 71.949124 -8.718660 -8.883209 -8.003518 -20.558947 -8.889976 3.762934 6.859058 9.182757 1.612954 6.173943 19.306118 -1.886371 -0.000000 0.000000 0.000000 6.756483 2.156775 8.837049 34.529231 5.066289 -1.944343 -29.050277 -5.338148 0.979502 -0.000000 0.000000 0.000000 24.933192 3.957832 1.844353 12.912327 -4.367256 -3.945485 3.606549 2.791236 -2.227021 20.779114 -5.215132 -8.858116 1.170710 5.395482 4.598287 -0.000000 0.000000 0.000000 -14.727472 -18.021862 1.916954 -32.888724 -23.629894 -59.168110 106.519171 -42.508627 157.225334 -21.754292 -8.374210 46.339374 -4.947693 21.801751 -19.818227 -29.580719 18.587775 35.543209 110.153945 52.484850 -153.143485 -16.899824 6.500559 -47.542854 
-90.147984 91.014093 75.995690 -7.765842 -8.441536 -7.243672 -23.336525 -12.594907 2.582457 13.875508 9.602848 -1.660278 8.670386 22.580928 -2.221494 -0.000000 0.000000 0.000000 3.668076 1.398060 6.227641 41.820585 4.273499 -0.394508 -25.522900 -4.171973 2.223395 -0.000000 0.000000 0.000000 23.433639 5.165188 -0.267244 12.428615 -3.385327 -3.254181 4.156708 3.454651 -2.270702 19.881770 -3.978651 -7.737498 1.633908 3.882662 4.787202 -0.000000 0.000000 0.000000 -14.534841 -16.879271 2.386527 -32.901966 -24.234517 -59.250008 106.873284 -42.602053 157.703492 -22.078995 -8.363678 47.372804 -5.084317 20.776671 -17.901146 -28.903275 19.709427 36.482034 109.350010 50.883747 -152.304090 -16.347156 5.988387 -47.478154 
-89.547557 91.257137 79.836452 -8.005139 -6.932713 -6.566933 -24.568104 -12.435081 1.593963 20.741350 9.478302 -5.429487 4.026613 21.789168 -0.619442 -0.000000 0.000000 0.000000 0.461692 -0.655902 3.025290 50.502698 2.467277 0.835914 -16.828457 -1.030352 6.527615 -0.000000 0.000000 0.000000 24.474776 6.038130 -1.313768 11.480874 -2.765372 -3.104596 4.081994 4.083445 -2.178815 19.721528 -3.594118 -7.628235 1.367505 3.115699 4.956883 -0.000000 0.000000 0.000000 -14.567554 -16.726875 2.895892 -32.297968 -23.299093 -58.149287 107.968015 -43.273674 158.919580 -21.354648 -8.262336 47.477132 -5.107748 20.604639 -16.923792 -28.161386 19.739026 37.872873 110.424564 49.846132 -152.755228 -14.844224 4.978717 -47.553751 
-88.668281 91.387439 83.415663 -8.219241 -5.109921 -6.264267 -23.737326 -9.977543 -0.112536 23.469494 9.009316 -5.452523 -0.467905 19.670884 0.968048 -0.000000 0.000000 0.000000 -3.720005 -1.857003 0.354308 58.649491 0.499229 0.493114 -4.830568 4.102518 11.999213 -0.000000 0.000000 0.000000 26.008136 5.973782 -1.073868 10.047767 -1.900312 -3.326930 3.492592 4.660323 -1.962712 20.491743 -3.937407 -8.276921 0.887798 3.358732 4.552512 -0.000000 0.000000 0.000000 -14.929246 -16.451030 3.011562 -31.401831 -21.977067 -56.767773 108.966497 -44.041147 160.003778 -20.136733 -7.640943 46.811263 -5.336998 20.845888 -16.482341 -27.318985 20.080018 39.403225 112.576656 49.885643 -153.832619 -13.747732 3.594990 -47.711728 
-87.763643 91.418910 86.661202 -7.242890 -2.891708 -6.185817 -23.243475 -8.979033 -1.407808 24.608526 8.282731 -5.455328 -4.262207 17.949330 3.320062 -0.000000 0.000000 0.000000 -9.188128 -1.431861 -0.796151 64.716690 0.653658 0.213186 7.719368 6.833619 14.738650 -0.000000 0.000000 0.000000 25.595725 5.355845 -0.524829 8.815476 -1.033533 -2.878871 4.145613 4.896455 -1.866328 20.556698 -4.381445 -8.943901 1.139000 4.162398 3.885251 -0.000000 0.000000 0.000000 -15.042902 -15.606411 3.567530 -31.484691 -21.173555 -55.867896 109.509945 -44.309823 160.805254 -19.366730 -7.644397 46.877571 -5.767995 20.601234 -15.929247 -27.065492 21.677921 41.096814 113.973509 49.608892 -155.151521 -13.936330 2.128235 -46.412459 
-86.886799 91.747785 89.723682 -7.027224 1.045557 -5.743294 -21.384007 -9.235266 -2.772755 24.710145 6.097761 -6.216957 -6.742617 16.695332 5.260986 -0.000000 0.000000 0.000000 -12.926445 -0.553858 -1.560414 68.595671 1.438769 0.569465 13.980189 6.535964 14.773753 -0.000000 0.000000 0.000000 25.773259 4.855199 -0.281605 8.891801 -0.827608 -1.913075 4.989543 4.666552 -1.615043 19.908401 -4.656377 -8.612992 1.533515 3.763943 3.769291 -0.000000 0.000000 0.000000 -15.124144 -15.723715 4.538841 -32.429443 -20.986075 -55.207700 109.022810 -44.197768 161.061148 -18.006301 -7.725927 47.080421 -6.361291 20.288189 -15.532175 -26.667980 22.056615 42.271343 114.323365 48.254197 -156.658755 -14.361721 1.762727 -44.934126 
-85.923284 92.232770 92.611146 -6.990421 6.099906 -4.933028 -18.768067 -9.298300 -4.356756 23.635030 3.104971 -6.548424 -8.175094 14.962156 6.201695 -0.000000 0.000000 0.000000 -15.697425 0.145760 -2.750194 71.273918 1.925970 1.154270 8.239885 3.658110 12.731562 -0.000000 0.000000 0.000000 26.209814 4.387837 0.149649 9.735375 -1.161223 -0.905218 5.096584 4.165128 -1.428249 19.871905 -4.290888 -7.620281 1.699547 2.210365 3.720734 -0.000000 0.000000 0.000000 -15.441795 -16.440988 5.115042 -33.411219 -21.137596 -54.390369 107.744633 -44.081665 160.538849 -16.100908 -7.423657 46.648987 -6.605886 20.057128 -14.914363 -26.225214 21.252685 42.687183 113.431959 46.204329 -157.023112 -12.667149 1.483561 -44.859484 
-84.818971 92.565078 95.245683 -6.270820 10.878124 -4.197060 -17.138581 -9.352647 -6.594927 22.819833 0.602541 -5.392759 -9.323573 13.312281 6.942111 -0.000000 0.000000 0.000000 -19.357872 1.104166 -4.087595 72.634711 1.042438 1.072679 1.290377 -0.373987 10.386100 -0.000000 0.000000 0.000000 25.951912 3.843289 0.953371 10.088044 -1.211903 -0.152429 5.200554 3.728627 -1.341429 20.256257 -4.378307 -6.841066 1.706422 0.936722 3.521788 -0.000000 0.000000 0.000000 -15.467936 -16.943651 5.547344 -34.563472 -21.706200 -54.028286 106.150598 -44.136246 159.372181 -14.086810 -7.128625 46.737224 -6.470571 19.625892 -14.564711 -25.446784 20.464487 42.531595 112.924248 44.645628 -157.696919 -11.063703 1.326541 -45.854592 
-83.621973 92.769414 97.662622 -5.908089 15.158868 -3.601362 -15.292908 -9.869622 -8.621067 22.192693 -2.161957 -4.202918 -10.598236 12.633863 7.751862 -0.000000 0.000000 0.000000 -22.568556 2.543444 -5.245229 71.889342 -0.354241 0.565503 -3.039679 -4.949396 8.042097 -0.000000 0.000000 0.000000 26.233605 3.196485 1.964758 9.727580 -0.946723 0.350425 5.645622 3.453192 -1.111794 20.359862 -5.086697 -6.557815 1.687787 0.322185 3.234810 -0.000000 0.000000 0.000000 -15.346011 -17.168082 6.040924 -35.766399 -22.507450 -54.041625 105.219308 -44.182244 158.805048 -13.326041 -6.675858 46.552080 -6.359513 19.239948 -14.489528 -24.473715 19.782781 41.657041 112.464943 43.807123 -158.458146 -10.132195 1.263360 -46.613280 
-82.414323 92.939478 99.938029 -6.246890 18.972659 -2.756421 -12.835466 -10.448818 -10.409981 21.673507 -5.181255 -3.176486 -11.771857 12.603528 8.448933 -0.000000 0.000000 0.000000 -24.718225 3.818335 -6.297897 69.083591 -1.068135 -0.689743 -6.676024 -7.984983 5.270188 -0.000000 0.000000 0.000000 27.250591 2.681386 2.709472 9.256957 -0.723750 0.631721 6.205898 3.273163 -0.772051 20.232918 -5.636074 -6.398319 1.600470 -0.267721 3.189949 -0.000000 0.000000 0.000000 -15.520879 -17.417072 6.564078 -36.681511 -23.447369 -53.888053 104.998494 -44.296588 158.698632 -13.737236 -6.484598 46.186299 -6.472547 18.961703 -14.281056 -23.811851 18.889599 40.450916 111.342574 43.566887 -158.479038 -8.733525 0.962619 -47.179082 
-81.244022 93.045300 102.174759 -6.721776 22.241642 -1.831492 -10.348059 -11.160664 -12.035607 21.359128 -7.547727 -2.061008 -12.992960 12.613584 8.935365 -0.000000 0.000000 0.000000 -26.149065 5.062090 -6.935672 64.254271 -1.030678 -2.513480 -10.781797 -9.970868 2.481566 -0.000000 0.000000 0.000000 27.986154 2.433108 2.894802 9.294437 -0.531912 0.932807 6.646144 3.152854 -0.372247 20.161711 -5.662003 -5.965907 1.491336 -1.151327 3.205187 -0.000000 0.000000 0.000000 -15.710410 -17.660456 6.999487 -37.479878 -24.663563 -53.523208 104.783315 -44.511665 158.410478 -13.759111 -6.770623 45.685433 -6.560689 18.604143 -13.707030 -23.421975 17.944422 38.925025 109.400127 43.819110 -157.722656 -6.977102 0.595228 -47.663295 
-80.074614 93.015987 104.376876 -6.757865 24.947559 -1.351039 -8.298987 -11.705385 -12.995714 21.241918 -9.693861 -1.131780 -14.384748 12.354924 9.586465 -0.000000 0.000000 0.000000 -27.516047 6.149604 -6.980966 57.619637 -0.115449 -4.274858 -13.113186 -11.542988 0.682278 -0.000000 0.000000 0.000000 27.962389 2.291609 2.892680 9.628298 -0.284667 1.276729 7.125310 3.109248 0.001282 20.019935 -5.628936 -5.562329 1.379138 -1.860521 3.347005 -0.000000 0.000000 0.000000 -15.864366 -17.706710 7.431595 -38.193401 -25.948543 -53.280923 104.581233 -44.607547 157.924519 -13.312967 -6.636515 45.496154 -6.545824 18.082204 -13.104201 -23.180933 17.201908 37.421309 107.761171 44.519569 -157.187978 -6.328263 0.263816 -47.810298 
-78.824794 92.868006 106.515288 -6.454790 27.620395 -1.285594 -6.538384 -11.696185 -13.429430 21.457662 -11.756241 -0.219167 -15.822559 11.557474 10.197466 -0.000000 0.000000 0.000000 -28.718983 6.771349 -6.793355 49.655634 1.320218 -5.641268 -12.503008 -11.644909 0.761008 -0.000000 0.000000 0.000000 27.672096 2.145709 3.033076 9.845961 -0.218596 1.665993 7.585295 3.018713 0.404734 19.797833 -5.612003 -5.363210 1.131241 -2.304544 3.530600 -0.000000 0.000000 0.000000 -16.049283 -17.648888 7.764409 -38.701393 -27.123784 -53.064067 104.727847 -44.852315 157.721707 -13.080246 -6.357085 45.249281 -6.566465 17.404662 -12.567301 -23.056000 16.613235 36.114380 107.129736 45.428966 -157.343718 -7.115121 0.013873 -47.294282 
-77.439976 92.636746 108.644795 -6.073232 30.481462 -1.522562 -4.772956 -11.196179 -13.322192 22.092199 -13.724703 0.710891 -17.420227 9.954313 10.595115 -0.000000 0.000000 0.000000 -29.378318 6.748585 -6.571959 40.484303 2.742686 -6.124610 -9.049109 -10.151477 2.408733 -0.000000 0.000000 0.000000 27.574776 2.068960 3.298745 9.823840 -0.424776 2.158680 7.847684 2.784706 0.978210 19.553080 -5.523089 -5.306980 0.590951 -2.502819 3.741194 -0.000000 0.000000 0.000000 -16.184893 -17.590974 7.984285 -39.116917 -28.106695 -52.952211 105.418600 -45.139243 158.010105 -13.394143 -6.237738 45.103101 -6.746961 16.512833 -12.068612 -23.037124 16.110123 35.041277 107.324573 46.193722 -157.894892 -8.280433 -0.005297 -46.919095 
-75.857311 92.263585 110.838640 -5.435237 33.152779 -2.056930 -3.036894 -10.797165 -12.872288 22.555074 -15.597473 1.378986 -18.965805 8.228118 11.171495 -0.000000 0.000000 0.000000 -29.705079 6.572842 -6.008386 30.507967 3.509103 -5.650015 -3.803796 -8.143865 4.630460 -0.000000 0.000000 0.000000 27.436343 1.968345 3.482874 9.517517 -0.756259 2.672257 7.852857 2.490688 1.601658 19.475243 -5.359275 -5.262506 -0.077136 -2.422882 4.063222 -0.000000 0.000000 0.000000 -16.124681 -17.476973 8.115582 -39.501712 -29.043671 -52.888915 106.224818 -45.467343 158.348301 -13.689237 -6.305243 45.193813 -6.893756 15.516491 -11.545342 -23.030382 15.783578 34.222410 107.383514 46.605905 -158.155240 -8.594357 0.072190 -47.057632 
-74.000156 91.760308 113.167214 -4.857227 35.105543 -2.499205 -0.885530 -10.329843 -12.321070 22.443705 -17.023821 1.545585 -20.513655 6.667545 11.921949 -0.000000 0.000000 0.000000 -29.388573 6.182196 -5.036961 19.797049 3.073579 -4.347894 3.167816 -6.205086 7.222212 -0.000000 0.000000 0.000000 27.406726 1.792124 3.316184 9.000377 -1.096564 2.998149 7.744770 2.212529 2.199901 19.414913 -5.166890 -5.270293 -0.788340 -2.006492 4.389370 -0.000000 0.000000 0.000000 -15.908378 -17.280070 8.268710 -39.905265 -29.884949 -52.785313 106.786354 -45.927504 158.558971 -13.717835 -6.394166 45.374046 -7.166115 14.547292 -11.089275 -23.017803 15.749597 33.794639 107.138803 46.735070 -158.101523 -8.137161 0.268565 -47.161341 
-71.824497 91.168272 115.647972 -4.392376 36.271433 -2.675787 1.765507 -9.385295 -11.746032 21.692291 -18.326510 1.081841 -21.841149 5.563135 11.949665 -0.000000 0.000000 0.000000 -28.368959 5.173610 -3.532121 9.759738 1.603425 -2.982514 5.097768 -3.718014 9.374531 -0.000000 0.000000 0.000000 27.271646 1.647946 2.681231 8.742624 -1.604309 3.187164 7.267113 1.940059 2.674866 19.592994 -4.115379 -5.171753 -1.635916 -2.050595 4.487270 -0.000000 0.000000 0.000000 -15.742427 -17.395030 8.395909 -39.886076 -30.679828 -52.449689 107.184811 -46.557251 158.870366 -14.012466 -6.428522 45.633548 -7.543747 13.859880 -10.625633 -23.090825 15.671479 33.467540 107.120532 46.694185 -158.003786 -7.933526 0.682740 -47.254296 
-69.243002 90.486711 118.325114 -4.240589 36.979182 -2.478191 5.002486 -7.379663 -11.105229 20.946463 -20.063358 0.135489 -22.935926 4.786237 11.479884 -0.000000 0.000000 0.000000 -26.554601 3.919326 -1.426149 1.877477 3.178467 -1.211469 1.406908 0.530255 9.434984 -0.000000 0.000000 0.000000 26.698879 1.398618 1.931030 9.084949 -2.348398 3.288094 6.606944 1.569082 2.939243 19.853799 -2.301871 -5.172448 -2.505755 -2.399879 4.351991 -0.000000 0.000000 0.000000 -15.851526 -17.900048 8.490627 -39.476699 -30.891048 -52.063627 107.441715 -47.213291 159.137149 -14.888719 -6.379072 45.934100 -7.768649 13.521791 -10.379846 -23.719406 15.392586 33.095780 107.302710 46.540093 -157.658512 -8.166748 0.991339 -47.384607 
-66.358298 89.815712 121.013176 -3.733530 37.308889 -2.516150 7.395428 -5.106234 -10.402253 21.171466 -20.920540 -1.184187 -23.448348 3.902821 10.342488 -0.000000 0.000000 0.000000 -26.355895 3.839928 1.873932 0.278090 7.453592 -1.368631 0.867898 7.547524 10.850579 -0.000000 0.000000 0.000000 25.717247 0.927106 1.553205 9.440146 -2.909565 3.393264 5.510721 1.214161 2.861188 20.542972 -0.854996 -5.490965 -3.531769 -2.301183 4.141484 -0.000000 0.000000 0.000000 -16.145207 -18.723818 8.041881 -38.738638 -30.824839 -52.072691 107.905681 -47.905514 159.604006 -15.063509 -6.151238 45.860577 -8.049123 13.437249 -10.349010 -24.057386 15.252144 32.631015 107.884133 46.495066 -157.475241 -8.506020 1.207704 -47.339855 
-63.094050 89.161956 123.779905 -3.846372 38.344580 -2.204818 9.494047 -3.547230 -9.723387 23.009387 -21.372369 -2.469699 -23.135457 3.252024 9.315909 -0.000000 0.000000 0.000000 -26.759344 5.657098 4.961734 5.510507 12.132394 -2.273291 5.619716 13.941133 12.429704 -0.000000 0.000000 0.000000 24.873371 -0.147849 2.205177 9.404046 -3.367551 3.494297 4.713862 0.758821 2.379187 21.153345 -0.633726 -6.189403 -4.223795 -1.085396 3.795439 -0.000000 0.000000 0.000000 -16.395055 -19.494884 7.244189 -38.220430 -30.699778 -52.900568 108.191864 -48.541272 159.922819 -14.910434 -5.603725 45.721963 -8.543391 13.428988 -10.752899 -23.725933 15.435930 32.187451 108.534971 46.611690 -157.416208 -8.669183 1.354672 -47.101576 
-59.694278 88.791114 126.335716 -3.680474 41.088648 -2.891734 8.958200 -3.190592 -7.999536 28.754483 -21.244732 -3.553613 -21.090656 2.643483 7.546083 -0.000000 0.000000 0.000000 -29.395879 9.291555 7.820663 15.422883 12.534118 -3.777215 4.259544 6.465706 9.923838 -0.000000 0.000000 0.000000 23.766237 -2.040532 4.754704 8.779082 -3.540159 3.941079 4.740284 -0.129026 1.644478 21.067601 -2.173393 -7.022235 -3.995041 1.728701 3.026132 -0.000000 0.000000 0.000000 -15.522562 -19.889245 6.276001 -39.117591 -30.649878 -54.518092 107.393430 -48.323864 159.306306 -16.179047 -5.205761 45.814626 -8.284550 13.730737 -11.580538 -22.939385 15.843847 31.041048 107.934826 46.761874 -157.086762 -8.486024 1.452115 -47.106969 
-56.429583 89.173162 128.584456 -5.208547 44.584847 -3.211165 7.503283 -2.111006 -4.671320 37.289101 -20.466602 -4.530492 -15.354972 1.025350 3.256299 -0.000000 0.000000 0.000000 -30.630154 10.983778 9.774563 25.355755 10.106538 -2.422967 0.928482 3.300131 6.839163 -0.000000 0.000000 0.000000 24.976302 -3.444067 7.462316 8.545815 -4.169095 4.858317 4.469891 -0.852529 1.480655 20.900270 -2.759264 -7.477125 -4.034584 3.303415 2.932991 -0.000000 0.000000 0.000000 -14.990780 -21.399370 5.869078 -39.795463 -29.957464 -56.483337 106.661476 -47.560781 159.071333 -16.702456 -5.178389 45.849752 -7.593850 14.426437 -12.796113 -23.279449 14.706625 30.248647 107.336461 46.812634 -156.239998 -8.518685 1.662296 -47.557162 
-53.597403 89.666802 130.845141 -7.315799 48.370239 -2.145400 4.642725 -0.418117 -1.236044 47.511321 -18.952114 -4.472221 -9.718503 -1.101412 -4.152943 -0.000000 0.000000 0.000000 -28.404762 9.670594 10.734653 30.610323 8.196947 -3.262410 -3.503448 1.492222 5.138631 -0.000000 0.000000 0.000000 26.079704 -3.448786 8.635721 8.967059 -5.396581 5.380240 4.191557 -1.526162 1.546748 21.069501 -3.494251 -7.242981 -4.355527 3.926769 4.229761 -0.000000 0.000000 0.000000 -14.944397 -23.355931 5.606172 -40.558549 -29.278452 -57.685742 106.048781 -47.438340 158.204910 -17.394199 -4.906604 45.820882 -7.302687 15.116005 -13.671618 -23.299141 12.378932 29.870105 108.478050 46.692188 -156.727291 -9.968641 1.484945 -47.323142 
-51.175261 89.936781 132.706273 -6.401428 51.817319 -1.730639 -2.409250 -0.709309 -0.104447 57.190130 -15.859474 -4.580998 -0.387003 -2.576184 -9.737182 -0.000000 0.000000 0.000000 -26.896658 8.445094 10.563654 32.967537 7.793288 -6.213444 -7.767818 -0.777096 4.168088 -0.000000 0.000000 0.000000 25.089065 -2.815545 8.226612 8.211648 -6.392217 5.454169 5.422912 -2.345744 1.470539 20.647997 -4.521047 -7.242086 -3.700974 4.248166 4.932008 -0.000000 0.000000 0.000000 -14.384365 -24.226618 5.340016 -41.640867 -29.471048 -58.547332 105.611251 -47.446473 157.634363 -18.465403 -4.508385 45.889362 -7.387439 14.710328 -13.904822 -23.155048 11.571549 28.825483 109.572148 46.479030 -157.463700 -11.609374 1.555872 -46.935404 
-49.011949 90.351123 134.225655 -5.177434 53.824467 -1.893799 -9.762403 -1.575382 1.019274 64.510467 -12.853285 -6.180272 1.836480 -0.314681 -8.205144 -0.000000 0.000000 0.000000 -25.682190 7.886151 8.923363 33.658141 8.238129 -5.683749 -9.938639 -1.966775 3.467297 -0.000000 0.000000 0.000000 24.646139 -1.794530 7.886914 7.612963 -6.507954 5.001976 6.671366 -2.305464 1.241974 19.795035 -5.924206 -7.889319 -3.726268 4.836810 5.174642 -0.000000 0.000000 0.000000 -13.807438 -24.520399 5.336965 -42.175762 -28.921340 -58.905600 105.938622 -47.106841 157.754189 -19.909127 -4.712502 46.412155 -6.725611 14.567797 -14.557959 -23.969763 10.770544 26.978252 109.595403 46.135524 -157.663221 -11.423480 1.544317 -47.242704 
-46.748418 91.007429 135.592532 -6.293103 55.385736 -0.286118 -14.838228 -1.982260 2.501298 69.117948 -9.134018 -7.722586 -2.872507 3.058525 -5.665279 -0.000000 0.000000 0.000000 -22.303062 6.988111 7.383445 33.043427 8.344950 -5.541026 -11.474180 -2.183878 3.747440 -0.000000 0.000000 0.000000 25.904440 -0.684484 7.657845 7.923155 -6.378259 4.295197 6.765421 -1.739634 1.075635 19.486389 -7.091265 -8.507386 -3.978437 5.377092 5.080599 -0.000000 0.000000 0.000000 -13.618460 -24.166915 4.694824 -41.885813 -27.940946 -58.854459 106.754675 -46.705010 157.799678 -20.587356 -5.013349 46.399807 -6.216282 14.881483 -14.959390 -25.095794 10.438881 25.061552 109.781690 46.273461 -157.663100 -9.973802 1.491303 -48.027185 
-44.487515 91.662186 136.793244 -6.952057 57.967026 1.346274 -20.211718 -3.423563 3.596678 71.149332 -5.962765 -9.506357 -6.453590 5.274402 -3.140635 -0.000000 0.000000 0.000000 -18.268633 6.285416 5.652953 30.829821 8.699164 -5.761201 -12.915273 -3.640417 3.286407 -0.000000 0.000000 0.000000 26.665330 0.269769 7.185592 7.949929 -6.686433 3.819329 6.906488 -1.533005 1.058951 19.521047 -8.042657 -8.695887 -3.621405 6.128718 5.108309 -0.000000 0.000000 0.000000 -12.882912 -23.429824 4.506136 -41.184337 -26.826102 -58.708434 107.525516 -46.161233 157.554697 -21.145123 -5.401553 46.633898 -5.843227 15.097684 -15.541797 -26.035440 10.892459 24.535076 109.572045 46.739672 -157.441667 -9.142405 1.275001 -48.486028 
-42.234772 92.203891 137.831020 -7.421951 61.258005 3.004511 -25.439359 -5.376256 3.771819 70.121398 -4.773227 -10.461958 -8.943717 6.350197 -0.314030 -0.000000 0.000000 0.000000 -14.486377 5.119320 3.731064 28.598011 8.802152 -5.824896 -14.205031 -5.258766 2.594162 -0.000000 0.000000 0.000000 27.155473 1.209337 6.532193 7.526334 -7.182665 3.452740 7.300661 -1.482223 1.180031 19.615658 -8.913403 -8.254172 -3.126799 6.597762 5.573624 -0.000000 0.000000 0.000000 -12.299412 -22.905897 4.291241 -40.199223 -26.192314 -58.392183 108.587862 -45.675531 157.445035 -22.344521 -5.604098 46.596213 -5.739490 15.331446 -16.162876 -26.700382 11.397773 24.760020 109.838056 47.437386 -157.800489 -9.791220 0.858683 -48.033825 
-39.919931 92.590314 138.785350 -8.542452 64.582199 4.967402 -29.680259 -6.652283 4.069131 66.395889 -4.070294 -10.306694 -11.055445 6.750938 1.435314 -0.000000 0.000000 0.000000 -10.697293 3.187552 2.166696 26.432429 8.274888 -5.861777 -15.379198 -5.936197 2.346684 -0.000000 0.000000 0.000000 27.906958 2.090568 6.069694 7.247018 -7.592888 3.051835 7.219866 -1.263762 1.373541 19.796830 -9.630832 -7.622976 -2.971726 6.661486 6.256392 -0.000000 0.000000 0.000000 -12.128270 -22.503044 3.933549 -39.196203 -25.700891 -58.101522 109.486332 -45.272679 157.146729 -23.473752 -5.892545 46.458420 -5.668409 15.795975 -16.842007 -27.436919 11.705979 25.096977 110.508574 48.231012 -158.255065 -10.709270 0.636054 -47.772895 
-37.504169 92.684811 139.701879 -9.211981 67.489591 6.445416 -32.970254 -7.738297 4.354899 59.879639 -2.614719 -9.948828 -11.401719 7.058426 2.501923 -0.000000 0.000000 0.000000 -7.607892 1.457569 0.855684 24.845438 7.614531 -5.681167 -16.852537 -6.293413 2.228636 -0.000000 0.000000 0.000000 28.139115 2.897257 5.491472 7.002827 -7.703641 2.520512 7.086028 -0.896312 1.443324 19.847385 -9.941144 -6.954345 -2.619913 6.296789 6.789921 -0.000000 0.000000 0.000000 -12.036822 -21.999399 3.896952 -38.465621 -25.398402 -58.074023 109.726589 -44.998041 156.593073 -23.753584 -6.155272 46.575939 -5.478429 16.149011 -17.533049 -28.353170 12.126058 25.636809 110.248056 49.035928 -157.819261 -10.649239 0.770016 -47.903642 
-34.869593 92.592221 140.543020 -9.256899 69.869902 7.280036 -34.907881 -8.862963 4.423778 50.373506 -0.626733 -9.344707 -9.640177 8.094261 3.223021 -0.000000 0.000000 0.000000 -4.923743 0.375365 -0.209701 23.666234 7.127031 -5.392778 -18.632114 -6.938459 2.014478 -0.000000 0.000000 0.000000 27.839850 3.544059 4.780298 6.888623 -7.506620 1.873122 7.036792 -0.432821 1.390639 19.645979 -9.979904 -6.394930 -2.238478 5.763994 7.100164 -0.000000 0.000000 0.000000 -12.099791 -21.230039 4.103019 -38.017906 -25.293634 -58.380438 109.663681 -44.639904 156.197838 -24.107659 -6.290002 46.839113 -5.444396 16.409884 -18.117989 -29.171218 12.843707 26.511088 109.311025 49.860112 -156.872820 -10.016283 0.816166 -47.872440 
-31.844127 92.542809 141.244876 -9.563706 71.923767 7.984862 -34.719840 -9.767287 4.318211 37.467492 1.335725 -7.432520 -5.324296 9.588002 2.902964 -0.000000 0.000000 0.000000 -2.129691 -0.465712 -0.878321 22.721657 6.367827 -4.984967 -20.182841 -7.590261 1.918334 -0.000000 0.000000 0.000000 27.342897 3.966390 4.439085 7.189526 -7.133851 1.225181 6.786718 0.094073 1.272783 19.333159 -9.664479 -5.978576 -1.939569 5.105759 7.268215 -0.000000 0.000000 0.000000 -12.428016 -20.300718 4.280087 -37.521353 -25.370237 -58.584254 109.484730 -44.371178 156.313928 -24.730059 -6.477918 47.088150 -5.498284 16.755029 -18.536730 -29.776182 13.732194 27.575171 108.351833 50.717511 -155.752527 -9.543065 0.911153 -48.194591 
-28.252971 92.618340 141.734195 -10.913977 73.619774 9.189600 -32.180621 -9.518479 4.088771 21.783111 2.720348 -3.354315 0.784794 10.452506 1.319615 -0.000000 0.000000 0.000000 0.983129 -1.642869 -1.018603 22.129391 5.454786 -4.849342 -21.180519 -8.064469 1.974182 -0.000000 0.000000 0.000000 26.777203 4.221480 4.817877 7.857685 -6.614798 0.501612 6.274510 0.628980 1.164688 19.102085 -9.325234 -5.873289 -1.768247 4.559791 7.325944 -0.000000 0.000000 0.000000 -12.934051 -19.275857 4.403742 -36.925740 -25.070652 -58.909433 109.165423 -43.939352 156.587972 -24.856253 -6.535611 47.312532 -5.537921 17.275100 -18.981542 -30.203473 14.336511 28.917345 108.099828 51.680675 -154.998745 -9.069070 1.109673 -48.229380 
-24.168298 92.583257 142.015219 -13.292821 74.858725 10.952804 -28.987743 -8.351017 4.277845 8.185274 1.847118 -0.087735 3.464107 11.054174 0.713331 -0.000000 0.000000 0.000000 4.203361 -2.992333 -0.842922 22.221964 4.856479 -4.831668 -22.055686 -8.512344 2.158465 -0.000000 0.000000 0.000000 26.006900 4.456660 5.747729 8.306641 -6.059224 -0.230149 6.053530 1.329659 1.000675 19.043415 -9.225427 -6.058350 -1.623496 4.268850 7.316231 -0.000000 0.000000 0.000000 -13.385028 -18.454982 4.630831 -36.253122 -24.135517 -59.167497 108.878154 -43.441430 156.963932 -24.929803 -6.646779 47.583895 -5.344440 17.929409 -19.618726 -30.502373 14.279312 30.346478 108.185926 52.553872 -154.192063 -8.996903 1.244449 -48.204246 
-19.862869 92.311603 142.082763 -15.939799 75.939256 13.204424 -25.942726 -8.167274 4.127094 0.170244 0.820168 0.488576 -1.442259 12.197797 2.640532 -0.000000 0.000000 0.000000 7.019245 -3.734176 -1.255574 23.265493 4.562345 -4.499837 -22.842248 -9.135428 2.928575 -0.000000 0.000000 0.000000 24.801631 4.748412 6.142717 8.940164 -5.663605 -0.487961 5.732946 2.015006 0.797740 19.353254 -9.115382 -6.031977 -1.606025 3.924233 7.057443 -0.000000 0.000000 0.000000 -13.875922 -17.692419 4.348007 -35.688242 -23.680720 -59.101746 108.975848 -43.188694 157.461265 -24.747423 -6.720763 47.762659 -5.202527 18.342276 -19.441292 -30.148453 14.641872 31.134984 108.394741 53.265372 -153.563134 -9.440440 1.153896 -47.571916 
-15.631340 91.779912 142.046213 -22.203777 77.758570 19.297435 -24.249968 -8.335175 3.196277 1.855699 0.623306 -0.061000 -3.104169 11.479105 0.970486 -0.000000 0.000000 0.000000 9.975198 -4.208460 -1.783333 25.033667 3.534449 -4.118807 -22.939648 -9.164378 3.832798 -0.000000 0.000000 0.000000 23.936717 5.286174 5.815346 10.004885 -5.774684 0.034664 4.828091 2.362636 0.779210 19.929831 -8.946967 -5.506471 -1.869935 3.028903 6.934684 -0.000000 0.000000 0.000000 -14.233715 -17.689983 4.083122 -35.456813 -23.956411 -58.774129 108.772941 -43.237486 157.877254 -24.089294 -6.780251 47.655746 -5.461904 18.544684 -18.503151 -29.003661 14.690922 31.089690 108.807893 53.520008 -153.202340 -10.242149 1.072194 -46.803172 
-11.460746 91.000611 141.918349 -29.569847 79.948162 26.879508 -23.361395 -9.160513 1.544901 4.240773 2.607710 -0.835996 4.912303 11.729464 -1.355620 -0.000000 0.000000 0.000000 11.360310 -4.221492 -2.475788 28.803488 2.196381 -3.445538 -22.036112 -9.074265 3.772602 -0.000000 0.000000 0.000000 22.299924 5.832223 4.794946 11.276130 -5.820963 0.948693 4.016003 2.416049 0.823530 20.256159 -9.040940 -4.747176 -1.766818 1.921116 7.212685 -0.000000 0.000000 0.000000 -14.278489 -18.016873 4.165405 -35.775749 -25.019926 -58.448497 108.207120 -43.452631 157.971698 -23.257257 -6.457429 47.809160 -5.663956 18.257793 -17.414157 -27.522082 14.519945 30.810568 108.356886 53.048513 -152.843216 -10.549047 1.039552 -46.180243 
-7.374052 90.079361 141.585219 -31.179265 81.755493 28.721920 -24.472961 -9.995184 -0.054132 8.515345 3.298197 -1.668998 12.851503 11.980655 -2.325620 -0.000000 0.000000 0.000000 9.228860 -3.631648 -3.342352 36.136151 1.565496 -3.007431 -19.384456 -8.570361 3.961528 -0.000000 0.000000 0.000000 20.030376 6.097341 3.636699 11.112285 -5.411750 1.718556 4.161243 2.547005 0.793192 20.088363 -9.046073 -4.261341 -1.137635 1.005926 7.220218 -0.000000 0.000000 0.000000 -14.188782 -17.847612 4.587898 -36.176592 -25.937329 -58.273722 107.715118 -43.544331 157.899816 -22.700798 -5.817784 48.195679 -5.914347 17.570271 -16.413351 -26.665759 14.729371 30.839947 107.255418 52.148637 -152.133922 -9.921504 0.861357 -45.439154 
-3.884860 89.680094 141.125691 -31.367232 83.911105 30.204304 -28.370261 -10.014737 -2.437792 18.229373 3.686975 -4.007567 4.732935 11.302991 1.790457 -0.000000 0.000000 0.000000 4.588420 -2.611599 -4.611567 45.530725 1.544286 -3.559944 -14.537719 -8.412422 5.495471 -0.000000 0.000000 0.000000 19.214610 6.168842 1.699714 9.460319 -5.367686 2.038487 5.021364 2.482265 0.671523 19.225782 -8.992287 -3.718750 -1.006807 0.129786 7.270999 -0.000000 0.000000 0.000000 -13.917096 -18.066274 4.970605 -36.681001 -26.364445 -57.072921 108.017799 -43.911154 158.196595 -21.706735 -6.138871 48.069863 -6.397568 16.874295 -15.360525 -26.260226 15.158085 31.313295 106.383137 51.013148 -152.481031 -8.729390 0.893359 -45.017681 
-0.749731 90.123498 140.849197 -50.295230 84.516872 50.223574 -28.122692 -9.606992 -3.675389 23.710546 2.907500 -6.104056 1.598865 9.954762 1.982080 -0.000000 0.000000 0.000000 2.228191 -1.473590 -4.695358 53.436405 1.829004 -4.977704 -10.701777 -7.548590 5.445223 -0.000000 0.000000 0.000000 21.382941 6.204694 0.324185 9.451709 -5.280749 1.917907 4.484552 2.497181 0.787247 18.858622 -9.070952 -4.013696 -2.061290 -0.497735 7.682483 -0.000000 0.000000 0.000000 -13.846536 -19.483358 5.595805 -36.338299 -25.476541 -55.129362 107.604196 -44.325239 158.175949 -20.367754 -6.141708 47.917590 -6.561487 17.782091 -15.651787 -26.076407 14.010120 31.988615 106.020136 49.935606 -153.507264 -7.820762 0.564307 -46.092809 
2.096550 90.701663 140.273273 -56.297043 84.424246 56.126133 -26.205266 -7.983162 -4.009934 24.850222 0.844875 -5.881421 -1.069228 9.817036 2.161741 -0.000000 0.000000 0.000000 -1.353331 -0.631624 -4.067345 59.465607 2.033008 -6.701961 -13.275977 -6.482818 4.537404 -0.000000 0.000000 0.000000 22.817722 5.590984 1.244887 9.125631 -4.538082 1.321544 3.816799 2.897777 0.528643 19.918619 -9.092387 -5.265672 -2.556970 0.001443 6.729173 -0.000000 0.000000 0.000000 -14.107556 -19.710041 5.688576 -35.387954 -24.065069 -54.796596 107.446367 -44.454574 157.804231 -20.540665 -5.545366 47.801503 -6.374804 18.948403 -16.568446 -26.893002 13.846628 33.060955 106.129605 50.038746 -153.508165 -7.538482 0.111061 -46.733420 
4.502117 91.259456 139.662123 -61.766005 85.860787 61.575396 -25.460893 -8.164962 -5.862213 24.433618 0.145073 -4.062685 -2.812800 10.446959 2.688703 -0.000000 0.000000 0.000000 -6.692589 0.927178 -3.592589 63.130264 1.469294 -6.660374 -15.150313 -6.908234 3.339219 -0.000000 0.000000 0.000000 22.791867 4.520239 2.319868 8.079777 -3.893145 1.076975 4.435777 2.917907 0.179173 20.608193 -8.937802 -5.917327 -1.879388 0.515863 5.567949 -0.000000 0.000000 0.000000 -14.145928 -19.020027 5.805394 -34.913883 -23.983841 -55.799481 107.852476 -44.276289 158.203233 -21.610589 -5.107667 47.132171 -6.504221 19.116019 -16.968011 -27.438664 15.224675 34.068573 106.257548 50.536087 -153.767429 -8.329910 -0.225587 -45.975715 
6.622541 91.798860 139.216554 -92.183958 86.678045 92.013405 -24.381995 -9.873075 -8.182951 23.867488 -1.501128 -2.177768 -3.838656 12.347272 2.974778 -0.000000 0.000000 0.000000 -11.165329 2.415698 -3.355328 64.440869 0.923195 -5.330167 -17.473606 -8.517542 1.911279 -0.000000 0.000000 0.000000 23.776539 3.733759 2.944768 7.542146 -3.591534 1.255474 4.965844 2.567722 0.207069 20.193456 -8.730855 -5.571509 -1.906767 0.449387 5.335198 -0.000000 0.000000 0.000000 -14.098351 -19.059227 5.971819 -35.034575 -24.613819 -56.382794 107.778621 -43.756081 158.572960 -22.018802 -5.330668 47.117588 -6.763087 19.099275 -17.260921 -27.189633 15.624602 33.889228 106.392101 50.554584 -154.619447 -9.984521 -0.098989 -45.658616 
8.455676 92.283505 139.011359 -112.665495 86.315182 112.143927 -23.127321 -10.868740 -8.575688 23.892094 -3.331394 -1.873509 -4.679156 13.622761 2.811529 -0.000000 0.000000 0.000000 -15.650276 3.660472 -2.641463 63.903231 0.719860 -4.553619 -19.005408 -9.656600 0.786347 -0.000000 0.000000 0.000000 25.785451 3.126884 3.399570 6.992060 -3.103047 1.265794 5.226693 2.371214 0.321474 19.171782 -8.150292 -5.190429 -2.144285 0.604446 5.401354 -0.000000 0.000000 0.000000 -14.173326 -19.247036 6.058188 -35.319077 -24.850224 -55.966290 107.042774 -43.323168 158.330232 -20.388776 -5.691510 47.714203 -6.857273 19.232743 -17.512218 -27.161974 15.526752 33.540252 105.523206 50.041275 -154.496019 -9.579595 0.139280 -46.133710 
10.009137 92.664403 138.888586 -121.747301 86.630018 120.757272 -21.886750 -10.542050 -8.100619 22.971733 -4.086604 -1.608207 -5.378945 13.495415 2.926703 -0.000000 0.000000 0.000000 -20.735048 4.616982 -1.654612 61.112726 1.251555 -4.688135 -20.185867 -9.730427 0.082409 -0.000000 0.000000 0.000000 27.298880 2.367947 3.724870 6.434075 -2.512654 0.979180 5.197866 2.332443 0.292375 18.406748 -6.993867 -5.238423 -2.407443 1.232793 5.314147 -0.000000 0.000000 0.000000 -14.206623 -18.968681 6.203788 -35.443844 -24.763276 -55.178035 106.450238 -43.228368 158.093062 -18.570898 -5.840004 48.319125 -6.755349 19.296368 -17.564626 -27.738674 16.148400 33.807424 104.454698 49.515676 -153.753137 -7.961516 0.178919 -46.601529 
11.360090 92.915255 138.780713 -141.591375 86.856743 139.935780 -21.432165 -9.649446 -7.564529 22.576385 -4.782687 -0.945207 -6.165971 12.538625 3.275396 -0.000000 0.000000 0.000000 -25.011051 4.911165 -0.541197 54.928544 2.247118 -5.006371 -20.374801 -9.756731 -0.188433 -0.000000 0.000000 0.000000 28.207041 1.710789 4.320867 5.722043 -2.149855 0.762701 5.334323 2.204721 0.324479 17.754297 -6.152504 -5.603432 -2.515807 2.116608 5.213191 -0.000000 0.000000 0.000000 -14.165476 -18.458494 6.364436 -35.879463 -24.905586 -54.988306 106.326922 -43.502337 158.043537 -18.543638 -5.875732 48.549873 -6.610607 19.031809 -17.546549 -28.259118 17.124370 34.199115 104.471890 49.174370 -153.793860 -7.537553 0.230194 -46.677888 
12.607571 93.107402 138.595498 -160.557216 85.647943 158.680656 -20.671139 -9.276717 -7.661884 22.100530 -5.966294 -0.402679 -6.711263 11.477585 3.530365 -0.000000 0.000000 0.000000 -27.213961 4.023489 -0.681751 45.267624 2.666098 -5.107019 -17.305145 -8.567074 1.797982 -0.000000 0.000000 0.000000 29.112016 1.541599 4.688193 5.153206 -2.372206 0.680588 5.562575 1.869021 0.589803 17.139453 -5.683064 -5.817274 -2.650909 2.605368 5.429991 -0.000000 0.000000 0.000000 -14.201693 -18.393983 6.366240 -36.704027 -25.657137 -55.518554 106.385763 -44.038211 157.945340 -18.782861 -5.683566 48.488008 -6.662965 18.325018 -17.335113 -28.213765 17.650969 34.185692 105.168702 48.893930 -154.340970 -7.738107 0.208976 -46.921756 
13.781801 93.182284 138.324940 -169.664148 83.559266 167.770401 -20.495912 -8.956677 -7.996814 22.830922 -6.738805 -0.331079 -7.273627 9.844524 3.641824 -0.000000 0.000000 0.000000 -27.368223 3.177503 -1.071326 33.334623 4.898982 -4.842961 -12.538181 -5.520485 5.352699 -0.000000 0.000000 0.000000 29.782437 1.731599 5.072851 4.913957 -2.992668 0.867486 5.555393 1.449829 0.945673 16.590852 -5.638616 -6.164744 -2.955943 2.860793 5.735621 -0.000000 0.000000 0.000000 -14.484181 -18.404396 5.870655 -37.557562 -26.791568 -56.439407 106.714781 -44.445721 157.915020 -18.535259 -5.338915 48.417909 -6.877118 17.359226 -16.724281 -27.981748 17.992895 33.375381 106.057342 48.688430 -154.868978 -7.659857 0.040282 -46.987939 
15.012304 92.950857 137.997651 -172.767957 81.241524 171.011169 -20.288777 -9.034899 -8.450966 24.067201 -7.569294 -0.604504 -8.789853 8.454259 4.324617 -0.000000 0.000000 0.000000 -26.454482 3.115469 -1.623839 23.149338 7.554434 -3.134555 -7.579899 -1.806735 10.066074 -0.000000 0.000000 0.000000 29.873536 1.972653 5.521581 5.156464 -3.612237 1.195207 5.302425 1.164635 1.107681 16.473251 -5.776817 -6.582464 -3.596989 2.955347 5.813205 -0.000000 0.000000 0.000000 -14.674485 -18.528812 5.404075 -38.146830 -27.915598 -57.251573 106.964355 -44.638030 157.984080 -17.996192 -5.321899 48.555261 -7.023776 16.523127 -16.183823 -27.782651 18.348132 31.992246 106.603193 48.896426 -155.157718 -7.554909 -0.133818 -47.067237 
16.382287 92.399710 137.654328 -171.768484 78.462539 170.811918 -20.113940 -9.117743 -9.094094 26.483383 -8.191021 -1.793550 -11.078294 6.598037 5.788886 -0.000000 0.000000 0.000000 -24.821570 2.976154 -2.101753 19.281177 8.325451 -2.203262 2.479293 1.379826 11.471806 -0.000000 0.000000 0.000000 29.996901 2.046256 5.804182 4.770511 -4.179908 1.106128 5.459381 0.879221 1.130760 16.759475 -7.076040 -7.100121 -3.919925 3.743543 6.232861 -0.000000 0.000000 0.000000 -14.912193 -18.707213 4.987739 -38.494812 -28.364465 -57.723103 107.688055 -44.813672 158.200121 -17.214423 -5.289782 48.268920 -7.263453 15.997975 -16.267622 -27.311667 18.283027 31.291226 107.108662 49.310290 -155.645394 -7.335368 -0.404091 -47.298205 
17.693013 91.732305 137.339938 -171.429157 74.861311 171.551898 -21.822177 -8.522553 -9.508386 31.971289 -9.323752 -3.733051 -12.689211 3.638680 5.471600 -0.000000 0.000000 0.000000 -23.690443 2.460017 -2.192383 22.549630 6.363816 -4.401575 -2.278903 -0.063044 8.868506 -0.000000 0.000000 0.000000 30.095001 2.248287 6.122295 3.834116 -4.837693 0.932693 5.741346 0.492835 1.007831 17.234673 -7.718920 -6.978684 -3.685497 3.480751 6.178712 -0.000000 0.000000 0.000000 -15.184315 -19.327634 4.870344 -38.553522 -28.233793 -57.940602 107.829830 -44.656861 157.955015 -17.175237 -5.379737 48.026565 -7.436938 15.948619 -16.737517 -27.050649 16.926596 30.630312 107.745401 49.410631 -156.260993 -8.135621 -0.461413 -47.376221 
18.751036 91.484576 136.833143 -171.595724 71.374115 171.980063 -24.716587 -8.167368 -8.749858 38.645826 -9.796917 -6.157857 -11.311373 0.400853 3.892732 -0.000000 0.000000 0.000000 -23.662222 3.501175 -2.312991 26.797335 5.952305 -4.821085 -4.991945 -3.007098 7.000352 -0.000000 0.000000 0.000000 29.461770 2.228044 7.011814 3.977735 -5.253126 1.404747 6.645447 0.045234 0.800240 16.676464 -8.235158 -6.929963 -3.204650 3.454902 5.510973 -0.000000 0.000000 0.000000 -14.849302 -19.618995 5.085395 -38.925553 -27.779583 -58.157103 107.362756 -43.993249 157.749208 -16.505470 -6.311781 48.438464 -7.434866 16.015464 -17.114742 -27.685122 16.725413 29.756539 107.140594 49.519121 -156.275376 -7.814357 -0.440688 -47.416303 
19.734091 91.725928 136.102116 -168.762481 69.348484 169.157838 -25.366276 -7.014869 -6.622233 43.414967 -9.531531 -8.338642 -10.820262 -1.628340 0.721969 -0.000000 0.000000 0.000000 -21.299557 3.590120 -2.979018 27.408762 4.854929 -3.862690 -6.269441 -3.357287 6.165533 -0.000000 0.000000 0.000000 29.583769 2.325844 7.689733 6.130553 -5.612621 1.826437 5.994020 0.113337 0.627636 16.617947 -8.136107 -6.880942 -3.373554 3.202018 5.197400 -0.000000 0.000000 0.000000 -14.902484 -19.906444 5.027353 -38.200972 -26.585408 -57.934516 107.119240 -43.304195 157.636583 -15.232357 -6.545705 48.766475 -7.479681 16.719782 -17.200469 -29.065479 16.884456 29.642500 107.006185 49.469690 -156.124500 -6.885970 -0.897818 -47.781098 
20.460036 91.871947 135.295165 -168.310856 69.063804 168.855610 -26.898892 -5.794572 -4.866457 48.294549 -7.752229 -9.095996 -12.122491 -1.415348 -1.942024 -0.000000 0.000000 0.000000 -20.099548 2.501858 -3.549625 26.884872 3.769451 -4.490979 -7.028477 -1.556285 7.150951 -0.000000 0.000000 0.000000 29.566813 2.732730 7.363507 6.364439 -5.711427 1.702642 5.897157 0.341968 0.578025 16.982728 -7.498906 -6.568575 -2.954834 2.972038 5.012352 -0.000000 0.000000 0.000000 -14.829090 -19.514654 4.859017 -37.316862 -25.522619 -57.736664 107.744890 -43.078699 157.807646 -15.656862 -6.718473 48.523292 -7.775226 16.983572 -16.879139 -30.449673 17.963665 30.807270 107.771286 49.387569 -156.205758 -6.987660 -0.999274 -47.963959 
20.853291 91.924483 134.327269 -170.224355 69.285864 170.950982 -29.357973 -6.545600 -4.015696 53.015998 -5.741422 -9.319407 -15.159996 1.088848 0.546061 -0.000000 0.000000 0.000000 -19.955312 2.518231 -4.407229 26.198709 4.636060 -4.682203 -7.284384 -2.038872 7.497728 -0.000000 0.000000 0.000000 29.059493 3.012972 6.588287 5.735082 -5.638580 1.541871 6.286510 0.441317 0.524570 16.783674 -7.494165 -6.212641 -2.600684 3.544289 5.158125 -0.000000 0.000000 0.000000 -14.194935 -18.900414 5.104211 -37.172805 -24.885608 -57.250922 108.392564 -43.119631 158.007051 -17.408064 -6.850166 48.505782 -7.645957 16.943298 -16.919446 -31.235352 19.172894 31.912572 107.675875 49.121381 -156.223029 -7.240862 -1.158523 -47.912009 
21.095876 92.078811 133.116734 -170.152070 69.539293 171.010264 -30.483493 -7.987520 -3.154003 56.940977 -3.868392 -8.369920 -16.754592 4.314432 2.246664 -0.000000 0.000000 0.000000 -18.819832 2.399611 -5.438662 24.797282 5.371227 -4.604098 -6.936236 -2.195161 8.181517 -0.000000 0.000000 0.000000 29.552878 3.413281 5.976332 5.286353 -5.641875 1.305160 6.157912 0.561990 0.562195 16.624867 -7.512468 -6.003620 -2.605479 4.109333 5.485888 -0.000000 0.000000 0.000000 -13.784359 -18.722009 5.174518 -37.046289 -24.372154 -56.341808 108.242374 -43.330329 157.675941 -18.055668 -6.664543 48.340224 -7.600854 17.210953 -16.969337 -31.641528 19.678573 32.373934 107.259174 48.967264 -155.727082 -7.140038 -1.090959 -47.719361 
21.257579 92.144203 131.667340 -169.603152 70.077813 170.464444 -30.829071 -9.339885 -1.981007 59.802434 -3.377760 -6.510099 -18.700498 6.508802 3.654768 -0.000000 0.000000 0.000000 -17.651141 1.864823 -6.340986 23.289838 5.984221 -4.929839 -6.552555 -1.695890 9.171935 -0.000000 0.000000 0.000000 30.075219 3.844983 5.371114 4.756592 -5.592320 0.944838 5.938036 0.740667 0.649932 16.768073 -7.238260 -5.922773 -2.585745 4.688880 5.772133 -0.000000 0.000000 0.000000 -13.464752 -18.649274 5.341163 -36.905431 -23.934616 -55.516850 108.168579 -43.589035 157.348285 -18.537601 -6.389986 48.287295 -7.432396 17.446353 -17.207259 -31.812004 19.729682 32.829710 107.086413 49.079171 -155.216874 -7.193573 -1.144786 -47.765465 
21.421514 91.977316 129.985976 -169.285851 70.597393 169.928585 -30.418010 -10.780932 -0.410514 61.308164 -3.801071 -4.252288 -20.419037 8.665465 4.994828 -0.000000 0.000000 0.000000 -16.677650 1.688529 -7.208378 22.203406 6.819125 -5.063053 -6.740191 -1.686475 10.179031 -0.000000 0.000000 0.000000 29.708272 4.070988 4.830086 4.612460 -5.473095 0.725447 5.971053 0.853104 0.704099 16.888199 -6.703240 -5.827293 -2.364809 5.235998 5.757823 -0.000000 0.000000 0.000000 -13.174525 -18.375690 5.504311 -36.854689 -23.808178 -54.983314 108.343695 -43.557930 157.216256 -19.528678 -6.174649 48.124233 -7.237600 17.471432 -17.276632 -31.775460 19.928793 33.161702 107.230299 49.398757 -154.999656 -8.139196 -1.167732 -47.591723 
21.566002 91.686314 128.037882 -167.693802 71.069745 167.923062 -28.505624 -11.742072 1.859266 61.127747 -4.176376 -1.721739 -21.407225 10.843540 5.548279 -0.000000 0.000000 0.000000 -15.592126 1.862830 -8.136821 21.911857 7.845466 -4.842945 -7.343029 -2.146012 11.293627 -0.000000 0.000000 0.000000 29.105941 4.100338 4.325396 5.155231 -5.189284 0.673614 6.107660 0.953347 0.802691 16.647736 -5.831123 -5.553789 -2.011753 5.527052 5.585891 -0.000000 0.000000 0.000000 -12.996527 -18.076137 5.639759 -37.027225 -23.824734 -54.582392 108.526514 -43.211064 157.176937 -20.131565 -6.185257 47.987963 -7.119081 17.406613 -17.038334 -31.726132 19.923235 33.197221 107.244751 49.674922 -154.834723 -8.858249 -1.159210 -47.165829 
21.685493 91.271067 125.789762 -164.946720 71.565085 164.689494 -25.322553 -11.564999 4.767489 59.250784 -3.921229 0.830416 -22.244367 12.953399 5.700106 -0.000000 0.000000 0.000000 -14.340342 1.622203 -9.030232 21.752158 9.030785 -5.012464 -7.872610 -2.367583 12.833115 -0.000000 0.000000 0.000000 28.583219 3.943423 3.930098 5.780294 -4.896423 0.466601 6.210496 1.028832 0.928778 16.403411 -5.021292 -5.304259 -1.640291 5.854080 5.664343 -0.000000 0.000000 0.000000 -12.883827 -17.716148 5.779583 -37.258156 -23.515380 -54.079592 108.753726 -42.739645 157.032024 -20.004629 -6.209017 48.312790 -6.908897 17.329590 -16.826015 -31.624990 19.498755 33.626096 107.389328 49.829786 -154.739620 -8.793975 -1.161027 -47.482503 
21.791653 90.650922 123.119760 -162.283699 71.907485 161.574499 -21.737127 -10.799435 7.731973 56.220303 -3.533239 2.794920 -22.779598 15.315959 5.358587 -0.000000 0.000000 0.000000 -12.997033 1.250144 -10.132957 21.479454 10.259977 -5.556329 -8.525105 -2.665623 14.678944 -0.000000 0.000000 0.000000 27.675962 3.723845 3.631258 6.264996 -4.668813 0.308107 6.284528 1.010550 1.098969 16.470454 -4.577867 -5.047672 -1.209073 6.125626 5.751633 -0.000000 0.000000 0.000000 -12.628177 -17.326341 5.859249 -37.562766 -23.106583 -53.750947 108.984834 -42.369718 156.797300 -19.628741 -6.116018 48.579209 -6.658698 17.046832 -16.530033 -31.218525 18.842798 34.117725 107.965580 49.892719 -154.966132 -8.803501 -1.229388 -47.609621 
21.867245 89.854801 119.922662 -159.720440 72.096092 158.521324 -18.084287 -9.812502 10.483846 52.943626 -3.552109 3.859322 -21.769877 17.553324 3.836241 -0.000000 0.000000 0.000000 -11.312132 1.195138 -11.666275 20.824388 11.289783 -5.855016 -9.182942 -3.147632 16.382985 -0.000000 0.000000 0.000000 26.198497 3.417021 3.720750 6.968611 -4.535651 0.371358 6.261087 0.904387 1.170825 16.902486 -4.392801 -4.916104 -0.823418 6.375230 5.665294 -0.000000 0.000000 0.000000 -12.216430 -16.881474 5.852289 -37.834879 -22.842785 -53.361485 109.359883 -42.312555 156.811317 -20.134528 -5.999746 48.644551 -6.351810 16.561832 -16.035606 -30.647134 18.289916 34.328628 108.533901 49.878123 -155.138387 -8.843822 -1.219372 -47.364056 
21.833320 88.924646 116.141319 -156.389590 72.489783 154.622393 -14.581829 -8.145817 13.146391 50.164831 -3.057792 3.557117 -20.213780 19.351401 1.179496 -0.000000 0.000000 0.000000 -9.469975 1.309534 -13.591392 19.723385 11.971435 -5.923280 -8.815718 -3.287772 17.882728 -0.000000 0.000000 0.000000 24.654772 3.100444 4.251485 7.485565 -4.348317 0.551094 6.172479 0.862009 1.192839 17.812017 -4.440842 -5.008058 -0.390045 6.740977 5.513336 -0.000000 0.000000 0.000000 -11.791287 -16.365755 5.705061 -38.026018 -22.686475 -53.105739 110.019789 -42.554986 157.004327 -20.616271 -5.798358 48.578426 -5.994738 15.901993 -15.365015 -29.909204 17.809663 34.142799 109.461097 49.917805 -155.449744 -8.639705 -1.305961 -47.369203 
21.595185 87.852168 111.825562 -153.105280 72.904548 150.959235 -11.466926 -6.356124 14.670049 48.070693 -3.458117 2.574960 -21.505494 21.293158 -3.286480 -0.000000 0.000000 0.000000 -8.006715 1.428355 -15.876385 18.750878 11.690414 -6.355964 -6.974901 -4.065257 19.715915 -0.000000 0.000000 0.000000 23.164742 2.791198 4.903996 7.439057 -4.280585 0.868987 6.383646 0.750652 1.192839 18.725117 -4.402783 -4.908229 0.229318 6.784524 5.121034 -0.000000 0.000000 0.000000 -11.504773 -15.860701 5.514340 -38.352902 -22.989662 -52.810158 110.477658 -43.102347 157.141095 -20.775932 -5.613943 48.393349 -6.142267 14.811236 -14.299625 -28.835247 17.660299 33.377706 110.627631 49.996894 -155.842900 -8.727338 -1.321963 -47.364161 
21.024337 86.758739 107.052326 -152.143081 72.532796 150.323315 -9.348379 -4.909242 13.990892 45.616864 -7.698732 0.605061 -28.733497 19.911702 -3.873134 -0.000000 0.000000 0.000000 -8.005513 0.717727 -18.811893 19.521869 9.297023 -7.279847 -3.213435 -6.207105 21.145678 -0.000000 0.000000 0.000000 22.021120 2.369668 5.679209 6.219062 -4.592933 1.042460 7.284431 0.328800 1.140677 19.388456 -5.254287 -4.634028 0.819033 6.944683 4.940000 -0.000000 0.000000 0.000000 -11.180369 -15.740007 5.250835 -39.142933 -23.572119 -52.649124 110.769983 -43.732609 156.986737 -20.516681 -5.525233 48.193346 -6.465349 13.516548 -13.744577 -27.171045 16.876907 32.373312 111.738464 49.796652 -156.768048 -8.432770 -1.355262 -47.141363 
20.061569 86.079609 102.347517 -151.548758 71.800587 150.450078 -9.529699 -3.915190 12.123298 46.296718 -8.751229 -2.626801 -33.492690 17.467562 -1.646909 -0.000000 0.000000 0.000000 -10.172063 0.258886 -20.545539 23.605469 5.230189 -9.231195 2.727876 -10.819046 20.355852 -0.000000 0.000000 0.000000 22.052248 1.805209 6.234392 4.878595 -4.728733 1.150051 8.082387 -0.282982 1.193771 19.459184 -7.352372 -4.781914 0.933987 8.051528 5.200776 -0.000000 0.000000 0.000000 -10.462819 -16.053861 4.970182 -40.177047 -23.951575 -51.916426 111.326669 -44.414724 157.202578 -19.839632 -5.246676 48.220403 -6.659885 12.686697 -13.792337 -25.292153 15.741018 31.304567 112.419741 49.160517 -158.190133 -7.135169 -1.270685 -47.103592 
18.959738 86.186665 98.200256 -147.161344 70.656593 147.190670 -9.186271 -2.497311 9.588241 48.365133 -7.896413 -4.660948 -33.578800 14.744599 -1.126081 -0.000000 0.000000 0.000000 -12.572524 1.315571 -19.777844 29.805677 1.006257 -13.228701 11.196046 -16.408722 18.388709 -0.000000 0.000000 0.000000 24.311089 0.961164 6.020043 4.468405 -4.471094 0.990993 8.433192 -0.762757 1.431819 19.101236 -9.481174 -5.245479 0.396739 9.533641 5.876820 -0.000000 0.000000 0.000000 -9.633862 -16.934098 5.013450 -40.712706 -23.639971 -50.704371 111.817501 -44.905836 157.641963 -19.041593 -5.112969 48.353255 -7.173353 12.999439 -14.243720 -23.331410 14.440069 31.327427 112.729070 47.914152 -159.991319 -5.020663 -1.250886 -47.414801 
18.049073 86.810762 94.628608 -142.714029 69.199587 143.904527 -6.179690 -2.310162 5.930210 46.827292 -7.439595 -5.548572 -33.638506 14.428398 1.294840 -0.000000 0.000000 0.000000 -14.198653 5.890202 -16.617409 40.318519 1.214461 -16.725340 16.287724 -19.479411 15.174100 -0.000000 0.000000 0.000000 26.568605 -0.510561 5.212395 5.511157 -4.038220 0.998173 8.099851 -1.078962 1.341951 19.411225 -10.284933 -5.591120 -0.368423 10.362281 5.917233 -0.000000 0.000000 0.000000 -9.195237 -17.927151 4.957556 -39.759568 -23.287542 -49.402641 112.053609 -45.453200 158.080973 -18.504389 -4.808116 48.405566 -7.999316 13.988256 -14.489176 -21.771736 14.578131 32.181562 112.257311 46.770953 -160.921789 -3.832166 -1.416590 -47.996585 
17.354511 87.602556 91.584337 -143.497916 67.853790 145.290101 -4.421166 -3.413500 2.084890 44.315287 -7.753181 -5.202916 -33.282248 15.676180 3.977665 -0.000000 0.000000 0.000000 -17.221489 11.108175 -11.871129 54.431252 5.764960 -17.787357 11.257242 -11.673437 13.195119 -0.000000 0.000000 0.000000 26.975486 -1.849922 4.244037 6.804369 -4.195027 1.540125 7.633819 -1.227085 0.519353 20.727621 -7.798695 -4.912339 -0.221920 8.177880 4.878518 -0.000000 0.000000 0.000000 -10.132937 -18.520399 4.517844 -37.189522 -23.901034 -49.501998 112.139687 -46.243633 158.339627 -17.876092 -4.191953 47.918505 -9.101011 14.112399 -13.755043 -21.554795 15.995054 33.262410 112.175262 45.959393 -160.953352 -4.523899 -1.342939 -48.202290 
16.843858 88.532102 89.021498 -147.511500 66.036243 149.263464 -3.584562 -4.439503 -0.585845 41.679559 -7.707575 -4.106064 -31.908177 15.719562 5.736657 -0.000000 0.000000 0.000000 -21.338031 13.896192 -6.364412 64.913904 7.819490 -16.652632 5.386033 -6.622737 11.518511 -0.000000 0.000000 0.000000 26.931285 -2.888860 3.505395 7.548312 -4.275570 2.002610 7.288634 -1.470866 -0.015343 21.878670 -6.032051 -4.063468 0.306983 6.168569 4.103835 -0.000000 0.000000 0.000000 -10.821280 -18.980437 3.981039 -35.311357 -24.690641 -50.784938 112.005670 -46.500879 158.188051 -17.928029 -3.548018 47.065984 -9.704522 14.137447 -13.432949 -21.837601 16.883754 33.920570 111.893497 45.546662 -160.663352 -5.725329 -0.933385 -48.002786 
16.478616 89.496702 86.835086 -152.611472 63.428564 154.072796 -2.814130 -4.678629 -1.953896 38.605061 -8.175782 -2.863253 -29.870789 14.172495 6.195615 -0.000000 0.000000 0.000000 -25.805015 13.954075 -1.269130 70.627603 6.400524 -14.130123 0.322041 -6.483874 10.155793 -0.000000 0.000000 0.000000 26.787808 -3.785302 2.896548 8.290668 -4.347047 2.228479 6.993841 -1.841142 -0.127126 22.456582 -5.462397 -3.314930 0.042268 5.093925 3.990373 -0.000000 0.000000 0.000000 -10.953231 -19.573757 3.630301 -34.475342 -25.375477 -51.944313 111.980413 -46.336862 158.210194 -18.592994 -3.585988 46.386869 -9.928025 14.555716 -13.751320 -22.310097 17.029038 33.976259 111.386265 45.792661 -160.383638 -6.477233 -0.563312 -47.702182 
16.217281 90.306294 84.869915 -158.336751 60.226116 159.507249 -2.450376 -4.800561 -2.796118 35.318166 -9.509989 -1.890496 -27.785066 12.032530 6.669327 -0.000000 0.000000 0.000000 -30.593660 12.517990 2.803023 72.738176 3.498960 -10.751737 -4.253030 -8.229292 7.433217 -0.000000 0.000000 0.000000 26.148384 -4.612799 2.416681 8.754326 -4.485065 2.234762 7.087211 -2.252784 -0.090833 22.500404 -5.368636 -2.606857 -0.319197 4.406022 4.169260 -0.000000 0.000000 0.000000 -11.130766 -20.048891 3.415432 -34.157272 -26.212020 -52.809566 111.827206 -46.016750 158.105249 -18.748579 -3.742645 46.436206 -9.914876 15.019522 -14.447349 -22.925479 16.982571 33.777391 110.597181 46.567360 -159.932247 -7.442979 -0.344443 -47.663091 
16.081597 90.971112 83.033907 -163.223357 56.533254 164.126924 -2.061159 -4.809221 -3.454922 32.226272 -10.846657 -0.865694 -25.804300 9.463239 7.005703 -0.000000 0.000000 0.000000 -34.381567 10.569148 5.768869 71.046029 0.295005 -6.983047 -7.666022 -10.347236 4.661633 -0.000000 0.000000 0.000000 26.048467 -5.198729 2.187078 8.491296 -4.527548 2.012899 7.163098 -2.610016 0.129098 22.494694 -5.601969 -2.117940 -0.604477 3.986972 4.512028 -0.000000 0.000000 0.000000 -11.206170 -20.324898 3.372285 -34.057072 -27.016710 -53.590419 111.514488 -45.654620 157.834782 -18.126094 -3.884888 46.653971 -9.796932 15.335250 -15.297324 -23.375472 16.709886 33.536472 110.086007 47.612438 -159.554425 -8.733918 -0.220836 -47.655522 
16.118838 91.523391 81.163919 -166.224229 52.291138 167.201349 -0.763849 -4.935628 -4.071995 29.186436 -12.313451 -0.066737 -23.966453 6.925575 7.069067 -0.000000 0.000000 0.000000 -36.626542 8.702994 7.358580 66.405617 -2.850456 -3.228924 -9.148067 -11.222831 3.510080 -0.000000 0.000000 0.000000 26.922861 -5.406276 2.142423 8.108475 -4.603336 1.685231 6.986475 -2.811836 0.501171 22.537825 -5.952287 -1.781661 -1.066979 3.477085 5.010963 -0.000000 0.000000 0.000000 -11.368403 -20.668978 3.350664 -34.089376 -27.802762 -54.341790 111.132588 -45.508539 157.663027 -17.403309 -4.028274 46.454183 -9.671154 15.574581 -16.045376 -23.517203 16.049611 33.102053 110.134695 48.626630 -159.639148 -10.248495 -0.056067 -47.330537 
16.338016 91.887158 79.133624 -168.128642 47.594415 169.629249 1.166113 -5.405058 -4.752158 26.142797 -14.417855 0.277635 -22.384445 4.825863 7.351753 -0.000000 0.000000 0.000000 -36.814732 7.306752 7.654935 58.709606 -5.147891 -0.155953 -8.648063 -10.792319 3.685759 -0.000000 0.000000 0.000000 27.765030 -5.364023 2.074505 8.121355 -4.841852 1.504057 6.869867 -2.983695 0.923977 22.545092 -6.202732 -1.539510 -1.536844 2.859864 5.436889 -0.000000 0.000000 0.000000 -11.644301 -20.896577 3.262964 -34.240255 -28.855918 -55.042456 110.980799 -45.696379 157.691721 -17.043049 -3.952892 46.522695 -9.681467 15.596757 -16.332995 -23.531324 15.672834 32.290195 110.482988 49.562423 -159.828772 -11.481981 -0.018727 -47.081751 
16.724971 91.971040 76.859987 -169.745511 42.778214 171.996245 3.069346 -5.891741 -5.531598 23.547690 -17.140022 0.533971 -21.229579 2.716759 8.087789 -0.000000 0.000000 0.000000 -35.958926 6.228527 7.030589 48.589814 -6.308746 1.715830 -6.484789 -10.164375 4.354125 -0.000000 0.000000 0.000000 27.982742 -5.174193 2.049283 8.300888 -5.121837 1.412706 6.910303 -3.171213 1.335404 22.477781 -6.643320 -1.413485 -1.700062 2.449480 5.777130 -0.000000 0.000000 0.000000 -11.766989 -20.843404 3.208159 -34.757416 -29.831734 -55.819873 110.888931 -45.942117 157.644763 -17.235979 -3.931793 46.684290 -9.657114 15.378835 -16.320065 -23.651043 15.578481 31.393047 110.370219 50.327117 -159.456393 -11.894203 -0.063853 -46.902699 
17.296197 91.724771 74.268055 -171.285944 38.266142 174.175254 4.870643 -6.310431 -6.348834 21.604096 -19.809199 1.049416 -20.916076 0.635542 9.055211 -0.000000 0.000000 0.000000 -34.606465 5.286426 5.958689 36.684061 -6.570615 2.150289 -3.503293 -9.178729 5.256312 -0.000000 0.000000 0.000000 27.531174 -4.832738 2.197339 8.315948 -5.321676 1.297162 7.015642 -3.238681 1.730856 22.450561 -7.424014 -1.324043 -1.827952 2.212042 6.205809 -0.000000 0.000000 0.000000 -11.839428 -20.424630 3.155562 -35.467604 -30.557128 -56.755532 111.008776 -46.092178 157.599819 -17.331631 -3.891767 46.777752 -9.472065 14.894113 -16.203963 -23.742802 15.538411 30.563014 110.458827 50.965955 -159.156295 -11.873848 -0.257085 -46.745724 
18.063021 91.197509 71.270525 -172.165289 34.376192 175.755730 7.168196 -6.748343 -7.148234 20.247980 -21.809415 1.464823 -21.158802 -1.089428 10.160562 -0.000000 0.000000 0.000000 -32.274740 4.679266 4.992119 23.968992 -5.949567 1.075081 -0.722816 -7.997229 5.613325 -0.000000 0.000000 0.000000 27.043411 -4.320351 2.459824 8.167215 -5.361930 1.040177 6.973335 -3.107312 2.126974 22.201957 -8.564381 -1.204023 -1.978662 2.016133 6.823004 -0.000000 0.000000 0.000000 -12.009944 -20.057687 3.119285 -35.998948 -30.911029 -57.356769 111.460771 -46.132932 157.872117 -17.191610 -3.825735 46.992017 -9.188761 14.600255 -16.110642 -23.616495 15.128344 29.673905 111.058042 51.443718 -159.301330 -11.942153 -0.430595 -46.521097 
18.986434 90.547377 67.825931 -172.349355 30.973666 177.077965 10.478008 -7.355718 -8.152957 18.674478 -23.795400 2.122299 -21.545004 -2.458640 10.769474 -0.000000 0.000000 0.000000 -29.550594 4.501244 4.334419 14.315224 -5.314693 -1.002033 -0.334588 -8.261890 5.216810 -0.000000 0.000000 0.000000 26.545584 -3.773381 2.692328 8.637879 -5.172145 0.774340 6.225479 -2.870839 2.386288 21.970507 -9.830907 -0.992161 -2.781472 1.571751 7.380917 -0.000000 0.000000 0.000000 -12.136141 -19.976498 2.959306 -36.278016 -30.981723 -57.192686 111.559643 -46.212205 158.066031 -16.869249 -3.985971 47.349013 -8.904589 14.788267 -15.961268 -23.059434 14.201513 28.575790 111.502200 51.627687 -159.465345 -11.563480 -0.555095 -46.148309 
20.077726 89.847469 63.896447 -172.766673 28.164440 178.284802 13.904223 -7.944162 -8.727438 17.120146 -26.113552 2.700983 -21.666560 -3.681076 11.255551 -0.000000 0.000000 0.000000 -28.683612 4.833390 4.398922 13.145652 -3.757739 -2.154745 3.556115 -8.578435 3.931391 -0.000000 0.000000 0.000000 25.069241 -3.480589 3.235884 9.301917 -4.455733 0.635330 5.298708 -2.514544 2.338503 22.046156 -11.448283 -1.065181 -3.673160 1.365541 7.550701 -0.000000 0.000000 0.000000 -12.241492 -19.827704 2.610452 -36.089755 -30.513675 -56.721555 111.403780 -46.408782 158.102321 -16.119560 -3.752683 47.694346 -8.549376 15.281090 -15.746779 -22.523407 13.694800 27.887795 111.371293 51.716446 -159.029111 -10.627930 -0.648070 -45.706369 
21.260858 89.357990 59.543943 -173.762055 26.802753 179.465494 15.886669 -8.534840 -9.047228 16.841640 -27.686670 2.612916 -21.191677 -4.437717 10.598327 -0.000000 0.000000 0.000000 -30.590702 6.456491 5.776554 19.501513 -0.670951 -4.207350 7.657025 -6.189344 4.505837 -0.000000 0.000000 0.000000 23.029246 -3.612199 3.826819 9.152188 -3.207613 0.552850 4.827513 -1.865381 1.793129 22.065175 -11.949662 -1.483702 -3.819686 0.756530 6.817419 -0.000000 0.000000 0.000000 -12.662943 -18.589250 2.409983 -35.195963 -29.918773 -56.723371 111.418886 -46.501472 158.538504 -15.777383 -3.203764 47.575904 -8.738472 15.507482 -15.184964 -22.311442 15.101295 28.935077 110.507009 51.810882 -157.598491 -9.507726 -0.931425 -45.227673 
22.532737 89.506382 54.980016 -173.989999 26.237814 179.605388 16.555129 -9.508588 -8.516446 19.053506 -28.135912 0.727074 -18.712176 -2.995291 8.784157 -0.000000 0.000000 0.000000 -32.790155 10.830539 8.425740 29.616931 2.214303 -4.344676 2.210684 -13.664898 0.751821 -0.000000 0.000000 0.000000 21.671510 -4.542675 4.776125 9.455942 -1.588321 0.795270 4.872028 -1.115691 0.935928 21.189959 -12.309154 -2.215085 -3.259490 1.069224 5.572675 -0.000000 0.000000 0.000000 -12.318746 -17.474758 2.736639 -34.540844 -28.988208 -55.914783 110.680623 -45.737526 158.989262 -16.919040 -3.134527 47.806692 -8.154108 16.739836 -14.705449 -22.277954 17.010158 30.683362 108.303539 51.456089 -156.222832 -9.042554 -1.435426 -44.905536 
23.904224 90.147102 50.413561 -173.676075 24.490744 179.548260 15.211263 -7.982513 -7.103186 25.892216 -27.859907 -0.512079 -13.842906 -4.621090 3.283472 -0.000000 0.000000 0.000000 -31.052799 11.864097 9.095303 34.292290 1.751553 -3.858893 -2.821547 -15.650066 -1.709458 -0.000000 0.000000 0.000000 21.189254 -4.746959 5.587004 10.136047 -1.574635 1.492140 4.018738 -0.743805 0.600282 21.462762 -12.160588 -2.896821 -3.387190 0.845445 4.998813 -0.000000 0.000000 0.000000 -11.820953 -17.447188 3.275563 -34.085733 -27.526277 -55.395196 109.709440 -45.036654 159.149950 -17.079675 -3.433003 47.902705 -7.380275 17.994301 -14.201221 -22.885923 17.664686 33.141289 107.588325 50.950792 -155.350829 -9.204419 -1.408821 -44.930430 
25.128990 90.682715 46.228060 -175.051227 20.971144 -179.909713 8.525342 -5.518632 -4.701171 38.360219 -26.651606 -0.250237 -7.447782 -9.390639 -5.385217 -0.000000 0.000000 0.000000 -28.921737 9.320360 8.465611 35.473675 -1.123997 -5.029773 -7.739371 -14.198384 -2.496112 -0.000000 0.000000 0.000000 20.019443 -4.093456 6.562974 8.868661 -2.664029 2.695478 3.659378 -0.898117 0.871646 22.430621 -12.284341 -3.284483 -3.303224 0.118627 5.080202 -0.000000 0.000000 0.000000 -11.515919 -17.913565 3.661843 -34.625848 -26.398549 -56.065980 108.673643 -44.733034 158.480860 -16.612622 -3.014501 47.556862 -6.723427 18.018157 -13.773099 -23.518966 17.064359 35.294983 108.686400 50.320192 -155.102262 -10.425326 -1.126606 -45.592488 
26.090437 91.070551 42.473805 -176.620129 18.144880 179.974251 0.085668 -4.380591 -2.023500 49.684184 -24.325625 -0.723467 3.022876 -13.163126 -11.867552 -0.000000 0.000000 0.000000 -27.532171 7.478733 7.941802 35.895406 -2.210076 -4.830367 -11.177995 -14.162937 -3.367777 -0.000000 0.000000 0.000000 18.961207 -3.054700 7.808597 7.296498 -3.277798 3.929705 4.426809 -1.022101 1.211068 21.759803 -12.815907 -3.659782 -3.113506 -0.372874 5.429061 -0.000000 0.000000 0.000000 -11.676904 -18.504227 4.330246 -36.180201 -26.326846 -56.792361 107.364414 -44.710685 157.748979 -17.482904 -2.626730 47.242943 -6.177183 17.587992 -13.780525 -23.770649 16.337542 35.541904 109.522063 49.655862 -155.304303 -12.377017 -0.630149 -45.904702 
26.921406 91.580349 38.844401 -176.745375 17.384828 179.530183 -6.129788 -4.627660 -0.746958 57.435871 -20.561905 -2.568984 8.433733 -9.911811 -10.525293 -0.000000 0.000000 0.000000 -24.591503 7.031970 7.174127 35.649610 -1.029463 -3.346241 -14.061847 -15.073778 -4.586131 -0.000000 0.000000 0.000000 19.069861 -1.835989 8.462162 6.906766 -3.543373 4.676022 5.515906 -0.729034 1.346404 20.229399 -13.353650 -4.177635 -2.978271 -0.197576 5.759700 -0.000000 0.000000 0.000000 -11.957995 -19.096674 5.313462 -37.672211 -26.181758 -56.432922 106.249687 -44.743112 157.238589 -18.416838 -2.331489 47.614688 -5.614535 17.748345 -14.082300 -24.037004 15.765427 35.274973 108.912260 48.745676 -154.800964 -12.869616 -0.076858 -45.941313 
27.577290 92.141157 35.309559 -176.774424 17.704207 179.749170 -11.728654 -4.931277 -0.926728 63.412747 -14.176688 -4.344817 3.326756 -1.796674 -6.683109 -0.000000 0.000000 0.000000 -20.953180 6.131609 6.201152 34.236540 -0.181912 -3.667922 -16.368563 -14.334049 -4.119866 -0.000000 0.000000 0.000000 19.477134 -0.278587 8.003023 6.750715 -4.020087 5.080243 6.302026 -0.268682 1.604547 19.533110 -13.190747 -4.411677 -3.057588 -0.302904 6.015677 -0.000000 0.000000 0.000000 -11.971595 -19.568118 6.610331 -38.879080 -25.600494 -56.086845 105.622401 -44.826238 156.795737 -18.326003 -1.790306 48.096301 -5.375196 17.621179 -14.318202 -24.269317 15.466478 35.657880 108.471382 47.762438 -154.134467 -12.542182 0.279909 -46.401747 
28.264442 92.647672 31.666231 -176.409952 18.713618 179.675138 -16.968272 -3.366126 0.412814 67.875928 -6.060572 -5.971523 -1.518885 3.820417 -3.429578 -0.000000 0.000000 0.000000 -16.785693 4.602210 5.562342 32.482610 0.977271 -4.588320 -18.107954 -12.921886 -4.207770 -0.000000 0.000000 0.000000 20.869276 1.207629 7.679828 5.796731 -4.435223 4.826709 7.002118 0.161289 1.984668 19.519636 -13.254367 -4.998609 -2.855081 0.165468 6.569922 -0.000000 0.000000 0.000000 -11.871310 -19.472201 8.201651 -39.665854 -24.145026 -55.980065 106.174932 -44.989797 156.772331 -19.207729 -1.044865 48.392809 -4.944632 17.385266 -15.309622 -24.629438 14.892943 37.418674 109.629227 46.829632 -154.564318 -12.485147 0.481977 -47.366063 
28.761289 93.264705 28.101775 -176.656272 19.907279 -179.450683 -21.465490 -4.705138 -0.199481 67.253208 -0.413426 -8.188339 -4.379351 8.575318 -0.396906 -0.000000 0.000000 0.000000 -12.584242 4.741337 4.293555 29.316284 2.890892 -5.820521 -19.070357 -12.709611 -3.822952 -0.000000 0.000000 0.000000 21.740958 2.423092 6.398326 5.473738 -4.902231 4.773077 7.099701 0.497003 2.203712 20.005486 -13.114690 -5.450700 -2.825390 0.410294 6.894733 -0.000000 0.000000 0.000000 -11.747401 -19.292227 9.033170 -39.844481 -24.107243 -55.301891 106.659422 -45.503647 156.845664 -20.206032 -0.218675 48.449220 -4.770559 17.067211 -15.357649 -24.128749 15.363994 38.214702 110.390316 46.038210 -155.353679 -12.727179 0.470456 -47.719324 
29.149675 93.796527 24.496406 -177.376073 20.932910 -178.524314 -25.532781 -6.303771 -1.045513 63.158223 1.940740 -8.875287 -7.576663 10.868136 2.678606 -0.000000 0.000000 0.000000 -9.428047 4.008667 2.153025 26.846104 4.261021 -5.655855 -19.767013 -11.822325 -2.745786 -0.000000 0.000000 0.000000 21.976871 3.494741 5.440056 5.365815 -5.486817 4.749053 7.203131 0.735017 2.262208 20.390348 -12.658580 -5.973883 -2.777282 0.143341 6.958980 -0.000000 0.000000 0.000000 -11.973166 -19.099395 9.369882 -39.961868 -24.474132 -54.811266 106.980162 -46.225988 156.663240 -21.491638 0.104519 48.437166 -4.797085 16.459537 -15.112054 -23.919184 15.719421 38.233968 110.971455 45.356252 -155.863418 -12.459779 0.403823 -48.181294 
29.490334 94.171017 20.832342 -178.578147 21.780466 -177.542140 -28.706168 -8.104490 -1.881876 55.424376 2.940309 -8.133116 -9.665113 12.681139 4.565405 -0.000000 0.000000 0.000000 -7.013089 2.996534 0.203489 24.679599 5.325977 -5.544311 -20.448800 -11.209819 -1.428289 -0.000000 0.000000 0.000000 21.602953 4.317170 4.584664 5.209716 -6.093483 4.695251 7.493768 0.806801 2.359693 20.475434 -11.900282 -6.450534 -2.798645 -0.279798 6.908651 -0.000000 0.000000 0.000000 -12.160360 -18.902007 9.603626 -40.139783 -25.054636 -54.404027 107.018383 -46.833360 156.459380 -22.640735 0.400559 48.669161 -4.992320 15.680217 -14.888876 -23.907893 15.975460 37.872906 111.063945 44.894008 -156.022543 -11.910428 0.331302 -48.692859 
29.919651 94.352031 17.001311 -179.316467 23.210870 -177.354489 -29.488863 -8.694533 -1.002156 44.839802 3.185779 -6.577300 -10.032593 13.572257 4.927377 -0.000000 0.000000 0.000000 -4.487077 1.727991 -0.846937 23.095184 6.691229 -5.773436 -21.362047 -10.579952 -0.582288 -0.000000 0.000000 0.000000 21.559146 4.910049 4.059529 5.010074 -6.419025 4.397047 7.927256 0.919662 2.565223 19.976895 -10.892760 -6.948298 -2.597500 -0.547535 6.937664 -0.000000 0.000000 0.000000 -12.481957 -18.644179 10.085074 -40.272526 -25.069411 -54.086096 107.008477 -47.207728 156.188100 -23.832929 0.385266 49.081599 -5.267405 15.164156 -15.140825 -24.257638 15.786909 37.887116 111.320571 44.738865 -156.374006 -11.673690 0.276964 -48.859049 
30.354229 94.419169 13.015550 -179.908422 25.389639 -177.619167 -27.848213 -8.734441 0.739110 31.408989 2.650449 -4.324722 -8.531250 13.961847 3.678229 -0.000000 0.000000 0.000000 -2.405777 0.866927 -1.591485 22.392631 8.143372 -5.956880 -22.125841 -9.633659 0.228943 -0.000000 0.000000 0.000000 21.443146 5.206039 3.721808 5.242962 -6.378055 3.966279 7.993683 1.166787 2.689395 19.331474 -9.471105 -7.345902 -2.546936 -0.907698 6.938139 -0.000000 0.000000 0.000000 -13.034066 -18.298302 10.393930 -40.118247 -24.983226 -53.756635 107.036729 -47.415783 155.983498 -24.670832 0.224908 49.242544 -5.583067 14.867782 -15.375788 -24.737164 15.586555 37.958494 111.837407 44.773572 -156.945271 -11.738386 0.332942 -48.852894 
30.839902 94.314462 8.801460 -179.870333 27.897321 -178.521014 -24.417294 -7.290695 3.057140 17.541988 0.643527 -1.509984 -7.702040 12.372022 1.400038 -0.000000 0.000000 0.000000 -0.244675 0.037663 -2.091942 22.589957 9.744398 -6.322137 -22.926612 -8.505900 1.108784 -0.000000 0.000000 0.000000 21.431831 5.222976 3.686722 5.916856 -6.212439 3.446702 7.657560 1.487288 2.794389 18.964426 -7.967789 -7.657022 -2.708029 -1.228462 6.908855 -0.000000 0.000000 0.000000 -13.504974 -18.145329 10.562325 -39.743075 -24.518261 -53.380221 107.255510 -47.498110 155.849512 -25.155439 -0.041837 49.135828 -5.718309 14.904616 -15.696551 -25.322457 15.004323 38.068198 112.698181 44.919487 -157.598292 -11.440310 0.528039 -49.080083 
31.337059 93.929327 4.324982 -179.228658 30.307910 -179.727545 -21.185247 -6.284288 5.312336 7.838589 -2.472890 -0.190039 -9.754879 11.226194 0.460024 -0.000000 0.000000 0.000000 1.920293 -0.388364 -2.764244 23.856788 11.463324 -6.680050 -24.036180 -7.902195 1.704316 -0.000000 0.000000 0.000000 21.105658 5.007679 3.711238 6.633727 -6.274618 3.154052 7.516745 1.588282 2.815929 19.107915 -6.655310 -7.955967 -2.719194 -1.034879 6.431189 -0.000000 0.000000 0.000000 -13.577601 -18.128381 10.535310 -39.231253 -23.908219 -52.876902 107.530616 -47.549216 155.779893 -25.735406 -0.341056 49.097563 -5.980722 15.051479 -15.856165 -25.841381 14.794357 38.054556 113.005442 45.224962 -157.539472 -10.909266 0.412652 -49.039071 
31.712580 93.358302 -0.389899 -178.244682 31.175936 179.591282 -19.659497 -7.739235 6.126403 5.432930 -4.611169 -0.671664 -10.517884 11.687337 -0.397004 -0.000000 0.000000 0.000000 4.196355 -0.173835 -4.147005 25.780850 12.100140 -6.653555 -24.820411 -8.200547 1.970214 -0.000000 0.000000 0.000000 20.138081 4.704545 3.467559 7.806060 -7.047640 3.626344 7.162652 1.068024 2.704600 19.861220 -5.994902 -7.983056 -2.553384 -0.666935 5.728720 -0.000000 0.000000 0.000000 -13.178766 -18.515709 10.154592 -38.850949 -24.181062 -52.650907 107.304199 -47.827161 155.495263 -26.026453 -0.590901 49.460301 -6.637418 14.839189 -15.580138 -25.528089 15.109189 37.284094 112.818416 45.554635 -157.225978 -11.067593 0.187090 -48.547285 
32.010654 92.677706 -5.238243 -176.873677 30.016171 178.854885 -20.178477 -8.400943 5.592388 9.962298 -3.725853 -1.792773 -4.624909 10.311505 -4.359831 -0.000000 0.000000 0.000000 6.350395 -0.071891 -4.812261 29.169113 10.931024 -6.887683 -24.131006 -8.789586 1.576018 -0.000000 0.000000 0.000000 19.595061 4.335387 3.497781 8.778340 -8.249529 4.645008 6.374730 -0.004800 2.735518 20.769264 -6.628719 -7.554012 -2.490416 -0.271480 5.486152 -0.000000 0.000000 0.000000 -12.716008 -19.589960 9.446141 -38.852522 -25.160342 -53.056163 106.933682 -48.112793 155.124901 -25.560289 -0.202035 49.706303 -7.472511 14.206621 -15.259944 -24.191832 14.645278 35.439369 113.252293 45.627141 -157.695959 -11.467576 0.042171 -48.471205 
32.182068 92.015052 -9.978182 -176.294805 28.664185 178.584514 -22.146884 -8.608151 3.870138 15.719448 -1.982679 -1.931379 1.125707 8.164299 -5.389654 -0.000000 0.000000 0.000000 5.206470 0.463134 -4.722624 36.745202 8.703775 -7.464033 -20.112525 -10.220074 1.214839 -0.000000 0.000000 0.000000 18.924168 3.602329 3.395972 8.803253 -9.067823 5.551095 6.368270 -1.172562 2.826306 20.909753 -7.859759 -6.840018 -2.206825 0.283409 5.540296 -0.000000 0.000000 0.000000 -12.023689 -20.777889 8.879537 -39.515900 -26.293433 -53.801472 106.889729 -48.124232 155.156599 -24.653803 -0.066527 49.319968 -8.061612 13.301139 -15.097780 -22.773438 13.625555 33.404553 112.852697 45.515876 -157.971625 -10.341698 0.283199 -48.370258 
32.337713 91.656184 -14.391527 -175.503135 28.647974 178.646493 -24.308405 -9.068326 1.245193 24.794921 -2.404907 -2.032427 -4.161260 8.602378 -1.551242 -0.000000 0.000000 0.000000 0.983194 2.040044 -4.291591 48.237432 6.203110 -8.965821 -9.907955 -12.565345 3.248386 -0.000000 0.000000 0.000000 20.152069 2.664876 2.338698 6.743887 -9.259957 5.621495 7.656330 -1.997867 3.053726 20.418690 -9.376716 -5.995852 -1.825177 1.313483 5.926225 -0.000000 0.000000 0.000000 -11.038121 -21.763846 8.477561 -40.455117 -27.033011 -53.862654 107.200060 -48.009099 155.320307 -23.427957 -0.499474 48.742687 -8.677369 12.636333 -15.128087 -21.062750 12.446681 32.320025 111.667358 45.253903 -158.041483 -8.505002 0.411197 -48.646968 
32.780823 91.479772 -18.669218 -173.514225 31.744982 177.820088 -21.583409 -8.525627 0.693751 28.469683 -1.683383 -3.459928 -8.988882 9.983490 1.587562 -0.000000 0.000000 0.000000 -3.852912 4.433814 -3.447824 59.087396 3.658051 -11.091078 3.602461 -12.541686 6.081343 -0.000000 0.000000 0.000000 22.211197 1.487321 0.872029 6.354831 -8.301934 4.967973 7.430985 -2.074831 3.075298 20.973024 -10.416505 -5.963905 -2.578438 3.043357 6.498921 -0.000000 0.000000 0.000000 -10.516508 -22.490760 8.003654 -39.791169 -26.876404 -52.385245 108.299884 -48.419384 156.056771 -22.120067 -0.357127 48.687664 -9.055934 13.313227 -15.487015 -19.751567 12.190908 32.279996 111.431611 45.767152 -158.342241 -8.058136 0.230768 -48.578522 
33.319017 91.356540 -22.688144 -172.984005 36.552166 177.205933 -18.932351 -7.135884 0.650297 30.104085 -0.192688 -4.501878 -13.580527 11.452904 4.313938 -0.000000 0.000000 0.000000 -10.809057 6.659226 -1.543121 68.503540 2.933157 -13.402907 9.134633 -10.292389 7.662507 -0.000000 0.000000 0.000000 22.825369 0.055404 0.017589 5.470811 -7.063509 3.759602 7.261522 -1.863787 2.310270 22.048488 -9.932700 -6.418917 -2.051502 4.502925 6.147219 -0.000000 0.000000 0.000000 -10.477728 -21.875207 7.490488 -38.275804 -26.137208 -51.334587 109.537582 -48.956096 156.843290 -21.751449 -0.413331 48.196098 -9.206455 13.845611 -15.637492 -19.558444 13.719040 33.389602 111.935843 46.489177 -158.374368 -8.670233 -0.144709 -47.765557 
33.953238 91.578054 -26.449996 -172.432847 40.009377 176.402263 -16.146518 -5.505796 0.172392 30.835317 0.725079 -4.735380 -17.135113 12.356472 5.966824 -0.000000 0.000000 0.000000 -17.132890 7.480757 0.904184 75.390246 3.188533 -13.961338 3.025121 -7.581908 6.629513 -0.000000 0.000000 0.000000 23.444549 -1.170954 -0.445435 5.301189 -6.411471 2.868717 7.044103 -1.858793 1.585149 22.756503 -8.298767 -6.403678 -1.370401 4.238480 5.634371 -0.000000 0.000000 0.000000 -10.776456 -21.393663 7.265502 -37.101944 -25.373242 -51.386905 110.060632 -49.116235 157.322877 -21.973026 -0.299147 47.270007 -8.952851 14.113655 -15.857035 -20.064908 14.337964 34.331917 112.732030 46.477636 -158.553456 -10.149320 -0.005561 -47.534442 
34.721404 92.173815 -30.119738 -170.875242 41.677763 174.753083 -12.063864 -4.665594 -0.669340 30.173057 0.640481 -4.481185 -19.577047 13.485350 7.289730 -0.000000 0.000000 0.000000 -21.382771 7.728197 2.951156 77.571026 3.340655 -11.808378 -0.673575 -6.551344 5.996801 -0.000000 0.000000 0.000000 24.672315 -2.183482 -0.719972 6.138695 -6.052732 2.497427 6.821747 -2.190204 1.356778 23.093702 -7.394722 -6.056079 -1.110822 3.785578 5.430281 -0.000000 0.000000 0.000000 -10.927771 -21.640953 6.656004 -36.559713 -25.357458 -51.920143 110.127926 -49.034998 157.597472 -21.908944 -0.821860 46.688470 -9.010372 14.208394 -15.762341 -20.110806 14.210968 34.262439 112.526130 46.142319 -158.179765 -9.991133 0.177165 -47.408954 
35.594350 92.880476 -33.727252 -169.634372 42.367499 173.160543 -7.802543 -3.721485 -1.275161 28.610215 0.059181 -4.116218 -21.313437 14.017680 8.251766 -0.000000 0.000000 0.000000 -24.768569 7.428157 4.240841 75.878269 3.425971 -8.126672 -2.805355 -6.723833 5.558640 -0.000000 0.000000 0.000000 25.210637 -3.256394 -0.585417 7.532228 -5.911859 2.334604 6.883737 -2.707716 1.149043 23.207518 -6.734588 -5.736034 -0.751540 3.614667 4.928249 -0.000000 0.000000 0.000000 -10.750693 -21.693181 6.010173 -36.580903 -25.650720 -52.920340 109.729424 -48.688135 157.429406 -21.040860 -1.584016 46.569199 -9.056187 14.027823 -15.558748 -20.329270 14.396584 33.914149 112.121638 46.082145 -157.670731 -9.337801 0.509260 -47.203380 
36.562634 93.595397 -37.287390 -168.923961 42.762149 172.130751 -3.699144 -2.291083 -1.835227 26.648483 -0.304491 -3.756918 -22.250690 13.693643 8.190077 -0.000000 0.000000 0.000000 -27.302876 6.763576 4.973369 71.124380 2.336398 -4.681294 -5.245639 -6.454835 5.433699 -0.000000 0.000000 0.000000 25.347830 -4.110948 -0.371180 8.863207 -5.877231 2.053110 7.050657 -3.186385 0.997604 23.406824 -6.123502 -5.489461 -0.746204 3.252354 4.517707 -0.000000 0.000000 0.000000 -10.749630 -21.493791 5.424050 -36.562222 -25.978154 -54.106274 109.198068 -48.450304 157.124937 -19.233523 -1.621645 46.673872 -9.158803 13.624855 -15.508077 -20.545759 14.475432 33.653161 112.492564 46.226078 -157.672445 -9.606243 0.869134 -47.165828 
37.628171 94.237751 -40.788740 -168.599358 43.054173 171.578755 0.073718 -0.645440 -2.307218 24.741771 -0.754266 -3.680942 -22.500367 13.044206 7.535087 -0.000000 0.000000 0.000000 -28.721114 5.847125 5.517776 63.700061 0.426333 -2.334592 -6.840590 -5.981960 5.514241 -0.000000 0.000000 0.000000 25.656262 -4.685734 -0.153752 9.629197 -5.813250 1.590469 7.129968 -3.542874 0.997738 23.572918 -5.886982 -5.340049 -0.946607 3.090628 4.424855 -0.000000 0.000000 0.000000 -10.895582 -21.070015 4.741346 -36.556558 -26.391034 -55.580047 109.319577 -48.130354 157.030962 -18.113369 -1.663898 46.725448 -9.199263 13.099903 -15.528367 -20.565849 14.311927 33.279356 113.428154 46.459576 -158.262732 -10.205784 1.049849 -47.254506 
38.835660 94.716388 -44.247201 -168.536895 43.170854 171.340612 3.428856 0.297407 -2.960266 23.261871 -1.288139 -3.541092 -22.607476 12.919765 6.981127 -0.000000 0.000000 0.000000 -28.765578 4.953877 6.099851 53.727061 -1.891264 -1.031663 -6.798776 -6.806533 5.558300 -0.000000 0.000000 0.000000 26.251589 -5.037915 0.087007 9.651534 -5.743791 1.011495 7.156126 -3.828948 1.124719 23.656875 -6.185294 -5.266704 -1.070482 3.472281 4.540893 -0.000000 0.000000 0.000000 -10.756752 -20.433604 4.112370 -36.676434 -26.940296 -56.804876 109.967637 -47.893539 157.237685 -18.377406 -2.364845 46.485590 -9.256402 12.515879 -15.474431 -20.423076 14.210531 32.812795 113.924910 46.817386 -158.589728 -10.321270 1.136861 -47.348311 
40.183708 94.950223 -47.739503 -168.669038 43.088345 171.439975 6.504249 0.800948 -3.753462 22.120768 -1.834657 -3.397854 -22.830922 12.959651 6.504827 -0.000000 0.000000 0.000000 -27.236442 4.053295 6.648640 41.261002 -4.293196 -0.887724 -5.014253 -8.378159 5.583746 -0.000000 0.000000 0.000000 26.367403 -5.222418 0.194111 9.727142 -5.817347 0.462931 7.461319 -4.062130 1.320585 23.298510 -6.579235 -5.303314 -1.169341 4.157524 4.735457 -0.000000 0.000000 0.000000 -10.541787 -19.677595 3.768004 -36.919361 -27.459978 -57.669787 110.583306 -47.638997 157.448066 -18.800584 -3.220717 46.101187 -9.434212 11.988104 -15.454815 -20.398434 14.467896 32.398524 114.111561 47.435009 -158.856741 -10.548495 1.159157 -47.028039 
41.673976 94.937146 -51.297468 -168.953993 42.664666 171.832849 9.516952 1.053190 -4.661952 20.919908 -2.578959 -3.108555 -23.169430 12.985524 6.113517 -0.000000 0.000000 0.000000 -24.500527 3.169347 7.053427 26.635607 -5.961033 -1.568080 -2.016188 -9.801454 5.984984 -0.000000 0.000000 0.000000 26.195890 -5.216040 0.207322 9.806333 -6.036401 -0.008460 7.764257 -4.269599 1.618205 22.818981 -7.068472 -5.335796 -1.365554 4.895885 5.004118 -0.000000 0.000000 0.000000 -10.312880 -19.003002 3.556084 -37.151786 -27.984380 -58.255392 111.033300 -47.324066 157.453423 -18.663269 -3.927067 46.149955 -9.660176 11.567322 -15.490096 -20.391116 14.918195 32.104434 114.361052 48.145526 -159.213883 -11.090598 1.012382 -46.908604 
43.307814 94.666952 -54.983163 -169.281408 41.732722 172.430588 12.461053 1.332002 -5.451197 19.827527 -3.839241 -2.789335 -23.671013 12.786693 5.632305 -0.000000 0.000000 0.000000 -21.255263 2.535862 7.331594 11.868156 -6.024674 -2.780780 0.602525 -10.369532 6.763618 -0.000000 0.000000 0.000000 25.667790 -5.078227 0.240966 10.147330 -6.374669 -0.286266 7.826850 -4.475403 1.889098 22.397077 -7.549333 -5.292043 -1.642765 5.357947 5.350769 -0.000000 0.000000 0.000000 -10.161133 -18.682243 3.321578 -37.178215 -28.619139 -58.256536 111.527283 -47.223872 157.604069 -18.250502 -4.621249 46.655320 -9.839419 11.343408 -15.446291 -20.336820 15.097484 31.556867 114.790518 48.727894 -159.792840 -11.665154 0.757288 -46.626903 
45.079899 94.109738 -58.867598 -169.605736 40.212587 173.055501 15.074298 2.030395 -5.709936 19.484756 -6.085152 -2.557106 -24.434651 12.189928 4.992992 -0.000000 0.000000 0.000000 -18.775597 1.762142 6.955478 1.157535 -4.292494 -2.800722 -1.104209 -9.076609 6.552805 -0.000000 0.000000 0.000000 24.511486 -4.788947 0.647978 10.979550 -6.779385 -0.256773 7.676449 -4.586996 1.934173 22.004828 -7.558117 -5.167391 -1.896201 4.826864 5.510226 -0.000000 0.000000 0.000000 -10.274952 -18.927121 3.242751 -37.103884 -29.078744 -58.444944 111.753837 -47.084840 157.504623 -17.819929 -5.512157 47.725670 -9.765038 11.327296 -15.487722 -20.836731 14.620169 30.290665 115.218033 49.188701 -160.018239 -12.196075 0.631536 -46.378840 
46.946797 93.319631 -62.908483 -169.627477 38.291990 173.456200 17.165122 2.440501 -5.488697 20.573638 -8.449526 -2.516227 -25.132353 11.552474 4.111668 -0.000000 0.000000 0.000000 -18.011040 1.518870 6.282350 -1.775476 -3.544471 -2.401611 -3.586750 -7.153200 6.949413 -0.000000 0.000000 0.000000 23.574901 -4.750098 1.508276 11.298593 -6.879434 -0.108387 7.660400 -4.552170 1.793577 21.542677 -7.321971 -5.092653 -2.038962 3.853519 5.072817 -0.000000 0.000000 0.000000 -10.693664 -19.148321 3.334250 -37.057823 -29.451631 -59.178102 111.286734 -46.818059 156.926763 -16.983236 -6.274663 48.875781 -9.940523 11.398859 -15.652838 -21.262518 14.132109 28.715061 115.434063 49.582554 -159.931196 -12.178760 0.788449 -46.297001 
48.875105 92.463636 -67.033273 -169.503662 36.618505 173.370484 18.419038 2.705558 -4.765167 23.282324 -9.942385 -2.418194 -24.780599 10.873758 3.028616 -0.000000 0.000000 0.000000 -18.942340 1.869631 6.609182 2.797534 -3.561965 -2.742952 -1.501950 -6.010543 6.885311 -0.000000 0.000000 0.000000 22.852388 -4.857837 3.076387 11.468539 -6.381115 -0.040976 7.180169 -4.195586 1.456293 21.378835 -8.110787 -5.480704 -2.531295 3.695757 4.702996 -0.000000 0.000000 0.000000 -11.304257 -19.547628 3.139907 -36.580844 -29.322414 -58.939368 111.136032 -46.865750 156.932517 -15.814567 -6.317798 49.653065 -9.893393 12.106542 -16.121631 -21.441221 13.496106 27.136510 115.606277 49.883118 -159.881523 -11.832483 0.829193 -46.191341 
50.994283 91.645908 -71.361065 -169.448811 34.759541 173.057797 18.433833 2.261990 -3.700166 28.299720 -10.747071 -2.177962 -22.886131 10.227277 1.940029 -0.000000 0.000000 0.000000 -20.028693 3.239826 7.645248 7.724174 -2.186050 -3.554902 4.730973 -6.459353 6.977877 -0.000000 0.000000 0.000000 21.366546 -5.224680 5.211192 11.945842 -5.762811 0.128867 7.059173 -3.916617 0.894280 20.870991 -9.777752 -6.607299 -2.500547 4.521547 4.134243 -0.000000 0.000000 0.000000 -11.858869 -18.974275 2.892747 -36.330836 -28.823702 -58.862768 111.040994 -46.567212 156.948961 -15.250484 -6.527894 49.999980 -9.958111 12.727748 -16.587429 -21.314524 14.039689 26.200513 115.391683 50.106475 -159.644891 -11.063051 0.749075 -45.887721 
53.062129 91.088521 -75.548393 -170.059107 33.266852 173.313638 15.065601 0.872672 -2.541036 37.264252 -10.729129 -2.762829 -16.964341 8.927365 -0.292472 -0.000000 0.000000 0.000000 -23.027172 5.769084 8.650463 16.629734 -1.199505 -3.968795 6.241340 -10.672073 5.881542 -0.000000 0.000000 0.000000 19.681649 -5.659626 6.546840 11.838866 -4.847134 0.690298 7.110000 -3.534603 0.376675 20.890430 -11.318096 -7.444206 -1.999173 5.408060 3.242854 -0.000000 0.000000 0.000000 -11.346694 -18.530595 3.261201 -36.275826 -28.213420 -58.358302 110.259228 -45.974478 157.029319 -14.710778 -6.425932 50.435275 -9.283038 13.521724 -16.765900 -21.040108 14.902826 25.816706 114.237167 50.216872 -158.809742 -10.466594 0.634777 -45.801864 
55.118817 90.829343 -79.216552 -169.950439 32.413654 172.206538 9.745542 0.380343 0.495021 48.475791 -10.897315 -3.776079 -6.716290 6.202295 -5.044406 -0.000000 0.000000 0.000000 -25.083554 7.450725 10.161454 25.506999 -0.718991 -1.783154 0.745203 -12.340136 2.081582 -0.000000 0.000000 0.000000 20.008742 -5.617277 7.882554 11.471559 -4.012767 1.488444 6.417642 -2.816589 0.250731 21.410154 -11.546562 -8.169599 -1.908865 5.595328 2.907140 -0.000000 0.000000 0.000000 -11.318180 -18.630154 4.113663 -35.750952 -26.906260 -57.244757 109.299612 -45.258242 157.461432 -15.398081 -5.988740 50.538787 -7.885840 15.008241 -17.173905 -21.852414 14.992072 26.170295 113.112065 50.527687 -157.223587 -11.445454 0.581279 -46.023326 
57.035774 90.802616 -82.491189 -169.683092 31.204318 171.768919 3.696397 -0.716678 2.282741 58.830915 -11.897225 -3.373503 5.676313 2.502928 -9.035304 -0.000000 0.000000 0.000000 -24.399223 6.216964 10.206759 30.533954 -0.884127 -0.709987 -4.772449 -11.724521 -0.738555 -0.000000 0.000000 0.000000 20.679361 -4.625394 8.216440 10.927470 -4.018568 2.161111 6.246375 -2.367432 0.354293 22.008417 -11.339676 -8.124231 -1.517594 5.183910 3.370949 -0.000000 0.000000 0.000000 -11.692831 -18.856878 5.117773 -35.785065 -26.086993 -56.026376 108.036095 -45.011464 157.261798 -16.577476 -5.688763 50.661206 -7.008987 16.246333 -17.335665 -22.635136 14.766239 27.660869 112.217718 50.928348 -155.581194 -13.152055 0.356639 -45.818192 
58.690351 91.138065 -85.495794 -169.680103 29.407421 172.054211 -2.825012 -2.418218 2.530943 67.065026 -12.073862 -2.025723 14.602389 1.255741 -10.841864 -0.000000 0.000000 0.000000 -21.886880 3.604187 9.295090 32.137655 -2.126025 -1.286121 -8.833286 -9.458702 -1.425666 -0.000000 0.000000 0.000000 21.178501 -2.964512 8.150625 10.280566 -4.590309 2.793111 6.821453 -2.109051 0.643784 22.490859 -11.074851 -7.690612 -0.680664 4.109492 4.041231 -0.000000 0.000000 0.000000 -12.087634 -19.402068 6.119616 -36.273987 -25.559023 -55.544641 106.671305 -44.796277 156.692347 -16.860349 -4.966493 50.885403 -6.594624 16.859763 -17.432470 -22.967791 14.242854 29.806827 112.113214 50.995951 -154.635599 -15.496341 0.573412 -45.699937 
60.226673 91.843867 -88.386059 -169.436206 28.269187 171.909829 -8.499798 -3.196052 3.073282 72.796231 -10.866510 -0.856391 10.005079 3.658650 -8.954904 -0.000000 0.000000 0.000000 -18.564371 1.957674 8.498659 31.773972 -1.712447 -1.033235 -11.123781 -8.812397 -1.326218 -0.000000 0.000000 0.000000 21.998707 -1.357090 8.190008 10.182059 -4.793336 3.295316 7.227349 -1.545577 0.984822 22.866521 -11.164241 -7.540726 -0.280774 3.617529 4.307811 -0.000000 0.000000 0.000000 -12.383054 -19.599492 6.502273 -36.892882 -24.855640 -55.335098 106.671677 -44.310433 156.836701 -17.695029 -4.303861 50.693843 -6.074473 17.278653 -17.143582 -22.904945 14.133727 31.591706 112.840250 50.757181 -154.422789 -17.100300 0.836211 -45.974624 
61.686826 92.666483 -91.301292 -169.236236 27.928147 172.161825 -13.558319 -4.415432 3.098542 74.770156 -8.296754 -1.220854 2.487226 6.177130 -5.450901 -0.000000 0.000000 0.000000 -14.768988 1.801145 7.757086 29.977565 -0.625704 -0.859453 -12.632198 -9.275844 -1.365481 -0.000000 0.000000 0.000000 22.689770 0.060763 7.644310 10.592865 -4.739709 3.668007 7.267860 -0.862121 1.163120 23.193706 -11.077333 -7.569548 -0.059033 3.414289 4.211798 -0.000000 0.000000 0.000000 -12.519578 -19.016404 6.465946 -37.302220 -24.778529 -55.097670 107.403891 -44.003234 157.397238 -18.722287 -4.252972 50.460658 -5.549330 17.396714 -16.222175 -22.298587 15.010642 32.877539 113.317304 50.409524 -154.143777 -17.484448 1.184701 -45.697254 
63.079047 93.435895 -94.211781 -169.163620 27.765357 172.820003 -18.091703 -6.067149 2.462055 73.294789 -6.029938 -2.120583 -2.791838 8.074283 -2.080866 -0.000000 0.000000 0.000000 -10.537978 1.528005 7.179348 27.026514 -0.150400 -1.782632 -13.909910 -9.354650 -1.339216 -0.000000 0.000000 0.000000 23.788963 1.583562 6.794559 10.438038 -4.810070 3.731924 7.164454 -0.157096 1.350149 23.626240 -10.962981 -7.669713 -0.007231 3.193320 4.486965 -0.000000 0.000000 0.000000 -12.652933 -18.542119 6.533838 -37.100740 -24.654948 -54.343290 108.056036 -44.071607 157.802786 -19.133133 -4.214225 50.393179 -5.118972 17.454244 -15.533909 -21.278428 15.269471 34.112375 113.866969 49.883796 -153.863545 -17.652205 1.706294 -45.452029 
64.355308 94.064361 -97.077674 -168.976316 27.491752 173.581817 -21.835391 -7.538778 1.682431 68.910329 -4.251137 -3.090653 -5.866449 9.722299 0.636544 -0.000000 0.000000 0.000000 -6.131302 0.679648 6.130034 23.896058 0.218369 -2.540905 -14.925385 -8.758794 -0.930016 -0.000000 0.000000 0.000000 25.376673 3.065613 5.909910 10.043432 -5.053117 3.571408 6.936486 0.449449 1.491022 23.890707 -10.750333 -7.693788 0.005311 2.791237 4.995616 -0.000000 0.000000 0.000000 -13.153834 -18.164238 6.556151 -36.641534 -24.669962 -52.923642 108.472663 -44.636087 157.779228 -19.255294 -3.884081 50.143940 -4.844717 17.398174 -15.065738 -20.132661 15.231283 34.955052 114.803463 49.552938 -154.044221 -17.960914 1.904086 -45.667883 
65.527678 94.510865 -99.880916 -169.099305 27.079112 174.423142 -24.993799 -8.680087 0.929688 61.982855 -2.155154 -3.659964 -7.736544 11.172404 2.465886 -0.000000 0.000000 0.000000 -2.449805 -0.150305 5.075606 21.197754 1.022337 -2.998523 -15.761969 -8.754838 -0.485005 -0.000000 0.000000 0.000000 26.630238 4.285910 5.084637 9.777266 -5.290457 3.380272 6.653292 0.904743 1.624843 24.116389 -10.590082 -7.744052 -0.081789 2.367700 5.532177 -0.000000 0.000000 0.000000 -13.558689 -17.968347 6.694539 -36.226898 -24.743704 -51.179219 108.604424 -45.492884 157.583665 -19.672679 -3.481863 49.469900 -4.593645 17.275442 -14.802542 -19.168491 15.180937 35.200093 115.881041 49.497673 -154.544405 -18.650755 2.150019 -45.874135 
66.665632 94.662857 -102.717948 -169.606120 26.564188 175.129745 -27.257687 -9.194994 0.583758 52.551133 0.230325 -3.562549 -7.761147 12.325599 3.497063 -0.000000 0.000000 0.000000 0.471603 -1.318314 4.391395 19.200644 1.550975 -3.400622 -16.949699 -8.562901 -0.112714 -0.000000 0.000000 0.000000 27.007333 5.198946 4.474524 9.891768 -5.562876 3.252233 6.540764 1.251528 1.780687 24.059162 -10.187530 -7.950186 -0.274502 1.804565 5.895488 -0.000000 0.000000 0.000000 -13.978145 -17.884568 7.149151 -35.836602 -24.661694 -49.495379 108.696878 -46.462587 157.624217 -20.719273 -2.801581 48.605107 -4.456829 17.096738 -14.861257 -18.918420 15.045472 35.079553 116.754647 49.543412 -155.031584 -19.289687 2.239929 -45.584829 
67.834586 94.455332 -105.774283 -170.327309 25.966879 175.497742 -28.105295 -9.159711 0.824546 40.553602 2.013733 -3.083790 -5.752894 13.472719 3.814657 -0.000000 0.000000 0.000000 2.997184 -2.342382 4.011325 17.916159 2.162171 -3.301193 -18.787280 -8.627578 -0.044439 -0.000000 0.000000 0.000000 26.559430 5.723886 4.240999 10.058094 -5.841397 3.116415 6.791982 1.454030 1.844415 23.531104 -9.491972 -8.202658 -0.276271 1.263664 5.966538 -0.000000 0.000000 0.000000 -14.432240 -17.751815 7.761524 -35.463198 -24.489432 -48.025208 108.840086 -47.180886 157.713424 -22.027959 -2.323493 48.186598 -4.477230 16.892377 -15.106355 -19.253883 15.091056 34.752078 117.077375 49.630556 -155.214495 -19.165891 2.296284 -45.895293 
69.100773 93.967348 -109.181917 -170.887745 25.708927 175.058114 -27.056085 -8.324621 1.826788 26.270366 2.780808 -1.958292 -2.005262 13.750205 2.670196 -0.000000 0.000000 0.000000 5.662077 -2.790850 4.349604 17.009707 2.837041 -3.008578 -20.961573 -8.803257 -0.144106 -0.000000 0.000000 0.000000 25.983748 5.937742 4.509478 10.069914 -5.872788 2.858451 6.854884 1.738940 1.868302 22.778835 -8.682288 -8.579232 -0.235867 0.851030 5.882331 -0.000000 0.000000 0.000000 -14.956913 -17.494259 8.363527 -35.002863 -24.059691 -47.047789 108.829115 -47.601988 157.624941 -22.827576 -2.346099 48.145506 -4.606437 16.770514 -15.599377 -19.842188 14.879691 34.529120 117.389494 49.621283 -155.557090 -18.557648 2.562227 -46.461016 
70.518249 93.277615 -113.001084 -171.100388 25.805830 173.593135 -24.820827 -5.414597 3.459753 12.322853 3.637538 0.135230 0.145271 11.699586 0.431179 -0.000000 0.000000 0.000000 8.863021 -3.321095 5.471241 16.387155 3.320310 -2.950803 -23.150607 -8.257372 0.168020 -0.000000 0.000000 0.000000 25.545899 5.918463 5.374571 9.820011 -5.816523 2.441559 6.345252 2.193137 1.936971 22.483297 -7.972623 -9.063593 -0.383027 0.803417 5.796903 -0.000000 0.000000 0.000000 -15.471383 -17.308846 8.790496 -34.295274 -23.069336 -46.788758 108.951618 -47.742189 157.329963 -22.484807 -2.521840 48.184876 -4.550276 16.929899 -16.304340 -20.512096 14.169486 34.687806 118.644925 49.694466 -156.634480 -17.585318 2.930078 -46.926714 
71.923804 92.468816 -117.147362 -171.524935 25.843410 172.032007 -23.083056 -3.200427 4.378134 2.796534 3.064402 1.800529 0.805491 10.316377 -1.012926 -0.000000 0.000000 0.000000 11.550948 -3.680413 6.476389 16.828928 3.714169 -2.807519 -25.312410 -7.887866 0.373213 -0.000000 0.000000 0.000000 24.349530 5.672614 6.114832 9.608154 -5.990242 2.324005 5.671541 2.466344 1.921347 22.743953 -7.397987 -9.242175 -0.663978 1.006239 5.750959 -0.000000 0.000000 0.000000 -15.694469 -17.327424 8.758657 -33.588702 -22.490204 -46.667462 109.063320 -47.782404 156.875428 -22.183851 -2.447241 48.225058 -4.462195 17.090685 -16.614450 -21.007894 13.617428 34.830937 119.405184 49.812507 -157.274645 -16.895705 3.136960 -47.457464 
73.327923 91.752803 -121.512949 -171.850951 25.509912 171.071731 -21.763695 -4.365192 3.656225 1.266037 2.149832 2.451214 1.111495 11.472337 -0.534774 -0.000000 0.000000 0.000000 13.011688 -3.494365 6.519915 19.758419 3.755450 -2.347807 -27.183118 -8.319852 0.038973 -0.000000 0.000000 0.000000 22.510796 5.583872 5.663369 10.010928 -6.446677 2.818335 5.072288 2.283255 1.830875 23.112657 -6.868671 -8.635400 -0.761632 0.922933 5.753219 -0.000000 0.000000 0.000000 -15.543723 -17.750959 8.340949 -33.203578 -23.229249 -46.613753 109.016131 -47.994004 156.372993 -22.378905 -2.298148 48.467969 -4.751342 16.980967 -16.160810 -20.706729 13.561472 34.652714 118.765201 49.800411 -157.400552 -16.852819 2.992520 -47.775455 
74.720031 91.216660 -125.971711 -172.043677 24.805970 170.796516 -20.773829 -6.967605 1.604579 3.858675 0.986136 3.445795 9.035042 12.094615 -2.598121 -0.000000 0.000000 0.000000 13.011835 -2.779596 5.820759 25.806286 2.758517 -1.774154 -27.677842 -8.787457 -0.349429 -0.000000 0.000000 0.000000 20.654243 5.478185 4.227883 10.721103 -6.817221 3.513140 4.497570 1.810270 1.675165 23.407440 -6.122649 -7.569836 -0.738730 0.426031 5.768921 -0.000000 0.000000 0.000000 -15.171821 -18.340101 7.809938 -32.966887 -25.032220 -46.945432 108.275543 -48.387329 155.675779 -22.385755 -1.873135 48.704699 -5.399829 16.545073 -15.216597 -19.802182 13.583511 34.167597 117.667752 49.510850 -157.590821 -17.099123 2.916532 -47.811948 
75.872833 91.035491 -130.279315 -172.717366 24.740620 171.519681 -21.726836 -9.979382 -0.389152 9.434293 1.349869 3.046259 10.313798 15.589941 -2.144851 -0.000000 0.000000 0.000000 9.600771 -1.744552 4.041226 35.907538 1.859056 -1.146788 -24.735926 -9.445670 1.061737 -0.000000 0.000000 0.000000 19.017970 5.338082 2.095946 10.353285 -6.831098 3.811156 4.861385 1.420566 1.318133 23.276291 -5.435732 -6.627082 -0.417334 0.129034 5.476409 -0.000000 0.000000 0.000000 -14.404057 -18.630274 7.226996 -33.136293 -26.687226 -47.576016 107.906460 -48.634775 155.326116 -22.275650 -1.675308 48.989480 -6.000399 15.595336 -14.055943 -19.087674 14.062761 33.520501 115.876021 48.849486 -157.246081 -16.423122 2.845753 -47.945417 
76.713872 91.287363 -134.224391 -172.967686 23.895427 172.814918 -23.836827 -11.003173 -2.049224 17.865819 1.590273 -0.132314 4.144399 16.378312 -0.015643 -0.000000 0.000000 0.000000 4.186973 -1.458392 1.341781 48.108233 0.881195 -0.636975 -15.155048 -8.395518 5.948387 -0.000000 0.000000 0.000000 19.425203 5.028112 0.075041 8.468891 -7.044739 3.504575 5.682615 0.967617 1.037364 23.050211 -5.636590 -6.333097 -0.429147 0.479678 5.480656 -0.000000 0.000000 0.000000 -13.359900 -19.267629 7.032034 -33.470586 -27.167886 -48.306870 108.285618 -49.075123 155.595188 -21.260505 -1.849484 49.247988 -6.426733 14.682741 -13.784539 -18.642552 13.823704 33.261386 115.193391 48.217947 -157.697491 -15.188460 2.807725 -47.984859 
77.359289 91.593289 -137.858665 -172.374188 23.007866 173.257555 -23.306425 -9.725353 -3.146990 22.475175 1.025281 -1.567519 0.013293 15.524637 1.167360 -0.000000 0.000000 0.000000 -1.489469 -1.206835 -0.205686 59.283776 0.239911 -1.720619 -2.239236 -5.167943 10.249805 -0.000000 0.000000 0.000000 21.193613 4.133143 -0.485352 6.716367 -6.689111 2.580616 5.522327 0.745769 0.926884 23.335962 -7.113691 -7.268430 -1.430592 2.125757 5.648515 -0.000000 0.000000 0.000000 -12.820666 -20.188698 6.667519 -33.161882 -26.524984 -48.427263 109.087260 -49.741172 156.150431 -20.294185 -1.416340 49.340347 -6.619066 14.857837 -14.649865 -18.378961 12.753310 32.397806 116.297491 48.316247 -159.233015 -14.301970 2.946444 -47.798981 
77.888477 91.746855 -141.141903 -172.583893 23.391526 173.338212 -22.501344 -8.305188 -3.393382 24.934862 0.254012 -2.108519 -3.964266 15.323609 3.136804 -0.000000 0.000000 0.000000 -8.579447 -0.049526 -0.206091 68.674605 1.337847 -3.395195 8.525839 -2.593297 11.379629 -0.000000 0.000000 0.000000 21.572405 2.761561 -0.223555 5.011595 -5.655882 1.473907 5.906488 0.747057 0.433338 23.626674 -8.168535 -8.765729 -1.779802 4.487253 5.107986 -0.000000 0.000000 0.000000 -12.638288 -20.027253 6.129295 -32.708742 -25.691774 -48.214929 110.030764 -50.197510 156.671263 -20.404409 -1.373851 49.160852 -6.686087 15.221257 -15.457551 -19.065206 13.330098 31.471783 116.205563 49.138277 -159.221070 -12.847821 2.759678 -47.675412 
78.429627 91.938800 -144.097137 -172.728324 22.667118 173.571468 -21.375802 -8.303888 -3.988425 26.483656 -1.129134 -2.785220 -7.136275 15.939111 4.536851 -0.000000 0.000000 0.000000 -14.628118 1.030398 0.261580 76.145772 2.610294 -4.152755 5.491894 -3.597268 9.919941 -0.000000 0.000000 0.000000 21.510572 1.589963 -0.181996 4.363564 -5.159245 0.887838 6.757577 0.452294 -0.165295 23.426155 -7.701142 -9.290675 -1.398722 5.115059 4.341052 -0.000000 0.000000 0.000000 -12.448265 -20.083482 6.154519 -32.603531 -25.389467 -48.198761 109.856413 -50.163573 156.598957 -20.813045 -1.654983 49.051833 -6.696396 15.457840 -16.085840 -20.027076 13.717999 30.596192 115.332822 49.590917 -158.840699 -12.778409 2.508835 -47.624530 
78.975952 92.369044 -146.823812 -172.242407 19.897447 173.735878 -18.949851 -9.108180 -5.169683 26.572228 -2.898670 -2.733780 -9.044253 16.080934 4.983395 -0.000000 0.000000 0.000000 -18.689813 1.475943 0.151705 79.697498 1.757578 -3.424207 -0.866594 -5.772931 8.303077 -0.000000 0.000000 0.000000 21.967647 0.757844 -0.116661 5.395247 -5.366904 0.833389 6.727810 -0.269466 -0.450893 23.603917 -7.269427 -8.967511 -1.636539 4.827376 3.970181 -0.000000 0.000000 0.000000 -12.191180 -20.989788 5.871183 -32.776448 -25.851897 -48.444062 109.188689 -49.876365 156.185955 -20.316912 -1.654391 48.964266 -6.887828 15.617962 -16.329306 -20.171938 13.100536 29.542986 114.799254 49.410350 -159.252344 -12.946769 2.374532 -47.447359 
79.502219 92.812598 -149.351132 -171.704535 16.864824 173.554490 -16.166651 -9.721111 -6.137292 26.321359 -4.771165 -1.665152 -10.624756 15.810214 5.532492 -0.000000 0.000000 0.000000 -22.358240 1.880340 0.238387 79.997369 0.594530 -2.166137 -4.729114 -8.203937 5.964000 -0.000000 0.000000 0.000000 22.652566 -0.148359 0.449505 6.238986 -5.372959 0.731537 7.058194 -0.890620 -0.568575 23.764068 -7.277765 -8.719809 -1.887987 4.822362 3.783016 -0.000000 0.000000 0.000000 -11.941903 -21.738276 5.519192 -33.247951 -26.409730 -49.314091 108.702821 -49.503257 155.785620 -19.843932 -1.774155 48.954192 -6.980344 15.623447 -16.590137 -20.348154 12.353355 28.662908 113.884159 49.008665 -159.259117 -12.115867 2.415886 -47.857983 
79.921418 93.198562 -151.606190 -171.768204 14.276643 173.547057 -13.903377 -10.239593 -6.856270 25.557959 -6.454209 -0.496073 -11.815359 15.575632 6.184358 -0.000000 0.000000 0.000000 -25.992386 2.838406 0.678415 77.086348 -0.070330 -1.199960 -8.927816 -11.076930 3.392778 -0.000000 0.000000 0.000000 23.011705 -1.088340 1.127129 6.931315 -5.155154 0.583032 7.586579 -1.305391 -0.742878 23.681405 -7.260706 -8.618816 -1.992577 4.972299 3.574098 -0.000000 0.000000 0.000000 -11.590530 -21.883101 5.320377 -33.787319 -27.127474 -50.506474 108.592846 -49.225645 155.701388 -20.178344 -2.088899 49.091935 -6.988144 15.420397 -16.713604 -20.700950 12.142245 27.876533 112.781422 48.768037 -159.194327 -11.131629 2.415060 -48.032076 
80.258673 93.542916 -153.673530 -171.905451 11.502149 173.681389 -11.779359 -10.325005 -7.391723 24.809663 -8.120674 0.658752 -12.656124 14.750855 6.327835 -0.000000 0.000000 0.000000 -28.706503 3.352530 1.097555 71.315423 -1.115265 -1.161942 -12.535954 -12.749773 1.425219 -0.000000 0.000000 0.000000 23.939123 -1.844241 1.942715 7.181392 -5.084078 0.293578 7.964409 -1.708798 -0.781706 23.528870 -7.338546 -8.556126 -2.214341 5.173849 3.524379 -0.000000 0.000000 0.000000 -11.385045 -21.882740 4.965479 -34.235029 -27.809218 -51.503455 108.640368 -49.074438 155.631715 -20.664770 -2.162261 49.062598 -7.059583 15.202359 -16.817760 -20.990911 12.000572 27.247536 112.152655 48.865414 -159.330396 -10.761708 2.308102 -48.189670 
80.589432 93.830073 -155.674493 -172.005943 8.546435 173.950223 -9.825420 -10.458212 -7.835543 24.324977 -9.652150 1.677836 -13.394169 13.609500 6.150439 -0.000000 0.000000 0.000000 -29.728239 3.522986 1.300485 62.459260 -2.196983 -1.884741 -14.378174 -13.367983 0.836898 -0.000000 0.000000 0.000000 25.088976 -2.254968 2.591137 7.346755 -5.233915 0.045194 8.095680 -2.088759 -0.621992 23.409671 -7.473937 -8.467581 -2.653192 5.263564 3.705469 -0.000000 0.000000 0.000000 -11.130602 -21.914949 4.656677 -34.589115 -28.426478 -52.202125 108.758453 -49.065479 155.630608 -20.754894 -2.335563 49.019876 -7.196610 14.973624 -16.851639 -21.192478 11.882320 26.694103 111.939598 49.311569 -159.533266 -10.907529 2.179543 -48.385433 
80.940652 93.949389 -157.672572 -172.295052 5.927438 174.231679 -8.257904 -10.695290 -8.033799 24.185156 -10.825766 2.364541 -14.386083 12.339277 6.234545 -0.000000 0.000000 0.000000 -29.276490 3.442562 1.598126 50.842863 -2.427975 -3.283613 -12.932895 -14.103694 1.501052 -0.000000 0.000000 0.000000 25.840368 -2.422727 2.991018 7.286816 -5.357814 -0.189125 8.487412 -2.325101 -0.334289 22.843572 -7.812158 -8.475850 -2.875139 5.649758 4.001088 -0.000000 0.000000 0.000000 -10.896831 -21.548780 4.502610 -35.159718 -29.094949 -52.864261 108.862148 -49.098341 155.666830 -20.715147 -2.688895 49.290419 -7.450581 14.638993 -16.850823 -21.377778 12.299434 26.307253 111.587694 50.007253 -159.572790 -11.145096 1.970354 -48.234681 
81.236672 93.870121 -159.746099 -172.939337 3.546021 174.602898 -7.333316 -10.867349 -8.275925 24.507639 -11.830931 2.957140 -15.814411 11.099368 6.527584 -0.000000 0.000000 0.000000 -27.763674 3.081884 1.518007 37.224935 -0.969451 -4.641566 -10.171287 -13.490865 3.317522 -0.000000 0.000000 0.000000 25.972982 -2.334914 3.197316 7.111713 -5.596322 -0.381800 8.857681 -2.469097 -0.029465 22.153233 -7.998777 -8.487017 -3.135713 5.992534 4.385887 -0.000000 0.000000 0.000000 -10.822069 -20.948107 4.318521 -35.697648 -29.809036 -53.447216 109.217635 -49.064462 155.962014 -20.631640 -2.988897 49.633812 -7.649809 14.172980 -16.708009 -21.707983 13.171998 25.965102 111.487740 50.745848 -159.563006 -11.494665 1.691555 -48.091637 
81.418914 93.589908 -162.045813 -173.529117 1.175202 175.133968 -6.568251 -10.577816 -8.684280 25.518935 -13.167952 3.527442 -17.629079 9.733530 7.026106 -0.000000 0.000000 0.000000 -25.331596 2.354968 0.946100 23.489212 3.574632 -5.561519 -8.633179 -9.434251 5.471397 -0.000000 0.000000 0.000000 25.716367 -1.928520 3.216115 7.064318 -6.066032 -0.491701 9.093404 -2.514789 0.247485 21.463684 -7.683469 -8.382205 -3.438735 5.753912 4.804661 -0.000000 0.000000 0.000000 -11.042962 -20.641973 4.257682 -36.008343 -30.197453 -53.966772 109.623459 -48.964745 156.391489 -20.522242 -3.342080 49.989590 -7.679740 13.738435 -16.624492 -22.431806 13.698746 25.614087 111.659206 51.209197 -159.365894 -12.134394 1.442634 -47.727253 
81.492716 93.130165 -164.641762 -173.973654 -1.245016 175.476013 -5.766913 -10.537415 -8.842359 27.164330 -14.761115 3.771465 -19.861794 8.695274 7.850995 -0.000000 0.000000 0.000000 -22.931992 2.605230 0.425941 12.389457 9.715780 -4.835375 -7.948695 -4.657249 7.398744 -0.000000 0.000000 0.000000 24.934776 -1.446303 3.429780 7.426800 -6.402655 -0.295870 9.100130 -2.486524 0.334182 20.807085 -7.221865 -8.199937 -3.671362 5.207149 4.933751 -0.000000 0.000000 0.000000 -11.496026 -20.372038 4.068245 -36.198173 -30.621538 -54.530461 109.621664 -48.895993 156.573813 -20.129278 -3.586560 50.470746 -7.744079 13.400353 -16.322551 -23.003313 14.381766 24.846231 111.478240 51.529980 -158.583916 -12.454222 1.196858 -47.192399 
81.501144 92.550534 -167.554748 -173.777004 -3.567788 175.511435 -4.356772 -10.721677 -8.579479 29.426890 -16.491839 3.698038 -22.458046 8.107462 9.171735 -0.000000 0.000000 0.000000 -21.167650 3.896924 0.034748 6.924519 13.965023 -2.052223 -5.880657 -0.429128 9.474738 -0.000000 0.000000 0.000000 24.239439 -1.214786 3.927677 8.054699 -6.279834 0.094183 8.910205 -2.247400 0.267161 20.333598 -6.849933 -8.062607 -4.009752 4.721661 4.664109 -0.000000 0.000000 0.000000 -12.020908 -20.030793 3.731033 -36.223612 -31.005200 -55.092969 109.433773 -48.790734 156.832487 -19.747727 -3.814621 50.816196 -7.775568 13.358985 -15.912281 -23.185177 15.291355 23.864857 111.109772 51.940540 -157.274596 -12.621154 1.199564 -46.888873 
81.410635 92.035115 -170.610690 -172.943946 -5.138672 176.022683 -2.725733 -9.885108 -8.546902 32.430702 -17.222056 3.772158 -24.534878 6.921306 9.027511 -0.000000 0.000000 0.000000 -19.716458 3.273535 0.331918 7.682538 13.962938 -2.508025 -0.663803 10.144181 14.727826 -0.000000 0.000000 0.000000 24.269395 -0.626693 4.001753 8.428368 -6.195290 0.105261 8.177357 -1.607159 0.112575 20.566213 -5.638792 -7.952026 -4.675317 3.629199 4.354754 -0.000000 0.000000 0.000000 -13.002686 -20.058189 3.468498 -35.187955 -30.590300 -55.816297 109.951905 -48.709809 157.863667 -18.238572 -4.266810 50.523712 -8.112516 13.664767 -15.806454 -23.235102 15.766545 24.376877 112.218923 52.351670 -156.479602 -12.919815 1.561746 -46.501239 
81.325710 91.467434 -173.665988 -172.567253 -7.461072 176.895685 -2.706540 -9.279429 -8.161430 36.826409 -17.679735 2.787235 -25.605581 5.306262 9.228855 -0.000000 0.000000 0.000000 -18.749923 2.865063 0.596953 10.177869 13.476191 -3.306063 4.131389 12.963033 13.564447 -0.000000 0.000000 0.000000 23.554098 -0.224493 4.029052 8.463757 -6.017786 -0.067018 7.915209 -1.366220 -0.086981 19.709653 -5.855332 -8.057431 -5.042472 4.078509 4.304249 -0.000000 0.000000 0.000000 -13.419254 -19.841853 3.032037 -34.681813 -29.715346 -55.806337 110.110709 -48.300384 158.205098 -17.160108 -4.680642 50.467223 -7.886305 14.151164 -15.882599 -22.697338 15.990688 25.310851 112.920329 52.394124 -156.011458 -13.307622 1.410060 -45.634030 
81.130344 91.158861 -176.226807 -173.635057 -10.626979 177.126162 -6.798317 -8.690170 -6.725441 44.337431 -17.083805 0.721184 -23.361153 3.550555 7.559343 -0.000000 0.000000 0.000000 -20.865464 4.288799 1.359155 17.098485 13.336099 -4.593105 -0.866757 8.254825 10.372106 -0.000000 0.000000 0.000000 22.025762 -0.254068 4.811577 8.012580 -5.696650 0.168272 8.317276 -1.466396 -0.584170 17.317345 -5.939139 -8.154391 -5.530038 4.323833 3.710007 -0.000000 0.000000 0.000000 -13.329499 -19.315169 2.478316 -34.862285 -28.605312 -55.500863 109.154075 -47.537588 157.740071 -16.097696 -5.707022 50.413986 -6.845876 14.542143 -15.706663 -22.071893 16.421634 25.862380 113.021451 51.781315 -155.366796 -13.647903 0.589442 -46.195177 
80.790019 91.450429 -178.534520 -172.847392 -14.484122 177.170017 -9.956710 -7.295315 -4.055655 52.337649 -15.179130 -1.725254 -16.239594 2.277680 3.055907 -0.000000 0.000000 0.000000 -19.414867 5.342683 1.377578 20.542254 11.052105 -3.657334 -2.957359 6.079924 7.537654 -0.000000 0.000000 0.000000 23.487275 -0.119412 6.048244 8.549038 -5.773042 0.537502 7.301599 -1.374976 -0.672266 14.607434 -6.432924 -8.756026 -6.946588 4.351483 3.969998 -0.000000 0.000000 0.000000 -13.265852 -19.902470 2.303438 -34.629339 -26.585899 -54.806591 107.624734 -46.953105 157.493127 -14.055531 -6.259735 50.538354 -5.504387 15.751478 -16.097720 -21.166177 15.443323 26.661898 113.987972 51.134901 -155.114081 -13.984953 -0.316791 -47.432457 
80.404466 91.748345 -180.596423 -172.717147 -18.689433 177.431871 -14.395896 -5.508104 -1.278449 60.096024 -12.635506 -3.543456 -8.574159 0.604535 -1.470949 -0.000000 0.000000 0.000000 -17.147345 4.464111 1.048741 20.930754 9.936114 -3.485908 -4.370476 4.280356 5.811659 -0.000000 0.000000 0.000000 24.023359 0.497124 6.732224 9.048599 -6.013625 0.945015 6.324408 -1.322739 -0.471339 12.869178 -7.624861 -9.476211 -8.086118 4.576617 4.870271 -0.000000 0.000000 0.000000 -13.237062 -20.557867 1.865386 -34.826328 -25.024922 -53.993899 106.070278 -47.298038 156.632476 -13.415356 -5.627279 51.041659 -4.185629 16.707911 -15.862667 -20.333799 14.187986 27.077931 114.640151 51.137773 -154.045045 -14.298577 -1.004403 -47.185721 
79.892719 92.003250 -182.310033 -173.347654 -23.025002 178.102479 -19.676666 -4.877940 0.290681 66.444758 -10.150836 -4.953513 -1.761392 0.213651 -5.130386 -0.000000 0.000000 0.000000 -15.869928 3.572059 0.603380 21.733265 8.998241 -4.756863 -6.556985 1.678877 5.064208 -0.000000 0.000000 0.000000 23.969739 1.131266 6.655994 8.387998 -6.173982 1.138398 6.523838 -1.356741 -0.279946 11.735617 -8.245302 -9.983395 -8.229086 4.678575 5.607157 -0.000000 0.000000 0.000000 -13.175081 -20.753633 1.783268 -35.539053 -24.594714 -53.227818 105.761043 -48.005130 157.058682 -15.521201 -4.101574 50.720925 -3.416518 16.898531 -15.035450 -19.233972 13.781939 27.698476 115.058028 51.568915 -152.950209 -15.121333 -1.916562 -47.679260 
79.094303 92.313927 -183.707356 -173.811505 -27.315984 178.971392 -24.029278 -5.252883 1.025136 70.111718 -7.851371 -6.601641 -1.448290 2.312203 -3.972490 -0.000000 0.000000 0.000000 -14.368184 2.507655 -0.911903 21.901424 8.222272 -4.879754 -8.331307 -0.636362 5.288067 -0.000000 0.000000 0.000000 24.271996 1.885597 6.493061 7.757715 -6.377762 1.285508 6.846592 -1.325081 -0.085864 10.967359 -8.578672 -10.688199 -8.109079 5.069294 5.883180 -0.000000 0.000000 0.000000 -13.085544 -20.792374 2.247509 -36.664984 -24.164070 -52.381911 106.039596 -48.415674 158.237735 -18.505147 -3.398031 50.432100 -2.727176 16.739506 -14.588849 -18.275463 13.476018 28.604774 115.618846 51.925246 -152.822622 -16.992645 -2.395196 -48.296836 
78.029442 92.605525 -185.002232 -173.902550 -31.673098 179.710274 -27.423786 -5.626562 2.235294 71.398050 -5.841110 -7.695820 -5.144652 4.815292 -1.825926 -0.000000 0.000000 0.000000 -12.283425 1.100717 -2.314767 21.503221 7.397577 -4.692776 -9.590674 -2.644450 5.591785 -0.000000 0.000000 0.000000 24.989951 2.729741 6.389369 7.298594 -6.542634 1.552202 6.846137 -1.164904 0.254300 10.968629 -8.753449 -11.361650 -7.731089 5.547867 5.915521 -0.000000 0.000000 0.000000 -13.061141 -20.785182 2.623892 -37.948222 -23.585357 -51.120521 105.892809 -48.398593 158.843105 -19.499428 -3.451738 50.672508 -2.264356 16.486149 -13.932237 -17.647943 12.789259 29.248467 115.951852 51.694446 -152.902253 -17.697894 -2.180275 -48.219311 
76.773161 92.762619 -186.200964 -174.369096 -35.803124 -179.621703 -30.605042 -6.299681 3.367996 69.682011 -4.216704 -8.591962 -6.501923 5.770109 -0.234008 -0.000000 0.000000 0.000000 -10.298817 -0.560116 -3.664049 20.551363 6.130957 -4.860084 -10.854097 -3.910824 5.703804 -0.000000 0.000000 0.000000 25.340975 3.587848 5.744693 6.750449 -6.786880 1.773471 6.986674 -0.989585 0.582176 11.465067 -8.271924 -11.650885 -6.895423 5.590622 5.820849 -0.000000 0.000000 0.000000 -12.991121 -20.420819 3.363873 -39.300080 -23.091987 -49.883694 104.958496 -48.059143 158.613357 -18.186429 -3.637013 51.104805 -1.993924 15.894736 -13.259636 -17.573480 12.171940 30.308128 114.586411 50.680696 -151.867100 -15.528494 -1.813101 -48.139457 
75.320858 92.794985 -187.308574 -175.096149 -39.835417 -179.267067 -33.147119 -7.334335 4.376131 65.139383 -2.714156 -9.136627 -7.232025 6.513141 1.087732 -0.000000 0.000000 0.000000 -8.283059 -2.078944 -4.913428 19.147437 5.096230 -4.771495 -11.992506 -5.354079 5.743592 -0.000000 0.000000 0.000000 25.571553 4.303096 4.879163 6.259901 -7.127406 1.983068 7.012985 -0.886024 0.940938 12.148914 -7.573432 -11.851332 -6.110725 5.449448 5.733547 -0.000000 0.000000 0.000000 -12.898656 -19.831890 4.322803 -40.227470 -22.868463 -48.503173 105.092044 -47.728899 159.106446 -18.236126 -4.142202 51.602493 -1.980251 15.172282 -12.648826 -17.605167 12.047564 31.566635 113.699740 49.413242 -151.368342 -13.519795 -1.521009 -48.909426 
73.636878 92.725271 -188.296032 -175.818674 -43.429464 -179.188587 -34.466853 -8.132535 5.331057 58.031968 -0.470166 -8.947981 -7.268358 8.020394 1.861112 -0.000000 0.000000 0.000000 -6.162176 -3.317511 -5.976106 17.675278 4.264761 -4.399106 -13.068100 -7.009217 5.992880 -0.000000 0.000000 0.000000 25.859137 4.839727 4.020455 6.007531 -7.319792 2.006641 6.915340 -0.719063 1.231756 12.616395 -6.976928 -11.962706 -5.491149 5.114246 5.718538 -0.000000 0.000000 0.000000 -12.891499 -19.268529 5.266561 -40.573215 -22.958184 -46.946142 106.249167 -47.398412 160.049590 -20.039592 -4.676007 51.923985 -2.195831 14.641869 -12.312153 -17.651464 12.337003 32.819063 113.981563 48.605386 -152.227450 -13.112389 -1.334211 -49.535973 
71.580905 92.548025 -189.134300 -176.603061 -46.383344 -179.512708 -34.552612 -8.373801 6.236276 48.514652 2.131475 -7.744918 -6.207880 9.951616 2.454703 -0.000000 0.000000 0.000000 -4.241361 -4.613137 -6.723667 16.495276 3.371835 -4.257436 -13.953644 -8.083819 6.437440 -0.000000 0.000000 0.000000 26.018922 5.193228 3.341377 5.876463 -7.386004 1.837174 6.726030 -0.444820 1.502960 13.003653 -6.423737 -12.106958 -4.919889 4.599590 5.765188 -0.000000 0.000000 0.000000 -12.886700 -18.882403 6.164615 -40.392256 -22.843138 -45.351960 107.364330 -47.121941 160.615573 -21.265038 -4.863144 51.970264 -2.426205 14.537314 -12.341269 -18.111782 12.596764 33.880428 114.597198 48.014042 -153.307882 -12.845549 -1.130102 -49.997297 
68.980008 92.258435 -189.806592 -177.596920 -49.055154 179.535555 -33.613390 -8.350907 6.897950 36.629651 4.673799 -5.606011 -3.412427 12.106396 2.449877 -0.000000 0.000000 0.000000 -2.424846 -5.491436 -7.130435 15.715837 2.585273 -4.174878 -14.762659 -9.301660 6.624264 -0.000000 0.000000 0.000000 25.625787 5.312105 3.089015 6.012953 -7.405684 1.757030 6.436650 -0.202965 1.747394 13.355761 -5.942211 -12.163062 -4.439401 4.171577 5.717749 -0.000000 0.000000 0.000000 -12.879119 -18.575414 6.948899 -39.928175 -22.878454 -44.231720 108.035079 -46.915728 160.489483 -21.638025 -4.918744 52.297221 -2.727475 14.623897 -12.699226 -18.773545 13.105756 34.558108 114.932003 47.592079 -154.116586 -12.037893 -0.818161 -50.738740 
65.756243 91.880625 -190.332115 -178.395092 -51.496145 178.171680 -31.940350 -7.403109 7.304551 24.092674 8.234274 -2.391354 0.941766 14.084469 1.175652 -0.000000 0.000000 0.000000 -0.571904 -6.247136 -7.239427 15.630552 1.862946 -4.284019 -15.647144 -10.008911 6.670122 -0.000000 0.000000 0.000000 24.919241 5.290361 3.441210 6.331656 -7.439821 1.745267 6.027900 -0.031558 1.965460 13.787655 -5.573505 -12.189387 -4.229931 3.868678 5.705983 -0.000000 0.000000 0.000000 -12.824710 -18.488737 7.681752 -39.330677 -22.784838 -43.565459 108.748622 -46.826432 160.267444 -22.071631 -4.890560 52.220127 -3.011499 14.870717 -13.406695 -19.604090 13.610605 35.056099 115.716530 47.307951 -155.453736 -11.310807 -0.451343 -51.471055 
62.008184 91.406500 -190.707040 -178.424759 -53.608239 177.329556 -30.415579 -6.076650 7.671227 16.020201 12.074936 -0.633472 2.589204 16.155704 -0.146099 -0.000000 0.000000 0.000000 1.252787 -6.826350 -7.584237 16.865602 1.219742 -4.479609 -16.521827 -10.337647 6.918471 -0.000000 0.000000 0.000000 24.372981 5.311458 3.842946 6.760502 -7.569292 1.817443 5.595095 0.175745 2.038901 14.248759 -5.296539 -11.994685 -4.267404 3.602317 5.760014 -0.000000 0.000000 0.000000 -12.782760 -18.870526 8.206587 -38.797349 -22.695547 -43.183911 109.563622 -46.945818 160.066721 -22.795777 -4.851463 51.616379 -3.408706 15.147988 -14.197878 -20.581775 13.906881 35.160609 116.505662 46.928361 -156.920010 -11.055972 -0.370943 -52.073574 
57.919753 90.894896 -190.907443 -178.068104 -55.952749 177.280936 -30.042229 -5.855259 7.266228 16.848781 13.976778 -1.891119 4.433674 17.224360 -1.384757 -0.000000 0.000000 0.000000 2.507723 -7.197031 -8.517648 19.801811 0.248861 -4.726475 -16.944518 -10.696948 6.903558 -0.000000 0.000000 0.000000 23.704465 5.255359 3.942473 7.317218 -8.057144 2.079004 5.136544 0.094787 1.828810 14.989388 -5.390244 -11.667170 -4.472555 3.701767 5.850939 -0.000000 0.000000 0.000000 -12.501883 -19.554951 8.330292 -38.237886 -22.896000 -42.788017 110.122506 -47.273341 159.775327 -23.714769 -4.877873 51.206349 -3.969630 15.475706 -14.750259 -21.428965 14.376890 34.911764 116.553615 46.587754 -157.848754 -10.905999 -0.465749 -52.461730 
53.731871 90.448123 -190.962923 -177.910802 -58.720548 177.561461 -30.661645 -5.512882 6.020039 22.174329 13.616017 -4.787484 2.266273 15.768298 -1.398253 -0.000000 0.000000 0.000000 2.068760 -7.475034 -9.831078 25.443254 -1.139166 -5.262196 -15.785163 -11.114476 7.464677 -0.000000 0.000000 0.000000 22.845547 5.021273 3.838372 7.413642 -8.666408 2.252026 5.107202 -0.259533 1.422945 15.815318 -5.754876 -11.262221 -4.493030 3.976078 5.569128 -0.000000 0.000000 0.000000 -12.094600 -20.127551 8.099557 -37.793134 -23.247369 -43.144796 110.448061 -47.608660 159.298490 -23.828188 -5.056253 51.154919 -4.797592 15.490455 -15.150594 -22.043187 15.058980 34.740942 116.568947 46.457779 -158.805913 -10.785069 -0.392016 -52.408763 
49.665532 90.208018 -190.782976 -177.313454 -61.676559 178.323217 -31.681501 -5.682960 4.090358 28.351386 11.077746 -7.035787 -1.767417 15.858164 -0.218096 -0.000000 0.000000 0.000000 -0.497632 -6.269035 -10.559263 34.707215 -2.029634 -6.478128 -10.239136 -12.713625 8.260634 -0.000000 0.000000 0.000000 22.964933 4.297783 4.116685 6.249713 -9.001040 1.948799 5.902639 -0.714548 0.991410 15.888126 -7.084085 -11.585302 -4.685374 5.298435 5.395450 -0.000000 0.000000 0.000000 -11.005863 -20.993119 7.919451 -37.482136 -22.350292 -43.266230 109.996488 -47.443211 158.957892 -23.501554 -5.169650 50.957476 -5.596815 15.969203 -16.257071 -22.543701 15.000405 34.710757 116.000752 46.198045 -159.629194 -10.550389 -0.469903 -51.917744 
45.880705 90.039825 -190.537453 -175.271044 -64.261186 -179.996383 -30.873355 -5.761899 2.393907 32.325163 8.690351 -8.259668 -6.539053 16.141189 1.669512 -0.000000 0.000000 0.000000 -4.220276 -3.011722 -9.535781 46.352231 -2.598985 -8.192576 0.137157 -15.249009 8.905424 -0.000000 0.000000 0.000000 24.113784 2.815507 4.494128 5.330260 -8.675275 1.494095 6.092810 -1.095720 0.803158 16.006510 -9.254773 -12.558198 -5.757235 7.859004 5.480337 -0.000000 0.000000 0.000000 -9.649297 -22.067249 7.375063 -36.874843 -20.628400 -42.325861 109.393709 -47.608638 159.019150 -22.455689 -5.245995 50.814422 -6.060586 17.308431 -17.862015 -22.651614 14.906130 34.096494 115.196174 46.645794 -160.375322 -9.964790 -0.468598 -51.737620 
42.447904 89.774781 -190.283823 -172.539716 -66.079927 -177.558874 -29.455807 -6.217021 0.820184 35.331055 6.649231 -9.095762 -10.844001 16.825129 4.036553 -0.000000 0.000000 0.000000 -8.504183 1.278323 -7.400921 57.626274 -1.470454 -9.687016 12.665101 -14.978925 10.008266 -0.000000 0.000000 0.000000 25.815848 1.023783 4.365043 4.180420 -8.126644 0.804641 6.186281 -1.479015 0.496394 16.263744 -10.702731 -13.547942 -6.777383 10.652319 5.508811 -0.000000 0.000000 0.000000 -8.989113 -22.604708 6.471011 -35.827067 -19.137527 -40.797098 109.038433 -48.428385 159.258448 -21.543719 -5.225357 50.806580 -6.844082 18.604411 -19.069335 -22.734771 15.992939 33.605484 114.277746 47.720271 -160.533257 -9.676000 -0.664519 -51.341220 
39.355493 89.550555 -190.104926 -169.780559 -68.020782 -174.959021 -27.884811 -6.171550 -0.463358 37.479032 4.444317 -9.632057 -14.450341 16.963666 5.753284 -0.000000 0.000000 0.000000 -13.181481 4.410791 -4.874839 68.753684 3.742089 -10.381200 11.688820 -8.682053 9.632800 -0.000000 0.000000 0.000000 26.594640 -0.305367 3.806282 4.286837 -8.000973 0.530222 6.530084 -1.797311 -0.228917 16.747522 -9.182671 -13.499391 -6.743671 10.306647 4.616611 -0.000000 0.000000 0.000000 -9.626812 -22.553937 6.136532 -34.616926 -18.419234 -40.810095 107.863600 -49.349562 158.731414 -20.885465 -4.793516 50.255399 -7.702223 18.863292 -19.641793 -23.972869 17.186452 33.337199 113.980791 48.434321 -160.292693 -11.517875 -0.642421 -50.817541 
36.532968 89.637357 -189.991605 -166.259034 -70.736655 -171.600089 -25.580223 -5.591754 -1.719483 37.987540 2.024521 -9.183426 -16.889184 16.216599 6.705681 -0.000000 0.000000 0.000000 -17.870706 5.457010 -2.381041 76.552370 7.481942 -10.755077 3.873943 -3.295127 8.635194 -0.000000 0.000000 0.000000 26.896852 -1.195679 3.466729 5.485344 -8.109793 0.239442 6.623861 -2.142217 -0.986918 17.796035 -7.641248 -13.113788 -6.406957 8.854912 3.886454 -0.000000 0.000000 0.000000 -10.368767 -23.102130 5.891718 -33.378038 -18.034385 -41.751241 107.654095 -49.618979 158.966506 -21.297384 -4.200683 49.577301 -8.045093 19.043374 -20.062378 -25.001793 17.117514 33.016764 114.241107 48.461521 -160.230204 -13.074933 -0.540382 -50.180972 
33.943951 89.978492 -189.841771 -161.791825 -74.157746 -167.266789 -23.017391 -5.343634 -3.130207 37.396837 -0.081393 -8.107938 -18.209656 15.071904 7.409691 -0.000000 0.000000 0.000000 -22.733402 5.934175 -0.293934 79.788562 7.652270 -9.853291 -1.104435 -3.018613 7.773378 -0.000000 0.000000 0.000000 27.211853 -2.218320 3.407482 6.721104 -7.963743 -0.168472 6.888844 -2.607350 -1.549843 18.418585 -7.439869 -12.863905 -6.010872 8.300139 3.220926 -0.000000 0.000000 0.000000 -10.567277 -23.174352 5.249469 -32.993055 -18.674936 -43.324203 107.806885 -49.199798 159.285132 -21.884781 -4.478441 49.382631 -8.244790 18.989247 -20.216854 -25.137044 17.187319 32.135026 113.892735 48.379992 -159.744276 -12.795869 -0.353563 -49.699145 
31.523517 90.544927 -189.660645 -154.656144 -77.616644 -160.196592 -19.668513 -5.554858 -4.497666 35.436358 -1.575132 -6.729765 -18.831188 13.557705 7.977147 -0.000000 0.000000 0.000000 -27.112910 6.432325 1.331030 78.716212 5.627401 -7.927612 -3.836134 -6.879921 5.744070 -0.000000 0.000000 0.000000 27.802250 -3.287397 3.413399 7.842733 -7.486749 -0.839181 7.246681 -3.087571 -1.882336 18.738511 -8.167742 -12.731160 -5.599254 8.511267 2.714851 -0.000000 0.000000 0.000000 -10.405429 -22.977348 4.273275 -33.111684 -19.652591 -44.877984 107.367138 -48.621911 158.976754 -20.887460 -4.994908 49.132573 -8.158474 19.029247 -20.265996 -24.502234 17.254277 30.967791 113.116907 48.432975 -159.061061 -11.495663 -0.016926 -49.230485 
29.155460 91.199231 -189.476776 -140.914602 -80.726262 -146.575826 -15.843899 -5.665181 -5.406856 33.229325 -3.073683 -5.302815 -18.934977 11.716320 8.087566 -0.000000 0.000000 0.000000 -30.486308 6.417519 2.697637 74.487547 2.567225 -6.092110 -7.193473 -11.950265 2.384359 -0.000000 0.000000 0.000000 29.075453 -4.159740 3.535518 8.355183 -6.913937 -1.758122 7.650018 -3.471461 -1.988110 18.985988 -9.105568 -12.452450 -4.767677 9.009730 2.522830 -0.000000 0.000000 0.000000 -10.146597 -22.703161 3.266543 -33.172392 -20.483856 -46.221404 107.088355 -48.191843 158.484785 -19.752959 -5.280848 49.100559 -7.863267 19.131382 -20.319243 -23.532074 16.889669 30.111402 112.713577 48.602078 -158.530602 -10.515233 0.237610 -49.029727 
26.802921 91.809839 -189.212000 -115.839093 -83.145862 -121.757420 -12.092106 -6.249603 -6.058192 30.746898 -4.916013 -3.759848 -19.001536 10.312626 8.057170 -0.000000 0.000000 0.000000 -32.905606 6.221173 3.874296 67.511047 0.029370 -4.520555 -10.934866 -14.961721 -0.526360 -0.000000 0.000000 0.000000 30.693237 -4.756025 3.701659 8.423659 -6.489414 -2.467521 7.759763 -3.746073 -1.832802 19.435255 -9.632630 -11.797126 -3.956116 9.218360 2.714409 -0.000000 0.000000 0.000000 -10.086631 -22.312877 2.220912 -32.827296 -21.489004 -47.122199 107.672617 -48.053653 158.673457 -19.744593 -5.467911 48.848979 -7.660199 19.065575 -19.863174 -22.621399 16.445508 29.370061 112.475298 49.034791 -158.015417 -9.968349 0.541566 -48.456072 
24.364327 92.238009 -188.846660 -78.449893 -83.766233 -84.691264 -9.000066 -6.954284 -6.503428 28.900131 -7.073478 -2.060713 -19.243640 9.193030 7.856532 -0.000000 0.000000 0.000000 -34.519914 5.846412 4.918543 58.208748 -1.281638 -3.778301 -11.741332 -15.220533 -0.746886 -0.000000 0.000000 0.000000 31.920916 -5.108288 3.620328 8.393717 -6.301683 -2.753240 7.872271 -3.948174 -1.492365 19.787040 -9.392561 -10.634534 -3.191408 8.938457 3.096413 -0.000000 0.000000 0.000000 -10.226241 -21.773008 1.233986 -32.448680 -22.617574 -47.237922 108.184415 -48.168790 158.838947 -19.688030 -5.755950 48.183509 -7.697544 18.682589 -18.745430 -22.124046 16.489670 28.643739 111.831879 49.709417 -157.135975 -9.321077 0.818199 -48.418490 
21.685976 92.418230 -188.326561 -47.359888 -82.385402 -53.990885 -6.198300 -7.430621 -6.710461 27.463519 -9.341681 -0.322645 -19.984331 8.195593 7.928988 -0.000000 0.000000 0.000000 -35.159701 5.303203 5.780274 46.601055 -0.734512 -3.509093 -8.754935 -14.308653 1.066233 -0.000000 0.000000 0.000000 32.353786 -5.201174 3.390415 8.406668 -6.199771 -2.673455 8.112573 -4.074782 -0.960204 19.671054 -8.930936 -9.397838 -2.657654 8.623358 3.643778 -0.000000 0.000000 0.000000 -10.277874 -20.992260 0.827127 -32.375471 -23.476468 -47.144759 108.395548 -48.297967 158.905155 -18.804903 -5.880820 47.900834 -7.825329 17.988059 -17.695608 -22.052200 16.810899 28.310973 111.330073 50.414349 -156.780288 -8.906770 0.961655 -48.758935 
18.586284 92.360705 -187.606597 -29.245075 -80.013282 -36.151558 -3.688463 -7.739341 -6.791825 26.510542 -11.791281 1.086497 -21.052735 7.363370 8.062653 -0.000000 0.000000 0.000000 -34.270969 4.923840 6.228589 32.860414 0.871270 -3.052613 -4.249394 -12.948394 3.710960 -0.000000 0.000000 0.000000 31.911380 -5.029588 3.000904 8.607183 -6.186744 -2.329552 8.352115 -4.110055 -0.329052 19.383602 -8.495323 -8.155308 -2.532380 8.115211 4.318141 -0.000000 0.000000 0.000000 -10.406145 -20.093655 0.848359 -32.424937 -24.390807 -46.885302 108.720375 -48.475981 159.051839 -18.047754 -5.929862 48.345468 -8.141311 17.141773 -16.699764 -22.212471 17.426459 28.327284 111.147992 51.012875 -156.962083 -9.205315 0.990468 -49.068200 
14.969875 92.101258 -186.558747 -20.008341 -77.257346 -26.827049 -0.331816 -8.008658 -7.011169 25.404405 -14.282935 2.143797 -22.514727 6.933655 8.093960 -0.000000 0.000000 0.000000 -31.797116 4.683032 6.121982 18.511856 2.345675 -2.125168 -1.857391 -10.089861 6.485913 -0.000000 0.000000 0.000000 31.005554 -4.630093 2.473539 8.916750 -6.343481 -1.858548 8.353925 -4.027504 0.225074 19.425931 -7.443908 -6.699874 -2.543917 6.776273 4.764345 -0.000000 0.000000 0.000000 -10.762788 -19.144462 0.972626 -32.508009 -25.385976 -46.723303 108.819209 -48.714363 159.098687 -17.947590 -6.102839 48.023360 -8.603320 16.115415 -15.469195 -22.671905 18.094482 28.547828 110.304592 51.017150 -156.275697 -9.373671 0.609948 -49.780960 
10.837980 91.730809 -185.128736 -16.649089 -74.365891 -23.072954 4.089693 -7.933294 -7.021113 24.639121 -16.861923 2.695223 -23.919029 6.523263 7.815426 -0.000000 0.000000 0.000000 -28.687617 4.063647 5.606143 6.931843 1.396688 -0.613559 -1.022694 -7.242793 9.631565 -0.000000 0.000000 0.000000 30.178966 -4.179984 2.004730 9.322091 -6.443604 -1.350054 7.979958 -3.827432 0.679561 19.728734 -6.419622 -5.258244 -2.393703 5.167520 4.952007 -0.000000 0.000000 0.000000 -11.119346 -18.464415 1.187230 -32.436958 -26.274000 -46.421300 108.958948 -48.928204 159.397373 -17.630066 -6.040993 47.525861 -9.098566 15.380834 -14.282721 -22.828936 18.301303 29.136157 110.246072 50.926939 -156.565782 -9.181610 0.691445 -49.146453 
6.366093 91.289061 -183.282077 -16.236870 -72.065255 -21.931425 8.579085 -7.247472 -7.169944 25.227577 -19.016962 3.016816 -24.844809 6.318954 7.354123 -0.000000 0.000000 0.000000 -26.498278 2.421134 5.426079 1.681194 -2.977184 0.399564 -0.433327 -5.313631 12.940773 -0.000000 0.000000 0.000000 29.473190 -3.839669 1.617044 9.295436 -6.302107 -1.019428 7.378010 -3.508292 0.964752 20.311621 -5.388464 -4.152525 -2.134554 3.585067 4.842921 -0.000000 0.000000 0.000000 -11.423991 -18.036854 1.638093 -32.074936 -26.700973 -45.823752 109.166243 -48.954422 159.965417 -17.368312 -6.014169 47.595219 -9.647210 15.152732 -13.456262 -22.719092 18.453709 30.462263 110.371263 50.631331 -156.429616 -8.903192 0.722651 -49.321884 
1.712741 90.793675 -181.015873 -17.268166 -70.695549 -21.935937 12.663654 -5.995947 -7.619198 26.799699 -20.157033 2.841953 -24.689661 6.070345 6.706492 -0.000000 0.000000 0.000000 -25.487932 0.600070 5.926991 3.933188 -6.912594 0.474746 -0.338819 -4.509015 13.863969 -0.000000 0.000000 0.000000 28.283123 -3.797235 1.478545 9.439305 -5.887086 -0.839740 6.526824 -3.100036 0.968652 20.895494 -4.620520 -3.865235 -1.964768 2.629414 4.243062 -0.000000 0.000000 0.000000 -11.693240 -17.872634 2.212124 -31.552179 -26.045741 -44.710352 109.133576 -48.772080 160.604610 -16.836813 -6.034679 47.718734 -9.935821 15.710849 -13.133474 -22.727582 18.838582 32.529609 110.625790 50.159755 -156.026753 -8.895612 0.775761 -49.238258 
-2.994843 90.291238 -178.553903 -16.992215 -69.599813 -20.998824 15.162372 -3.893154 -7.286809 29.751025 -20.318176 1.990586 -22.851027 4.726055 4.751531 -0.000000 0.000000 0.000000 -25.674469 0.635523 7.204412 8.374385 -6.868213 -0.006691 1.395580 -0.764645 12.594494 -0.000000 0.000000 0.000000 26.271314 -4.072456 2.054197 9.775783 -5.534533 -0.418703 5.472068 -2.686320 0.768327 21.416660 -3.916067 -4.331766 -1.988207 1.994239 3.567993 -0.000000 0.000000 0.000000 -12.414291 -17.475639 2.638985 -31.043428 -24.625409 -44.002556 108.992552 -48.362394 161.107838 -15.356642 -5.763656 47.236951 -10.067551 16.348436 -12.634304 -23.348138 19.772697 34.981688 110.975510 49.466979 -155.230553 -9.045268 1.040037 -48.644058 
-7.562545 89.749652 -176.087296 -14.440742 -68.237392 -17.982176 14.362585 -2.579152 -6.315269 35.490541 -19.614391 0.084717 -19.042191 2.233914 3.206817 -0.000000 0.000000 0.000000 -26.755717 3.167372 8.955037 11.406047 -2.702759 -1.425316 12.843860 -1.845239 10.334128 -0.000000 0.000000 0.000000 23.425870 -4.730073 2.942795 9.025103 -4.862703 0.184895 5.923839 -2.528918 0.541828 20.523149 -5.597535 -5.427187 -0.890909 3.311933 3.460281 -0.000000 0.000000 0.000000 -12.469396 -16.492941 3.036828 -31.966865 -23.838481 -43.834772 109.343333 -47.850969 161.720970 -14.754602 -5.559802 47.433540 -9.902240 16.413054 -12.172013 -23.275474 21.849881 37.097855 110.622028 48.616043 -154.920478 -8.135067 0.834357 -48.729784 
-11.568552 89.595628 -173.969972 -12.821409 -67.347162 -17.512549 10.572229 -1.409580 -2.764757 44.097213 -18.442003 -2.926397 -12.316905 -0.528978 -1.832706 -0.000000 0.000000 0.000000 -30.012812 7.799006 12.298116 21.153664 -0.926219 -1.323467 6.289947 -9.665963 5.340778 -0.000000 0.000000 0.000000 22.481585 -5.520677 4.675791 8.554635 -3.603983 1.490803 5.326875 -1.992075 0.283906 19.323312 -5.757474 -6.290290 -0.325370 3.696851 2.719652 -0.000000 0.000000 0.000000 -12.157450 -16.452690 3.951662 -32.769585 -22.886060 -43.325775 108.312153 -46.847320 162.072295 -15.356930 -5.620050 47.404552 -8.846897 17.459110 -11.901910 -23.623625 22.702434 38.035813 109.161047 47.395618 -154.168120 -7.883165 0.837324 -49.079090 
-14.929265 89.838362 -172.010374 -13.529572 -66.843755 -19.428304 5.551900 -0.679236 0.757282 53.714280 -17.834857 -4.741236 -3.340364 -3.540750 -9.135769 -0.000000 0.000000 0.000000 -30.751235 8.568543 13.940627 28.318983 -3.096373 -0.162535 1.038447 -9.364940 3.097710 -0.000000 0.000000 0.000000 23.780897 -5.194313 6.099655 8.275131 -3.341425 2.780113 4.155352 -1.235668 0.411978 18.842679 -4.058946 -6.943466 -0.853533 3.123765 2.181416 -0.000000 0.000000 0.000000 -12.429004 -17.122103 5.431746 -33.182425 -21.586707 -42.985247 106.494018 -46.277479 161.791052 -15.152236 -6.089867 46.908751 -8.147391 18.680964 -11.849299 -25.143829 22.638841 39.606013 107.821750 46.600953 -152.579864 -7.857315 1.246862 -49.810626 
-17.865746 90.289700 -169.981706 -12.701679 -65.709563 -18.345771 -0.625917 -1.650397 1.339947 61.720040 -17.129989 -5.230995 5.199848 -4.173135 -10.989299 -0.000000 0.000000 0.000000 -28.149090 5.927183 11.902498 30.275269 -4.246004 0.526695 -3.420897 -6.269642 1.465144 -0.000000 0.000000 0.000000 24.403032 -3.693747 6.446865 7.611366 -4.275034 3.673927 4.046185 -1.007177 0.647077 19.206418 -3.221787 -7.019131 -0.583563 2.486030 2.582712 -0.000000 0.000000 0.000000 -12.611714 -18.055030 6.731151 -34.330436 -21.202315 -43.677642 104.685764 -46.205361 160.169845 -15.187813 -5.705528 47.197340 -7.564394 19.080846 -11.924472 -26.604818 21.800759 42.080916 106.707407 45.746026 -151.228224 -7.889631 1.448033 -50.282584 
-20.364755 90.884233 -167.989099 -10.050156 -65.955381 -15.212582 -7.875815 -2.081616 1.067266 68.544477 -14.799201 -5.899659 1.267943 -0.133290 -7.088047 -0.000000 0.000000 0.000000 -25.947469 3.199268 9.670682 29.658954 -3.062235 0.114581 -6.128686 -3.735984 1.585782 -0.000000 0.000000 0.000000 24.198367 -1.722407 6.346900 6.041078 -4.667969 3.997760 5.074458 -0.526005 0.923960 19.771072 -3.652723 -7.189577 0.279165 2.282836 2.908526 -0.000000 0.000000 0.000000 -12.818830 -18.482964 7.298683 -35.771447 -21.389231 -45.621802 104.995550 -46.367453 159.371465 -16.812200 -4.786645 47.542245 -7.085329 18.720711 -11.888679 -27.559784 21.286543 43.945552 107.067793 45.109367 -151.251728 -8.603607 1.645718 -50.267484 
-22.663993 91.773921 -166.104674 -8.989503 -67.694921 -13.924831 -14.085358 -1.869094 2.079468 72.019150 -10.034170 -7.626312 -3.926598 3.780772 -3.201090 -0.000000 0.000000 0.000000 -23.647872 2.484347 8.488795 28.009504 -1.045708 0.064355 -6.836956 -2.537752 1.647911 -0.000000 0.000000 0.000000 24.434462 -0.159043 6.175835 6.338016 -4.355004 4.030034 5.153091 0.407168 0.897633 19.849938 -3.865760 -7.954095 0.535196 2.586637 2.887913 -0.000000 0.000000 0.000000 -12.950635 -18.253004 7.590938 -36.405197 -21.143349 -46.718879 106.453469 -46.378452 159.816413 -19.860536 -4.668330 47.547278 -6.306118 18.790198 -11.762965 -28.746883 21.718019 44.647657 107.665669 44.775241 -151.781171 -8.819171 1.756696 -50.269936 
-24.954587 92.724025 -164.244664 -9.835235 -69.170703 -13.932773 -18.818343 -2.271337 2.849774 72.519817 -5.244381 -9.551780 -7.506419 6.991467 0.494116 -0.000000 0.000000 0.000000 -20.207661 1.652372 6.713547 25.774054 -0.116390 -0.079396 -7.278703 -0.453530 2.427056 -0.000000 0.000000 0.000000 25.696506 1.244803 5.424619 6.745251 -4.442732 3.625436 4.961993 1.155022 0.839113 19.940695 -3.559386 -8.588299 0.524840 2.788103 3.009951 -0.000000 0.000000 0.000000 -12.908695 -18.153821 7.716485 -36.245101 -20.381140 -46.569741 107.331158 -46.476841 159.891116 -20.748370 -5.014580 47.272061 -5.690592 19.145800 -11.811268 -29.818818 21.771115 45.205216 107.926371 44.673134 -151.967037 -8.259669 1.868711 -50.542048 
-27.113169 93.532372 -162.482262 -9.386144 -69.418384 -12.777544 -23.444510 -3.638786 3.503442 70.961359 -1.643779 -10.689894 -11.412490 9.458435 3.590604 -0.000000 0.000000 0.000000 -16.136083 1.736223 5.614363 21.698342 1.556599 -1.001095 -7.802879 -1.222667 2.882182 -0.000000 0.000000 0.000000 26.805599 2.356672 4.685465 6.831913 -4.979576 3.312533 4.877008 1.339150 0.872109 19.871067 -3.724131 -8.972261 0.530170 3.457776 3.231808 -0.000000 0.000000 0.000000 -12.560818 -18.284542 7.482876 -36.049485 -19.898225 -45.632675 107.139562 -46.737803 158.935539 -19.896014 -4.912844 47.426313 -5.495077 19.404488 -11.945422 -30.186527 21.842491 45.213630 107.707017 45.027849 -152.056802 -8.086800 1.675421 -50.355004 
-29.150382 94.102591 -160.742271 -8.267113 -68.960801 -10.962550 -27.395341 -4.909409 3.867810 66.755602 0.778110 -10.819292 -13.572336 10.803577 5.542838 -0.000000 0.000000 0.000000 -12.781400 0.910498 4.146952 18.606675 2.738575 -1.663510 -8.369793 -1.587816 3.719834 -0.000000 0.000000 0.000000 27.675615 3.233725 3.688830 6.686636 -5.726291 3.052172 4.894060 1.220798 1.056891 19.856554 -3.786930 -9.148388 0.430568 3.860714 3.623844 -0.000000 0.000000 0.000000 -12.234570 -18.615450 7.272666 -35.816821 -19.924161 -44.953660 107.146216 -47.330868 158.110653 -20.045003 -4.808128 47.592590 -5.551735 19.305278 -12.138590 -30.261252 21.705766 44.740012 108.114121 45.824178 -152.593456 -8.981159 1.494708 -49.805685 
-31.134993 94.462669 -158.995855 -7.975373 -68.504585 -10.513682 -29.772746 -5.650919 5.078971 59.941594 2.303950 -10.438285 -13.734655 11.271683 6.062542 -0.000000 0.000000 0.000000 -9.610292 -0.080985 3.299595 16.202855 3.925424 -2.126185 -9.066911 -1.983025 4.399392 -0.000000 0.000000 0.000000 28.469387 3.841312 3.010416 6.732477 -6.280242 2.747607 4.893751 1.122942 1.218711 19.678731 -3.702242 -9.510295 0.387848 4.274497 3.951443 -0.000000 0.000000 0.000000 -12.104668 -18.840016 7.127623 -35.648519 -19.968507 -44.847985 107.255553 -47.999023 157.426511 -21.289144 -4.736351 47.266787 -5.701440 19.133972 -12.580025 -30.336821 21.453662 44.243867 108.801533 46.607319 -153.357755 -10.350331 1.319132 -49.124105 
-33.118033 94.539851 -157.116747 -7.700475 -68.499098 -10.535045 -30.835090 -5.769847 6.983041 50.867164 4.037629 -9.832409 -12.508892 11.685845 5.653316 -0.000000 0.000000 0.000000 -7.187350 -1.198266 2.711343 14.927342 5.148859 -2.240402 -10.139532 -2.022039 5.059766 -0.000000 0.000000 0.000000 28.499354 4.277799 2.486677 7.166473 -6.550652 2.377054 4.958503 1.123171 1.266283 19.284118 -3.235737 -9.910266 0.313043 4.522909 4.100665 -0.000000 0.000000 0.000000 -12.263316 -18.991406 6.898897 -35.619954 -20.037008 -45.178339 107.257726 -48.494492 156.697207 -22.571124 -4.594289 46.702920 -5.786250 18.907504 -13.010838 -30.810098 21.182853 43.559569 109.653022 47.226072 -154.334908 -11.692330 1.356101 -48.529209 
-35.159189 94.306040 -154.980838 -7.127341 -68.483531 -10.447373 -30.727295 -5.363039 8.696920 39.854705 6.673577 -8.555514 -10.186049 12.449770 4.822003 -0.000000 0.000000 0.000000 -5.344355 -1.894486 2.139897 14.737972 6.261773 -2.183278 -12.011231 -2.394597 5.612104 -0.000000 0.000000 0.000000 27.888044 4.414841 2.105818 7.864440 -6.717532 1.955890 4.885414 1.086110 1.167296 18.683056 -2.522652 -10.194098 0.124971 4.664772 4.113161 -0.000000 0.000000 0.000000 -12.419943 -19.184493 6.664703 -35.704607 -20.299501 -45.590898 107.215527 -48.725541 156.160406 -23.219082 -4.490994 46.549103 -5.915809 18.683975 -13.407301 -31.436213 21.007668 42.756562 110.241893 47.637906 -155.288557 -12.167067 1.460880 -48.447429 
-37.363970 93.827343 -152.490878 -7.103945 -68.047573 -11.339341 -29.447425 -3.865409 9.877160 27.736793 10.294685 -5.531976 -8.448418 13.491057 4.208054 -0.000000 0.000000 0.000000 -3.291761 -2.354886 2.081426 15.273258 6.992921 -2.315446 -14.567841 -3.079297 6.123026 -0.000000 0.000000 0.000000 27.343511 4.269054 2.280575 8.435274 -6.883153 1.502057 4.478322 1.006972 1.125260 18.113658 -1.979213 -10.517081 -0.244317 5.036194 4.052803 -0.000000 0.000000 0.000000 -12.544213 -19.573639 6.448521 -35.768625 -20.304881 -46.052449 107.142861 -48.653148 155.761462 -23.073860 -4.575019 46.686294 -6.003695 18.724307 -14.074894 -31.873266 20.475713 41.889316 110.891116 47.867657 -156.361372 -11.778183 1.743194 -48.568496 
-39.814490 93.193150 -149.629331 -8.753924 -67.079806 -14.223123 -27.471676 -1.411040 10.670261 17.075561 13.418511 -1.970179 -7.379131 14.541261 3.370598 -0.000000 0.000000 0.000000 -0.663105 -2.950838 2.613735 16.829066 7.376185 -2.821751 -17.658063 -3.834718 6.341637 -0.000000 0.000000 0.000000 27.189870 4.033751 2.952524 8.573335 -7.105667 1.013348 4.290778 0.937149 1.113906 17.614676 -1.676962 -10.725327 -0.359065 5.544815 4.023401 -0.000000 0.000000 0.000000 -12.662756 -20.192144 6.306486 -35.895088 -19.995703 -46.660754 106.937337 -48.523618 155.206348 -22.907799 -4.925293 46.676577 -6.144666 18.947410 -14.965763 -32.181118 19.425781 40.829748 111.433827 48.175925 -157.217126 -10.974603 2.076744 -48.672953 
-42.340425 92.522031 -146.460521 -9.181508 -65.594565 -15.829351 -26.573509 -0.162732 10.850744 11.345038 14.847612 -0.368690 -4.589711 15.123885 2.334424 -0.000000 0.000000 0.000000 0.917786 -3.295632 2.908436 19.770771 7.055694 -3.118817 -20.785312 -4.834204 5.617385 -0.000000 0.000000 0.000000 26.156583 3.714564 3.448245 8.712136 -7.474819 0.894475 4.271274 0.728880 0.953136 17.550521 -1.733366 -10.677496 -0.422586 6.021092 4.113945 -0.000000 0.000000 0.000000 -12.530529 -21.031184 6.020749 -35.769191 -20.151690 -47.136940 106.616655 -48.556173 154.432710 -22.461024 -4.916490 47.135934 -6.186297 19.103929 -15.726316 -32.156779 18.515933 39.704468 111.495170 48.374994 -157.720597 -10.441888 2.179601 -48.623442 
-44.966134 91.936779 -143.148875 -9.092981 -63.710414 -16.595634 -26.182118 -1.206431 10.171264 12.308948 13.699782 -0.334273 0.289375 14.929333 0.132058 -0.000000 0.000000 0.000000 1.403468 -3.198831 2.717215 24.378812 6.164788 -3.091238 -23.318008 -5.841330 4.283691 -0.000000 0.000000 0.000000 24.567857 3.473049 3.128443 9.284464 -7.929915 1.274954 4.165863 0.329838 0.709363 17.640784 -1.625056 -10.097717 -0.213266 6.051884 4.143136 -0.000000 0.000000 0.000000 -12.155710 -22.098951 5.594365 -35.180128 -21.147405 -47.261151 106.478237 -48.805789 153.949213 -22.282039 -4.421896 48.171271 -6.540955 19.256032 -15.909706 -31.572721 18.119739 38.439295 111.216507 48.567048 -158.046768 -10.862831 1.787420 -47.636694 
-47.561541 91.368169 -139.858258 -8.096005 -61.807597 -16.009898 -26.653278 -4.110224 8.865190 15.875729 12.972399 -1.005464 6.797327 16.432957 -1.968628 -0.000000 0.000000 0.000000 -0.263806 -2.598876 1.660359 31.781533 4.984303 -2.263500 -24.126847 -7.055222 3.208702 -0.000000 0.000000 0.000000 22.698090 3.254322 1.624358 9.740167 -8.124173 1.877425 4.366441 -0.209248 0.480564 17.020705 -1.227810 -8.868996 0.099354 5.583302 4.088346 -0.000000 0.000000 0.000000 -11.777658 -22.687395 5.137798 -34.629338 -23.079613 -47.315458 106.417672 -48.928716 153.582272 -21.972834 -3.507706 49.411302 -7.369460 18.906483 -15.390265 -30.682731 18.642928 37.033239 110.738928 48.689450 -158.288088 -12.209323 1.441373 -46.017013 
-49.983966 90.997833 -136.624169 -8.224523 -59.665049 -16.267190 -28.473313 -6.936151 8.242102 24.443504 10.731030 -4.644443 1.446389 18.567772 0.141092 -0.000000 0.000000 0.000000 -3.112322 -2.779836 -0.156250 41.596088 2.997326 -0.600201 -20.298403 -8.262153 4.565364 -0.000000 0.000000 0.000000 22.677678 3.246344 0.130102 8.590643 -8.327599 1.995048 5.201996 -0.546447 0.301246 15.886180 -1.483581 -7.785587 0.117365 5.416227 4.242546 -0.000000 0.000000 0.000000 -11.072764 -23.445561 4.918910 -34.585198 -23.770858 -47.435393 106.193110 -48.578991 153.145557 -20.586059 -3.108069 50.290769 -8.041631 18.766501 -15.471027 -30.090822 18.590850 36.107475 110.070703 48.426348 -158.337999 -12.938030 0.940405 -45.036223 
-52.135688 90.776676 -133.482337 -9.369797 -57.142501 -17.340965 -28.374960 -7.506748 6.770958 29.918588 9.350903 -6.117657 -3.697198 18.620182 2.335662 -0.000000 0.000000 0.000000 -6.527394 -3.483255 -2.029871 51.889839 0.296973 0.697389 -10.758199 -8.595980 7.429427 -0.000000 0.000000 0.000000 23.950576 3.005923 -0.383381 7.478597 -8.030677 1.326690 5.164434 -0.668464 0.150806 15.365688 -3.300938 -7.695389 -0.654791 6.112420 4.707826 -0.000000 0.000000 0.000000 -10.622497 -24.425232 4.490738 -34.312068 -23.586265 -47.914792 106.109471 -48.338216 152.924442 -17.730690 -2.404072 51.474748 -8.343589 19.468126 -16.604525 -29.385890 17.927484 35.480779 110.664393 48.472847 -159.252960 -12.561440 0.195630 -44.414305 
-53.962940 90.618974 -130.594480 -9.971305 -55.507133 -18.098071 -26.960260 -6.459234 5.819869 32.229782 8.340674 -6.318786 -8.320471 17.589933 4.357992 -0.000000 0.000000 0.000000 -11.028921 -2.754239 -2.324707 61.186847 -1.721907 0.664878 -0.629554 -9.288598 8.441727 -0.000000 0.000000 0.000000 25.122291 2.077226 -0.091881 6.004312 -6.791338 -0.082042 4.766950 -0.386807 -0.257782 15.444240 -5.409984 -8.580267 -0.916780 7.911051 4.595178 -0.000000 0.000000 0.000000 -10.454097 -24.631941 3.542407 -33.674512 -22.788168 -48.424651 106.313555 -47.970849 152.972559 -15.359998 -1.753310 52.298638 -8.202010 20.827147 -17.898762 -29.224880 18.220211 35.499602 111.141423 49.039293 -159.627433 -11.705065 -0.092372 -44.397742 
-55.562240 90.571618 -128.053522 -9.254887 -53.539466 -17.285736 -26.025497 -6.527189 4.653274 33.976452 7.115510 -7.064196 -11.564767 17.076367 6.195131 -0.000000 0.000000 0.000000 -15.816806 -1.606615 -1.705242 68.229026 -1.601579 0.307387 4.818565 -11.068948 7.281427 -0.000000 0.000000 0.000000 25.609423 1.142355 -0.065952 4.959954 -5.638686 -1.350132 4.779018 -0.114058 -0.891428 15.182884 -6.695999 -9.401562 -0.636231 9.347967 4.398207 -0.000000 0.000000 0.000000 -10.398617 -24.302272 3.125568 -33.244177 -22.263045 -49.165636 107.109139 -47.511882 153.686803 -15.162815 -2.187510 52.711388 -7.928114 21.828995 -19.048965 -29.617134 19.250649 35.946313 110.617981 49.459035 -159.337396 -10.807728 -0.927591 -45.017382 
-57.007813 90.800464 -125.649858 -7.794250 -48.766502 -15.539240 -24.510764 -7.104400 2.478912 33.881477 4.332677 -6.954966 -13.534196 16.323046 7.167641 -0.000000 0.000000 0.000000 -19.257482 -1.339509 -1.191652 73.086469 -0.949560 0.896694 -1.294641 -11.883175 4.552057 -0.000000 0.000000 0.000000 26.219992 0.413474 0.005366 5.051117 -5.530997 -1.717928 4.509906 -0.365430 -1.257976 15.624295 -6.799868 -9.381254 -0.236249 8.936030 3.937059 -0.000000 0.000000 0.000000 -10.413478 -24.610497 2.886366 -32.517969 -22.492533 -50.243108 107.779524 -46.877045 154.206232 -16.026323 -3.268362 53.183998 -7.908323 22.540564 -19.633494 -29.848401 19.581307 36.139382 110.139357 49.555109 -158.918344 -10.848695 -1.600264 -44.979486 
-58.309859 91.223752 -123.339474 -6.335061 -42.351643 -13.845693 -22.481830 -7.873880 -0.072284 32.843138 1.311364 -5.783558 -14.537472 14.695654 7.767685 -0.000000 0.000000 0.000000 -22.139545 -1.139936 -0.703952 75.088293 -0.884031 1.901122 -5.813958 -11.537378 2.564789 -0.000000 0.000000 0.000000 26.927932 -0.230951 0.356902 5.678654 -5.688514 -1.662698 4.397607 -0.764276 -1.370027 16.441443 -6.970044 -8.971797 -0.081473 8.028134 3.671160 -0.000000 0.000000 0.000000 -10.517913 -25.217563 2.590224 -31.802572 -23.372051 -51.685413 108.461647 -46.206549 154.438827 -16.377980 -4.261704 53.236637 -7.949755 22.821589 -19.984832 -29.635402 19.452678 36.167856 109.991957 49.466929 -158.892815 -11.106021 -1.843027 -44.386518 
-59.397376 91.656190 -121.167994 -4.621799 -36.195559 -11.848392 -20.690338 -8.537500 -2.583943 31.177214 -1.418331 -4.408349 -14.877242 12.922020 8.413530 -0.000000 0.000000 0.000000 -25.795265 -0.444463 -0.070806 75.015167 -0.681346 1.931328 -8.967675 -12.267514 1.023830 -0.000000 0.000000 0.000000 27.111264 -0.967865 0.525413 6.284394 -5.484548 -1.630800 4.590770 -1.073727 -1.468809 17.305937 -7.463632 -8.445223 -0.047598 7.292511 3.447273 -0.000000 0.000000 0.000000 -10.445202 -25.329120 2.254290 -31.323805 -24.631795 -52.856273 109.137397 -45.663486 154.592264 -16.565574 -5.164579 53.368361 -7.928683 22.853837 -19.916873 -29.109497 19.714970 35.834891 109.669886 49.480105 -158.768483 -10.923137 -2.002038 -43.694822 
-60.326457 92.038035 -119.070601 -3.323633 -30.232865 -10.191970 -18.730162 -9.172184 -4.760684 29.388420 -4.526565 -3.114691 -15.017409 11.436396 9.090532 -0.000000 0.000000 0.000000 -29.121209 0.531668 0.790435 72.878760 -0.376731 0.990225 -12.319212 -13.610586 -0.878631 -0.000000 0.000000 0.000000 27.616453 -1.673268 0.793145 6.669695 -5.122448 -1.688086 4.812542 -1.248794 -1.505212 17.927325 -8.165491 -7.841075 0.208813 6.705081 3.496419 -0.000000 0.000000 0.000000 -10.435983 -25.118798 1.967453 -30.934714 -25.849653 -53.691971 109.769308 -45.297525 154.805522 -16.534400 -5.660917 54.246875 -7.814793 22.818055 -19.767370 -28.243714 19.817336 35.313576 109.429509 49.586459 -158.669610 -10.772108 -2.199581 -43.381675 
-61.141211 92.323726 -116.869473 -2.528364 -24.024170 -8.978282 -16.356246 -9.724822 -6.367582 27.847106 -8.014261 -2.033046 -15.211662 9.597541 9.383251 -0.000000 0.000000 0.000000 -31.320283 1.475737 1.389655 68.774202 -0.419786 -0.422782 -15.532992 -14.510184 -2.437921 -0.000000 0.000000 0.000000 28.335830 -2.184955 1.181387 7.056600 -4.886171 -1.549187 5.042816 -1.440719 -1.278206 18.603272 -8.821881 -6.892146 0.260323 6.015055 3.740583 -0.000000 0.000000 0.000000 -10.485423 -24.901907 1.739443 -30.917692 -26.890720 -54.319727 110.091260 -45.172072 155.107623 -16.542896 -5.809872 54.747026 -7.642488 22.642979 -19.517265 -27.154724 19.547989 34.672159 109.271444 49.792505 -158.509842 -10.890304 -2.292049 -43.438170 
-61.827654 92.464054 -114.420784 -1.870636 -18.004445 -8.078674 -14.064856 -10.189845 -7.409498 27.010087 -11.276994 -1.126622 -15.744722 7.550248 9.501091 -0.000000 0.000000 0.000000 -32.523395 2.572886 2.036567 63.012458 -0.272500 -2.194425 -17.227533 -15.140068 -3.360089 -0.000000 0.000000 0.000000 28.628850 -2.518813 1.784208 7.411466 -4.719914 -1.162402 5.378456 -1.621523 -0.915044 19.425783 -9.444630 -5.744358 0.181528 5.384261 4.134270 -0.000000 0.000000 0.000000 -10.561136 -24.432411 1.596895 -31.387053 -27.626927 -54.846675 109.912012 -45.247849 155.328636 -16.591505 -5.737924 54.163063 -7.482954 22.284887 -19.068373 -26.278608 19.430932 34.228713 108.966323 50.111495 -158.191219 -11.285035 -2.496313 -43.426531 
-62.318093 92.454511 -111.591113 -1.201100 -12.417512 -7.311094 -11.424881 -10.514755 -8.195635 26.245672 -14.211420 -0.355730 -16.593555 6.055466 10.089388 -0.000000 0.000000 0.000000 -32.740686 3.813098 2.372369 55.813986 1.002917 -3.759321 -18.180712 -15.327907 -3.636636 -0.000000 0.000000 0.000000 28.112445 -2.705402 2.551218 7.816655 -4.572203 -0.546174 5.913403 -1.718722 -0.565264 20.280192 -10.010424 -4.411741 0.150261 4.708078 4.612837 -0.000000 0.000000 0.000000 -10.829667 -23.676101 1.437552 -32.250647 -28.423854 -55.265988 109.605215 -45.455751 155.539839 -16.819509 -5.506402 53.583990 -7.383097 21.637011 -18.382228 -25.590821 19.605586 33.894408 108.694967 50.439652 -157.933162 -11.950918 -2.742340 -43.604426 
-62.578422 92.383760 -108.449411 -0.594889 -7.535043 -6.711168 -8.808434 -10.242974 -8.570710 25.810030 -15.505741 -0.205540 -17.759854 5.239571 10.738246 -0.000000 0.000000 0.000000 -32.153758 5.149782 2.392057 47.272711 3.207342 -4.882477 -17.404295 -14.577945 -2.412386 -0.000000 0.000000 0.000000 27.317210 -2.742102 3.448829 8.202010 -4.390141 0.172755 6.221136 -1.711872 -0.224143 20.947257 -10.437480 -3.198186 0.163781 4.091614 5.012389 -0.000000 0.000000 0.000000 -11.143282 -22.717402 1.328199 -33.177504 -28.963075 -55.629078 109.489906 -45.503315 156.074608 -16.824530 -5.505637 53.063016 -7.321890 20.796546 -17.523427 -25.244833 20.044953 33.815228 108.621195 50.645552 -157.849447 -12.447169 -2.919893 -43.645032 
-62.605512 92.252928 -105.104113 -0.063065 -3.292285 -6.282153 -6.500283 -9.205166 -8.593671 26.205502 -15.298751 -0.455017 -19.222679 4.740113 10.931271 -0.000000 0.000000 0.000000 -30.888673 6.158579 2.030471 37.328108 4.960252 -5.540999 -14.125984 -12.814780 0.580581 -0.000000 0.000000 0.000000 26.624903 -2.635098 4.552426 8.110551 -4.220353 0.781430 6.398171 -1.595586 0.134524 21.266063 -10.856679 -2.330963 0.060240 3.615458 5.303227 -0.000000 0.000000 0.000000 -11.446837 -21.447276 1.268361 -34.145782 -29.087399 -56.140194 109.522826 -45.354871 156.829179 -16.337746 -5.685533 52.666188 -7.392256 19.840003 -16.593733 -25.284564 20.622375 34.041104 108.873295 50.728442 -157.759454 -12.400486 -3.131491 -43.879565 
-62.430346 92.033035 -101.601851 0.304167 0.433614 -5.869492 -4.690235 -7.922337 -8.520385 27.521483 -14.485031 -0.855536 -20.925592 4.927466 10.779621 -0.000000 0.000000 0.000000 -29.270041 6.589609 1.497381 27.016587 5.125954 -5.652303 -10.699838 -10.397859 4.519265 -0.000000 0.000000 0.000000 25.802398 -2.339078 5.590119 7.831201 -4.062329 1.243299 6.511581 -1.383577 0.463784 21.310817 -11.079595 -1.696231 -0.148963 3.001078 5.439536 -0.000000 0.000000 0.000000 -11.768710 -20.233634 1.255677 -34.890382 -28.974804 -56.513066 109.371928 -45.204761 157.551167 -15.446888 -5.872823 52.498700 -7.481584 18.961988 -15.661697 -25.396191 21.066682 34.251771 109.306306 50.849243 -157.697824 -12.220357 -3.058825 -44.062876 
-62.166607 91.675276 -98.060197 0.591071 3.567414 -5.535179 -3.638867 -6.951172 -8.197517 29.899402 -13.691933 -1.524637 -22.503136 5.409357 10.295593 -0.000000 0.000000 0.000000 -28.185437 6.882842 1.612844 19.306446 5.601116 -5.368517 -5.857536 -5.751788 9.312669 -0.000000 0.000000 0.000000 24.677391 -1.862642 6.372271 8.030528 -3.842548 1.788231 6.209908 -1.023439 0.648422 21.134361 -10.837946 -1.368165 -0.675686 2.040402 5.422087 -0.000000 0.000000 0.000000 -12.336269 -19.191636 1.272057 -35.199288 -28.660796 -56.498340 109.171531 -45.172215 158.354461 -14.567915 -5.863697 52.203820 -7.572737 18.171237 -14.622328 -25.765512 21.432431 34.344766 109.473957 50.821523 -157.189353 -12.146595 -3.056464 -44.151019 
-61.877155 91.130918 -94.395494 0.027432 6.252391 -4.780160 -2.757123 -6.028772 -8.028423 34.055686 -13.018054 -2.574798 -22.764188 6.092938 9.580090 -0.000000 0.000000 0.000000 -27.539547 7.355178 2.360574 19.834947 9.682724 -5.382174 0.459531 3.250864 13.020661 -0.000000 0.000000 0.000000 23.815019 -1.481802 6.535521 8.738360 -3.693194 2.303616 5.928999 -0.596772 0.575791 20.752073 -9.859902 -1.545993 -1.212398 1.038042 5.147215 -0.000000 0.000000 0.000000 -13.491200 -18.322236 1.549269 -34.740976 -27.642262 -55.787529 109.236883 -45.263306 159.377243 -14.024149 -5.631873 51.793660 -7.911949 17.625277 -13.627232 -26.493232 21.979312 34.984315 109.611155 50.858164 -156.378537 -12.208745 -3.243161 -44.226691 
-61.529070 90.487766 -90.849119 -0.887102 9.238572 -3.803400 -3.833155 -5.717331 -7.542369 41.922681 -11.435145 -5.093925 -19.792995 7.124936 7.430737 -0.000000 0.000000 0.000000 -28.050522 9.776441 3.784427 29.046566 10.302302 -7.039644 -5.937834 -1.272283 8.276361 -0.000000 0.000000 0.000000 23.447748 -1.616905 6.817105 8.775685 -3.118616 2.562447 5.986966 -0.334332 0.089384 20.445632 -9.684106 -1.862536 -0.795720 1.230177 4.407269 -0.000000 0.000000 0.000000 -13.552412 -17.752676 2.116551 -34.658428 -26.484656 -54.456111 108.386166 -45.069670 159.523563 -14.503118 -5.404148 51.854983 -7.585580 17.924761 -13.216260 -26.113695 21.853269 35.824604 108.503158 50.554685 -155.515789 -12.187747 -3.491044 -44.166054 
-61.127740 90.053600 -87.456197 -2.109242 13.289442 -3.694938 -6.778381 -5.143075 -4.704478 52.843557 -9.957568 -7.814285 -11.061269 6.564438 1.772227 -0.000000 0.000000 0.000000 -27.145872 11.784749 5.006454 34.913152 8.970107 -6.174576 -10.981628 -4.160560 4.228643 -0.000000 0.000000 0.000000 24.013715 -1.612080 7.854479 8.701452 -3.095923 3.349588 5.603248 -0.176797 -0.052354 20.535160 -9.733174 -2.610290 -0.367804 1.540696 4.044591 -0.000000 0.000000 0.000000 -13.245869 -17.607663 3.110822 -34.626776 -24.764587 -53.933198 107.151117 -44.465417 159.534458 -14.619221 -5.051396 51.849904 -6.892498 18.325038 -13.122513 -25.793883 20.965584 36.850295 107.884123 50.317321 -154.565341 -12.693810 -3.516382 -44.315273 
-60.286707 89.802712 -84.249634 -2.744751 18.386208 -3.188749 -11.187288 -4.753739 -2.760106 63.314166 -9.325047 -7.999489 -0.257406 4.883640 -3.835059 -0.000000 0.000000 0.000000 -24.575519 9.980681 3.761423 37.477096 6.469184 -5.180506 -15.644287 -4.162760 1.701042 -0.000000 0.000000 0.000000 23.818055 -0.941430 8.696443 8.882185 -3.870466 4.320268 5.052446 -0.352897 0.169647 21.093133 -10.163689 -2.896806 -0.200658 1.378953 4.343134 -0.000000 0.000000 0.000000 -13.195139 -17.811535 3.364927 -35.041078 -23.839543 -54.098170 106.677197 -43.727597 159.474085 -15.356521 -4.562633 51.729721 -6.173032 18.098273 -12.574326 -25.237026 19.077774 37.249321 108.503635 50.165645 -154.018858 -13.557712 -3.481084 -44.480149 
-59.143925 89.887220 -81.450552 -1.967504 22.744030 -2.730928 -17.456955 -5.299662 -2.171013 70.700548 -8.535001 -8.266709 7.475729 4.481904 -5.431249 -0.000000 0.000000 0.000000 -22.335039 7.409812 1.270546 37.940195 5.123663 -4.266306 -18.590285 -3.847892 0.850984 -0.000000 0.000000 0.000000 22.603042 0.232128 8.817616 8.580480 -4.595881 5.371737 5.463069 -0.624052 0.493475 21.002086 -10.508840 -2.801185 0.374596 1.005074 4.578304 -0.000000 0.000000 0.000000 -13.092769 -17.652192 3.167706 -35.988817 -23.997471 -54.525892 106.546209 -42.908778 159.378969 -15.712153 -4.378688 52.242707 -5.815551 16.998830 -11.421545 -24.559794 17.953758 37.204162 108.650919 50.011108 -153.161622 -14.085573 -3.323697 -44.300902 
-57.796115 90.418458 -78.758067 -1.756879 25.535671 -2.021639 -22.314009 -5.125316 -1.397777 75.075109 -7.498261 -9.071929 0.158051 6.481267 -2.423102 -0.000000 0.000000 0.000000 -18.980482 5.440445 -0.587089 37.098191 5.338676 -4.248491 -20.283219 -4.956970 1.204223 -0.000000 0.000000 0.000000 22.637874 1.460569 8.318095 8.393461 -5.108805 6.021037 6.050328 -0.518767 0.905495 20.481450 -10.572943 -2.744577 0.881261 0.995645 4.685039 -0.000000 0.000000 0.000000 -12.906052 -17.323104 3.141523 -36.621985 -23.507374 -54.327322 107.151673 -42.095213 159.591049 -15.504029 -4.448546 53.224275 -5.819647 16.222684 -10.316413 -23.920816 17.323811 37.812274 109.055958 49.922871 -152.788639 -14.280573 -3.074250 -43.767844 
-56.189626 91.321903 -76.221806 -1.668676 27.344844 -0.922701 -26.303361 -5.308684 -0.784892 74.945317 -5.653833 -10.434695 -4.921126 6.962117 -0.549269 -0.000000 0.000000 0.000000 -15.103382 3.921301 -2.300498 35.006951 5.281859 -5.134484 -20.655623 -5.597695 2.097580 -0.000000 0.000000 0.000000 23.445370 2.719789 7.385467 8.437052 -5.593387 6.266408 5.981859 -0.249430 1.217339 20.516265 -10.238536 -2.713856 1.014971 1.099534 5.113572 -0.000000 0.000000 0.000000 -12.750060 -17.063672 2.797157 -36.343020 -23.198695 -53.171040 107.972720 -41.816783 159.627732 -14.339199 -4.347711 54.071854 -5.718064 15.928595 -9.164629 -23.041523 17.015230 38.824459 109.928564 49.874766 -153.046086 -14.041066 -2.771506 -43.918970 
-54.256463 92.270291 -73.837441 -1.396196 29.188971 0.159817 -29.709803 -6.337633 -0.670839 71.109468 -4.164332 -11.717680 -7.347267 7.318761 1.210058 -0.000000 0.000000 0.000000 -11.190241 2.664754 -4.215005 32.216833 5.312233 -5.687343 -20.373689 -6.343602 2.757918 -0.000000 0.000000 0.000000 24.280569 3.799574 6.532256 8.167263 -6.199436 6.402300 5.942112 -0.093593 1.558403 20.699327 -10.045478 -2.814349 1.138925 1.344263 5.607308 -0.000000 0.000000 0.000000 -12.467542 -16.759371 2.628832 -35.911550 -23.103789 -52.045558 108.521089 -42.005353 159.283969 -13.806591 -3.843943 54.390687 -5.555756 15.616452 -8.418125 -22.044937 17.006152 39.911537 110.651431 49.812532 -153.311391 -13.847225 -2.758709 -44.213737 
-52.055728 93.066370 -71.571636 -0.695415 31.068264 0.671782 -32.476018 -7.707257 -0.594583 64.598995 -2.151059 -12.365831 -9.580387 8.816986 2.991903 -0.000000 0.000000 0.000000 -7.768694 1.445777 -6.111117 29.223578 5.559498 -5.491585 -19.779420 -7.008362 3.449912 -0.000000 0.000000 0.000000 24.597817 4.723901 6.063605 7.764749 -6.739019 6.550799 6.031712 0.050265 1.971133 20.824250 -10.114054 -3.100238 0.976721 1.537669 6.007483 -0.000000 0.000000 0.000000 -12.314172 -16.460672 2.537871 -35.570995 -23.350157 -51.197609 109.282864 -42.512959 159.071694 -14.788542 -3.124146 54.063298 -5.461761 15.155220 -7.912397 -21.176444 17.091809 40.380714 111.625725 49.776599 -153.725021 -14.200189 -2.513274 -43.762752 
-49.654981 93.664700 -69.311261 0.245304 32.579170 0.381672 -34.063847 -8.774726 0.058153 55.863248 0.471442 -11.759047 -10.190719 10.746754 3.988597 -0.000000 0.000000 0.000000 -4.821385 0.048677 -7.502596 26.294128 5.819910 -4.920122 -19.025524 -7.046515 4.244782 -0.000000 0.000000 0.000000 24.490309 5.460972 5.909690 7.609026 -7.035152 6.761455 6.077537 0.296394 2.464438 20.659093 -9.914799 -3.425401 0.738409 1.461632 6.300529 -0.000000 0.000000 0.000000 -12.351454 -16.081784 2.752733 -35.512601 -23.681323 -50.677293 110.139407 -42.936951 159.156406 -16.810855 -2.765561 53.395997 -5.413259 14.657611 -7.622465 -20.793270 17.236962 40.335059 112.369475 49.789261 -153.730889 -14.280970 -2.222391 -43.509808 
-47.016323 94.030082 -66.979092 1.331682 33.653385 -0.412481 -34.290307 -9.313223 1.037695 44.837976 2.513383 -9.740795 -8.919236 12.314442 3.983285 -0.000000 0.000000 0.000000 -2.332472 -1.460205 -8.322233 23.888173 6.291155 -4.583979 -18.392672 -6.911377 4.905260 -0.000000 0.000000 0.000000 23.944119 6.019598 5.897165 7.611622 -7.143606 6.912295 6.166601 0.539606 2.958836 20.231959 -9.482084 -3.673331 0.601133 1.193865 6.522144 -0.000000 0.000000 0.000000 -12.630954 -15.663022 3.192839 -35.703587 -23.994691 -50.272886 110.558977 -43.056126 159.180427 -17.939268 -2.462170 53.288355 -5.397395 14.285550 -7.618985 -20.720163 17.331420 40.248320 112.974666 49.855668 -153.754841 -14.164465 -1.976990 -43.515195 
-44.132954 94.087452 -64.557946 2.209776 34.397860 -1.320416 -32.859949 -9.364728 1.844619 31.270061 3.035499 -5.919571 -6.055522 13.088413 2.671601 -0.000000 0.000000 0.000000 -0.056705 -3.096052 -8.989942 22.144803 6.547742 -4.244718 -18.068033 -6.184929 5.851106 -0.000000 0.000000 0.000000 23.340148 6.455816 5.966609 7.734589 -7.160305 6.954976 6.163913 0.786576 3.431347 19.584528 -8.571161 -3.742422 0.500178 0.486158 6.677035 -0.000000 0.000000 0.000000 -13.086289 -15.364466 4.020696 -35.946826 -24.128746 -49.818312 110.332400 -43.003509 159.144915 -17.872599 -2.382898 53.745169 -5.562106 14.042146 -7.924115 -20.815646 17.138053 40.479588 113.592890 49.856543 -154.008188 -13.994635 -1.466854 -43.741342 
-40.971315 93.819058 -61.970264 2.060553 34.751021 -2.045953 -29.770804 -8.450827 3.009967 17.280608 0.583362 -1.445333 -4.455056 12.367417 0.893386 -0.000000 0.000000 0.000000 2.801551 -4.831387 -9.342595 20.969114 7.250391 -4.048640 -17.800326 -5.142635 7.106150 -0.000000 0.000000 0.000000 23.125304 6.805984 6.333758 8.091610 -7.080771 6.919071 6.039856 1.174201 3.896202 18.980215 -7.504179 -3.780856 0.313164 -0.313661 6.732040 -0.000000 0.000000 0.000000 -13.755352 -15.290697 4.833396 -36.183073 -23.948013 -49.186838 109.936315 -42.908771 159.032754 -17.459942 -2.557085 54.283343 -5.828971 14.143808 -8.245582 -21.058392 16.438561 40.603355 114.388833 49.854493 -154.535394 -13.518613 -0.857604 -44.238804 
-37.486061 93.243450 -59.265018 1.076680 34.837644 -2.260908 -26.365019 -7.902959 4.441329 6.614793 -3.769906 0.947724 -6.226391 11.200091 0.167894 -0.000000 0.000000 0.000000 6.063617 -5.662429 -9.766248 20.582095 8.722019 -3.948160 -17.207202 -4.913763 8.314240 -0.000000 0.000000 0.000000 22.834436 6.944758 6.536516 8.642160 -7.022430 7.038617 5.933113 1.526910 4.235320 18.880030 -6.570360 -3.680996 0.296526 -0.853428 6.614119 -0.000000 0.000000 0.000000 -14.229459 -15.425706 5.372060 -36.407821 -23.865597 -48.172645 109.633612 -43.007819 158.924421 -17.261618 -2.763406 54.594917 -6.071824 14.405235 -8.211010 -21.164851 15.940094 40.504576 114.576130 49.997111 -154.748022 -12.892234 -0.442432 -44.718558 
-33.632788 92.501390 -56.634033 0.079965 35.586194 -1.451604 -24.638492 -9.290741 4.488617 3.443972 -4.659137 0.419572 -6.546507 10.888699 -1.515055 -0.000000 0.000000 0.000000 8.977483 -5.712583 -11.358014 21.117039 8.888092 -3.526644 -15.734569 -4.610468 9.869295 -0.000000 0.000000 0.000000 21.930970 7.043030 5.753866 9.882635 -7.622209 7.811368 5.301920 1.348801 4.279665 19.220443 -5.510721 -3.070571 0.142394 -1.827297 6.478449 -0.000000 0.000000 0.000000 -14.442038 -15.927821 5.765538 -36.505663 -24.745185 -46.832652 109.230176 -43.578396 158.927141 -16.593175 -2.861822 54.507129 -6.775815 14.037554 -7.336567 -20.782226 16.213536 40.145766 113.761467 50.169267 -154.383548 -12.742784 -0.418777 -44.881096 
-29.343754 91.646427 -53.990906 -1.200065 38.377802 0.344433 -25.734365 -10.954635 2.245491 8.846043 -2.812709 -1.371591 -0.791869 10.610730 -4.508072 -0.000000 0.000000 0.000000 12.031997 -6.604680 -13.129379 22.762252 7.246063 -3.224684 -12.785332 -3.890794 11.177361 -0.000000 0.000000 0.000000 20.690586 7.305866 4.657703 11.136412 -9.093412 9.243804 4.424762 0.431564 4.342951 19.647313 -5.652387 -2.072817 -0.143021 -2.946780 6.657868 -0.000000 0.000000 0.000000 -14.369994 -17.150054 5.915943 -37.023867 -26.573259 -46.224000 108.494721 -44.383561 158.499578 -15.783721 -2.741824 54.273890 -7.792841 12.898292 -6.140733 -19.298312 15.663989 39.143172 112.875332 50.017331 -154.570799 -13.006837 -0.154999 -44.530701 
-24.953192 90.811729 -51.462269 -1.094556 40.845743 1.122256 -28.329158 -12.580249 -0.520082 14.847748 -1.024805 -3.039508 6.070786 10.918707 -5.948196 -0.000000 0.000000 0.000000 11.325926 -6.165524 -13.985070 29.234831 5.563401 -4.178063 -7.630622 -4.104427 11.522846 -0.000000 0.000000 0.000000 18.964124 7.336106 3.701999 10.342465 -9.798317 10.381748 4.587321 -0.426859 4.509145 19.664880 -6.864346 -1.220568 0.130826 -3.793936 6.762954 -0.000000 0.000000 0.000000 -13.923258 -18.016070 5.793865 -38.243916 -28.775615 -47.011231 107.966563 -45.150415 158.116868 -15.150452 -2.197109 54.026143 -8.537137 11.095323 -5.003099 -17.397224 14.495136 37.492658 111.593725 49.532293 -154.756953 -12.360450 0.370450 -44.566328 
-21.012880 90.308803 -49.230069 -0.682149 41.965379 1.442497 -31.868965 -11.970084 -2.881872 24.282154 -1.389766 -5.134615 -0.128241 10.193016 -1.932253 -0.000000 0.000000 0.000000 6.866362 -3.778209 -13.375876 40.466084 5.221471 -7.209300 1.615923 -5.363973 11.216158 -0.000000 0.000000 0.000000 19.128720 6.886123 2.949486 7.214520 -9.694326 10.325093 5.872276 -0.657882 4.721040 18.930671 -9.292166 -1.060724 -0.078494 -3.499676 7.573828 -0.000000 0.000000 0.000000 -13.410527 -18.974038 6.040120 -39.716852 -29.354434 -47.632119 108.281944 -45.774629 158.260793 -15.307644 -1.720525 54.084530 -8.556731 10.164130 -4.923179 -16.299750 11.987832 36.708233 109.907789 48.893104 -155.225438 -10.678652 1.522494 -44.558912 
-17.363474 90.149468 -46.921495 -2.684550 41.794778 3.286054 -30.588210 -10.723304 -4.069405 29.632156 -1.243843 -6.722677 -4.893630 9.473252 0.770632 -0.000000 0.000000 0.000000 3.698863 0.236731 -11.362929 51.053882 4.543806 -10.606007 16.240320 -5.883354 12.246733 -0.000000 0.000000 0.000000 21.393207 5.740911 2.100386 5.663535 -8.985128 9.794593 6.092699 -0.455893 4.890461 19.029777 -11.649562 -1.438982 -1.353364 -2.145364 8.778472 -0.000000 0.000000 0.000000 -12.914450 -20.311135 6.228960 -39.915755 -29.040066 -46.312190 108.786765 -46.947960 158.710319 -14.978005 -1.368848 53.933746 -8.585650 10.925477 -5.143893 -15.360142 9.905233 36.569877 107.652475 49.120874 -155.186639 -7.815363 2.701545 -45.353465 
-13.978449 90.179932 -44.730633 -3.689915 39.995404 4.150819 -27.846137 -9.826324 -4.853822 31.486026 -1.726144 -7.150813 -9.556130 10.755137 3.396373 -0.000000 0.000000 0.000000 -1.767163 4.287519 -9.154202 62.892555 5.151361 -13.050157 17.356675 -4.761870 12.338321 -0.000000 0.000000 0.000000 22.793115 4.233957 1.278307 4.732697 -7.999838 9.124889 6.356083 -0.108676 4.448836 19.977410 -11.070406 -1.528671 -1.458002 -1.856135 8.627019 -0.000000 0.000000 0.000000 -12.921536 -20.647280 6.494047 -38.971933 -28.764835 -45.267600 108.843483 -48.132885 158.571966 -15.198171 -0.692592 53.839072 -8.742773 11.647500 -4.983212 -15.532700 9.782307 37.048696 105.284470 50.054880 -153.551166 -6.032835 2.950733 -46.171073 
-10.869195 90.508854 -42.703635 -4.115196 38.613630 4.346506 -24.994346 -9.334734 -5.463791 31.923754 -2.501402 -7.290235 -13.025408 12.116770 5.187581 -0.000000 0.000000 0.000000 -8.340601 6.819844 -6.418048 72.958988 5.725648 -14.130805 7.029341 -3.761489 10.178236 -0.000000 0.000000 0.000000 23.444184 2.877159 0.787786 4.918519 -7.387263 8.857516 6.451229 -0.111457 3.836309 20.650513 -8.831475 -1.228309 -1.016372 -2.735145 7.909075 -0.000000 0.000000 0.000000 -13.551048 -20.759685 6.565653 -37.981051 -28.834278 -45.137023 108.782032 -49.029012 158.239217 -16.570467 -0.352411 53.008967 -8.796586 11.940330 -4.836694 -16.357639 10.178429 37.538381 104.383188 50.695996 -152.863639 -7.546401 2.579908 -45.465460 
-7.867707 91.126835 -40.728211 -5.075558 38.161425 4.839740 -21.031152 -8.611940 -6.275999 30.902145 -3.126378 -6.700169 -15.207321 12.421923 6.387887 -0.000000 0.000000 0.000000 -14.167268 8.380183 -3.468661 78.567873 5.639095 -13.667154 -0.686925 -3.396882 7.767005 -0.000000 0.000000 0.000000 24.503053 1.566139 0.470788 5.705697 -7.042077 8.800093 6.226098 -0.589631 3.670363 21.023452 -7.165717 -0.959612 -1.160426 -3.356465 7.366621 -0.000000 0.000000 0.000000 -13.784724 -21.434613 6.785753 -37.371699 -28.790829 -45.513289 108.584755 -49.640301 157.929552 -17.440906 -0.518819 52.225155 -8.923659 12.170848 -5.261238 -16.743162 10.169119 37.822251 104.747666 50.936629 -153.449156 -9.836368 2.714948 -45.385421 
-5.000518 91.834664 -38.765177 -5.773290 37.879081 4.903951 -16.558325 -7.526411 -6.576027 28.558248 -3.780704 -5.912057 -16.580925 12.059417 7.502306 -0.000000 0.000000 0.000000 -20.026404 9.192699 -0.780284 80.043220 5.695578 -11.884456 -5.642285 -4.822932 5.839897 -0.000000 0.000000 0.000000 25.342055 0.108726 0.478776 6.444360 -6.599200 8.719655 6.180624 -1.172778 3.606434 21.127540 -6.151153 -0.703809 -1.342091 -3.282738 6.838128 -0.000000 0.000000 0.000000 -13.667235 -21.747023 6.612837 -37.369964 -29.332180 -45.897242 108.338587 -50.266573 157.282955 -17.608069 -0.576632 51.673872 -8.947527 12.090188 -5.586755 -16.972523 10.351493 37.205252 105.075311 50.784103 -153.955250 -9.977439 2.856609 -46.042937 
-2.126548 92.515731 -36.780235 -6.330997 37.698006 4.938386 -11.592142 -6.111291 -6.899127 25.079986 -4.611303 -4.897366 -17.405663 11.430902 8.379976 -0.000000 0.000000 0.000000 -25.296086 9.341225 1.086638 77.757641 5.182059 -9.376292 -9.250006 -6.390271 4.181497 -0.000000 0.000000 0.000000 26.091681 -1.477774 0.858120 6.955934 -6.395578 8.406459 6.162244 -1.847755 3.527418 21.357435 -5.529042 -0.767762 -1.571201 -2.769721 6.415558 -0.000000 0.000000 0.000000 -13.272535 -21.933523 6.340729 -37.298136 -29.688997 -45.964815 108.086137 -50.889804 156.713874 -17.468537 -0.816937 51.114876 -8.830680 11.950162 -5.999782 -17.309997 10.494836 36.042522 105.272280 50.440465 -154.079733 -8.812968 3.244251 -46.439364 
0.853299 93.064231 -34.710819 -7.181057 37.793253 5.176897 -5.877973 -4.442575 -7.310178 20.839453 -5.808068 -3.670514 -17.870542 10.556542 8.868714 -0.000000 0.000000 0.000000 -28.787849 8.691794 2.129695 71.970941 4.200330 -6.811388 -10.709130 -7.126409 3.396192 -0.000000 0.000000 0.000000 26.794938 -2.823197 1.432137 7.516116 -6.446215 8.000928 6.057565 -2.584917 3.596504 21.811312 -5.304677 -0.757846 -1.841476 -2.213580 6.255612 -0.000000 0.000000 0.000000 -12.826787 -22.215069 5.933905 -37.310850 -30.156127 -46.148385 107.991030 -51.529113 156.299158 -17.222350 -0.956860 50.184590 -8.732836 11.708350 -6.512390 -17.441565 10.192771 34.224518 106.021581 50.329581 -154.403255 -7.855945 3.780359 -47.002962 
4.032267 93.351215 -32.527104 -8.457001 37.984754 5.885546 0.121650 -3.275648 -8.234245 16.832595 -7.287194 -2.391037 -18.405082 10.225511 9.415682 -0.000000 0.000000 0.000000 -30.050198 7.454469 2.261814 63.339667 3.499145 -4.529451 -8.497197 -7.014387 4.205013 -0.000000 0.000000 0.000000 27.225058 -3.788933 1.959386 7.987083 -6.752884 7.487366 6.340287 -3.439309 3.776035 22.171030 -5.546650 -0.653369 -1.756017 -1.603146 6.192374 -0.000000 0.000000 0.000000 -12.474705 -22.358112 5.426484 -37.483148 -30.761778 -46.691388 107.734515 -52.022576 155.669627 -16.508364 -0.891356 49.014810 -8.945515 11.070779 -7.180485 -17.430026 9.935408 32.132696 106.988065 50.570646 -154.671486 -7.425237 4.262684 -47.356590 
7.359096 93.395603 -30.211833 -9.590808 37.762937 6.575409 5.681963 -2.398136 -9.294046 13.721897 -8.879113 -1.239310 -19.211898 10.476089 9.999642 -0.000000 0.000000 0.000000 -29.499282 5.894091 2.383938 52.239907 3.092040 -2.668440 -6.496922 -6.683497 4.960654 -0.000000 0.000000 0.000000 26.976519 -4.434983 2.397174 8.435646 -7.128923 6.855360 7.035917 -4.213310 3.954090 22.351655 -5.903798 -0.646630 -1.454115 -0.929861 6.002699 -0.000000 0.000000 0.000000 -12.251940 -22.096701 4.887575 -37.588483 -31.258941 -47.639247 107.575914 -52.220843 155.085235 -15.690180 -1.007603 48.139022 -9.310109 10.321528 -7.931514 -17.542732 9.898665 29.990698 107.889962 51.110694 -154.796276 -7.189719 4.661061 -47.270614 
10.720623 93.288130 -27.830386 -9.542687 36.992240 6.347693 9.672315 -1.363502 -9.756401 11.942243 -9.984338 -0.682308 -20.572793 10.713692 10.309506 -0.000000 0.000000 0.000000 -28.479815 4.450895 3.398743 39.180649 1.974881 -1.035805 -5.388433 -6.838324 4.955431 -0.000000 0.000000 0.000000 25.673992 -4.872367 2.916261 8.796709 -7.395106 6.280280 7.948421 -4.706114 4.021812 22.219798 -6.112589 -0.732537 -1.249805 -0.264715 5.689713 -0.000000 0.000000 0.000000 -12.152174 -21.279251 4.349491 -37.614728 -31.747416 -48.983667 107.884645 -52.137224 154.959562 -15.358612 -1.386952 47.936708 -9.621751 9.404316 -8.615116 -17.963309 10.357694 27.895127 108.343672 51.730563 -154.461610 -7.125639 4.871161 -47.581102 
14.134522 93.184620 -25.336802 -9.157427 36.072663 6.178958 12.419382 0.016565 -9.538171 11.985783 -10.514992 -1.299880 -22.069140 10.360126 10.021507 -0.000000 0.000000 0.000000 -26.824788 2.901545 4.731389 25.894710 -0.676532 0.146376 -3.389860 -8.058402 4.620045 -0.000000 0.000000 0.000000 24.732887 -5.256842 3.309949 8.317613 -7.761987 5.612152 8.599358 -5.095625 4.112737 22.246396 -6.831519 -0.802268 -1.111533 0.825234 5.796929 -0.000000 0.000000 0.000000 -11.817331 -20.338552 3.789101 -37.563469 -31.955033 -50.356676 108.740466 -51.798472 155.278250 -15.389272 -1.737286 47.876383 -9.800520 8.583386 -9.341599 -18.123898 10.600527 26.408712 109.239113 52.191005 -154.685094 -7.321662 4.937445 -48.042037 
17.531057 93.031031 -22.692643 -9.168634 35.300703 6.528683 14.815034 1.259679 -9.008284 13.188627 -10.643279 -2.472951 -23.365643 9.665504 9.382588 -0.000000 0.000000 0.000000 -24.637301 0.880438 6.198785 15.271101 -4.652526 0.554489 3.393575 -9.277578 4.826609 -0.000000 0.000000 0.000000 24.186216 -5.315599 3.184112 8.064462 -8.148228 5.147220 8.534293 -5.490469 4.360923 22.592914 -8.199208 -0.676223 -1.525958 2.118199 6.474062 -0.000000 0.000000 0.000000 -11.291512 -20.088530 3.097696 -37.432795 -32.023503 -51.169543 109.656429 -51.638033 155.601620 -15.082348 -2.039903 47.828479 -10.066789 8.083579 -9.961193 -17.793114 10.136963 25.067074 110.520362 52.383080 -155.596372 -7.703896 5.158050 -48.520392 
20.927861 92.635375 -19.883667 -9.452328 34.733895 7.111879 16.701329 1.665507 -8.710698 15.365802 -10.968421 -3.443939 -24.433793 9.648098 8.548395 -0.000000 0.000000 0.000000 -22.705557 -0.975962 7.531371 10.793269 -9.679387 1.093909 4.425100 -10.934017 4.812934 -0.000000 0.000000 0.000000 23.489630 -5.218372 2.955120 8.031719 -8.514872 4.880655 8.239010 -5.810236 4.356947 22.998125 -8.803212 -0.220630 -1.896888 2.402483 6.722330 -0.000000 0.000000 0.000000 -10.892747 -20.172307 2.651141 -37.088447 -32.016713 -51.816773 109.671108 -51.623377 155.382986 -14.642811 -2.119906 47.785978 -10.447380 7.781298 -10.483902 -17.561254 9.331356 23.892956 111.163093 52.197000 -156.091209 -7.830154 5.360897 -49.125354 
24.416217 91.910267 -16.970021 -9.530126 34.656893 7.280564 17.582895 2.048999 -8.298792 18.754242 -11.673651 -4.099348 -24.440433 9.495869 7.218346 -0.000000 0.000000 0.000000 -21.685198 -1.227293 9.243007 12.107307 -10.225953 0.802221 1.927525 -9.438753 3.540748 -0.000000 0.000000 0.000000 22.094561 -5.372769 3.392706 8.055166 -8.827937 4.774626 7.992860 -5.997303 3.989188 23.325906 -8.991367 -0.079559 -2.073622 2.255304 6.521497 -0.000000 0.000000 0.000000 -11.123204 -20.209766 2.048811 -36.388310 -31.727981 -52.637883 109.835585 -51.500263 155.296128 -14.424803 -1.856621 47.786528 -10.768523 7.651164 -10.958851 -17.968612 8.724429 22.592290 111.739655 52.006714 -156.401868 -8.082042 5.330161 -49.570150 
27.903596 91.137111 -14.173248 -9.034121 35.905620 7.040795 15.731553 1.711746 -7.472833 25.227049 -12.464437 -4.826018 -22.390811 8.045425 5.298771 -0.000000 0.000000 0.000000 -22.779708 1.359649 10.486509 16.075797 -7.511477 -1.430159 4.544559 -11.674646 3.096179 -0.000000 0.000000 0.000000 20.013967 -6.158794 4.480613 7.921025 -8.845115 5.006028 7.929651 -6.430727 3.417818 23.634807 -10.988349 -0.352533 -1.933620 3.637059 6.172567 -0.000000 0.000000 0.000000 -10.549283 -20.249927 1.073061 -36.299261 -31.744384 -53.335430 109.908599 -50.982293 155.088184 -14.266999 -1.630063 48.067938 -10.801096 7.684359 -11.267634 -17.653733 8.796671 20.786946 111.962246 52.132497 -157.370100 -8.166829 5.075801 -49.552297 
31.095004 90.833223 -11.532743 -9.571996 37.971160 6.400844 11.591412 1.858326 -4.517469 36.381587 -14.864617 -5.307841 -16.136081 3.678518 0.943580 -0.000000 0.000000 0.000000 -25.391074 5.249246 11.040726 25.652155 -3.844237 0.739904 -2.250263 -17.020071 -0.896593 -0.000000 0.000000 0.000000 19.263996 -7.370635 6.461913 8.435707 -8.603170 5.978032 8.044485 -6.786429 2.840014 23.497040 -12.332034 -0.567205 -1.405972 4.491578 5.452204 -0.000000 0.000000 0.000000 -9.619049 -20.501652 0.704721 -36.556049 -31.390080 -54.136634 108.984914 -49.831958 154.326742 -14.102683 -1.392795 48.842371 -9.823775 8.390798 -11.594296 -18.406389 8.196234 18.924386 111.542352 52.185440 -158.048955 -8.390880 5.006706 -49.421506 
33.862460 90.954101 -8.976555 -11.671132 38.885900 6.479360 7.600414 3.517541 -0.076380 47.415131 -17.343656 -5.763360 -6.935620 -2.831683 -6.699492 -0.000000 0.000000 0.000000 -23.573339 4.625727 10.772564 30.792229 -4.470006 3.123124 -6.891663 -15.019572 -2.890581 -0.000000 0.000000 0.000000 20.520800 -6.896148 7.702896 9.892512 -8.713900 6.904220 6.925800 -6.499887 2.987198 25.192234 -12.641899 -0.557908 -2.077146 4.147165 6.031984 -0.000000 0.000000 0.000000 -9.360988 -21.826211 0.729102 -35.779591 -30.241782 -54.825222 108.556198 -49.191854 153.770837 -14.107370 -0.980460 49.397347 -8.615604 9.883954 -12.229037 -20.265989 6.226503 17.759237 112.204965 52.524490 -157.989709 -9.112090 4.731094 -49.506658 
36.246353 91.061497 -6.559568 -11.769357 39.124084 6.229792 1.553021 3.659832 2.852869 56.418639 -17.876835 -6.466892 2.593071 -7.127639 -11.831113 -0.000000 0.000000 0.000000 -21.534088 1.675975 10.265437 33.045714 -5.906709 2.754148 -10.897794 -10.645114 -3.293888 -0.000000 0.000000 0.000000 19.889821 -5.386566 7.689938 10.373111 -8.922095 7.315477 6.742104 -6.106010 3.045025 27.579075 -12.559513 -0.107242 -1.561877 3.235541 6.702887 -0.000000 0.000000 0.000000 -9.384145 -22.068804 0.822817 -34.988646 -29.626228 -56.105989 108.773756 -49.155072 152.980186 -15.532728 -0.712003 49.477843 -7.825071 10.464285 -12.637267 -21.851354 5.574248 17.885279 112.851882 52.963756 -157.254314 -10.869374 4.599326 -48.939996 
38.323623 91.329283 -4.424313 -10.547776 38.039761 5.424281 -5.330034 2.022972 4.051923 64.547953 -14.954543 -7.791837 2.233719 -2.413063 -9.365958 -0.000000 0.000000 0.000000 -20.556333 0.129578 9.432762 34.329528 -4.578480 2.932602 -13.317150 -8.679873 -2.962177 -0.000000 0.000000 0.000000 18.984444 -3.624822 7.019060 9.898912 -8.468272 7.374047 7.669956 -5.354684 3.034943 28.740894 -12.756702 0.460290 -0.217137 2.877857 6.851705 -0.000000 0.000000 0.000000 -9.213294 -21.103441 1.216444 -34.819015 -29.080802 -57.337002 110.196599 -48.608271 153.126908 -18.147119 -0.127763 48.890872 -7.113464 10.401885 -12.890778 -23.036185 6.594688 18.896132 112.559983 53.218483 -156.376467 -12.486474 3.849222 -48.438242 
40.300846 91.817075 -2.211295 -10.369813 36.160429 5.126189 -10.514061 0.630087 5.334410 70.180063 -10.604789 -8.702391 -2.525419 4.274658 -5.134289 -0.000000 0.000000 0.000000 -17.982756 0.134757 9.076857 33.896187 -2.020859 3.346739 -14.915405 -8.499850 -2.923367 -0.000000 0.000000 0.000000 19.708478 -2.066757 6.392118 9.556363 -7.578374 7.093534 7.877540 -4.197020 3.046153 29.511621 -13.484752 0.789539 0.465248 3.013612 7.206424 -0.000000 0.000000 0.000000 -8.924539 -19.986236 1.452469 -34.150639 -27.975220 -57.512938 112.068337 -47.449369 153.829480 -20.592984 -0.542718 48.849168 -6.221298 10.985241 -13.120532 -23.774118 7.374971 20.052775 112.866162 53.253751 -156.315003 -13.726922 3.384752 -47.985406 
42.191052 92.383361 0.078531 -10.137395 34.789893 5.158552 -15.352614 -1.457866 5.989191 72.819526 -5.861981 -8.934429 -5.890345 9.342544 -1.148787 -0.000000 0.000000 0.000000 -14.894693 0.396736 9.220268 32.351309 -0.701893 2.369422 -16.403566 -8.493146 -2.931304 -0.000000 0.000000 0.000000 20.283609 -0.588719 5.366048 9.427167 -6.952709 6.902313 7.649572 -3.245081 3.155725 30.556766 -13.997189 1.144800 0.783449 2.941017 7.630216 -0.000000 0.000000 0.000000 -8.192784 -19.122605 1.668007 -33.095610 -26.663462 -56.898529 112.742496 -46.247207 154.059602 -20.410291 -0.931065 49.120380 -5.322060 11.770846 -13.172350 -24.264521 7.910995 21.284727 112.433687 53.115919 -155.594547 -13.771400 3.569744 -47.223040 
44.062248 92.999870 2.369857 -10.355429 34.641303 5.846550 -19.364782 -4.533138 5.033757 72.118533 -2.822016 -7.862830 -10.244674 12.650326 2.959940 -0.000000 0.000000 0.000000 -11.162339 0.853485 9.315204 30.070851 -0.273490 0.843021 -17.817667 -9.183859 -2.666381 -0.000000 0.000000 0.000000 21.189139 0.748626 4.334266 9.152641 -6.883044 6.825854 7.374196 -2.678576 3.343484 31.770599 -14.404540 1.664234 0.954015 2.614908 8.098912 -0.000000 0.000000 0.000000 -7.448471 -18.598617 1.816845 -31.868766 -25.571688 -56.118992 112.897565 -45.433366 154.211333 -19.629713 -1.091055 49.385193 -4.775606 12.534654 -13.228629 -24.066923 8.171137 22.934496 111.633648 52.840358 -154.825320 -13.283921 3.706515 -46.801443 
46.002105 93.595129 4.624073 -10.958455 35.110137 6.789062 -22.354202 -7.854249 3.101621 68.129837 -1.724015 -5.705317 -13.338651 14.206098 5.863791 -0.000000 0.000000 0.000000 -7.025477 1.402611 9.059675 27.336182 0.720301 -0.073236 -18.793826 -10.790320 -2.537190 -0.000000 0.000000 0.000000 22.179569 1.901964 3.613495 9.083485 -6.880193 6.892493 7.225698 -2.299700 3.486858 32.829336 -14.930794 2.341983 1.133710 2.207547 8.594982 -0.000000 0.000000 0.000000 -6.967506 -18.050994 1.586571 -30.948490 -25.257276 -55.728229 113.082025 -45.044723 154.429754 -20.030874 -1.260229 49.338719 -4.328735 13.097950 -13.015985 -23.372814 8.465506 24.243698 111.558120 52.746750 -154.987140 -13.444676 3.813028 -46.925880 
48.082578 94.040048 6.926189 -11.547292 35.627964 7.614797 -24.319400 -10.293684 1.208124 61.322021 -1.699513 -2.805544 -14.022682 14.434922 6.505652 -0.000000 0.000000 0.000000 -2.693088 1.147985 8.603089 24.556753 1.288529 -0.873150 -19.684740 -11.300825 -2.010513 -0.000000 0.000000 0.000000 22.627028 3.035779 3.332693 9.451018 -6.887605 6.981736 7.053039 -1.935317 3.504049 33.801381 -15.170327 2.923062 1.334738 1.385454 9.041454 -0.000000 0.000000 0.000000 -6.919954 -17.496187 1.374054 -30.128208 -25.167319 -56.107585 113.145995 -44.904472 154.523492 -20.859721 -1.323615 49.180245 -4.193546 13.333756 -12.817079 -22.767841 8.656851 25.510999 111.875621 52.753171 -155.102280 -13.749904 3.829294 -46.972463 
50.326741 94.126195 9.438214 -11.919834 36.090657 8.068765 -25.012616 -12.067432 0.024923 52.308036 -2.939969 -0.202631 -14.169337 14.340726 6.269219 -0.000000 0.000000 0.000000 1.535630 0.351131 8.244285 22.044681 1.675221 -1.467382 -21.066540 -11.008793 -1.496248 -0.000000 0.000000 0.000000 22.504221 4.123368 3.336959 9.601813 -6.843325 7.064433 7.124016 -1.587840 3.478351 34.294608 -15.040757 3.420890 1.897315 0.307083 9.267020 -0.000000 0.000000 0.000000 -7.287929 -16.626112 1.184222 -29.580624 -25.241610 -56.884482 113.021253 -44.800579 154.343798 -21.623011 -1.461920 48.773983 -4.353012 13.115107 -12.548751 -22.366493 8.730577 26.512780 112.217122 52.695855 -154.968343 -14.159641 3.962652 -46.321876 
52.731860 93.877703 12.193325 -12.229816 36.306035 8.193094 -24.002907 -13.463946 -0.150183 41.261775 -5.576818 1.656033 -13.334736 14.084685 5.266165 -0.000000 0.000000 0.000000 5.443969 0.078291 8.067593 20.325664 2.268061 -1.553551 -22.983492 -10.796233 -1.612933 -0.000000 0.000000 0.000000 21.969639 4.932338 3.520151 9.879549 -6.650960 7.166906 7.214558 -1.243713 3.421871 34.167170 -14.552533 3.749254 2.402813 -0.788251 9.354538 -0.000000 0.000000 0.000000 -7.910763 -15.814643 1.081824 -29.129871 -25.335959 -57.192543 112.717891 -44.624512 154.362001 -21.937492 -1.650970 48.490589 -4.510272 12.914742 -12.287731 -21.994049 8.684521 27.112398 112.578600 52.545239 -155.034470 -14.330095 4.148209 -45.683217 
55.240571 93.430841 15.136214 -12.896025 36.076649 8.158998 -21.068815 -13.757715 0.866548 28.425139 -10.014369 3.175756 -11.622604 12.314397 2.746528 -0.000000 0.000000 0.000000 9.262544 -0.070920 8.302475 19.650108 3.112540 -1.708067 -25.113957 -10.423865 -2.075460 -0.000000 0.000000 0.000000 21.682025 5.404820 3.975104 10.445371 -6.363884 7.162047 7.061527 -0.816227 3.416774 33.629107 -13.735797 3.774119 2.502203 -1.786671 9.400178 -0.000000 0.000000 0.000000 -8.809115 -15.208493 1.183522 -28.640696 -25.067836 -56.820882 112.421470 -44.358995 154.696998 -21.933197 -2.004047 48.675447 -4.738667 13.061318 -12.241008 -21.702311 8.325717 27.694755 113.319200 52.323546 -155.397196 -14.162146 4.326374 -45.382246 
57.795238 92.860967 18.174103 -13.841975 35.753691 8.181896 -17.522611 -12.819376 2.261370 15.656063 -15.904465 4.033017 -10.649176 8.444336 -0.647796 -0.000000 0.000000 0.000000 12.626529 -0.245683 8.754100 20.233297 3.861372 -2.053880 -27.543552 -9.899688 -2.475567 -0.000000 0.000000 0.000000 21.669554 5.588178 4.488046 11.038056 -6.147399 7.092071 6.653763 -0.315874 3.476377 33.122996 -12.601585 3.805608 2.494178 -2.948961 9.498508 -0.000000 0.000000 0.000000 -9.688554 -15.003041 1.569042 -28.309419 -24.618421 -56.055522 111.857459 -44.213249 154.995741 -21.426275 -2.418248 48.885045 -4.902314 13.436855 -12.321462 -21.484603 7.524962 28.480001 114.016756 51.980801 -155.704366 -13.883904 4.694315 -45.274266 
60.455877 92.216688 21.197224 -14.882532 35.549466 8.791581 -15.460787 -12.420793 3.024533 6.589532 -21.405595 1.928647 -11.433563 5.034265 -2.400432 -0.000000 0.000000 0.000000 15.071134 -0.483552 8.532250 22.474726 4.735968 -2.180978 -30.450679 -9.733270 -3.032638 -0.000000 0.000000 0.000000 21.454864 5.759301 4.410665 11.469702 -6.250695 7.226917 6.510235 0.122634 3.511674 32.613073 -11.527537 4.139518 3.034774 -4.283044 9.749643 -0.000000 0.000000 0.000000 -10.487439 -15.146481 1.949656 -28.365073 -24.541591 -55.049068 111.156985 -44.369469 155.021728 -20.919290 -2.672929 48.732697 -4.976552 13.662105 -12.019854 -21.069384 6.697234 29.089342 114.041435 51.448562 -155.809552 -13.772932 4.895856 -45.208840 
63.189340 91.510648 24.211250 -16.034568 35.475980 10.005454 -15.357642 -11.868284 2.354762 4.435134 -20.073686 -0.854888 -11.530062 4.345453 -5.776683 -0.000000 0.000000 0.000000 16.646018 -0.302389 7.954784 26.308666 4.430795 -2.443995 -33.151758 -9.705032 -3.253499 -0.000000 0.000000 0.000000 21.199845 6.058809 3.723763 11.822606 -6.663201 7.596675 6.405732 0.388426 3.437951 31.999221 -10.498677 4.975063 3.798231 -6.087662 10.161160 -0.000000 0.000000 0.000000 -11.259971 -15.604584 2.232405 -28.695788 -25.101296 -54.150786 110.513528 -44.894919 154.924525 -20.421535 -3.028879 47.552265 -5.453645 13.324504 -10.889625 -20.433268 6.342881 29.491345 113.272512 50.883898 -155.325127 -13.717397 5.233881 -45.096148 
65.893418 90.820324 27.126133 -16.223070 35.823007 10.796391 -17.423072 -11.106915 0.142302 9.407392 -17.904323 -1.189103 -7.194875 0.572767 -7.201384 -0.000000 0.000000 0.000000 16.066018 -0.144370 7.447375 32.250518 3.241952 -2.589193 -34.265799 -9.813454 -4.132123 -0.000000 0.000000 0.000000 20.044282 6.163021 2.953418 12.736110 -6.963640 8.333740 5.334738 0.382024 3.338800 31.998636 -10.540387 5.860963 4.054340 -7.368669 10.689168 -0.000000 0.000000 0.000000 -11.433516 -16.435815 1.834230 -29.142271 -26.208823 -53.485671 110.370238 -45.366000 155.093077 -19.556274 -3.074068 46.023290 -5.338111 13.063527 -9.349475 -19.366688 5.421170 29.369684 112.882291 50.180455 -155.918212 -13.152780 5.952856 -44.000149 
68.652964 90.064102 30.005774 -15.014189 34.645959 10.604019 -19.225668 -11.064775 -2.560135 13.870017 -15.894729 0.453154 0.669888 -1.925906 -7.997172 -0.000000 0.000000 0.000000 12.535440 0.210784 6.096458 41.663703 1.681421 -2.486897 -32.161089 -9.515146 -3.433888 -0.000000 0.000000 0.000000 18.082515 6.129541 1.885552 13.518330 -6.485530 8.938742 4.420155 0.535442 3.157619 31.709039 -10.258701 6.738970 4.407787 -8.751972 10.853014 -0.000000 0.000000 0.000000 -11.354123 -16.641821 1.697862 -29.627634 -27.859033 -53.770895 110.350281 -45.402818 155.303706 -18.809019 -2.917883 45.616257 -5.332213 12.284413 -7.743997 -18.421882 4.866047 29.127868 111.867145 49.530688 -155.809235 -11.996793 7.054125 -42.767138 
71.025175 89.487284 32.577947 -13.675184 32.183420 11.201918 -23.054599 -13.172471 -5.009427 22.262256 -14.160723 -1.820679 -1.449687 0.085646 -4.575605 -0.000000 0.000000 0.000000 6.023307 0.658778 3.245960 54.524449 -0.035501 -2.118094 -24.181952 -9.932578 -0.650613 -0.000000 0.000000 0.000000 18.021263 6.272518 -0.586696 12.128996 -6.120570 9.053635 5.139156 0.671180 3.033380 30.360296 -10.069068 7.507315 5.221730 -9.547625 11.215103 -0.000000 0.000000 0.000000 -10.990651 -16.865389 2.241311 -30.365697 -28.999376 -53.428654 111.109295 -45.312488 156.106198 -18.178568 -3.403756 45.955239 -5.760447 11.235823 -6.527473 -17.497157 4.951751 30.120083 109.907311 48.570641 -155.518302 -10.958412 7.332425 -41.548422 
72.983110 89.242989 35.025266 -14.054102 29.077506 12.860959 -23.126083 -12.900286 -5.988265 27.163761 -12.281477 -5.147605 -4.554080 0.524668 -2.159312 -0.000000 0.000000 0.000000 -0.345058 0.905128 0.316522 66.977963 -2.355144 -2.478727 -10.881234 -9.402658 3.143303 -0.000000 0.000000 0.000000 20.976321 5.817963 -3.108004 10.319378 -5.636191 8.353920 5.344203 0.651940 3.330823 29.386702 -10.505855 7.436753 5.172393 -9.153555 11.795540 -0.000000 0.000000 0.000000 -10.594538 -17.621237 3.095523 -30.705151 -28.724780 -51.702664 112.387354 -45.703733 157.411805 -17.394405 -4.173237 45.775524 -6.336750 11.264561 -6.201581 -16.381346 4.737851 31.933152 109.872798 48.036832 -156.761292 -10.107689 7.362309 -41.427677 
74.864876 89.169770 37.156475 -12.977678 24.943520 12.800656 -22.011192 -11.885537 -6.554803 28.865494 -11.164882 -5.966478 -7.898017 2.118349 0.268976 -0.000000 0.000000 0.000000 -8.249863 2.295952 -1.391637 76.800232 -3.997871 -3.102530 0.073996 -9.579302 5.475124 -0.000000 0.000000 0.000000 22.471320 4.603460 -4.004926 9.216983 -4.578929 7.423765 5.276706 0.820523 3.160938 28.938568 -10.931342 6.305579 4.646633 -7.913008 11.452024 -0.000000 0.000000 0.000000 -10.416300 -17.655821 3.512514 -30.707579 -28.135687 -49.582341 113.242278 -46.285379 158.354963 -16.794335 -4.176695 46.109010 -6.688642 11.742322 -6.209523 -15.969088 5.899234 33.106852 110.165995 47.894513 -157.620690 -9.395041 7.292360 -41.735352 
76.628131 89.377761 39.076874 -11.587188 21.220005 11.802775 -21.324359 -10.706554 -6.745008 30.710949 -10.424997 -5.584269 -11.035709 3.946931 1.806944 -0.000000 0.000000 0.000000 -15.786756 3.423229 -1.895274 83.596706 -4.038479 -2.541236 -4.655077 -10.854011 3.714773 -0.000000 0.000000 0.000000 22.795310 3.333932 -3.707421 9.193391 -3.856178 6.993975 5.432933 0.907019 2.748886 28.384836 -9.954854 5.329977 4.331791 -7.898116 10.579692 -0.000000 0.000000 0.000000 -10.591429 -17.657297 4.066016 -31.157912 -27.697506 -48.294479 112.765367 -46.818003 158.366703 -17.130879 -3.888891 46.422227 -6.352331 12.290250 -6.328000 -16.772803 6.967274 33.404351 109.731038 47.447380 -157.324809 -8.873067 7.105060 -42.561754 
78.222144 89.997864 41.092312 -11.722065 18.127995 11.077805 -18.592043 -8.888019 -6.566249 31.435799 -10.290657 -4.622191 -13.154305 4.881449 2.648560 -0.000000 0.000000 0.000000 -20.661746 3.068044 -2.232793 85.551462 -2.641997 -2.168958 -8.006473 -8.704833 3.151504 -0.000000 0.000000 0.000000 24.360086 2.401033 -3.205692 9.769652 -3.647776 6.884692 5.468300 0.648097 2.900579 28.087369 -9.039677 4.644291 3.863326 -8.166271 9.992559 -0.000000 0.000000 0.000000 -11.194454 -18.168276 4.676638 -32.095346 -27.369546 -48.121064 112.253048 -47.300325 158.369918 -17.622752 -3.401833 46.342513 -6.326288 12.681648 -6.597389 -17.546922 7.218104 33.615820 110.129894 46.971105 -157.330426 -8.644100 7.272643 -42.836876 
79.575866 90.834284 43.289137 -12.126910 15.031858 9.928120 -14.323601 -7.329887 -5.483672 29.840213 -10.266765 -4.153849 -14.753012 5.757697 3.670285 -0.000000 0.000000 0.000000 -23.828372 3.035868 -2.496053 83.296421 -0.359725 -0.571728 -8.744683 -5.618879 4.471123 -0.000000 0.000000 0.000000 25.789035 1.538585 -2.674088 10.945547 -3.502124 7.139203 5.358009 0.349855 3.142748 28.212899 -7.933579 4.149580 3.478251 -8.621470 9.398115 -0.000000 0.000000 0.000000 -11.705517 -18.547078 5.101302 -33.183108 -27.631963 -48.249239 111.915031 -47.798985 158.510934 -17.970037 -3.350091 46.286378 -6.388342 12.641221 -6.417052 -18.288470 7.824184 33.659522 110.141214 46.488798 -156.661635 -8.079333 7.364848 -43.003802 
80.768895 91.615456 45.535475 -11.905198 11.846974 8.696803 -10.527316 -5.813981 -4.374010 27.514632 -9.776819 -4.201283 -15.835851 6.410288 4.643957 -0.000000 0.000000 0.000000 -26.385958 3.149401 -3.125328 78.126013 0.115448 1.628115 -9.983048 -3.767209 5.559093 -0.000000 0.000000 0.000000 26.577075 0.786440 -2.127642 11.931344 -3.496348 7.287532 5.217023 0.023222 3.180111 28.473346 -6.923000 3.529875 3.306432 -8.963437 8.742508 -0.000000 0.000000 0.000000 -11.881368 -18.761969 5.543493 -34.316428 -28.142144 -48.254514 111.371326 -48.271561 158.516343 -17.818924 -3.563273 46.292057 -6.536700 12.233320 -6.049015 -18.752204 8.476659 33.661168 109.974338 46.050189 -156.006078 -7.269500 7.698632 -42.650906 
81.804067 92.270708 47.817522 -11.382174 8.635876 7.381439 -7.052801 -3.972625 -3.286075 24.954747 -8.829850 -4.239925 -16.755469 6.547920 5.158150 -0.000000 0.000000 0.000000 -28.153013 2.868165 -3.667625 70.907209 -2.251372 3.813947 -11.368693 -5.267063 5.458200 -0.000000 0.000000 0.000000 27.519078 0.119445 -1.449427 11.968162 -3.378219 7.157341 5.072356 -0.343378 3.378891 28.692663 -6.822867 2.697598 3.178281 -8.603639 8.138008 -0.000000 0.000000 0.000000 -11.926103 -18.574620 5.478842 -35.728806 -28.953162 -48.088453 110.734210 -48.919145 158.214467 -17.579180 -3.577503 46.200313 -6.679762 11.645364 -5.549217 -18.661573 8.745102 32.726626 110.313406 45.848205 -156.050551 -6.557175 8.278231 -42.683119 
82.628644 92.773271 50.145817 -10.746236 4.798231 6.159990 -3.681081 -2.158589 -2.538293 22.257153 -7.316014 -4.337316 -17.677873 6.884941 5.565450 -0.000000 0.000000 0.000000 -29.120173 2.161823 -3.536309 61.971769 -5.930368 5.080805 -11.310417 -8.314474 4.242031 -0.000000 0.000000 0.000000 28.589174 -0.338003 -1.020508 11.476521 -3.124624 6.600978 5.059505 -0.595077 3.759469 28.688141 -7.318375 1.456454 2.623172 -7.471493 7.841136 -0.000000 0.000000 0.000000 -12.195328 -18.187988 5.463769 -36.955023 -29.445894 -48.113376 110.555932 -49.463098 158.108221 -18.042231 -3.587807 46.268392 -6.722995 11.093071 -5.626976 -18.437689 8.541888 31.842751 110.730159 45.840875 -156.456708 -6.184404 8.607499 -42.993310 
83.280963 93.015826 52.527887 -9.864375 0.359426 5.240740 -1.008176 -0.961182 -2.780355 20.215141 -5.568068 -4.139380 -19.017877 8.299589 6.236592 -0.000000 0.000000 0.000000 -29.499319 0.835218 -2.869523 51.443312 -9.887910 5.098143 -9.929239 -10.729984 3.947277 -0.000000 0.000000 0.000000 29.169198 -0.530690 -1.057047 10.907602 -3.008830 5.773104 5.441038 -0.724449 3.992361 28.079783 -7.480835 0.312314 1.973677 -6.310679 7.755948 -0.000000 0.000000 0.000000 -12.418221 -17.662950 5.917917 -38.064102 -29.924336 -47.938625 110.810280 -50.016635 158.619478 -19.099202 -3.786164 46.199211 -6.886707 10.328782 -6.006595 -18.354064 8.474613 31.271019 111.051715 46.056826 -157.039852 -6.585999 8.628804 -43.080698 
83.747196 93.074268 55.033123 -8.803073 -4.372777 4.343217 1.234501 0.373733 -3.349872 18.651721 -3.473163 -3.614648 -20.671683 9.635786 6.761282 -0.000000 0.000000 0.000000 -28.859386 -1.199617 -1.456144 39.023606 -12.814920 4.598389 -7.421884 -11.558482 4.448173 -0.000000 0.000000 0.000000 29.237140 -0.490037 -1.363526 10.572098 -3.066928 4.970387 5.693658 -0.837931 4.238130 27.441089 -7.306448 -0.693134 1.142674 -5.232148 7.768096 -0.000000 0.000000 0.000000 -12.782286 -17.143481 6.150290 -38.740964 -30.317515 -47.469708 111.237810 -50.317883 159.178386 -19.672325 -3.958266 45.873955 -7.105336 9.631090 -6.246645 -18.553350 8.686329 30.572289 111.455375 46.474591 -157.424544 -7.406549 8.568631 -43.416936 
83.989453 92.956811 57.868755 -8.322395 -9.080184 3.557864 4.235539 2.305576 -4.001183 17.115000 -1.520419 -3.143812 -22.537684 10.453059 6.841107 -0.000000 0.000000 0.000000 -26.369053 -3.363996 0.467308 25.941480 -14.206056 4.110738 -5.251052 -11.019199 5.731700 -0.000000 0.000000 0.000000 29.386247 -0.423961 -1.924761 10.421854 -3.349154 4.193097 5.790955 -0.952724 4.465386 26.796755 -6.869716 -1.451696 0.539603 -4.355458 7.835522 -0.000000 0.000000 0.000000 -13.173546 -16.694415 6.389759 -39.057293 -30.531102 -47.068796 111.609936 -50.557657 159.469297 -19.587083 -4.303688 45.890133 -7.479365 8.993971 -6.528900 -18.779468 8.831375 30.270547 112.011782 46.856972 -157.811862 -7.912957 8.539736 -43.496117 
83.977836 92.694563 61.011499 -8.218465 -13.363381 2.877279 7.551445 4.443083 -4.684376 15.802088 -0.227806 -2.892832 -24.640646 11.130923 6.847050 -0.000000 0.000000 0.000000 -23.311982 -4.876117 2.587404 15.300431 -14.540193 3.885053 -5.572581 -10.425537 6.446866 -0.000000 0.000000 0.000000 29.235983 -0.490577 -2.549260 10.383163 -3.746862 3.528274 5.785021 -1.119709 4.586979 26.429132 -6.377729 -1.949874 -0.048730 -3.746744 7.911669 -0.000000 0.000000 0.000000 -13.342339 -16.519515 6.469836 -39.089940 -30.642887 -46.890886 111.917080 -50.727148 159.536510 -19.604542 -4.391476 46.191817 -7.839584 8.509800 -6.769897 -18.990525 8.677392 30.149307 112.471682 46.819242 -157.971649 -8.204356 8.216473 -43.388232 
83.786130 92.402989 64.255846 -7.859510 -17.608324 2.400488 10.169885 5.918570 -5.765760 14.984355 1.379767 -2.391846 -26.563577 11.965040 6.718074 -0.000000 0.000000 0.000000 -21.364144 -6.242622 4.969224 9.077279 -15.768092 2.496799 -6.336640 -9.535890 7.161984 -0.000000 0.000000 0.000000 28.619961 -0.445039 -3.017479 10.396576 -4.046804 2.890338 5.336080 -1.239817 4.484378 26.431003 -5.969911 -2.359024 -0.893204 -3.337893 7.887250 -0.000000 0.000000 0.000000 -13.461258 -16.479306 6.237655 -38.790357 -30.674286 -47.437468 112.370952 -50.840262 159.691355 -19.761485 -4.418114 46.233739 -8.259652 8.129308 -7.023862 -18.939058 8.359695 30.051229 112.918143 46.527413 -158.164964 -8.075979 8.123927 -43.430734 
83.492064 92.152840 67.566538 -7.399929 -21.102309 1.940890 11.180597 5.435378 -6.570397 16.154635 3.075084 -2.206573 -28.560704 13.472725 7.370750 -0.000000 0.000000 0.000000 -20.299768 -5.364306 7.206468 7.495267 -16.521686 1.356555 -7.077962 -11.360258 6.409251 -0.000000 0.000000 0.000000 27.779473 -0.746467 -2.787056 10.167130 -4.257182 2.496299 5.141113 -1.482728 4.097442 25.967628 -6.140000 -2.774036 -1.437009 -2.461596 7.489813 -0.000000 0.000000 0.000000 -13.290729 -16.409698 5.751721 -38.542765 -30.664698 -48.360127 112.403150 -50.582630 159.672132 -19.905670 -4.321062 45.966890 -8.710891 7.884420 -7.288420 -18.613980 8.352840 29.626713 112.530465 46.189110 -158.276466 -7.511450 8.120781 -43.458124 
83.017612 91.972530 70.950347 -7.049225 -23.319784 1.079381 10.508297 4.265236 -5.911566 20.400521 4.075239 -2.991574 -30.206225 14.580227 7.715517 -0.000000 0.000000 0.000000 -20.230682 -3.578354 8.677910 9.158060 -16.727020 1.418106 -5.626425 -12.434088 6.332727 -0.000000 0.000000 0.000000 27.075061 -1.182894 -1.745177 9.999101 -4.606307 2.650188 4.934797 -1.821218 3.658661 25.228085 -6.630825 -3.028900 -2.083745 -1.535473 7.142318 -0.000000 0.000000 0.000000 -13.064423 -16.528874 5.005377 -38.360353 -30.636407 -49.509348 112.197906 -50.044720 159.362468 -19.773172 -4.299915 45.868395 -9.141155 7.570160 -7.405836 -18.593629 8.112197 28.573797 111.766210 45.926255 -158.320679 -6.977010 8.149028 -43.629360 
82.224792 91.879106 74.307781 -6.849211 -24.709562 0.133970 8.352665 3.575840 -4.116387 27.999456 4.181079 -4.337366 -29.826382 14.300705 6.584683 -0.000000 0.000000 0.000000 -20.235070 -1.637966 10.023559 9.873234 -15.812329 1.515285 -3.018662 -15.545381 4.391464 -0.000000 0.000000 0.000000 26.345283 -1.615351 -0.746442 10.078790 -4.850789 3.038725 4.952234 -2.232060 3.409825 24.407153 -7.897143 -3.150692 -2.587543 -0.176795 7.273746 -0.000000 0.000000 0.000000 -12.433168 -16.712385 4.372337 -38.787468 -30.265613 -50.651150 111.833186 -49.373074 158.546220 -19.783683 -4.341654 45.808514 -9.113717 7.316586 -7.647238 -18.933749 7.374465 27.615342 110.630135 45.726529 -158.542816 -6.449518 7.942598 -44.017720 
81.112134 91.670543 77.485871 -6.437033 -26.385867 -0.716783 4.168530 3.704304 -0.943196 38.876677 3.211240 -6.740072 -25.349386 12.228782 2.464392 -0.000000 0.000000 0.000000 -20.748028 -0.631746 11.694121 12.794376 -14.278534 1.351653 -2.244571 -16.847958 2.124810 -0.000000 0.000000 0.000000 25.205495 -1.707884 -0.294985 10.310821 -4.941791 3.520805 4.965061 -2.391368 3.207205 24.166885 -8.744807 -3.259190 -3.115545 0.709518 7.648209 -0.000000 0.000000 0.000000 -11.924180 -16.837805 4.062416 -38.770421 -29.527444 -51.370393 111.576986 -49.008620 157.728582 -20.303751 -4.038205 45.679041 -8.829855 7.219826 -7.968980 -20.009757 6.473408 26.718025 109.931566 45.762018 -158.819972 -6.887702 7.471713 -44.300831 
79.747427 91.486770 80.316365 -5.926874 -29.500769 -2.330909 -1.216552 4.006507 4.257139 50.444309 1.087107 -9.760686 -16.427097 7.943039 -3.078519 -0.000000 0.000000 0.000000 -22.089315 0.283538 14.150719 18.338081 -12.379346 2.109820 -4.219566 -16.336510 -0.776616 -0.000000 0.000000 0.000000 24.435201 -1.625372 -0.076260 10.120622 -4.382724 4.017344 4.909474 -1.985959 3.055289 24.431313 -8.638343 -3.546954 -2.907852 1.138746 7.848556 -0.000000 0.000000 0.000000 -11.408961 -16.498574 4.548058 -37.939198 -28.176705 -51.767866 111.856825 -48.602505 157.558192 -21.709549 -3.945974 45.761244 -8.048929 7.673529 -8.608369 -21.960157 6.124598 26.297964 109.158450 46.149835 -158.537515 -7.645595 6.971955 -44.864085 
78.264391 91.277421 83.017868 -6.294478 -34.084792 -4.008774 -5.360634 4.244107 8.603489 59.147923 -2.565806 -10.968410 -5.893240 2.133491 -8.164319 -0.000000 0.000000 0.000000 -21.032468 -0.309384 15.656350 22.319103 -10.079691 3.567144 -7.227082 -12.971771 -3.292751 -0.000000 0.000000 0.000000 24.311978 -1.131209 -0.827018 10.371066 -3.934796 4.009324 4.310412 -1.246652 2.848421 25.206114 -7.368984 -3.637169 -2.481902 1.279603 8.238215 -0.000000 0.000000 0.000000 -11.440987 -15.890364 5.297515 -36.010963 -26.668998 -51.057685 112.714625 -48.182693 157.838799 -23.724846 -3.837864 45.797711 -7.503876 8.782958 -9.321615 -24.261084 6.416968 26.736293 108.831891 46.787336 -157.988115 -8.605086 5.961683 -44.948278 
76.776236 91.097260 85.544574 -6.292398 -38.135329 -4.730092 -9.917407 2.444564 10.653469 65.619796 -6.521421 -10.644178 5.504828 -2.713327 -11.027046 -0.000000 0.000000 0.000000 -19.504641 -1.229559 16.288858 24.828380 -8.036691 4.083465 -10.369637 -9.392056 -4.939173 -0.000000 0.000000 0.000000 23.674875 -0.313029 -2.041517 10.398175 -3.974371 3.891459 4.340507 -0.771896 2.498905 25.854540 -5.808875 -3.185246 -1.604728 1.060461 8.704646 -0.000000 0.000000 0.000000 -11.544825 -15.296360 6.000606 -34.081044 -25.753590 -49.799933 113.030248 -47.760898 157.823204 -25.015381 -3.908676 45.530866 -7.343097 9.740143 -9.978047 -26.100358 7.291200 27.723124 108.566226 47.149646 -157.718295 -10.447024 5.040636 -44.588375 
75.346565 91.145408 87.906307 -6.938382 -41.629066 -5.842835 -13.672416 -0.106773 11.544017 71.308721 -9.409920 -9.270534 4.555189 -1.577379 -10.314961 -0.000000 0.000000 0.000000 -17.290707 -1.204882 16.850097 26.176113 -5.921218 4.231827 -12.866518 -7.500339 -4.964458 -0.000000 0.000000 0.000000 23.933392 0.693237 -2.721150 10.192616 -3.969716 3.597612 4.967748 -0.176803 2.189095 25.669904 -4.731908 -2.649230 -0.829661 0.794750 8.839590 -0.000000 0.000000 0.000000 -11.788321 -15.155746 6.442417 -32.642006 -24.824274 -48.877640 113.143697 -46.988591 157.795740 -25.548615 -4.196579 45.502683 -7.732013 10.692120 -10.850239 -27.382062 8.105463 28.211396 108.466772 47.165588 -157.916016 -12.204183 4.137262 -44.448702 
73.853242 91.344023 90.144503 -8.238897 -44.990408 -7.501726 -16.375116 -2.597955 11.609948 75.154131 -9.281676 -6.802884 -2.057289 2.852614 -7.164414 -0.000000 0.000000 0.000000 -14.825639 -1.280811 17.295268 27.732904 -3.985477 4.212993 -14.662749 -5.807389 -4.271889 -0.000000 0.000000 0.000000 24.341067 1.692432 -3.143488 10.694673 -3.748034 3.149264 5.693565 0.636482 1.949772 25.085892 -3.796536 -2.264458 -0.513333 0.585507 8.653359 -0.000000 0.000000 0.000000 -12.306078 -15.114202 6.653486 -31.707381 -23.867061 -48.604527 113.281499 -46.194229 157.994085 -26.063172 -4.546988 45.510820 -8.070189 11.793925 -11.753668 -28.838406 9.010883 28.063111 107.978097 47.233229 -157.690895 -12.712970 3.433861 -44.459853 
72.301143 91.702980 92.123920 -8.956666 -47.836179 -8.852857 -19.508894 -6.460577 11.591033 76.313141 -7.009562 -5.194097 -5.578081 7.682863 -3.188608 -0.000000 0.000000 0.000000 -11.595310 0.717593 18.898265 25.336161 -0.769094 2.898152 -15.682364 -7.207865 -4.876615 -0.000000 0.000000 0.000000 24.196052 2.679875 -3.500166 11.869753 -3.394402 2.923174 5.987145 1.266520 1.728190 24.680798 -3.856434 -1.938854 -0.287140 1.196741 8.592863 -0.000000 0.000000 0.000000 -12.523887 -14.845852 6.373269 -31.510575 -23.769339 -48.706017 112.953623 -45.451891 157.984896 -26.558993 -4.742422 45.881332 -8.113372 12.942819 -12.424239 -29.466665 10.652234 27.684242 106.496156 47.565862 -156.882427 -12.818438 2.966743 -44.817422 
70.774633 92.031497 94.057554 -9.756761 -50.366786 -9.274965 -22.363789 -9.302153 10.326217 74.628616 -4.642836 -3.295702 -10.555929 11.804700 1.862286 -0.000000 0.000000 0.000000 -8.743747 0.680018 18.292938 24.883352 1.664641 2.209925 -16.802529 -6.515926 -4.290177 -0.000000 0.000000 0.000000 24.746988 3.704297 -4.278901 12.094530 -3.263173 2.127159 6.412045 1.741122 1.476861 24.491958 -3.912378 -1.441416 0.206054 1.415205 8.820865 -0.000000 0.000000 0.000000 -13.023782 -14.597831 6.075631 -31.573580 -23.829120 -49.311216 112.682745 -45.020530 157.964730 -27.024946 -4.923409 46.124648 -8.181427 13.746400 -13.242152 -29.833985 11.865116 28.206425 106.195358 48.165467 -156.552151 -13.709606 2.617981 -44.598531 
69.237989 92.350531 95.979220 -10.995285 -52.742829 -10.133269 -24.606338 -11.475398 9.100483 70.196102 -2.904451 -1.252297 -14.460879 14.004265 5.467950 -0.000000 0.000000 0.000000 -5.497396 0.729210 17.679387 24.056804 3.963896 1.244275 -17.768815 -5.745774 -3.542577 -0.000000 0.000000 0.000000 25.945478 4.580871 -4.696876 12.136208 -3.039046 1.207097 6.506101 2.329700 1.272653 24.350264 -4.176631 -1.208161 0.658015 1.550789 9.017827 -0.000000 0.000000 0.000000 -13.668865 -14.338460 5.664739 -31.607627 -23.749538 -50.363807 112.128223 -44.658483 157.848145 -27.130452 -5.424480 46.385518 -8.177880 14.654327 -14.159932 -30.001548 12.665267 28.726689 106.245542 48.959469 -156.168187 -15.039319 2.551407 -44.066246 
67.662328 92.514837 97.925407 -12.074018 -54.799847 -11.033421 -26.364967 -12.958970 8.469845 63.100499 -2.512118 0.294487 -14.812440 13.792972 5.884097 -0.000000 0.000000 0.000000 -2.630883 0.915720 17.215788 23.531255 5.718115 0.213565 -18.948462 -4.942471 -2.955595 -0.000000 0.000000 0.000000 26.847314 5.239970 -4.676961 12.448429 -2.840196 0.412679 6.387902 2.917860 1.066975 24.263104 -4.422585 -1.303258 0.813446 1.493676 9.224999 -0.000000 0.000000 0.000000 -14.326485 -14.166619 5.266770 -31.397314 -23.525494 -51.379878 111.517614 -44.376288 157.913746 -26.820291 -5.724036 46.839116 -7.914820 15.613790 -15.117452 -30.263603 13.250675 29.084274 106.344868 49.893633 -155.560845 -15.912026 2.695044 -43.621704 
66.012359 92.467982 99.878544 -12.424034 -56.220530 -11.162213 -27.662749 -14.085756 7.858998 53.557491 -3.796311 1.066459 -13.341185 12.677366 4.481096 -0.000000 0.000000 0.000000 -0.475667 1.272388 16.630115 23.345470 7.057755 -0.617899 -20.564905 -4.652470 -2.575714 -0.000000 0.000000 0.000000 27.352964 5.549351 -4.486739 12.683404 -2.866070 -0.209134 6.196795 3.231450 0.813012 24.178695 -4.453131 -1.492149 1.058218 1.317918 9.299973 -0.000000 0.000000 0.000000 -14.936821 -13.885181 4.701736 -30.977071 -23.466860 -51.949544 111.068612 -44.139723 158.206171 -26.608235 -5.897953 47.065471 -7.742502 16.365560 -15.613122 -30.335854 14.242161 29.486181 106.562782 50.909403 -154.851123 -16.735766 3.016201 -43.644349 
64.137012 92.225212 101.840949 -12.898992 -56.851755 -11.427374 -27.362948 -14.802951 7.559598 41.308509 -6.315471 1.671651 -10.863452 11.124954 1.836130 -0.000000 0.000000 0.000000 1.887741 1.720124 16.169883 23.246064 7.677430 -1.150182 -22.652609 -4.574412 -2.288584 -0.000000 0.000000 0.000000 28.071070 5.583928 -4.067987 12.755083 -3.041624 -0.670256 5.927709 3.365650 0.694102 23.973723 -4.228750 -1.640109 1.357405 0.878685 9.269910 -0.000000 0.000000 0.000000 -15.531238 -13.609884 4.305620 -30.500750 -23.476910 -52.514909 110.595905 -43.897302 158.527544 -26.291715 -6.320084 47.197833 -7.791176 16.922230 -16.042059 -29.985282 15.002100 30.171783 107.105372 51.835408 -154.359091 -17.691267 3.532357 -43.842027 
61.910361 91.778946 103.829110 -13.989169 -56.963987 -12.599951 -25.449226 -14.593122 8.012930 27.655849 -9.902420 2.434415 -7.656883 8.282503 -1.668774 -0.000000 0.000000 0.000000 4.966952 2.109192 16.320108 22.944030 8.115505 -1.658682 -24.589510 -4.524560 -2.191503 -0.000000 0.000000 0.000000 29.023597 5.543237 -3.118552 12.718258 -3.170044 -1.120504 5.544658 3.541797 0.700197 23.810529 -4.155171 -1.799221 1.501638 0.366410 9.457882 -0.000000 0.000000 0.000000 -16.269019 -13.521825 3.979299 -29.922644 -23.345937 -53.034472 110.227487 -43.648506 158.728754 -25.678614 -6.728734 47.395840 -7.764718 17.534070 -16.598696 -29.123230 14.867608 30.876683 108.718183 52.507983 -154.631673 -18.793716 4.111143 -44.332372 
59.374154 91.187072 105.856180 -15.219265 -57.012881 -13.981905 -22.534554 -13.437617 8.441508 14.167143 -14.200763 2.246286 -7.646197 4.423409 -3.492313 -0.000000 0.000000 0.000000 8.250922 2.135705 16.410581 22.834169 8.562764 -1.990776 -26.555947 -4.471465 -1.972610 -0.000000 0.000000 0.000000 29.655186 5.512598 -2.128378 13.115132 -3.216358 -1.443958 4.756257 3.834161 0.782904 23.875121 -4.232477 -1.987102 1.366692 -0.203740 9.656050 -0.000000 0.000000 0.000000 -17.034887 -13.677420 3.543103 -29.276021 -23.224108 -53.220117 110.148160 -43.595325 158.941587 -24.814863 -7.038322 47.574258 -7.517383 18.240300 -16.970735 -27.831636 14.129357 31.179914 110.970252 52.883738 -155.413278 -19.757410 4.794223 -44.092943 
56.604153 90.424943 107.984757 -15.931825 -57.477562 -14.953275 -21.038076 -12.857137 8.138966 6.563879 -17.133285 0.718763 -7.833166 2.330062 -5.074036 -0.000000 0.000000 0.000000 10.654021 2.072624 16.067504 23.899802 8.939957 -2.009555 -28.704254 -4.157992 -1.880633 -0.000000 0.000000 0.000000 29.213573 5.638193 -1.452361 13.747251 -3.268448 -1.283855 4.135550 4.180918 0.775608 24.090421 -4.089473 -2.097172 1.185978 -0.956454 9.610419 -0.000000 0.000000 0.000000 -17.647514 -13.914692 3.221511 -28.704896 -23.312644 -53.118625 109.911364 -43.671574 159.059376 -24.170322 -7.029970 47.672069 -7.270544 18.688775 -16.749406 -26.698391 13.612741 30.985083 112.047462 52.930042 -155.086086 -20.193892 5.098089 -43.272382 
53.711122 89.662099 109.980762 -14.608305 -57.938375 -14.170154 -22.502972 -12.542395 5.993667 8.766059 -18.528070 0.876735 -3.560937 -1.949505 -6.282121 -0.000000 0.000000 0.000000 10.679998 1.819838 15.645017 26.904987 8.464880 -1.860598 -30.325378 -3.560913 -2.616154 -0.000000 0.000000 0.000000 27.682771 5.800628 -1.414202 14.270445 -3.398532 -0.467944 3.375223 4.216618 0.831659 24.567783 -3.921854 -1.652608 0.958396 -1.870169 9.771578 -0.000000 0.000000 0.000000 -17.831775 -14.280149 3.136236 -28.335621 -23.961552 -52.656669 109.745443 -43.867492 159.362585 -23.386137 -6.650004 47.533647 -6.958223 18.771143 -16.058829 -25.502162 13.294699 31.015224 113.069042 52.755409 -155.337267 -21.330567 5.421524 -42.307121 
50.608373 89.077353 111.839497 -12.804822 -58.917805 -12.526178 -24.379000 -13.028290 3.091683 13.494457 -18.166223 2.657045 3.727555 -5.304712 -7.351746 -0.000000 0.000000 0.000000 8.886151 1.544380 14.735055 32.424241 7.179225 -1.558983 -30.387585 -3.090955 -3.062417 -0.000000 0.000000 0.000000 25.748421 6.070619 -2.685408 14.917022 -3.345007 0.555855 2.901730 4.035444 1.013235 24.665415 -3.167700 -0.485740 0.823082 -3.426242 10.138587 -0.000000 0.000000 0.000000 -17.638544 -14.651677 3.598898 -28.344805 -25.012898 -51.867708 109.278345 -44.079548 159.522710 -22.501414 -6.377225 47.528760 -6.918791 18.447362 -14.982402 -24.293254 13.207973 31.721729 113.773568 52.150781 -156.333229 -23.234565 6.182244 -41.378982 
47.662336 89.007616 113.400948 -11.722718 -61.468391 -10.241945 -27.636133 -15.569067 0.482606 21.977213 -16.532037 0.933629 -0.690385 -0.693834 -3.703917 -0.000000 0.000000 0.000000 4.699708 1.099414 12.155739 41.697090 5.667295 -1.000397 -26.629989 -3.329709 -1.401513 -0.000000 0.000000 0.000000 25.019393 6.714725 -5.814316 14.392493 -3.116468 1.116760 3.742385 4.034623 1.015821 23.998920 -2.198745 0.797972 1.015506 -5.172198 10.549920 -0.000000 0.000000 0.000000 -16.923202 -15.353930 4.481685 -28.954090 -25.555084 -50.273063 109.043223 -44.599537 159.841443 -21.759706 -6.555315 47.557839 -7.120825 17.816904 -13.709370 -23.824409 13.602745 33.349476 112.191742 50.766013 -156.097901 -24.032313 6.759057 -41.165566 
44.871417 89.362627 114.803350 -13.749025 -64.789919 -10.932324 -27.007853 -15.284036 0.610067 25.699688 -13.957875 -2.285682 -3.589854 0.371334 -2.323538 -0.000000 0.000000 0.000000 0.340192 -0.079532 9.101379 51.934912 3.123025 -0.213370 -17.171007 -1.921277 1.823611 -0.000000 0.000000 0.000000 26.462195 6.759177 -8.202605 14.203797 -2.632373 0.818570 3.322683 4.229746 1.074820 24.030890 -1.900066 0.580742 0.551526 -5.813288 10.704065 -0.000000 0.000000 0.000000 -16.522162 -16.114123 5.421814 -29.099772 -24.717789 -48.703830 109.332384 -45.409315 160.382874 -20.548701 -5.995120 47.667984 -7.323936 18.094628 -13.213172 -23.915730 13.729531 35.678548 111.827280 49.627443 -156.561252 -22.700501 7.007033 -41.636278 
42.412329 89.585805 116.195214 -15.010947 -69.081376 -12.094428 -25.775068 -13.266119 1.004625 28.145751 -12.613229 -2.176559 -7.112533 1.214997 -1.017932 -0.000000 0.000000 0.000000 -5.951430 -1.148484 7.067175 61.890707 0.010354 -0.243846 -5.303033 -0.171223 5.333660 -0.000000 0.000000 0.000000 27.309362 6.024483 -8.949880 12.875533 -1.694401 0.073611 3.043292 4.521628 1.103686 24.779204 -2.378916 -0.862458 0.040840 -4.940395 10.123848 -0.000000 0.000000 0.000000 -16.141046 -16.161465 5.856898 -29.276743 -23.576714 -47.769055 110.272711 -45.997927 161.314853 -20.798888 -5.103297 47.294823 -7.468415 18.600647 -12.926616 -24.223645 14.628540 37.771310 112.834025 49.045798 -157.456214 -21.160703 7.159335 -42.243813 
40.281582 89.705098 117.393458 -14.837971 -72.976005 -12.584091 -25.344652 -12.347823 1.344160 30.729233 -11.609067 -1.276270 -10.500342 3.004598 0.364649 -0.000000 0.000000 0.000000 -13.183852 -1.375769 6.362471 69.610760 -3.254749 -0.001979 6.854307 -1.608676 8.574700 -0.000000 0.000000 0.000000 27.580789 5.078268 -8.955042 11.302932 -0.699204 -0.194619 3.495911 4.588513 1.194595 24.581993 -3.400599 -2.199154 -0.188789 -3.583227 9.682260 -0.000000 0.000000 0.000000 -15.785795 -16.229603 6.303814 -30.661385 -23.556286 -47.512179 110.684068 -46.242437 161.725763 -21.405459 -4.398890 47.595830 -7.728168 18.747969 -12.657203 -24.114509 15.776758 38.731370 113.154296 48.252672 -158.102049 -19.342650 7.052436 -43.139215 
38.084728 89.960504 118.428671 -18.286369 -75.925659 -16.651953 -23.662872 -12.192870 1.889368 32.738573 -10.954998 -1.131717 -13.361045 5.017454 1.339752 -0.000000 0.000000 0.000000 -18.606717 -1.288690 5.666882 75.322629 -6.026095 1.892584 8.342317 -6.849527 9.029682 -0.000000 0.000000 0.000000 28.222211 4.319795 -8.972322 11.134085 -0.158403 0.075294 3.756544 4.329152 1.359372 24.155711 -3.465487 -2.792537 -0.320515 -2.986713 9.168741 -0.000000 0.000000 0.000000 -15.255291 -16.991632 6.894874 -32.997650 -24.215030 -47.235896 109.867051 -46.382212 161.284940 -21.344498 -4.160906 47.567894 -7.683010 18.934135 -12.135259 -23.974642 16.008989 38.932347 111.520828 46.695988 -157.325981 -15.804198 6.988974 -44.268447 
35.708269 90.311599 119.289529 -26.398529 -78.815015 -25.655989 -20.760657 -10.865589 3.208464 33.757583 -10.460258 -0.872884 -16.029865 6.249389 1.925275 -0.000000 0.000000 0.000000 -22.718835 -1.530817 5.226122 78.592099 -6.863464 4.137916 1.761508 -8.040362 6.194556 -0.000000 0.000000 0.000000 28.772415 3.732221 -8.998375 11.844647 0.044789 0.427984 3.518577 4.070759 1.511591 24.418463 -1.837628 -2.961700 -0.399359 -3.602478 8.627202 -0.000000 0.000000 0.000000 -15.370413 -18.100062 7.518225 -34.811764 -24.765048 -47.220400 108.950970 -46.471875 160.668984 -20.476464 -3.585984 47.014749 -7.244451 18.915636 -11.541997 -24.194416 15.337227 39.632151 110.879819 44.757997 -156.911689 -13.751520 6.931226 -45.033613 
33.337733 90.675998 120.010304 -38.954361 -82.160635 -39.379801 -17.780716 -9.296490 4.865908 33.478300 -9.459927 -0.745633 -18.373650 7.340121 2.797973 -0.000000 0.000000 0.000000 -26.845163 -1.261251 5.320492 78.458382 -5.156232 6.009758 -3.289650 -5.667561 4.637011 -0.000000 0.000000 0.000000 28.213421 3.171367 -8.979392 12.701039 0.249532 0.836112 3.468898 3.844677 1.473099 24.909020 0.016507 -3.173281 -0.205164 -4.518768 8.197958 -0.000000 0.000000 0.000000 -15.816785 -18.648258 7.877460 -36.146263 -25.734169 -47.677607 108.991505 -46.763981 160.714662 -20.163782 -3.157409 46.782046 -6.584824 18.243109 -10.703537 -24.126476 15.220028 40.068820 111.900449 43.302689 -157.539828 -14.371472 7.016694 -45.835816 
31.028819 91.075766 120.580924 -68.294484 -84.822603 -69.610069 -14.685469 -7.514993 6.182892 32.395962 -8.219776 -0.894838 -20.175565 8.438606 3.744967 -0.000000 0.000000 0.000000 -30.339838 -0.946410 5.426661 75.143629 -3.497215 7.237667 -5.445982 -3.767490 5.088656 -0.000000 0.000000 0.000000 27.828058 2.487963 -8.973878 13.116109 0.426680 0.950584 3.565973 3.534872 1.394620 25.270724 0.888773 -3.585284 -0.295608 -4.846585 8.004620 -0.000000 0.000000 0.000000 -16.132975 -18.765793 7.838258 -37.362886 -27.024375 -48.091330 109.913046 -47.240534 161.420525 -20.938049 -2.887851 46.992455 -6.012589 17.275388 -9.717546 -23.543653 15.153415 39.501891 113.024823 42.343276 -158.205112 -14.150616 6.953288 -46.754887 
28.696901 91.452968 120.992887 -115.784491 -84.749731 -117.745212 -11.527518 -5.261209 7.256831 30.825134 -6.813385 -1.294238 -21.575522 9.098326 4.322078 -0.000000 0.000000 0.000000 -32.904350 -1.152109 5.462415 69.738437 -3.645788 8.088779 -7.778321 -3.761802 4.718220 -0.000000 0.000000 0.000000 27.917796 1.774032 -8.797710 13.033230 0.493353 0.688462 3.544779 3.177828 1.311178 25.312766 0.984556 -3.971993 -0.526923 -4.796649 8.031472 -0.000000 0.000000 0.000000 -16.168353 -18.615194 7.758810 -38.631670 -27.932926 -48.493831 110.484491 -47.695568 161.683425 -21.670115 -2.886972 47.245459 -5.615139 16.205609 -9.050035 -22.926830 14.499968 38.395606 113.150345 41.518448 -157.982931 -12.200816 6.620525 -47.979006 
26.232472 91.663897 121.247232 -145.882492 -82.162784 -148.337477 -8.596706 -3.029510 7.845321 29.175690 -5.242669 -1.568309 -23.053542 9.754148 4.722497 -0.000000 0.000000 0.000000 -34.301617 -1.742628 5.585006 62.197758 -5.694109 8.631617 -9.824566 -5.571457 3.773173 -0.000000 0.000000 0.000000 27.524285 1.144967 -8.316412 12.630992 0.475861 0.202281 3.737988 2.732795 1.238151 25.142433 0.410917 -4.459445 -0.666362 -4.215786 8.023930 -0.000000 0.000000 0.000000 -16.101547 -18.175801 7.180455 -39.548759 -28.738166 -48.553938 110.606319 -48.312843 161.275523 -21.505117 -3.155936 47.663299 -5.256419 15.301295 -8.605283 -22.411269 13.929332 36.867419 113.092685 41.234646 -157.740666 -10.443974 6.749672 -48.553159 
23.520662 91.687137 121.285570 -159.564038 -78.559734 -162.187998 -5.397780 -1.222998 7.680455 27.254520 -3.578315 -1.731497 -24.759038 10.830399 5.239170 -0.000000 0.000000 0.000000 -34.336137 -2.719692 5.904451 52.526649 -8.687419 8.542855 -10.236638 -7.511219 3.373814 -0.000000 0.000000 0.000000 26.930891 0.766791 -8.085869 12.047317 0.338211 -0.333202 3.952488 2.343249 1.259129 24.684228 -0.356439 -4.794035 -0.999630 -3.537794 8.228761 -0.000000 0.000000 0.000000 -15.875828 -17.744457 6.778408 -40.082163 -29.535144 -48.693536 110.861305 -49.033123 160.838761 -21.407716 -3.786959 48.785164 -5.138249 14.374946 -8.421960 -21.691464 13.383277 35.484322 113.547955 41.217705 -158.176715 -10.050709 7.020488 -48.624052 
20.583466 91.638845 121.062839 -165.875800 -74.997398 -168.402532 -2.260671 0.264927 7.045784 25.590627 -2.249318 -1.732816 -26.350106 11.889483 5.501779 -0.000000 0.000000 0.000000 -32.588615 -4.168620 6.493530 40.329981 -11.990293 7.911504 -9.899307 -9.043295 3.296118 -0.000000 0.000000 0.000000 26.273668 0.549291 -7.963800 11.433280 -0.134353 -0.836109 4.236829 1.864423 1.388493 24.022484 -1.099550 -5.062217 -1.373998 -2.908430 8.546624 -0.000000 0.000000 0.000000 -15.688954 -17.206169 6.350691 -40.141896 -30.277383 -48.842309 111.634008 -49.749977 160.810941 -21.705681 -4.104449 49.543126 -5.322623 13.413004 -8.267697 -20.981174 13.080127 34.419061 114.390663 41.347495 -158.949981 -10.163685 7.041598 -48.760479 
17.442039 91.673696 120.492887 -168.602630 -71.796514 -170.801829 1.026991 1.686473 6.152592 23.846673 -1.560094 -1.446755 -27.397011 12.857754 5.446059 -0.000000 0.000000 0.000000 -29.341197 -5.752490 7.521549 26.201388 -14.582845 6.662742 -9.421253 -10.155062 3.599156 -0.000000 0.000000 0.000000 25.825065 0.372246 -7.993734 10.827756 -0.865101 -1.320366 4.533727 1.338420 1.558407 23.333689 -1.738062 -5.301265 -1.716127 -2.345533 9.018617 -0.000000 0.000000 0.000000 -15.407608 -16.720589 5.905393 -40.124899 -30.931042 -49.147019 112.661260 -50.226756 160.943865 -22.888699 -4.342560 50.032713 -5.722386 12.290694 -8.055419 -20.559342 12.822440 33.837951 114.959166 41.273532 -159.540913 -10.114296 6.815563 -49.030294 
14.138445 91.862124 119.589663 -169.485873 -68.471183 -171.149685 4.686142 3.343890 5.034213 21.898891 -1.114080 -1.047556 -27.688158 13.749942 4.952200 -0.000000 0.000000 0.000000 -25.661925 -6.858863 9.283741 13.140149 -14.528086 4.163367 -9.473192 -10.004908 4.357394 -0.000000 0.000000 0.000000 25.319390 0.282767 -8.388714 10.996225 -1.596505 -1.788790 4.419390 0.877184 1.662569 22.910346 -2.058253 -5.519588 -2.252827 -1.932136 9.383893 -0.000000 0.000000 0.000000 -15.160679 -16.678980 5.585270 -39.639915 -31.259082 -49.211024 113.776695 -50.507891 161.117276 -23.924735 -4.720568 50.787602 -6.253416 11.596807 -8.008203 -20.434734 12.376416 33.361856 115.507333 41.179477 -160.384909 -9.947084 6.300487 -49.169676 
10.715628 92.038417 118.379772 -168.825933 -64.790837 -169.907128 9.012615 5.466061 3.794522 19.932168 -0.418610 -0.802168 -27.039928 14.061520 3.645337 -0.000000 0.000000 0.000000 -22.530035 -6.803056 11.138058 5.491489 -12.850361 1.354538 -9.754672 -8.377686 4.483588 -0.000000 0.000000 0.000000 25.225612 0.103371 -8.726464 11.892110 -2.095236 -2.468639 3.291443 0.506983 1.545753 23.156013 -2.168743 -5.871492 -3.296663 -1.537918 9.499885 -0.000000 0.000000 0.000000 -15.206380 -17.022623 5.192744 -38.530970 -31.083749 -49.031726 114.712699 -50.755623 161.249227 -24.145808 -4.705668 51.053793 -7.011890 11.563864 -8.508194 -20.616095 11.914223 32.874311 116.320698 41.129358 -161.482155 -10.015027 5.786718 -49.355520 
7.174622 91.920501 117.005050 -167.164648 -61.296630 -167.893152 13.253534 6.050591 2.514925 19.660731 -1.405462 -0.625629 -26.076316 14.546120 3.177789 -0.000000 0.000000 0.000000 -20.985936 -4.273635 11.825464 6.820162 -11.570145 1.273111 -9.724174 -11.306046 2.864812 -0.000000 0.000000 0.000000 25.313747 -0.779820 -8.147648 12.467081 -2.104017 -3.296213 2.584231 0.136687 0.888772 22.975434 -3.016321 -6.284697 -3.815234 -0.273898 8.850041 -0.000000 0.000000 0.000000 -14.936131 -17.180696 4.988526 -37.779281 -30.717353 -48.945498 114.438177 -50.655389 160.794486 -24.565578 -4.572183 50.789015 -7.972883 12.115472 -9.779794 -20.971543 12.202211 32.266034 116.182831 41.301101 -162.486575 -10.034442 5.252809 -48.880263 
3.714257 91.469133 115.459347 -167.076498 -59.100295 -168.055752 13.950076 4.672182 2.894510 24.163078 -3.824680 -1.040706 -24.465637 14.081154 1.803405 -0.000000 0.000000 0.000000 -21.235698 -2.259608 12.458057 10.818585 -13.332063 1.475820 -7.051842 -15.057773 2.039366 -0.000000 0.000000 0.000000 24.446784 -1.578067 -6.629016 12.479369 -2.218533 -3.495683 2.360917 -0.234146 0.297395 22.849712 -4.542897 -6.575382 -4.143309 1.042039 8.267835 -0.000000 0.000000 0.000000 -14.406138 -17.352896 4.866354 -37.665243 -30.341909 -50.126369 113.572956 -49.907011 160.094460 -25.278352 -4.504319 50.276384 -8.697042 12.732405 -11.295675 -22.035078 12.513306 31.122339 114.835695 41.619902 -162.525606 -9.800768 5.028773 -48.398219 
0.495560 91.005528 113.709247 -168.421993 -57.610438 -169.619489 10.846583 2.909875 4.612586 33.451403 -7.308368 -2.238745 -19.989985 10.771767 -0.882281 -0.000000 0.000000 0.000000 -22.814009 -1.406245 12.494356 16.178610 -13.915932 2.450246 -3.124760 -15.942770 2.321980 -0.000000 0.000000 0.000000 22.960237 -1.944682 -5.473592 12.019745 -2.447245 -3.097213 2.655084 -0.603786 -0.072945 22.502990 -5.879407 -6.397959 -3.949551 1.695820 8.110647 -0.000000 0.000000 0.000000 -14.011872 -17.567648 4.800237 -37.855998 -30.163196 -52.011708 113.212125 -48.873922 159.593289 -25.662558 -4.768948 50.005489 -9.053952 13.097121 -12.632075 -23.732603 13.000656 30.084791 113.380674 42.070528 -162.309875 -9.342848 4.341871 -48.325568 
-2.280888 90.752453 111.923540 -170.838894 -54.706956 -173.240701 5.203144 1.877937 7.832612 44.474425 -10.602738 -3.587857 -10.245010 5.089955 -5.278142 -0.000000 0.000000 0.000000 -24.925918 -1.160969 14.033522 22.605196 -12.090763 4.354867 -4.186451 -14.949607 -0.652048 -0.000000 0.000000 0.000000 21.874816 -2.055707 -4.303931 11.344215 -2.244386 -2.416996 2.565649 -0.413838 -0.171593 22.031096 -6.485333 -6.427865 -3.736852 2.163784 8.238269 -0.000000 0.000000 0.000000 -14.001224 -18.000863 5.017550 -37.633194 -29.210400 -53.668805 112.688660 -47.326431 159.127452 -25.659076 -4.502129 50.036373 -8.396914 14.343380 -14.243057 -26.576462 13.201320 29.502410 111.956298 42.786878 -161.772417 -9.914358 2.776644 -48.505767 
-5.024733 90.486574 109.996164 -171.777333 -50.835771 -174.965822 0.446326 1.264177 9.947228 53.817475 -13.768739 -4.154279 1.360149 -1.114436 -9.540302 -0.000000 0.000000 0.000000 -23.366710 -2.637433 14.907322 25.685599 -10.490266 5.599668 -7.314681 -11.137660 -3.367175 -0.000000 0.000000 0.000000 21.489391 -1.448302 -4.045835 10.883612 -2.633315 -2.111286 2.280214 -0.066546 -0.210563 22.141017 -6.325666 -6.186541 -4.041532 2.049988 9.093779 -0.000000 0.000000 0.000000 -14.711758 -18.562577 5.613591 -36.611562 -28.273490 -54.296917 112.324123 -46.486293 158.772191 -26.145149 -3.998122 50.432840 -8.017550 15.931427 -15.922038 -29.192973 13.372524 30.251774 111.036682 43.966047 -161.035199 -11.327424 -0.733154 -48.329834 
-7.572551 90.321445 108.063900 -173.222411 -47.094855 -176.494001 -4.836727 -0.701649 10.851585 62.085383 -13.610641 -4.996175 9.658059 -2.466832 -10.800315 -0.000000 0.000000 0.000000 -21.692045 -3.195473 15.618717 27.224144 -8.495457 5.761785 -10.576415 -8.321893 -5.144228 -0.000000 0.000000 0.000000 20.651781 -0.469233 -4.270044 9.573887 -2.868553 -1.870951 3.178417 0.175747 -0.350368 21.943641 -6.316903 -5.507939 -3.073377 1.582009 9.570232 -0.000000 0.000000 0.000000 -15.275123 -18.632559 6.191883 -36.376402 -28.219474 -55.420717 111.533339 -46.032015 157.907461 -26.602073 -3.448011 50.661805 -8.196887 16.652140 -16.969802 -30.836395 14.434796 31.521837 109.808469 45.546018 -160.013201 -14.189362 -3.484077 -47.164586 
-9.953400 90.559304 106.099463 -173.236362 -42.644064 -177.228017 -8.481588 -2.218275 11.684821 69.070900 -11.332954 -5.460218 3.305491 2.544232 -7.562995 -0.000000 0.000000 0.000000 -18.756798 -2.220359 16.567765 27.623115 -5.024424 6.119839 -12.834296 -7.670753 -5.586455 -0.000000 0.000000 0.000000 20.676539 0.495183 -4.441091 9.252913 -2.636577 -1.753035 3.757322 0.887758 -0.376253 21.341229 -6.614399 -5.051053 -2.335985 1.509665 9.639181 -0.000000 0.000000 0.000000 -15.551795 -18.839753 6.709655 -36.433002 -27.849988 -55.943069 111.580872 -45.704938 158.000846 -27.681102 -2.962384 50.926203 -8.117276 17.658243 -17.683745 -31.940157 15.344757 32.292331 108.316895 47.273492 -158.615237 -16.439576 -5.458211 -45.684391 
-12.137096 91.032171 104.092622 -172.978856 -38.460715 -177.814614 -12.186542 -3.441889 12.360976 73.738565 -7.898253 -4.930889 -2.851570 7.344216 -3.782657 -0.000000 0.000000 0.000000 -15.110328 -1.403457 17.520302 26.879406 -1.919698 5.614320 -14.093574 -6.748890 -5.241459 -0.000000 0.000000 0.000000 21.068111 1.341703 -4.488580 9.266220 -2.483856 -1.793007 4.097419 1.628534 -0.293895 20.579614 -6.860242 -4.924253 -2.076695 1.721133 9.813785 -0.000000 0.000000 0.000000 -15.938540 -18.919169 6.886094 -36.526727 -27.445460 -56.378027 111.901278 -45.092806 158.372036 -28.843968 -2.790676 50.964256 -7.863171 18.720502 -18.186473 -32.592282 16.171045 33.008904 107.393272 48.995776 -157.078668 -18.172601 -6.609475 -44.752485 
-14.130338 91.585463 102.123737 -172.878386 -34.686297 -178.044339 -15.943147 -5.598070 11.907874 75.362819 -5.458730 -4.377744 -6.351340 10.785780 0.120425 -0.000000 0.000000 0.000000 -11.426121 -0.986572 18.292953 25.724466 0.840970 3.731496 -14.963872 -5.834393 -4.637422 -0.000000 0.000000 0.000000 21.551474 2.456400 -4.969143 9.273583 -2.492152 -1.859780 4.528500 2.133077 -0.078105 19.682314 -6.944029 -4.755244 -1.934076 1.866301 10.151576 -0.000000 0.000000 0.000000 -16.350545 -19.149578 7.047644 -36.676408 -27.330634 -56.534286 111.669344 -44.519112 158.399096 -28.808757 -2.827397 51.292741 -7.625880 19.657986 -18.743007 -32.501332 16.624396 33.693918 106.755200 50.631328 -155.663932 -20.603327 -6.457053 -44.050045 
-16.011274 92.098773 100.242317 -172.504701 -31.204159 -177.965368 -19.194961 -7.911850 11.007116 74.269313 -4.615243 -3.416643 -9.666455 12.297552 2.784232 -0.000000 0.000000 0.000000 -7.416917 0.123600 18.710811 23.847356 3.998688 1.876667 -15.804089 -5.911395 -4.133025 -0.000000 0.000000 0.000000 22.571459 3.588873 -5.319931 9.260695 -2.430081 -1.959437 4.799173 2.643477 0.061298 18.754213 -7.057083 -4.559021 -1.706130 1.874572 10.450827 -0.000000 0.000000 0.000000 -16.952972 -19.355648 6.840901 -36.880417 -27.734319 -56.264440 111.026712 -44.376268 158.132439 -28.111269 -3.030668 51.561904 -7.456752 20.426016 -18.961128 -31.721092 16.834401 33.606072 106.561065 52.069166 -154.622526 -23.034947 -5.354875 -43.444377 
-17.840938 92.488664 98.494196 -171.936168 -28.143028 -177.650765 -22.029428 -9.799590 9.778977 70.581307 -4.963069 -1.812703 -10.977953 11.892787 3.340468 -0.000000 0.000000 0.000000 -3.538120 0.700940 18.137954 22.463820 6.377121 0.710291 -16.687610 -5.018487 -3.237312 -0.000000 0.000000 0.000000 24.072045 4.549416 -5.341470 9.083940 -2.474828 -2.099642 5.154267 3.144348 0.159520 17.775157 -6.787384 -4.555291 -1.538639 1.355495 10.467275 -0.000000 0.000000 0.000000 -17.691169 -19.359606 6.714817 -37.055868 -28.160897 -56.127218 110.372333 -44.338792 158.014115 -27.411321 -3.505976 51.629631 -7.404006 20.876017 -18.988772 -31.003675 16.939094 33.089976 106.879899 53.125507 -153.686550 -24.333844 -2.944200 -43.646405 
-19.637729 92.693722 96.759796 -171.664051 -25.717734 -177.476052 -24.376538 -11.649609 8.505176 64.170310 -6.045629 -0.347741 -10.421647 11.137984 2.703354 -0.000000 0.000000 0.000000 -0.660564 1.270171 17.236236 21.948054 8.015813 0.081426 -17.794313 -4.175321 -2.544477 -0.000000 0.000000 0.000000 25.435013 5.213154 -5.096995 8.826796 -2.547375 -2.069675 5.287957 3.528648 0.244748 17.024027 -6.433904 -4.557061 -1.322461 0.452622 10.314262 -0.000000 0.000000 0.000000 -18.138980 -19.090907 6.654421 -37.253635 -28.683163 -55.990710 109.859115 -44.345145 158.098309 -27.023195 -4.106472 51.640360 -7.271396 20.966997 -18.647452 -30.293559 17.133348 32.316166 106.553887 53.616819 -151.958915 -23.645632 0.690392 -45.081392 
-21.404581 92.669976 94.838995 -171.725463 -23.929774 -177.411942 -25.716902 -13.430786 7.260316 55.056302 -7.183235 0.935275 -9.483570 11.001097 1.828758 -0.000000 0.000000 0.000000 1.665385 1.864383 16.466002 21.742609 9.223019 -0.598257 -19.333250 -3.634846 -2.035114 -0.000000 0.000000 0.000000 26.235329 5.742128 -4.865379 8.791556 -2.723631 -1.767510 5.107093 3.815120 0.422193 16.417320 -6.257407 -4.345074 -1.356233 -0.976298 10.344661 -0.000000 0.000000 0.000000 -18.494207 -18.830731 6.559460 -37.376279 -29.172671 -55.745926 109.446589 -44.375484 158.191535 -26.538799 -4.520706 51.531574 -7.227914 20.851153 -17.950858 -29.501034 17.088489 31.627758 105.303133 53.226667 -149.834306 -20.514235 2.770274 -46.578715 
-23.228560 92.439389 92.506123 -171.333160 -22.807014 -177.338536 -24.818046 -14.397876 6.625526 43.125248 -9.034360 2.526502 -8.568365 10.838048 0.862151 -0.000000 0.000000 0.000000 4.861660 2.270920 16.026172 21.130867 10.330622 -1.317849 -21.174097 -3.361046 -1.715128 -0.000000 0.000000 0.000000 27.028039 6.190166 -4.299785 8.863875 -2.963500 -1.362287 4.730775 4.036932 0.783433 15.806060 -6.377080 -4.007428 -1.562836 -2.631733 10.625390 -0.000000 0.000000 0.000000 -18.923912 -18.769529 6.498938 -37.377295 -29.326529 -55.585435 109.079715 -44.352407 158.114718 -25.986457 -4.655457 51.609064 -7.247649 20.770881 -17.490820 -28.382355 16.307627 31.330998 105.508660 52.547213 -149.521799 -18.333245 3.759204 -48.435059 
-25.130510 92.029339 89.647472 -170.345025 -22.320748 -177.456195 -21.833182 -14.105996 6.886702 28.855428 -11.968126 4.310001 -6.856951 10.031640 -0.678107 -0.000000 0.000000 0.000000 9.186527 2.488525 16.104533 19.935062 11.587863 -1.914016 -22.947502 -3.235479 -1.607780 -0.000000 0.000000 0.000000 27.841080 6.491495 -3.056832 8.828986 -3.207804 -0.918859 4.432199 4.246773 1.340507 15.039247 -6.823563 -3.931454 -1.853418 -4.192941 11.141391 -0.000000 0.000000 0.000000 -19.360311 -18.687037 6.894146 -37.274136 -28.810561 -55.718170 108.852101 -44.355909 158.151585 -25.957229 -4.604098 51.819464 -7.383077 20.640869 -17.604178 -27.310709 14.756215 31.693363 107.364886 51.936341 -151.009429 -17.967581 4.524617 -49.788080 
-27.118319 91.488618 86.272603 -169.414772 -21.944028 -177.665613 -18.238904 -12.980040 7.514548 14.096065 -15.635770 4.640811 -6.324549 8.781776 -1.964848 -0.000000 0.000000 0.000000 13.520748 2.472816 16.095523 19.168553 13.089133 -2.261946 -24.614789 -3.016230 -1.503566 -0.000000 0.000000 0.000000 27.730731 6.753022 -1.716617 8.802144 -3.434272 -0.383280 4.416977 4.531186 1.864211 14.425858 -7.260513 -3.980382 -2.140194 -5.889221 11.545657 -0.000000 0.000000 0.000000 -19.700043 -18.541436 7.531851 -37.124149 -28.005136 -55.962305 108.725451 -44.373086 158.114357 -26.266198 -4.345780 51.819471 -7.506728 20.300324 -17.695241 -26.642797 12.975746 32.227233 108.863409 51.136018 -152.559509 -17.372865 4.391306 -50.746068 
-29.168695 90.948379 82.552755 -169.024832 -21.576579 -177.462715 -16.788846 -12.346895 7.334427 4.376081 -16.924102 2.237151 -8.711175 7.769607 -2.139045 -0.000000 0.000000 0.000000 16.493652 2.438642 15.306693 20.098471 14.196017 -2.288590 -26.208193 -3.017737 -1.392941 -0.000000 0.000000 0.000000 26.642344 7.052726 -0.982377 8.790038 -3.840463 0.337880 4.490818 4.737520 2.023709 14.025548 -7.601566 -3.869168 -2.490502 -7.703584 11.599167 -0.000000 0.000000 0.000000 -20.021197 -18.278149 7.959330 -36.913607 -27.683481 -55.658667 108.769898 -44.723295 158.049887 -26.521929 -4.005569 51.397090 -7.820178 19.416457 -17.087866 -26.308838 11.905873 32.217656 109.060311 50.282016 -153.356194 -16.051126 3.670606 -51.521510 
-31.150258 90.569681 78.634018 -168.653697 -21.657940 -176.848457 -17.729781 -10.699478 5.648909 3.198501 -13.068147 -0.092082 -8.543497 6.419848 -4.240625 -0.000000 0.000000 0.000000 18.384805 2.449201 14.567642 22.697748 13.735064 -2.549453 -26.732726 -2.939517 -1.362667 -0.000000 0.000000 0.000000 25.444759 7.370616 -0.665204 8.870209 -4.490142 1.252914 4.454107 4.725728 2.029404 13.796697 -8.133749 -3.571020 -2.979265 -9.515077 11.524292 -0.000000 0.000000 0.000000 -20.183633 -18.383556 8.311936 -36.687371 -27.571004 -55.130056 108.663604 -45.122842 157.929912 -25.988971 -3.861096 50.224508 -8.413447 18.339531 -15.995789 -26.062830 10.786841 31.709031 108.906739 49.208042 -154.454016 -14.327653 2.953738 -51.429676 
-33.010206 90.378278 74.648368 -169.358288 -22.108787 -176.226528 -20.448562 -8.478049 2.738355 7.862821 -13.830442 0.181809 -1.469585 -2.661588 -6.531065 -0.000000 0.000000 0.000000 17.907559 1.518723 13.669272 27.385823 12.324946 -3.063610 -25.203828 -2.364758 -1.516057 -0.000000 0.000000 0.000000 22.752178 7.482192 -1.071485 9.892355 -5.085444 2.469146 3.754081 4.404963 2.024582 14.326430 -8.589520 -2.951813 -3.637980 -11.231855 11.619338 -0.000000 0.000000 0.000000 -19.900114 -18.515635 8.579675 -36.311864 -28.057217 -53.953588 108.642685 -45.752922 158.083500 -25.041060 -3.409129 49.427241 -8.596462 17.232253 -14.809541 -26.110205 9.495505 31.347434 108.581919 48.146028 -155.777938 -12.333504 2.650390 -50.425419 
-34.835520 90.185106 70.420194 -170.115338 -21.092076 -175.748058 -20.533809 -11.553656 -0.341762 10.865523 -19.042564 2.263622 4.186234 -5.044764 -9.273117 -0.000000 0.000000 0.000000 16.088898 1.235986 12.144908 34.050056 10.631505 -3.264100 -21.216692 -1.912403 0.286641 -0.000000 0.000000 0.000000 19.936863 7.921693 -2.274453 10.453440 -5.197882 3.624335 3.567245 4.187906 2.042449 14.953080 -7.849198 -1.726026 -3.767098 -13.583695 11.335491 -0.000000 0.000000 0.000000 -19.695599 -18.306179 8.834769 -35.750446 -29.413187 -53.195432 108.238262 -45.853353 158.062316 -24.758858 -2.996392 48.675044 -9.635984 15.876483 -12.954407 -25.462798 9.024133 31.026992 107.589482 46.931777 -156.410405 -11.525691 2.211398 -49.644995 
-36.584738 90.107095 66.377836 -171.059982 -18.303149 -174.029397 -22.070698 -18.637331 -4.028891 17.064473 -17.350181 0.672758 0.425820 5.036354 -4.029617 -0.000000 0.000000 0.000000 11.558184 1.284645 7.668957 43.931074 8.873395 -2.075379 -12.824476 -1.318833 4.869278 -0.000000 0.000000 0.000000 18.029173 8.760176 -5.128643 9.709113 -5.064790 4.309280 4.466302 4.016854 1.645323 14.601708 -7.323377 -0.246277 -3.356730 -15.433720 10.987514 -0.000000 0.000000 0.000000 -19.132870 -17.931841 8.949714 -35.629074 -31.267939 -51.662753 108.239884 -46.104449 158.320158 -24.271447 -3.344525 48.336673 -10.808488 13.987479 -10.889665 -24.554536 10.086777 30.992996 104.831714 45.680053 -156.102064 -11.403022 1.746190 -48.669131 
-38.022172 90.201735 62.711376 -171.573338 -15.902075 -171.883476 -24.010586 -20.685391 -7.311319 22.982213 -14.111849 -2.462121 -3.029852 7.574051 -0.040097 -0.000000 0.000000 0.000000 5.403511 0.346599 2.354644 54.520930 5.725379 -0.973074 0.432210 1.930063 10.631987 -0.000000 0.000000 0.000000 18.350869 8.823234 -7.470332 7.524535 -5.117428 4.010162 5.332349 3.636146 1.323540 13.891685 -7.841049 0.267097 -3.497726 -16.293668 10.936281 -0.000000 0.000000 0.000000 -18.377227 -17.938618 9.497438 -35.652451 -31.707365 -50.301524 108.385968 -46.728551 158.802045 -22.310554 -4.295678 48.118044 -11.780445 12.619465 -10.156592 -24.124495 10.381736 32.169527 103.671180 44.954819 -156.798528 -10.501177 1.852897 -47.267725 
-39.080948 90.411073 59.224099 -172.091117 -12.028436 -171.703794 -22.000722 -17.286969 -7.597549 25.707226 -12.332815 -1.634491 -6.653372 6.828703 2.525281 -0.000000 0.000000 0.000000 -1.464877 0.499665 0.123620 63.204287 2.978314 -1.986800 16.848138 4.104899 12.962902 -0.000000 0.000000 0.000000 18.878451 7.502283 -7.625994 5.262411 -3.910697 3.042668 5.666056 3.734951 1.290922 13.312781 -9.712076 -0.868476 -4.150672 -14.854457 10.513766 -0.000000 0.000000 0.000000 -17.732331 -17.308899 9.591290 -35.913161 -30.555147 -49.814283 109.151103 -46.994397 159.327777 -20.930499 -4.463884 48.486131 -12.268230 12.551879 -10.221626 -24.405449 10.922065 33.807912 104.009460 45.162894 -157.588684 -8.366951 2.517756 -47.414298 
-39.846432 90.714073 56.131774 -173.640768 -7.461492 -172.786333 -20.125046 -14.149215 -5.766870 26.602671 -11.550791 -1.728022 -9.869924 6.919289 4.879298 -0.000000 0.000000 0.000000 -10.263363 1.432465 -0.244119 71.799500 1.009455 -2.324831 17.563686 -3.289435 10.473382 -0.000000 0.000000 0.000000 17.455500 5.692156 -6.865415 4.288889 -2.236989 2.515108 6.302800 3.820006 1.000533 12.001490 -10.842570 -1.922729 -4.298940 -13.181213 9.624497 -0.000000 0.000000 0.000000 -16.745706 -16.366896 9.475352 -36.887467 -29.433357 -49.776342 109.678151 -46.583935 159.556247 -22.174738 -4.472278 49.338163 -11.457568 13.176932 -10.080735 -25.724269 12.209500 35.373029 102.755845 45.479936 -157.268635 -6.104339 2.355575 -48.961148 
-40.485126 91.330373 53.146154 -173.876013 -4.257334 -173.221361 -17.005948 -12.349097 -4.986155 26.301470 -10.701953 -1.597001 -11.946595 7.180783 5.588090 -0.000000 0.000000 0.000000 -16.699419 1.203560 -1.208857 76.681343 -2.359079 -1.966499 5.903630 -9.531972 5.989456 -0.000000 0.000000 0.000000 17.492188 4.274199 -6.323598 4.566642 -1.932985 2.169401 5.981126 3.312468 0.791126 10.967679 -10.358669 -1.942889 -4.594510 -13.081371 9.014146 -0.000000 0.000000 0.000000 -15.938223 -16.571448 9.247486 -37.609124 -28.580664 -50.362140 109.627532 -45.928333 159.504733 -23.336003 -4.497797 49.583551 -10.817591 13.904071 -9.735422 -26.638115 12.056215 37.782525 101.734438 45.369724 -157.230649 -5.487424 1.916052 -49.616913 
-40.934241 92.058855 50.127727 -172.856880 -1.739715 -174.198168 -11.826320 -11.271794 -3.772422 24.404552 -10.524547 -1.373250 -13.585353 7.975325 6.174962 -0.000000 0.000000 0.000000 -20.655702 0.981706 -2.008281 77.069707 -3.593991 -0.453556 -2.290344 -9.678684 2.563186 -0.000000 0.000000 0.000000 18.988799 3.063878 -5.320911 4.935113 -2.097798 2.163832 5.503469 2.704015 0.862714 9.978619 -9.305559 -1.693796 -4.773094 -13.460311 8.617258 -0.000000 0.000000 0.000000 -15.810353 -17.000280 8.623891 -38.105472 -28.153768 -51.877203 109.411857 -45.485574 159.082571 -23.000895 -4.413607 49.896894 -10.559354 13.991360 -9.107020 -27.021950 11.279674 40.212462 101.808090 45.279315 -157.682958 -6.449285 1.978890 -49.811732 
-41.166565 92.622280 47.164986 -172.758332 1.240775 -175.694722 -7.360493 -10.504670 -2.593197 22.099914 -10.534565 -0.635735 -15.181736 9.875400 7.352151 -0.000000 0.000000 0.000000 -24.709215 1.867906 -1.893223 73.984533 -2.276284 1.303531 -6.516883 -8.158683 1.519982 -0.000000 0.000000 0.000000 19.571860 1.886026 -4.300757 4.813469 -1.950092 2.464410 5.370908 2.281137 1.008997 8.972130 -7.936723 -1.498172 -4.816680 -13.515186 8.058634 -0.000000 0.000000 0.000000 -15.751598 -16.702679 7.920836 -38.856697 -28.265470 -53.739824 109.021046 -45.209793 158.562822 -22.448032 -3.891182 50.240051 -10.227970 13.216347 -7.981153 -27.250467 11.257952 42.217202 101.582933 45.402423 -157.584124 -7.481397 1.843883 -50.070619 
-41.118994 93.083256 44.157952 -173.051477 4.186597 -177.073758 -3.403177 -8.873946 -1.498596 19.703168 -10.077280 0.307365 -16.359987 10.843449 7.652445 -0.000000 0.000000 0.000000 -28.021600 2.706021 -1.598053 67.970667 -2.129910 3.061643 -9.467547 -7.350164 1.088977 -0.000000 0.000000 0.000000 19.900715 0.731941 -3.447848 4.518440 -1.853370 2.722939 5.086768 1.931129 1.273855 7.889040 -6.624892 -1.330412 -5.048892 -13.346775 7.652014 -0.000000 0.000000 0.000000 -15.499325 -16.143617 7.361899 -39.738769 -28.491477 -55.213278 108.689173 -45.299465 158.269123 -22.127678 -3.612704 50.148313 -9.844525 12.143636 -6.651918 -27.127308 11.070553 43.675125 101.156087 45.751371 -157.348748 -7.967661 1.861020 -49.786017 
-40.811157 93.562144 41.010627 -173.215175 6.666617 -178.205325 0.221510 -6.833733 -0.298243 17.651612 -9.778142 0.712437 -16.959038 11.047757 7.077996 -0.000000 0.000000 0.000000 -29.618653 2.595137 -1.499129 59.135621 -4.209100 4.429186 -10.311234 -8.975049 -0.011278 -0.000000 0.000000 0.000000 20.401141 -0.160297 -2.758144 4.094887 -1.998525 2.897516 4.837176 1.430829 1.854971 6.437437 -6.213492 -1.394715 -5.428928 -12.735285 7.787083 -0.000000 0.000000 0.000000 -14.846264 -15.717046 6.750131 -40.800060 -28.656199 -56.049078 108.732331 -45.444119 158.235572 -22.426673 -3.721066 50.306298 -9.462320 11.086272 -5.369990 -26.601350 10.431684 44.351868 100.573642 46.322820 -157.148190 -7.875356 1.912334 -49.906301 
-40.268487 94.038320 37.683681 -173.396738 8.884607 -178.968058 3.174222 -4.805570 0.608984 16.518020 -9.603721 0.826609 -17.478762 11.116793 6.252068 -0.000000 0.000000 0.000000 -29.473793 1.155666 -1.544347 47.364465 -7.531752 4.758825 -9.002866 -11.300517 -0.667386 -0.000000 0.000000 0.000000 20.716717 -0.613939 -2.377492 3.447640 -2.365322 2.955449 4.996457 0.900479 2.681796 4.465571 -6.420895 -1.605901 -5.662983 -12.041038 8.294471 -0.000000 0.000000 0.000000 -14.125663 -15.276213 6.051903 -41.774469 -28.840572 -56.711242 108.965326 -45.551918 158.111370 -22.595809 -3.922855 50.779050 -9.261617 9.858385 -4.109778 -25.869194 9.526757 44.482395 100.174100 47.020509 -157.186594 -7.719237 1.813814 -50.018402 
-39.482546 94.502813 34.231800 -173.997883 10.877644 -179.209431 5.238350 -2.878265 1.107197 16.021029 -8.919798 0.925153 -18.003327 10.625167 5.103370 -0.000000 0.000000 0.000000 -28.181153 -1.248665 -1.380265 32.807761 -11.868789 4.059791 -4.861808 -12.597129 0.304897 -0.000000 0.000000 0.000000 20.263199 -0.748942 -2.528401 2.813969 -3.034922 3.057098 5.187602 0.309018 3.704497 2.874802 -6.813852 -1.844575 -6.080901 -11.442610 8.827735 -0.000000 0.000000 0.000000 -13.104734 -14.740306 5.308809 -42.413693 -29.105869 -57.439943 109.547249 -45.645155 158.172603 -22.361743 -4.258881 51.020719 -9.084019 8.424862 -2.673402 -25.100986 8.873836 44.401231 100.098842 47.974329 -157.339922 -7.744526 2.044036 -49.995703 
-38.463292 94.962859 30.720130 -174.373528 12.601835 -178.874414 7.348999 -1.533018 1.053371 15.675769 -8.312689 0.813889 -18.557605 10.422359 4.025569 -0.000000 0.000000 0.000000 -25.538398 -3.892815 -0.662596 17.190319 -15.530095 2.299568 -2.213720 -13.373139 1.370362 -0.000000 0.000000 0.000000 19.402381 -0.547735 -3.351669 2.830185 -3.898164 3.204381 5.375896 -0.307446 4.723254 1.372908 -6.936558 -1.806909 -6.515322 -11.502052 9.245206 -0.000000 0.000000 0.000000 -11.922484 -14.558657 4.794205 -42.784296 -29.609931 -58.182040 109.697870 -45.920890 157.806800 -21.814975 -4.921715 51.514732 -8.935229 7.000288 -1.421995 -24.097439 8.098741 44.317286 99.526222 48.876678 -157.126874 -7.826613 1.986897 -50.293721 
-37.185624 95.225722 27.049416 -174.025953 14.224941 -178.441461 10.383040 -0.393290 0.739329 15.189741 -8.086745 0.626852 -18.984098 10.668251 2.968896 -0.000000 0.000000 0.000000 -22.231106 -6.322263 0.215810 4.711697 -17.717965 0.275542 -1.692020 -12.287515 2.489934 -0.000000 0.000000 0.000000 18.640606 -0.110958 -4.321849 3.433564 -4.778130 3.306357 5.243311 -0.902889 5.513148 0.272117 -6.714949 -1.684923 -6.950811 -12.380262 9.452288 -0.000000 0.000000 0.000000 -10.890842 -14.967047 4.517320 -42.293724 -29.882785 -58.763652 109.638896 -46.489322 157.112769 -21.033887 -5.553055 52.229446 -8.958103 5.869546 -0.332204 -22.751141 6.723876 44.326257 99.290618 49.527560 -156.962816 -8.229954 2.067098 -50.223185 
-35.790005 94.987184 23.236391 -173.612910 16.298752 -178.010131 13.306950 0.587350 0.142962 15.363306 -7.390430 0.369502 -19.102580 11.020683 2.043011 -0.000000 0.000000 0.000000 -21.375329 -6.765143 0.933004 1.991458 -18.108184 -1.207266 -3.486853 -10.744979 4.005549 -0.000000 0.000000 0.000000 17.649444 0.097533 -4.844511 3.867439 -5.139494 3.200830 4.697590 -1.304271 5.656104 -0.581075 -6.521440 -1.665504 -7.120503 -13.489118 9.216038 -0.000000 0.000000 0.000000 -10.186160 -15.148150 3.972110 -41.119627 -30.300007 -59.313552 109.578845 -47.401694 156.151184 -20.636454 -5.794969 52.568862 -8.938372 4.785776 0.772680 -20.930597 5.661815 44.221063 99.249300 49.926913 -156.855032 -8.262478 2.167713 -50.266582 
-34.359920 94.132572 19.291946 -172.818669 19.256805 -178.274068 16.263028 1.664132 -0.114365 16.577438 -6.240612 -0.435996 -18.507463 11.277684 1.461826 -0.000000 0.000000 0.000000 -19.047350 -4.444373 1.809287 2.749344 -17.342855 -1.023164 1.335594 -10.610329 3.342489 -0.000000 0.000000 0.000000 16.753792 -0.596906 -4.380127 4.225355 -4.653241 3.011058 3.845190 -1.453415 5.350400 -1.700012 -7.057191 -2.435480 -7.511234 -13.297997 8.584090 -0.000000 0.000000 0.000000 -9.503744 -14.891553 3.538912 -39.285131 -29.993237 -59.410225 109.722066 -48.142641 155.604030 -20.932419 -5.756907 52.129764 -8.704266 4.461898 1.316236 -19.106211 5.443309 44.177921 98.722178 50.224988 -156.491249 -7.233159 2.077130 -50.385830 
-32.767373 93.007654 15.287806 -172.176608 22.741033 -179.410968 17.761246 2.737117 0.258705 20.321577 -4.700436 -1.589064 -17.236586 11.541666 0.830280 -0.000000 0.000000 0.000000 -18.148805 -0.504468 3.502192 5.421008 -14.686605 -1.226397 5.401987 -13.419115 1.577887 -0.000000 0.000000 0.000000 15.106366 -1.844059 -2.958695 4.468895 -4.083418 2.978947 3.607733 -1.699620 4.918278 -3.107664 -8.078368 -3.782971 -7.934170 -11.332342 7.775266 -0.000000 0.000000 0.000000 -8.391556 -14.168478 2.832753 -37.105982 -28.945590 -58.723044 109.766036 -48.496179 155.002084 -21.656828 -6.269966 51.555794 -8.152743 4.848395 1.863355 -17.875450 6.631733 44.063279 96.975636 50.795162 -154.744614 -5.334512 1.942680 -50.528566 
-31.080708 92.305231 11.682179 -173.216140 26.188614 179.580136 14.614579 2.197304 0.571230 28.816987 -2.598632 -2.192988 -14.267635 12.020890 0.421723 -0.000000 0.000000 0.000000 -20.137992 2.503420 5.393691 11.542919 -11.278953 -0.500248 2.948503 -15.214944 -0.877899 -0.000000 0.000000 0.000000 12.611527 -2.966770 -1.207922 3.838535 -3.941370 3.562907 4.016416 -2.288995 4.344770 -5.065313 -8.115899 -4.596419 -7.789978 -9.513873 6.442660 -0.000000 0.000000 0.000000 -7.009424 -13.379030 1.764362 -34.344313 -27.867827 -58.162436 108.808773 -48.577507 153.271680 -21.113904 -7.525951 51.857018 -7.185613 5.193167 3.063884 -17.057041 8.156476 43.661944 93.974389 51.715275 -151.258016 -3.443676 2.168855 -50.762357 
-29.295719 92.398626 8.519481 -173.652419 29.919263 177.291468 10.000988 0.931636 2.615588 39.132330 0.065593 -4.171191 -6.317731 11.760035 -2.504438 -0.000000 0.000000 0.000000 -21.583586 5.039959 8.393638 17.433694 -9.535654 1.134383 -0.432526 -16.266529 -2.874728 -0.000000 0.000000 0.000000 11.399348 -3.747626 1.096694 4.033296 -3.985100 4.800178 3.707681 -2.866435 3.987979 -6.414961 -8.206161 -5.231577 -8.130011 -7.665209 5.800698 -0.000000 0.000000 0.000000 -5.361312 -13.906230 0.970880 -30.975146 -26.295570 -57.911782 106.115835 -49.199342 150.161468 -18.902799 -9.020301 52.729710 -5.787071 6.752376 3.495658 -16.139655 8.800131 43.514698 89.982026 53.249843 -146.922419 -2.579911 1.948970 -50.278128 
-27.396286 92.634094 5.622399 -173.601243 33.681069 175.595724 4.708239 -0.226076 4.180015 49.812770 0.418810 -5.958155 3.637569 10.211750 -5.605287 -0.000000 0.000000 0.000000 -20.452877 4.574039 10.169827 19.751761 -8.466385 2.394961 -3.420179 -13.955394 -3.677066 -0.000000 0.000000 0.000000 10.639435 -3.357465 2.038624 3.739412 -4.705968 5.832593 3.573825 -3.760027 3.903246 -5.997005 -8.586570 -5.367462 -8.644004 -6.619867 6.162005 -0.000000 0.000000 0.000000 -4.215238 -15.070735 0.416672 -27.336819 -24.992299 -57.741513 102.465601 -51.268093 145.030726 -17.516619 -8.751349 53.907343 -4.877291 8.040736 3.625303 -14.617539 8.571813 44.038255 89.504312 55.560107 -144.482440 -6.570173 1.960447 -48.977207 
-25.608447 92.923462 2.947473 -173.638711 36.874290 174.632241 -1.011485 -1.630511 4.785397 58.593783 -0.391267 -6.543339 14.303338 7.128716 -8.192586 -0.000000 0.000000 0.000000 -18.697549 4.374209 11.703861 20.456994 -6.908328 2.124248 -5.924989 -12.329606 -4.269672 -0.000000 0.000000 0.000000 9.497064 -2.662226 2.526916 3.335060 -5.441725 6.738320 3.991958 -4.899738 3.315536 -5.305252 -9.186458 -5.303473 -8.254597 -6.505137 6.469738 -0.000000 0.000000 0.000000 -3.700997 -15.505611 -0.620294 -24.079419 -25.182310 -57.484565 98.016250 -55.108181 137.609328 -18.238571 -7.061851 53.629194 -4.449574 8.215900 4.350894 -11.904412 9.265801 44.623269 93.463803 58.793378 -145.982650 -14.419327 2.716928 -48.431722 
-24.088554 93.258280 0.360703 -172.774223 40.787480 173.194335 -5.667478 -2.180839 5.099552 65.956017 -1.865657 -7.067791 11.205855 6.930919 -6.971264 -0.000000 0.000000 0.000000 -16.194109 4.872171 12.688371 20.662675 -3.920201 2.051513 -7.970119 -11.526898 -4.308663 -0.000000 0.000000 0.000000 9.191581 -1.767705 3.320564 3.152275 -5.700274 7.391153 4.300008 -5.519536 2.324902 -4.564532 -9.835936 -5.370923 -8.118818 -6.568844 6.410947 -0.000000 0.000000 0.000000 -3.662264 -15.518078 -1.955763 -21.230806 -25.196104 -57.211583 93.691079 -60.100052 129.142783 -21.896384 -4.848696 50.711032 -3.742194 7.979780 5.157543 -9.032017 9.833441 45.105409 98.495290 61.975738 -148.175752 -21.291587 3.067988 -48.437132 
-22.745304 93.644977 -2.137991 -170.937616 46.302969 171.376436 -9.102021 -2.019448 5.135589 70.602896 -1.870742 -8.219765 2.787340 8.259360 -3.806731 -0.000000 0.000000 0.000000 -13.256664 4.869530 12.685084 21.162899 -0.646381 1.915204 -9.440480 -8.899842 -3.480610 -0.000000 0.000000 0.000000 9.604924 -0.665910 3.680913 3.139331 -5.603628 7.698516 4.393170 -5.503266 1.370883 -3.614905 -9.790357 -5.508849 -8.484802 -6.667756 6.319287 -0.000000 0.000000 0.000000 -3.702965 -15.298713 -3.193560 -18.009956 -24.315228 -56.786126 88.904335 -65.625587 120.118238 -27.354298 -3.103343 45.885484 -2.560251 8.105698 6.305582 -6.699049 9.838709 45.039225 100.965182 64.899357 -146.897521 -24.315589 2.616221 -47.617677 
-21.494633 94.060099 -4.378238 -169.099916 52.765397 169.646042 -12.748564 -2.185128 5.238415 72.682773 -0.671175 -9.591730 -2.273722 9.685957 -1.600547 -0.000000 0.000000 0.000000 -10.337909 4.966978 12.668824 20.522818 2.885669 0.326333 -10.116409 -5.753073 -2.509585 -0.000000 0.000000 0.000000 9.996719 0.378420 3.685377 3.139544 -5.606102 7.774768 4.116663 -5.333879 0.413245 -2.711571 -9.080765 -5.749856 -8.654944 -6.463689 6.305324 -0.000000 0.000000 0.000000 -3.270915 -14.815775 -4.384489 -14.105635 -22.587385 -55.561442 79.678784 -70.180333 107.073800 -31.655976 -2.088174 40.229584 -1.291242 8.699426 7.908355 -4.636434 10.031158 44.364102 98.746320 67.638602 -139.875501 -24.577312 2.105549 -45.861013 
-20.221178 94.532144 -6.444591 -166.389012 58.659772 166.984125 -15.588235 -3.397611 5.343385 72.118608 0.276673 -10.229417 -5.567517 12.152722 0.295806 -0.000000 0.000000 0.000000 -7.201998 6.873750 12.620048 18.845428 7.625995 -0.829481 -10.425537 -5.756967 -2.417741 -0.000000 0.000000 0.000000 10.961613 0.773642 3.759457 3.104687 -5.766072 7.721067 3.556615 -5.433721 -0.441577 -2.385241 -8.595635 -5.995998 -8.495314 -5.298104 6.183503 -0.000000 0.000000 0.000000 -2.486355 -14.134038 -5.959469 -9.944352 -20.091460 -53.357845 64.682522 -71.344654 88.227050 -32.084044 -1.148465 33.909530 -0.445323 9.618965 9.508728 -2.406178 10.718218 43.303720 92.598431 70.223746 -128.301560 -24.825402 1.748431 -43.071294 
-19.034867 94.903946 -8.462154 -162.919264 64.511960 163.921024 -17.996117 -4.703036 4.746347 69.425053 1.129531 -9.623100 -8.843703 14.269093 2.144088 -0.000000 0.000000 0.000000 -4.904907 8.110089 11.364264 18.477022 11.289210 -1.666792 -11.032975 -4.254656 -1.363145 -0.000000 0.000000 0.000000 12.246752 1.057330 3.437559 2.761293 -6.042558 7.332955 2.982687 -5.568055 -1.158368 -2.700078 -7.460601 -5.755156 -8.281307 -4.586182 5.642003 -0.000000 0.000000 0.000000 -1.889707 -13.507838 -7.439811 -5.954648 -17.344511 -51.358132 50.362488 -68.356528 70.296370 -27.170315 -0.906238 26.498496 0.158912 10.287821 10.518468 -0.298086 11.516909 42.433164 84.078635 72.391892 -113.780108 -26.538590 1.810596 -38.663371 
-17.895828 95.166981 -10.394901 -158.069106 70.640024 159.243104 -19.627284 -6.097955 4.373148 64.652789 1.880967 -7.856712 -11.386470 15.537065 3.364284 -0.000000 0.000000 0.000000 -3.234414 10.004170 10.065208 18.026888 14.953431 -2.489789 -11.637796 -3.114846 -0.163047 -0.000000 0.000000 0.000000 13.377815 1.248139 3.162536 2.589973 -5.987511 6.865090 2.383394 -5.576510 -1.668924 -3.643197 -6.119499 -5.319971 -8.104465 -4.277936 4.946404 -0.000000 0.000000 0.000000 -1.401030 -13.153754 -8.900481 -2.563096 -15.209765 -49.806392 40.160965 -63.062380 56.567541 -19.446204 -2.666648 20.768672 0.438752 10.952017 10.732693 1.867381 12.288734 41.771517 74.249181 74.217904 -97.758288 -29.161083 3.076759 -34.930795 
-16.758180 95.297265 -12.310686 -149.888031 76.661532 151.122373 -20.318954 -7.249811 4.210459 58.022705 1.209962 -4.778960 -12.123208 15.606039 3.147774 -0.000000 0.000000 0.000000 -2.273505 11.565370 8.761898 18.226313 19.087303 -3.709378 -12.608144 -2.237894 0.997752 -0.000000 0.000000 0.000000 14.198146 1.405124 2.957086 2.404084 -5.858604 6.325653 2.240995 -5.510878 -1.989240 -5.145057 -4.760737 -5.096134 -8.048370 -4.242938 4.585862 -0.000000 0.000000 0.000000 -1.409095 -13.097806 -9.895490 0.096331 -14.100059 -49.103204 30.065969 -57.630766 42.736114 -14.619294 -5.391323 19.975389 0.418083 11.748954 10.664031 4.057488 12.967107 41.239985 63.248567 75.025654 -81.213659 -29.457832 4.192521 -32.927952 
-15.537299 95.333749 -14.218704 -131.216469 82.040859 132.351015 -19.800928 -8.458691 4.297871 50.155563 -3.046074 -0.919629 -12.128198 14.253494 2.524027 -0.000000 0.000000 0.000000 -1.933704 12.719346 7.457407 19.082599 23.255015 -4.980725 -13.639407 -1.167839 1.967243 -0.000000 0.000000 0.000000 14.559219 1.479802 2.693938 2.612897 -5.830810 5.906698 2.153179 -5.404074 -2.253003 -6.472612 -3.303457 -4.792955 -8.366745 -4.283004 4.499271 -0.000000 0.000000 0.000000 -1.457458 -13.494518 -10.377472 1.833903 -13.576981 -49.277847 21.532371 -51.127511 31.225589 -13.381443 -6.241752 20.490736 0.322423 12.515767 10.577104 5.353702 13.456557 41.219224 52.523880 72.640794 -65.982884 -27.023503 4.057023 -29.922461 
-14.181150 95.242447 -16.143063 -78.919978 84.642814 79.771065 -17.954932 -9.990704 4.591728 42.444248 -10.931012 3.503644 -11.353123 11.892892 0.991097 -0.000000 0.000000 0.000000 -1.964356 13.763596 6.223220 20.320345 27.187566 -6.289138 -14.962470 0.074845 3.050152 -0.000000 0.000000 0.000000 14.694595 1.538549 2.361269 2.834802 -5.803563 5.611012 2.197059 -5.215823 -2.478416 -7.491145 -1.555919 -4.371726 -8.566648 -4.828686 4.332444 -0.000000 0.000000 0.000000 -1.643423 -14.075197 -10.493700 2.930838 -13.515337 -49.657200 15.630130 -43.473060 22.169228 -13.071403 -6.170299 21.000070 0.056717 13.067817 10.713345 6.058026 13.524804 41.580750 46.504479 68.287866 -56.375791 -23.195137 3.689663 -26.168888 
-12.629820 95.005834 -18.147942 -32.841683 81.397493 33.154743 -14.765853 -12.478580 5.346484 36.073980 -21.169010 7.646976 -8.732681 9.056194 -1.784732 -0.000000 0.000000 0.000000 -1.924758 15.192538 5.203645 21.534531 30.965947 -7.786559 -16.572894 1.041376 4.094396 -0.000000 0.000000 0.000000 14.622730 1.601201 2.198068 2.901115 -5.741321 5.464080 2.464446 -5.051749 -2.697491 -8.056435 0.217801 -4.202379 -8.366959 -5.853924 3.977709 -0.000000 0.000000 0.000000 -1.908814 -14.573713 -10.383402 3.362263 -13.983731 -50.066198 10.937354 -35.249240 13.882492 -12.760438 -6.307496 20.904578 -0.363971 13.308504 11.226401 6.691920 13.299677 41.660807 42.598881 63.642141 -49.646683 -18.410033 4.388870 -23.015520 
-10.906076 94.629878 -20.274088 -16.766776 76.008121 16.432206 -10.614036 -15.907365 6.764784 30.749026 -31.060577 10.795616 -4.698709 6.330246 -5.553740 -0.000000 0.000000 0.000000 -2.272484 17.033741 4.140285 23.000797 34.223967 -9.155895 -18.382514 2.050784 5.173367 -0.000000 0.000000 0.000000 14.048333 1.620417 2.018381 3.387178 -5.623496 5.644105 2.393689 -5.034002 -3.003582 -7.968102 2.152407 -3.963929 -8.078482 -7.202615 3.264097 -0.000000 0.000000 0.000000 -2.152238 -15.094379 -10.276503 3.829083 -15.165979 -50.269824 7.497830 -26.923581 6.996323 -12.866119 -6.837378 20.580254 -0.936672 13.226061 12.110819 7.342736 13.340155 41.134230 39.030082 58.348826 -43.953150 -13.085365 5.044418 -20.075931 
-8.976301 93.966478 -22.567168 -9.453048 69.684406 8.173147 -6.411587 -17.991173 9.352964 27.158359 -38.403591 12.011987 -8.903015 5.893604 -6.248131 -0.000000 0.000000 0.000000 -3.420253 19.130459 3.543774 25.662326 37.722723 -11.151186 -20.781259 2.818361 6.178597 -0.000000 0.000000 0.000000 13.223690 1.430546 2.206464 3.296201 -5.298495 5.765721 2.574547 -5.027726 -3.283496 -7.324217 3.528717 -3.609305 -7.525564 -8.074292 2.513697 -0.000000 0.000000 0.000000 -2.191595 -15.452731 -9.812228 4.232493 -15.797307 -50.931804 5.996364 -19.936006 1.527183 -13.457300 -6.976432 20.239030 -1.308796 13.184635 12.322019 7.338965 13.603064 40.890177 34.363154 52.939472 -37.148703 -9.149655 4.956121 -18.376487 
-6.951081 93.072933 -25.072375 -4.849708 62.951575 2.748629 -3.962052 -17.241261 12.204076 23.228661 -39.725423 9.291095 -13.967837 5.444322 -5.793127 -0.000000 0.000000 0.000000 -5.778266 21.338344 3.277846 29.748908 40.499375 -13.867894 -23.471560 3.511154 6.231592 -0.000000 0.000000 0.000000 12.221930 0.874712 2.505117 2.574985 -4.689674 5.866049 2.888899 -5.135784 -3.503035 -6.804829 4.220769 -3.221010 -6.667685 -8.487552 1.808932 -0.000000 0.000000 0.000000 -1.905762 -15.069263 -8.986384 4.133029 -15.525888 -52.460475 5.794753 -14.802759 -2.026648 -12.671664 -6.552722 19.148527 -1.157628 13.114971 12.221275 6.642617 14.263501 40.583474 28.061335 47.805301 -29.232276 -7.061676 4.258236 -19.060439 
-4.915107 92.286295 -27.719811 -2.331044 57.323225 0.071037 -3.229136 -14.310393 13.297281 19.226263 -36.828917 5.217595 -17.827206 4.414709 -4.715120 -0.000000 0.000000 0.000000 -7.903971 22.279358 2.521915 33.687350 40.833320 -16.068683 -25.603686 2.589816 5.181286 -0.000000 0.000000 0.000000 11.418181 -0.085387 2.397764 1.978132 -4.347107 5.948374 3.138114 -5.722240 -3.666130 -7.000202 3.973458 -2.634417 -6.283526 -8.409415 1.282005 -0.000000 0.000000 0.000000 -1.439624 -14.069648 -9.327808 4.446347 -14.773762 -52.550833 6.314836 -12.842679 -4.120747 -11.550817 -5.538258 18.838324 -1.193442 12.823635 13.174528 6.062976 15.207008 39.527729 19.971223 42.849292 -21.564141 -5.625673 3.409703 -21.359643 
-2.986882 91.935670 -30.425447 -0.923210 53.197933 -1.184923 -3.325109 -10.464512 12.385002 16.980338 -33.320191 4.465918 -19.517069 1.898286 -4.757914 -0.000000 0.000000 0.000000 -9.384496 21.169945 1.316492 35.588323 37.727975 -16.611125 -25.963290 1.155630 4.380838 -0.000000 0.000000 0.000000 11.389676 -1.156368 2.348458 1.239755 -4.389244 5.783348 2.983464 -6.524843 -3.640724 -7.204905 3.105678 -2.085018 -6.657306 -8.295220 1.088426 -0.000000 0.000000 0.000000 -0.914994 -13.238572 -10.279349 4.332941 -13.888871 -51.959578 6.383008 -11.551156 -5.487367 -10.422968 -5.560897 18.724914 -1.568318 12.306381 14.342367 5.075731 15.184613 38.965787 10.839492 37.025434 -14.272396 -4.305526 4.408736 -24.448939 
-1.260951 92.033231 -33.091283 0.662073 48.811681 -2.043826 -3.569823 -8.813149 10.315292 15.322803 -30.689780 4.196664 -19.495191 1.130011 -4.374773 -0.000000 0.000000 0.000000 -11.504978 19.291999 -0.132293 36.474247 33.459346 -16.161223 -24.350504 -0.518060 4.312781 -0.000000 0.000000 0.000000 11.326353 -1.550266 1.885838 0.403824 -4.163619 5.584084 2.828502 -6.902674 -3.626085 -7.569814 2.233550 -1.681773 -7.096921 -8.843571 1.149654 -0.000000 0.000000 0.000000 -0.488121 -12.624926 -10.917976 4.122491 -14.168019 -51.296871 6.225081 -10.646980 -6.070398 -10.766173 -5.729326 18.647448 -1.741210 11.732200 15.311934 4.695462 15.033601 38.651733 3.091314 30.959661 -10.380636 -4.875930 4.721681 -25.842690 
0.079821 92.391455 -35.521296 1.991098 42.941989 -2.425894 -3.679861 -8.538777 8.528502 13.404774 -27.969528 2.058022 -18.381757 2.789340 -3.080334 -0.000000 0.000000 0.000000 -14.916904 17.277272 -1.134519 37.560934 28.981536 -15.041738 -21.001776 -2.436851 4.509233 -0.000000 0.000000 0.000000 11.439420 -1.189558 0.765444 -0.497917 -3.201349 5.222035 2.940169 -6.464522 -3.397862 -8.385193 1.361227 -1.431301 -7.359418 -9.579143 1.794720 -0.000000 0.000000 0.000000 -0.365609 -12.255167 -10.599028 3.955671 -14.662026 -50.868288 6.003133 -10.805986 -6.330878 -11.014771 -5.223660 18.905673 -1.608879 11.596114 15.466442 4.018167 14.189748 39.127320 -3.653618 25.740987 -7.869416 -6.374517 3.370726 -25.517432 
1.114578 92.836541 -37.613961 2.838124 36.244217 -2.734393 -3.384176 -7.808184 7.154093 11.443944 -24.166747 0.247418 -17.031876 4.437846 -1.755426 -0.000000 0.000000 0.000000 -18.893535 14.925622 -1.169235 38.617169 23.595014 -13.313964 -17.043160 -4.726535 4.330426 -0.000000 0.000000 0.000000 11.559254 -0.483295 -0.194029 -0.789277 -1.639314 4.754953 2.717356 -5.514176 -3.163857 -9.417600 0.550063 -1.301720 -7.772834 -10.254360 2.654648 -0.000000 0.000000 0.000000 -0.456597 -11.865641 -10.483060 3.954868 -15.028807 -49.986138 5.802712 -11.780310 -5.646217 -11.214710 -4.389051 18.707695 -1.002585 12.113319 15.689154 3.389388 13.174094 39.547474 -9.496118 21.375083 -6.522656 -9.108893 2.235303 -24.332800 
1.970158 93.249846 -39.339232 3.146957 30.320639 -3.050464 -2.677540 -7.249256 5.664976 9.785983 -21.000658 0.072225 -15.915980 6.638004 -0.055074 -0.000000 0.000000 0.000000 -21.833551 12.606819 -0.939660 38.876826 17.072791 -10.271057 -14.484136 -8.048424 2.967034 -0.000000 0.000000 0.000000 11.843744 -0.212444 -0.543861 -0.845068 -0.300040 4.086078 2.334176 -4.575800 -3.007202 -10.461894 -0.408736 -1.326776 -8.305090 -10.148088 3.551482 -0.000000 0.000000 0.000000 -0.459876 -11.302400 -10.579194 3.866571 -15.044583 -48.856248 5.287778 -12.719109 -4.587677 -11.308605 -4.430510 19.373333 -0.541769 12.673691 15.445275 2.027884 12.164077 40.372195 -14.139566 16.167026 -4.772657 -10.450961 2.672893 -23.274679 
2.651753 93.628049 -40.747571 2.785368 25.683926 -3.433275 -1.827370 -6.734935 4.797849 8.703252 -19.047115 0.304626 -15.053685 8.818688 1.388310 -0.000000 0.000000 0.000000 -22.985695 9.865060 -0.940218 38.563160 9.856396 -6.149418 -14.288025 -12.362246 0.712201 -0.000000 0.000000 0.000000 12.653474 -0.285363 -0.531738 -0.978129 0.298484 3.550058 2.173033 -4.010888 -2.656928 -11.591540 -1.120981 -1.608018 -8.802787 -9.292728 4.192391 -0.000000 0.000000 0.000000 -0.231993 -10.750072 -10.850523 3.514587 -14.614492 -47.639352 4.084574 -13.427683 -3.849359 -11.736900 -4.998776 21.304078 -0.551491 12.594070 15.370486 0.381846 10.832530 40.848881 -16.887168 11.778251 -2.811093 -8.718478 3.167717 -23.159368 
3.137358 93.979460 -41.946629 2.146497 22.142988 -3.763067 -1.260435 -5.453944 4.631887 8.126838 -17.420252 0.167443 -14.233611 9.457752 1.634183 -0.000000 0.000000 0.000000 -22.809555 6.471128 -1.374396 38.803861 3.340251 -2.487064 -16.612722 -13.932683 0.001744 -0.000000 0.000000 0.000000 13.504718 -0.271863 -0.780145 -1.026602 -0.017696 3.316764 2.120827 -3.713865 -2.123615 -12.088254 -0.602755 -1.804427 -9.527647 -8.961893 4.237020 -0.000000 0.000000 0.000000 0.071351 -10.496310 -10.597859 2.927100 -14.038635 -46.764573 2.504138 -13.089495 -3.610375 -12.187757 -5.793188 22.967462 -0.786306 12.032526 15.455000 -1.397642 9.503473 41.271172 -18.468992 8.267496 -1.369272 -6.803552 2.839112 -23.225383 
3.429169 94.293946 -43.039206 1.313321 19.163131 -4.456370 -0.922445 -2.610763 5.312276 7.971524 -16.157028 0.081756 -13.635883 8.398299 1.128574 -0.000000 0.000000 0.000000 -21.555054 2.889182 -0.861360 38.752378 -0.506139 -0.856500 -17.705924 -12.995652 0.121640 -0.000000 0.000000 0.000000 14.656744 -0.454735 -0.751874 -1.113468 -0.570073 3.273256 1.717831 -3.639298 -1.350192 -11.825386 -0.142587 -1.927730 -10.091992 -7.825183 3.466819 -0.000000 0.000000 0.000000 0.075298 -8.941978 -10.371083 2.289127 -13.274718 -45.871755 2.780211 -12.176956 -3.151609 -13.120009 -5.508359 22.267307 -1.367921 10.230513 15.258786 -3.050723 9.335265 41.751723 -17.645509 4.737279 -0.999685 -6.977477 2.369739 -21.015167 
3.574203 94.457752 -44.083798 1.144655 15.855878 -5.319548 -1.228438 -0.707619 5.641351 7.975478 -14.792093 0.392685 -13.298562 8.441084 1.528463 -0.000000 0.000000 0.000000 -20.604523 1.090168 0.423809 38.280752 -1.235187 -0.573355 -18.867632 -12.628271 -0.167154 -0.000000 0.000000 0.000000 14.592715 -0.463265 -0.694765 -1.332451 -0.674710 3.213099 1.814130 -3.157118 -0.794153 -11.231162 0.077176 -2.224926 -9.678028 -6.904391 2.917098 -0.000000 0.000000 0.000000 0.190257 -7.544651 -9.835417 1.356557 -12.695391 -44.596693 3.100935 -10.987560 -3.482167 -12.497026 -4.360130 21.125827 -1.411261 8.844295 15.034348 -3.974452 9.172311 42.072261 -17.221242 2.900145 -0.700774 -8.390526 2.454078 -18.930055 
3.640254 94.591308 -44.961134 0.864772 12.605597 -5.924000 -1.347839 0.046348 5.610443 8.225441 -13.289653 0.868729 -13.230557 9.430990 1.973165 -0.000000 0.000000 0.000000 -18.912922 0.838849 1.842800 36.825970 -0.319059 -0.765504 -19.721804 -12.166865 -0.053627 -0.000000 0.000000 0.000000 14.158636 -0.330818 -0.758080 -1.389104 -0.777890 3.127038 2.293958 -2.423935 -0.402826 -10.451728 0.573226 -2.526805 -9.055329 -6.498500 2.745956 -0.000000 0.000000 0.000000 0.264705 -6.748747 -9.214187 0.377572 -11.619460 -43.143951 2.550827 -9.865753 -3.623115 -10.496381 -3.508070 19.256669 -1.271091 8.233082 14.926314 -4.435699 8.392106 41.785214 -16.470655 2.322580 -0.217730 -7.942042 2.644603 -16.639691 
3.701415 94.771898 -45.557860 0.160898 9.872792 -6.189647 -0.630487 -0.033564 5.332759 8.142321 -11.969843 1.295267 -13.070384 11.059008 2.127727 -0.000000 0.000000 0.000000 -15.949164 0.979095 2.918126 34.101390 1.452445 -1.182528 -19.254663 -11.122372 1.000641 -0.000000 0.000000 0.000000 13.761976 -0.124567 -0.891690 -1.124827 -1.093588 3.021478 2.907614 -1.867198 -0.000856 -9.435840 0.879930 -2.799456 -8.659880 -5.940800 2.698896 -0.000000 0.000000 0.000000 0.327128 -6.051698 -8.806469 -0.344375 -10.502197 -41.456736 1.373416 -9.015134 -3.399167 -9.058323 -3.439316 17.966176 -1.330668 7.728855 14.890585 -4.642518 7.699721 40.738800 -15.073838 1.796968 0.389415 -6.177387 2.823526 -14.888642 
3.675600 94.939446 -45.982116 -0.487685 7.632699 -6.283444 0.294051 -0.044775 5.029994 7.586411 -11.020430 1.587630 -12.703009 12.544129 2.121499 -0.000000 0.000000 0.000000 -12.475551 1.028399 3.732679 30.235225 3.602429 -1.622391 -17.349961 -10.033638 2.730769 -0.000000 0.000000 0.000000 13.122060 0.055733 -1.133994 -0.830097 -1.455845 2.904100 3.617602 -1.465164 0.442791 -8.091414 0.937607 -3.081543 -8.221771 -5.191695 2.722918 -0.000000 0.000000 0.000000 0.402755 -5.214833 -8.449299 -0.996731 -9.404216 -39.638409 -0.278734 -8.421987 -3.230181 -8.495898 -3.839045 17.919959 -1.478257 7.045705 14.833086 -4.981825 7.018028 39.145753 -14.589596 1.023421 0.965661 -4.588701 2.671397 -14.251904 
3.488212 95.024705 -46.417138 -0.769635 5.613148 -6.050871 0.941795 0.464283 4.656397 6.510786 -10.101054 1.546035 -12.075566 13.241871 2.140886 -0.000000 0.000000 0.000000 -9.237841 0.677594 4.177739 25.653686 5.433375 -2.016085 -14.494715 -9.235264 4.941292 -0.000000 0.000000 0.000000 12.239293 0.278322 -1.737179 -0.645757 -1.681772 2.687537 4.266760 -1.133408 0.905539 -6.534445 0.866899 -3.291128 -7.599533 -4.485440 2.741205 -0.000000 0.000000 0.000000 0.423251 -4.266739 -8.056315 -1.712056 -8.412050 -37.541802 -1.902754 -7.821803 -3.108906 -8.046211 -4.377394 18.064483 -1.588633 6.153023 14.762519 -5.544637 6.322271 37.228533 -15.505648 0.195425 1.211746 -4.212240 2.497527 -14.223937 
3.112673 95.010668 -46.954843 -0.825812 4.139553 -5.396103 1.258213 1.575910 4.284593 5.173278 -9.432175 1.095708 -11.268487 12.771237 2.184204 -0.000000 0.000000 0.000000 -6.282950 -0.464126 4.206445 20.963809 6.420234 -2.121052 -12.156726 -8.958357 6.915943 -0.000000 0.000000 0.000000 11.413981 0.519455 -2.719063 -0.428803 -1.926891 2.324844 4.688354 -0.960103 1.392744 -4.867116 0.740200 -3.461432 -7.012434 -4.022879 2.851944 -0.000000 0.000000 0.000000 0.358236 -3.479223 -7.573175 -2.673571 -7.343562 -35.089948 -3.411942 -7.092494 -3.080263 -7.081980 -4.624913 17.881601 -1.632339 5.360842 14.652925 -6.123675 5.545013 35.027297 -16.455923 -0.308363 1.236270 -3.838694 2.533155 -14.600536 
2.671132 94.925976 -47.518373 -0.864990 3.586675 -4.469877 1.153685 2.752378 3.937533 4.405851 -9.340779 0.380193 -10.678386 11.951572 2.170161 -0.000000 0.000000 0.000000 -3.465592 -2.219241 3.828038 16.201291 6.067342 -1.737629 -13.275274 -9.551942 7.224349 -0.000000 0.000000 0.000000 10.795703 0.802330 -3.690777 -0.314833 -2.417445 1.818196 5.028964 -0.940560 1.787290 -3.228538 0.720104 -3.537930 -6.670098 -4.038835 3.117451 -0.000000 0.000000 0.000000 0.057913 -3.146934 -6.986211 -3.789645 -6.478409 -32.191180 -4.600303 -5.693505 -3.476719 -5.913002 -4.586224 17.561640 -1.707522 4.739466 14.313100 -6.532920 4.518034 32.670638 -16.440067 -0.453638 1.362063 -3.036313 2.500970 -15.022902 
2.292982 94.890201 -47.999030 -1.041402 4.081190 -3.479756 0.862927 3.816433 3.407587 4.307526 -10.036546 0.056066 -10.060155 11.277201 2.010174 -0.000000 0.000000 0.000000 -0.958253 -4.209730 3.127560 11.523187 4.858968 -1.309028 -13.486066 -9.789035 7.615798 -0.000000 0.000000 0.000000 10.388235 1.124395 -4.278723 -0.289495 -3.158849 1.254768 5.237889 -1.034931 1.976486 -1.721707 0.551074 -3.560738 -6.662163 -4.323317 3.578643 -0.000000 0.000000 0.000000 -0.559384 -3.423776 -6.621874 -4.924594 -6.098934 -28.581003 -5.526826 -3.227832 -4.431676 -3.666645 -4.318979 17.341008 -1.883929 4.255284 13.736246 -6.576378 3.279562 30.132049 -15.856971 -0.578946 1.693726 -1.900197 2.384221 -15.099841 
2.017958 94.948637 -48.356983 -1.247673 5.274185 -2.750002 0.523818 4.465731 2.964519 4.553256 -11.724862 0.124398 -9.517795 11.177581 1.752339 -0.000000 0.000000 0.000000 0.675958 -5.239173 2.435720 8.581836 5.159665 -0.558931 -13.106363 -10.712381 7.257619 -0.000000 0.000000 0.000000 9.830057 1.351195 -4.283681 -0.368141 -3.910735 0.851662 5.481144 -1.227116 1.952517 -0.538577 0.291316 -3.473442 -6.820724 -4.622629 3.987712 -0.000000 0.000000 0.000000 -1.239448 -4.034786 -6.197473 -6.016933 -6.083271 -24.898423 -5.939032 -0.370524 -5.644089 -0.973457 -4.055531 17.288744 -2.127966 3.944346 12.757108 -6.501594 2.015283 27.577619 -15.387274 -1.101727 2.140548 -0.865922 2.345332 -15.098133 
1.801128 95.011312 -48.552662 -1.524149 6.673633 -2.402990 0.365259 4.640901 3.045907 4.699236 -14.015729 -0.007553 -9.184912 11.431912 1.360326 -0.000000 0.000000 0.000000 1.824580 -5.163175 1.944574 6.843075 6.165567 0.641855 -12.538439 -12.758578 6.023080 -0.000000 0.000000 0.000000 9.065371 1.438502 -3.709095 -0.577154 -4.552901 0.638557 5.834527 -1.461706 1.871146 0.517960 -0.149613 -3.526955 -7.034633 -4.719158 4.275686 -0.000000 0.000000 0.000000 -1.741074 -4.735074 -5.528667 -7.187844 -6.272856 -21.726025 -6.268844 2.661861 -6.894294 0.989091 -3.723680 17.506168 -2.501332 3.789399 11.339437 -6.641257 0.736314 24.809601 -15.245326 -2.147012 2.673046 0.325594 2.039331 -15.414627 
1.573502 95.018679 -48.638409 -1.685786 7.288537 -2.273042 0.515425 4.413076 3.210788 4.194521 -15.739463 -0.261563 -8.837110 12.604622 1.158924 -0.000000 0.000000 0.000000 2.750708 -5.505986 1.620129 5.324839 6.714773 1.651921 -12.023446 -13.509499 5.179388 -0.000000 0.000000 0.000000 8.121341 1.645639 -2.852426 -0.926167 -5.018958 0.435015 6.100118 -1.554851 1.789516 1.631444 -0.517752 -3.826531 -7.151068 -4.692205 4.425384 -0.000000 0.000000 0.000000 -2.427795 -5.231448 -4.705555 -8.175572 -6.232388 -19.140356 -6.963450 5.449727 -7.823545 2.476063 -2.682554 17.414222 -2.887619 3.723309 9.781700 -7.465921 -0.446902 21.658370 -15.450141 -2.747948 3.045320 1.957390 1.055227 -15.834226 
1.236608 94.999623 -48.702928 -1.628309 6.579048 -2.234586 0.886749 3.611015 3.051309 3.408440 -15.699695 -0.239408 -8.688454 14.894712 1.348764 -0.000000 0.000000 0.000000 3.206429 -5.361687 1.703293 3.975695 8.035979 1.829860 -11.562807 -14.205654 4.721651 -0.000000 0.000000 0.000000 7.184972 1.899811 -2.037411 -1.363437 -5.024465 0.249696 6.243926 -1.475652 1.688718 2.411603 -0.835926 -4.243039 -7.064849 -4.337486 4.204783 -0.000000 0.000000 0.000000 -3.144229 -5.287545 -4.101185 -9.074052 -5.925464 -16.782119 -8.188597 7.525590 -8.127048 3.828800 -0.947341 16.936866 -3.291912 3.745996 8.646588 -8.594522 -1.057166 17.846390 -16.497378 -2.893196 3.152472 3.168422 -0.089874 -16.464274 
0.855478 95.055270 -48.831475 -1.647234 5.122763 -2.433890 1.359924 3.076323 2.684715 2.996865 -15.196646 0.790688 -8.479455 16.550008 1.361817 -0.000000 0.000000 0.000000 2.793805 -5.039365 2.046129 4.204146 9.443599 1.747573 -11.348522 -14.479946 4.572118 -0.000000 0.000000 0.000000 6.714088 1.952287 -1.065541 -1.797769 -4.718190 0.116794 6.401770 -1.273638 1.649911 2.574339 -0.991076 -4.727874 -7.072827 -3.675913 3.732579 -0.000000 0.000000 0.000000 -3.746935 -5.150890 -3.690954 -9.791585 -5.220685 -14.715638 -9.904003 8.776946 -7.943977 4.741906 0.972869 17.047997 -3.618264 4.085035 7.759545 -9.807066 -1.212227 13.878077 -17.802900 -2.985490 2.998802 3.925763 -0.956718 -17.379838 
0.493512 95.144951 -49.125496 -1.454750 3.687140 -2.737734 1.036745 2.801702 2.528232 3.363923 -15.034213 1.878595 -8.323114 17.645736 1.154121 -0.000000 0.000000 0.000000 1.471137 -4.513348 2.519760 5.514130 10.695250 1.529992 -11.324775 -14.791723 4.335237 -0.000000 0.000000 0.000000 6.431563 1.782307 -0.264945 -2.250424 -4.373469 0.129237 6.599651 -1.088874 1.792080 2.390705 -1.021553 -5.126594 -7.408895 -2.769940 3.319004 -0.000000 0.000000 0.000000 -4.025618 -5.064044 -3.114047 -10.213185 -4.304256 -13.011510 -11.276987 8.914934 -7.935216 4.911855 2.566941 17.865852 -3.770187 4.627773 6.764928 -10.844458 -0.954989 10.352947 -17.878975 -2.978427 2.966946 4.884191 -1.555922 -17.982252 
0.185573 95.184106 -49.545017 -1.218503 3.090022 -2.739710 0.190547 2.838552 2.738445 3.939350 -15.114631 1.809364 -8.217811 18.001207 0.902664 -0.000000 0.000000 0.000000 0.321305 -4.412178 2.664862 6.461741 11.357302 1.439167 -11.345734 -15.017673 4.069010 -0.000000 0.000000 0.000000 6.313322 1.601740 -0.074053 -2.619201 -4.389705 0.171863 6.810901 -1.127154 2.058431 2.227682 -0.906387 -5.072130 -8.017900 -1.985048 3.343135 -0.000000 0.000000 0.000000 -4.035453 -5.265830 -2.284277 -10.584482 -3.299136 -11.165283 -11.836422 9.052053 -8.284833 5.655187 3.855352 18.848717 -3.818181 5.260470 5.687476 -11.660681 -0.684373 7.654659 -17.005874 -2.908021 3.099807 6.075335 -1.922926 -18.377563 
-0.029042 95.179927 -49.960360 -1.115981 3.331469 -2.598215 -0.634206 3.232741 2.978871 4.466166 -15.318967 1.442739 -8.114146 17.738899 0.593917 -0.000000 0.000000 0.000000 -0.227855 -4.806769 2.585444 6.757719 11.550291 1.527662 -11.311616 -15.103606 3.859857 -0.000000 0.000000 0.000000 6.532278 1.453768 0.026769 -3.075538 -4.659687 0.121851 6.879317 -1.317326 2.213383 2.231226 -0.908677 -4.700425 -8.536376 -1.478046 3.738721 -0.000000 0.000000 0.000000 -4.040935 -5.600953 -1.417586 -10.901978 -2.501755 -9.261109 -11.598110 9.099701 -8.560106 7.088913 4.819922 19.525206 -3.907574 5.702728 4.588075 -12.306367 -0.664460 5.555017 -15.802728 -2.899559 3.479308 6.976935 -2.330399 -18.348739 
-0.123284 95.161164 -50.285053 -1.101190 3.669767 -2.629687 -1.132779 3.532575 3.127535 4.747972 -15.685513 1.411220 -8.042996 17.728174 0.411558 -0.000000 0.000000 0.000000 -0.393181 -5.250515 2.560219 6.609667 11.798641 1.778227 -11.132426 -15.186247 3.583626 -0.000000 0.000000 0.000000 6.709529 1.317572 0.476939 -3.432518 -4.866045 0.040750 6.893046 -1.439091 2.241710 2.292442 -1.125404 -4.359699 -8.924414 -1.002667 4.191088 -0.000000 0.000000 0.000000 -4.072903 -5.814186 -0.731986 -11.015245 -1.982574 -7.675519 -11.393006 9.044468 -8.303359 7.829842 5.457376 20.006732 -3.894169 6.111994 3.570602 -12.918602 -0.772579 3.466374 -14.764476 -2.959063 4.162239 7.694810 -2.876983 -17.886536 
-0.131235 95.170510 -50.461817 -1.109705 3.520983 -2.765168 -1.372911 3.728832 3.201981 4.961962 -15.959567 1.528909 -7.971835 17.994646 0.271202 -0.000000 0.000000 0.000000 -0.457629 -5.395110 2.595917 6.378767 12.361670 2.003054 -10.883410 -15.330793 3.195207 -0.000000 0.000000 0.000000 6.694307 1.224085 1.145466 -3.703443 -4.830688 -0.051013 6.897580 -1.388107 2.160077 2.342312 -1.454103 -4.188869 -9.091744 -0.487670 4.484565 -0.000000 0.000000 0.000000 -4.134408 -5.783305 -0.232880 -11.020864 -1.746474 -6.485132 -11.587339 8.951336 -7.680134 7.694948 5.694638 20.689940 -3.790604 6.472748 2.776311 -13.494846 -0.821496 1.228366 -14.030508 -3.077351 5.030683 8.185760 -3.482995 -17.107830 
-0.045404 95.139062 -50.644410 0.048642 3.063799 -2.670942 -2.772500 2.925348 2.544960 5.316329 -16.765499 2.006542 -8.063087 19.909401 0.836653 -0.000000 0.000000 0.000000 -2.054540 -4.335449 2.533232 6.547356 13.369486 1.793371 -10.874630 -17.284522 3.729717 -0.000000 0.000000 0.000000 5.320361 1.191796 1.424592 -6.055241 -4.571910 -0.110905 9.195899 -0.937984 1.871968 2.599887 -2.058576 -4.397658 -9.456369 -0.153366 5.472050 -0.000000 0.000000 0.000000 -4.047051 -6.186984 0.117679 -8.444522 -2.196958 -5.424741 -14.000046 9.215513 -7.976001 5.541963 7.630324 23.150482 -3.905333 7.220399 2.956817 -12.199533 -1.845300 -2.068027 -17.690859 -4.043675 6.478218 10.660064 -6.379259 -18.215929 
-0.003123 95.200193 -50.752848 0.160672 2.534354 -2.764753 -2.813039 2.628877 2.357000 5.223993 -16.842336 2.337592 -7.772636 20.684010 0.792633 -0.000000 0.000000 0.000000 -2.428082 -3.715476 2.697090 6.698819 14.049324 1.667356 -10.648718 -17.964426 3.322596 -0.000000 0.000000 0.000000 5.059603 1.108207 1.927229 -6.294431 -4.311989 -0.067986 9.260483 -0.815006 1.743465 2.681231 -2.231583 -4.368059 -9.323950 0.470535 5.304584 -0.000000 0.000000 0.000000 -4.096283 -5.844855 0.597082 -8.324516 -2.285936 -4.958163 -13.896127 9.143024 -7.685571 5.909506 7.482993 23.627934 -3.882029 7.246785 2.522048 -12.304243 -1.537436 -3.813381 -17.183124 -4.075215 6.884020 11.091291 -6.942681 -16.793377 
-0.019509 95.235062 -50.899166 0.248609 2.145996 -2.790159 -2.827648 2.482407 2.233418 5.005072 -16.923004 2.525750 -7.513525 21.272726 0.763024 -0.000000 0.000000 0.000000 -2.825968 -3.281185 2.793253 6.950490 14.506218 1.571493 -10.537433 -18.413245 3.111830 -0.000000 0.000000 0.000000 4.814242 1.076424 2.196669 -6.551122 -4.116046 -0.024214 9.421645 -0.705280 1.682698 2.875430 -2.278346 -4.370569 -9.200732 1.088106 5.162365 -0.000000 0.000000 0.000000 -4.129512 -5.634048 1.143631 -8.281564 -2.283610 -4.683309 -13.714666 9.150997 -7.777938 6.627788 7.737501 24.115269 -4.112095 6.982178 1.821266 -12.313955 -1.105221 -4.664710 -16.669448 -4.048068 7.104691 11.153060 -7.305168 -15.451389 
-0.081930 95.227182 -51.086241 0.387736 1.973034 -2.739786 -3.017299 2.364280 2.211636 4.834613 -16.952742 2.434372 -7.361271 21.663808 0.802674 -0.000000 0.000000 0.000000 -3.287894 -3.027241 2.798190 7.211300 14.773579 1.564786 -10.551294 -18.812792 3.027441 -0.000000 0.000000 0.000000 4.596893 1.073854 2.216362 -6.874155 -4.027174 0.037134 9.624862 -0.648910 1.625801 3.086910 -2.190050 -4.253648 -8.986099 1.578940 5.095756 -0.000000 0.000000 0.000000 -4.142052 -5.419864 1.732162 -8.300687 -2.389130 -4.508690 -13.575187 9.196902 -8.036595 6.960698 8.197420 24.374914 -4.369854 6.488531 1.181587 -12.091596 -0.500041 -4.959943 -16.086575 -3.932369 7.062538 10.838651 -8.080988 -14.203012 
-0.137050 95.196223 -51.275063 0.483438 1.895599 -2.663664 -3.290329 2.349521 2.269832 4.833840 -16.978734 2.175526 -7.333188 21.831747 0.857677 -0.000000 0.000000 0.000000 -3.679378 -2.982970 2.747763 7.442163 15.087305 1.573990 -10.639486 -19.146777 3.035689 -0.000000 0.000000 0.000000 4.505979 1.073217 2.200709 -7.231730 -3.941363 0.080823 9.829521 -0.601783 1.598380 3.181264 -2.239361 -4.166332 -8.639280 2.018869 5.058580 -0.000000 0.000000 0.000000 -4.181738 -5.291108 2.095380 -8.374791 -2.540675 -4.344153 -13.816147 9.262204 -8.240800 7.115134 8.606876 24.687885 -4.753683 5.948493 0.588637 -11.915225 0.057013 -5.160263 -15.737407 -3.893917 7.139879 10.573397 -8.696567 -12.802812 
-0.172290 95.185381 -51.432163 0.509009 1.772686 -2.620021 -3.482117 2.370444 2.377058 4.854233 -17.018985 1.894635 -7.268776 21.934101 0.897036 -0.000000 0.000000 0.000000 -4.069755 -3.010301 2.722437 7.866039 15.472062 1.538510 -10.773256 -19.417914 3.079815 -0.000000 0.000000 0.000000 4.491548 1.031159 2.266045 -7.536553 -3.817856 0.072258 10.005799 -0.534925 1.580575 3.203416 -2.368084 -4.115205 -8.315787 2.404835 5.097093 -0.000000 0.000000 0.000000 -4.294352 -5.202414 2.303256 -8.477191 -2.615223 -4.301558 -14.299842 9.315711 -8.294234 7.270272 8.872922 25.293145 -5.062672 5.612908 0.028555 -11.835518 0.365842 -5.240347 -15.525698 -3.906256 7.319628 10.667963 -9.092866 -11.851099 
-0.192614 95.193994 -51.556247 0.472776 1.587128 -2.603533 -3.533192 2.312488 2.411185 4.866664 -17.038994 1.781362 -7.193314 22.137410 0.977222 -0.000000 0.000000 0.000000 -4.589489 -2.858166 2.851539 8.755667 15.982498 1.271191 -11.037918 -19.917487 3.003778 -0.000000 0.000000 0.000000 4.573286 0.916973 2.366080 -7.837632 -3.600301 0.057881 10.156249 -0.457235 1.583183 3.188308 -2.601587 -4.087140 -8.061780 2.779308 5.115137 -0.000000 0.000000 0.000000 -4.391414 -5.086959 2.332176 -8.511252 -2.710745 -4.352099 -14.928259 9.368810 -8.284645 7.273696 8.951310 26.398833 -5.330489 5.446187 -0.353347 -11.753892 0.550412 -5.379812 -15.583559 -3.982793 7.558954 11.137658 -9.311180 -11.460263 
-0.220383 95.199728 -51.644915 0.421927 1.418469 -2.587570 -3.490696 2.186427 2.346581 4.851234 -17.048657 1.853818 -7.141196 22.416057 1.074076 -0.000000 0.000000 0.000000 -5.058585 -2.517702 3.121876 9.666200 16.627043 0.841123 -11.329384 -20.770607 2.759599 -0.000000 0.000000 0.000000 4.623757 0.758902 2.389407 -8.046588 -3.364937 0.061551 10.274279 -0.410501 1.621283 3.153575 -2.904942 -4.016193 -8.002987 3.179842 5.190716 -0.000000 0.000000 0.000000 -4.357744 -4.965549 2.176430 -8.466218 -2.794846 -4.324255 -15.772585 9.484135 -8.421888 6.711643 8.524806 28.161847 -5.514011 5.393229 -0.524500 -11.494172 0.644325 -5.550461 -15.911029 -4.134494 7.881847 11.539545 -9.215783 -11.978942 
-0.241771 95.199603 -51.687998 0.355923 1.425624 -2.538149 -3.441982 2.043108 2.267611 4.885621 -16.979784 1.904990 -7.119673 22.508658 1.039773 -0.000000 0.000000 0.000000 -5.150630 -2.157331 3.340010 10.011852 17.036067 0.462517 -11.525303 -21.560274 2.572536 -0.000000 0.000000 0.000000 4.553126 0.649468 2.299285 -8.040147 -3.278902 0.073945 10.319975 -0.421717 1.661883 3.149499 -3.133664 -3.828259 -8.158677 3.439799 5.397412 -0.000000 0.000000 0.000000 -4.306825 -4.915521 1.931023 -8.510374 -2.845300 -4.199716 -16.858994 9.639088 -8.575989 6.271978 7.804581 29.913893 -5.664652 5.350891 -0.560962 -11.096797 0.634266 -5.569742 -16.178261 -4.237049 8.063437 12.012483 -9.044903 -12.880361 
-0.241348 95.200634 -51.704466 0.355066 1.576016 -2.560296 -3.449735 1.859316 2.302213 4.855533 -16.950494 1.865622 -7.092561 22.531236 1.009610 -0.000000 0.000000 0.000000 -5.033125 -2.001177 3.401520 9.802139 17.078513 0.462859 -11.504540 -21.905117 2.571095 -0.000000 0.000000 0.000000 4.335601 0.610822 2.252165 -7.932852 -3.335046 0.126827 10.330649 -0.475677 1.697455 3.187359 -3.235906 -3.627568 -8.313154 3.540435 5.564116 -0.000000 0.000000 0.000000 -4.291106 -4.882880 1.802695 -8.487057 -2.963890 -4.344439 -17.343036 9.726031 -8.688134 6.350259 7.417330 31.128099 -5.793980 5.247331 -0.628763 -10.863906 0.680595 -5.470189 -16.257304 -4.292826 8.209947 12.494020 -9.011218 -13.675336 
-0.239354 95.207584 -51.716506 0.404302 1.662901 -2.635456 -3.454026 1.782480 2.436171 4.691108 -16.990397 1.752295 -7.023214 22.541681 1.026133 -0.000000 0.000000 0.000000 -4.894076 -2.075854 3.357828 9.353078 17.043813 0.710990 -11.294416 -21.887755 2.660155 -0.000000 0.000000 0.000000 4.109727 0.649247 2.212102 -7.912669 -3.417413 0.185764 10.357244 -0.515309 1.745868 3.242407 -3.245100 -3.427198 -8.253741 3.541238 5.683563 -0.000000 0.000000 0.000000 -4.302255 -4.899704 1.821332 -8.409068 -3.129577 -4.584216 -17.282385 9.820730 -9.024834 6.640317 7.248272 32.057213 -5.899082 5.156664 -0.728737 -10.789986 0.764065 -5.318704 -16.104690 -4.331127 8.459356 13.112455 -9.024857 -14.306700 
-0.245400 95.213455 -51.710904 0.474233 1.662571 -2.671685 -3.435915 1.868722 2.531031 4.474001 -17.007776 1.661496 -6.915725 22.465316 1.019360 -0.000000 0.000000 0.000000 -4.795037 -2.268422 3.281143 8.981478 16.852632 0.894606 -11.092334 -21.522120 2.787011 -0.000000 0.000000 0.000000 3.893805 0.749213 2.096142 -7.974047 -3.470834 0.216072 10.363269 -0.511873 1.789337 3.399047 -3.188589 -3.224740 -8.030051 3.402465 5.770002 -0.000000 0.000000 0.000000 -4.380580 -4.933875 1.929162 -8.394336 -3.383604 -4.786831 -17.244363 9.927739 -9.386627 6.942704 7.184906 32.783215 -5.989225 5.044306 -0.825575 -10.792058 0.811118 -5.133975 -15.957022 -4.368549 8.700962 13.598139 -9.146168 -14.714207 
-0.244444 95.212805 -51.686484 0.556988 1.666872 -2.689938 -3.427352 2.007371 2.580907 4.270790 -17.043050 1.617034 -6.823459 22.347082 0.986625 -0.000000 0.000000 0.000000 -4.761522 -2.416570 3.259016 8.795042 16.615674 0.923677 -11.010282 -21.135188 2.812576 -0.000000 0.000000 0.000000 3.673592 0.816514 1.958021 -8.056846 -3.509950 0.219085 10.355709 -0.511256 1.822936 3.641718 -3.141076 -3.031274 -7.793529 3.262000 5.838387 -0.000000 0.000000 0.000000 -4.478467 -4.929330 1.977024 -8.459361 -3.583317 -4.807675 -17.480604 10.002859 -9.515102 6.956096 7.208858 33.154083 -6.084557 4.926894 -0.872765 -10.887328 0.892982 -5.004526 -16.047571 -4.447958 8.908540 13.927927 -9.446304 -15.130055 
-0.220179 95.211303 -51.643062 0.621217 1.741812 -2.719247 -3.462111 2.099018 2.603637 4.224957 -17.132064 1.619399 -6.796334 22.262964 1.004565 -0.000000 0.000000 0.000000 -4.679109 -2.522047 3.254437 8.588880 16.463734 0.939819 -10.893634 -20.913927 2.779173 -0.000000 0.000000 0.000000 3.462458 0.868103 1.865174 -8.101943 -3.547101 0.217425 10.362038 -0.519318 1.844232 3.812164 -3.189259 -2.898255 -7.588177 3.163582 5.890260 -0.000000 0.000000 0.000000 -4.581644 -4.933054 1.922179 -8.545620 -3.731028 -4.663399 -17.834691 10.036300 -9.455120 6.916145 7.431611 33.530035 -6.169665 4.810163 -0.926248 -10.933660 0.861905 -4.937394 -16.273424 -4.529266 9.016846 14.083028 -9.814310 -15.470750 
-0.171837 95.220792 -51.581085 0.606240 1.858649 -2.774013 -3.408335 2.121519 2.627529 4.214055 -17.274807 1.637465 -6.819718 22.275481 1.024447 -0.000000 0.000000 0.000000 -4.368204 -2.659287 3.214209 8.122960 16.397912 1.061449 -10.715313 -20.790942 2.808550 -0.000000 0.000000 0.000000 3.345156 0.926022 1.854358 -8.133640 -3.604436 0.198132 10.377971 -0.529517 1.852662 3.947310 -3.290203 -2.858600 -7.526284 3.098489 5.944633 -0.000000 0.000000 0.000000 -4.692678 -4.984103 1.815883 -8.594350 -3.827344 -4.386897 -18.019744 10.047285 -9.406656 7.157718 7.935793 33.937776 -6.239355 4.757121 -0.934716 -10.956613 0.757992 -5.032713 -16.486273 -4.598453 9.094863 14.221225 -10.111803 -15.912696 
-0.102276 95.228738 -51.497883 0.537496 1.989243 -2.842428 -3.316191 2.112083 2.643701 4.280791 -17.453530 1.669963 -6.898797 22.329729 1.081132 -0.000000 0.000000 0.000000 -3.920817 -2.937378 3.162357 7.544742 16.361622 1.201322 -10.503023 -20.608864 2.911016 -0.000000 0.000000 0.000000 3.261850 1.022400 1.900292 -8.148530 -3.687632 0.173788 10.422992 -0.533230 1.863243 4.094222 -3.398528 -2.876933 -7.619492 3.031628 5.978776 -0.000000 0.000000 0.000000 -4.797244 -5.089088 1.728220 -8.580572 -3.891305 -4.112285 -17.901217 10.035356 -9.422276 7.585565 8.612103 34.455574 -6.305952 4.732765 -0.958919 -11.000692 0.593760 -5.197325 -16.524844 -4.613044 9.122947 14.491698 -10.331224 -16.607408 
-0.026040 95.231187 -51.398641 0.480346 2.089926 -2.894644 -3.205956 2.052916 2.643857 4.318741 -17.608322 1.677469 -7.018433 22.442493 1.160278 -0.000000 0.000000 0.000000 -3.480019 -3.230103 3.086469 6.971311 16.337891 1.336915 -10.333283 -20.395424 3.046231 -0.000000 0.000000 0.000000 3.128004 1.138328 1.950813 -8.125115 -3.769407 0.166060 10.484655 -0.530492 1.871485 4.228665 -3.415246 -2.923034 -7.748827 2.932688 5.973533 -0.000000 0.000000 0.000000 -4.880563 -5.167003 1.681971 -8.547354 -3.975956 -3.850706 -17.773471 10.036668 -9.491741 7.665179 8.898057 34.947608 -6.350540 4.676672 -0.965308 -10.974273 0.471305 -5.421248 -16.333020 -4.555695 9.082776 14.787673 -10.423745 -17.414575 
0.051153 95.225495 -51.287758 0.435901 2.113367 -2.933663 -3.086160 1.944421 2.633321 4.350696 -17.653139 1.662412 -7.157953 22.565641 1.272340 -0.000000 0.000000 0.000000 -3.130099 -3.350002 3.023291 6.538923 16.365529 1.437532 -10.227212 -20.298087 3.113624 -0.000000 0.000000 0.000000 2.957434 1.252980 1.970055 -8.055536 -3.799202 0.186691 10.525635 -0.516877 1.872829 4.384835 -3.400659 -2.906264 -7.933859 2.863294 5.958114 -0.000000 0.000000 0.000000 -4.884938 -5.215177 1.583009 -8.534491 -4.019865 -3.557563 -17.798095 10.035366 -9.492058 7.582406 8.952177 35.103579 -6.332901 4.619059 -0.895438 -10.933925 0.381250 -5.730392 -16.208615 -4.490767 8.962752 15.032215 -10.460155 -18.317142 
0.115527 95.221746 -51.174831 0.410118 2.050569 -2.984183 -3.008766 1.909697 2.639103 4.439105 -17.614945 1.659925 -7.308500 22.628411 1.375631 -0.000000 0.000000 0.000000 -2.934295 -3.377748 3.027888 6.371147 16.376627 1.443099 -10.196290 -20.206396 3.144145 -0.000000 0.000000 0.000000 2.786631 1.321675 2.003258 -7.985316 -3.794263 0.207838 10.527507 -0.481883 1.858001 4.570876 -3.312804 -2.813854 -8.075640 2.839223 5.960666 -0.000000 0.000000 0.000000 -4.914757 -5.195130 1.405112 -8.516730 -4.014580 -3.191858 -17.677189 10.004767 -9.457560 7.778363 8.896870 34.834510 -6.238911 4.574725 -0.718992 -10.935222 0.356454 -6.081930 -16.033222 -4.419106 8.852704 15.288032 -10.330696 -19.217727 
0.167555 95.219529 -51.070088 0.384109 1.883183 -3.010386 -2.917963 1.888178 2.612947 4.521975 -17.500220 1.680506 -7.448867 22.697705 1.457780 -0.000000 0.000000 0.000000 -2.856878 -3.338308 3.042274 6.412916 16.341220 1.379946 -10.229778 -20.046407 3.224552 -0.000000 0.000000 0.000000 2.670568 1.383305 2.011733 -7.943137 -3.736227 0.216591 10.487542 -0.423369 1.830568 4.784081 -3.175472 -2.657549 -8.154356 2.793899 5.956123 -0.000000 0.000000 0.000000 -4.944995 -5.150238 1.153034 -8.464419 -3.964344 -2.780281 -17.451224 9.962066 -9.423655 8.292493 8.736626 34.181411 -6.120352 4.564491 -0.448958 -10.961520 0.359159 -6.462912 -15.851005 -4.357945 8.777681 15.550451 -10.024933 -19.981920 
0.210320 95.213515 -50.965935 0.341158 1.735110 -2.998643 -2.780117 1.829207 2.535742 4.564259 -17.341364 1.726313 -7.580967 22.758137 1.496732 -0.000000 0.000000 0.000000 -2.819200 -3.196547 3.080442 6.595537 16.268424 1.207927 -10.372405 -19.974608 3.308499 -0.000000 0.000000 0.000000 2.608052 1.405185 1.962829 -7.895143 -3.685837 0.234454 10.420973 -0.387463 1.806805 4.954857 -2.970178 -2.458033 -8.162306 2.714998 5.899076 -0.000000 0.000000 0.000000 -4.904974 -5.088103 0.955689 -8.394660 -3.878355 -2.447766 -17.150707 9.933087 -9.462424 8.748968 8.202468 33.193955 -6.025708 4.556734 -0.181668 -10.957199 0.450552 -6.750554 -15.686566 -4.306785 8.716482 15.734728 -9.703943 -20.572373 
0.252892 95.207202 -50.861138 0.306769 1.672132 -2.984665 -2.633076 1.721947 2.468536 4.547338 -17.203379 1.747557 -7.687758 22.799136 1.565655 -0.000000 0.000000 0.000000 -2.776225 -3.073115 3.101989 6.744984 16.195503 1.088719 -10.517771 -19.975623 3.357865 -0.000000 0.000000 0.000000 2.498224 1.421259 1.907815 -7.794683 -3.667648 0.267375 10.377610 -0.373422 1.789012 5.083045 -2.801102 -2.290211 -8.165344 2.620069 5.843323 -0.000000 0.000000 0.000000 -4.864047 -5.037398 0.884995 -8.344774 -3.853626 -2.343109 -16.917532 9.936593 -9.578160 9.072691 7.716858 32.289871 -5.939899 4.539870 -0.026193 -10.943844 0.551304 -6.865630 -15.634785 -4.277824 8.642625 15.852484 -9.597155 -20.914086 
0.306879 95.202911 -50.742227 0.289386 1.713565 -2.979807 -2.491166 1.636494 2.424083 4.490076 -17.146389 1.744127 -7.760086 22.789036 1.628130 -0.000000 0.000000 0.000000 -2.652276 -3.038782 3.097864 6.737607 16.090763 1.024225 -10.589678 -19.950216 3.443722 -0.000000 0.000000 0.000000 2.358259 1.436082 1.886720 -7.706280 -3.685077 0.290967 10.343719 -0.380065 1.779130 5.204724 -2.737548 -2.181529 -8.140545 2.553296 5.810950 -0.000000 0.000000 0.000000 -4.853878 -5.002940 0.880032 -8.369189 -3.900191 -2.434794 -16.784438 9.959160 -9.712786 9.342747 7.477699 31.520567 -5.883208 4.498714 0.012505 -10.956383 0.581800 -6.866839 -15.630471 -4.286763 8.667545 15.831072 -9.507437 -20.967396 
0.365562 95.197302 -50.612998 0.304081 1.839639 -2.977020 -2.357982 1.554571 2.389988 4.377109 -17.161910 1.730293 -7.804775 22.754982 1.677357 -0.000000 0.000000 0.000000 -2.495714 -3.074696 3.076718 6.634880 15.953483 0.991098 -10.644969 -19.896903 3.504941 -0.000000 0.000000 0.000000 2.172186 1.446701 1.876199 -7.610757 -3.730022 0.309216 10.296955 -0.408677 1.777799 5.319794 -2.729402 -2.099196 -8.097266 2.505099 5.792249 -0.000000 0.000000 0.000000 -4.841484 -4.981454 0.839720 -8.443848 -3.977026 -2.586627 -16.873684 9.985694 -9.754243 9.354491 7.299507 30.850671 -5.879668 4.448382 0.071846 -11.048643 0.614879 -6.873813 -15.719591 -4.319283 8.706660 15.845471 -9.430445 -20.830292 
0.432494 95.188081 -50.477260 0.376155 2.053936 -2.976242 -2.315751 1.450255 2.366926 4.302697 -17.168197 1.694189 -7.850027 22.652859 1.726547 -0.000000 0.000000 0.000000 -2.338665 -3.158078 3.042086 6.433985 15.786743 0.988860 -10.659356 -19.857790 3.551736 -0.000000 0.000000 0.000000 1.901014 1.457286 1.859906 -7.503570 -3.810653 0.349654 10.266157 -0.460018 1.767911 5.415558 -2.706515 -2.023526 -8.017922 2.462853 5.756579 -0.000000 0.000000 0.000000 -4.805573 -4.904193 0.772255 -8.496008 -4.103533 -2.806368 -17.038032 10.012109 -9.763695 8.939998 6.962393 30.160325 -5.862980 4.302984 0.170120 -11.057939 0.679239 -6.820878 -15.716136 -4.295777 8.622369 16.026953 -9.569322 -20.528634 
0.499310 95.181495 -50.342363 0.457706 2.274506 -2.976409 -2.278430 1.369690 2.341587 4.217282 -17.134774 1.678903 -7.876885 22.479601 1.734528 -0.000000 0.000000 0.000000 -2.195339 -3.204810 3.027178 6.246509 15.586812 0.950929 -10.676571 -19.825065 3.609169 -0.000000 0.000000 0.000000 1.628906 1.465197 1.831324 -7.373395 -3.893903 0.404718 10.217991 -0.510467 1.750312 5.474794 -2.642042 -1.938292 -7.933111 2.369551 5.694865 -0.000000 0.000000 0.000000 -4.742154 -4.801772 0.716921 -8.483321 -4.189516 -3.111509 -16.962327 10.002272 -9.768425 8.634234 6.448465 29.381244 -5.828740 4.120138 0.287116 -11.082329 0.701378 -6.655835 -15.847224 -4.255808 8.391521 16.162508 -9.709537 -20.348229 
0.561837 95.171696 -50.211805 0.534743 2.475755 -2.977860 -2.265796 1.315615 2.309521 4.196174 -17.083515 1.692348 -7.942344 22.278732 1.745790 -0.000000 0.000000 0.000000 -2.080351 -3.187343 3.030739 6.111948 15.371002 0.903072 -10.722478 -19.834208 3.670860 -0.000000 0.000000 0.000000 1.381908 1.456066 1.799513 -7.232419 -3.965834 0.446561 10.168166 -0.570770 1.718641 5.494122 -2.540303 -1.840987 -7.875013 2.286834 5.618827 -0.000000 0.000000 0.000000 -4.659551 -4.701721 0.621300 -8.408693 -4.219705 -3.402026 -16.645587 9.943482 -9.727634 8.791178 6.022479 28.591858 -5.770084 3.959625 0.453836 -11.184607 0.695077 -6.469943 -16.240585 -4.285476 8.236511 15.949189 -9.662005 -20.367225 
