HIERARCHY
ROOT pelvis
{
	OFFSET 0.336711 67.234850 0.081957
	CHANNELS 6 Xposition Yposition Zposition Xrotation Yrotation Zrotation 
	JOINT left_hip
	{
		OFFSET 5.161852 -7.173271 -2.658770
		CHANNELS 3 Xrotation Yrotation Zrotation
		JOINT left_knee
		{
			OFFSET 3.825699 -27.109534 -1.917410
			CHANNELS 3 Xrotation Yrotation Zrotation
			JOINT left_ankle
			{
				OFFSET -3.875891 -27.673483 -2.391137
				CHANNELS 3 Xrotation Yrotation Zrotation
				JOINT left_foot
				{
					OFFSET 3.519896 -3.835955 8.381749
					CHANNELS 3 Xrotation Yrotation Zrotation
					End Site
					{
						OFFSET 0.000000 0.000000 0.000000
					}
				}
			}
		}
	}
	JOINT right_hip
	{
		OFFSET -5.670209 -7.725073 -2.677211
		CHANNELS 3 Xrotation Yrotation Zrotation
		JOINT right_knee
		{
			OFFSET -2.958628 -26.262242 -2.185045
			CHANNELS 3 Xrotation Yrotation Zrotation
			JOINT right_ankle
			{
				OFFSET 1.703322 -28.059548 -1.501561
				CHANNELS 3 Xrotation Yrotation Zrotation
				JOINT right_foot
				{
					OFFSET -3.018604 -4.027848 8.489777
					CHANNELS 3 Xrotation Yrotation Zrotation
					End Site
					{
						OFFSET 0.000000 0.000000 0.000000
					}
				}
			}
		}
	}
	JOINT spine1
	{
		OFFSET -0.183131 7.845343 -1.300768
		CHANNELS 3 Xrotation Yrotation Zrotation
		JOINT spine2
		{
			OFFSET 0.415895 8.749021 0.092660
			CHANNELS 3 Xrotation Yrotation Zrotation
			JOINT spine3
			{
				OFFSET -0.894583 3.018822 2.735181
				CHANNELS 3 Xrotation Yrotation Zrotation
				JOINT neck
				{
					OFFSET -0.706670 12.288046 -3.499879
					CHANNELS 3 Xrotation Yrotation Zrotation
					JOINT head
					{
						OFFSET 1.767769 12.697320 1.761281
						CHANNELS 3 Xrotation Yrotation Zrotation
						JOINT jaw
						{
							OFFSET -1.042898 -0.028813 -0.507055
							CHANNELS 3 Xrotation Yrotation Zrotation
							End Site
							{
								OFFSET 0.000000 0.000000 0.000000
							}
						}
					}
				}
				JOINT left_collar
				{
					OFFSET 3.567749 6.306478 -1.183423
					CHANNELS 3 Xrotation Yrotation Zrotation
					JOINT left_shoulder
					{
						OFFSET 7.115131 5.034178 -1.395066
						CHANNELS 3 Xrotation Yrotation Zrotation
						JOINT left_elbow
						{
							OFFSET 19.569917 -5.662300 -2.537248
							CHANNELS 3 Xrotation Yrotation Zrotation
							JOINT left_wrist
							{
								OFFSET 17.490982 1.788936 -1.126390
								CHANNELS 3 Xrotation Yrotation Zrotation
								End Site
								{
									OFFSET 0.000000 0.000000 0.000000
								}
							}
						}
					}
				}
				JOINT right_collar
				{
					OFFSET -3.295464 6.340387 -1.693856
					CHANNELS 3 Xrotation Yrotation Zrotation
					JOINT right_shoulder
					{
						OFFSET -5.924977 4.585087 -1.037395
						CHANNELS 3 Xrotation Yrotation Zrotation
						JOINT right_elbow
						{
							OFFSET -20.531081 -3.028991 -1.459931
							CHANNELS 3 Xrotation Yrotation Zrotation
							JOINT right_wrist
							{
								OFFSET -17.518777 -0.180609 -2.053506
								CHANNELS 3 Xrotation Yrotation Zrotation
								End Site
								{
									OFFSET 0.000000 0.000000 0.000000
								}
							}
						}
					}
				}
			}
		}
	}
}
MOTION
Frames: 372
Frame Time: 0.033334
129.974496 68.121397 -235.717964 2.974680 -32.097086 -0.403062 -2.435385 2.563213 0.783833 -1.618469 -14.992841 4.849431 -5.923037 19.047521 2.342884 -0.000000 0.000000 0.000000 -5.180029 -4.289274 3.943693 1.641140 13.799378 -3.821497 -6.427148 -18.846326 3.867324 -0.000000 0.000000 0.000000 -1.072086 0.911325 -2.972278 -6.866798 -5.526276 1.796250 2.552829 1.428664 1.893208 14.645507 -8.651504 -5.890094 -3.763348 3.410369 12.289702 -0.000000 0.000000 0.000000 -9.005615 -3.285316 9.105484 -7.675245 -13.640059 -2.631075 7.088442 -1.012219 -6.046954 14.454500 9.883960 26.386092 -6.581885 1.277670 -7.572126 -21.535008 13.759443 2.083836 -2.287179 4.233252 5.980210 16.598716 -7.011025 -29.606322 
129.962981 68.122828 -235.696554 2.915924 -32.066963 -0.410602 -2.353975 2.551100 0.732924 -1.608638 -14.955020 4.903072 -5.948140 18.998776 2.305559 -0.000000 0.000000 0.000000 -5.072485 -4.314620 3.881643 1.573295 13.690329 -3.751312 -6.441479 -18.737782 3.827300 -0.000000 0.000000 0.000000 -1.135054 0.917370 -2.923141 -6.737212 -5.493464 1.746877 2.481205 1.426703 1.821115 14.843757 -8.653212 -5.935402 -3.797704 3.375753 12.231305 -0.000000 0.000000 0.000000 -9.009348 -3.204292 9.033460 -7.632335 -13.747920 -3.002926 7.387501 -1.251688 -5.843885 15.022321 9.672129 26.870372 -6.503619 1.208363 -7.521193 -21.635387 13.656657 2.275082 -2.403245 3.966341 6.054005 16.640531 -6.732430 -29.335455 
129.948044 68.126702 -235.677409 2.840177 -32.034617 -0.425147 -2.205603 2.555435 0.677304 -1.695042 -14.902722 4.974254 -5.921434 18.916275 2.220189 -0.000000 0.000000 0.000000 -4.964326 -4.305676 3.820791 1.543407 13.551426 -3.694255 -6.467790 -18.608369 3.792899 -0.000000 0.000000 0.000000 -1.253486 0.940323 -2.893739 -6.472665 -5.465665 1.717060 2.397551 1.417927 1.747650 15.070716 -8.509874 -6.004967 -4.007386 3.299960 12.282069 -0.000000 0.000000 0.000000 -8.984088 -3.143960 8.985507 -7.627756 -13.840981 -3.335086 7.478254 -1.532040 -5.599834 15.190033 9.113771 26.740018 -6.422688 1.169268 -7.505862 -21.789938 13.448178 2.582598 -3.185886 3.732574 5.990332 15.721237 -5.939327 -28.946668 
129.935861 68.129462 -235.658550 2.755181 -32.033567 -0.442928 -2.080296 2.555725 0.591992 -1.701798 -14.836879 5.092174 -5.944494 18.851664 2.162856 -0.000000 0.000000 0.000000 -4.874304 -4.284158 3.765856 1.558417 13.401631 -3.650824 -6.537606 -18.491721 3.806363 -0.000000 0.000000 0.000000 -1.389492 0.984940 -2.894253 -6.135303 -5.436482 1.737985 2.289179 1.414545 1.693687 15.350290 -8.320533 -6.105837 -4.310467 3.247965 12.396220 -0.000000 0.000000 0.000000 -8.919447 -3.045774 9.023812 -7.681152 -14.028090 -3.749224 7.669165 -1.704583 -5.311691 15.168816 8.812614 25.762692 -6.348746 1.071837 -7.495629 -21.982842 13.226489 3.003399 -4.292031 3.698631 5.708525 14.083564 -4.788110 -28.204637 
129.917526 68.131280 -235.642982 2.687197 -32.071026 -0.466637 -1.939185 2.613684 0.541639 -1.774441 -14.732847 5.178244 -5.928764 18.753474 2.107752 -0.000000 0.000000 0.000000 -4.784868 -4.293504 3.734960 1.534886 13.288933 -3.610585 -6.568801 -18.351203 3.866769 -0.000000 0.000000 0.000000 -1.529103 1.046929 -2.947102 -5.845335 -5.404410 1.821031 2.258186 1.426995 1.685676 15.631575 -8.131734 -6.220169 -4.567198 3.258958 12.528210 -0.000000 0.000000 0.000000 -8.866505 -2.939283 9.143856 -7.856886 -14.272756 -4.348120 7.629804 -1.668228 -5.140924 15.171634 8.944401 25.458510 -6.284478 0.892221 -7.413886 -22.192617 13.063448 3.466223 -5.043702 3.826384 5.465333 12.853191 -3.972391 -27.969962 
129.901421 68.134350 -235.626769 2.592311 -32.155624 -0.512132 -1.822370 2.648002 0.517383 -1.748623 -14.673988 5.230892 -5.980556 18.734719 2.099715 -0.000000 0.000000 0.000000 -4.662277 -4.323459 3.721382 1.495659 13.241324 -3.586257 -6.587211 -18.199742 3.859487 -0.000000 0.000000 0.000000 -1.621262 1.091617 -2.961898 -5.509069 -5.391211 1.910541 2.234487 1.416299 1.637608 15.820557 -7.854090 -6.288297 -4.716288 3.294352 12.576800 -0.000000 0.000000 0.000000 -8.828776 -2.826724 9.171652 -7.847088 -14.238907 -4.673591 7.846841 -1.842341 -4.954634 15.133902 8.919798 24.810816 -6.187331 0.775441 -7.247554 -22.159805 12.938099 4.026071 -5.288554 4.106209 5.118225 12.185155 -3.639798 -28.156963 
129.891288 68.139863 -235.614347 2.462231 -32.250836 -0.596247 -1.640844 2.672220 0.515770 -1.785112 -14.566468 5.270048 -6.005896 18.707420 2.064217 -0.000000 0.000000 0.000000 -4.529876 -4.360579 3.733189 1.500138 13.213651 -3.593059 -6.567706 -17.997604 3.807263 -0.000000 0.000000 0.000000 -1.709317 1.174043 -3.034001 -5.138602 -5.344034 2.084430 2.278878 1.438618 1.672944 16.036653 -7.682825 -6.348782 -4.950521 3.267826 12.589585 -0.000000 0.000000 0.000000 -8.667225 -2.699720 9.098155 -7.779619 -14.260449 -5.077776 7.906652 -1.972368 -4.875010 14.923978 8.785431 24.700442 -6.022891 0.594534 -7.029876 -21.915816 12.719975 4.532893 -5.403972 4.624875 4.830431 11.365273 -3.458888 -28.275358 
129.897463 68.145621 -235.612798 2.297819 -32.398796 -0.673362 -1.447254 2.692126 0.459577 -1.808331 -14.451937 5.327078 -6.031933 18.720172 2.056385 -0.000000 0.000000 0.000000 -4.361764 -4.351432 3.691723 1.438732 13.191998 -3.576920 -6.514693 -17.795559 3.800620 -0.000000 0.000000 0.000000 -1.655935 1.235475 -3.076579 -4.819055 -5.253727 2.216036 2.320016 1.464462 1.695684 16.141274 -7.522224 -6.310240 -5.049803 3.231504 12.510513 -0.000000 0.000000 0.000000 -8.534373 -2.483333 8.931452 -7.780501 -14.217343 -5.575707 7.899734 -2.142330 -4.633107 14.804445 8.776681 24.473317 -5.932046 0.364769 -6.680606 -21.863700 12.534086 5.247351 -5.625836 5.168743 4.441176 10.960549 -3.437634 -28.112122 
129.915714 68.150127 -235.613966 2.181907 -32.449474 -0.724279 -1.324315 2.696699 0.415285 -1.821611 -14.357536 5.366049 -6.032111 18.673462 2.082423 -0.000000 0.000000 0.000000 -4.245828 -4.373651 3.658129 1.400266 13.134719 -3.565926 -6.485372 -17.660319 3.853606 -0.000000 0.000000 0.000000 -1.578342 1.293943 -3.146493 -4.547823 -5.186093 2.378447 2.313930 1.467547 1.709889 16.153431 -7.501160 -6.233010 -4.990929 3.256625 12.415662 -0.000000 0.000000 0.000000 -8.365918 -2.146455 8.587980 -7.703222 -14.238513 -6.226682 7.694931 -2.386331 -4.300484 14.286529 9.049675 24.183077 -5.840030 -0.077332 -6.177440 -21.648908 12.364467 6.190908 -5.806575 6.062861 3.886562 10.644403 -3.755840 -28.007466 
129.921007 68.153489 -235.633397 2.154731 -32.352039 -0.744916 -1.315207 2.613464 0.426639 -1.844487 -14.264867 5.373656 -5.992605 18.572022 2.062388 -0.000000 0.000000 0.000000 -4.170590 -4.382494 3.674117 1.274510 12.930362 -3.561808 -6.473796 -17.631821 4.095543 -0.000000 0.000000 0.000000 -1.544361 1.364196 -3.245482 -4.252346 -5.160810 2.554986 2.204362 1.431830 1.690887 16.098492 -7.426576 -6.057708 -4.801852 3.225000 12.295969 -0.000000 0.000000 0.000000 -8.270755 -1.720453 7.934261 -7.538875 -14.375073 -6.880401 7.557996 -2.556931 -3.831538 13.896504 9.172749 23.351900 -5.791102 -0.639627 -5.412921 -21.256791 12.028265 7.359148 -6.000631 7.301369 3.113348 10.399176 -4.094893 -28.018180 
129.919946 68.154991 -235.641336 2.173962 -32.101431 -0.728657 -1.394708 2.518231 0.439518 -1.804476 -14.327663 5.363019 -5.971063 18.500312 1.981201 -0.000000 0.000000 0.000000 -4.160157 -4.432918 3.688447 1.239701 12.711298 -3.575598 -6.556174 -17.706432 4.200731 -0.000000 0.000000 0.000000 -1.678982 1.410618 -3.346361 -3.702021 -5.259521 2.689334 1.997351 1.278063 1.628473 15.837981 -7.212261 -5.871349 -4.683191 3.311519 12.152340 -0.000000 0.000000 0.000000 -7.996079 -1.363798 6.761392 -7.369595 -14.082489 -7.277448 6.348375 -2.634505 -3.624439 13.238834 9.013296 23.672632 -5.602394 -0.933168 -4.492612 -20.381758 11.595800 8.694107 -6.973085 8.017509 2.828946 8.847054 -3.680074 -29.331863 
129.966164 68.154430 -235.679340 2.254231 -32.072420 -0.644247 -1.483533 2.526491 0.355694 -1.877833 -14.289414 5.440934 -5.864641 18.373730 1.880910 -0.000000 0.000000 0.000000 -4.232798 -4.553840 3.697500 1.170498 12.899197 -3.720017 -6.354124 -17.674555 3.963417 -0.000000 0.000000 0.000000 -1.705911 1.491090 -3.268966 -3.104356 -5.218993 2.669132 1.426639 1.192835 1.373027 15.372563 -6.873384 -5.625042 -4.211276 3.539478 12.029445 -0.000000 0.000000 0.000000 -8.110017 -1.047796 4.816126 -6.366037 -14.081870 -7.010899 4.416850 -2.067482 -3.862155 11.938586 7.696918 23.550742 -5.331512 -0.816343 -3.326945 -17.887718 11.600276 10.010005 -8.203009 7.040536 2.952509 5.630737 -2.651982 -30.446486 
130.026627 68.161076 -235.708761 2.205024 -32.030166 -0.659647 -1.532360 2.507087 0.290615 -1.799279 -14.175122 5.463358 -5.850808 18.265922 1.969479 -0.000000 0.000000 0.000000 -4.186593 -4.751344 3.679834 1.088092 13.181471 -3.790363 -6.148093 -17.699890 3.855623 -0.000000 0.000000 0.000000 -1.599625 1.642807 -3.241515 -2.453499 -5.101043 2.646767 0.716788 1.205808 1.154149 14.655710 -6.618291 -5.328974 -3.532548 3.760000 11.978609 -0.000000 0.000000 0.000000 -8.041458 -0.882591 2.293402 -5.402356 -13.930064 -6.917568 2.376795 -1.451632 -3.919705 10.615023 6.346711 21.637535 -5.040612 -0.496303 -1.661823 -15.471722 11.138296 11.257330 -8.851161 5.889678 2.998607 3.234881 -2.331447 -27.914906 
130.091500 68.173647 -235.729170 1.947612 -31.992205 -0.789349 -1.301509 2.461621 0.230163 -1.868584 -14.066287 5.485380 -5.776594 18.153875 2.017452 -0.000000 0.000000 0.000000 -3.984980 -4.811073 3.599501 1.064741 13.226929 -3.756711 -6.092548 -17.707661 3.979994 -0.000000 0.000000 0.000000 -1.544242 1.824595 -3.276899 -1.345056 -4.934444 2.656554 -0.218490 1.282131 0.925062 13.739883 -6.246244 -4.970802 -2.929223 3.754873 11.906762 -0.000000 0.000000 0.000000 -7.679606 -0.483223 -0.474230 -5.026061 -13.586721 -7.737664 0.147947 -1.624685 -3.567049 10.386823 5.917262 18.930426 -4.541930 -0.156571 0.657691 -13.763772 10.322266 12.647963 -10.344709 5.198144 3.004292 1.072748 -2.235217 -23.768627 
130.144167 68.189651 -235.756922 1.580793 -31.881079 -0.984633 -1.062189 2.336783 0.205368 -1.757547 -13.905077 5.497676 -5.836326 18.017515 2.008488 -0.000000 0.000000 0.000000 -3.708979 -4.509397 3.544420 1.093307 12.756588 -3.680129 -6.230765 -17.811113 4.378959 -0.000000 0.000000 0.000000 -1.393422 2.044042 -3.414234 -0.525868 -4.668885 2.626147 -1.065441 1.443958 0.716689 12.995549 -6.006523 -4.532457 -2.708092 3.274431 12.034825 -0.000000 0.000000 0.000000 -7.140755 0.117061 -3.009114 -4.729235 -13.407890 -10.132159 -1.845081 -2.431077 -3.056822 9.860361 5.430808 17.184414 -3.841199 0.099190 3.103041 -11.871938 9.110715 14.956096 -12.117343 5.345414 2.826561 -2.668253 -1.770773 -20.709883 
130.182278 68.210119 -235.824299 1.196272 -31.743276 -1.170738 -0.785539 2.168834 0.207213 -1.750598 -13.686425 5.500394 -5.808760 17.819284 1.883576 -0.000000 0.000000 0.000000 -3.525810 -3.848932 3.602524 1.338934 11.852930 -3.761117 -6.425104 -17.763142 4.328677 -0.000000 0.000000 0.000000 -1.322532 2.362791 -3.665815 0.286836 -4.349284 2.538546 -2.067995 1.774543 0.469689 12.377650 -6.092946 -4.045138 -2.660871 2.684725 12.238504 -0.000000 0.000000 0.000000 -6.354944 0.617487 -5.927557 -4.238823 -13.333606 -13.162664 -3.134109 -3.493535 -2.286331 9.659028 5.202676 16.162496 -3.024992 0.133859 5.882685 -9.861119 7.935511 18.216561 -13.615430 6.368049 2.299436 -6.014666 -0.935546 -19.015461 
130.244696 68.227166 -235.906124 0.933039 -31.650991 -1.272396 -0.635928 1.887078 0.182868 -1.722804 -13.067918 5.499951 -5.778355 17.397756 1.697467 -0.000000 0.000000 0.000000 -3.540089 -3.207978 3.623111 1.658847 10.700121 -3.867496 -6.556681 -17.300123 4.152159 -0.000000 0.000000 0.000000 -1.516967 2.816048 -4.113646 1.210780 -3.920520 2.474864 -3.044708 2.206830 0.209729 11.631834 -6.079185 -3.456549 -2.759110 2.002395 12.160153 -0.000000 0.000000 0.000000 -5.243043 1.217568 -8.721490 -4.083857 -13.519076 -17.651578 -4.624787 -5.057878 -1.434673 9.538467 4.292871 16.929197 -2.388266 -0.092423 8.722616 -8.052865 7.162675 22.573012 -14.726734 7.741414 1.525662 -7.282152 0.414865 -18.751356 
130.350268 68.227899 -235.956836 0.886751 -31.662002 -1.270926 -0.631139 1.484374 0.141547 -1.785477 -12.175028 5.418241 -5.723750 16.901678 1.790553 -0.000000 0.000000 0.000000 -3.652902 -2.630405 3.577719 1.766865 9.744606 -3.932042 -6.460667 -16.837281 4.233582 -0.000000 0.000000 0.000000 -1.567740 3.183510 -4.523182 1.230183 -3.421006 2.273700 -3.771874 2.778507 -0.232594 10.839914 -6.027735 -2.912278 -2.629731 1.704163 11.709738 -0.000000 0.000000 0.000000 -4.261325 2.277891 -10.531165 -3.307964 -14.139540 -24.157429 -5.334131 -6.623323 -0.569821 7.359077 4.097433 17.437441 -2.121947 -1.036401 10.512569 -6.021896 7.720043 29.128460 -14.571966 9.041705 0.225033 -7.661196 0.098729 -19.306786 
130.509722 68.222952 -235.931706 0.898364 -31.699900 -1.284519 -0.640469 1.104423 0.078311 -1.879120 -11.449211 5.247606 -5.692196 16.584174 2.236804 -0.000000 0.000000 0.000000 -3.764077 -2.558975 3.459960 1.803588 9.314810 -3.971566 -6.320776 -16.489945 4.515724 -0.000000 0.000000 0.000000 -1.417207 3.714312 -4.958713 0.167500 -2.651698 2.100153 -4.067003 3.865624 -0.757339 10.104510 -6.793657 -2.588041 -1.843869 2.105921 11.150366 -0.000000 0.000000 0.000000 -3.411384 3.226895 -11.582386 -1.187660 -17.653575 -31.007902 -2.314418 -6.565148 -1.829811 2.811103 5.497231 19.399396 -2.087428 -2.699501 11.636085 -3.396640 10.007049 35.712313 -12.964496 9.019668 -0.611547 -8.739683 -3.119692 -20.284805 
130.689538 68.217146 -235.839248 1.032279 -31.700995 -1.242624 -0.779821 0.640279 -0.045633 -1.823443 -10.646704 5.153972 -5.792009 16.216274 2.453413 -0.000000 0.000000 0.000000 -3.846232 -2.360475 3.332995 1.679685 8.690403 -4.085035 -6.205372 -16.119564 4.961325 -0.000000 0.000000 0.000000 -1.537662 4.329509 -5.296577 -0.612991 -1.990597 1.782125 -4.646692 4.844062 -1.203508 9.774862 -6.544633 -2.369913 -1.004382 1.970504 10.756304 -0.000000 0.000000 0.000000 -2.801362 2.872389 -11.878267 0.143896 -20.779055 -37.716196 1.620475 -4.445501 -4.288194 1.715647 5.271863 14.842197 -1.842664 -2.520996 12.382703 -0.492116 12.814507 41.474123 -10.687566 7.523482 -0.639154 -9.541459 -6.238430 -17.698677 
130.845988 68.203431 -235.734487 1.151410 -31.211757 -1.195840 -0.900809 0.232788 -0.110772 -1.886362 -10.363454 5.011271 -5.803176 15.804505 2.520553 -0.000000 0.000000 0.000000 -3.852640 -2.233786 3.273128 1.621375 7.872497 -4.286318 -6.327077 -15.968567 5.298600 -0.000000 0.000000 0.000000 -2.174772 4.834937 -5.380913 -0.257342 -1.708831 1.257083 -5.540221 5.292046 -1.763551 9.310982 -6.026285 -1.961137 -0.070987 2.031701 10.591454 -0.000000 0.000000 0.000000 -1.852885 1.364390 -12.388086 -0.018662 -22.613447 -44.065022 5.374545 -2.239540 -4.007252 4.676173 7.651918 6.298524 -1.507806 -0.961101 12.743047 1.393552 16.059404 47.278823 -7.404562 6.457203 -0.614363 -9.163507 -8.619056 -13.565360 
130.936754 68.198752 -235.629630 1.423245 -30.185844 -0.953325 -1.251507 -0.269505 -0.246867 -1.858520 -10.597671 4.898625 -5.715477 15.475761 2.507517 -0.000000 0.000000 0.000000 -3.927295 -2.342921 3.102763 1.545058 7.068936 -4.374759 -6.417179 -16.102678 5.302239 -0.000000 0.000000 0.000000 -2.477482 5.028508 -5.331738 -0.610456 -1.604861 0.600663 -6.034267 5.611689 -2.346299 8.452243 -6.369129 -1.554727 0.478374 2.640539 10.818224 -0.000000 0.000000 0.000000 -1.065178 0.765290 -13.524600 0.765542 -24.074015 -47.926368 8.053872 -3.528414 -2.969389 5.007964 8.749010 5.638878 -1.429029 -0.904154 13.056331 1.446895 18.363892 52.416978 -5.245855 5.764836 0.590059 -6.257609 -9.492221 -14.354302 
130.973792 68.192160 -235.534310 1.803561 -29.332752 -0.661560 -1.592762 -0.525863 -0.387016 -1.993344 -10.912006 4.880001 -5.542042 15.190001 2.382861 -0.000000 0.000000 0.000000 -4.109296 -2.197601 2.948064 1.484198 6.294470 -4.369592 -6.479290 -16.277946 5.107339 -0.000000 0.000000 0.000000 -2.488173 4.971129 -5.247181 -1.491325 -1.421306 0.068522 -6.056796 5.912965 -2.641620 7.513637 -6.748621 -1.353362 0.140484 2.935545 11.056019 -0.000000 0.000000 0.000000 -1.046420 1.058063 -14.615246 1.600363 -24.928077 -50.392177 7.712828 -5.294863 -2.500083 2.485703 7.479901 10.619861 -1.398699 -0.848905 13.477099 2.132884 20.184254 55.525135 -3.599564 6.347508 2.437607 -5.821489 -8.702176 -16.905450 
130.986917 68.174541 -235.410929 1.799264 -29.050170 -0.616076 -1.545141 -0.482984 -0.603381 -1.895447 -10.753469 5.088594 -5.666705 14.753811 2.503550 -0.000000 0.000000 0.000000 -3.805290 -1.807567 2.925058 1.224135 5.516029 -4.526326 -6.516749 -16.165856 5.384550 -0.000000 0.000000 0.000000 -2.267718 4.927359 -5.119025 -2.100482 -1.146577 -0.095861 -5.780503 6.054956 -2.500249 6.725454 -7.007368 -1.633643 -0.376141 3.079399 10.843211 -0.000000 0.000000 0.000000 -1.013709 0.974808 -15.162257 1.742832 -24.944360 -52.597698 7.102699 -7.408879 -1.428266 1.023713 6.749202 11.098175 -1.106250 -0.596053 14.149323 4.391546 20.339462 55.636146 1.291924 10.923720 2.057327 -3.959521 -6.991024 -12.732070 
131.013525 68.161809 -235.307503 2.004358 -28.955393 -0.592412 -1.642984 -0.559469 -0.640333 -1.920584 -10.427063 5.219220 -5.735711 14.416932 2.434822 -0.000000 0.000000 0.000000 -3.837110 -1.883672 2.820628 1.023727 4.987668 -4.343786 -6.505523 -15.675921 5.593622 -0.000000 0.000000 0.000000 -2.326452 4.985441 -5.144215 -2.070550 -1.157182 0.367503 -5.661032 5.920315 -2.022048 6.337026 -6.955494 -2.104768 -0.786408 3.059629 10.392477 -0.000000 0.000000 0.000000 -1.186180 0.298039 -14.817353 2.046146 -25.536325 -54.618486 7.126861 -9.109207 -1.478699 -2.114827 4.228994 9.668902 -0.968501 0.077910 14.398249 6.522123 19.709014 53.502078 3.758614 13.946584 1.040644 -4.332809 -3.681474 -12.593931 
131.035256 68.155360 -235.191250 2.176237 -29.210465 -0.509807 -1.786276 -0.704931 -0.800358 -1.672796 -10.205511 5.377131 -6.047038 14.535107 2.441017 -0.000000 0.000000 0.000000 -3.856092 -1.786855 2.662426 0.836629 4.754907 -4.210617 -6.478818 -15.287632 5.651566 -0.000000 0.000000 0.000000 -2.587402 4.892824 -5.358506 -1.241037 -1.311949 1.140551 -5.634251 5.600806 -1.488763 6.127782 -6.461207 -2.271090 -0.882643 2.823366 9.889723 -0.000000 0.000000 0.000000 -1.666235 0.170238 -14.404086 2.376137 -26.237522 -55.650789 7.491427 -10.500241 -2.245827 -4.718537 0.926281 6.965351 -1.156438 0.820555 14.871530 7.115910 19.487860 50.916060 1.827643 12.739648 0.540020 -7.695470 -0.568291 -15.791934 
131.050658 68.154895 -235.034871 1.945077 -29.778152 -0.509775 -1.303555 -0.749599 -1.033444 -1.758244 -9.717681 5.334128 -6.202047 14.668120 2.711650 -0.000000 0.000000 0.000000 -3.553123 -1.862923 2.420803 0.796173 5.003779 -4.231645 -6.495328 -14.907592 5.829118 -0.000000 0.000000 0.000000 -2.564157 4.849135 -5.388130 -0.044843 -1.569608 1.791439 -5.567788 5.239025 -1.035437 6.121973 -6.368358 -2.299970 -0.927673 2.805089 9.770594 -0.000000 0.000000 0.000000 -1.726493 0.026604 -14.272257 2.548839 -26.455688 -55.865896 8.127119 -12.390877 -2.543927 -5.930269 -0.205908 4.282968 -0.895464 0.979760 15.031473 5.401449 18.087333 49.037695 -2.020958 10.893688 0.553148 -9.509777 -0.214245 -17.664973 
131.133878 68.137473 -234.954286 2.217860 -29.801727 -0.378468 -1.613644 -0.348700 -1.131361 -1.697883 -10.014831 5.293088 -6.211127 14.602267 2.901453 -0.000000 0.000000 0.000000 -3.874755 -1.787827 2.357885 0.947613 5.192820 -4.308227 -6.537645 -15.161738 5.880327 -0.000000 0.000000 0.000000 -2.649245 4.335184 -5.044172 0.781195 -2.003413 2.411396 -5.318898 4.651622 -0.724587 6.035523 -6.877713 -2.300146 -0.675626 3.429275 9.830589 -0.000000 0.000000 0.000000 -1.488792 -0.119589 -14.645567 3.337147 -26.556137 -55.609682 9.454289 -14.743789 -1.761708 -7.176159 0.683820 4.202009 -0.403021 0.526108 15.202400 3.650760 16.970672 47.923917 -4.749659 10.574713 -0.407507 -11.163653 -0.412084 -19.748816 
131.204498 68.137902 -234.839416 2.224875 -30.142429 -0.356453 -1.542974 -0.245079 -1.273050 -1.651056 -10.046433 5.235650 -6.326815 14.845691 3.118693 -0.000000 0.000000 0.000000 -3.939256 -1.715796 2.218649 1.095045 5.567077 -4.355051 -6.516936 -15.273174 6.061145 -0.000000 0.000000 0.000000 -2.498462 3.870986 -4.576671 1.449170 -2.433325 2.837006 -4.906891 3.988408 -0.412156 6.176912 -7.475624 -2.228682 -0.624454 4.293005 9.985853 -0.000000 0.000000 0.000000 -1.265147 -0.090204 -15.174983 4.206558 -26.264302 -55.289632 10.539053 -16.630060 -0.950174 -7.066564 1.454467 6.476348 0.024651 -0.038536 15.038169 1.717703 15.878257 47.039737 -6.814964 10.727396 -0.094762 -11.916507 -0.288379 -21.107244 
131.273425 68.127716 -234.731793 2.203550 -30.486124 -0.362224 -1.516736 -0.211825 -1.434854 -1.437678 -9.959279 5.288907 -6.570284 15.042774 3.293088 -0.000000 0.000000 0.000000 -3.983366 -1.623284 2.095001 1.257040 5.800393 -4.353536 -6.595963 -15.301609 6.221682 -0.000000 0.000000 0.000000 -2.278910 3.428646 -4.132748 1.991239 -2.828550 3.173392 -4.431087 3.335314 -0.116310 6.285872 -7.988092 -2.163154 -0.541007 4.934975 10.115069 -0.000000 0.000000 0.000000 -1.035924 -0.146367 -15.820539 4.990400 -25.791609 -54.934443 11.128892 -17.876627 -0.262995 -6.776334 1.327884 9.017355 0.389687 -0.349171 15.087866 0.448390 14.890833 45.955549 -7.977728 12.125067 0.313986 -13.453471 0.298021 -20.152046 
131.342328 68.121958 -234.631133 2.203351 -30.928143 -0.347168 -1.412286 -0.219029 -1.617110 -1.417301 -9.750190 5.335794 -6.737170 15.250356 3.482072 -0.000000 0.000000 0.000000 -3.997234 -1.655673 1.927652 1.272149 5.977210 -4.339775 -6.621014 -15.038915 6.460542 -0.000000 0.000000 0.000000 -2.038286 3.113625 -3.803358 2.432327 -3.109160 3.418401 -4.055441 2.832630 0.068750 6.380070 -8.465365 -2.197068 -0.512070 5.395970 10.262222 -0.000000 0.000000 0.000000 -0.873874 -0.349194 -16.367742 5.507911 -25.287607 -54.734227 10.950151 -18.362549 0.056174 -7.277047 0.889838 10.676646 0.649677 -0.339033 15.241768 -0.378712 14.222888 44.717480 -8.171132 13.840760 0.746888 -14.689849 1.251102 -18.605335 
131.400394 68.111503 -234.532571 2.226961 -31.333223 -0.344042 -1.355595 -0.221326 -1.767748 -1.354302 -9.543580 5.383180 -6.925506 15.439576 3.692849 -0.000000 0.000000 0.000000 -4.036019 -1.619163 1.799871 1.330690 6.148909 -4.312521 -6.712057 -14.844744 6.591691 -0.000000 0.000000 0.000000 -1.829706 2.899388 -3.563868 2.824089 -3.295680 3.585223 -3.764241 2.489414 0.190454 6.508328 -8.911725 -2.263614 -0.648273 5.668208 10.342263 -0.000000 0.000000 0.000000 -0.770287 -0.562264 -16.790671 5.838389 -24.804635 -54.580235 10.386905 -18.608846 0.071607 -8.359089 0.772817 11.125980 0.878085 -0.052224 15.306083 -0.732220 14.022120 43.617199 -7.608230 15.782796 1.048742 -16.738827 2.247855 -16.864255 
131.443977 68.100321 -234.423089 2.359276 -31.583457 -0.253495 -1.412863 -0.288137 -1.914586 -1.289921 -9.259525 5.394459 -7.045632 15.470890 3.860491 -0.000000 0.000000 0.000000 -4.086873 -1.554630 1.648369 1.248354 6.184146 -4.279091 -6.672380 -14.672564 6.713194 -0.000000 0.000000 0.000000 -1.633215 2.732417 -3.417070 2.954823 -3.442590 3.683132 -3.462487 2.261073 0.215046 6.566457 -9.181650 -2.296995 -0.601443 5.744080 10.330392 -0.000000 0.000000 0.000000 -0.754392 -0.718635 -16.957449 5.990798 -24.341403 -54.574947 9.694439 -18.502273 -0.207881 -9.436761 0.371457 10.817166 1.037858 0.174369 15.342684 -0.922800 13.917870 42.896337 -6.186452 17.976675 0.988747 -15.676325 3.045506 -16.561325 
131.459332 68.087816 -234.261298 2.469145 -31.637336 -0.155123 -1.370048 -0.434711 -2.026305 -1.329184 -9.085143 5.309911 -7.126675 15.486287 3.997574 -0.000000 0.000000 0.000000 -4.095771 -1.543354 1.488635 1.243089 6.139427 -4.257744 -6.622688 -14.622184 6.793875 -0.000000 0.000000 0.000000 -1.475449 2.586673 -3.347509 2.963096 -3.583686 3.752293 -3.163658 2.065583 0.230431 6.662995 -9.414085 -2.322571 -0.561650 5.819301 10.307194 -0.000000 0.000000 0.000000 -0.694841 -0.879487 -17.018312 6.158309 -24.034537 -54.609585 9.306154 -18.324014 -0.367592 -10.417789 0.066153 10.683589 1.117845 0.363478 15.296521 -0.994695 14.028148 42.616255 -4.705993 20.001155 0.818895 -15.109575 3.472863 -16.341892 
131.468070 68.070853 -234.040308 2.525202 -31.771378 -0.070341 -1.213489 -0.535411 -2.177398 -1.347986 -8.829662 5.217222 -7.301525 15.449911 4.177522 -0.000000 0.000000 0.000000 -3.948792 -1.488814 1.297018 1.143281 6.080378 -4.268818 -6.568667 -14.515671 6.962462 -0.000000 0.000000 0.000000 -1.487269 2.528054 -3.281700 3.207028 -3.628462 3.756458 -3.009690 1.945552 0.182652 6.796349 -9.418374 -2.236755 -0.591696 5.752598 10.241640 -0.000000 0.000000 0.000000 -0.576482 -1.026209 -17.074224 6.430949 -23.673106 -54.426467 9.894954 -18.298465 0.080401 -10.382004 -0.135171 10.012872 1.201668 0.618907 15.227740 -1.178972 14.179840 42.883122 -3.529891 21.751003 0.480433 -14.399778 3.618927 -16.218391 
131.527376 68.047076 -233.827806 2.523913 -31.590805 -0.112457 -1.000918 -0.745504 -2.247088 -1.495547 -8.671007 5.137611 -7.442674 15.282585 4.390553 -0.000000 0.000000 0.000000 -3.686761 -1.414029 1.208053 0.997534 5.859869 -4.306922 -6.710682 -14.589851 7.133444 -0.000000 0.000000 0.000000 -1.317778 2.480605 -3.222049 3.284372 -3.721145 3.736306 -2.803391 1.800769 0.149204 6.828819 -9.284677 -2.018833 -0.727419 5.430029 10.164134 -0.000000 0.000000 0.000000 -0.505408 -1.187019 -16.978323 6.556065 -23.452928 -54.310116 10.364132 -18.224699 0.381052 -9.820864 -0.781881 10.176876 1.162630 0.908507 15.053349 -1.209865 14.351094 43.636154 -2.664218 23.197816 0.053305 -14.207769 3.929916 -16.138044 
131.628382 68.017447 -233.590221 2.638376 -31.491122 -0.162004 -0.816357 -0.877044 -2.338160 -1.746292 -8.483139 5.146655 -7.636374 15.076588 4.701021 -0.000000 0.000000 0.000000 -3.379781 -1.164821 1.146327 0.648788 5.599172 -4.342029 -6.976285 -14.658735 7.402331 -0.000000 0.000000 0.000000 -1.340158 2.486549 -3.186514 3.503248 -3.702040 3.718801 -2.695155 1.713246 0.115103 6.880364 -9.041494 -1.690742 -1.012663 4.926176 10.120468 -0.000000 0.000000 0.000000 -0.442535 -1.227698 -16.893153 6.948884 -23.101625 -53.810215 10.929363 -18.815625 0.699039 -8.892296 -1.894508 10.821966 1.112226 1.198819 14.924681 -0.924503 14.509379 44.502516 -1.895306 24.734273 -0.252678 -14.738174 4.572706 -16.007060 
131.702709 67.973840 -233.309722 2.866567 -31.372089 -0.121651 -0.644341 -0.970277 -2.431167 -2.101214 -8.249316 5.140332 -7.784964 14.720875 4.964230 -0.000000 0.000000 0.000000 -3.011782 -0.843966 1.058543 0.059661 5.212346 -4.373306 -7.110960 -14.676708 7.608924 -0.000000 0.000000 0.000000 -1.447381 2.500755 -3.246401 3.798751 -3.659279 3.694102 -2.618439 1.625820 0.079620 6.853755 -8.709162 -1.330120 -1.424724 4.206632 10.198824 -0.000000 0.000000 0.000000 -0.349459 -1.183198 -16.830361 7.887658 -22.490763 -52.468355 11.594208 -20.796165 0.933272 -8.422798 -4.539491 12.497388 1.035977 1.482859 14.931391 -0.218145 14.430121 45.123767 -1.168405 26.923888 -0.220256 -15.486155 6.428544 -16.375523 
131.633139 67.932957 -232.922888 3.103305 -31.134680 0.065096 -0.420310 -1.043172 -2.536902 -2.333428 -7.868424 4.976370 -7.920853 14.211808 4.962122 -0.000000 0.000000 0.000000 -2.573921 -0.833095 0.851738 -0.558146 4.540816 -4.379338 -6.859753 -14.331261 7.756071 -0.000000 0.000000 0.000000 -1.776331 2.485358 -3.399314 4.630741 -3.602507 3.609112 -2.760691 1.490122 -0.038629 6.886514 -8.112592 -0.992002 -2.026458 2.953361 10.435744 -0.000000 0.000000 0.000000 -0.142503 -1.087713 -16.894787 9.663006 -21.223029 -49.487957 13.495499 -24.814848 1.683694 -7.636315 -10.305034 15.734703 0.999121 1.887130 15.136722 0.665335 13.654431 45.394870 -0.098323 29.777415 -0.377993 -15.344164 11.833240 -17.572111 
131.410193 67.883927 -232.487082 3.350720 -30.737846 0.464756 -0.195219 -1.169251 -2.628664 -2.456555 -7.483222 4.615660 -7.966381 13.572598 4.587738 -0.000000 0.000000 0.000000 -2.139109 -0.880495 0.496775 -1.140257 3.708180 -4.330678 -6.084208 -13.948636 7.560517 -0.000000 0.000000 0.000000 -1.966558 2.337577 -3.817743 5.679464 -3.508459 3.578843 -2.939901 1.262586 -0.082615 6.718897 -7.023134 -0.753541 -2.642748 1.123597 10.252483 -0.000000 0.000000 0.000000 0.063090 -0.966335 -16.754105 11.982949 -19.389177 -44.875694 18.107280 -30.560390 4.011499 -3.909399 -19.293553 23.716789 0.910289 2.551519 15.663241 1.852765 12.535422 44.646485 1.629238 33.555542 -1.664643 -14.492945 21.075995 -22.316810 
131.182981 67.779702 -232.046962 2.815509 -30.526036 0.585261 0.912176 -2.468242 -3.020417 -2.700005 -9.050172 4.161516 -8.928826 16.075669 6.322830 -0.000000 0.000000 0.000000 -3.171286 -0.925293 -0.217245 2.565047 4.119037 -3.964032 -8.177462 -14.476705 7.083082 -0.000000 0.000000 0.000000 -1.122272 2.110307 -3.846110 6.402438 -3.357133 3.069966 -1.988383 1.205961 -0.083689 4.909294 -5.564365 -0.799275 -2.578948 -1.087214 9.577922 -0.000000 0.000000 0.000000 0.235687 -0.499256 -15.802027 12.008144 -16.958750 -39.736354 26.211405 -36.042737 8.687353 5.202534 -27.387953 38.671007 0.205619 4.137807 14.930834 2.462857 11.076945 44.256043 2.325497 37.746213 -3.528512 -6.750087 28.210938 -34.997796 
130.982220 67.669845 -231.736612 1.102888 -30.554443 0.240332 2.921687 -1.873604 -3.035712 -2.926475 -10.077318 2.995671 -9.354274 16.386810 6.945487 -0.000000 0.000000 0.000000 -4.345111 -1.261755 -1.211338 8.224506 4.744757 -3.448161 -10.365635 -14.697538 6.585118 -0.000000 0.000000 0.000000 1.556373 1.703607 -4.420281 6.405792 -2.731392 2.718832 -0.782799 1.338332 0.185274 3.169630 -5.025722 -0.619631 -3.101059 -2.622846 8.643084 -0.000000 0.000000 0.000000 0.328843 -1.218212 -14.089881 12.070327 -14.494966 -34.353070 31.621293 -42.705803 14.394303 9.726763 -29.900548 50.245628 0.070909 5.174935 14.425733 2.406575 9.300919 41.764526 5.417390 43.737616 -7.184673 -2.605760 30.833434 -45.454949 
130.896878 67.529935 -231.559825 -1.325579 -30.517245 -0.282732 5.546625 -0.997109 -3.152754 -3.378336 -11.340996 1.615715 -9.841002 16.533337 7.602588 -0.000000 0.000000 0.000000 -5.389630 -1.591459 -2.549494 14.837281 4.950602 -2.794045 -13.127609 -14.570662 6.035598 -0.000000 0.000000 0.000000 5.208759 1.209595 -5.264670 6.222193 -1.928993 2.337927 0.504322 1.556836 0.545335 1.744187 -4.923811 -0.396644 -4.455578 -3.953225 8.040981 -0.000000 0.000000 0.000000 0.475764 -1.945908 -12.098473 11.137676 -12.117033 -28.627422 36.200638 -49.450372 20.630711 13.379103 -30.580909 59.706407 0.065880 5.965540 13.818220 1.972410 6.918972 37.589959 11.672407 50.823222 -12.690338 1.661384 32.450306 -52.515184 
130.959988 67.535037 -231.434488 -3.397128 -30.377593 -1.104026 7.688647 -0.326518 -3.245300 -3.641237 -12.474012 1.051986 -10.028588 16.801541 8.032473 -0.000000 0.000000 0.000000 -7.536136 -2.034603 -3.395952 22.624853 4.141260 -2.533360 -14.328386 -14.341101 6.189603 -0.000000 0.000000 0.000000 8.394712 0.649830 -5.491607 7.101227 -1.152090 2.264975 0.847025 1.806944 0.739858 1.086088 -4.742242 -0.424411 -6.982450 -5.058059 7.828864 -0.000000 0.000000 0.000000 0.467251 -2.912693 -10.960623 10.079515 -9.197930 -22.782899 41.544604 -55.203468 28.806906 17.100732 -29.803059 66.831819 0.355252 7.096341 13.342216 1.802435 4.053055 32.021649 23.262376 57.647189 -23.367818 7.967940 32.285947 -58.713515 
131.084454 67.647976 -231.278706 -4.695948 -30.105444 -2.214684 8.581188 0.141471 -3.035836 -2.756555 -13.222362 1.314095 -10.554880 16.947204 8.320162 -0.000000 0.000000 0.000000 -10.962597 -2.429221 -3.576466 30.785465 2.298871 -2.277591 -12.745931 -14.004171 6.886275 -0.000000 0.000000 0.000000 10.768645 0.014328 -4.883878 8.153810 -0.413192 2.333596 0.963620 1.959504 0.725878 1.322562 -4.350036 -0.554370 -10.348108 -5.838205 7.637000 -0.000000 0.000000 0.000000 0.794164 -3.757078 -9.807783 8.250820 -6.317516 -18.021437 47.735379 -59.820857 38.237991 20.214696 -28.957094 71.745482 1.057996 8.058959 11.821086 0.971041 1.356101 27.208906 38.561913 62.790601 -37.575492 13.517584 31.545957 -64.395263 
131.182837 67.751771 -231.095195 -5.132989 -29.203182 -3.411127 8.029311 0.183801 -2.174239 -0.568263 -13.991324 1.783736 -11.657740 16.945766 8.596708 -0.000000 0.000000 0.000000 -15.055025 -2.565814 -3.168321 37.531892 -0.086294 -1.440426 -9.527601 -15.008770 6.347123 -0.000000 0.000000 0.000000 13.109085 -0.882910 -3.997782 7.998163 -0.032838 2.575093 1.238783 1.890292 0.960398 2.148851 -3.734218 -0.690474 -13.873877 -6.225984 7.339612 -0.000000 0.000000 0.000000 1.177879 -4.184783 -8.340469 6.407610 -3.690250 -14.567719 55.765345 -63.659273 49.408498 22.287546 -26.960797 75.802665 1.624381 8.584886 9.521096 0.200841 -0.765564 23.606910 57.632419 65.589215 -55.636753 16.762510 30.918613 -69.299366 
131.199741 67.797852 -230.853415 -5.070831 -27.836182 -4.375567 6.673392 0.000797 -0.955889 2.361865 -14.676205 1.936179 -13.184989 16.616309 8.553989 -0.000000 0.000000 0.000000 -18.866851 -2.573413 -2.923424 41.401100 -2.123299 0.192977 -8.747938 -16.532138 5.132305 -0.000000 0.000000 0.000000 15.562938 -1.856192 -3.025352 6.606093 0.008446 2.604561 2.016011 1.753611 1.421222 3.181883 -2.875722 -0.926722 -16.879050 -6.524854 7.294509 -0.000000 0.000000 0.000000 1.035044 -4.126090 -6.631112 4.949968 -2.178774 -11.942000 65.269471 -66.158735 61.576715 24.200572 -24.145091 78.438438 1.791511 8.646721 7.062580 -0.420810 -2.514020 21.029865 77.995631 65.153858 -75.391687 20.493822 29.572169 -73.339248 
131.101525 67.757779 -230.563116 -5.031050 -26.863878 -5.106449 5.199325 -0.105707 0.055217 5.817673 -14.764860 1.998724 -15.107038 15.993932 8.503335 -0.000000 0.000000 0.000000 -21.755858 -2.312974 -2.711996 41.567860 -2.955568 1.405567 -8.997532 -16.493595 5.195289 -0.000000 0.000000 0.000000 17.812295 -2.336632 -2.260287 5.479840 0.111804 2.452667 2.874169 1.642378 1.855925 3.877289 -1.966749 -1.115251 -19.039768 -6.918645 7.331582 -0.000000 0.000000 0.000000 0.880408 -4.236160 -4.770722 3.518741 -1.710372 -9.946122 74.821382 -67.334866 73.886392 25.640779 -22.435761 79.983990 1.971683 8.542022 4.664387 -1.267922 -4.021576 19.156922 94.960624 63.400735 -92.505048 23.243566 28.168934 -76.115012 
130.858994 67.585218 -230.275965 -4.966871 -26.543315 -5.563735 3.639531 -0.465767 0.660715 9.665108 -14.507361 2.117584 -17.518524 15.753697 8.932622 -0.000000 0.000000 0.000000 -24.287826 -1.660395 -2.266543 38.798094 -2.204404 1.746322 -7.675950 -15.334085 6.343467 -0.000000 0.000000 0.000000 19.528764 -2.506532 -1.828915 5.208211 0.259935 2.230611 3.650383 1.650111 2.138089 4.048237 -0.878750 -1.188898 -20.873715 -7.340180 7.436941 -0.000000 0.000000 0.000000 0.848738 -4.583818 -3.148817 1.915278 -1.468877 -8.046019 84.613032 -67.340022 86.637165 27.121091 -20.504507 81.124555 2.468868 8.716599 2.574410 -2.615948 -5.130494 17.504238 108.009309 60.969245 -106.539779 24.788119 26.910489 -78.013191 
130.470824 67.276460 -229.945040 -4.864189 -26.419355 -5.829241 2.013519 -0.841907 1.175143 13.840148 -13.997999 2.106319 -20.310671 15.396568 9.386938 -0.000000 0.000000 0.000000 -26.199943 -0.762252 -1.679887 33.815806 -0.917621 1.562321 -6.458890 -13.677230 7.719329 -0.000000 0.000000 0.000000 20.997862 -2.549202 -1.618695 5.385835 0.274511 2.087687 3.983097 1.627671 2.371813 4.104438 0.380984 -1.226122 -22.496113 -7.751733 7.455818 -0.000000 0.000000 0.000000 0.865030 -4.972308 -1.802325 0.482558 -1.699602 -6.431194 93.484493 -66.636462 98.490819 28.618496 -18.989149 81.536217 3.014702 9.133410 0.986438 -3.999182 -5.580521 15.912134 116.619919 57.926516 -116.905494 26.230391 25.878205 -79.450625 
129.955125 66.819692 -229.558897 -4.679272 -26.374207 -5.926338 0.121248 -1.355645 1.736718 18.575971 -13.452165 1.795861 -23.371249 15.014743 9.754261 -0.000000 0.000000 0.000000 -27.634224 0.256717 -1.020769 27.642230 0.451569 1.048138 -5.151965 -12.272389 8.696702 -0.000000 0.000000 0.000000 22.491795 -2.627299 -1.585424 5.324500 0.085988 1.987683 4.150377 1.477752 2.672933 3.876471 1.693229 -1.194820 -23.630508 -7.950466 7.361924 -0.000000 0.000000 0.000000 0.886487 -5.278740 -0.490775 -0.904403 -2.201298 -5.205279 101.414513 -65.149310 109.260659 29.631493 -17.864968 80.061161 3.444751 9.547789 -0.302118 -5.605394 -5.047970 14.535932 122.024781 54.798755 -124.360938 27.263312 24.789802 -80.211585 
129.334486 66.233587 -229.069710 -4.161271 -26.512801 -5.669747 -1.742931 -1.448429 2.241548 22.812553 -12.962582 1.299946 -26.224181 14.383874 9.973766 -0.000000 0.000000 0.000000 -28.976070 0.905976 -0.426294 21.061346 1.250465 0.062156 -2.397938 -11.273332 9.431583 -0.000000 0.000000 0.000000 23.524357 -2.937214 -1.877754 4.874917 -0.329572 1.978845 4.363975 1.240071 2.976547 3.720507 2.751668 -1.035744 -24.331011 -7.707798 7.347814 -0.000000 0.000000 0.000000 1.127134 -5.763923 0.729496 -1.787549 -2.448269 -4.182223 107.917892 -63.273643 118.306104 29.892157 -16.991790 79.533122 3.500023 10.276511 -1.372432 -7.300892 -3.362542 13.705125 125.161500 52.146819 -129.102409 27.672860 23.739999 -80.467659 
128.564453 65.684146 -228.397346 -3.428782 -27.044523 -4.910142 -2.468934 -1.342382 2.255784 24.992879 -12.130532 0.920384 -28.601456 13.696610 10.088729 -0.000000 0.000000 0.000000 -29.746580 1.104036 -0.043042 13.591508 1.059310 -1.219587 2.427940 -10.320067 10.363780 -0.000000 0.000000 0.000000 23.731080 -3.193368 -2.787414 5.338648 -0.753919 2.056754 3.907819 1.021548 3.081591 3.566221 3.796400 -0.536719 -24.831791 -7.736887 7.249504 -0.000000 0.000000 0.000000 1.235780 -6.175854 1.393712 -2.346713 -3.372549 -2.899122 113.006634 -61.446811 125.492614 30.097096 -16.999800 78.223045 3.383638 11.227617 -1.801043 -8.415092 -0.866319 13.806129 127.014003 50.018595 -132.687280 27.610065 23.079132 -80.194624 
127.584350 65.282834 -227.438116 -2.598593 -27.971855 -3.783232 -1.808768 -1.407317 1.698849 25.030891 -11.369406 0.716957 -30.248947 13.758702 10.154462 -0.000000 0.000000 0.000000 -29.554062 0.504219 0.243516 5.425434 0.297642 -2.542739 6.832832 -9.453961 11.430067 -0.000000 0.000000 0.000000 23.039128 -3.072519 -3.979440 6.062884 -0.904218 2.001990 3.644819 1.055966 2.985296 3.408314 4.447691 0.020457 -25.215606 -8.242128 7.171969 -0.000000 0.000000 0.000000 1.237117 -6.691565 2.348734 -2.982618 -5.702665 -3.155401 115.808525 -59.564551 129.089481 31.131258 -16.236297 77.863752 3.367709 11.996420 -2.371320 -9.130651 1.504567 15.662438 128.281131 47.504360 -135.012268 28.145356 21.286253 -79.960571 
126.391745 64.980632 -226.201224 -1.816602 -28.605518 -2.803381 -0.118622 -0.905996 1.193417 23.785794 -10.937229 1.242139 -31.159259 13.774461 9.584680 -0.000000 0.000000 0.000000 -28.854599 -1.280705 0.828033 -0.182295 -0.028654 -3.933837 4.097936 -9.608317 11.089043 -0.000000 0.000000 0.000000 22.121267 -2.746300 -4.546017 6.186806 -1.020722 1.682853 3.837523 1.071245 2.991706 3.130908 4.624701 -0.032451 -25.019633 -8.635277 7.285936 -0.000000 0.000000 0.000000 0.991542 -7.546393 3.239399 -3.380242 -8.464028 -4.727844 117.787758 -57.873115 131.129322 32.054054 -15.417650 77.231420 3.167769 12.920380 -3.003507 -9.217664 3.493312 17.762768 130.415903 45.066921 -137.758115 28.812130 20.264778 -78.642107 
125.092924 64.758188 -224.749851 -0.629619 -28.367584 -1.754671 1.116070 -1.510264 0.983579 22.899953 -11.013253 1.519683 -31.255446 14.317449 9.308355 -0.000000 0.000000 0.000000 -28.989345 -2.344528 1.283860 -0.382457 -0.132414 -4.911788 2.063908 -10.097886 9.126978 -0.000000 0.000000 0.000000 20.460731 -2.387176 -4.513188 6.782617 -1.400598 1.826136 3.426868 1.059489 2.848938 2.905537 4.173177 -0.434466 -24.688719 -8.465297 7.304704 -0.000000 0.000000 0.000000 0.868290 -8.947628 4.003323 -3.993491 -11.378041 -6.589552 119.747702 -56.206379 132.816881 31.945867 -14.442576 75.699171 2.838326 13.741543 -3.704278 -9.614633 5.587175 18.794648 131.210946 42.634176 -139.072762 31.409884 17.357622 -76.827177 
123.619056 64.677536 -223.040962 0.058535 -27.509728 -0.899410 2.216653 -2.093983 1.218499 23.541576 -10.903588 1.634792 -30.381934 14.125535 8.615136 -0.000000 0.000000 0.000000 -28.545951 -1.991077 1.455188 -0.277263 -1.594558 -5.839803 7.320379 -9.672870 9.509584 -0.000000 0.000000 0.000000 18.851462 -2.378627 -4.216537 7.136541 -1.693248 2.223986 2.774495 1.078440 2.540126 3.499975 4.145174 -0.712877 -24.626204 -8.955687 6.776247 -0.000000 0.000000 0.000000 0.797896 -10.848294 5.117713 -4.898595 -14.340826 -8.466267 118.768802 -54.899182 131.276885 32.862984 -13.418035 74.790155 2.784539 14.922079 -4.801428 -10.448756 7.109552 19.133855 131.310481 41.186625 -139.492856 32.520403 15.838409 -75.861540 
122.043490 64.970511 -221.341944 0.514948 -27.614792 -0.529804 1.490977 -1.796385 2.490681 27.874165 -10.596760 0.910247 -27.830419 13.809947 7.131295 -0.000000 0.000000 0.000000 -26.647732 -0.917905 2.127830 -0.717929 -2.328614 -5.634110 9.908120 -10.892217 8.666061 -0.000000 0.000000 0.000000 18.002378 -2.437434 -3.409631 6.268356 -1.611804 2.101200 2.590798 1.403854 2.208398 3.929451 4.496111 -1.078479 -24.558341 -9.285104 6.407133 -0.000000 0.000000 0.000000 0.401036 -12.875150 6.418006 -6.314653 -16.813990 -10.354268 114.816096 -54.361705 126.223855 33.329888 -13.027669 74.096785 2.655909 16.497382 -6.377455 -12.131280 9.079595 20.092409 130.035872 41.688880 -137.773501 31.649533 15.120291 -74.014285 
120.386958 65.637869 -219.691586 0.396707 -28.408174 -0.954866 -0.969188 -1.324469 4.754155 35.567500 -10.197074 -0.509093 -22.332589 13.558559 4.685358 -0.000000 0.000000 0.000000 -24.819977 0.386522 3.408988 1.139393 -2.439273 -4.123495 9.269524 -11.618758 6.836084 -0.000000 0.000000 0.000000 17.691954 -2.445888 -2.378270 5.126252 -1.417424 1.911958 2.590374 1.826729 2.112639 4.718165 5.185626 -1.556539 -25.032350 -9.348485 5.924814 -0.000000 0.000000 0.000000 0.079562 -14.928014 8.254971 -7.823773 -18.988929 -13.257187 106.578615 -55.689300 115.506565 32.091397 -11.549681 73.210331 3.040671 18.656704 -8.719187 -13.993213 11.372998 21.668435 128.106859 45.655530 -133.943552 27.149586 16.787172 -72.677903 
118.718898 66.362286 -218.085790 -0.457307 -28.122345 -1.263434 -4.079191 -1.913616 6.437011 44.080085 -10.024842 -1.862038 -14.679283 13.126791 2.259458 -0.000000 0.000000 0.000000 -22.335140 0.439950 3.935199 3.212246 -2.120427 -2.771737 7.600587 -12.548621 4.710529 -0.000000 0.000000 0.000000 17.693493 -2.398493 -2.128166 3.650387 -2.091388 1.787429 3.074699 1.772445 2.448871 5.611208 5.102139 -1.872873 -25.190214 -9.080036 6.335409 -0.000000 0.000000 0.000000 -0.229579 -17.135410 10.448592 -9.781880 -21.688895 -16.229388 91.639761 -57.094032 96.341945 29.282605 -8.048866 69.273645 3.508242 20.687744 -11.263811 -15.987301 14.139816 23.789934 121.957182 51.826083 -125.062867 22.399332 16.452699 -69.795907 
117.132914 66.946697 -216.600227 -1.577108 -27.315194 -1.325372 -7.194424 -3.470733 6.803003 51.829188 -9.888087 -2.658454 -7.003376 12.847778 0.604069 -0.000000 0.000000 0.000000 -19.734176 -0.369503 4.311172 4.934983 -0.934748 -2.675336 5.539790 -13.718352 2.626459 -0.000000 0.000000 0.000000 17.710501 -2.173331 -2.374907 1.967021 -3.122019 1.440373 3.589551 1.453961 2.814615 6.376455 4.328809 -1.868148 -24.455568 -8.930048 7.422831 -0.000000 0.000000 0.000000 -0.647631 -19.638567 12.767727 -12.794885 -24.876192 -19.166191 73.307838 -53.588386 71.625474 29.847261 -2.581806 60.197143 3.649025 22.205773 -13.648175 -18.903822 17.277295 26.534578 108.018081 56.698278 -107.595963 19.775226 13.130254 -61.841138 
115.568173 67.573994 -215.152097 -5.658345 -26.822663 -3.928826 -7.871593 -0.607448 7.586307 58.924159 -8.927216 2.029476 1.156248 9.059903 -4.071438 -0.000000 0.000000 0.000000 -14.144230 -3.309673 5.877249 6.451324 -0.888025 -3.506568 3.331970 -11.497034 3.995236 -0.000000 0.000000 0.000000 22.576723 1.307016 -0.417276 -1.265334 -5.573356 -0.011322 2.586998 0.703826 3.971040 3.991280 -4.102052 -4.808714 -17.981923 -2.258849 12.635529 -0.000000 0.000000 0.000000 -5.644511 -28.833727 14.287812 -11.879743 -20.247569 -24.142898 60.578428 -50.619132 49.905813 34.675641 2.805862 49.300118 -0.402509 29.045961 -20.269481 -12.077361 17.656366 33.538572 82.074683 54.859295 -82.343261 18.909446 7.913572 -50.138439 
114.152908 67.922074 -213.755560 -7.434455 -26.903787 -4.817418 -9.100492 -0.933870 7.212162 63.100077 -9.797486 2.722283 2.460906 8.449377 -4.220455 -0.000000 0.000000 0.000000 -11.700879 -4.297325 5.652333 8.982382 -1.210818 -2.238682 0.367835 -10.287883 3.641217 -0.000000 0.000000 0.000000 22.047436 1.611701 0.019406 -1.891197 -6.485859 -0.468746 2.884878 0.570230 3.839790 4.205052 -3.607229 -5.339602 -15.631380 -1.824270 12.262638 -0.000000 0.000000 0.000000 -6.524956 -32.274111 16.531244 -13.738226 -21.879423 -27.990935 50.601755 -40.646178 32.955565 35.684253 3.685688 35.755244 -0.657930 32.278778 -23.183316 -15.689061 21.023792 35.959375 63.040489 49.873294 -55.577355 19.578146 4.857765 -41.377609 
112.783360 68.113482 -212.439561 -8.868970 -27.636558 -5.449968 -9.804348 -1.586458 6.661981 65.105646 -10.197739 2.247583 -0.622404 8.303862 -3.155457 -0.000000 0.000000 0.000000 -9.323339 -3.507879 6.223374 10.418478 0.216326 -1.959631 -2.152103 -11.688465 2.915800 -0.000000 0.000000 0.000000 20.864465 1.484681 0.255644 -2.498832 -6.799064 -1.065094 3.593218 0.681138 3.582174 4.115820 -2.957462 -5.665209 -13.004786 -0.987984 11.512955 -0.000000 0.000000 0.000000 -6.753151 -34.304115 18.826891 -16.012531 -24.112127 -32.334660 42.150699 -29.808057 20.168617 33.283273 2.432851 27.827996 -0.468986 35.143210 -26.152910 -19.104887 25.528350 38.420328 49.197091 40.029284 -33.655345 20.925064 2.767249 -33.221470 
111.480081 68.298358 -211.113906 -9.644572 -28.272325 -5.911756 -10.730373 -2.715363 6.117511 64.822774 -9.379267 1.444803 -1.769428 8.061977 -2.869161 -0.000000 0.000000 0.000000 -6.441781 -2.283591 7.613010 9.757760 1.547076 -2.821471 -3.993858 -13.530242 1.904569 -0.000000 0.000000 0.000000 19.179351 1.564770 0.551447 -2.764595 -6.733962 -1.545289 4.007701 0.847409 3.515785 3.667758 -3.623427 -5.842537 -10.776082 0.366936 11.187597 -0.000000 0.000000 0.000000 -7.327771 -35.085082 19.643864 -19.189238 -25.287486 -37.383502 34.124484 -21.057320 13.778956 30.594377 3.002534 20.840010 -0.388148 37.128471 -28.241617 -21.699084 28.527745 41.026954 42.160340 29.018628 -20.560207 21.833896 2.617467 -21.250034 
110.265744 68.554717 -209.698892 -9.647812 -29.070473 -5.845493 -11.950862 -3.412843 5.251578 62.314092 -7.824100 0.735542 -2.498429 8.773188 -1.983323 -0.000000 0.000000 0.000000 -3.762098 -2.970584 8.007700 8.254884 2.492928 -3.316226 -4.955192 -12.762350 2.191317 -0.000000 0.000000 0.000000 17.356230 2.052036 0.624324 -3.316496 -6.519915 -2.036145 4.356622 1.113015 3.522108 2.928143 -4.767709 -5.736992 -8.791028 1.457090 11.260138 -0.000000 0.000000 0.000000 -9.093183 -33.636149 18.291624 -22.509810 -24.802747 -41.752137 25.989077 -19.252604 12.275008 26.822647 6.948335 13.997093 -1.726360 36.726754 -27.595969 -25.018522 28.739145 44.575234 35.284045 21.643130 -13.892471 23.538243 0.605086 -8.676813 
109.078777 68.765336 -208.225441 -8.801691 -30.534325 -5.098076 -13.621093 -3.460951 4.301801 58.211027 -5.765772 -0.151135 -4.174020 9.852159 -0.661782 -0.000000 0.000000 0.000000 -1.716675 -3.518087 7.840529 6.248621 4.032791 -3.558147 -5.450307 -11.951849 2.504227 -0.000000 0.000000 0.000000 15.242933 2.791316 -0.019674 -4.273496 -6.169370 -2.213593 4.501763 1.352529 3.432620 3.027141 -4.869078 -5.079048 -7.225162 1.544769 10.984265 -0.000000 0.000000 0.000000 -9.736260 -31.085373 16.463997 -22.613085 -24.130281 -42.057273 23.221537 -21.855432 13.375537 22.210603 8.610992 9.250062 -3.790438 34.441087 -24.540769 -28.453548 27.555368 47.227629 25.716379 18.132670 -10.050474 21.002890 -4.106287 -2.574299 
107.934344 68.862009 -206.814361 -7.770132 -32.321086 -4.094557 -15.192960 -3.328821 3.551141 52.871202 -3.753438 -1.185113 -5.958446 10.816247 0.176030 -0.000000 0.000000 0.000000 -0.171155 -3.430280 7.623853 4.590398 5.004830 -4.006063 -6.149552 -11.153841 2.898480 -0.000000 0.000000 0.000000 13.567551 3.546827 -0.893215 -5.405550 -5.782764 -2.322477 4.313966 1.533553 3.166990 3.554411 -3.961259 -4.072890 -5.772101 0.801527 10.376776 -0.000000 0.000000 0.000000 -9.121940 -29.114595 15.299877 -20.048717 -23.769560 -38.546033 24.943105 -22.580235 14.069893 22.014396 5.108097 6.892583 -4.626447 32.507586 -22.405110 -28.026983 27.371538 46.195691 21.769706 16.924687 -7.554047 15.097108 -4.276763 -2.613947 
106.917167 68.856394 -205.572128 -6.730678 -33.769058 -3.178161 -16.718314 -3.315823 3.005462 46.586113 -2.725688 -1.884224 -6.044132 11.556190 0.796653 -0.000000 0.000000 0.000000 0.817962 -3.458247 7.419381 3.740734 6.479211 -4.304565 -7.114912 -10.992937 2.609376 -0.000000 0.000000 0.000000 12.064270 4.157560 -1.366365 -6.077700 -5.600447 -2.507700 4.229125 1.646123 2.851812 3.785299 -3.485748 -3.441810 -4.913651 0.420812 10.197451 -0.000000 0.000000 0.000000 -8.779964 -27.814317 14.925925 -17.056029 -22.972580 -34.103953 26.885881 -20.739790 12.509106 25.709651 3.538513 5.045904 -4.186661 31.489635 -22.060268 -24.079986 28.134561 42.232573 27.083939 17.077028 -6.785280 18.308333 -1.003265 -3.869390 
105.990386 68.797940 -204.513431 -5.883093 -34.734086 -2.710696 -17.913182 -3.425017 2.720948 39.524741 -2.917657 -1.936967 -5.258002 11.994429 1.083846 -0.000000 0.000000 0.000000 1.656805 -3.606348 7.387574 3.272916 7.924690 -4.106509 -8.212850 -11.144366 2.155272 -0.000000 0.000000 0.000000 10.856814 4.503777 -1.409130 -6.529028 -5.616394 -2.649699 4.510472 1.723361 2.689088 3.799170 -3.027988 -3.174723 -4.751730 0.026581 10.154783 -0.000000 0.000000 0.000000 -8.941840 -26.396182 14.741954 -15.195111 -21.306237 -30.475632 26.474664 -18.320324 9.595992 28.196168 3.532075 2.275132 -3.835592 30.438200 -22.120420 -20.607975 28.579748 38.643288 32.534969 16.342251 -6.190562 24.520637 -0.055181 -5.719272 
105.075121 68.704325 -203.534555 -5.124259 -35.720906 -2.387859 -18.474181 -3.291331 2.522011 31.344542 -3.884671 -1.417040 -3.273975 12.107255 0.704803 -0.000000 0.000000 0.000000 2.257646 -3.614797 7.410346 3.295045 9.308466 -3.773435 -9.437960 -11.445571 1.800215 -0.000000 0.000000 0.000000 9.747879 4.760260 -1.561951 -6.543651 -5.601693 -2.526778 4.578461 1.786263 2.585980 4.032298 -2.260579 -2.938463 -5.104381 -0.622212 9.856873 -0.000000 0.000000 0.000000 -9.034190 -24.901459 14.395369 -12.879392 -19.361068 -26.450550 26.116113 -16.068998 7.026186 29.553193 3.525729 0.908975 -3.882954 29.121509 -21.412324 -18.245936 27.891285 35.272791 32.991685 15.707990 -4.905208 24.899648 -0.587227 -6.142354 
104.108810 68.563032 -202.465057 -4.276601 -36.710917 -2.071980 -18.273363 -3.349842 2.404077 22.026432 -5.250732 -0.734841 -0.032326 12.179888 -0.242173 -0.000000 0.000000 0.000000 2.822528 -3.262507 7.504058 3.390926 10.518872 -3.492022 -10.712155 -11.862013 1.438961 -0.000000 0.000000 0.000000 8.537605 5.027418 -1.775404 -6.387402 -5.441857 -2.304403 4.352773 1.875724 2.510526 4.559035 -1.507441 -2.560035 -5.785388 -1.343524 9.492477 -0.000000 0.000000 0.000000 -8.913249 -23.281784 13.905161 -10.322871 -17.133660 -22.326435 27.216951 -14.542882 5.631232 32.034798 2.946579 -0.706788 -3.893316 27.523976 -20.268304 -15.886688 26.138448 31.570804 33.083288 16.021874 -4.286504 24.284433 -0.450545 -5.766515 
103.086472 68.356341 -201.189089 -3.230070 -37.363926 -1.806668 -17.629853 -3.631721 2.242868 12.344729 -6.939449 0.379005 3.836694 12.286864 -1.450950 -0.000000 0.000000 0.000000 3.608348 -2.830329 7.798703 3.217401 11.405559 -3.269073 -12.122172 -12.342691 0.910978 -0.000000 0.000000 0.000000 7.132527 5.199287 -1.760886 -6.369150 -5.185092 -2.086534 4.003161 1.965590 2.440063 5.363828 -1.116422 -2.106046 -6.551916 -2.084553 9.253000 -0.000000 0.000000 0.000000 -8.752867 -21.406688 13.286189 -8.017024 -15.094406 -18.573827 28.394494 -13.533386 4.762429 33.998701 2.371486 -2.257102 -3.620526 25.774791 -19.047439 -12.858893 24.098597 27.367423 34.731076 16.637644 -3.927246 24.592408 0.494619 -6.035215 
102.087557 68.091077 -199.781990 -2.040351 -37.567101 -1.535767 -17.024532 -3.906949 1.803137 3.350253 -9.255876 2.047250 7.419308 12.174266 -2.298265 -0.000000 0.000000 0.000000 4.400151 -2.549755 8.256511 3.081632 12.277531 -3.255580 -13.664179 -13.061493 0.367904 -0.000000 0.000000 0.000000 5.731670 5.275631 -1.591616 -6.525052 -4.922245 -1.822943 3.725620 2.030901 2.383141 6.127145 -1.069424 -1.720086 -7.186415 -2.702763 9.062706 -0.000000 0.000000 0.000000 -8.685986 -19.308244 12.423772 -6.478052 -13.479709 -15.317489 28.286838 -12.572650 3.729799 35.046156 2.083858 -2.411905 -3.372434 23.805351 -17.546445 -9.862787 21.623680 23.099989 35.838928 17.232386 -3.500372 25.038806 1.587139 -6.383308 
101.196110 67.770165 -198.360252 -1.102253 -37.501414 -1.480185 -17.160395 -4.137762 1.075279 -2.708906 -11.504557 3.946355 8.252153 12.569516 -2.501124 -0.000000 0.000000 0.000000 5.404921 -2.350971 8.751405 2.990842 13.156766 -3.294265 -15.396552 -13.862024 -0.072557 -0.000000 0.000000 0.000000 4.741868 5.362415 -1.267533 -6.619211 -4.662346 -1.510773 3.567116 2.096573 2.312911 6.779718 -1.162894 -1.443762 -7.818009 -3.301563 8.773041 -0.000000 0.000000 0.000000 -8.795736 -17.247277 11.294026 -5.201871 -11.993496 -12.132574 28.052161 -12.181043 3.023152 35.769261 1.706581 -2.973114 -3.230628 21.682998 -15.619514 -7.221208 18.646919 18.514238 36.117142 18.217950 -3.054504 24.903090 2.540810 -6.207203 
100.450385 67.414176 -197.012424 -0.255322 -37.548230 -1.223328 -20.604558 -4.764021 0.063167 -1.350211 -11.615074 4.809402 5.441669 14.311347 -1.198519 -0.000000 0.000000 0.000000 6.063618 -2.036426 8.846063 3.397548 13.891819 -3.309097 -17.450227 -14.644611 -0.605045 -0.000000 0.000000 0.000000 4.421043 5.524830 -1.103032 -6.942483 -4.347803 -1.284794 3.591580 2.112085 2.138749 7.093386 -1.410837 -1.186461 -8.081348 -3.660694 8.471265 -0.000000 0.000000 0.000000 -8.745966 -15.058514 10.097145 -4.168971 -10.515846 -9.012559 27.600140 -12.156723 2.701031 36.245052 1.278228 -3.277921 -3.258163 19.371897 -13.502834 -5.141726 15.660847 14.449524 35.263004 18.999659 -2.602254 24.366444 4.023874 -6.094027 
99.759090 67.091304 -195.680189 0.127476 -37.715053 -1.027277 -22.217000 -5.010931 -0.766172 -1.157174 -9.389672 4.668884 4.101292 16.405297 -0.772733 -0.000000 0.000000 0.000000 6.854146 -1.848060 8.684610 4.271801 14.570889 -3.498622 -19.484486 -15.241020 -0.931474 -0.000000 0.000000 0.000000 4.987205 5.965517 -1.202940 -7.101177 -4.084227 -1.134307 3.835935 2.155540 1.883952 6.899639 -1.704576 -0.782171 -8.257630 -4.000456 8.261503 -0.000000 0.000000 0.000000 -8.927606 -12.967814 8.811184 -3.288722 -9.067299 -5.981212 26.576840 -12.390462 2.562168 36.522576 1.072829 -2.704079 -3.542048 16.842174 -11.224167 -3.821515 12.238486 11.160080 32.050586 20.019909 -2.180301 21.864711 5.246340 -5.460425 
99.029094 66.852367 -194.178069 0.147956 -37.908416 -0.796181 -21.588723 -5.108767 -1.675779 -2.452534 -7.967304 4.264792 5.984520 17.567455 -0.238767 -0.000000 0.000000 0.000000 7.892271 -2.148295 8.191092 5.648162 15.614100 -3.915866 -21.399011 -15.809790 -0.885306 -0.000000 0.000000 0.000000 6.060124 6.553518 -1.472179 -6.861403 -3.816043 -1.110807 4.399254 2.202342 1.465014 6.116743 -2.155624 -0.291834 -8.257227 -4.420623 8.449839 -0.000000 0.000000 0.000000 -9.125879 -10.893307 7.105268 -2.484621 -7.447473 -2.628421 24.623820 -13.305465 2.565972 35.613627 0.706281 -0.710241 -3.884027 14.188659 -8.672049 -3.089718 8.064021 8.794707 26.257426 21.889255 -2.080184 17.329074 6.133274 -4.255405 
98.085147 66.716897 -192.322278 0.035412 -38.292349 -0.458850 -20.146244 -4.918178 -2.559759 -2.474600 -9.037850 3.759612 7.350839 16.973134 1.194666 -0.000000 0.000000 0.000000 9.146954 -2.725704 7.267059 7.419794 16.862641 -4.259237 -23.344251 -16.639744 0.493110 -0.000000 0.000000 0.000000 7.129446 7.168561 -2.088906 -6.382921 -3.302697 -1.101293 5.205843 2.312324 1.205734 5.361201 -2.454851 0.153605 -8.184005 -5.180376 8.774914 -0.000000 0.000000 0.000000 -8.792529 -8.667934 5.041556 -2.135324 -5.855563 0.541046 20.550284 -14.876497 1.718950 33.778659 0.091301 3.754690 -4.153671 11.414720 -5.908771 -2.158967 3.572627 7.302194 20.061814 24.455931 -1.974188 13.165517 7.596922 -4.661098 
96.921396 66.672802 -190.200758 0.550650 -38.896539 0.241240 -19.260318 -5.900998 -3.259847 -1.350421 -10.858700 3.683509 8.048510 17.605860 1.138756 -0.000000 0.000000 0.000000 9.616560 -1.549102 6.246443 9.718505 16.517021 -4.244479 -24.966031 -17.674223 1.273335 -0.000000 0.000000 0.000000 7.432595 7.450468 -3.273940 -6.262678 -2.690386 -0.639659 5.632330 2.471773 1.170941 6.202179 -2.091086 0.937261 -8.869388 -5.967264 8.337649 -0.000000 0.000000 0.000000 -7.377091 -6.097367 3.127558 -1.889915 -4.098195 2.485642 16.292177 -16.682756 0.464195 29.578194 -1.890088 10.565111 -4.263266 8.292567 -2.959483 -1.307644 0.184700 6.964408 15.777416 26.463170 -2.152538 9.588847 9.425631 -7.531593 
95.649892 66.851699 -188.026643 1.570562 -39.311841 1.296950 -17.952680 -7.683376 -3.497676 -1.399599 -10.448470 3.186243 8.503098 20.704932 0.659237 -0.000000 0.000000 0.000000 8.360082 -0.384776 4.975862 14.136980 15.415615 -3.654632 -24.480277 -18.285703 1.811799 -0.000000 0.000000 0.000000 6.787803 7.424601 -4.569696 -6.084634 -2.267256 -0.118783 6.047252 2.443086 1.068909 6.729291 -1.343337 1.868582 -9.091515 -6.454289 7.805678 -0.000000 0.000000 0.000000 -6.055886 -2.971861 1.484131 -1.459652 -2.315952 2.542319 12.569683 -18.654419 0.061490 25.112730 -4.509047 16.830713 -4.089908 4.749403 -0.165729 0.082648 -1.841216 8.661914 12.522047 28.397638 -3.509183 7.819109 9.911703 -12.669812 
94.364107 67.227930 -185.895109 1.880792 -38.646231 1.841196 -16.390278 -8.110702 -3.798202 -0.634232 -10.643107 1.857122 5.572421 20.953439 2.209274 -0.000000 0.000000 0.000000 6.729929 -0.697024 3.484847 19.819461 13.770677 -2.328751 -20.816128 -18.077128 4.108163 -0.000000 0.000000 0.000000 6.675249 7.150090 -5.316031 -6.746062 -2.126012 -0.031777 6.559844 2.038756 1.034042 6.875259 -1.035620 2.351445 -9.195118 -6.776493 7.480064 -0.000000 0.000000 0.000000 -4.760571 -0.002534 -0.106309 -1.358968 -0.653627 0.923908 11.130790 -20.859454 0.491020 23.331463 -5.070983 20.514598 -3.509013 1.129688 1.952906 1.598100 -3.922995 11.950999 9.992447 30.853998 -4.529287 6.103594 11.940093 -20.483675 
93.163729 67.601335 -183.844984 1.387464 -37.737704 1.283141 -13.685421 -8.032075 -4.003619 -0.827042 -11.564606 1.466423 4.150617 20.909635 3.356830 -0.000000 0.000000 0.000000 4.439064 -1.290206 2.489729 27.027776 11.334849 -0.781980 -14.547899 -16.897211 7.216903 -0.000000 0.000000 0.000000 7.148965 6.484771 -4.929636 -7.610052 -1.671022 -0.105276 6.594237 1.677407 1.061702 7.042018 -1.176634 2.326911 -9.556458 -6.608704 7.156551 -0.000000 0.000000 0.000000 -3.136020 2.227336 -1.492121 -1.305903 1.326955 -2.262623 10.961720 -23.017749 1.508393 22.040209 -5.867887 21.230290 -2.303882 -1.519730 3.010016 3.547253 -6.763382 16.257078 8.661648 33.281506 -5.102625 3.450302 16.797641 -27.707306 
92.060858 67.842484 -181.989813 0.374024 -37.321291 0.135404 -9.872920 -6.363622 -3.958842 -2.241450 -12.849793 1.954460 3.240250 19.908426 3.686227 -0.000000 0.000000 0.000000 1.072574 -2.257686 1.762960 36.005492 8.392845 -0.026473 -7.382564 -14.268716 10.720202 -0.000000 0.000000 0.000000 8.366736 5.468940 -4.223971 -8.144432 -0.873517 -0.156829 6.235321 1.587435 1.078436 6.715734 -0.937674 2.308561 -10.197651 -6.392923 6.764669 -0.000000 0.000000 0.000000 -1.454411 4.137670 -2.894264 -0.716786 3.443167 -5.628543 11.351063 -25.485593 2.511821 18.476383 -8.900701 21.128339 -1.056089 -3.445532 4.025849 5.940669 -8.989775 20.313968 9.469067 35.448887 -5.893559 2.513278 21.610051 -33.326941 
91.125762 67.987460 -180.378485 -0.353600 -36.545623 -0.342466 -7.043877 -5.969042 -4.227522 -2.928607 -13.993847 2.061208 1.871588 19.670849 4.141951 -0.000000 0.000000 0.000000 -3.294310 -2.327260 1.022166 44.902947 6.156539 0.658087 -0.676784 -12.974770 12.720545 -0.000000 0.000000 0.000000 9.887676 4.275089 -4.256998 -8.186716 -0.414769 -0.079990 6.003700 1.277658 1.105332 5.736335 -0.684294 2.462085 -10.824786 -5.990413 6.591388 -0.000000 0.000000 0.000000 0.269097 5.731874 -4.584165 0.351578 5.566252 -8.883113 11.613192 -28.707863 3.736690 14.729536 -12.519543 21.529704 -0.237704 -4.928378 5.374985 8.668352 -9.767414 24.365678 11.738791 37.313352 -8.500200 5.484586 21.981523 -37.904172 
90.298909 68.087041 -178.921020 -0.832327 -35.473174 -0.743973 -4.867701 -6.474317 -4.032260 -3.304706 -15.154717 1.445103 0.347791 20.125142 5.228486 -0.000000 0.000000 0.000000 -7.868416 -1.749145 0.848266 52.184438 4.945644 1.608499 4.049391 -13.722184 11.721192 -0.000000 0.000000 0.000000 11.403673 3.090680 -4.135543 -7.936574 -0.009322 -0.027904 5.977580 0.843519 1.231570 4.746832 -1.109070 2.441514 -11.428971 -5.108401 6.936732 -0.000000 0.000000 0.000000 1.919177 6.623894 -6.086517 2.108983 7.176377 -12.799001 12.860915 -32.412872 5.287655 12.327899 -13.944908 24.274642 0.717348 -5.623040 5.942060 11.721468 -10.122977 29.217821 12.891138 40.072019 -10.291101 5.564048 21.850997 -41.595901 
89.498782 68.194437 -177.521229 -1.643798 -34.280070 -1.755205 -2.514221 -5.722042 -3.530983 -3.255503 -16.537702 1.375891 -1.413059 19.614241 5.639817 -0.000000 0.000000 0.000000 -11.372754 -1.299997 1.280296 56.956483 3.475856 2.525898 0.994608 -15.882775 9.115995 -0.000000 0.000000 0.000000 13.430494 1.943299 -3.282982 -7.557242 0.420924 -0.108553 6.003263 0.535237 1.272973 3.739648 -1.421410 2.421317 -11.892572 -4.663415 7.230486 -0.000000 0.000000 0.000000 3.229716 7.017623 -7.250899 4.211101 8.023438 -17.334924 15.683712 -36.457051 7.670653 10.540092 -15.188475 28.249831 1.322504 -5.968510 6.147611 14.417025 -10.558645 34.129449 15.996080 43.521662 -12.998087 6.028145 22.257995 -43.963882 
88.720542 68.278068 -176.178861 -1.855173 -32.994016 -2.464059 -0.640584 -5.237379 -3.271962 -3.134295 -17.799101 2.182228 -2.910974 19.012993 5.709495 -0.000000 0.000000 0.000000 -14.942920 -0.693582 1.747340 58.976515 1.610957 3.237528 -1.381267 -17.226740 7.773280 -0.000000 0.000000 0.000000 15.282702 0.877639 -2.284152 -7.518396 0.737339 -0.151907 6.043373 0.271933 1.223605 2.987647 -1.770012 2.365829 -12.218829 -4.353750 7.473091 -0.000000 0.000000 0.000000 4.260112 7.403960 -8.434394 6.634609 7.732559 -21.305140 19.916373 -41.023807 10.394497 9.400706 -16.841649 33.206854 1.723764 -6.447017 6.561408 17.281218 -10.263006 38.161081 21.322312 47.456263 -17.282024 7.601014 22.541954 -46.195498 
87.909353 68.289655 -174.882972 -1.663481 -31.923562 -2.936280 0.959578 -4.547779 -2.649253 -3.373280 -18.751349 2.510376 -4.166664 18.104172 5.789008 -0.000000 0.000000 0.000000 -18.389943 0.005837 2.332633 58.453975 0.640871 3.511454 -2.931413 -17.742684 6.516125 -0.000000 0.000000 0.000000 16.800913 -0.145713 -1.390530 -7.476354 0.906920 -0.175021 6.196705 -0.030642 1.265211 2.133835 -2.030683 2.150661 -12.394811 -3.784437 7.739238 -0.000000 0.000000 0.000000 5.150385 7.646652 -9.440966 9.348951 7.230750 -25.137075 26.014273 -46.158855 14.600460 9.671946 -18.105863 39.028109 2.066363 -6.634070 6.749359 19.644809 -9.277024 41.572128 27.945559 51.824112 -22.642441 8.729612 22.842069 -48.063188 
87.078446 68.234205 -173.640764 -1.545192 -31.067524 -3.274228 2.505735 -3.911642 -1.929450 -3.629155 -19.237302 2.351597 -5.509027 17.130478 5.886954 -0.000000 0.000000 0.000000 -21.183115 0.702744 2.625442 55.562092 0.226518 3.582076 -5.092156 -17.437295 5.504164 -0.000000 0.000000 0.000000 18.374353 -1.055010 -0.740965 -7.065444 0.862357 -0.221718 6.422352 -0.371112 1.300063 0.646920 -1.686357 2.071720 -12.486517 -3.423646 7.747820 -0.000000 0.000000 0.000000 5.706301 7.964171 -10.590527 11.737636 6.539967 -28.074359 33.396337 -51.912225 20.458143 10.464032 -19.634361 43.793617 2.222901 -6.796964 7.319750 21.342254 -7.798044 43.716029 37.424232 56.384356 -30.941572 10.698192 22.705926 -49.602437 
86.237532 68.129116 -172.437823 -1.620827 -30.365070 -3.517038 4.030790 -3.599733 -1.477026 -3.499990 -19.374581 2.364564 -7.053964 16.223061 6.141758 -0.000000 0.000000 0.000000 -23.078866 1.546954 2.545449 50.296099 -0.414441 3.753233 -6.518577 -16.675028 5.378766 -0.000000 0.000000 0.000000 19.987051 -1.694176 -0.213014 -6.181758 0.721236 -0.331326 6.587863 -0.578887 1.301556 -1.033893 -1.211633 1.929745 -13.004879 -3.280279 7.697524 -0.000000 0.000000 0.000000 5.888925 7.711929 -11.868509 13.518664 5.194676 -30.524193 41.960720 -56.695997 28.393105 13.140936 -20.554789 48.431347 2.300609 -6.533342 8.073938 22.600065 -6.209953 45.234431 49.758244 60.256478 -42.853695 13.096673 22.564416 -50.977798 
85.390532 67.973304 -171.270967 -1.543555 -30.031035 -3.522220 4.944024 -3.325752 -1.325008 -2.420687 -19.076307 2.588520 -9.155595 15.337837 6.528906 -0.000000 0.000000 0.000000 -24.463331 2.096157 2.296023 43.139186 -1.320512 3.382410 -6.410891 -15.857894 6.232176 -0.000000 0.000000 0.000000 21.503924 -2.043470 0.025486 -5.359237 0.628852 -0.491367 6.643214 -0.664683 1.441123 -2.356107 -0.830167 1.705145 -13.791427 -3.048980 7.816908 -0.000000 0.000000 0.000000 5.704149 7.008103 -12.666828 14.886688 3.184495 -33.181573 51.979829 -60.640245 37.939762 14.315472 -21.345794 52.218871 2.344287 -5.759471 8.546516 23.345564 -4.204129 46.306853 63.606233 62.728191 -56.456513 15.151212 22.595256 -52.787821 
84.498221 67.755067 -170.131838 -1.258642 -30.134938 -3.222705 5.705166 -2.715657 -1.320013 -1.415587 -18.452620 2.702988 -11.164822 14.262952 6.648310 -0.000000 0.000000 0.000000 -25.391941 1.992732 2.004815 34.491380 -2.158331 2.155967 -4.492326 -14.421349 7.718187 -0.000000 0.000000 0.000000 23.022531 -2.371894 -0.039985 -4.901794 0.482038 -0.958825 6.861735 -0.709073 1.645276 -3.965732 -0.456153 1.656232 -14.081639 -2.891941 8.309313 -0.000000 0.000000 0.000000 5.421655 6.173190 -13.228520 15.489415 0.860559 -35.134965 63.608731 -63.807143 49.497696 15.234478 -22.828882 54.802992 2.123216 -4.365827 8.605526 23.140859 -1.183545 47.058101 77.025346 63.705293 -69.377420 16.939746 22.464967 -54.642090 
83.479619 67.489898 -168.956542 -0.807875 -30.402597 -3.259979 6.336030 -1.261490 -0.526196 -0.308499 -16.942336 2.518034 -13.467215 11.601728 6.299721 -0.000000 0.000000 0.000000 -25.631153 0.793701 2.339688 24.581150 -3.176377 0.327469 -0.941975 -11.917025 8.829157 -0.000000 0.000000 0.000000 23.760729 -2.153102 -0.326643 -2.740884 0.060588 -0.738924 5.731253 -0.712439 2.157563 -4.926319 -0.861979 1.274950 -15.553747 -1.992161 8.020927 -0.000000 0.000000 0.000000 5.471476 4.791197 -13.604582 15.307740 -2.905091 -37.816672 73.797397 -65.023530 60.432841 17.293758 -24.470341 58.226132 2.739967 -3.418809 8.529218 20.931152 2.184396 46.055660 91.808279 63.759130 -83.330584 19.593974 22.267513 -54.433225 
82.459176 67.117929 -167.767096 0.458671 -30.597817 -2.406516 6.008771 -1.068190 -0.575593 1.256754 -15.845289 2.739308 -15.819011 10.511116 6.472432 -0.000000 0.000000 0.000000 -26.424416 -0.134566 2.343626 15.217893 -4.322912 -1.341772 2.414220 -10.008973 10.403026 -0.000000 0.000000 0.000000 24.377474 -2.028835 -0.693935 -2.563157 -0.274549 -1.078383 5.440900 -0.801237 2.621890 -5.996930 -0.773773 1.056387 -16.001132 -1.553639 8.097478 -0.000000 0.000000 0.000000 5.103200 2.503407 -13.029036 14.595794 -6.444905 -40.472264 84.107286 -65.166936 71.206420 17.493408 -25.842005 60.284432 2.674102 -0.786286 7.672111 19.444740 5.951019 46.587903 101.461575 61.827641 -92.978631 21.679263 22.876838 -57.278610 
81.415790 66.695601 -166.509318 1.785384 -30.407758 -1.862359 5.176881 -1.389781 -0.356768 3.958255 -14.855979 3.214576 -18.782123 9.693746 6.472583 -0.000000 0.000000 0.000000 -27.026701 -1.025935 2.826415 8.031111 -5.429155 -2.621351 4.240345 -8.474890 10.971978 -0.000000 0.000000 0.000000 24.851667 -1.863493 -0.404428 -2.440682 -0.880628 -1.347907 5.065653 -0.918512 2.923115 -6.960519 -0.782840 0.672757 -16.863301 -1.375651 8.411136 -0.000000 0.000000 0.000000 4.665752 -0.499936 -11.976683 12.970325 -10.050528 -43.214043 93.029627 -64.406465 81.101228 16.380078 -27.923313 61.993605 2.424271 2.881052 6.007601 17.117028 9.896692 47.704837 106.993127 59.780720 -98.487356 23.781129 22.629413 -62.370066 
80.332959 66.220647 -165.114379 2.359333 -30.051205 -1.884656 4.828545 -2.071167 0.051646 7.396267 -13.976112 3.531867 -22.189167 9.253095 6.715639 -0.000000 0.000000 0.000000 -27.671812 -1.309941 3.459060 7.198102 -5.957074 -2.984735 4.739267 -7.608298 9.827099 -0.000000 0.000000 0.000000 25.267814 -1.484352 0.448204 -1.942839 -1.269988 -1.413272 4.786942 -0.716057 2.909600 -7.624391 -0.985347 -0.175899 -17.964647 -1.636698 8.470000 -0.000000 0.000000 0.000000 3.498795 -4.496873 -9.910097 9.889447 -14.134489 -46.361831 98.490300 -63.565480 87.632926 12.912311 -30.339954 62.306167 2.165634 7.162489 3.534005 14.148926 13.567826 49.474569 108.954524 57.924133 -101.403793 25.904859 20.390801 -68.204051 
79.098421 65.798199 -163.501811 2.687757 -29.967561 -1.833840 4.586904 -2.537415 0.558686 11.322574 -12.724526 3.199790 -24.856388 8.560541 6.903291 -0.000000 0.000000 0.000000 -28.141524 -0.820795 3.855840 10.363433 -7.068797 -2.400619 8.483394 -6.604345 8.604100 -0.000000 0.000000 0.000000 25.454396 -1.098560 1.401615 -1.521370 -1.229671 -1.477072 4.388497 -0.361779 2.688021 -8.182009 -1.578638 -1.166893 -18.357948 -1.772182 8.468069 -0.000000 0.000000 0.000000 1.779979 -8.618282 -8.180635 5.664697 -17.751135 -49.246096 99.227605 -62.904785 90.448360 9.265433 -32.084293 60.280961 1.696788 11.323076 1.406535 10.662640 16.897022 50.575372 108.485373 57.124719 -102.464490 25.985517 18.872812 -70.735723 
77.572548 65.726489 -161.757088 3.597919 -31.083329 -1.791390 2.475939 -2.163374 1.669440 17.977593 -11.281274 2.475694 -25.791010 8.112679 6.234597 -0.000000 0.000000 0.000000 -29.580361 1.146807 5.451940 15.096845 -6.020658 -1.608591 5.095764 -8.485759 6.043190 -0.000000 0.000000 0.000000 25.630725 -0.982608 2.560157 -2.017175 -0.568436 -1.527669 3.732771 0.404424 2.118547 -8.856889 -1.386206 -1.663055 -18.078493 -1.722749 7.902840 -0.000000 0.000000 0.000000 -0.467771 -11.669941 -7.152294 0.997160 -20.474600 -51.729863 94.510308 -62.095002 88.138144 6.995881 -31.492350 59.705736 0.855374 15.314287 0.075467 6.327696 20.444514 50.939905 104.350943 57.039135 -99.213169 24.927703 16.956837 -72.041657 
75.579721 66.059297 -159.672737 3.858041 -32.435534 -1.740022 -0.607506 -1.422710 3.311884 27.457670 -9.706551 0.678915 -23.218128 7.605057 4.178016 -0.000000 0.000000 0.000000 -28.633803 2.208495 6.638937 17.989837 -5.681403 -0.421109 1.869902 -8.805986 4.698422 -0.000000 0.000000 0.000000 25.658886 -0.865757 3.150780 -2.400624 -0.527807 -1.490889 3.023363 1.137131 1.891414 -9.133898 -0.809414 -2.081777 -17.482655 -0.973320 7.693079 -0.000000 0.000000 0.000000 -2.653962 -14.425235 -5.985233 -3.754474 -21.973306 -54.948794 83.916021 -62.189816 80.674082 3.566752 -30.306660 59.437591 0.209617 19.454075 -1.647023 0.872234 23.866199 51.990594 95.687304 57.288953 -91.106631 22.857042 14.071786 -71.438125 
73.381054 66.541219 -157.463849 3.752748 -33.209233 -1.265580 -5.361536 -1.083467 4.890260 39.527826 -6.651824 -1.266111 -16.471877 5.663667 -1.226728 -0.000000 0.000000 0.000000 -25.464244 1.414450 7.259902 17.923115 -5.500663 -0.520403 -1.009632 -7.951543 4.110083 -0.000000 0.000000 0.000000 26.814340 -0.806925 3.674948 -5.312650 -1.152297 -2.399092 2.863965 1.401722 2.502012 -9.591054 -0.485681 -3.510946 -14.492418 0.204809 9.926232 -0.000000 0.000000 0.000000 -3.223239 -16.937179 -4.044537 -8.345611 -21.071489 -58.173946 71.739563 -62.858099 73.099601 -0.951940 -27.163593 54.917798 1.608340 23.588883 -5.684770 -6.455828 26.029449 55.762927 85.439225 56.498384 -81.623860 14.834678 13.555548 -71.587626 
71.186489 66.974699 -155.198920 3.396167 -34.051552 -0.821789 -10.098932 -1.580679 5.800597 50.370349 -5.459319 -2.921357 -7.744795 4.392771 -3.595958 -0.000000 0.000000 0.000000 -21.641979 -0.465154 7.406275 17.681325 -4.679341 -0.790423 -3.944391 -6.229660 3.389106 -0.000000 0.000000 0.000000 26.742808 0.040636 3.435102 -6.464110 -2.050223 -2.502126 2.859297 1.464668 2.831203 -10.180262 -0.206934 -4.079756 -13.514927 0.718671 10.519102 -0.000000 0.000000 0.000000 -4.400050 -19.283227 -1.346571 -12.734473 -20.314811 -60.710061 57.831903 -61.754638 63.394698 -4.576609 -23.678155 53.305896 1.054165 25.707572 -8.627719 -12.946258 26.387865 59.436536 76.129883 55.580738 -74.012488 12.169075 11.695374 -68.481560 
69.178480 67.284918 -152.949369 3.190808 -35.176476 -0.464426 -14.423921 -2.445286 6.145000 58.365884 -4.609829 -4.291888 2.479200 3.493550 -4.907819 -0.000000 0.000000 0.000000 -18.203617 -1.588592 6.806497 17.538280 -3.714791 0.001312 -6.481429 -4.373941 2.828201 -0.000000 0.000000 0.000000 25.759469 0.939260 3.352354 -6.941609 -2.757253 -2.543018 2.856222 1.795353 2.563018 -10.250323 0.114780 -4.106843 -12.990055 0.679776 10.642809 -0.000000 0.000000 0.000000 -6.017985 -20.993106 0.277799 -16.255124 -19.774655 -60.697093 46.096837 -58.534417 54.337498 -3.302055 -18.293355 52.335549 0.245967 27.219640 -10.274276 -18.426639 26.397929 61.828947 66.692006 53.437001 -66.254636 13.107324 7.971473 -65.991255 
67.285144 67.470992 -150.759315 2.815409 -36.235476 -0.123183 -17.558445 -3.327546 6.127819 63.676274 -4.465735 -5.682183 2.492397 4.049668 -3.814109 -0.000000 0.000000 0.000000 -14.448191 -1.972239 6.341782 16.834250 -2.150479 0.138876 -8.960092 -3.914050 2.657281 -0.000000 0.000000 0.000000 24.449517 1.876336 2.884856 -6.980308 -3.421553 -2.494324 2.981565 2.101856 2.494222 -9.770267 0.100818 -4.005216 -12.738717 0.559303 10.373572 -0.000000 0.000000 0.000000 -7.596891 -22.614206 1.669599 -18.931042 -19.402263 -59.176248 37.213758 -53.937809 46.680957 0.699808 -12.205907 49.210987 -0.581423 28.716132 -11.761812 -22.254098 26.817960 61.712698 57.682313 51.302011 -57.608523 12.643183 5.021236 -61.615824 
65.565890 67.580324 -148.693693 2.787810 -37.357064 0.673320 -20.594811 -4.224626 5.615022 66.014905 -3.800691 -6.832765 -0.899900 5.110359 -3.131721 -0.000000 0.000000 0.000000 -10.904979 -1.896598 6.029607 15.399338 -0.590084 -0.783156 -10.996770 -4.102751 3.140659 -0.000000 0.000000 0.000000 23.318815 2.950077 2.038142 -7.320494 -3.883386 -2.485324 3.327908 2.451033 2.488810 -9.052642 0.097202 -3.702871 -12.296364 -0.154552 10.000843 -0.000000 0.000000 0.000000 -9.170450 -23.955644 3.517053 -21.025020 -20.579683 -56.967386 27.762151 -48.422459 36.553139 3.998866 -9.181111 47.205328 -1.646061 29.771489 -13.266132 -24.361410 28.318761 59.633925 47.396066 49.082637 -46.124003 10.713275 4.259868 -58.572223 
64.052427 67.612237 -146.717286 3.385183 -38.399278 2.035807 -24.268082 -5.035386 4.857152 65.432696 -3.230031 -7.818567 -1.379493 5.538809 -2.242792 -0.000000 0.000000 0.000000 -7.849641 -2.314034 5.190188 13.444200 1.136869 -1.634057 -12.397894 -4.055952 3.633079 -0.000000 0.000000 0.000000 22.166319 4.196019 1.282757 -7.621715 -4.184660 -2.556368 3.883806 2.812569 2.385181 -8.328354 -0.286022 -3.583594 -11.903115 -1.138771 9.911212 -0.000000 0.000000 0.000000 -10.593707 -25.326507 5.496144 -22.596259 -22.547045 -54.274194 20.204626 -41.608514 26.852636 4.596276 -6.567563 43.446997 -2.360523 30.418664 -15.013997 -25.219283 29.592687 56.636354 39.007546 45.169350 -35.860727 9.426662 3.898120 -53.846612 
62.666458 67.555499 -144.748437 4.332541 -39.280474 3.489190 -27.817686 -5.819522 4.048865 62.283656 -2.641971 -8.444572 -2.222612 6.078080 -1.265514 -0.000000 0.000000 0.000000 -4.911470 -3.069642 4.259817 10.968898 2.780726 -2.408717 -13.391883 -3.790733 4.427870 -0.000000 0.000000 0.000000 21.065927 5.257858 0.864900 -7.620466 -4.534487 -2.667463 4.492513 3.108996 2.373260 -7.810408 -0.742783 -3.686140 -11.854601 -1.942800 9.915637 -0.000000 0.000000 0.000000 -11.705333 -26.084922 7.277679 -23.402463 -23.771842 -51.750484 15.442104 -36.237886 20.031246 2.812090 -2.867884 34.306162 -2.626363 30.639565 -16.641802 -25.654803 30.377534 53.643797 33.649130 40.594702 -28.351912 9.331129 2.323641 -45.730834 
61.293548 67.361963 -142.784524 5.670264 -40.559936 4.965537 -30.721827 -6.636397 3.646350 56.917252 -1.386714 -9.045312 -3.353565 6.612689 -0.599800 -0.000000 0.000000 0.000000 -2.389023 -3.375010 3.652116 8.655930 4.103210 -3.343357 -14.275660 -3.402380 5.336708 -0.000000 0.000000 0.000000 19.869013 5.886999 0.518138 -7.145882 -4.699242 -2.870514 4.816044 3.291495 2.613295 -7.342709 -1.010240 -3.813238 -12.450423 -2.265169 9.918411 -0.000000 0.000000 0.000000 -12.051221 -25.569354 8.472111 -23.072788 -23.466270 -49.230490 12.203415 -35.745463 17.197523 -2.338055 3.462963 18.918339 -2.215000 30.430677 -17.965279 -26.277715 31.090121 51.077814 29.605799 36.722971 -22.398756 8.340941 -0.011738 -36.974879 
59.924281 66.979086 -140.780282 7.367986 -42.332308 6.383912 -32.903252 -7.485765 3.826175 49.965199 0.166014 -9.611385 -3.735631 7.354754 -0.252732 -0.000000 0.000000 0.000000 -0.246669 -3.176088 3.246359 6.679895 5.790424 -4.199410 -15.392838 -3.481526 6.145416 -0.000000 0.000000 0.000000 18.664258 6.138649 0.188540 -6.336959 -4.548650 -2.936837 4.862611 3.416989 2.944498 -7.388255 -1.307544 -3.899602 -13.243731 -1.988898 9.951863 -0.000000 0.000000 0.000000 -11.700113 -23.836305 9.057577 -21.630252 -22.142560 -46.803887 10.259797 -39.632049 17.879192 -9.691940 10.903062 5.810472 -1.528185 29.778948 -18.590169 -26.882214 31.387609 48.973239 25.397730 33.931655 -18.489164 5.654463 -1.703801 -27.664684 
58.460480 66.348010 -138.558400 8.393569 -44.127299 6.875185 -34.175978 -8.128913 4.213826 43.442921 0.532062 -9.149772 -4.639116 7.852707 -0.338495 -0.000000 0.000000 0.000000 2.847001 -3.022836 3.068915 4.657314 7.859063 -4.778710 -16.990532 -3.952469 6.867232 -0.000000 0.000000 0.000000 18.159941 6.311769 0.234460 -5.621320 -4.448349 -2.840130 4.814006 3.505235 3.125500 -7.839339 -1.487157 -3.834116 -13.732236 -1.559980 9.798479 -0.000000 0.000000 0.000000 -10.968591 -21.813353 8.586623 -19.802378 -20.620222 -43.815805 7.618558 -45.183014 18.775907 -18.600590 12.372030 0.335218 -1.447603 28.836260 -17.979319 -27.044701 30.982077 47.198540 19.602640 31.982803 -15.321267 2.633721 -2.518221 -21.402713 
56.813598 65.472186 -135.983300 8.515264 -45.837470 6.186052 -35.247462 -8.747346 4.756189 40.053505 -0.738903 -8.255161 -6.452626 7.495294 -0.518508 -0.000000 0.000000 0.000000 6.875747 -2.612355 3.076749 3.095873 10.352564 -4.952691 -19.089618 -5.082518 6.906072 -0.000000 0.000000 0.000000 18.482281 6.344692 0.677525 -5.276420 -4.469487 -2.578990 4.848742 3.506315 3.099347 -8.818475 -1.424230 -3.486713 -13.541972 -0.845608 9.170363 -0.000000 0.000000 0.000000 -10.048868 -19.571758 7.297848 -18.006662 -18.993055 -40.492625 3.132934 -51.517890 18.185905 -29.208689 6.350476 1.167426 -2.014320 27.672077 -16.567050 -26.896723 30.082068 46.001182 11.384683 30.515940 -12.393878 -0.333344 -1.809725 -20.026826 
54.914331 64.485985 -132.904685 7.996558 -48.209553 4.783086 -36.018731 -9.085808 5.713123 40.516132 -1.746838 -8.265557 -8.344194 7.118382 -0.578166 -0.000000 0.000000 0.000000 10.704722 -2.001583 2.158536 3.533718 13.231097 -4.220242 -21.323531 -5.996023 6.498998 -0.000000 0.000000 0.000000 19.111371 6.387527 1.152823 -4.838265 -4.192147 -2.420260 5.199851 3.618373 2.707127 -10.512925 -0.963422 -2.662672 -13.381506 -0.289961 8.018233 -0.000000 0.000000 0.000000 -9.129628 -16.796905 6.272334 -17.143283 -17.441243 -38.069247 -2.097218 -58.027755 16.662091 -40.576679 -2.445494 4.940414 -2.787434 25.776596 -15.100871 -27.592787 28.412421 46.478143 1.808509 28.501356 -10.611875 -2.882345 2.338044 -23.379098 
52.743763 63.695192 -129.398835 7.119466 -52.081253 2.952867 -35.266514 -8.530301 7.475216 43.301069 -0.649279 -9.485679 -9.216737 8.125546 -0.406960 -0.000000 0.000000 0.000000 13.129931 -2.360135 0.012789 6.914888 15.679321 -3.300881 -22.078174 -4.887048 7.543102 -0.000000 0.000000 0.000000 19.831228 6.780505 1.263312 -4.125349 -2.949319 -2.670935 5.517700 4.313391 2.298843 -11.935411 -0.469383 -1.979981 -14.749603 -0.297855 6.986997 -0.000000 0.000000 0.000000 -8.720614 -13.532710 6.043689 -17.227927 -16.304462 -38.221129 -4.709941 -63.626312 17.180706 -49.607999 -9.915740 10.711375 -3.281141 23.192229 -14.274149 -28.812649 25.434997 47.765468 -6.496368 23.351279 -8.705113 -3.873693 7.980161 -32.213750 
50.269401 63.249880 -125.568950 6.506686 -55.808441 1.656277 -32.743602 -7.304691 8.587111 46.895907 0.512234 -11.643289 -12.626084 10.037654 2.090063 -0.000000 0.000000 0.000000 13.239436 -3.521193 -2.649422 13.739320 17.720066 -3.486288 -20.006185 -3.661973 9.534177 -0.000000 0.000000 0.000000 19.699520 7.187393 -0.036059 -2.968468 -1.496745 -2.837685 5.610614 4.792818 2.530518 -12.412428 -1.223976 -1.678259 -16.741635 0.025835 7.396499 -0.000000 0.000000 0.000000 -8.845092 -10.847348 5.045974 -16.032412 -15.060098 -38.977403 -4.330317 -69.908567 21.454145 -51.282212 -12.734714 19.084878 -3.253654 21.071852 -12.896110 -27.989661 21.058351 46.410536 -18.619443 16.753774 -5.878480 -8.310423 5.984803 -36.828552 
47.671396 63.028872 -121.593976 6.119369 -56.470857 0.426695 -28.791286 -6.357329 7.906228 49.001580 -0.054955 -12.317738 -17.274167 11.253841 5.007923 -0.000000 0.000000 0.000000 9.907529 -4.882457 -4.479566 25.708033 17.146915 -3.868551 -11.772659 -4.353871 12.604183 -0.000000 0.000000 0.000000 19.812480 6.433640 -1.421745 -2.544944 -0.809979 -2.665693 5.678921 4.177272 2.700568 -12.952160 -3.328082 -1.800072 -17.863206 1.044822 8.600202 -0.000000 0.000000 0.000000 -8.246776 -8.263689 3.174869 -13.740204 -14.081953 -37.529652 -1.626078 -77.714395 27.406345 -49.758961 -15.905490 28.828391 -3.869050 17.921986 -10.022632 -25.241707 14.867663 42.869996 -33.753666 11.854214 -3.288215 -15.525279 4.491477 -35.646420 
45.068201 62.622476 -117.665422 5.050844 -54.326256 -1.325547 -23.033486 -5.002368 5.738650 47.173669 -4.273829 -9.980770 -23.100168 12.581909 8.478844 -0.000000 0.000000 0.000000 3.130268 -5.447569 -4.451955 42.982577 12.594787 -5.028272 4.167033 -5.052135 15.803011 -0.000000 0.000000 0.000000 21.824575 3.754115 -2.192052 -4.642333 -0.643263 -2.829613 6.533825 2.799504 2.727713 -13.049823 -5.900753 -3.342527 -17.662316 2.242909 9.690388 -0.000000 0.000000 0.000000 -6.357862 -6.791746 1.859516 -12.004858 -13.481298 -35.334968 27.544700 -84.332954 59.639441 -47.106695 -20.950595 38.051003 -4.318728 14.657912 -7.273300 -20.937657 7.994894 38.333952 -43.094883 8.691678 -2.906643 -18.552579 6.311123 -38.571944 
42.466894 62.108701 -114.048004 4.815563 -49.045769 -1.358605 -17.268433 -5.138442 3.291996 44.482568 -7.219798 -8.625119 -27.475758 11.921764 11.826066 -0.000000 0.000000 0.000000 -4.743498 -4.457590 -2.532979 58.676271 5.558735 -4.565912 23.162407 -6.638072 17.599372 -0.000000 0.000000 0.000000 23.459912 0.604200 -3.542180 -5.104286 -1.060138 -2.835374 6.561268 0.618706 2.565952 -12.908957 -9.611056 -6.050109 -17.699972 3.185820 11.361258 -0.000000 0.000000 0.000000 -4.994498 -8.119740 -0.853189 -13.135076 -19.284286 -36.308401 103.685340 -80.730400 138.804177 -40.511788 -22.292266 43.490959 -4.480078 11.347643 -3.300136 -16.382546 0.775253 30.340616 -50.413145 5.598975 -4.056058 -22.345300 8.872067 -37.066778 
39.838216 62.046134 -110.833383 5.292826 -39.614027 -0.300098 -13.066086 -6.433714 2.090862 42.069769 -12.134869 -7.002976 -28.359647 10.152047 12.700867 -0.000000 0.000000 0.000000 -14.117988 -2.729603 0.491003 73.418986 4.108796 1.383561 17.343422 -12.273559 13.474087 -0.000000 0.000000 0.000000 26.024051 -3.181086 -3.675526 -5.009750 -2.521350 -3.223149 6.600619 -2.850406 1.393887 -12.736299 -10.092916 -6.896232 -18.588181 1.601147 11.897447 -0.000000 0.000000 0.000000 -5.648931 -10.124474 -3.337114 -14.683365 -29.412305 -39.254422 116.492523 -71.678486 145.398024 -39.665707 -20.935364 36.160916 -4.480526 6.315871 -1.391418 -13.808855 -6.344651 24.812121 -53.057339 2.091841 -4.117582 -25.799371 11.775094 -37.108635 
37.116513 62.528902 -107.820344 8.032078 -31.733858 1.845397 -9.985277 -5.483424 3.833406 36.990526 -17.709508 -5.870432 -26.367757 7.375619 10.507383 -0.000000 0.000000 0.000000 -27.213149 -1.012390 3.227589 82.711326 3.619050 6.607032 6.733239 -15.128969 7.696441 -0.000000 0.000000 0.000000 27.790311 -8.328264 -2.639202 -5.783970 -5.089893 -4.222003 6.799093 -7.065418 0.399464 -12.740106 -7.391467 -6.597612 -19.518524 1.454546 12.212590 -0.000000 0.000000 0.000000 -4.989931 -11.452748 -5.390956 -12.790137 -35.163705 -41.114919 122.362887 -67.553263 139.535359 -42.054331 -17.932094 21.382986 -5.102348 2.143310 -2.191537 -13.729537 -9.034562 22.120658 -52.870412 0.391461 -3.474152 -23.650856 13.023672 -39.536620 
34.202817 63.563389 -104.595804 10.434369 -26.808588 3.609291 -4.999864 -2.113561 6.774769 28.135047 -21.736928 -5.861315 -20.938390 4.680885 5.913759 -0.000000 0.000000 0.000000 -39.421397 0.721879 5.293570 84.590312 2.121204 8.481144 5.006294 -16.754379 5.247195 -0.000000 0.000000 0.000000 30.053903 -14.160410 -0.910593 -7.326880 -8.187540 -5.658307 5.585657 -11.307168 -0.175201 -11.803389 -6.247444 -6.610831 -20.123532 3.811964 13.840684 -0.000000 0.000000 0.000000 -1.109916 -14.529073 -6.199919 -7.987299 -34.646758 -41.745855 112.689862 -70.785531 120.436225 -47.548835 -16.133318 5.498828 -6.341598 1.544371 -5.048846 -15.791642 -9.164432 17.789950 -53.625737 -0.895290 -3.128596 -23.987359 14.394159 -35.738229 
31.236047 64.702338 -101.041782 12.815145 -23.378626 4.550881 -0.350285 1.150720 8.772014 19.830704 -25.569912 -4.298638 -13.304740 3.965339 0.895231 -0.000000 0.000000 0.000000 -48.092361 2.228858 6.535034 79.590808 -0.413077 9.167883 3.453904 -19.074499 4.740392 -0.000000 0.000000 0.000000 31.579780 -18.551387 2.523413 -8.729899 -9.819835 -6.940957 4.815277 -14.486694 -0.980184 -11.722950 -8.532796 -6.750678 -20.308692 5.268503 14.971792 -0.000000 0.000000 0.000000 0.710931 -15.683014 -8.121729 -5.425379 -35.509040 -43.043743 74.774076 -75.897829 74.858607 -58.927020 -11.025022 -3.131293 -7.862690 0.987629 -7.276942 -17.426428 -7.018894 9.115822 -53.107342 -0.826213 -2.216416 -26.238797 16.100915 -30.645037 
28.272653 65.723532 -97.146732 14.557363 -21.620036 4.666830 3.551750 2.423191 9.239206 15.600750 -28.734658 -0.797351 -4.232303 5.206496 -4.051152 -0.000000 0.000000 0.000000 -51.671064 3.137052 6.221284 68.966499 -3.010401 10.276713 1.106576 -20.343370 4.644968 -0.000000 0.000000 0.000000 32.374486 -20.753525 6.858904 -8.961518 -10.199544 -7.858410 4.364739 -16.010907 -2.003502 -11.931553 -12.511183 -6.542869 -20.956391 5.080482 17.304822 -0.000000 0.000000 0.000000 0.898646 -15.602328 -9.745789 -2.612279 -38.262584 -43.618699 35.390143 -75.742204 32.102683 -75.617122 -10.873083 -3.637555 -8.496588 0.676718 -9.410956 -16.812960 -5.730014 -2.636045 -48.724275 1.592566 -0.629691 -27.512246 18.150289 -25.922530 
25.206351 66.391677 -92.903370 15.162820 -22.806075 4.682125 8.085026 2.949207 8.972801 13.969403 -29.712655 1.564610 5.900977 5.997991 -8.238840 -0.000000 0.000000 0.000000 -50.826379 2.729866 5.826867 55.351230 -1.902691 10.051920 2.295153 -16.827268 7.414644 -0.000000 0.000000 0.000000 30.996242 -21.542857 9.824046 -7.521591 -9.644023 -9.069650 4.431519 -16.404392 -2.955247 -11.283083 -15.049918 -4.880228 -21.123920 5.284604 19.305679 -0.000000 0.000000 0.000000 0.928288 -13.879364 -12.111102 0.183433 -36.957110 -42.622408 34.223432 -75.205092 30.466282 -79.313384 -8.009155 -10.107920 -7.626566 0.644541 -13.264623 -19.223937 -4.031572 -15.173699 -44.287016 4.827786 0.005577 -27.462397 18.809604 -23.351118 
21.855003 66.576815 -88.217050 14.797819 -26.399358 4.748909 14.064618 3.045756 7.704817 13.031207 -28.874377 2.683245 14.479410 6.337668 -11.707096 -0.000000 0.000000 0.000000 -46.838630 2.167366 5.617934 43.149795 -1.487215 9.754059 4.213913 -12.559301 10.572703 -0.000000 0.000000 0.000000 27.847899 -21.199471 11.263982 -7.018905 -7.885218 -11.043850 4.780645 -15.530465 -3.806489 -7.597594 -18.028560 -1.381330 -19.242272 7.517409 20.289508 -0.000000 0.000000 0.000000 0.921896 -12.213412 -13.945348 3.836663 -32.935437 -42.636852 48.916764 -75.731968 45.748587 -73.039253 -7.834654 -17.173654 -8.259137 3.087160 -20.379436 -23.835390 0.728669 -25.888059 -40.746390 10.151348 1.258040 -23.952044 18.200296 -20.074267 
18.198532 66.059983 -83.294719 13.743606 -29.698733 4.922758 17.714682 4.678873 6.674366 16.374629 -26.995302 2.927485 21.849883 3.608365 -14.850590 -0.000000 0.000000 0.000000 -41.512924 0.093537 5.088426 36.121743 -3.319109 7.949105 -0.478334 -14.542124 5.747391 -0.000000 0.000000 0.000000 23.879586 -20.055401 11.311254 -7.866610 -5.339012 -12.897996 4.669926 -13.838754 -3.676886 -1.158637 -22.811355 3.090198 -15.465011 11.674123 19.965535 -0.000000 0.000000 0.000000 1.965640 -11.873058 -14.169726 6.879223 -26.956955 -45.451001 65.689247 -75.700259 62.279983 -68.092391 -7.291455 -24.516901 -7.891193 9.682407 -29.743605 -28.472020 9.536169 -31.721208 -35.532871 19.000459 6.267795 -21.208276 18.761137 -14.389471 
14.440425 65.188205 -78.571647 11.415321 -30.596445 4.424655 15.166691 6.951899 7.455459 32.440258 -24.900425 4.205725 16.710447 2.958698 -14.080269 -0.000000 0.000000 0.000000 -35.226650 -1.699253 4.817486 38.444996 0.444354 7.555415 -17.503232 -11.784696 0.050815 -0.000000 0.000000 0.000000 21.033179 -17.331306 10.007586 -8.408078 -3.158007 -12.983921 2.922244 -11.169463 -2.813364 5.238985 -25.150251 7.642932 -9.956092 12.556782 15.800904 -0.000000 0.000000 0.000000 2.663055 -13.420404 -12.102092 10.591816 -20.953203 -48.860481 78.330969 -75.179278 73.027279 -65.632144 -5.754104 -30.741092 -4.901468 19.244097 -37.652918 -30.773388 19.687493 -29.985477 -28.465736 30.980626 12.993340 -23.029991 17.503081 -4.997975 
11.194612 64.897382 -74.641341 11.190227 -31.379520 3.113709 5.246661 3.550350 9.291751 53.811359 -16.272493 3.132064 10.880950 5.292695 -10.425975 -0.000000 0.000000 0.000000 -33.666705 -0.634745 7.460552 43.298213 -1.399305 8.865859 -23.354431 -11.808476 -4.504628 -0.000000 0.000000 0.000000 18.653785 -13.075304 8.896873 -8.160195 -0.313254 -10.723959 1.032840 -6.905489 -1.754538 6.955775 -24.499599 9.375597 -4.573362 11.124546 13.271493 -0.000000 0.000000 0.000000 2.296631 -14.556975 -10.226026 12.839032 -17.333465 -49.511711 74.814116 -75.133360 68.173903 -61.327987 -4.019960 -35.823909 -1.971267 27.648930 -37.814278 -30.881067 31.292451 -21.042202 -19.809307 42.101007 14.442741 -23.421239 14.277927 5.615069 
8.182139 65.741497 -70.695513 10.217229 -32.090457 1.728035 -5.145598 -3.504496 8.108414 69.184556 -9.829724 -1.066019 8.011756 9.908390 -4.896217 -0.000000 0.000000 0.000000 -28.550645 0.620878 9.300950 42.691552 -2.038831 7.905474 -23.705445 -10.928695 -4.844417 -0.000000 0.000000 0.000000 15.907232 -7.724002 6.135318 -6.275801 1.455124 -7.376369 0.856255 -2.557855 -0.698963 4.852867 -21.671120 9.452002 -1.377005 5.554367 9.731645 -0.000000 0.000000 0.000000 1.693263 -13.776309 -8.755631 11.365475 -14.947511 -51.292379 49.053907 -70.808361 43.408379 -55.843516 -3.060231 -34.109060 -1.109130 32.218715 -31.366276 -30.149453 39.923936 -2.466175 -0.424798 48.582956 0.656641 -17.576686 13.146676 7.576402 
5.052630 67.280465 -66.360164 7.498060 -30.334223 0.104902 -15.148907 -7.638284 5.506421 77.093290 -7.350654 -2.177243 1.684782 12.007366 2.156008 -0.000000 0.000000 0.000000 -18.552002 -1.059195 8.727642 36.835082 0.126472 6.530082 -19.973383 -11.534244 -3.474380 -0.000000 0.000000 0.000000 15.672451 -1.467675 3.322231 -4.808193 2.677497 -5.022267 0.752541 1.739467 0.399458 3.423714 -19.953877 8.305438 0.156969 1.067656 10.330267 -0.000000 0.000000 0.000000 1.008494 -12.472302 -7.785637 8.480829 -12.204277 -53.697622 32.668778 -62.745183 27.779882 -51.649243 -5.260385 -20.630526 2.436128 33.191598 -23.424861 -27.453317 33.879776 15.491303 17.670649 47.810322 -16.164615 -8.221018 16.217984 3.267306 
1.865855 68.704349 -61.664343 6.004234 -29.202115 -0.476309 -24.586858 -10.307128 2.628829 76.834541 -3.855575 -4.119289 -1.719213 9.917813 3.787189 -0.000000 0.000000 0.000000 -8.679528 -3.551286 7.306504 30.474930 -0.870511 5.414724 -12.036954 -7.691368 2.245677 -0.000000 0.000000 0.000000 15.600223 5.691085 -0.686375 -3.360077 4.787070 -2.278387 -0.633463 5.811625 2.049330 2.503284 -18.339508 7.104102 -0.212098 -7.092067 11.088249 -0.000000 0.000000 0.000000 -0.134858 -7.564347 -10.007277 6.596576 -9.171727 -52.086522 26.461234 -59.208664 26.333907 -41.460440 -3.642747 -21.910356 1.928212 29.419853 -6.896645 -23.092082 23.883922 23.307798 14.501131 42.762837 -14.943464 -5.039668 14.898221 4.099070 
-1.344131 69.382697 -56.651151 7.033120 -28.973798 1.277866 -33.005846 -13.389039 -0.474508 69.222668 -0.657715 -9.360292 -1.901026 10.180796 5.070555 -0.000000 0.000000 0.000000 -1.883962 -4.778210 4.881130 25.284444 1.172188 3.840722 -3.677836 -3.306933 7.514678 -0.000000 0.000000 0.000000 12.801089 12.323030 -5.175069 -2.967991 6.990066 0.839177 -0.482701 8.807711 3.159708 3.082332 -15.655360 5.428099 -0.145999 -15.177517 10.642273 -0.000000 0.000000 0.000000 -0.625929 -0.206621 -10.443609 5.040477 -8.584109 -45.695838 15.278265 -62.535458 19.903288 -40.219086 -1.904582 -23.203190 1.515753 21.762803 9.144260 -18.997476 17.401684 23.794158 -1.324597 33.778761 -6.361849 -6.367152 10.133222 0.166002 
-4.394873 69.270915 -51.462996 7.887456 -26.710983 2.449499 -39.467811 -16.499791 -4.257309 57.491832 1.935139 -12.140859 -0.720838 12.336208 5.525888 -0.000000 0.000000 0.000000 4.342034 -5.178552 3.250555 21.992459 3.058595 2.525287 4.776142 0.534069 11.675247 -0.000000 0.000000 0.000000 10.708024 16.587327 -6.913568 -3.919506 7.507729 3.003529 0.802921 10.567130 3.516400 4.797926 -12.850973 4.561507 -1.023769 -21.711610 10.046237 -0.000000 0.000000 0.000000 -1.240712 4.974492 -6.965395 2.131827 -9.166066 -38.861499 -2.711022 -61.175226 7.728764 -49.298085 1.703904 -26.538075 3.754803 15.239088 15.353565 -14.184140 14.054832 27.060056 -12.764019 22.185297 -1.208145 -16.604608 8.380893 -9.646159 
-7.408288 68.646955 -46.326774 7.090888 -23.751210 2.256009 -41.770715 -17.553591 -7.121720 41.746303 0.904369 -11.306957 4.979746 10.117101 1.679246 -0.000000 0.000000 0.000000 11.473497 -5.203041 3.138111 20.552522 3.636654 0.899634 12.805535 2.573653 15.164140 -0.000000 0.000000 0.000000 10.349109 18.733070 -7.113942 -4.714699 6.314830 4.113025 2.387758 11.300181 3.749688 6.843793 -10.819025 4.632257 -2.638820 -25.153340 9.857087 -0.000000 0.000000 0.000000 -2.333078 6.299973 -2.799448 -1.467769 -7.931788 -30.622431 -18.143326 -54.266219 0.434693 -50.005455 2.196480 -25.651725 3.494253 11.229628 16.240827 -9.748168 11.984219 35.514542 -14.541906 11.681906 -2.663458 -13.163331 3.104596 -11.179720 
-10.663798 67.398435 -41.169730 4.946295 -22.945953 0.995307 -38.599952 -16.916337 -7.486031 23.505074 -2.480959 -8.553621 16.881740 6.725152 -3.630887 -0.000000 0.000000 0.000000 19.143126 -5.186853 3.661795 20.951937 4.652901 -1.585329 21.135607 2.058321 16.332699 -0.000000 0.000000 0.000000 10.650049 19.797582 -7.474543 -4.561098 5.135226 5.119416 2.972259 11.905789 4.309541 9.934943 -9.542197 4.917604 -3.460156 -26.987312 11.047503 -0.000000 0.000000 0.000000 -4.710482 6.265957 0.672218 -5.215476 -6.269556 -17.685217 -27.243998 -43.648279 -4.421332 -42.180647 0.588689 -21.706729 2.398417 8.730502 16.996321 -5.037051 10.124570 41.826955 -14.280116 6.147040 -0.859219 -7.092277 0.023749 -14.421984 
-13.778374 65.236342 -35.966423 3.308496 -24.773228 -0.575782 -36.054201 -15.797283 -7.227863 15.745309 -5.205203 -4.695989 14.425878 9.978731 -1.841731 -0.000000 0.000000 0.000000 22.398615 -5.502051 2.274360 28.695490 5.812649 -3.644124 18.808764 -3.113108 15.069668 -0.000000 0.000000 0.000000 9.070350 20.633379 -7.895109 -4.565943 4.008345 6.674997 3.696647 12.296002 4.837546 13.629072 -7.093554 5.573919 -4.408018 -28.684183 11.849333 -0.000000 0.000000 0.000000 -5.853656 4.228774 4.524571 -9.949838 -4.619817 -2.635574 -31.693712 -29.788776 -6.881986 -36.430334 1.349376 -22.111575 2.761985 7.459776 17.738395 0.709394 7.942698 46.738100 -12.408918 8.221353 -1.035854 -9.524490 -0.287495 -13.991294 
-16.248943 62.803900 -31.460062 0.722554 -27.520792 -2.811454 -39.149254 -16.742667 -7.440669 31.705433 -9.114982 -7.999170 -1.873143 16.304854 7.646607 -0.000000 0.000000 0.000000 19.217769 -6.903113 -1.800540 44.515485 4.339954 -5.082762 15.624899 -10.217606 13.152131 -0.000000 0.000000 0.000000 11.264499 20.656129 -7.867282 -7.654477 2.525289 7.906656 5.388333 12.287323 4.737642 14.605152 -6.236487 4.235364 -5.390891 -28.495241 11.448568 -0.000000 0.000000 0.000000 -7.284723 0.779820 9.178028 -16.230254 -4.956921 9.347933 -32.092553 -15.398598 -5.601541 -31.112291 1.101906 -19.360508 2.314809 5.988832 16.968298 4.862135 4.429538 49.563549 -9.429028 12.411733 -0.655130 -12.438213 0.560984 -16.202787 
-18.230136 61.560476 -27.935705 -3.413364 -26.184491 -3.754343 -41.165649 -16.738110 -9.836108 46.229968 -10.517746 -10.926728 -7.549926 15.671117 7.655816 -0.000000 0.000000 0.000000 13.401622 -5.690661 -5.330378 61.302459 -0.672113 -4.067042 13.479845 -18.516042 10.106406 -0.000000 0.000000 0.000000 17.020859 18.612294 -8.405854 -7.952792 0.615961 7.952317 5.419207 10.765207 4.641194 13.459764 -6.410204 1.024715 -7.771417 -27.837270 10.859361 -0.000000 0.000000 0.000000 -9.216680 -3.818611 12.341795 -23.305006 -7.160584 15.509884 -37.373469 -9.300050 -0.231705 -24.809776 1.237138 -21.773361 1.026983 7.855516 16.772981 8.441360 3.947398 49.597459 -6.682092 15.196938 -2.804815 -13.237976 -0.563256 -16.787089 
-20.057555 61.074018 -24.559140 -5.998179 -28.082328 -5.804364 -34.573674 -12.668870 -7.271362 48.310458 -11.726435 -10.690704 -16.223099 14.120853 11.798790 -0.000000 0.000000 0.000000 3.304706 -1.224283 -5.913183 76.350681 -1.280825 -4.663682 4.735408 -23.982415 3.123669 -0.000000 0.000000 0.000000 18.136385 14.985897 -6.045317 -8.393720 1.946324 7.801321 5.882927 10.454892 4.760891 14.758047 -5.500806 -1.359614 -9.799186 -25.602848 8.962489 -0.000000 0.000000 0.000000 -10.119000 -5.887273 14.786285 -27.512691 -11.227406 16.098938 -44.741932 -14.688343 -2.627035 -30.391689 3.045889 -28.322721 1.956634 9.819311 15.399211 8.935501 4.973428 48.818404 -4.923813 15.683196 -4.116175 -9.457935 -1.795679 -16.491648 
-21.592014 61.410230 -21.383038 -7.602594 -28.221449 -6.290421 -28.752059 -12.077021 -7.611579 47.751079 -12.819705 -10.775262 -20.951184 13.997104 14.466832 -0.000000 0.000000 0.000000 -6.860389 3.049615 -6.053481 84.569182 -0.317298 -4.597636 -3.152281 -23.270181 -0.338409 -0.000000 0.000000 0.000000 19.398484 11.152864 -4.140554 -9.099030 1.911138 7.926659 5.855423 9.497247 3.873111 14.953718 -3.101373 -3.453583 -10.114315 -23.538111 6.676355 -0.000000 0.000000 0.000000 -10.312913 -7.224053 16.789541 -24.838501 -15.259488 13.140913 -43.755751 -23.460083 -6.996436 -40.486935 1.260375 -27.171602 2.021961 9.789220 13.775361 9.134472 7.123397 47.935253 -4.562102 17.791238 -4.109377 -9.714131 -1.894031 -17.991896 
-23.068188 62.340951 -18.335104 -9.317017 -26.078731 -6.586135 -23.387226 -10.718319 -7.829029 48.415038 -15.052141 -10.499171 -21.248396 13.223273 14.483257 -0.000000 0.000000 0.000000 -14.689260 5.930036 -6.037811 84.910524 1.056167 -3.892711 -5.670750 -20.235532 0.664537 -0.000000 0.000000 0.000000 20.808355 7.304018 -1.720556 -9.275120 0.400598 7.891253 5.690850 7.723408 2.918098 14.042659 -0.919162 -6.217612 -9.727346 -20.428341 6.170200 -0.000000 0.000000 0.000000 -10.275397 -9.929943 17.780998 -21.551085 -18.896708 9.154727 -34.794895 -32.057051 -6.813193 -39.610397 -1.854337 -23.318846 1.204548 10.198753 12.317911 8.716178 8.547090 46.897747 -2.252845 21.407292 -3.868959 -12.668878 -1.006128 -17.481107 
-24.646513 63.419235 -15.386695 -11.024120 -24.003853 -7.784231 -17.688200 -7.897902 -6.077785 49.680989 -17.103989 -9.220275 -19.814318 11.422506 13.287298 -0.000000 0.000000 0.000000 -19.757887 7.631138 -4.561110 78.096251 2.704314 -3.510381 -6.898002 -17.656953 1.361417 -0.000000 0.000000 0.000000 21.072307 4.189413 0.822216 -8.257683 -1.145993 8.230973 5.513309 6.039772 2.679698 11.912503 1.152191 -9.465387 -6.755756 -16.502422 7.787203 -0.000000 0.000000 0.000000 -10.221878 -13.507522 18.198982 -19.466596 -22.274068 3.342481 -21.477184 -37.470453 -3.480808 -33.170990 -4.282282 -22.056260 1.281572 11.995373 10.945892 7.681184 9.299324 45.628367 2.750313 25.616413 -5.253297 -13.654866 0.666603 -14.899831 
-26.260430 64.215571 -12.545948 -12.339679 -22.181318 -9.207440 -13.840208 -5.211271 -3.134022 52.837515 -17.109355 -8.358186 -16.577692 8.235479 10.019074 -0.000000 0.000000 0.000000 -21.516984 8.649465 -2.776831 64.900034 3.618253 -3.486692 -6.667625 -15.199170 3.013655 -0.000000 0.000000 0.000000 20.225124 2.149369 2.359787 -6.303618 -2.371705 9.050884 4.726687 4.612030 2.964801 10.659583 2.215566 -10.582808 -5.708689 -13.911082 7.024321 -0.000000 0.000000 0.000000 -10.959068 -16.795575 18.690719 -20.113885 -29.101914 -7.391416 -8.598598 -35.844677 0.811729 -28.403058 -4.028404 -22.094953 1.699213 12.813980 9.301153 7.002302 11.408882 44.757438 8.931435 28.603358 -8.166981 -13.444950 3.035194 -12.492451 
-27.874643 64.581335 -9.725622 -13.005112 -20.621318 -9.807672 -12.318896 -3.559449 -0.908343 57.848218 -15.956358 -7.172372 -13.099009 3.911086 5.258748 -0.000000 0.000000 0.000000 -20.687500 8.457973 -2.422132 46.754622 2.426673 -4.432289 -2.303461 -11.475861 7.732133 -0.000000 0.000000 0.000000 19.390179 0.590904 2.985441 -5.016502 -4.139083 9.237818 3.572624 2.698676 3.222564 9.242472 2.938838 -10.496092 -5.092237 -10.931330 5.677636 -0.000000 0.000000 0.000000 -11.367536 -18.591682 18.568651 -23.698400 -34.640994 -22.350254 4.659050 -31.809725 7.876931 -21.776558 -3.602848 -21.622661 1.435685 12.917059 7.246686 5.612673 14.618068 45.783195 14.886514 30.057517 -10.764838 -13.280673 4.744660 -10.354279 
-29.548690 64.658338 -6.763413 -14.184281 -18.184781 -9.903871 -11.465076 -3.279383 0.179799 64.160982 -16.591913 -4.633307 -10.203057 -0.837524 0.593588 -0.000000 0.000000 0.000000 -16.682319 7.147409 -3.429012 27.176584 3.278218 -5.152716 7.095647 -6.936722 14.005357 -0.000000 0.000000 0.000000 19.224502 -0.810711 3.519262 -4.708278 -6.345411 8.103043 3.187457 0.604888 3.167217 6.862922 2.111220 -9.472357 -4.362357 -6.499038 5.556691 -0.000000 0.000000 0.000000 -11.166630 -19.348034 14.765335 -26.084954 -37.483877 -34.650099 15.389966 -32.125237 13.591982 -9.654328 -3.482735 -16.586782 0.013490 12.267372 6.342003 3.770190 16.781084 47.591861 17.268551 32.042053 -10.790130 -11.982829 4.801506 -8.793467 
-31.552941 64.526588 -3.803895 -17.626131 -16.072786 -10.713798 -8.942541 -4.064285 1.665421 70.990587 -18.792707 -1.854053 -10.520202 -4.595817 -4.255779 -0.000000 0.000000 0.000000 -11.025497 6.650036 -3.424416 13.631280 5.326093 -5.240150 13.485163 -2.520992 15.937253 -0.000000 0.000000 0.000000 20.533620 -1.602752 3.436273 -2.780738 -8.116617 6.515692 2.630617 -1.221678 3.111032 3.944064 1.772083 -7.683887 -4.794691 -3.129490 6.224006 -0.000000 0.000000 0.000000 -9.459789 -20.678932 10.505731 -23.921981 -35.699681 -41.790738 26.822100 -36.153007 20.624609 0.534407 -5.306996 -11.074472 -0.993529 13.397269 5.237182 1.160072 17.160646 51.493304 18.905383 33.462110 -12.182362 -10.366053 4.829642 -6.891161 
-33.598372 63.770109 -1.104033 -20.617685 -15.546889 -11.440366 -8.546179 -5.132517 3.530425 78.612839 -19.036144 -0.766763 -12.695664 -4.171878 -4.644288 -0.000000 0.000000 0.000000 -12.011961 7.269857 -2.125115 20.918523 6.564199 -5.950965 6.560928 -3.914045 12.922637 -0.000000 0.000000 0.000000 21.457887 -1.658710 2.700807 -1.560351 -7.832627 5.110168 1.999922 -1.833740 2.352866 1.912152 0.954633 -5.184811 -5.877959 -2.494719 7.315743 -0.000000 0.000000 0.000000 -7.116529 -22.225713 6.384801 -20.441939 -33.853336 -47.006689 34.572905 -38.639994 24.518209 -3.041098 -6.255440 -8.379312 -0.161930 15.201132 4.252114 -0.086198 15.845031 55.215414 21.272106 35.306210 -16.000528 -11.900645 4.803810 -5.936291 
-34.884429 62.987214 0.917000 -22.776269 -17.704198 -13.890325 -10.519761 -5.993729 6.722090 84.195258 -16.949480 -1.341521 -15.422943 0.822151 -1.469851 -0.000000 0.000000 0.000000 -20.006946 10.347494 0.545094 38.457472 6.404520 -1.774190 -0.984372 -5.852509 8.888345 -0.000000 0.000000 0.000000 22.985030 -2.238199 4.196553 -0.669068 -5.331061 4.511728 1.966662 -1.090993 1.013912 -2.397770 0.420877 -3.840950 -7.590963 -2.282084 6.920419 -0.000000 0.000000 0.000000 -5.282810 -22.532757 1.723244 -16.547850 -32.380662 -49.633467 34.062907 -39.978719 22.808823 -12.234419 -4.175535 -8.637838 0.256398 17.148241 5.243443 -1.170335 16.273643 53.933945 21.297513 36.352543 -16.696445 -12.982749 4.974106 -6.963712 
-35.676733 62.628835 2.860733 -23.589063 -16.031096 -13.978502 -13.924000 -7.608806 6.101100 86.394139 -14.103648 1.292935 -17.316745 4.236740 1.714360 -0.000000 0.000000 0.000000 -19.421344 4.653599 -2.237732 39.413329 6.117466 -1.199284 -3.511531 -4.784564 8.501365 -0.000000 0.000000 0.000000 22.495178 -1.653098 3.977825 2.602754 -6.412872 4.888719 0.952429 -1.594942 0.915598 -5.884894 -0.934249 -3.431581 -10.601358 -2.170492 7.259782 -0.000000 0.000000 0.000000 -4.677311 -21.554697 -3.678593 -13.613492 -30.637501 -51.597033 32.675121 -36.943793 17.912335 -11.119581 -3.211474 -5.546121 0.140768 18.002766 8.199065 -3.010524 16.184001 49.900813 19.584086 35.050299 -12.888355 -9.346801 4.256491 -8.383591 
-36.073604 62.553430 4.386703 -22.867234 -15.193788 -14.111178 -17.777445 -10.298243 5.369947 83.077701 -11.904420 2.303469 -17.696310 6.323581 4.452053 -0.000000 0.000000 0.000000 -19.408163 5.156821 -2.322108 39.716102 6.748571 0.165016 -4.805618 -7.191466 7.544576 -0.000000 0.000000 0.000000 22.240578 -1.485259 4.194963 1.257860 -6.283294 4.708761 1.076550 -1.860239 1.500920 -7.393922 -3.219787 -3.373580 -11.446456 -0.820685 7.309315 -0.000000 0.000000 0.000000 -3.350165 -19.867671 -8.429729 -10.108332 -28.757407 -54.180957 28.885390 -31.554115 14.057256 -6.289910 -2.523777 3.278924 -0.180519 18.690647 10.398150 -3.273790 16.801212 47.495039 16.954875 30.209899 -8.843359 -4.531029 3.044307 -10.118515 
-36.083511 62.825704 5.537664 -22.429825 -18.548009 -14.702708 -19.281253 -10.871015 5.605430 73.864154 -10.453058 1.962936 -15.773203 7.904072 5.136186 -0.000000 0.000000 0.000000 -20.188675 5.162169 -1.369854 38.089556 7.491738 -0.385628 -2.230426 -7.479331 8.267564 -0.000000 0.000000 0.000000 22.142548 -0.406896 3.574278 -0.945003 -4.057648 3.970046 1.041195 -0.683382 2.271145 -8.236101 -4.964031 -3.098290 -11.432283 -0.322619 7.735988 -0.000000 0.000000 0.000000 -2.110778 -16.691141 -10.703270 -7.163967 -26.599142 -57.095380 22.222264 -28.811161 8.541738 -6.889932 -1.458045 12.929557 0.104770 18.928566 10.631288 -3.836545 17.806518 47.419572 13.002486 24.262170 -4.664633 -0.808944 1.562407 -14.448583 
-35.828546 63.143623 6.501044 -23.078453 -20.499815 -14.803816 -17.673491 -11.849885 4.696545 61.766292 -12.411323 2.853306 -12.923662 9.675701 2.515374 -0.000000 0.000000 0.000000 -19.015109 3.938609 -1.274745 36.453450 6.752195 -1.850624 0.481047 -7.065879 9.359464 -0.000000 0.000000 0.000000 22.369493 1.365687 2.254222 -1.731392 -2.312317 3.195830 1.235659 0.274646 3.199191 -9.060113 -5.623378 -2.316902 -11.806551 -2.736993 8.042712 -0.000000 0.000000 0.000000 -1.794965 -14.839472 -9.974662 -5.158875 -24.648799 -59.193863 19.651699 -28.298899 5.661781 -7.784366 0.979743 14.214359 0.004150 19.113156 8.704942 -5.304700 17.492148 49.776808 8.722918 19.440243 -1.824363 -0.925723 -0.911748 -16.862430 
-35.408571 63.266295 7.355274 -23.560783 -22.522118 -15.126320 -15.129971 -13.292795 4.199235 50.740793 -17.499763 4.285088 -12.045827 7.533922 1.403994 -0.000000 0.000000 0.000000 -18.300447 3.696464 -1.239787 35.051035 5.482977 -2.112986 3.142136 -7.359955 10.300318 -0.000000 0.000000 0.000000 21.590554 2.334646 1.423057 -2.031656 -0.597127 2.425348 1.517203 1.338237 3.285890 -9.735885 -5.274094 -0.808939 -10.730605 -5.503669 7.969202 -0.000000 0.000000 0.000000 -1.287206 -13.780297 -8.376273 -4.363440 -23.274438 -59.366545 17.117429 -28.602085 2.949160 -9.221643 -9.447538 14.186421 -0.244768 20.514232 6.040893 -8.097563 18.882350 53.197730 3.900032 12.072496 0.349286 -2.113196 -1.203928 -16.922959 
-34.855765 63.182276 8.057337 -24.334643 -25.234656 -16.175860 -13.126599 -14.934063 4.262644 46.744049 -25.012969 7.030766 -11.365066 5.062078 0.358493 -0.000000 0.000000 0.000000 -18.723513 3.021152 -0.970682 35.121664 3.947215 -1.466812 4.898662 -8.019403 10.146680 -0.000000 0.000000 0.000000 21.193073 2.942172 0.567151 -3.125399 1.010597 1.857516 1.657978 2.372761 3.839192 -10.181282 -5.337226 -0.080266 -10.003998 -7.108976 8.445295 -0.000000 0.000000 0.000000 -1.516475 -12.647530 -7.211998 -3.269721 -21.515046 -60.201693 14.503298 -31.660323 3.081786 -11.399214 -8.970436 15.686491 -0.494420 22.375947 4.477267 -10.749675 19.772738 54.257354 1.022580 9.043386 1.079621 -0.403713 -3.732675 -19.440529 
-34.082597 62.984598 8.539230 -25.892481 -28.118133 -17.962743 -11.691185 -16.902339 4.794293 47.104608 -27.813677 7.307546 -12.483555 5.349069 0.254452 -0.000000 0.000000 0.000000 -19.378259 2.213221 -0.801031 36.573408 1.383375 0.459036 4.430670 -9.577856 9.424272 -0.000000 0.000000 0.000000 21.397669 4.038945 -0.051773 -3.683733 2.496558 1.645615 1.261877 3.291116 4.338200 -10.981234 -6.295955 -0.300118 -10.220884 -8.255674 9.054735 -0.000000 0.000000 0.000000 -2.106784 -12.437436 -6.256559 -3.580760 -20.170508 -61.891245 11.639281 -33.107276 3.778162 -13.668208 -4.143068 19.013150 -0.794633 23.979455 3.482958 -12.806816 20.034119 52.607180 -0.278985 11.342111 0.407312 -1.319695 -2.578583 -23.006754 
-33.380038 62.844723 8.860354 -28.677659 -31.684030 -20.108552 -9.639543 -14.175304 5.698790 46.300677 -26.056038 5.960802 -14.544624 6.669317 1.431157 -0.000000 0.000000 0.000000 -19.981596 0.507402 -0.475498 42.212349 -0.371457 1.811341 -3.276671 -9.568678 8.070246 -0.000000 0.000000 0.000000 21.606693 4.683697 -0.735237 -4.117180 4.131080 0.947509 0.727860 4.452266 4.051915 -10.964535 -5.896752 0.110899 -9.143343 -9.126450 8.359028 -0.000000 0.000000 0.000000 -3.380244 -12.351112 -6.037967 -3.608494 -18.772069 -61.479215 11.109681 -32.082499 3.902191 -14.172248 -4.507961 19.962211 -2.192386 25.595549 3.237344 -15.856398 21.123624 50.303956 0.808528 13.749525 -0.571804 0.490345 -1.081437 -22.363142 
-32.801703 62.925947 8.870275 -30.358680 -34.763985 -21.563260 -8.444627 -9.428836 7.593037 43.444224 -23.823910 4.933667 -15.659438 5.713949 1.906054 -0.000000 0.000000 0.000000 -21.752661 -0.242841 0.953685 51.778510 0.115066 2.267899 -7.086609 -9.338212 5.978369 -0.000000 0.000000 0.000000 20.425575 4.092874 -0.915766 -5.098195 4.937576 0.113106 0.455752 5.082391 3.295230 -9.830778 -4.485408 1.044679 -7.511497 -8.285237 7.164836 -0.000000 0.000000 0.000000 -4.345374 -12.465038 -5.853152 -2.575245 -16.411374 -59.227714 13.610016 -30.192163 3.079741 -10.020420 -5.742276 19.026535 -3.607830 27.112252 1.975074 -20.854741 23.249489 50.075906 0.051654 16.940258 -1.334433 1.607723 0.438286 -23.367821 
-32.150802 63.554013 8.562770 -29.900870 -34.976828 -20.599146 -9.011095 -9.289605 7.257198 40.970790 -24.173843 4.130553 -12.470919 5.192262 1.400064 -0.000000 0.000000 0.000000 -22.440627 -0.060383 1.262865 60.509962 -0.003537 3.450727 -7.401030 -10.381203 4.500482 -0.000000 0.000000 0.000000 18.390507 3.598927 -1.162502 -5.838385 4.182310 -0.427862 0.343564 4.625590 2.253472 -8.240198 -4.129153 1.784945 -6.547886 -7.310041 6.797838 -0.000000 0.000000 0.000000 -4.655856 -14.625067 -5.511435 -2.142826 -16.139787 -57.617282 15.742825 -25.630364 1.280828 -6.516405 -4.638710 16.857102 -5.111733 28.272683 -0.860620 -24.588107 25.787758 50.414695 -1.183770 21.311030 -2.957378 -1.803888 1.736912 -24.159533 
-31.558767 64.831978 8.041220 -29.762290 -34.744343 -19.036420 -7.484376 -8.692121 6.387389 35.064887 -23.777921 3.050521 -6.526481 4.410221 0.224611 -0.000000 0.000000 0.000000 -20.241909 0.269667 1.299962 65.433560 -0.275719 3.853987 -5.940140 -10.837112 3.575367 -0.000000 0.000000 0.000000 16.575815 3.315095 -1.526317 -6.185871 3.430735 -1.382360 -0.305011 4.198624 1.225854 -5.696503 -4.661386 1.898170 -5.540700 -6.074477 6.767380 -0.000000 0.000000 0.000000 -4.917599 -16.865847 -4.598993 -2.058840 -16.779808 -58.104195 17.881183 -18.999741 -1.207344 -4.986089 -2.494343 13.538629 -6.403162 29.452759 -4.535490 -27.577307 27.957095 50.412995 -1.430866 24.681081 -5.065928 -5.115660 3.328820 -22.545250 
-30.888596 66.311204 7.329718 -29.138102 -35.304659 -17.096105 -5.273930 -6.973698 5.937336 26.506184 -22.964665 1.749906 1.327250 2.152032 -1.821742 -0.000000 0.000000 0.000000 -16.967031 0.759933 1.930882 65.471065 -0.085536 2.816389 -3.899974 -11.381444 2.489023 -0.000000 0.000000 0.000000 14.059970 2.972555 -1.452245 -6.717435 3.075648 -2.634503 -0.756488 3.975673 0.391622 -2.921669 -6.032535 1.399882 -4.267205 -3.944934 7.115828 -0.000000 0.000000 0.000000 -4.975476 -18.467498 -3.003323 -2.111683 -17.325302 -60.256073 20.790346 -13.177905 -3.633119 -2.735524 0.183273 10.391999 -7.129926 30.613607 -9.216284 -31.121153 29.122055 49.815187 -3.082116 27.211098 -5.808681 -9.525410 5.585320 -17.981831 
-29.996642 67.470890 6.482767 -27.067649 -34.576540 -14.231727 -4.878605 -5.537415 5.347718 19.088273 -22.015783 0.382405 9.785635 -1.311884 -4.560292 -0.000000 0.000000 0.000000 -13.162339 -0.127954 1.974305 60.512838 0.106639 0.830049 -4.108786 -11.510040 1.972283 -0.000000 0.000000 0.000000 11.282565 2.392334 -0.897624 -7.496631 1.652709 -4.017621 -0.980481 3.017067 -0.155681 -0.764607 -7.639816 0.414405 -3.225013 -0.763054 7.472628 -0.000000 0.000000 0.000000 -4.503065 -19.866471 -1.447041 -1.899936 -16.323313 -62.556336 23.426860 -10.723626 -4.128677 1.791980 2.651206 5.983352 -7.568296 31.600527 -14.850827 -35.419942 29.151627 48.293881 -5.750030 30.065718 -5.554822 -12.799775 5.733291 -11.529061 
-28.915128 67.945278 5.558046 -24.835500 -33.415461 -11.626093 -5.502646 -3.835382 4.584540 15.747600 -16.872027 -0.397268 13.816517 -0.625484 -6.374715 -0.000000 0.000000 0.000000 -9.478572 -0.992642 1.691555 52.416284 0.444489 -0.861482 -4.910407 -11.304313 2.552678 -0.000000 0.000000 0.000000 8.983321 1.627118 0.032606 -8.667830 0.022285 -5.263039 -0.645185 1.648276 -0.480719 0.011440 -8.928899 -0.536764 -2.565559 2.833512 7.218387 -0.000000 0.000000 0.000000 -3.883489 -20.752870 -0.282977 -1.693670 -15.940135 -64.218027 25.072170 -10.781051 -3.762760 3.953188 3.893280 4.589059 -8.626115 31.889926 -19.894109 -39.338594 30.948105 44.356625 -8.613849 32.293677 -4.818790 -14.867701 5.980781 -9.671923 
-27.800685 67.612582 4.441635 -23.811586 -33.310744 -10.635636 -7.019303 -2.411741 4.307168 22.462737 -9.615942 0.130167 2.541249 6.251766 -2.191764 -0.000000 0.000000 0.000000 -6.246470 0.146100 2.932542 44.030881 3.876177 -2.418636 -8.815295 -14.825122 2.233134 -0.000000 0.000000 0.000000 8.119383 0.527939 1.092002 -10.480992 -0.976506 -5.865794 0.668870 0.288696 -0.381557 -1.020265 -9.909512 -0.612152 -2.121510 7.381510 5.905437 -0.000000 0.000000 0.000000 -3.456640 -20.581905 0.093238 -2.106553 -16.156549 -64.665705 26.357412 -12.245809 -2.900718 1.628444 3.170759 6.463148 -10.696509 31.454985 -23.641435 -41.796150 35.593194 36.902250 -11.654673 33.647152 -4.075444 -15.603122 6.689485 -13.608243 
-26.669690 66.655266 3.107574 -23.375283 -32.602973 -10.218767 -9.812799 -0.961291 5.905462 34.090583 -4.101458 -1.440255 -3.043472 9.807358 -0.151552 -0.000000 0.000000 0.000000 -4.385429 1.323108 4.165108 39.442381 6.932615 -3.851041 -16.351268 -17.702716 -1.384473 -0.000000 0.000000 0.000000 8.109659 -0.813292 1.531398 -11.527864 -2.357926 -5.969843 1.712503 -1.531273 -0.063008 -2.791185 -9.966354 0.197376 -2.416175 11.653527 4.709062 -0.000000 0.000000 0.000000 -3.237290 -20.562779 -0.448742 -2.386720 -16.701715 -63.521180 26.954112 -14.710475 -1.357771 -2.549683 0.758320 10.197989 -13.099790 30.200067 -26.346491 -42.805876 39.455358 26.573302 -14.517585 34.321491 -4.844066 -13.970262 7.375630 -17.168966 
-25.444326 65.466845 1.665261 -23.910349 -31.508774 -10.759335 -11.356305 0.452225 8.540712 46.822964 -4.358648 -2.681536 -7.794308 9.617561 0.416477 -0.000000 0.000000 0.000000 -5.938867 1.910137 5.263363 41.382707 8.404367 -4.334825 -20.235478 -19.979552 -3.736646 -0.000000 0.000000 0.000000 9.142985 -2.575706 2.164635 -11.863691 -3.938561 -5.617525 2.022902 -3.456979 0.003755 -4.007780 -9.129523 1.178898 -3.798056 16.059974 3.946400 -0.000000 0.000000 0.000000 -3.128814 -21.996258 -1.403035 -3.198315 -18.779955 -61.507943 27.066158 -13.923205 -2.035339 -9.498846 -5.100870 18.018273 -15.473448 28.788885 -27.658747 -42.595348 40.843148 14.990229 -20.211310 34.091701 -5.691452 -14.329477 9.376799 -18.949253 
-24.102683 64.570647 0.326263 -24.390380 -30.329198 -12.216539 -10.892135 2.269516 12.098000 56.668563 -7.042338 -2.512430 -12.215118 7.728487 0.099574 -0.000000 0.000000 0.000000 -9.342493 2.414606 6.301876 45.001762 8.696790 -2.789221 -20.452663 -21.638248 -4.580774 -0.000000 0.000000 0.000000 9.593593 -4.587588 3.122385 -11.540228 -6.222557 -4.390198 1.541019 -5.676273 0.314961 -3.346629 -6.748920 1.310640 -5.155452 20.228876 3.168169 -0.000000 0.000000 0.000000 -2.784346 -26.519018 -1.895312 -4.128292 -21.441283 -60.204233 33.901816 -8.592463 -3.614637 -5.379282 -7.667339 23.840455 -16.853387 27.831903 -27.658085 -41.932710 38.736720 4.009020 -25.266587 34.714588 -6.169692 -17.929577 11.901892 -20.805876 
-22.643802 64.313453 -0.786196 -22.655831 -28.802884 -12.083024 -9.743012 4.346519 14.551779 61.384731 -7.555490 -1.621847 -14.621332 6.363493 -0.863694 -0.000000 0.000000 0.000000 -12.480651 1.908340 5.766569 44.719120 7.265272 -1.269238 -18.301033 -20.813547 -3.344284 -0.000000 0.000000 0.000000 7.252638 -7.133013 3.747928 -11.202276 -9.335441 -3.903469 0.767922 -8.554891 0.725237 -1.003797 -3.345839 0.652041 -5.969380 24.570708 2.552409 -0.000000 0.000000 0.000000 -1.687489 -29.126556 -2.251801 -5.461842 -19.108502 -58.685375 42.460819 -8.308622 -2.556727 15.089677 -5.743818 16.033045 -15.310919 25.014471 -28.249594 -42.858931 32.284928 -3.626915 -30.442371 35.915417 -4.648808 -20.574450 17.494276 -23.960037 
-20.956704 64.795566 -2.029524 -20.495021 -28.671251 -11.583735 -6.637327 7.153620 15.465221 60.053508 -7.668886 -1.085097 -15.356144 6.594208 -0.804035 -0.000000 0.000000 0.000000 -14.384083 1.941219 5.488754 40.694029 7.906302 -1.061144 -13.445018 -22.023419 -1.542133 -0.000000 0.000000 0.000000 3.841918 -9.563753 3.863135 -11.027207 -11.166960 -3.581814 0.899616 -10.531580 0.797298 1.029821 -1.405284 -0.725626 -7.923820 29.390488 3.942331 -0.000000 0.000000 0.000000 -0.786781 -29.373422 -3.242990 -7.003565 -20.616637 -56.080755 43.447789 -9.606877 -1.782354 16.571726 -9.820219 20.691879 -13.918821 20.286712 -26.230066 -39.977385 24.252503 -10.795614 -33.345454 34.023716 -3.341154 -21.998469 21.792821 -24.747499 
-18.783090 65.778100 -3.770147 -18.538199 -30.443550 -11.205542 -1.766381 10.152506 14.029690 53.658074 -8.030232 -0.665036 -14.680066 6.510619 -1.081092 -0.000000 0.000000 0.000000 -15.494253 1.677073 5.599984 34.140467 9.179137 -2.767219 -4.399815 -22.203810 2.775162 -0.000000 0.000000 0.000000 0.982166 -11.113697 3.683043 -10.701138 -11.777636 -3.096989 1.471366 -11.464854 1.295380 2.084900 -0.062819 -2.943898 -10.773020 33.466354 7.089320 -0.000000 0.000000 0.000000 -1.655873 -28.154271 -4.385218 -10.089462 -23.758627 -53.852517 36.799736 -11.556921 -1.872516 9.092858 -9.752183 19.360030 -13.261573 14.622793 -20.997421 -35.854795 16.706718 -15.886127 -34.849983 30.139086 -1.327630 -19.351770 19.464222 -18.471398 
-16.081738 66.641504 -6.210181 -16.671729 -31.602397 -10.815987 3.226591 9.454370 10.587059 45.682372 -9.092558 -0.180891 -12.941153 6.963730 -2.029150 -0.000000 0.000000 0.000000 -15.616776 2.154826 5.497078 25.272996 9.520051 -3.940278 7.591615 -21.294738 9.069671 -0.000000 0.000000 0.000000 -0.195711 -11.661765 2.780863 -10.159639 -12.555851 -1.928536 2.356343 -12.269568 2.174928 1.882472 2.498763 -5.506354 -13.764029 34.479850 9.776558 -0.000000 0.000000 0.000000 -3.096555 -26.437829 -3.796483 -13.764042 -29.770500 -50.626915 30.597446 -14.016881 -1.955781 4.651774 -10.738840 14.898718 -12.720078 7.949134 -14.899635 -28.121135 9.072822 -17.715806 -32.826645 24.825501 0.035298 -19.057268 15.266629 -9.458628 
-12.985817 66.865319 -9.169556 -14.449013 -30.144900 -10.163270 4.953013 5.357354 7.087300 40.377065 -12.979375 2.333961 -12.627205 8.110154 -1.426064 -0.000000 0.000000 0.000000 -15.979273 3.118022 4.434914 16.486759 8.712648 -4.087627 19.726471 -19.839991 16.134130 -0.000000 0.000000 0.000000 0.946345 -11.886338 0.776739 -10.814574 -14.086899 -0.194748 4.502642 -13.423118 4.047217 0.120821 6.389739 -7.403940 -14.654971 32.947866 10.174167 -0.000000 0.000000 0.000000 -5.025623 -24.949506 -1.007322 -18.247757 -37.650468 -46.684046 26.209437 -16.448464 -1.394302 7.311406 -11.895181 15.698364 -12.268242 1.277976 -10.397969 -15.960940 1.900046 -13.618442 -25.729606 19.034604 1.172977 -18.427381 8.763837 -5.299667 
-9.889520 66.358787 -12.510937 -12.781792 -27.139068 -10.093959 4.079810 0.886877 5.749060 36.431280 -20.072381 4.875004 -16.632483 9.712603 0.984625 -0.000000 0.000000 0.000000 -18.041855 3.250777 3.142054 15.961049 10.072464 -3.338529 17.885999 -17.574141 17.642430 -0.000000 0.000000 0.000000 4.024111 -12.401429 -0.936037 -11.851536 -16.033720 1.025053 6.432908 -14.403883 5.396463 -0.996013 11.108146 -7.539177 -15.317826 29.476258 10.413161 -0.000000 0.000000 0.000000 -7.882185 -23.354827 1.952427 -20.636886 -44.169825 -38.837609 20.092392 -20.754020 0.327442 6.489449 -10.456018 16.371831 -12.670946 -3.063876 -6.019352 -5.139086 0.110830 -4.264594 -17.155001 12.085248 2.598512 -12.505401 -1.179309 -1.745716 
-7.042788 65.493542 -15.966539 -12.346545 -25.779416 -10.921187 1.538792 -1.168436 6.380620 34.314194 -26.210427 4.658116 -20.935070 11.202642 2.532887 -0.000000 0.000000 0.000000 -22.309370 2.477872 2.831150 25.968261 10.711662 -1.435901 6.638386 -17.694946 14.088215 -0.000000 0.000000 0.000000 9.011791 -12.637504 -1.617263 -13.599240 -16.851171 1.836308 7.169775 -14.036750 6.147498 -2.092176 14.173166 -6.335365 -14.933482 25.801157 11.080096 -0.000000 0.000000 0.000000 -10.811258 -23.040503 3.794132 -22.852424 -47.244770 -29.664586 10.490899 -27.389624 2.905159 1.914849 -7.400024 21.309295 -14.247221 -4.248601 -1.637367 -2.060810 0.225589 5.890864 -12.226376 2.606895 4.605908 1.166783 -10.068633 1.486099 
-4.522855 64.853591 -19.218466 -12.799916 -27.367048 -11.314796 -3.272003 -0.900785 6.745264 35.558164 -25.430108 1.248916 -20.972139 11.194189 4.032532 -0.000000 0.000000 0.000000 -25.623288 1.116418 2.416110 37.874018 7.990238 0.679952 2.979626 -18.674096 12.350553 -0.000000 0.000000 0.000000 13.478644 -11.630703 -2.451772 -16.259047 -15.893900 2.038875 7.555833 -12.289385 6.516674 -3.774640 15.085158 -5.787921 -13.487436 22.310592 11.723393 -0.000000 0.000000 0.000000 -14.021781 -22.857983 6.552156 -28.487147 -50.287530 -26.022986 1.247238 -33.223793 6.028569 -3.489138 -6.688219 30.055756 -13.812172 -4.339237 0.481729 1.576420 0.158063 18.685517 -8.166857 -2.400303 6.207036 5.870375 -15.635621 1.597439 
-2.454790 64.792538 -22.093318 -13.077773 -30.235452 -11.054124 -7.721022 -0.240269 6.699405 36.341031 -22.653608 -1.399336 -18.192694 9.766788 3.933810 -0.000000 0.000000 0.000000 -25.814837 -0.834817 2.165400 47.686360 5.355944 1.564654 -2.723895 -19.704242 8.232961 -0.000000 0.000000 0.000000 14.362650 -9.386933 -4.164508 -17.169722 -14.387656 2.717518 7.337175 -9.820960 6.414696 -4.507407 15.258174 -6.849602 -12.117001 18.058623 11.656432 -0.000000 0.000000 0.000000 -17.006536 -22.767363 10.380049 -36.270026 -52.998958 -26.887213 -9.161825 -37.369172 8.458947 -8.075423 -6.705141 35.464104 -11.560296 -3.539209 2.921432 8.089815 0.794853 31.255978 0.083193 3.124347 4.493507 4.970278 -13.411038 10.512066 
-0.636971 65.526265 -24.713284 -12.714459 -33.179406 -10.512421 -10.272461 -2.416528 5.126140 33.817013 -20.615509 -2.454753 -13.667037 11.986872 3.291633 -0.000000 0.000000 0.000000 -21.682024 -1.537289 2.518185 50.910684 4.732330 1.716339 -8.836003 -19.946658 5.515987 -0.000000 0.000000 0.000000 13.021209 -6.669245 -6.016827 -17.511517 -13.119411 4.005177 6.598776 -7.264436 6.275373 -3.539041 16.025578 -7.982293 -9.171605 12.926772 9.938609 -0.000000 0.000000 0.000000 -19.244091 -22.286064 12.634112 -39.573187 -55.680242 -23.788676 -16.525082 -39.681198 10.671988 -8.178426 -4.279945 40.719505 -9.803250 -1.228030 7.334507 11.538212 5.229695 38.825435 3.094367 4.031859 3.763709 2.495526 -10.028554 4.399823 
1.074907 66.887027 -27.265897 -11.711995 -35.038775 -9.346099 -11.306716 -4.792783 2.916969 28.066119 -19.104835 -1.627807 -6.658477 14.057234 1.412304 -0.000000 0.000000 0.000000 -13.932617 -2.681291 2.240237 46.606275 6.344485 0.805403 -11.820120 -17.284987 5.195048 -0.000000 0.000000 0.000000 9.911637 -3.354687 -7.365608 -16.485015 -12.329623 5.088338 5.513193 -4.352784 5.880248 -2.166364 16.779347 -9.563752 -6.634610 6.454879 8.305665 -0.000000 0.000000 0.000000 -21.062945 -22.041188 14.692247 -37.665242 -55.603368 -16.325695 -21.690635 -41.711043 12.130341 -7.023332 -1.328749 43.145597 -8.151315 2.356895 11.560754 11.174691 10.036485 44.678948 4.178058 4.580310 2.055509 2.987367 -13.697017 0.238469 
2.885821 68.213218 -30.108985 -9.981750 -36.083054 -7.561263 -11.871772 -7.880374 1.192290 20.323411 -19.836391 0.259598 2.389028 14.133134 -2.466195 -0.000000 0.000000 0.000000 -5.496286 -2.596626 1.926861 38.106162 8.772027 -0.194428 -11.957617 -14.013125 6.116553 -0.000000 0.000000 0.000000 6.249585 0.211265 -8.460825 -14.894305 -11.130653 5.628200 4.491635 -1.620314 5.507896 -0.880281 16.861297 -10.137266 -5.320158 -0.543061 7.027577 -0.000000 0.000000 0.000000 -21.430933 -21.655318 17.292863 -33.592311 -53.103165 -6.207148 -28.041415 -41.734533 11.243199 -7.181667 -1.939200 42.192395 -7.442950 6.923002 13.566313 9.975038 16.604888 49.503550 7.082888 7.252389 0.460308 1.962166 -13.657914 -3.979335 
4.950853 68.975461 -33.391467 -8.010162 -37.003947 -5.509565 -13.110685 -10.502631 0.974161 12.863162 -21.183831 0.854374 11.904775 11.827474 -7.562658 -0.000000 0.000000 0.000000 1.305235 -0.926660 1.914520 30.590556 12.108622 -1.836331 -10.773565 -11.146499 7.095054 -0.000000 0.000000 0.000000 3.627028 3.747612 -8.987823 -13.505969 -9.205532 5.608971 3.253885 1.177080 4.920773 0.034100 15.316390 -10.227150 -5.346954 -7.531984 6.435420 -0.000000 0.000000 0.000000 -21.200005 -21.076724 19.545372 -29.919326 -48.341774 3.735119 -34.976196 -38.990891 8.100728 -7.715505 -3.882675 38.434714 -7.214090 11.390519 13.488237 7.674676 22.077153 51.721579 10.628789 13.519101 -2.396446 1.225726 -9.768487 -8.291054 
7.277124 68.953693 -37.013596 -5.779832 -39.023368 -3.469355 -16.413839 -10.698027 1.818820 10.105412 -20.769117 0.021254 14.546793 9.552042 -9.616201 -0.000000 0.000000 0.000000 4.039074 0.444557 2.023622 28.878538 17.633283 -4.613933 -9.836138 -8.004978 7.008833 -0.000000 0.000000 0.000000 2.720067 6.804393 -8.516126 -13.195019 -6.721518 5.149254 1.918975 4.449637 3.995055 0.312730 12.321945 -10.597554 -6.186881 -13.418402 6.625132 -0.000000 0.000000 0.000000 -20.102741 -19.831989 23.457928 -27.769129 -38.784939 10.267948 -36.996859 -34.053008 5.520510 -9.865578 -4.511438 34.952301 -6.723915 16.122624 10.390656 1.059256 24.495291 53.268299 12.094686 18.289480 -5.492008 1.138228 -5.472785 -11.388900 
9.757388 68.320221 -40.982568 -3.305473 -42.323158 -0.676284 -22.350084 -9.124515 2.693587 17.777302 -16.527356 -3.159115 3.190315 12.574655 -4.440948 -0.000000 0.000000 0.000000 2.794502 1.374620 0.559152 29.307256 21.112448 -5.211447 -15.340638 -8.081345 5.173839 -0.000000 0.000000 0.000000 3.995414 8.793621 -8.356171 -14.620781 -4.374068 4.104996 1.119918 7.527944 2.387062 -0.500118 9.511482 -10.037222 -6.497325 -18.200220 6.539433 -0.000000 0.000000 0.000000 -18.303945 -18.014382 27.496097 -24.286049 -26.308535 16.109184 -30.783303 -25.998789 4.669371 -8.876669 -4.304599 32.145945 -6.281975 21.389523 6.436499 -6.107373 27.129454 52.507764 12.215787 21.818672 -8.473507 -1.856089 -3.643623 -12.890790 
12.241864 67.598498 -45.036173 -1.109569 -45.054317 1.754099 -28.073924 -6.009226 4.311649 30.542040 -9.625441 -6.881085 -1.009798 14.421855 -2.009791 -0.000000 0.000000 0.000000 -0.582273 0.378582 -0.977081 26.086673 20.343458 -3.887459 -24.933876 -7.086100 1.000010 -0.000000 0.000000 0.000000 5.606405 10.063964 -7.796080 -15.954258 -2.069624 2.395787 0.493629 9.568320 1.405909 -0.380712 5.265814 -10.299107 -8.494672 -20.726051 6.404904 -0.000000 0.000000 0.000000 -17.936038 -17.343511 27.364572 -24.439981 -18.528090 17.736915 -29.947258 -17.263502 4.159547 -3.383558 -0.822147 30.468053 -6.633489 25.384313 2.842864 -13.591241 28.645885 48.350396 10.585018 23.549672 -8.120222 -4.381351 -3.525707 -12.144569 
14.482094 67.218536 -48.820597 0.164567 -46.302035 2.622988 -29.954143 -3.784920 5.832320 41.917993 -6.979022 -8.842612 -0.438473 16.331142 -0.956325 -0.000000 0.000000 0.000000 -6.421395 0.823615 0.831797 30.018877 21.712404 -5.363628 -29.907146 -7.519568 -3.301734 -0.000000 0.000000 0.000000 6.772456 9.626377 -6.499619 -17.227865 0.637862 1.187138 0.630648 10.600587 0.443007 -1.047554 0.012764 -9.914207 -9.049301 -20.077645 6.900360 -0.000000 0.000000 0.000000 -18.743357 -15.834318 25.266239 -27.455781 -15.757439 16.392014 -42.761561 -11.017453 3.593998 -15.951429 1.963276 34.288699 -7.629468 27.115571 -0.303135 -19.368822 31.104085 43.780782 6.104049 24.674874 -6.769438 -6.361054 -4.919511 -10.635482 
16.302226 67.362231 -52.037966 0.527755 -43.522734 1.936802 -26.801679 -3.870800 5.681876 47.542612 -10.053483 -8.513254 -7.482740 17.784030 1.387937 -0.000000 0.000000 0.000000 -11.527478 4.118958 4.481136 33.523306 20.312540 -4.586268 -29.355491 -12.024476 -6.088450 -0.000000 0.000000 0.000000 6.243723 7.139779 -4.801280 -18.130376 1.538716 0.777848 1.123000 9.824558 -0.261506 -0.800479 -4.322651 -8.380353 -9.732922 -18.090571 6.606712 -0.000000 0.000000 0.000000 -17.246227 -12.863841 22.662820 -28.056732 -11.158318 15.174172 -51.248223 -5.776623 4.779036 -27.968072 1.141786 33.935030 -9.424657 26.864487 -3.467126 -22.188347 35.365981 42.012896 3.578286 25.330482 -7.775897 -8.585467 -6.361058 -9.521688 
17.940424 67.804283 -54.820049 0.931437 -38.537504 1.534610 -20.040955 -3.370202 4.798434 46.390310 -14.233370 -6.043741 -10.287638 16.035303 2.012513 -0.000000 0.000000 0.000000 -14.385816 4.220412 5.998363 31.844674 16.859794 -3.891871 -24.258522 -13.719822 -4.275901 -0.000000 0.000000 0.000000 3.525380 4.946549 -4.152792 -17.217143 0.775945 0.734518 0.606869 7.849936 -0.240178 1.617600 -7.475703 -6.073249 -11.036587 -16.195096 5.416849 -0.000000 0.000000 0.000000 -12.613203 -9.176847 17.952264 -23.399300 -3.631052 12.618020 -45.019698 -1.437588 3.151432 -25.754916 1.338845 26.542077 -10.965792 25.382819 -4.842427 -23.684159 37.743900 39.537241 2.744650 27.920871 -8.058681 -7.553448 -6.565751 -7.087928 
19.648744 68.137318 -57.480454 0.893582 -34.979075 0.727941 -10.067470 -1.783325 5.207701 39.571742 -17.904004 -3.675988 -10.307048 15.276921 1.144915 -0.000000 0.000000 0.000000 -15.049773 4.136519 6.697275 26.415257 15.936217 -3.429920 -17.360888 -15.338114 -1.503565 -0.000000 0.000000 0.000000 0.178251 2.930887 -3.123204 -14.363986 1.197811 0.533105 0.653932 6.104479 -0.152217 2.242666 -10.969586 -2.941359 -11.861740 -13.483096 4.577288 -0.000000 0.000000 0.000000 -6.698827 -4.919030 11.974692 -13.607213 3.032557 4.807939 -30.365826 -2.389896 0.843538 -23.519381 1.028647 21.855534 -11.789596 24.047867 -6.276128 -24.096515 39.925843 33.626303 2.536188 30.274792 -7.733953 -7.417607 -5.191125 -3.238249 
21.684392 68.208122 -60.306215 0.755903 -32.669855 -0.304589 0.266171 -0.176315 6.030737 29.989824 -21.575889 -1.523311 -8.156813 14.144854 -0.742841 -0.000000 0.000000 0.000000 -16.601940 4.326336 6.956786 21.935567 15.489044 -3.017594 -9.946428 -14.282557 2.573382 -0.000000 0.000000 0.000000 -1.554298 1.128396 -1.395008 -11.921456 2.571848 -0.327753 0.991768 5.066684 0.240810 1.679315 -14.757523 -0.097119 -12.247247 -11.021179 4.997722 -0.000000 0.000000 0.000000 -4.017775 -2.903024 7.014367 -6.258654 3.963505 -6.271620 -23.311007 -2.473636 -1.180524 -22.525176 0.413337 20.746091 -12.274182 23.527039 -9.406045 -23.212620 40.372157 25.199935 1.633732 31.626505 -6.510968 -7.284613 -3.093239 0.240762 
24.176431 68.038219 -63.409162 1.480461 -28.357045 -0.464379 6.954046 -1.187321 5.591636 23.805810 -27.595206 2.593305 -5.382259 12.864545 -2.062712 -0.000000 0.000000 0.000000 -20.041573 4.096593 5.485813 19.243067 15.960811 -2.831548 -3.609344 -11.300539 7.221795 -0.000000 0.000000 0.000000 -1.490354 -0.975154 0.156933 -11.275054 3.149214 -1.891739 1.829818 3.400887 0.782576 0.395124 -18.573369 1.517458 -12.955955 -8.741593 6.398533 -0.000000 0.000000 0.000000 -3.257090 -2.706508 3.537587 -2.957773 1.735287 -18.531648 -23.673226 -0.446180 -4.152077 -28.798301 1.228096 17.552864 -12.393179 22.976915 -13.933795 -22.579151 39.532527 15.933449 -0.519198 32.227767 -3.433033 -5.407397 -1.894184 -0.109743 
27.001825 67.473930 -66.829699 2.113258 -21.881621 -0.889033 10.245015 -3.536875 5.937173 23.182568 -34.193179 7.409875 -4.280163 12.706034 -2.388930 -0.000000 0.000000 0.000000 -23.755205 3.843723 2.848163 17.159248 16.574611 -2.710235 1.125074 -8.581045 11.531328 -0.000000 0.000000 0.000000 1.411805 -3.439662 2.325261 -12.428003 2.645806 -3.821958 2.397171 0.867412 0.878041 -1.170084 -22.258118 2.908310 -13.305478 -6.040490 7.463297 -0.000000 0.000000 0.000000 -2.934995 -4.130400 -0.363133 -2.826829 -1.499684 -28.717124 -21.851106 2.700774 -5.155335 -32.065659 5.481704 11.242713 -12.204209 22.738958 -18.303756 -21.644868 37.679065 5.739493 -0.979636 31.399557 -0.881739 -3.663853 -1.508976 -2.716752 
29.983619 66.380656 -70.682126 3.044845 -16.342997 -1.620117 11.524437 -5.578892 7.529179 21.979965 -37.639071 8.765131 -8.304370 14.610023 -0.161860 -0.000000 0.000000 0.000000 -27.575996 4.746687 0.595537 14.953889 17.438505 -2.738882 4.730535 -8.735282 14.903998 -0.000000 0.000000 0.000000 4.891556 -5.016990 5.063469 -13.095747 2.164078 -5.316740 3.388411 -1.322406 0.866398 -4.306115 -26.384731 3.332914 -13.186420 -3.375169 9.133975 -0.000000 0.000000 0.000000 -2.650575 -8.817347 -2.951039 -2.522154 -6.877339 -38.808314 -15.866474 3.074929 -5.798089 -30.479233 6.383482 11.749938 -11.559082 23.456344 -22.772892 -20.361006 32.876656 -5.681542 0.101189 29.750226 -0.345048 -0.474094 -0.930431 -3.488014 
33.044928 65.081161 -74.710763 2.916892 -12.783343 -2.354469 10.747184 -5.214643 8.598205 18.444987 -33.147341 6.196142 -17.897100 17.185586 3.865511 -0.000000 0.000000 0.000000 -29.183966 5.783941 -1.567279 11.480091 16.979604 -2.723159 8.464944 -11.213059 17.712949 -0.000000 0.000000 0.000000 9.269192 -5.747388 6.638561 -12.987671 1.550162 -6.222789 5.203130 -2.803225 1.896419 -8.330148 -29.665676 2.726625 -13.191205 -1.170852 11.309671 -0.000000 0.000000 0.000000 -2.904857 -13.721016 -3.538255 -5.573659 -12.725663 -48.475566 -8.797975 -0.900509 -4.721809 -26.623923 4.908669 10.322719 -10.759831 23.762010 -26.879854 -22.016961 27.309630 -14.421448 0.638761 27.309149 -2.562341 5.754750 1.006227 -0.661376 
35.857502 64.283746 -78.538591 0.997435 -10.231695 -2.786124 9.121579 -3.916045 6.743956 17.527877 -30.569251 7.119132 -26.028712 15.914898 6.913875 -0.000000 0.000000 0.000000 -27.682400 3.426228 -3.625669 6.430344 15.187348 -4.356133 14.561274 -9.249633 21.596684 -0.000000 0.000000 0.000000 15.421607 -6.205255 7.200562 -13.657308 -0.821318 -7.169217 6.663509 -4.489154 2.848501 -10.114952 -29.461718 2.569577 -12.921695 1.482971 12.588827 -0.000000 0.000000 0.000000 -2.856042 -17.418340 -2.894228 -8.387970 -17.329032 -54.589636 -2.407335 -7.783818 -3.213861 -27.301055 1.086680 9.989286 -12.281238 23.717537 -29.324636 -25.710255 25.377471 -14.696336 -3.091272 26.201046 -6.009159 11.700982 1.147936 -0.098546 
38.134015 64.193106 -81.935531 0.804499 -9.722097 -3.185524 4.723097 -5.107979 4.645054 20.710946 -29.845576 9.415844 -30.045856 15.061386 8.586514 -0.000000 0.000000 0.000000 -27.286247 -0.113362 -3.672526 2.109155 12.086601 -4.788189 20.483096 -8.712631 24.469798 -0.000000 0.000000 0.000000 18.085993 -6.156511 6.734442 -14.379023 -3.017038 -7.132794 7.664853 -5.799983 4.029936 -9.585492 -28.389292 2.068539 -12.109200 5.112402 12.768693 -0.000000 0.000000 0.000000 -2.504964 -19.576844 -3.019506 -10.359927 -21.190545 -57.777178 3.296107 -16.315838 -1.412256 -27.077988 -2.050300 11.274726 -13.673943 23.098139 -29.479342 -27.043173 24.586472 -13.647445 -5.290668 32.650453 -6.628460 8.242246 4.121145 1.137023 
39.834434 64.732087 -84.788179 1.218527 -12.011363 -3.829088 -1.551990 -5.841912 3.669943 25.861527 -26.001603 8.413394 -29.284536 13.815699 8.609805 -0.000000 0.000000 0.000000 -27.247312 -1.698649 -1.283046 3.158385 8.704032 -3.926430 15.620004 -9.726594 22.649939 -0.000000 0.000000 0.000000 18.220400 -5.535312 5.330174 -13.840187 -4.579506 -5.994603 7.793500 -6.596756 4.440631 -8.266269 -24.751219 2.458687 -9.380625 7.187920 11.307753 -0.000000 0.000000 0.000000 -1.796491 -20.970296 -3.153440 -10.376126 -24.145344 -59.052985 10.538962 -25.572874 3.947595 -25.965280 -5.544497 11.427911 -13.690182 21.699431 -28.690536 -25.256014 23.895209 -10.385591 -1.850735 45.867919 -11.781506 -6.207213 8.397979 4.947584 
41.119698 65.595478 -87.136471 1.098159 -16.140507 -5.492196 -3.479014 -2.502946 5.625081 23.920615 -22.444882 6.873273 -26.345518 10.766602 6.286243 -0.000000 0.000000 0.000000 -25.841155 -1.526987 3.057582 7.398230 7.561084 -2.738863 10.184201 -9.130856 17.666032 -0.000000 0.000000 0.000000 17.345033 -5.253060 4.869026 -12.103739 -4.895300 -4.729707 6.888423 -6.114549 4.497181 -5.679550 -20.565688 2.255658 -6.727534 8.206776 9.920198 -0.000000 0.000000 0.000000 -2.049932 -21.634278 -3.322703 -9.237866 -24.295963 -59.221242 19.986499 -34.504852 10.960119 -20.649062 -8.937482 11.946460 -12.108465 21.400130 -27.706166 -23.868630 23.625348 -5.255884 13.771397 61.657781 -26.686068 -15.039908 12.210287 5.237570 
42.284939 66.456431 -89.206439 1.464571 -21.496804 -6.264993 -2.751629 -0.317871 7.031725 16.958189 -18.252839 4.746264 -22.748897 9.412856 5.554913 -0.000000 0.000000 0.000000 -24.359792 0.825202 6.646407 12.257642 6.876635 -1.313494 4.077468 -9.940705 12.513669 -0.000000 0.000000 0.000000 14.578916 -5.207774 4.242296 -9.721418 -4.455282 -3.686189 5.863065 -4.908745 4.029326 -2.561333 -16.425697 1.848709 -3.239551 8.512339 8.120182 -0.000000 0.000000 0.000000 -2.001094 -21.937572 -3.235867 -7.985823 -23.091693 -58.742640 29.447365 -42.181590 20.175392 -11.447215 -12.111790 11.527946 -9.544730 22.234953 -26.632963 -22.050615 24.665333 1.266634 54.352655 69.039287 -65.518516 -14.591412 15.328078 4.664476 
43.533450 67.265439 -91.204447 1.695777 -26.717758 -5.894659 -2.871037 -1.308374 5.424135 13.723823 -12.958721 5.256314 -19.407165 10.436619 5.388534 -0.000000 0.000000 0.000000 -22.055779 2.546936 8.477789 16.321310 5.290051 -1.247012 -1.442268 -9.774149 10.032350 -0.000000 0.000000 0.000000 12.643955 -4.310110 3.109502 -8.013978 -3.979080 -2.916703 4.373498 -3.499763 3.515330 0.688588 -13.549276 1.520598 0.630594 8.097339 6.556809 -0.000000 0.000000 0.000000 -2.049438 -22.127203 -2.904640 -7.141404 -22.776125 -58.678482 37.084203 -48.381863 29.547439 -5.021934 -13.487750 11.352191 -7.826647 23.901691 -24.892126 -19.582499 26.501783 10.559167 87.437759 66.245058 -96.663821 -14.349137 17.390940 8.342292 
44.732568 67.783469 -93.151945 1.665809 -31.279819 -5.400858 -3.629254 -2.533506 4.094357 11.875822 -8.512664 5.308649 -16.555841 11.649723 5.266252 -0.000000 0.000000 0.000000 -18.617230 2.847723 9.091013 19.110755 4.167590 -1.867037 -6.346626 -8.994660 8.410807 -0.000000 0.000000 0.000000 11.690549 -2.776949 1.812046 -6.909299 -3.397424 -2.098207 3.115934 -2.170543 3.475652 3.489139 -11.346098 1.023506 2.876595 6.922424 6.013705 -0.000000 0.000000 0.000000 -1.986741 -22.189828 -2.361896 -7.251757 -23.656773 -58.742430 43.195234 -53.913812 37.924494 -6.463618 -13.042623 12.373577 -6.502936 25.122108 -21.821377 -17.289706 28.499632 20.313563 100.266932 62.505039 -106.944388 -16.730712 18.174809 9.932345 
45.824134 67.865533 -94.999301 2.188123 -34.448840 -4.495235 -5.736552 -4.648037 3.485138 11.718064 -4.861858 4.081769 -15.131573 12.748227 5.966627 -0.000000 0.000000 0.000000 -15.322428 3.126814 8.511698 21.292208 4.338218 -1.863301 -10.844609 -9.391159 6.655747 -0.000000 0.000000 0.000000 10.676245 -0.885308 0.526953 -5.690935 -2.952876 -0.825607 2.316838 -0.735628 3.433152 3.744663 -9.327453 0.213108 4.459328 4.660590 5.846889 -0.000000 0.000000 0.000000 -2.206229 -22.435799 -2.236589 -7.851967 -25.341640 -57.837486 50.052656 -59.085143 46.764731 -9.185680 -13.116639 15.378818 -4.620745 25.364393 -17.470518 -14.799057 28.921146 26.438267 105.429120 58.367733 -111.100818 -12.940851 18.772656 5.933371 
46.696526 67.708302 -96.680659 2.809524 -35.752087 -2.793650 -8.633440 -6.693598 2.479156 13.011426 -2.385875 2.605993 -14.361304 13.228962 6.621063 -0.000000 0.000000 0.000000 -11.352728 2.745389 6.204022 22.117977 4.658435 -1.405559 -14.668658 -8.920291 6.108583 -0.000000 0.000000 0.000000 9.959853 0.954125 -1.146514 -5.115663 -3.105409 0.275096 2.207204 0.019810 2.938008 2.496357 -6.537148 -0.080700 5.877974 2.116334 5.113869 -0.000000 0.000000 0.000000 -2.832143 -21.373098 -2.625816 -8.278094 -27.410864 -55.507387 59.569163 -61.681446 57.045608 -7.455575 -14.451613 19.970777 -5.602235 24.004443 -11.099779 -12.646881 30.386775 31.979524 106.293737 56.077019 -111.070417 -8.645075 19.565693 2.278507 
47.357735 67.485070 -98.253369 3.688723 -35.798337 -0.670574 -12.127701 -7.632212 1.501532 14.767915 -0.511030 1.275444 -13.396225 12.272397 6.395684 -0.000000 0.000000 0.000000 -6.978602 1.249621 3.243532 20.653323 4.632853 -1.086988 -17.236072 -7.648765 7.094329 -0.000000 0.000000 0.000000 8.668055 2.782337 -2.721512 -4.177156 -3.801100 0.876665 2.181281 0.557180 2.265209 1.434662 -3.993501 -0.231478 6.205298 -0.255605 4.694109 -0.000000 0.000000 0.000000 -3.403818 -20.700838 -2.962830 -8.258975 -28.482452 -52.577689 67.582464 -62.517178 65.611299 -2.281320 -15.292182 24.964306 -5.660303 22.702297 -5.918329 -11.311272 30.331470 37.164577 106.288712 55.662994 -111.540902 -8.282935 19.153631 1.179785 
47.847140 67.334509 -99.781013 4.364919 -36.890261 0.725915 -14.392459 -8.103791 1.395744 15.319838 1.579824 0.239761 -12.157880 11.762199 5.876743 -0.000000 0.000000 0.000000 -2.507714 0.586027 1.386220 17.284557 5.799914 -1.255833 -18.204640 -6.475964 8.032882 -0.000000 0.000000 0.000000 7.107412 4.605119 -3.605967 -3.013050 -3.984941 1.361876 2.104764 1.369925 1.788098 1.271717 -2.094107 -0.820479 6.174454 -1.895778 4.510815 -0.000000 0.000000 0.000000 -3.553883 -20.095861 -3.158710 -8.003396 -28.520397 -50.204337 71.331906 -62.863448 69.763131 1.532519 -15.851075 29.582058 -4.759121 22.109287 -1.981953 -10.633573 30.037629 40.929047 104.947602 55.530189 -110.647043 -7.466514 19.161306 -0.866747 
48.291969 67.269683 -101.340008 4.869455 -39.064895 1.704024 -15.830122 -8.853463 1.416155 15.257696 3.765948 -0.044125 -10.749131 12.486319 5.392904 -0.000000 0.000000 0.000000 1.523019 0.959159 0.310368 13.118676 7.973563 -1.922620 -18.304665 -5.782348 8.854474 -0.000000 0.000000 0.000000 5.760916 6.135458 -3.870961 -2.177937 -3.730637 1.487897 2.275438 2.453176 1.362201 1.624339 -0.686183 -1.603096 6.689380 -2.785067 4.667919 -0.000000 0.000000 0.000000 -3.568410 -19.326366 -2.792433 -7.374555 -28.047482 -48.636347 71.837922 -63.612983 70.382811 3.566312 -16.303300 33.306174 -3.658620 22.166329 0.384144 -10.746380 30.148329 44.215650 101.560113 55.746498 -107.491136 -4.623165 18.847896 -3.537320 
48.766172 67.201233 -103.051913 5.545650 -40.945029 2.953916 -17.239786 -9.261147 1.255845 14.542665 5.785147 0.238175 -8.872456 12.918250 4.433813 -0.000000 0.000000 0.000000 4.314218 0.895971 -0.532026 8.517998 9.571796 -2.720281 -18.600102 -4.370385 10.058884 -0.000000 0.000000 0.000000 4.712677 7.343685 -4.212180 -1.668871 -3.683188 1.396233 2.269120 3.189744 1.059155 2.366590 0.961310 -2.086453 7.643755 -3.694275 4.787611 -0.000000 0.000000 0.000000 -3.425031 -18.842754 -2.345235 -6.819888 -27.150156 -46.861328 70.354220 -63.206425 68.857010 6.970862 -16.402231 33.643156 -2.896592 22.444615 1.780787 -11.825914 30.691196 46.647943 96.814748 55.435052 -102.548502 -0.500822 18.385461 -6.045671 
49.320734 67.129648 -104.972625 6.060280 -42.560495 4.037226 -18.443454 -9.049450 1.354298 13.235679 7.111214 0.851631 -6.334596 13.115327 3.269498 -0.000000 0.000000 0.000000 5.433549 0.876153 -0.608876 3.608202 11.618724 -3.068574 -18.417730 -4.038272 10.554339 -0.000000 0.000000 0.000000 4.055258 8.037811 -4.285533 -1.370788 -3.393944 1.208048 2.102845 3.610150 0.730521 3.110391 2.061475 -2.268152 9.065042 -3.919966 4.924641 -0.000000 0.000000 0.000000 -3.627963 -18.420821 -2.105627 -6.433433 -27.033446 -44.621029 65.888960 -61.989509 63.387964 9.502769 -16.036965 34.203385 -2.514558 22.902603 2.302684 -13.114279 32.154111 47.650586 89.871100 56.164369 -95.304407 1.012067 18.704553 -9.176897 
49.926242 67.174023 -107.036257 5.300778 -43.362648 4.023638 -18.426599 -7.967114 1.982973 10.869983 7.129656 1.410987 -2.880455 12.706872 1.803382 -0.000000 0.000000 0.000000 5.778924 1.064276 0.591441 1.177915 12.454908 -3.469694 -17.650185 -5.657575 8.147006 -0.000000 0.000000 0.000000 4.409396 7.831169 -3.781347 -1.177202 -3.062734 0.894664 1.396159 3.708314 0.392603 4.271164 1.845869 -2.463485 10.681394 -3.002556 5.280392 -0.000000 0.000000 0.000000 -4.022275 -18.540282 -2.362927 -5.851079 -26.753172 -41.710216 59.680041 -60.393272 55.897801 10.388728 -15.202446 34.630678 -2.338113 23.946627 1.918517 -13.991089 33.444271 47.600090 80.520120 57.674035 -85.387529 1.078097 19.029841 -12.780006 
50.547248 67.367476 -109.027898 4.081627 -42.915216 3.736085 -17.053657 -6.614255 2.261761 5.950164 5.867753 2.303531 1.392783 11.933529 0.141612 -0.000000 0.000000 0.000000 5.997472 0.795220 1.442660 -0.523137 10.923726 -3.866213 -16.573121 -4.921533 6.431240 -0.000000 0.000000 0.000000 4.699469 7.230177 -3.082239 -1.190624 -3.305524 0.494495 0.311479 3.628328 -0.132619 6.708718 1.722436 -2.205840 11.845873 -2.815071 5.468825 -0.000000 0.000000 0.000000 -4.223575 -19.099765 -2.693321 -5.358264 -25.840639 -39.124686 53.933679 -57.177832 48.673469 14.093250 -14.059029 35.111125 -2.037594 24.697487 1.158340 -15.075229 33.414233 47.515271 71.268103 57.300315 -74.316441 2.468935 18.464364 -16.187499 
51.161796 67.739493 -110.862982 3.334703 -41.391455 3.350309 -15.423987 -5.928443 2.364916 0.665984 1.545170 3.393636 5.088131 9.697446 -1.393443 -0.000000 0.000000 0.000000 4.805821 0.566589 1.951487 -0.675002 10.914190 -3.043222 -14.791555 -5.605377 5.399050 -0.000000 0.000000 0.000000 3.820551 6.263873 -2.190383 -1.298191 -3.690311 0.405877 -0.246305 3.121367 -0.442237 8.948955 1.168354 -2.292890 13.032639 -2.229267 5.391769 -0.000000 0.000000 0.000000 -4.200177 -18.988742 -2.767364 -6.004340 -25.389543 -38.215311 47.580482 -53.188829 40.935389 16.827768 -12.731646 34.799933 -1.760840 24.659214 0.227315 -15.683365 33.400735 47.076242 61.805777 55.929112 -62.954932 4.525110 17.726454 -18.462637 
51.752889 68.111461 -112.642944 2.443072 -39.217214 3.383586 -14.775475 -5.325472 1.948278 -0.057381 -5.221091 3.288032 3.612142 5.508068 -1.033358 -0.000000 0.000000 0.000000 3.728784 -1.049382 2.373879 -0.496160 9.624663 -3.155621 -13.199478 -5.198564 5.123397 -0.000000 0.000000 0.000000 3.539583 5.584459 -2.632494 -2.482913 -4.363020 0.134499 -0.073133 2.334209 -0.146284 10.623848 1.022615 -2.286860 13.356287 -2.345058 5.156642 -0.000000 0.000000 0.000000 -4.046932 -18.962106 -2.268052 -6.668224 -25.217279 -37.442607 40.537917 -49.914055 33.566504 16.507227 -11.114634 33.312289 -2.028195 24.104444 -0.542820 -15.759932 33.019385 46.184067 52.715117 54.258212 -52.132699 5.624041 16.894424 -20.414231 
52.344656 68.434364 -114.288688 1.236004 -37.474069 3.495403 -14.438112 -5.596110 1.309484 2.653892 -8.318580 2.480373 1.634332 4.811053 -0.849864 -0.000000 0.000000 0.000000 2.964217 -1.588446 2.650406 -0.018634 9.019584 -3.997873 -12.037030 -5.805634 4.838921 -0.000000 0.000000 0.000000 3.660040 5.284016 -3.569181 -3.776298 -4.689307 -0.207168 0.173170 1.849638 0.017991 11.705759 0.469628 -2.111686 13.147687 -2.677644 5.048546 -0.000000 0.000000 0.000000 -4.062220 -18.951422 -1.687425 -7.358871 -25.573546 -35.948229 33.658637 -46.697845 26.628497 14.051356 -10.603891 31.594676 -2.365558 23.423824 -0.858915 -14.950891 32.388660 44.119333 43.921160 51.799576 -42.747045 5.670097 15.769416 -21.010153 
52.847832 68.669659 -115.709901 0.261564 -36.949129 3.388253 -13.954083 -5.574000 1.365749 6.795225 -7.534248 1.247697 0.879573 6.001701 -0.849028 -0.000000 0.000000 0.000000 2.217869 -2.102389 2.740397 0.280643 9.088918 -4.298059 -10.792046 -5.678348 4.771310 -0.000000 0.000000 0.000000 3.155979 5.536063 -4.123152 -4.459793 -4.597025 -0.463539 -0.004012 1.791643 0.020980 12.747884 -0.373568 -2.139300 12.264376 -2.823373 5.231074 -0.000000 0.000000 0.000000 -4.290434 -18.926561 -1.259780 -8.056045 -25.773571 -34.329400 27.995620 -42.634619 20.991855 12.963116 -10.088582 30.958048 -2.017606 22.914809 -1.084086 -14.219373 31.015195 41.407034 35.252706 48.972767 -33.977833 4.282040 14.945286 -22.125074 
53.257984 68.806207 -116.861880 -0.565880 -37.256502 2.986239 -13.288623 -4.637798 1.980168 11.870563 -4.945726 -0.240092 -0.789568 7.271389 -0.072311 -0.000000 0.000000 0.000000 1.528248 -2.195340 2.999590 0.686089 9.384982 -4.315592 -9.725007 -5.638945 4.407802 -0.000000 0.000000 0.000000 2.223311 5.818672 -4.231384 -5.057900 -4.213202 -0.730978 -0.094226 1.971385 -0.045161 13.369494 -1.271204 -2.304870 11.437933 -2.581519 5.591779 -0.000000 0.000000 0.000000 -4.592957 -18.505024 -0.961933 -8.884192 -25.626187 -32.705843 23.341705 -38.370834 16.735788 12.408079 -8.710190 30.114494 -1.575529 22.315973 -1.161035 -13.928168 29.648331 38.789435 27.733934 44.796134 -26.571672 3.483891 14.124290 -23.230334 
53.651118 68.905658 -117.813587 -1.455292 -37.630742 2.382348 -12.265766 -3.213111 2.669199 17.018708 -2.399696 -1.575320 -3.254718 9.083425 0.623701 -0.000000 0.000000 0.000000 1.126636 -1.819634 3.403150 1.041621 9.901675 -4.453948 -9.029304 -6.246405 4.283813 -0.000000 0.000000 0.000000 1.496547 5.827534 -4.208628 -6.043497 -3.746705 -0.983756 -0.116024 2.157763 0.004657 13.673067 -2.198326 -2.524321 10.931098 -2.052271 5.697894 -0.000000 0.000000 0.000000 -4.753498 -17.760720 -0.720385 -9.796181 -25.005234 -31.310853 18.246248 -34.485863 12.922606 10.323172 -7.529784 28.610022 -1.443665 21.582306 -0.997408 -13.750871 28.362140 36.318660 20.658312 39.940746 -20.069226 2.791219 12.919326 -23.333457 
54.064763 69.010639 -118.657637 -1.769054 -37.551647 2.027733 -11.395782 -1.845002 3.182302 21.450962 -0.819647 -2.242087 -5.027014 10.617123 1.301725 -0.000000 0.000000 0.000000 0.304593 -1.950655 3.750512 1.425721 10.437264 -4.474508 -8.353076 -6.730435 4.253520 -0.000000 0.000000 0.000000 0.413946 5.784731 -4.190462 -7.109532 -3.407125 -1.089384 -0.147724 2.169472 0.128507 13.658441 -2.944588 -2.741176 10.523119 -1.535961 5.515257 -0.000000 0.000000 0.000000 -4.905596 -16.659669 -0.690017 -10.429876 -24.114295 -29.605538 12.966087 -31.202628 9.250990 7.497743 -6.093199 27.317644 -1.502347 20.376756 -0.554137 -13.699689 26.844388 33.963267 13.592691 35.927871 -14.767354 1.113244 11.579802 -22.885937 
54.534543 69.148356 -119.440126 -1.657671 -36.685603 2.020505 -10.507208 -0.516631 3.377201 24.830814 -0.168129 -2.292778 -7.022573 11.096981 2.105816 -0.000000 0.000000 0.000000 -0.639719 -2.759680 3.897610 1.497357 10.902782 -4.504977 -7.675343 -7.117124 4.794965 -0.000000 0.000000 0.000000 -0.880087 5.709802 -4.241885 -8.006289 -3.252384 -1.130930 -0.163152 1.917161 0.156574 13.117854 -3.283623 -2.841088 10.000404 -1.261834 5.302953 -0.000000 0.000000 0.000000 -4.952082 -15.225628 -0.787909 -10.916935 -23.055805 -27.656949 8.276705 -27.961859 6.561685 5.827117 -5.114046 26.663163 -1.729753 18.602813 0.070392 -13.372278 25.244551 31.621736 7.989671 32.998629 -11.905852 0.630642 11.139971 -23.461966 
55.069518 69.315052 -120.145082 -1.917388 -35.212735 2.154581 -8.714119 0.714140 3.147614 26.813185 -0.695735 -2.323510 -8.885149 11.168631 2.539908 -0.000000 0.000000 0.000000 -1.008676 -3.744416 3.572158 1.256517 11.664047 -4.435840 -7.202130 -8.885153 8.097713 -0.000000 0.000000 0.000000 -1.563820 5.364300 -4.509273 -9.048203 -3.048051 -1.264306 0.042880 1.371923 0.011408 12.019634 -3.207787 -2.812576 9.506506 -1.323230 5.161442 -0.000000 0.000000 0.000000 -4.852859 -13.161076 -1.421865 -10.927640 -22.270993 -24.709649 4.289733 -25.211656 4.848735 4.541346 -4.560623 26.283167 -2.391640 16.465128 1.209877 -12.139618 23.854237 28.699658 2.763991 31.444064 -10.330897 0.547978 11.185993 -24.693795 
55.562705 69.431436 -120.884430 -2.156078 -33.497527 2.058978 -6.596800 1.524699 3.380086 27.770535 -2.731713 -2.585498 -10.308800 11.156492 2.350951 -0.000000 0.000000 0.000000 -1.698417 -3.418903 3.832830 1.581085 11.025403 -4.765513 -6.836603 -10.039094 7.222054 -0.000000 0.000000 0.000000 -2.088339 4.878264 -4.650991 -10.190953 -3.276620 -1.513362 0.248661 1.034545 -0.086003 11.269608 -3.460857 -2.781438 7.790246 -0.761408 5.709470 -0.000000 0.000000 0.000000 -4.613713 -11.437762 -2.151035 -10.819747 -19.743582 -21.433142 0.418359 -24.705623 3.471860 3.628793 -3.395494 26.466461 -2.686862 14.402018 2.270012 -11.699793 21.146782 25.674041 -0.515577 31.787421 -9.204737 -0.772572 11.014153 -25.613452 
56.072503 69.476700 -121.642518 -2.858513 -31.686333 1.710540 -3.684531 1.636924 3.666659 27.637785 -6.448505 -3.031366 -11.610315 11.534696 1.713027 -0.000000 0.000000 0.000000 -1.825163 -2.069143 3.465668 1.373716 9.973026 -3.736104 -6.626779 -12.565550 7.844150 -0.000000 0.000000 0.000000 -1.803444 3.948794 -4.765868 -11.857117 -3.454426 -1.879982 0.679849 0.625031 -0.243866 10.563277 -3.576251 -2.600148 5.841107 -0.212139 6.180479 -0.000000 0.000000 0.000000 -4.001010 -9.771687 -2.951951 -10.391368 -16.780669 -17.895205 -2.487318 -25.027665 2.592851 3.179254 -2.457338 27.696309 -3.167789 12.719948 2.960805 -11.224960 18.402654 22.419104 -2.449770 32.175033 -7.496947 -2.280280 10.328976 -25.964221 
56.706190 69.455051 -122.567844 -2.975242 -30.374001 1.674790 -1.756582 2.260038 3.723555 27.652943 -10.036416 -2.510518 -12.260111 10.422291 -0.028306 -0.000000 0.000000 0.000000 -2.782903 -1.637171 4.574257 1.801090 10.420927 -5.648300 -5.565353 -14.582588 7.355796 -0.000000 0.000000 0.000000 -1.721007 3.159261 -4.888434 -12.828525 -3.542979 -2.284950 0.884021 0.061568 -0.260290 9.327775 -4.516912 -2.622680 3.766334 1.157599 6.787644 -0.000000 0.000000 0.000000 -3.890446 -8.382076 -3.485965 -9.220642 -13.991521 -15.191789 -2.396632 -24.256820 2.876430 4.325511 -1.322639 28.113818 -3.928376 11.752463 2.666261 -9.960707 16.400129 19.172429 -3.901134 31.757830 -5.555423 -3.822824 10.444470 -24.559110 
57.426953 69.387263 -123.627222 -3.247945 -29.118158 1.265392 -0.109304 2.780038 3.875696 27.577120 -13.852646 -1.492017 -12.979514 8.653412 -2.282098 -0.000000 0.000000 0.000000 -4.084394 -2.384908 4.936328 2.258903 9.946726 -5.978245 -4.064399 -14.594907 7.603879 -0.000000 0.000000 0.000000 -1.131776 2.810970 -4.849022 -12.846012 -3.722188 -2.602117 1.389905 -0.511019 -0.234529 7.494345 -5.098724 -2.405450 1.999416 1.420157 7.066850 -0.000000 0.000000 0.000000 -4.156584 -7.760468 -3.695022 -7.952939 -12.210490 -13.566352 -1.258406 -22.103779 2.867309 7.186058 -0.072621 26.611909 -5.084903 10.893244 2.123584 -9.092256 14.815264 15.438765 -4.014580 31.151331 -4.164962 -3.851050 11.104837 -22.630516 
58.287436 69.297755 -124.835193 -3.721984 -27.885735 0.472263 1.602049 2.445129 3.954144 26.779941 -18.428448 -0.583742 -14.096989 7.262200 -4.102781 -0.000000 0.000000 0.000000 -5.021115 -1.406336 5.380140 2.140664 9.019809 -5.711130 -2.894819 -16.092280 8.169325 -0.000000 0.000000 0.000000 0.562132 2.172480 -4.618067 -12.607597 -3.813021 -2.848283 2.107405 -0.934466 -0.237026 6.470038 -5.596265 -2.028719 -0.445522 1.278225 7.224280 -0.000000 0.000000 0.000000 -3.829651 -7.869179 -3.571457 -7.271222 -10.294067 -12.969039 0.483970 -20.000119 2.114087 8.782267 1.052784 23.125208 -5.704192 10.620453 0.917186 -9.584093 12.838020 12.522126 -4.383051 31.574709 -3.643221 -4.594488 11.269478 -21.652338 
59.320831 69.117516 -126.179576 -3.683730 -27.128094 -0.429343 2.584954 1.942093 3.987171 25.674859 -22.654134 0.450329 -14.478691 5.307199 -6.199081 -0.000000 0.000000 0.000000 -6.457954 -0.593891 5.945062 1.497090 8.469078 -5.218723 -0.969218 -17.013123 7.894090 -0.000000 0.000000 0.000000 2.536069 1.574213 -4.145063 -11.796604 -3.957678 -2.693776 3.147900 -1.472553 -0.217313 4.823963 -5.710361 -1.528429 -1.748241 1.105702 7.045206 -0.000000 0.000000 0.000000 -3.921755 -7.621946 -3.083631 -6.629520 -9.532336 -13.923098 1.740962 -16.652670 0.544017 7.805886 0.732999 19.613382 -6.928211 9.854136 -0.450910 -10.703977 12.513475 10.304437 -6.985634 32.208207 -4.044151 -7.031976 11.698480 -20.638771 
60.571951 68.777931 -127.555490 -3.283757 -26.761158 -1.511605 3.690381 1.003552 3.596489 23.639994 -26.743302 1.822437 -14.722560 4.040384 -6.258952 -0.000000 0.000000 0.000000 -8.305823 -0.097540 6.385136 0.486894 8.471645 -4.168717 1.397645 -18.085985 8.144386 -0.000000 0.000000 0.000000 4.834832 0.959444 -3.192686 -10.905676 -4.191813 -2.176440 4.411338 -2.292871 -0.041727 3.233346 -5.820492 -1.001897 -1.651721 1.315147 6.504045 -0.000000 0.000000 0.000000 -3.645375 -7.547366 -2.727715 -5.564807 -9.347166 -15.876564 2.767361 -12.395812 -1.462015 4.603437 0.272747 17.455170 -8.355636 9.142629 -2.077749 -12.181811 12.918258 8.616909 -11.317929 33.448910 -5.416019 -9.644239 12.088956 -20.307120 
62.009585 68.207121 -128.888524 -2.324420 -26.957963 -2.913290 5.281804 0.461945 2.966191 19.673241 -29.875600 4.248901 -13.319549 3.098637 -3.558167 -0.000000 0.000000 0.000000 -10.869978 0.104819 7.107523 -0.583245 8.736702 -2.840999 4.023632 -18.728524 8.107164 -0.000000 0.000000 0.000000 6.747215 0.192657 -1.156666 -9.919231 -4.334985 -1.640234 5.756399 -3.227866 0.324000 2.218436 -6.271596 -0.517595 -1.407400 2.507516 6.103684 -0.000000 0.000000 0.000000 -2.885261 -7.794575 -2.805905 -3.962572 -8.691460 -18.680471 5.557024 -9.137939 -2.591206 3.022392 0.907281 15.491229 -8.960144 9.054216 -4.316112 -14.481035 12.866369 7.118764 -15.998824 35.174997 -6.808486 -11.789300 12.408829 -20.938731 
63.502848 67.475379 -130.218470 -1.150107 -28.174099 -4.571413 7.022114 0.548108 2.519792 14.279583 -29.883493 7.181290 -16.502099 5.370574 -1.476656 -0.000000 0.000000 0.000000 -13.880539 0.725259 8.494268 -1.533469 8.968838 -1.871185 6.727717 -18.995751 8.635185 -0.000000 0.000000 0.000000 8.356528 -0.796210 1.411334 -9.370917 -4.174492 -1.279684 6.580276 -3.871981 0.855293 1.675001 -6.591652 -0.011905 -2.140934 4.533347 5.687023 -0.000000 0.000000 0.000000 -2.472726 -7.678669 -3.434543 -2.327849 -7.397040 -22.626393 8.640624 -7.055832 -3.291720 4.775601 1.749767 14.250148 -9.463781 9.169695 -6.440806 -16.965694 12.976985 4.809650 -20.051191 36.391906 -6.952346 -13.189706 12.696208 -21.641045 
64.833581 66.886675 -131.528318 0.185107 -29.913354 -5.012462 7.801459 -0.755075 0.963398 9.411582 -28.610551 9.133875 -17.602028 8.637969 1.438196 -0.000000 0.000000 0.000000 -17.222268 1.515686 9.270957 -1.986275 9.076334 -1.607186 9.452655 -18.787618 9.677349 -0.000000 0.000000 0.000000 8.682257 -2.051826 2.373525 -9.654361 -3.826300 -1.588610 6.756873 -4.331288 1.045005 0.770623 -6.723544 0.807847 -2.974291 6.878938 5.558164 -0.000000 0.000000 0.000000 -2.277892 -6.742145 -5.156859 -0.752912 -6.676979 -26.501069 9.288761 -5.191943 -4.262419 5.866583 2.397240 13.687979 -10.245887 8.534822 -7.495906 -18.490660 13.519966 2.415186 -24.050798 37.399491 -6.610614 -14.363746 12.668523 -21.665521 
65.724665 66.707605 -132.682192 0.163357 -31.967772 -4.348051 9.294521 -0.677131 -1.180586 4.464189 -26.411589 9.496156 -15.975945 9.898629 3.223412 -0.000000 0.000000 0.000000 -19.074430 1.443410 8.759091 -1.773872 9.278191 -2.382541 11.522539 -17.056386 11.265359 -0.000000 0.000000 0.000000 8.030989 -3.686158 0.634075 -10.684287 -3.362239 -3.199896 5.825277 -4.371551 0.880880 -0.288579 -6.572962 1.797635 -4.057796 8.759796 6.389409 -0.000000 0.000000 0.000000 -2.382678 -5.397893 -7.164458 0.397171 -6.457215 -30.436342 8.616551 -2.600252 -6.192940 5.000429 2.743877 13.904612 -11.001158 7.293705 -7.714715 -19.583169 13.273819 1.179351 -28.006007 38.389798 -5.957894 -15.624456 13.029085 -21.686825 
66.341025 66.738349 -133.707452 -0.429582 -34.503953 -3.372952 11.144709 0.217616 -2.571809 -0.985612 -25.343072 7.863170 -12.962665 9.839843 3.816600 -0.000000 0.000000 0.000000 -20.212126 0.871220 7.758507 -1.135827 9.644746 -3.409987 12.396655 -14.487178 12.979803 -0.000000 0.000000 0.000000 6.558240 -5.330877 -1.692118 -12.287616 -2.568210 -5.474436 4.350554 -4.114093 0.544362 -1.591079 -6.443166 2.444298 -5.580573 10.135020 7.797722 -0.000000 0.000000 0.000000 -2.330175 -4.380969 -8.598153 1.380526 -5.952480 -35.316363 9.306209 -1.038787 -7.614726 4.165355 3.923923 11.447842 -11.134606 6.233502 -8.128684 -21.440867 11.826885 0.614519 -31.031785 38.291267 -5.413051 -16.820309 13.763927 -21.580675 
66.952205 66.792178 -134.612966 -0.498542 -36.485081 -2.333810 11.336302 0.725927 -3.167634 -4.215249 -24.386207 5.636617 -10.663823 9.486557 4.054494 -0.000000 0.000000 0.000000 -21.338954 0.077458 6.630527 -0.589515 8.844070 -4.521428 10.817006 -12.166854 15.225312 -0.000000 0.000000 0.000000 4.637934 -6.793133 -3.073633 -14.122172 -2.028845 -7.129233 2.933434 -4.141941 0.249651 -3.101962 -6.223982 2.947663 -7.291131 11.095370 8.552667 -0.000000 0.000000 0.000000 -1.775671 -3.663882 -9.781341 2.586800 -6.185191 -40.690144 12.432876 -1.896135 -7.968904 3.792183 5.127175 6.044514 -10.983775 5.188900 -8.539102 -24.114126 10.730027 -0.737800 -34.118811 36.080297 -4.533071 -17.841949 14.833790 -21.996081 
67.598343 66.858995 -135.251212 -0.702402 -37.273759 -1.705929 10.656851 1.296868 -3.515548 -4.916443 -23.052337 3.945489 -9.469197 8.443946 4.093949 -0.000000 0.000000 0.000000 -21.716926 -0.992735 4.991668 -0.227683 7.033130 -5.008456 7.981611 -9.972347 17.484569 -0.000000 0.000000 0.000000 3.524997 -7.582855 -3.117459 -15.788328 -2.326231 -7.634339 1.834587 -4.710314 0.163674 -4.391909 -5.952949 3.808536 -8.769726 11.409925 8.956401 -0.000000 0.000000 0.000000 -1.190842 -3.319708 -10.982176 3.925939 -8.122796 -45.657886 16.989369 -3.856211 -7.513123 3.005809 4.817762 1.455892 -11.185109 3.773442 -8.884326 -26.582172 10.200476 -2.706302 -38.149085 32.769679 -3.506805 -20.392916 15.501482 -23.038747 
68.213409 66.978461 -135.778141 -0.591391 -37.281502 -1.435846 9.273425 0.718854 -3.690961 -4.189687 -22.437413 3.517186 -9.120097 8.371456 4.271734 -0.000000 0.000000 0.000000 -21.934892 -1.557476 3.737145 0.241038 6.137524 -4.922561 4.102151 -8.904144 18.557759 -0.000000 0.000000 0.000000 2.785473 -7.665228 -2.485175 -17.300416 -3.173645 -7.068753 1.227048 -5.755403 0.527402 -5.552770 -5.791412 4.844644 -10.023950 11.671524 9.392087 -0.000000 0.000000 0.000000 -0.786737 -3.237715 -11.976578 4.064749 -11.337929 -50.644105 19.887724 -4.978698 -6.938328 2.196208 5.955316 0.967071 -11.628081 1.744846 -9.178206 -27.828605 9.477129 -4.206722 -43.155794 30.118865 -2.469292 -25.876040 16.222675 -24.631907 
68.739182 67.182410 -136.381137 0.298914 -37.010310 -1.201501 6.748197 -0.930940 -3.457335 -2.449265 -21.868345 3.654077 -9.054042 9.155600 4.576443 -0.000000 0.000000 0.000000 -22.462958 -0.806328 3.609923 0.785182 6.841267 -5.019189 0.480747 -10.075464 18.542843 -0.000000 0.000000 0.000000 1.638766 -7.415721 -2.112233 -18.443945 -4.050360 -5.821410 1.058070 -6.882849 1.143250 -6.757605 -5.850703 5.966264 -11.347552 12.214540 10.384846 -0.000000 0.000000 0.000000 -0.018539 -3.680872 -12.672567 3.454731 -15.779185 -55.003022 22.330382 -6.352572 -6.294503 -0.870597 7.242044 3.868438 -11.637047 -0.709385 -8.856057 -27.586110 7.484548 -5.111756 -46.724261 28.079626 -2.169919 -33.208657 18.058335 -23.516747 
69.222105 67.451930 -137.148881 1.233593 -36.409353 -1.522032 4.050645 -2.662427 -2.437438 -0.632865 -20.899096 3.772544 -8.811634 9.494100 4.487346 -0.000000 0.000000 0.000000 -21.992854 0.604547 4.360297 0.798733 8.263345 -5.165133 0.288141 -11.571764 18.174238 -0.000000 0.000000 0.000000 0.470675 -7.381830 -1.980042 -18.569473 -5.139072 -4.398228 0.908519 -7.890016 1.762808 -8.349021 -5.811570 6.471164 -13.274857 13.112927 11.992215 -0.000000 0.000000 0.000000 0.249972 -4.595011 -12.838291 1.842859 -19.626004 -58.427189 24.653829 -8.244194 -6.395578 -1.026809 6.591816 7.340990 -11.470265 -2.616191 -7.631108 -27.199517 5.023331 -5.528179 -49.257047 25.266847 -2.561092 -36.531653 18.696021 -20.630233 
69.711649 67.699897 -138.032889 1.679966 -35.280010 -2.295886 1.819682 -4.121177 -1.209246 1.035741 -20.221011 4.046674 -8.486219 9.388922 3.958804 -0.000000 0.000000 0.000000 -21.076940 1.930096 5.091253 2.339540 9.093575 -5.154689 0.921064 -11.048569 17.580191 -0.000000 0.000000 0.000000 0.169551 -7.676639 -1.998687 -18.273052 -6.520762 -3.080335 0.475400 -8.960621 2.337145 -10.103245 -4.666642 6.597403 -15.676551 13.585467 12.903788 -0.000000 0.000000 0.000000 0.453652 -6.075954 -12.854645 1.306340 -23.256829 -60.580250 28.936381 -12.707334 -3.604011 0.468538 4.617422 8.849872 -11.157923 -4.001568 -6.114413 -26.724802 2.800947 -5.067815 -50.951889 21.363536 -3.487739 -38.368238 17.344712 -19.575634 
70.196378 67.879391 -138.900995 1.914133 -33.819410 -2.999667 0.076254 -5.296550 -0.101426 2.101612 -19.923141 4.178182 -8.059518 8.929653 2.982196 -0.000000 0.000000 0.000000 -20.808684 3.217928 5.439597 6.988996 8.987002 -4.735388 -0.882415 -11.003816 16.600971 -0.000000 0.000000 0.000000 0.043427 -8.335082 -2.255446 -17.628672 -8.222912 -1.850547 -0.068683 -10.061911 2.859850 -11.741433 -2.617849 6.780071 -18.289283 13.863094 13.507692 -0.000000 0.000000 0.000000 0.863014 -7.551602 -12.570818 1.828676 -25.793765 -60.387282 33.114555 -20.329921 0.775909 3.691653 0.451883 10.445535 -10.794179 -4.877242 -4.343977 -26.160300 0.844999 -3.918182 -53.918996 16.759976 -3.613170 -38.404466 15.658127 -20.543444 
70.630723 67.994308 -139.683914 2.103709 -32.917935 -3.283857 -1.182352 -6.125113 0.484055 2.438025 -19.726724 4.141568 -7.349022 8.678148 2.245663 -0.000000 0.000000 0.000000 -20.060222 4.027276 5.428368 12.079049 8.436195 -4.089684 -3.462128 -11.414712 15.468047 -0.000000 0.000000 0.000000 -0.223502 -8.884263 -2.845030 -17.209792 -9.759545 -0.593042 -0.430431 -10.892157 3.305004 -13.218991 -0.222612 7.304733 -20.226892 13.774478 13.792480 -0.000000 0.000000 0.000000 1.249496 -8.537313 -12.130896 2.642327 -28.466070 -58.403420 36.797893 -28.562159 5.446062 3.100740 -5.070363 12.834175 -10.281731 -5.809268 -2.259569 -24.551674 -0.892453 -2.000692 -56.302220 12.155721 -4.232146 -37.798039 13.936390 -21.524977 
71.048111 68.073195 -140.490758 2.387060 -32.852097 -3.218235 -2.298168 -6.703933 0.750071 2.287720 -19.705337 3.909450 -6.407162 9.064597 2.008676 -0.000000 0.000000 0.000000 -19.174243 4.056702 5.312253 17.300917 7.712870 -3.505004 -6.002169 -12.648787 14.104580 -0.000000 0.000000 0.000000 -0.731840 -8.985792 -3.571453 -17.117644 -10.776097 0.648688 -0.573877 -11.304657 3.580544 -14.312613 2.005916 7.907028 -21.273747 13.206930 13.734250 -0.000000 0.000000 0.000000 1.271417 -9.164529 -12.020231 3.486061 -31.914847 -54.280963 40.914370 -36.035711 9.624364 -3.518120 -9.184305 13.035638 -9.503916 -7.059699 0.256273 -21.407356 -2.394965 0.680122 -56.544816 8.090001 -5.312331 -36.842892 12.046475 -22.569698 
71.508247 68.170047 -141.447449 2.530580 -33.351317 -3.176724 -3.527365 -7.063289 0.942600 2.375257 -19.505691 3.708999 -5.419059 9.664159 1.812275 -0.000000 0.000000 0.000000 -17.536006 3.325763 5.320678 21.794404 6.539924 -3.321735 -8.797969 -14.171584 12.148840 -0.000000 0.000000 0.000000 -1.087657 -8.633635 -4.152047 -17.360396 -11.459538 1.657926 -0.474969 -11.378484 3.944773 -14.782818 3.828389 7.989682 -21.908333 12.198084 13.691957 -0.000000 0.000000 0.000000 0.677998 -9.673316 -11.346865 2.439193 -35.147438 -50.970491 43.033100 -41.399438 11.287223 -11.530636 -8.974559 9.009973 -8.309758 -8.365910 2.387562 -17.127580 -3.916315 5.030018 -52.995709 4.594937 -5.590034 -34.252939 9.940083 -23.792682 
72.052944 68.256730 -142.655385 2.382246 -34.245427 -3.254463 -5.023972 -7.265040 1.184703 3.071251 -19.092823 3.426247 -4.515902 10.290124 1.404670 -0.000000 0.000000 0.000000 -15.083222 2.525149 5.391113 24.908181 5.267982 -3.471279 -10.992766 -15.767845 10.196171 -0.000000 0.000000 0.000000 -0.992810 -8.190836 -4.695468 -17.843839 -12.009345 2.459578 -0.208568 -11.265330 4.407194 -14.500934 5.422553 7.656521 -22.098323 11.592562 13.548266 -0.000000 0.000000 0.000000 -0.231764 -10.176220 -10.084913 0.313956 -38.169192 -48.513263 45.926729 -44.007187 13.253724 -17.023985 -6.658939 4.765319 -7.050482 -8.948027 3.964114 -12.170766 -4.405310 10.715273 -46.077659 0.506136 -4.877874 -31.338327 7.259063 -23.470926 
72.697181 68.268943 -144.070792 1.944670 -35.169986 -3.257827 -6.827144 -7.293261 1.334252 4.332746 -18.246886 2.941909 -3.845529 10.371569 0.716622 -0.000000 0.000000 0.000000 -11.817746 1.705508 5.168241 26.453306 4.458699 -3.784705 -12.706455 -16.513885 8.940062 -0.000000 0.000000 0.000000 -0.477921 -7.464825 -5.434758 -17.936487 -12.762073 3.091951 0.311428 -11.095142 4.932873 -14.342331 7.024133 6.686469 -21.403699 11.025606 13.026614 -0.000000 0.000000 0.000000 -1.638462 -11.523018 -7.569185 -2.892789 -40.785010 -48.088895 49.556371 -42.701638 16.692173 -12.703840 -7.612633 6.637209 -6.655913 -8.567255 4.794762 -7.722943 -4.420087 17.231661 -38.997312 -2.073501 -1.719563 -28.287388 3.048065 -21.928626 
73.414671 68.142807 -145.681715 1.469724 -36.043688 -2.829132 -9.016441 -7.489055 1.133493 5.893792 -17.392468 2.192582 -3.226657 10.565722 0.569464 -0.000000 0.000000 0.000000 -8.107750 0.843067 4.477984 26.482051 5.485075 -4.076048 -15.057133 -16.516809 8.392579 -0.000000 0.000000 0.000000 0.107369 -5.952685 -6.641744 -16.973227 -13.450191 3.630796 0.966746 -10.366968 4.952786 -14.823760 8.450872 4.751645 -20.220931 9.606087 12.310130 -0.000000 0.000000 0.000000 -4.028372 -13.877399 -4.375133 -6.431911 -43.323276 -47.393143 48.781576 -40.447555 17.032945 -5.284850 -9.140349 14.347468 -7.373329 -8.012484 5.646933 -3.195757 -4.825498 24.737339 -32.529033 -2.324128 -0.564600 -23.924224 -4.568061 -15.300337 
74.203432 67.870873 -147.409546 1.480220 -37.067861 -1.979004 -11.805114 -8.289393 0.850573 7.587860 -15.904662 1.286507 -2.633135 10.874343 0.538246 -0.000000 0.000000 0.000000 -4.637824 0.664498 3.771270 24.774994 7.482325 -4.309073 -17.347472 -14.954106 8.437278 -0.000000 0.000000 0.000000 1.392017 -4.677907 -7.993445 -16.392995 -13.711105 3.963232 1.276724 -9.385405 4.963552 -14.888918 9.902430 2.719390 -18.373815 8.071520 11.267432 -0.000000 0.000000 0.000000 -6.075889 -15.587157 -1.354782 -11.189376 -45.276315 -46.351817 43.744266 -38.962883 15.270547 -3.356623 -10.051448 16.173861 -7.363238 -6.819539 7.483025 1.557800 -3.166845 30.740218 -21.026136 -1.445008 1.069753 -18.159458 -6.205440 -6.286859 
74.981833 67.529356 -149.197948 1.796224 -38.267340 -1.009676 -14.928578 -9.207544 0.782952 9.394106 -14.032302 0.257958 -1.938908 11.072863 0.328277 -0.000000 0.000000 0.000000 -1.506286 1.575108 3.521219 21.602813 10.338285 -4.840802 -19.484804 -13.215273 7.604785 -0.000000 0.000000 0.000000 2.780496 -3.611399 -9.067878 -16.345367 -13.682339 3.862269 1.548135 -8.148965 4.894948 -14.793727 11.379267 0.902482 -17.011886 6.178292 10.686653 -0.000000 0.000000 0.000000 -7.997532 -17.022151 1.947773 -15.539544 -46.578406 -44.101901 38.107249 -38.292859 14.167895 -2.980435 -9.434220 15.613045 -7.208423 -4.731905 8.920886 6.301539 0.989408 36.757690 -6.765777 1.741974 2.542615 -10.339151 -5.178007 -2.998414 
75.686455 67.210358 -150.978088 2.276672 -39.463325 0.045457 -17.633647 -10.200125 0.713526 10.454070 -12.254111 -0.309717 -0.848036 11.458581 -0.555561 -0.000000 0.000000 0.000000 1.021039 3.100080 3.275604 17.573830 12.678813 -5.450965 -21.263476 -12.315651 6.994761 -0.000000 0.000000 0.000000 3.510628 -2.257226 -9.981505 -16.646766 -13.253435 3.427258 1.697496 -6.580111 4.670407 -15.017440 12.846123 -0.436694 -16.325168 3.410548 10.163388 -0.000000 0.000000 0.000000 -9.996648 -18.548954 5.529808 -19.646730 -48.279747 -40.885332 32.093414 -37.399584 12.605203 -1.809390 -8.689259 15.916480 -7.133037 -2.064783 9.823772 9.252577 6.202148 42.770320 4.426530 4.542961 3.140870 -4.253774 -4.273618 -4.151313 
76.288927 67.027134 -152.704155 3.111907 -40.172536 0.945643 -19.716851 -11.093665 0.882642 10.176748 -11.021245 -0.021882 1.077202 11.795560 -2.200515 -0.000000 0.000000 0.000000 2.238663 4.533496 3.242634 12.980599 14.030337 -5.755298 -21.935436 -11.342374 6.057572 -0.000000 0.000000 0.000000 3.061172 -0.615898 -10.437505 -17.316714 -12.678455 3.198410 1.178220 -4.843017 4.421871 -15.310059 14.120706 -1.872506 -15.859572 -0.004145 9.637495 -0.000000 0.000000 0.000000 -11.876379 -20.321957 9.201881 -23.356170 -49.956080 -37.626980 25.913656 -36.008632 11.381951 -0.475057 -7.203023 16.848458 -6.727861 1.323854 10.402913 10.381857 11.391173 48.386195 10.837672 6.885582 2.504729 -3.539806 -3.621846 -5.846352 
76.838189 67.024487 -154.322708 4.281717 -39.852617 1.480140 -21.120737 -12.142531 1.167850 8.385811 -10.741961 1.242846 4.183603 12.137688 -4.253613 -0.000000 0.000000 0.000000 2.164308 5.673160 3.637214 7.632265 14.290683 -4.742477 -20.148181 -11.508677 4.800664 -0.000000 0.000000 0.000000 1.353613 1.013100 -10.125419 -17.956227 -11.936925 3.357509 0.367998 -3.232366 4.011769 -15.493541 14.682894 -3.606913 -16.114060 -3.625173 8.875087 -0.000000 0.000000 0.000000 -13.287828 -21.551102 12.622386 -26.264543 -52.433003 -33.826782 19.580970 -34.241702 10.679909 -0.685761 -5.282719 18.232551 -5.975565 4.894756 10.928299 11.334825 17.605026 52.387125 14.751583 10.479955 0.953993 -9.497926 -2.417596 -7.917016 
77.407193 67.189085 -155.754030 5.390001 -38.159512 1.797943 -21.690046 -12.363813 1.136988 4.907529 -11.474292 3.086740 8.708594 11.154578 -6.731914 -0.000000 0.000000 0.000000 1.467553 4.597300 4.400007 4.010753 12.601480 -4.290829 -17.180612 -10.386200 4.523654 -0.000000 0.000000 0.000000 -0.805437 2.499877 -9.489510 -18.428887 -11.473816 3.519575 -0.396292 -1.858823 3.732160 -15.524696 14.524752 -5.514546 -17.070793 -7.372312 8.284229 -0.000000 0.000000 0.000000 -14.881176 -22.281083 15.793032 -30.044148 -54.037102 -31.452396 12.376882 -32.955406 9.529973 -2.092543 -3.602264 19.065813 -5.707856 7.382674 10.677470 10.062409 21.666965 55.679424 17.994361 13.905237 -1.340369 -12.157743 0.562545 -8.649061 
78.036022 67.361248 -157.012331 6.103126 -35.720035 2.155153 -21.230068 -12.202360 0.855822 -0.295319 -12.926308 3.896788 14.160360 9.744700 -8.657312 -0.000000 0.000000 0.000000 1.139432 3.331710 4.720805 0.706373 11.382634 -4.005555 -14.580271 -10.007753 4.584825 -0.000000 0.000000 0.000000 -2.764289 3.755442 -9.134915 -18.741752 -10.815640 3.724540 -0.600201 -0.684867 3.507071 -15.536694 13.967384 -7.171451 -18.190453 -11.251474 7.856328 -0.000000 0.000000 0.000000 -16.960915 -22.182809 18.647350 -31.823330 -56.557841 -27.586983 3.641855 -31.838684 7.207625 -8.681493 -2.027725 20.329302 -5.462105 8.634234 10.000331 11.494932 26.185181 55.730410 23.493380 21.937514 -5.627448 -16.205367 2.014283 -10.086659 
78.730667 67.547083 -158.192825 6.161259 -33.821969 2.207163 -20.640848 -11.691460 0.579987 -3.410599 -14.284472 3.466108 15.800153 8.934843 -8.498641 -0.000000 0.000000 0.000000 0.747143 2.888486 4.906144 -1.322915 12.034666 -3.886506 -12.348137 -11.674124 4.308745 -0.000000 0.000000 0.000000 -3.616305 4.664786 -8.560914 -19.464492 -9.726499 4.047522 -0.566969 0.581839 3.197712 -15.437689 12.569704 -8.463868 -18.965681 -14.007431 7.465597 -0.000000 0.000000 0.000000 -19.090189 -20.872203 21.001283 -30.961960 -58.570750 -21.463943 -2.669931 -30.856569 5.525581 -17.597928 -0.195847 20.671274 -5.187664 8.778188 9.382785 13.792308 29.104387 54.107456 28.887984 30.245459 -12.608921 -17.801735 3.716430 -11.373223 
79.601288 67.863643 -159.351981 6.148952 -31.916480 2.288126 -21.449278 -11.425777 -0.386121 -0.916002 -15.935664 2.710362 9.417068 8.580549 -5.451379 -0.000000 0.000000 0.000000 -1.390391 2.077326 4.904441 -0.017248 11.477991 -3.987341 -11.272679 -12.734440 4.946594 -0.000000 0.000000 0.000000 -3.515620 5.350344 -7.855535 -21.138293 -8.770146 4.241758 -0.247211 1.629955 2.848357 -14.983809 10.812399 -9.565179 -19.408819 -16.011003 6.628838 -0.000000 0.000000 0.000000 -21.102417 -18.538529 22.378838 -29.651779 -58.804379 -15.613488 -5.898817 -30.337458 5.154424 -20.909738 1.594291 19.154035 -5.072532 7.547846 9.131276 15.635570 29.460327 51.569083 34.158032 37.111408 -19.125128 -18.301837 6.533339 -12.551973 
80.616766 68.177831 -160.697877 5.948594 -30.095117 2.846029 -22.911287 -11.434411 -1.889755 4.523755 -14.670138 1.517648 5.799628 9.319532 -3.412672 -0.000000 0.000000 0.000000 -3.276614 2.603292 4.460804 0.841781 10.850590 -4.608535 -9.923106 -14.615531 5.267807 -0.000000 0.000000 0.000000 -2.853527 5.892344 -7.860029 -22.294236 -7.627753 4.204835 0.273668 2.514563 2.291567 -14.823280 8.968116 -10.103545 -19.040631 -17.716698 6.016270 -0.000000 0.000000 0.000000 -22.111704 -16.262496 23.414549 -26.516761 -57.173341 -7.644170 -9.387214 -29.786607 4.278565 -20.288941 0.897608 18.600950 -5.098571 6.548401 8.948385 16.351534 29.333242 50.256138 35.873721 41.698489 -23.374550 -20.371884 9.474559 -12.541072 
81.637758 68.373853 -162.203944 5.716873 -28.841425 3.269546 -25.044137 -11.565813 -2.645107 13.487396 -10.990222 -0.436208 3.142173 11.428423 -2.559985 -0.000000 0.000000 0.000000 -4.918509 3.073183 3.981479 0.979527 10.162505 -4.968340 -8.314429 -15.661899 5.558231 -0.000000 0.000000 0.000000 -2.004888 6.595465 -8.056806 -22.707563 -6.606195 4.202424 0.508093 3.355649 1.677361 -14.479065 7.324463 -10.370949 -18.762276 -19.067114 5.589295 -0.000000 0.000000 0.000000 -22.267823 -14.592235 24.613978 -23.660385 -53.411404 -0.405483 -12.450814 -27.950626 4.042214 -18.538610 -0.377993 18.916440 -4.803192 6.473167 8.309850 15.866655 29.032371 50.328429 34.907792 44.492951 -25.352922 -25.017612 10.640676 -10.837417 
82.548779 68.445611 -163.670564 5.434150 -28.181366 3.071841 -26.859536 -11.398721 -2.032012 24.873701 -9.279430 -2.726792 -1.236885 12.006651 -0.165724 -0.000000 0.000000 0.000000 -6.405878 3.219971 3.880477 0.970092 10.039411 -4.778714 -6.812378 -16.234336 5.559734 -0.000000 0.000000 0.000000 -1.325010 7.140118 -7.834029 -23.069350 -5.695689 4.206120 0.555205 4.101967 1.229802 -14.003921 5.355368 -10.654954 -18.360508 -19.592330 5.595025 -0.000000 0.000000 0.000000 -22.190289 -13.176123 25.227468 -22.897348 -48.514696 3.976025 -16.394063 -25.357784 3.898298 -16.628984 -0.620134 19.676575 -4.440038 7.068387 7.764808 14.961270 28.398168 50.673221 32.339514 46.140070 -25.278849 -29.263525 9.691364 -8.235158 
83.304465 68.441725 -164.959013 5.416755 -27.542296 2.820015 -27.526252 -11.150983 -0.937233 35.404389 -10.203224 -3.997468 -3.746870 11.403095 0.591319 -0.000000 0.000000 0.000000 -7.937388 3.024949 3.939253 0.939176 9.810492 -4.515214 -5.437978 -16.464251 5.632206 -0.000000 0.000000 0.000000 -1.548773 7.371719 -7.678356 -23.478037 -4.944935 4.138632 0.542632 4.624480 0.849734 -13.466095 3.512917 -10.874436 -17.993777 -20.088645 5.675123 -0.000000 0.000000 0.000000 -21.740441 -11.530406 25.288102 -23.574081 -43.806717 6.469598 -22.183209 -22.310819 3.833791 -16.682037 -0.790313 21.061504 -4.127614 7.514152 7.849463 14.013479 27.947094 50.472760 29.970271 46.293953 -23.878110 -31.336131 8.633753 -6.693256 
83.970875 68.395907 -166.147161 5.910956 -26.862704 2.650634 -26.898990 -10.788043 0.498176 43.544091 -12.621139 -3.961880 -5.650195 9.959728 0.542914 -0.000000 0.000000 0.000000 -9.913450 2.504114 4.100389 0.985784 9.504335 -4.167231 -3.943285 -16.446485 5.912445 -0.000000 0.000000 0.000000 -2.694993 7.373310 -7.563690 -23.927019 -4.265197 4.012015 0.467823 4.984892 0.618399 -12.766741 1.732111 -11.113264 -17.818660 -20.451137 6.023045 -0.000000 0.000000 0.000000 -21.011983 -9.646332 24.713630 -25.217873 -39.353427 7.695971 -29.380118 -19.624266 3.684356 -18.160723 -1.503349 23.367356 -3.678620 7.677178 8.383370 13.126883 27.506634 50.035145 28.541253 45.121214 -22.010674 -30.011960 8.432690 -6.979065 
84.692317 68.332785 -167.390156 6.342907 -25.958091 2.394598 -24.705475 -10.310984 2.025299 48.483582 -15.561496 -2.631366 -6.244902 8.657996 -0.421671 -0.000000 0.000000 0.000000 -11.831629 2.111656 4.283742 0.931944 9.169986 -3.920424 -2.284776 -16.702799 6.241328 -0.000000 0.000000 0.000000 -3.673887 6.987774 -7.333781 -24.110253 -3.507715 3.735465 0.297495 5.203802 0.373095 -12.352102 0.107729 -11.146211 -17.615852 -20.831710 6.509769 -0.000000 0.000000 0.000000 -19.859263 -7.481463 23.672668 -26.897865 -34.548098 8.918757 -36.595960 -17.518379 3.449855 -21.597353 -2.985727 25.085005 -3.281767 7.690470 9.041549 12.154651 27.193468 50.198129 27.272991 42.693907 -20.019931 -26.893607 8.086706 -7.897264 
85.611993 68.237972 -168.848920 6.317752 -24.794253 1.891996 -20.855316 -9.845629 3.669905 49.423820 -18.687182 -0.597392 -4.346313 7.857618 -2.410667 -0.000000 0.000000 0.000000 -13.514564 2.110771 4.432734 0.833337 8.606885 -3.787868 -0.470705 -17.341344 6.333353 -0.000000 0.000000 0.000000 -3.906849 6.337733 -6.980359 -23.247816 -2.521321 3.410422 -0.257420 5.357190 0.284412 -12.030254 -1.736377 -11.108408 -18.279599 -21.375279 6.846949 -0.000000 0.000000 0.000000 -17.996046 -5.331580 21.929175 -27.949609 -28.598611 10.508985 -42.185259 -15.796980 3.396358 -25.406717 -4.553990 24.911475 -2.820278 7.955577 9.626110 10.969492 26.185679 50.934013 25.556877 39.634239 -18.208631 -23.434349 7.090206 -8.161438 
86.837059 68.081927 -170.553863 5.521491 -23.490671 1.052139 -15.042910 -8.899587 5.312921 46.614704 -23.294592 2.146720 -5.464014 7.145545 -3.470993 -0.000000 0.000000 0.000000 -14.725750 2.037114 4.378213 0.739205 8.011374 -3.759330 1.484947 -18.141322 6.980909 -0.000000 0.000000 0.000000 -2.542164 5.612707 -6.534535 -22.336009 -1.212018 2.850335 -0.779418 5.539534 0.286986 -12.210799 -3.405302 -10.677352 -18.939784 -22.108542 6.919240 -0.000000 0.000000 0.000000 -16.130583 -3.072549 19.186688 -28.199620 -22.801891 11.938158 -44.493301 -12.609069 3.130010 -28.291462 -7.833398 22.913867 -2.708681 7.958432 10.512137 10.102688 24.519852 51.605745 22.837492 36.297921 -16.152310 -20.306897 6.473452 -8.103950 
88.465965 67.784786 -172.500539 4.900925 -21.997728 0.340061 -8.852219 -7.779526 6.721150 40.429490 -28.421715 5.071754 -8.406944 6.377468 -3.567812 -0.000000 0.000000 0.000000 -16.476417 2.039594 3.869518 0.719375 7.241026 -3.785516 3.903233 -18.868243 8.043608 -0.000000 0.000000 0.000000 -0.787370 5.004789 -5.983047 -21.471554 0.430433 2.070581 -1.073659 5.779493 0.088017 -12.736107 -5.454311 -9.909081 -19.772187 -23.470568 6.658029 -0.000000 0.000000 0.000000 -14.369386 -0.471844 15.889571 -27.079642 -17.758779 11.526725 -42.039527 -8.669957 2.309958 -26.296374 -10.225425 20.849657 -2.709929 7.379652 11.489510 9.186072 22.116951 52.416321 18.370448 32.984498 -13.492988 -17.610678 6.245375 -8.133593 
90.565896 67.285335 -174.711120 5.103411 -19.719883 0.043951 -3.734175 -8.457475 7.217921 32.635683 -33.940324 7.509245 -10.968056 7.109417 -2.090811 -0.000000 0.000000 0.000000 -19.315886 2.077152 2.574249 0.570578 5.575838 -3.802299 6.934017 -19.367301 9.417448 -0.000000 0.000000 0.000000 0.156526 4.651107 -5.522096 -20.235964 2.054697 1.030094 -1.065903 5.771161 -0.322168 -13.332769 -7.544176 -9.045331 -20.950438 -24.953185 5.971552 -0.000000 0.000000 0.000000 -11.500991 1.949305 11.587713 -24.008371 -13.077314 9.653632 -36.814920 -6.855230 0.460758 -24.963166 -9.471269 14.655763 -2.027093 6.665433 12.449080 8.225332 19.512619 52.640401 12.152799 29.991360 -10.437393 -17.440692 5.630257 -9.125209 
92.881066 66.718936 -177.047884 5.367048 -16.600893 -0.048718 0.353924 -10.135125 7.242701 23.708934 -37.995026 9.263445 -16.202150 9.199353 0.311536 -0.000000 0.000000 0.000000 -22.411354 1.905332 0.742439 0.899278 3.822439 -4.278411 9.949218 -20.083134 11.770483 -0.000000 0.000000 0.000000 1.348263 4.339812 -5.512217 -19.111137 3.457363 -0.298384 -0.673530 5.421847 -0.827936 -14.595660 -9.744247 -7.949514 -21.670402 -26.212854 5.247116 -0.000000 0.000000 0.000000 -8.260586 4.074054 6.515288 -19.610124 -11.041720 6.373261 -31.493433 -6.521891 -1.949543 -28.985524 -9.558027 8.877981 -1.501755 5.526000 13.585054 7.791447 17.995956 51.687805 4.417437 26.595758 -6.141871 -20.010021 4.672004 -10.924778 
95.081198 66.271549 -179.361212 5.236719 -13.476697 0.469825 2.691445 -12.861316 6.476743 14.389913 -38.664951 7.512587 -18.708113 12.773404 3.844877 -0.000000 0.000000 0.000000 -24.669190 1.907703 -1.824333 1.145504 1.915499 -4.985172 11.846061 -20.467400 14.509487 -0.000000 0.000000 0.000000 3.388701 4.356512 -6.669503 -18.450692 4.566711 -1.674874 -0.202547 4.914257 -1.203377 -16.446120 -12.181959 -7.237153 -21.502187 -27.414366 5.082287 -0.000000 0.000000 0.000000 -6.697677 5.460117 2.172047 -15.446872 -12.118303 0.467346 -26.437169 -6.688197 -3.962613 -30.816316 -7.689802 6.490853 -1.575496 4.465828 14.959333 7.982422 17.144651 49.971927 -2.340783 22.033209 -2.716444 -22.996748 2.830235 -10.543117 
96.871102 66.168213 -181.462502 4.196943 -10.036776 1.066689 2.657755 -12.948924 5.023412 10.532584 -36.362148 6.702694 -19.198130 13.097225 5.085491 -0.000000 0.000000 0.000000 -25.221031 0.297979 -4.609085 0.949340 -0.964504 -5.965471 10.382626 -19.161878 16.695223 -0.000000 0.000000 0.000000 6.486446 4.262566 -8.246353 -17.984839 4.948442 -3.382550 -0.206463 4.277826 -1.337454 -18.021060 -13.838306 -6.772693 -21.308694 -28.790226 5.025116 -0.000000 0.000000 0.000000 -5.559385 5.268772 -1.246884 -12.365109 -14.040454 -6.861967 -21.522940 -6.009359 -5.341852 -31.380223 -6.755442 4.279938 -1.807896 4.330152 15.719418 7.287877 16.096947 48.806233 -6.613222 15.946150 -0.037257 -24.315126 1.424729 -10.050937 
98.346454 66.272205 -183.283234 2.490827 -6.718646 0.998258 2.289114 -10.090113 4.713397 8.061245 -34.141823 5.240599 -18.348700 10.353859 4.658473 -0.000000 0.000000 0.000000 -24.494294 -2.437623 -6.534216 0.653484 -3.517645 -6.642931 5.779548 -17.139508 16.166621 -0.000000 0.000000 0.000000 9.456149 3.859265 -8.728353 -17.008652 4.701383 -5.229644 -0.340202 3.631400 -1.397359 -19.502152 -14.789553 -6.461089 -21.423410 -29.529525 5.382426 -0.000000 0.000000 0.000000 -4.610789 3.506422 -3.511721 -10.384795 -15.153893 -15.380497 -16.268871 -4.343431 -6.220043 -31.700978 -5.405358 2.608762 -1.967139 5.636598 14.640863 4.720754 14.712567 49.282506 -8.539917 9.449945 1.610786 -23.537583 -0.483889 -9.579744 
99.714106 66.433889 -184.907842 1.326108 -3.464626 0.743204 1.476802 -8.222617 4.469613 6.290586 -34.569241 4.537861 -16.867151 7.523498 4.472836 -0.000000 0.000000 0.000000 -23.766489 -4.292032 -7.846763 0.525232 -4.901224 -7.064838 0.742671 -16.514483 14.531538 -0.000000 0.000000 0.000000 10.853053 3.146205 -8.498906 -15.986753 3.923992 -6.597064 -0.431094 2.808048 -1.515075 -20.085520 -15.871496 -6.480519 -21.526138 -29.173299 5.885914 -0.000000 0.000000 0.000000 -3.594391 1.089728 -6.225308 -8.520669 -16.067626 -23.289811 -10.689520 -3.191882 -6.546027 -29.228252 -3.104988 1.954175 -2.200981 7.263911 13.354183 1.805665 13.219581 49.461140 -10.074421 4.879617 2.025834 -20.881034 -4.213743 -8.958814 
101.047254 66.693145 -186.430156 1.468921 -0.809756 0.308520 -0.414860 -9.436808 3.975586 5.474806 -35.141714 4.597680 -15.157797 6.527903 4.282390 -0.000000 0.000000 0.000000 -22.849580 -4.302172 -8.379761 0.061802 -5.589118 -6.790001 0.767058 -17.845205 13.881625 -0.000000 0.000000 0.000000 10.489774 2.396150 -7.790129 -15.868848 3.088922 -7.196437 -0.875142 1.786382 -2.148309 -19.349189 -17.421050 -6.545260 -20.571258 -27.665616 6.162821 -0.000000 0.000000 0.000000 -1.988591 -1.223383 -10.448101 -5.462346 -17.458984 -28.692880 -4.133337 -3.988683 -6.277415 -24.926515 -1.469505 1.078072 -2.283270 8.249327 13.573130 0.268554 12.554897 48.352783 -13.043784 3.952637 1.435420 -19.102872 -8.186054 -10.668402 
102.192712 67.174673 -187.832797 1.549616 0.401759 -0.377278 -2.487801 -10.514358 3.761058 5.673582 -34.097661 4.108963 -12.884290 5.299729 3.560969 -0.000000 0.000000 0.000000 -21.495776 -3.589664 -8.256366 1.456704 -5.689829 -5.262633 4.451998 -16.544765 13.854750 -0.000000 0.000000 0.000000 10.107182 1.902923 -7.065712 -15.976256 2.682632 -7.527991 -1.595835 1.029198 -2.905373 -18.795924 -18.609095 -6.282600 -18.908505 -26.189195 6.352985 -0.000000 0.000000 0.000000 -1.043542 -3.357776 -14.120195 -3.367359 -19.560299 -33.863495 2.040066 -4.072266 -6.218488 -20.355928 -0.778030 0.929475 -2.075762 9.265032 13.801857 -1.211657 12.695702 47.598712 -16.434931 4.234916 1.078170 -22.477816 -6.320687 -13.935078 
103.257143 67.628467 -189.248395 0.834241 -0.557598 -1.671127 -3.068154 -11.125248 3.890162 6.173745 -32.720838 4.282986 -11.239250 5.333240 3.227235 -0.000000 0.000000 0.000000 -21.192479 -2.595550 -7.006556 7.373146 -4.733382 -2.726631 3.100339 -13.982194 12.831538 -0.000000 0.000000 0.000000 9.768778 1.803860 -5.622229 -14.871732 2.779536 -7.644493 -1.974454 1.010567 -3.172363 -19.338686 -19.220628 -6.196849 -18.198010 -24.715854 6.825727 -0.000000 0.000000 0.000000 -1.440140 -6.127920 -15.827232 -2.924756 -22.300866 -41.055264 5.694949 -4.164508 -6.306486 -17.540187 1.398027 2.166797 -2.155958 11.740338 11.805288 -3.839445 13.277351 47.547184 -18.161062 4.202320 1.408804 -26.918621 -4.087691 -13.928433 
104.225111 67.939198 -190.812397 -0.262265 -3.393101 -2.896705 -2.751354 -10.927784 3.995219 6.108950 -30.577857 4.672409 -10.031847 5.739248 2.993078 -0.000000 0.000000 0.000000 -20.986909 -1.389575 -4.870469 13.745704 -3.733094 -0.640215 1.319871 -13.044039 11.801809 -0.000000 0.000000 0.000000 9.566914 1.458067 -4.264099 -13.643032 2.906051 -7.480766 -1.969606 1.212979 -2.931202 -20.083834 -19.195913 -5.825483 -17.837565 -22.478743 7.415203 -0.000000 0.000000 0.000000 -2.184471 -9.291718 -16.796364 -3.529004 -24.875040 -47.454041 7.287065 -5.039769 -6.532437 -18.145384 0.662595 2.015273 -2.903000 15.198559 9.130533 -7.425838 15.565653 46.895318 -17.723736 4.164070 1.907450 -25.647616 -4.881315 -13.229738 
105.019569 68.128175 -192.442346 -1.188888 -6.906810 -3.589326 -2.873630 -9.861278 4.032167 5.701997 -28.033012 4.336767 -8.665775 5.575819 2.927287 -0.000000 0.000000 0.000000 -21.062031 -0.901392 -2.740000 20.669757 -3.355091 0.674839 -1.894880 -13.274916 9.431107 -0.000000 0.000000 0.000000 9.416266 0.672731 -3.501391 -13.401816 2.496070 -7.180506 -1.881213 1.246107 -2.587842 -19.934483 -18.367572 -5.041352 -16.678127 -20.073711 8.056256 -0.000000 0.000000 0.000000 -2.971208 -12.102231 -15.800261 -4.754368 -27.586361 -53.494803 9.976545 -7.004329 -6.394091 -22.036675 0.141353 2.439194 -3.986245 18.368129 6.047326 -12.207501 19.330011 47.516585 -14.839196 5.433010 1.578470 -21.066239 -4.075547 -14.597613 
105.755317 68.242967 -194.031465 -1.836408 -10.726482 -3.771714 -3.467932 -9.128789 3.533082 5.623792 -25.001591 4.112833 -7.206744 5.512680 2.891316 -0.000000 0.000000 0.000000 -20.647772 -1.098204 -1.103795 27.192896 -4.595218 1.400253 -4.282214 -13.763283 7.361124 -0.000000 0.000000 0.000000 9.110622 0.026317 -2.821389 -13.826409 1.946531 -7.156239 -1.976422 1.226968 -2.572933 -19.157958 -17.748770 -4.206612 -15.269587 -17.583679 8.544582 -0.000000 0.000000 0.000000 -3.617286 -14.056103 -14.800053 -5.980716 -29.126030 -57.074280 12.959317 -10.596223 -4.923242 -24.151828 -0.511755 1.273331 -5.128577 20.932416 2.869211 -16.847577 23.014225 49.032961 -11.941143 9.604274 0.439729 -18.472446 -2.192555 -14.954059 
106.439400 68.258280 -195.509863 -2.376461 -15.252686 -3.372507 -3.923792 -8.796866 2.582689 5.181867 -21.401529 3.665709 -5.837644 6.061449 3.055384 -0.000000 0.000000 0.000000 -19.178079 -1.146915 -0.081228 32.708178 -5.339203 1.687115 -6.394824 -14.241138 5.435423 -0.000000 0.000000 0.000000 7.892085 0.026396 -2.527278 -13.763648 1.666429 -7.341170 -2.249555 1.538819 -2.814105 -17.975339 -17.463589 -3.600613 -13.829108 -15.166555 8.924223 -0.000000 0.000000 0.000000 -4.223766 -16.027115 -14.038318 -6.903723 -29.600080 -58.275401 12.477281 -14.375533 -3.326036 -25.170631 -1.269419 0.123557 -5.796774 23.498122 -0.074133 -20.261324 25.896780 49.339684 -10.272486 16.887849 -1.591117 -18.266618 -0.338536 -12.614591 
107.087493 68.171674 -196.928048 -2.429776 -20.005944 -2.539306 -4.734331 -8.873877 1.576055 4.449407 -17.675468 2.900649 -4.482324 7.093478 3.491865 -0.000000 0.000000 0.000000 -17.050078 -1.228453 0.273455 36.793997 -4.610138 1.541293 -8.260306 -14.118583 4.129536 -0.000000 0.000000 0.000000 6.036045 0.679508 -2.518332 -13.668121 1.647129 -7.534206 -2.416348 2.093270 -3.283076 -16.635703 -17.262944 -2.874085 -12.565916 -13.148586 9.395391 -0.000000 0.000000 0.000000 -5.040162 -17.084586 -13.493810 -7.454371 -30.100647 -58.176498 11.134281 -18.204753 -1.709630 -27.691125 -1.685824 0.794564 -6.325066 24.888394 -2.411952 -22.274887 28.469680 48.000138 -7.217287 26.480166 -5.579056 -18.058696 1.483559 -10.553753 
107.645500 68.015736 -198.306334 -1.693636 -24.607815 -1.398104 -6.229684 -8.971338 0.919108 3.689760 -13.882837 2.135247 -3.198250 7.941650 3.664596 -0.000000 0.000000 0.000000 -14.481506 -1.033379 0.267754 38.941610 -2.523679 1.055897 -10.787787 -13.082526 3.736442 -0.000000 0.000000 0.000000 3.581124 1.640038 -2.752971 -13.532669 1.624304 -7.531572 -2.565633 2.646374 -3.707093 -15.084701 -16.781140 -1.648009 -11.879845 -11.637668 9.421230 -0.000000 0.000000 0.000000 -5.817087 -17.038849 -12.962089 -8.193702 -30.087631 -57.824458 10.006837 -21.603691 -0.003417 -29.038505 -2.459514 2.329547 -6.802125 25.141649 -4.464629 -23.670107 31.098851 45.513541 -1.542721 35.728873 -12.542832 -15.260016 3.175325 -10.752022 
108.173692 67.831731 -199.710250 -0.414409 -28.409718 -0.065430 -8.500971 -9.115554 0.411653 3.540622 -10.529553 1.851269 -1.998929 8.524582 3.547084 -0.000000 0.000000 0.000000 -11.290147 -0.406156 0.147869 38.609683 0.421745 0.132252 -12.615189 -11.336272 4.179899 -0.000000 0.000000 0.000000 0.915742 2.553086 -2.902135 -13.285763 1.257920 -7.454833 -2.620389 3.041682 -4.053232 -13.395515 -16.119433 -0.387175 -11.538005 -10.286165 9.453470 -0.000000 0.000000 0.000000 -6.491182 -16.803007 -12.407564 -8.620618 -29.767707 -56.972846 8.784443 -24.742154 1.520290 -28.895756 -3.594745 4.751055 -7.367481 24.989663 -6.516500 -25.072243 33.459452 42.051131 4.531091 42.377327 -20.741860 -11.092136 4.394314 -13.087746 
108.729398 67.607951 -201.249337 1.063315 -31.397792 1.297012 -11.330049 -9.500074 0.084466 3.994261 -7.719558 1.891784 -0.849370 9.145842 3.127657 -0.000000 0.000000 0.000000 -7.473482 0.570361 0.166153 35.800548 4.178619 -1.242426 -14.380763 -9.720745 4.492592 -0.000000 0.000000 0.000000 -1.438808 3.242803 -2.864491 -13.119547 0.584394 -7.343311 -2.529020 3.078283 -4.185090 -11.878004 -15.470517 0.710531 -11.195818 -8.716722 9.483534 -0.000000 0.000000 0.000000 -6.895238 -16.567921 -11.729846 -8.576357 -29.100500 -55.646658 8.109539 -27.681890 3.416991 -28.192581 -4.759598 6.926713 -8.200343 24.646507 -8.632501 -26.960973 35.413087 37.890833 8.453502 46.643482 -27.204426 -7.639571 5.146144 -15.842882 
109.372890 67.305058 -203.054786 2.663181 -33.785838 2.647736 -14.752240 -10.550675 0.047500 5.029281 -5.329398 1.940046 0.377018 10.206318 2.425996 -0.000000 0.000000 0.000000 -3.596942 2.011846 0.326872 31.008639 8.524291 -2.734263 -16.734240 -9.159243 3.784964 -0.000000 0.000000 0.000000 -3.463666 3.745229 -2.653926 -12.991911 -0.215247 -7.055543 -2.203142 2.771230 -4.138978 -10.817619 -15.020677 1.656923 -10.554724 -7.091179 9.397488 -0.000000 0.000000 0.000000 -6.998006 -16.326433 -10.858199 -8.510571 -28.530132 -53.966901 7.166925 -29.754934 4.802184 -27.916128 -6.398879 8.718861 -9.193530 24.133522 -10.644692 -28.720261 37.334952 32.223319 9.061541 49.216309 -30.432480 -6.509356 6.345405 -17.799547 
110.125458 66.948766 -205.172801 3.983326 -35.975475 3.730835 -18.072292 -11.194616 0.401775 5.992862 -3.486524 2.159593 1.952780 11.112615 1.227953 -0.000000 0.000000 0.000000 -0.109211 3.587855 0.747256 24.787696 13.000421 -4.517244 -20.055298 -9.756637 2.198392 -0.000000 0.000000 0.000000 -4.626806 3.974842 -2.038523 -13.159367 -0.744223 -6.760467 -1.935032 2.376344 -3.947085 -9.672217 -15.051506 2.506857 -10.109422 -5.301090 9.411041 -0.000000 0.000000 0.000000 -7.142968 -15.801073 -10.363719 -7.996503 -28.125353 -51.413671 6.762371 -30.647163 5.333987 -28.514444 -8.066828 9.794914 -10.151172 23.522563 -12.550691 -29.556295 38.865103 24.931106 5.962313 50.706917 -30.049371 -7.994924 8.023629 -18.956428 
110.885477 66.674131 -207.479858 5.105865 -38.105657 4.324035 -20.336320 -11.158135 1.529800 5.457966 -2.371861 2.753897 4.377639 11.781224 -0.591406 -0.000000 0.000000 0.000000 2.097588 5.794438 1.923096 17.400024 17.651475 -6.207629 -22.838576 -11.526621 0.027994 -0.000000 0.000000 0.000000 -5.231814 3.675078 -0.961286 -13.613618 -0.899300 -6.315318 -1.988700 1.876957 -3.650703 -7.944869 -15.665851 3.399848 -9.481084 -3.295337 9.573450 -0.000000 0.000000 0.000000 -7.083993 -14.889147 -10.616531 -6.828286 -27.408002 -47.871915 6.611962 -30.649434 4.983029 -28.090765 -8.526017 10.071884 -10.911450 22.696630 -13.814921 -29.264022 39.995236 16.443789 -0.161556 51.508124 -26.497511 -10.484852 9.371736 -20.271901 
111.522245 66.584545 -209.724593 6.424805 -40.187487 4.613826 -21.223756 -10.139252 3.610607 2.815716 -1.940987 3.456111 7.217391 11.919132 -2.268178 -0.000000 0.000000 0.000000 2.150488 7.620032 3.398855 11.779540 20.713039 -6.212043 -23.924533 -14.869025 -1.986065 -0.000000 0.000000 0.000000 -6.216463 2.779834 0.628917 -13.987840 -0.836373 -5.681916 -2.401240 1.338462 -3.470524 -5.260091 -16.509609 4.371402 -8.712202 -0.804988 9.883996 -0.000000 0.000000 0.000000 -6.500652 -13.609978 -11.245282 -5.032993 -25.935068 -43.775981 7.582864 -30.050441 4.266654 -26.463501 -7.810614 9.754313 -11.143275 21.440759 -14.796949 -28.727888 40.264889 8.491850 -7.065933 51.493291 -21.872626 -12.303537 10.067354 -22.234424 
112.017643 66.694790 -211.802578 7.615258 -42.825749 4.812213 -20.874857 -7.273043 6.139047 -0.877359 -1.907805 4.126454 9.015035 10.635336 -3.812613 -0.000000 0.000000 0.000000 1.111688 6.728798 4.043083 8.020011 21.008880 -5.361406 -23.605478 -13.433599 -0.755835 -0.000000 0.000000 0.000000 -6.547570 1.960271 2.135705 -14.963988 -1.008394 -5.032557 -3.205923 0.940715 -3.103615 -1.499696 -16.164592 5.468937 -8.133350 0.500272 9.673139 -0.000000 0.000000 0.000000 -5.934718 -12.129218 -11.368079 -2.511281 -23.561697 -40.368152 9.361395 -28.891123 2.855400 -24.287528 -6.357982 8.985490 -11.500846 19.735004 -15.217292 -29.646908 39.657082 2.751229 -12.484841 50.512963 -17.042020 -13.460808 10.841434 -24.122657 
112.500322 67.076510 -213.770509 8.291080 -45.815813 4.734661 -20.196748 -5.083643 8.667727 -1.783120 -2.795349 3.945511 6.733913 10.114743 -4.183429 -0.000000 0.000000 0.000000 0.121025 7.231559 4.972730 5.282203 24.121937 -5.188821 -21.638740 -14.267169 0.697818 -0.000000 0.000000 0.000000 -6.072967 0.998250 3.455449 -16.191194 -1.331843 -4.154746 -3.988057 0.437959 -2.847976 2.250702 -16.429930 6.184251 -7.033664 1.956329 9.488494 -0.000000 0.000000 0.000000 -4.859356 -10.632147 -11.790854 -0.087088 -20.564410 -36.854380 12.897971 -27.219937 1.441862 -20.464137 -4.188213 7.926471 -11.798814 18.084541 -14.593115 -30.020418 38.458510 -2.126718 -18.003915 49.519520 -13.121411 -14.511886 11.211793 -25.115526 
113.049519 67.718148 -215.589404 8.630075 -48.643065 4.948518 -20.078430 -4.178114 10.010651 2.257428 -4.078134 3.293493 5.474635 10.084899 -4.159241 -0.000000 0.000000 0.000000 -2.675798 8.696331 5.958488 6.709436 25.346191 -5.508111 -19.522725 -14.670956 2.064943 -0.000000 0.000000 0.000000 -5.870989 0.084133 3.560759 -16.599329 -1.927991 -3.042697 -4.345636 -0.232684 -2.589217 5.724694 -16.865847 7.002773 -5.901433 1.982253 9.083198 -0.000000 0.000000 0.000000 -3.653682 -10.083583 -11.830354 1.365560 -17.945542 -35.068880 16.307233 -23.821841 0.153239 -15.469095 -1.688236 4.856531 -11.627890 16.185077 -13.824846 -30.408907 34.929490 -5.322816 -23.651574 49.720197 -10.373587 -18.296581 11.921862 -24.912034 
113.686240 68.165219 -217.305446 7.810255 -49.966068 5.223111 -19.975463 -3.902406 9.841635 9.055312 -4.793421 1.413654 3.054585 9.861556 -3.888210 -0.000000 0.000000 0.000000 -3.673990 8.937278 5.973657 6.745735 25.681188 -5.895289 -17.607325 -14.639074 3.066411 -0.000000 0.000000 0.000000 -6.402658 -0.085639 2.003219 -14.822296 -3.543620 -2.516683 -3.752808 -1.434192 -2.275441 7.942706 -17.563036 7.310183 -5.687000 0.309086 9.823215 -0.000000 0.000000 0.000000 -2.185103 -11.446413 -10.728515 1.291193 -16.629542 -34.490991 18.903170 -20.239959 -1.627355 -10.935708 -0.858205 1.369978 -10.762492 14.228164 -13.614286 -31.049513 28.171900 -8.300785 -28.899410 49.471868 -8.082173 -23.278639 13.860714 -24.113533 
114.461470 68.433356 -218.853211 6.722084 -50.334415 4.637028 -20.482041 -3.855618 9.716445 18.201298 -3.713183 -0.510449 -0.821555 9.145995 -3.764921 -0.000000 0.000000 0.000000 -4.227932 8.983354 6.569775 6.257220 25.382033 -6.524633 -15.592823 -14.271605 4.086319 -0.000000 0.000000 0.000000 -6.665882 -0.022738 0.910093 -12.758802 -5.259030 -1.735572 -3.725312 -2.638995 -2.175171 10.292388 -18.769620 7.312119 -4.590616 -1.582617 10.231876 -0.000000 0.000000 0.000000 -0.263946 -13.559207 -10.456085 1.904005 -16.796689 -33.661993 22.046081 -18.636457 -2.063384 -6.887257 -4.917568 -0.733554 -9.353510 12.420140 -12.199754 -30.304106 20.571567 -12.599459 -32.322830 46.721159 -6.158064 -27.056891 16.401800 -22.067480 
115.290248 68.590039 -220.166826 5.333842 -50.601883 3.315687 -20.426272 -3.938806 9.622300 28.153644 -0.880611 -2.145368 -4.328397 10.554190 -2.523684 -0.000000 0.000000 0.000000 -4.597569 9.384821 7.354488 5.596037 25.122954 -6.514527 -13.534414 -14.155486 4.744739 -0.000000 0.000000 0.000000 -6.016657 -0.301287 0.320284 -11.956747 -6.358906 -0.717023 -3.475233 -3.758911 -2.090503 12.792400 -19.991406 7.390122 -2.184718 -2.386996 10.405588 -0.000000 0.000000 0.000000 1.212064 -13.970299 -11.306141 2.593357 -18.958009 -32.685192 22.856311 -19.172421 -1.992542 -8.664841 -11.811272 2.498085 -8.540037 9.398723 -9.313727 -27.794943 14.427173 -15.848497 -34.869771 42.554947 -3.982179 -30.280384 17.640764 -21.046566 
116.127312 68.644011 -221.288824 5.151187 -49.652558 2.705291 -20.778662 -4.346134 8.952708 37.577506 2.472872 -2.963018 -6.308236 13.523196 -0.945383 -0.000000 0.000000 0.000000 -5.772698 9.607883 8.312060 5.026763 24.263886 -6.532899 -11.805944 -14.523637 5.030366 -0.000000 0.000000 0.000000 -6.128590 -1.109212 -0.538929 -11.764746 -7.397994 0.283897 -2.775698 -5.262641 -1.644660 16.200782 -21.087146 7.407667 -0.302047 -1.923873 10.903051 -0.000000 0.000000 0.000000 2.755295 -12.840171 -12.445696 1.051229 -21.696555 -33.037961 18.447337 -22.222457 -1.397085 -14.663955 -15.082481 6.802806 -7.059592 5.113108 -6.198468 -24.561750 9.105605 -16.514339 -38.484521 38.514397 -0.612618 -34.853094 18.566530 -23.293412 
116.933656 68.626034 -222.329211 5.231497 -47.815237 2.104445 -20.216546 -4.826303 8.333513 44.808127 4.521681 -3.555660 -7.947175 15.643278 0.782661 -0.000000 0.000000 0.000000 -7.269655 9.350922 9.330095 4.733807 22.214016 -6.491885 -10.580207 -14.442899 5.354985 -0.000000 0.000000 0.000000 -6.928464 -1.986598 -1.806361 -10.663128 -8.705212 1.445209 -2.000416 -6.978192 -1.012769 19.956811 -21.181695 7.675623 1.213689 -1.425433 11.220721 -0.000000 0.000000 0.000000 3.808114 -11.291420 -13.389349 -2.235325 -24.821345 -34.710973 13.269753 -26.446621 -0.107529 -18.636643 -16.408925 10.005803 -5.218224 0.491969 -3.545073 -20.577973 4.310024 -13.316566 -40.078654 34.739894 0.711842 -38.615929 18.440636 -25.333609 
117.739892 68.609828 -223.508382 4.014931 -45.494863 0.430271 -17.444362 -4.443633 8.012362 48.785896 3.739263 -3.093025 -9.495269 15.886917 1.227535 -0.000000 0.000000 0.000000 -7.891970 8.839544 10.395744 4.379226 19.812998 -6.219261 -9.294790 -14.044181 5.474397 -0.000000 0.000000 0.000000 -6.716837 -3.051770 -3.290089 -8.695624 -10.281955 2.448680 -1.438834 -8.763812 -0.406418 23.863592 -19.960861 7.872163 2.775130 -1.001708 11.678569 -0.000000 0.000000 0.000000 4.461921 -10.512989 -13.635259 -5.190129 -27.598351 -35.619110 10.865035 -31.515163 2.128482 -20.239602 -17.342953 12.375571 -3.703064 -3.044095 -0.687094 -15.959804 0.508414 -6.769860 -40.358425 31.266523 1.135044 -40.557564 17.378254 -26.690420 
118.615937 68.608326 -224.947357 1.396509 -43.113401 -2.367947 -12.553089 -2.727685 8.357929 49.512253 0.472811 -1.473220 -10.023484 14.387560 -0.601353 -0.000000 0.000000 0.000000 -7.589397 7.875844 11.732763 4.228537 17.039947 -5.994986 -8.041950 -12.869100 5.537605 -0.000000 0.000000 0.000000 -4.374718 -4.332522 -4.604891 -6.981387 -11.659448 3.184758 -0.707892 -10.179688 0.612824 26.743221 -17.749486 7.276200 4.897164 -1.324240 12.023371 -0.000000 0.000000 0.000000 4.356200 -10.437651 -12.416295 -8.024771 -30.315852 -36.323186 10.043154 -36.230463 4.278879 -21.828040 -18.095602 13.339922 -2.401653 -5.042320 1.752226 -10.917831 -2.675431 1.743966 -39.896221 26.996497 2.131330 -42.536261 17.262008 -27.479035 
119.572937 68.525803 -226.572180 -1.173428 -40.877884 -5.203765 -6.754024 -0.289341 9.290723 47.262834 -4.431950 0.301422 -9.780471 12.245397 -2.894410 -0.000000 0.000000 0.000000 -7.572285 6.842627 13.064422 4.474328 14.608442 -5.390859 -6.841431 -11.693954 5.009336 -0.000000 0.000000 0.000000 -1.398294 -5.549316 -5.545490 -5.394940 -12.367927 3.926068 0.348905 -10.987813 2.128361 27.990549 -15.377793 5.539403 6.922368 -2.448076 12.115576 -0.000000 0.000000 0.000000 3.650158 -10.740432 -9.693448 -11.409221 -33.331297 -37.482165 9.889899 -40.421739 6.462454 -23.126829 -18.872350 15.097737 -0.843128 -5.946953 3.175413 -5.250103 -4.805419 11.049467 -37.223385 20.662478 2.455063 -44.506167 15.957085 -26.530009 
120.661962 68.265390 -228.335619 -2.910605 -38.945701 -7.324546 -1.493022 3.182875 10.132144 43.256935 -9.907851 2.466124 -11.806722 10.295245 -5.242513 -0.000000 0.000000 0.000000 -9.705775 3.562438 13.845339 7.748945 11.329167 -4.535733 -6.515858 -8.064025 5.549032 -0.000000 0.000000 0.000000 1.950564 -6.464584 -6.067090 -5.184958 -12.632173 4.229767 1.847190 -11.310325 4.006288 28.060279 -12.261179 3.391305 8.255171 -4.260315 11.851939 -0.000000 0.000000 0.000000 1.779616 -10.838430 -5.825407 -14.664391 -35.871708 -38.715405 10.840576 -44.797378 9.212115 -23.878544 -19.063122 17.191822 0.076971 -6.266519 3.493708 1.080264 -5.698354 20.887030 -31.787561 14.656018 3.442691 -44.637793 11.888357 -26.054386 
121.924007 67.909187 -230.285478 -2.494622 -36.568760 -7.981307 3.677714 2.458428 10.612669 35.244184 -14.258155 1.760597 -14.353212 11.115777 -5.853318 -0.000000 0.000000 0.000000 -12.277934 4.342524 14.619424 6.951905 9.152819 -3.488115 -4.349958 -9.419827 4.702107 -0.000000 0.000000 0.000000 3.804920 -7.217860 -6.564860 -4.923173 -12.723756 4.871071 2.398186 -11.420893 5.496596 28.448471 -9.691432 1.183480 9.100860 -5.057904 11.813231 -0.000000 0.000000 0.000000 0.644147 -11.056194 -1.923663 -17.696645 -38.518354 -38.153334 11.202809 -49.267938 11.970778 -24.598380 -19.654774 19.291142 1.661974 -6.154753 3.842155 9.219652 -3.768401 31.703585 -26.873042 11.188100 2.700960 -43.902225 8.921473 -27.795930 
123.329735 67.456436 -232.294774 -1.541304 -33.708364 -8.380750 7.260494 2.655540 11.032190 26.968998 -17.014272 2.650117 -17.044670 11.826093 -5.589818 -0.000000 0.000000 0.000000 -15.263773 3.854275 14.832634 6.129592 6.722109 -2.478060 -1.767511 -9.950114 4.612846 -0.000000 0.000000 0.000000 5.728745 -7.887674 -6.794971 -5.246218 -12.917220 5.633447 2.767195 -11.503389 7.196152 28.642077 -6.596635 -1.285140 10.096694 -5.570495 11.475206 -0.000000 0.000000 0.000000 -0.617983 -10.896553 2.125332 -20.907537 -40.332004 -37.244890 11.477260 -53.657436 15.061007 -25.747810 -20.043669 20.465732 2.558508 -6.441767 4.571279 14.346379 -0.247608 41.276831 -26.262053 8.235940 0.303310 -42.210960 4.715517 -29.627301 
124.800456 66.958541 -234.298468 -0.474505 -30.956192 -8.581164 9.651636 3.586521 10.913954 18.646016 -17.174799 4.519799 -20.542884 12.020689 -4.583085 -0.000000 0.000000 0.000000 -17.819502 3.591972 14.762659 4.325082 4.716202 -2.187070 1.548548 -10.750894 5.195231 -0.000000 0.000000 0.000000 7.562749 -8.560087 -6.795933 -5.967263 -13.086481 6.131613 3.010789 -11.704345 8.872981 29.335584 -3.425958 -3.722413 10.490729 -4.905683 10.629693 -0.000000 0.000000 0.000000 -1.431036 -10.090356 6.055689 -24.059924 -40.695726 -35.465231 10.674606 -57.964632 17.533495 -27.154666 -21.078973 20.662992 3.284978 -7.184556 4.843924 17.110155 3.904864 49.630491 -28.327977 5.947418 -0.775909 -43.268281 4.009697 -31.877481 
126.304376 66.509575 -236.171246 0.353646 -28.399711 -8.208453 11.160600 4.224805 9.741102 10.289434 -18.100992 5.945763 -21.504336 12.614425 -2.772688 -0.000000 0.000000 0.000000 -19.870028 2.651098 13.629880 2.728592 3.203385 -2.513189 4.989372 -10.892208 6.886113 -0.000000 0.000000 0.000000 9.393586 -9.237469 -7.374166 -6.935726 -13.448321 6.374441 3.492812 -12.064491 10.458426 30.054151 -0.542745 -5.504839 10.889674 -3.353599 9.736313 -0.000000 0.000000 0.000000 -2.193123 -9.033290 9.227343 -25.515325 -40.448627 -31.808805 8.482006 -61.835885 19.921708 -27.082012 -21.511224 22.875029 3.159478 -7.390690 5.064744 17.729514 7.807957 54.985212 -31.781905 1.346150 -0.828554 -44.494143 1.822828 -31.860791 
127.768767 66.218078 -237.810183 0.939624 -26.475878 -7.334909 12.395952 2.829185 7.153258 3.859253 -19.885748 7.527152 -20.678326 15.440033 0.219318 -0.000000 0.000000 0.000000 -20.881350 1.772902 11.748517 0.373941 2.869510 -3.271376 8.221111 -11.049202 8.959750 -0.000000 0.000000 0.000000 10.492593 -9.514683 -8.243153 -7.632219 -13.811330 6.310034 4.220338 -12.147782 11.584127 30.443193 1.612742 -6.604250 11.227703 -1.563582 9.451027 -0.000000 0.000000 0.000000 -3.146557 -7.941786 11.520169 -25.996778 -39.596943 -27.114708 3.545859 -65.205052 20.480893 -26.578016 -20.681652 26.511111 2.586795 -7.293409 5.085286 17.029910 11.282967 58.615039 -34.918048 -2.391776 -1.477953 -42.760358 -1.453483 -33.335149 
129.028666 66.078907 -239.109063 0.883981 -25.864896 -6.905204 13.833729 2.334013 5.162653 -1.397826 -19.936602 8.085439 -18.954282 17.129487 2.195298 -0.000000 0.000000 0.000000 -21.560983 0.581704 10.041182 -0.385780 2.907975 -3.923113 7.726863 -10.550352 10.211453 -0.000000 0.000000 0.000000 11.107265 -9.017227 -8.540311 -7.721974 -13.495625 6.118454 4.328329 -11.586902 12.308770 30.360326 2.567117 -7.189797 11.058768 -0.076752 9.526411 -0.000000 0.000000 0.000000 -4.446414 -6.983467 13.495986 -26.542036 -38.024257 -23.406358 -4.087767 -67.482351 18.754433 -26.283645 -19.794320 29.643072 2.018610 -7.603579 4.487059 16.297350 10.998017 60.037696 -38.289222 -3.916204 -2.498759 -39.746923 -5.742162 -29.929611 
129.995668 66.220039 -240.037799 -0.019840 -25.052723 -6.968139 14.925618 2.067963 4.747551 -4.396823 -21.501656 7.501248 -16.998974 17.704525 2.787706 -0.000000 0.000000 0.000000 -21.812505 1.138930 8.269942 0.771602 1.917715 -3.619128 2.011028 -11.817688 10.959944 -0.000000 0.000000 0.000000 12.089921 -8.353840 -8.173562 -8.333830 -12.761849 5.677063 3.932324 -10.613906 12.645310 30.727369 2.782284 -6.908623 10.025577 -0.381565 9.843589 -0.000000 0.000000 0.000000 -5.270613 -6.410159 14.299127 -27.107641 -36.661318 -19.798943 -10.682419 -67.966819 17.431782 -24.649709 -19.383162 34.654370 2.049974 -7.511367 4.174943 17.340320 8.284587 58.422027 -36.057586 -3.364693 -0.777623 -41.194712 -5.457302 -27.747090 
130.825090 66.525900 -240.902042 -0.409562 -24.955342 -6.070618 13.611419 0.752229 3.848089 -3.670712 -22.432731 6.085616 -16.111553 18.937606 4.100111 -0.000000 0.000000 0.000000 -22.286639 1.590830 6.432544 2.021793 2.279028 -4.116762 -3.589890 -12.755779 11.468272 -0.000000 0.000000 0.000000 12.147271 -7.377276 -8.491263 -8.886127 -11.589623 5.360670 3.639117 -9.354696 12.591078 30.573738 2.569731 -6.435051 9.342544 -1.315857 10.504007 -0.000000 0.000000 0.000000 -6.058400 -5.448353 14.048886 -27.487619 -35.932475 -16.648857 -18.208955 -67.814850 15.297863 -22.656167 -18.680441 40.424214 2.681699 -6.869787 5.116767 19.049530 7.218932 56.040370 -30.540532 0.086503 0.322811 -37.939010 -2.627271 -29.136950 
131.531918 66.834253 -241.644669 -1.231439 -25.449789 -5.387458 12.627613 1.167514 2.541930 -2.543977 -22.475403 5.406756 -15.394177 18.817827 4.398711 -0.000000 0.000000 0.000000 -22.430881 1.158238 4.905995 3.158375 2.734695 -5.017927 -7.863170 -12.431733 11.594117 -0.000000 0.000000 0.000000 12.517274 -6.268580 -8.462056 -9.163486 -9.931770 4.848380 3.645145 -7.771677 12.235486 30.293845 1.913773 -5.920889 8.942754 -2.157564 11.138023 -0.000000 0.000000 0.000000 -6.875630 -4.478221 13.163162 -28.121574 -35.027376 -14.962798 -25.054800 -67.338599 13.994081 -22.480165 -17.913032 44.073164 3.382812 -6.152897 6.408490 20.559415 6.264306 53.783881 -23.679108 4.229610 -0.095342 -32.266117 -1.243761 -29.679189 
132.220471 67.072493 -242.418718 -1.755469 -25.715410 -5.151110 11.893526 1.287737 1.673407 -2.110613 -22.781006 5.389832 -14.516848 18.932809 4.708369 -0.000000 0.000000 0.000000 -21.130532 0.773138 3.815785 1.990928 3.145790 -5.502143 -7.942145 -12.377848 11.784261 -0.000000 0.000000 0.000000 13.531179 -5.547247 -7.501692 -9.516094 -8.081157 4.605147 3.814480 -6.259669 11.414475 30.165958 0.415074 -5.650473 8.865367 -2.149781 11.452979 -0.000000 0.000000 0.000000 -7.146894 -3.270346 11.463183 -28.381310 -33.564368 -13.782725 -30.452296 -67.375886 13.771614 -23.420497 -16.704462 46.716696 4.018786 -5.279303 7.781492 21.446552 5.046575 51.331847 -18.005409 7.558269 -1.189662 -28.053672 -1.531227 -28.459387 
132.851899 67.249310 -243.102527 -2.491775 -25.445970 -5.420153 11.771316 1.052748 1.330887 -2.197163 -23.254536 5.492028 -13.678498 19.275680 4.803451 -0.000000 0.000000 0.000000 -17.865380 0.814037 2.816469 -0.035885 3.142218 -5.171364 -5.629073 -12.168293 11.078420 -0.000000 0.000000 0.000000 14.805252 -5.109234 -5.725234 -9.356749 -6.314447 4.305665 4.174813 -4.955947 10.112391 29.851146 -1.680357 -5.352308 8.904430 -1.294256 11.375916 -0.000000 0.000000 0.000000 -7.502654 -2.145113 9.421470 -28.355383 -31.329294 -13.353370 -34.400182 -67.454407 14.094527 -23.708573 -15.254905 48.643074 4.003287 -4.536501 8.337943 20.384324 2.414796 48.704070 -15.686683 8.808550 -0.236825 -25.864001 -1.747170 -27.169609 
133.391690 67.397922 -243.711710 -2.671957 -24.662255 -5.472376 11.230125 0.767929 1.343295 -2.490617 -23.922839 5.309783 -12.704400 19.397583 4.712876 -0.000000 0.000000 0.000000 -16.597947 0.944692 1.773310 2.717396 3.164298 -4.754359 -6.099114 -11.259844 9.307829 -0.000000 0.000000 0.000000 15.279806 -4.778391 -4.122954 -9.082893 -5.014356 4.190342 4.270010 -4.086049 8.655569 29.937108 -3.650055 -4.884732 9.020406 -0.327317 10.985170 -0.000000 0.000000 0.000000 -6.980958 -1.145943 7.058272 -27.547814 -28.602586 -13.118444 -36.625319 -67.595029 15.336051 -23.448328 -14.240711 51.082125 4.023936 -4.236311 8.900024 18.680455 -0.341816 45.643148 -14.477882 9.832661 0.895678 -26.298900 -1.442411 -24.950653 
133.858824 67.569381 -244.212532 -2.565472 -23.226396 -5.139917 10.397690 0.364437 1.323213 -2.751273 -24.793295 4.991575 -11.583042 19.123548 4.396390 -0.000000 0.000000 0.000000 -16.499776 1.627009 0.947093 8.789819 4.151008 -4.976835 -9.269615 -12.783966 9.289162 -0.000000 0.000000 0.000000 15.209050 -4.872431 -2.851756 -9.157994 -4.057648 3.987877 4.452480 -3.804620 7.199462 29.446139 -5.541703 -4.362695 9.380976 0.779000 10.642254 -0.000000 0.000000 0.000000 -6.172943 0.395070 4.470073 -26.291326 -25.887420 -13.054513 -37.876686 -67.531575 16.262174 -24.187336 -14.217242 52.396693 3.241519 -4.415293 9.266325 16.838027 -2.464830 42.537360 -16.197522 11.075910 1.789941 -26.120186 -2.158103 -23.787946 
134.192383 67.699087 -244.661999 -2.158774 -21.816821 -5.003729 9.318870 0.206326 1.746792 -2.967355 -25.376486 4.608216 -10.738953 18.536693 3.869812 -0.000000 0.000000 0.000000 -15.726021 2.258144 0.404787 13.943314 4.735090 -4.351790 -12.575214 -12.223436 7.164732 -0.000000 0.000000 0.000000 14.489253 -4.876082 -1.645818 -9.165248 -3.462203 3.919876 4.249356 -3.571407 5.951377 29.271189 -6.836760 -3.551817 9.315232 1.078623 10.021805 -0.000000 0.000000 0.000000 -4.922846 1.908372 2.022903 -24.858216 -22.582122 -14.051362 -38.086730 -67.631358 17.171504 -26.246702 -14.142630 51.821195 3.131014 -4.834913 9.989535 14.264490 -4.258804 38.922039 -16.180348 12.544121 2.405454 -26.102723 -1.345131 -23.345413 
134.463310 67.783010 -245.042658 -1.871788 -20.986513 -4.656545 8.394402 -0.118450 1.602673 -2.855147 -25.538687 4.532786 -10.099919 18.061160 3.640371 -0.000000 0.000000 0.000000 -14.026086 1.792618 0.412294 17.640980 5.143557 -3.708063 -15.648785 -11.911950 5.619206 -0.000000 0.000000 0.000000 13.459733 -4.623961 -1.001925 -8.772841 -2.785649 3.871961 4.107247 -3.325068 4.964746 28.638365 -7.929746 -2.585066 9.324068 0.991583 9.460032 -0.000000 0.000000 0.000000 -3.606368 3.869286 -0.401327 -23.062642 -19.916012 -16.392336 -38.796575 -68.346373 17.114173 -29.966230 -15.284607 50.779949 2.880753 -5.390241 11.017516 11.659227 -4.779444 35.334499 -16.826910 13.943303 2.724195 -25.264875 -0.208596 -23.722167 
134.655190 67.802781 -245.398188 -1.520677 -20.544986 -4.074390 7.707767 -0.744365 1.152142 -3.053460 -24.934352 4.539048 -9.417882 17.476539 3.452736 -0.000000 0.000000 0.000000 -11.764180 0.502505 1.309594 19.498503 4.154180 -3.046723 -17.306274 -13.196475 4.306387 -0.000000 0.000000 0.000000 11.956439 -4.110256 -0.851282 -7.718094 -2.216362 3.903330 3.887359 -3.074866 4.205839 28.175210 -9.093147 -1.564863 9.011726 0.874429 8.990649 -0.000000 0.000000 0.000000 -1.920549 5.549670 -2.831020 -21.396981 -17.532629 -19.754216 -38.040467 -68.970328 18.362349 -34.167533 -15.486450 48.895661 2.785613 -5.495793 12.000320 9.091738 -4.270791 32.748480 -17.694497 15.249039 2.297968 -24.945053 0.788838 -23.733231 
134.757471 67.791212 -245.706248 -1.136577 -20.404512 -3.446251 7.286577 -1.558801 0.615937 -3.580642 -23.669546 4.623607 -8.788565 16.837760 3.159670 -0.000000 0.000000 0.000000 -8.722625 -1.105802 2.778567 19.509871 3.175913 -2.679932 -18.164532 -14.943501 2.942564 -0.000000 0.000000 0.000000 10.030109 -3.297029 -0.823340 -6.066833 -1.747086 3.921635 3.664282 -2.764873 3.546261 27.652760 -10.171933 -0.566761 8.791951 0.827968 8.576629 -0.000000 0.000000 0.000000 -0.164929 6.821218 -5.170862 -19.370759 -15.098272 -24.052306 -35.978302 -69.093696 20.191967 -37.898955 -15.662915 46.477949 2.670615 -5.120599 12.740709 6.462107 -3.144798 31.445369 -19.045605 16.218059 1.447526 -24.624566 1.135589 -23.211740 
134.789944 67.788529 -246.004796 -0.264282 -20.819259 -2.753236 6.519656 -2.763980 -0.078840 -3.973671 -21.732209 5.321554 -8.366607 16.424190 2.570117 -0.000000 0.000000 0.000000 -5.879037 -2.385085 4.220889 16.831475 2.455342 -2.676541 -18.973985 -16.147293 2.369370 -0.000000 0.000000 0.000000 7.878833 -2.222833 -0.563925 -4.619621 -1.277732 3.794719 3.291574 -2.340936 2.827374 27.177376 -11.019377 0.284101 8.471654 0.667555 8.353702 -0.000000 0.000000 0.000000 1.385710 8.101830 -7.652569 -16.451573 -12.805414 -28.720325 -32.978481 -68.354953 21.521032 -40.961518 -16.277295 43.443173 2.579646 -4.820615 13.622890 3.801398 -1.522658 30.866697 -20.479686 17.474812 0.953309 -24.281293 1.308507 -23.051935 
134.733570 67.855674 -246.274686 0.725317 -21.656377 -2.632159 4.747722 -2.706718 -0.213470 -2.449775 -18.928947 6.420807 -8.939925 14.662901 1.401093 -0.000000 0.000000 0.000000 -2.919920 -3.175837 5.544124 9.958501 3.345304 -3.104671 -17.187656 -15.659662 3.177468 -0.000000 0.000000 0.000000 6.158548 -1.120124 0.287767 -3.718276 -0.918765 3.606263 2.909530 -1.737675 2.417453 26.445476 -11.997307 0.668313 7.718932 0.781642 8.248092 -0.000000 0.000000 0.000000 2.547608 9.110853 -10.206701 -12.474174 -10.186840 -33.530877 -29.190207 -66.000760 22.521266 -41.100740 -15.841828 41.598515 2.757136 -3.744052 14.486765 1.229294 0.366939 30.657273 -22.372988 18.536631 1.291107 -24.033945 1.986546 -22.998311 
134.671485 67.913252 -246.713805 2.056863 -22.960472 -2.449112 -0.091871 -3.220476 -0.155798 4.043151 -15.558062 6.999378 -11.592393 13.275933 1.329080 -0.000000 0.000000 0.000000 -1.391378 -3.378261 6.134769 3.506216 6.051251 -3.260036 -13.721779 -15.673906 3.411775 -0.000000 0.000000 0.000000 5.173083 0.052616 1.337177 -3.711676 -0.449886 3.182297 2.733822 -1.241820 2.057798 24.278370 -13.020626 0.851688 7.063463 1.260851 8.238454 -0.000000 0.000000 0.000000 3.428649 9.812999 -12.264829 -8.203156 -7.760577 -38.184005 -26.427204 -61.728509 21.474022 -42.268522 -13.793227 36.607236 2.783255 -2.414205 14.697541 -0.828380 3.416051 31.916926 -23.935505 19.248296 1.523255 -23.968360 1.671548 -22.696562 
134.493816 67.933887 -247.181821 2.042822 -24.452629 -2.794023 -4.532872 -2.650844 0.642735 11.846615 -13.419390 6.324176 -14.224117 12.076420 0.908567 -0.000000 0.000000 0.000000 -0.182237 -4.970693 6.874585 0.259270 6.490189 -3.237080 -11.480605 -14.055960 3.977363 -0.000000 0.000000 0.000000 6.428782 1.336507 2.397369 -4.798824 -0.082448 2.510007 2.780199 -0.792401 1.952213 21.394487 -13.813613 0.772245 5.372655 1.311573 8.521968 -0.000000 0.000000 0.000000 4.335942 9.617194 -13.223672 -4.311110 -5.510278 -43.316847 -25.251303 -56.471470 17.840522 -45.810815 -12.159110 34.768470 2.502447 -0.503506 13.833503 -3.135970 5.796729 34.405136 -23.427938 20.087755 2.297050 -25.263021 2.213051 -22.411510 
134.269547 67.985988 -247.608876 1.757656 -26.253542 -3.183508 -8.739964 -2.545792 2.438939 18.914876 -10.523672 3.313253 -15.123104 11.131645 0.956009 -0.000000 0.000000 0.000000 -0.186267 -4.597211 7.011848 -0.055993 8.726965 -2.529091 -10.136334 -13.851853 2.467903 -0.000000 0.000000 0.000000 6.939235 2.690279 3.522064 -4.207232 0.324170 1.944784 2.665213 -0.567071 1.671833 17.294310 -15.399641 0.363384 3.399333 2.291016 8.750207 -0.000000 0.000000 0.000000 5.102379 8.591959 -14.460524 -1.507332 -4.410455 -47.096522 -25.391276 -50.765530 13.198513 -48.308406 -5.095438 33.071411 2.262949 1.983988 12.800093 -4.705649 9.650139 36.811595 -23.117281 20.760064 3.011576 -26.031427 1.681358 -22.083808 
133.943117 68.111044 -247.988868 1.262647 -27.753612 -2.772248 -12.654255 -2.606509 3.641079 25.582012 -7.569707 -0.027501 -14.192211 10.542169 0.531985 -0.000000 0.000000 0.000000 -0.623356 -2.307493 6.719993 1.126781 10.077928 -2.524870 -10.739450 -15.339796 2.103642 -0.000000 0.000000 0.000000 7.579385 3.570346 3.282180 -3.972170 0.842234 1.481147 1.969658 -0.238813 1.522213 15.225708 -16.351077 0.467385 1.137883 2.266850 8.920996 -0.000000 0.000000 0.000000 5.405164 7.336844 -14.752586 1.763045 -3.543821 -49.687542 -21.677017 -45.170326 8.798627 -47.884154 5.631219 29.402438 2.522251 5.061063 11.550541 -5.643565 12.786831 39.659303 -20.344062 21.893254 2.781865 -25.536616 -0.115807 -20.002090 
133.612084 68.235934 -248.374844 0.801090 -28.558685 -1.622741 -15.835796 -3.220176 3.931670 30.476085 -4.848865 -2.610560 -12.134329 10.455746 -0.397898 -0.000000 0.000000 0.000000 -1.623951 -1.146069 5.756102 2.958214 6.978030 -2.790522 -11.580871 -13.151988 1.019857 -0.000000 0.000000 0.000000 8.542098 4.822587 2.117587 -4.035766 0.416503 0.700746 1.344957 0.171113 1.268598 13.297275 -15.313565 1.221783 -0.118630 0.635691 9.623182 -0.000000 0.000000 0.000000 5.065738 4.798534 -13.837609 4.230724 -2.411970 -51.619428 -15.971995 -38.905963 5.756744 -42.149745 12.703163 19.584043 2.566570 7.785839 10.389817 -7.191283 14.982109 43.331635 -12.599713 23.727053 0.889592 -22.945963 -1.686953 -16.319971 
133.558416 68.402499 -248.657751 0.623423 -29.374482 -0.227405 -18.214802 -3.492060 3.241622 33.245269 -2.689036 -3.160186 -12.213956 10.871931 0.158972 -0.000000 0.000000 0.000000 -1.698736 -0.718206 5.199998 2.952961 8.020893 -4.487002 -10.920267 -14.143368 2.918842 -0.000000 0.000000 0.000000 9.871447 5.579942 1.329599 -4.605254 0.918181 0.016345 1.484746 0.405480 0.755045 9.953074 -14.624987 1.388633 -0.269991 -0.488286 10.025922 -0.000000 0.000000 0.000000 4.126879 3.622029 -13.341465 6.585015 -4.991141 -52.376847 -8.880902 -33.501982 3.290363 -40.388293 10.517602 17.274704 1.226965 9.337087 9.456444 -6.492176 19.384662 46.339595 -5.513575 26.123263 -1.301323 -18.077323 -1.668685 -14.202411 
133.546555 68.535519 -248.757958 0.431901 -29.480250 0.688434 -19.131000 -4.463244 2.700198 33.087335 -0.994349 -3.055358 -12.963675 11.436672 1.037274 -0.000000 0.000000 0.000000 -1.468345 1.275376 4.427344 2.677846 7.098701 -4.800278 -10.728737 -15.197838 3.281905 -0.000000 0.000000 0.000000 11.119163 5.640639 0.581376 -5.429926 0.863804 -0.566313 1.687471 0.357928 0.882609 7.830593 -13.840808 1.696178 -1.223616 -0.748273 9.990983 -0.000000 0.000000 0.000000 4.963985 1.235782 -13.494129 7.303087 -5.817917 -53.978930 -3.233058 -31.560206 3.371306 -35.924708 8.948157 15.972776 0.796319 11.407392 8.408671 -7.122545 22.197569 49.136075 3.453943 29.568207 -4.248659 -11.493702 -1.103989 -12.546343 
133.538938 68.604600 -248.648477 0.415827 -29.398065 1.160337 -19.125035 -4.985790 2.192232 30.618330 0.071494 -1.837541 -12.692378 11.547943 1.191326 -0.000000 0.000000 0.000000 -0.719698 0.738945 3.849079 1.399585 5.587910 -5.073738 -9.903138 -13.114601 3.530497 -0.000000 0.000000 0.000000 11.618931 5.913983 0.131056 -5.565472 0.602307 -0.944817 1.584340 0.497261 1.166150 5.744491 -12.613237 1.809453 -1.849113 -1.761819 9.973360 -0.000000 0.000000 0.000000 4.450560 0.004608 -12.956682 7.649844 -6.268177 -55.942073 1.105346 -30.771846 4.387082 -30.788723 7.297177 14.548533 0.353202 12.725664 7.125606 -7.521905 24.239723 52.219547 12.858358 33.488666 -9.297457 -4.958758 -0.533226 -11.162463 
133.571780 68.518937 -248.328209 1.353718 -29.448503 1.699334 -19.040366 -6.468633 1.452496 26.322615 0.849326 -0.653958 -11.377794 11.885708 1.234061 -0.000000 0.000000 0.000000 -1.850487 2.353189 3.739869 2.515471 6.569485 -5.127889 -10.670479 -15.336333 2.844272 -0.000000 0.000000 0.000000 10.406286 6.178089 -0.338105 -5.550957 0.610426 -0.902137 2.145738 0.651878 1.502776 3.194464 -12.208289 1.752982 -1.768065 -2.299087 9.907521 -0.000000 0.000000 0.000000 4.365916 -0.188765 -12.476025 7.250888 -7.565049 -56.880985 5.055058 -31.942410 5.452375 -27.319167 5.301137 15.023366 -0.239257 12.859132 6.669124 -7.092573 27.061952 54.084822 20.213165 37.085597 -15.233914 0.102185 0.708401 -10.376631 
133.554780 68.447685 -247.781825 1.683425 -30.476067 1.418588 -17.188388 -5.916695 1.261730 19.938477 -0.136430 1.376108 -8.249311 11.367459 -0.019416 -0.000000 0.000000 0.000000 -1.106494 0.491634 3.223071 1.010724 5.043971 -4.199178 -10.294226 -11.464599 4.414469 -0.000000 0.000000 0.000000 9.749908 6.760933 -0.620398 -5.499715 0.782933 -0.715505 1.729313 1.453049 1.785463 2.262008 -10.273820 1.948359 -2.310980 -4.722450 9.590813 -0.000000 0.000000 0.000000 3.801033 -0.566608 -12.143531 7.893884 -7.921953 -56.465053 9.700037 -34.531575 6.366532 -22.951477 2.839403 15.218088 -0.040147 13.041881 7.429859 -6.517355 26.751462 54.643881 27.107417 41.293178 -20.802854 2.633391 2.317261 -11.448772 
133.531308 68.315965 -247.152662 1.790467 -31.351860 0.923080 -14.670698 -4.757607 1.390854 12.507991 -2.216220 3.013416 -4.356970 10.069628 -1.266996 -0.000000 0.000000 0.000000 -0.739987 -0.490966 3.037755 0.991500 4.680217 -3.575091 -10.842288 -9.008367 4.301226 -0.000000 0.000000 0.000000 8.704608 7.461090 -0.980311 -3.897315 0.788097 -0.214017 0.928395 2.257692 1.540317 0.549935 -6.543387 3.029917 -2.191817 -9.105389 7.708523 -0.000000 0.000000 0.000000 1.487963 0.753355 -11.386425 9.560465 -10.872666 -54.735687 15.841961 -36.714790 7.863987 -20.071136 -0.245497 14.172534 -1.346677 10.927460 9.248006 -4.999310 28.040079 54.506802 31.142174 44.868259 -24.384782 0.350831 3.298675 -12.281361 
133.548224 68.168229 -246.546507 2.200700 -31.875888 0.580518 -12.436998 -4.395184 1.504515 5.785087 -3.529809 4.458850 -2.560753 9.285387 -2.568099 -0.000000 0.000000 0.000000 -0.607542 -0.464936 3.070251 0.922364 4.273742 -3.250232 -11.385255 -8.192506 4.925712 -0.000000 0.000000 0.000000 7.914463 7.386879 -1.234897 -3.841781 0.817562 -0.103551 0.524449 2.808168 1.546985 0.151916 -4.753853 3.199921 -2.074912 -10.657447 6.950174 -0.000000 0.000000 0.000000 1.073728 0.885941 -11.288076 10.122038 -12.015870 -52.613400 20.568704 -39.706599 9.236665 -15.798374 -3.068069 13.145332 -1.409201 10.338400 10.177605 -3.705885 28.322055 54.811489 32.369757 47.863732 -26.138162 -2.542876 4.628823 -12.338459 
133.554626 68.068600 -245.972395 2.552185 -31.877393 0.330168 -10.643901 -4.177793 1.450249 0.902151 -4.470367 5.586499 0.129949 8.534842 -2.736243 -0.000000 0.000000 0.000000 -0.342119 -0.423055 3.147842 0.740304 4.011710 -3.091387 -11.685020 -7.984903 5.155701 -0.000000 0.000000 0.000000 7.013935 6.918601 -1.611932 -3.678008 0.526909 -0.038585 0.406397 2.881132 1.667376 -0.107346 -3.611491 3.083741 -2.103199 -11.000917 6.554179 -0.000000 0.000000 0.000000 1.582260 0.232862 -11.379466 9.800386 -12.727291 -51.007063 23.610687 -42.230816 10.638915 -12.737439 -4.688484 12.330006 -1.250296 10.317685 10.669711 -2.494249 28.438768 55.004121 33.511278 50.027852 -27.130305 -4.255428 5.230655 -12.090515 
133.528006 68.006599 -245.426297 2.782397 -31.365108 0.315168 -9.399803 -4.081518 1.231981 -1.199770 -5.225070 5.736243 0.529870 8.603203 -1.918634 -0.000000 0.000000 0.000000 0.092835 -0.286247 3.219340 0.600374 3.951819 -3.354692 -12.080551 -8.509696 5.286512 -0.000000 0.000000 0.000000 6.146026 6.312354 -2.014655 -3.567194 0.042854 -0.022524 0.380691 2.779630 1.622758 -0.043701 -3.073950 2.915321 -2.198828 -10.966827 6.472565 -0.000000 0.000000 0.000000 1.544738 -0.319068 -11.119702 9.480452 -13.563904 -50.054268 25.554307 -43.917581 11.401453 -12.001621 -4.510425 10.926566 -1.168817 10.104245 10.922870 -1.036178 28.463608 55.086186 35.479245 51.205439 -28.086146 -4.813476 5.381101 -11.085089 
133.417821 67.993069 -244.918036 2.626437 -31.074534 0.442806 -8.208121 -4.001496 1.067007 -2.460084 -5.376897 5.251090 0.633109 8.497241 -1.317419 -0.000000 0.000000 0.000000 0.729633 -1.105443 2.804559 0.580237 3.171006 -3.382820 -12.447597 -7.562836 5.907016 -0.000000 0.000000 0.000000 5.635123 5.831584 -2.591652 -3.426892 -0.396747 -0.010288 0.272062 2.668447 1.533232 0.221905 -2.638495 2.788701 -2.278808 -11.054713 6.572317 -0.000000 0.000000 0.000000 1.184257 -0.821413 -10.798571 9.062688 -14.452003 -49.593458 26.163172 -44.756572 11.408121 -12.368770 -3.858704 8.975680 -0.906262 9.851754 11.310190 0.314935 27.928761 54.864478 38.419527 51.399732 -29.321801 -4.075745 5.909061 -8.816175 
133.328891 67.984170 -244.459295 2.612642 -30.729184 0.933161 -7.640196 -4.684515 0.868535 -2.907407 -5.502058 4.161123 0.456536 9.065212 -0.782000 -0.000000 0.000000 0.000000 0.300969 -0.301865 2.375862 2.454721 3.262170 -3.811999 -13.863215 -8.776249 5.787461 -0.000000 0.000000 0.000000 5.035049 5.332889 -3.437462 -3.269343 -0.745436 0.076282 0.366850 2.382323 1.405346 0.194283 -2.514306 2.722656 -1.811394 -10.853646 6.661476 -0.000000 0.000000 0.000000 1.162904 -1.337115 -10.777547 8.056104 -15.468543 -49.152096 26.174811 -44.655947 11.322192 -12.836727 -3.698251 6.486885 -0.733802 9.476339 12.006055 1.726609 27.372469 54.252201 39.445054 50.580300 -29.136812 -4.157459 6.830825 -5.088112 
133.335149 67.945278 -244.030023 2.330536 -30.816743 1.408263 -6.994804 -5.549419 0.414680 -3.045863 -5.609330 3.181640 0.156172 10.160056 -0.003405 -0.000000 0.000000 0.000000 -0.089823 0.627126 1.722941 4.648799 3.270019 -4.177812 -15.585449 -9.807698 5.794885 -0.000000 0.000000 0.000000 5.055956 4.904975 -4.326769 -3.250364 -0.849731 0.023120 0.661333 2.138752 1.150329 0.115937 -2.291145 2.685421 -1.318973 -10.702411 6.645873 -0.000000 0.000000 0.000000 0.835478 -1.652010 -10.662910 6.974367 -16.524462 -48.610869 25.685979 -44.053073 10.689762 -12.891880 -3.640904 4.486163 -0.658087 9.027823 12.676587 2.805686 26.546374 53.884851 36.740056 49.146999 -25.914036 -5.477772 6.716711 -2.198029 
133.506942 67.884445 -243.571091 1.705801 -31.187058 1.581157 -6.447163 -5.690575 -0.050779 -2.468001 -5.453361 2.090799 -0.730405 10.646117 1.283484 -0.000000 0.000000 0.000000 -0.666119 1.044389 0.841168 7.591365 3.619127 -4.313250 -17.449253 -10.374661 6.120103 -0.000000 0.000000 0.000000 5.712517 4.421940 -4.997048 -3.158086 -0.826334 -0.184472 1.079873 1.824910 0.829801 -0.043431 -1.896799 2.633384 -1.098433 -10.499549 6.478091 -0.000000 0.000000 0.000000 0.578512 -2.082235 -10.667894 5.664138 -16.982155 -47.736406 26.077090 -42.857002 11.144105 -12.283723 -3.328651 1.776651 -0.557501 8.753356 13.361441 3.343925 25.401264 53.358868 33.387496 46.131086 -22.093280 -5.140897 5.505880 -1.520945 
133.721399 67.842376 -243.110132 1.151449 -31.452789 1.381462 -5.910877 -5.555530 -0.063647 -2.079990 -5.598787 0.965079 -1.448565 10.900554 2.537710 -0.000000 0.000000 0.000000 -1.531313 0.895469 0.289390 10.760824 3.841908 -4.356302 -18.823679 -10.521668 6.558461 -0.000000 0.000000 0.000000 6.380559 3.879840 -5.443399 -3.142089 -0.948707 -0.187561 1.581965 1.466171 0.732788 -0.160157 -1.423701 2.452978 -1.231723 -10.218596 6.348845 -0.000000 0.000000 0.000000 0.290353 -2.499399 -10.399415 4.375659 -17.125517 -46.943397 25.718578 -41.112876 10.753685 -11.428731 -2.786503 1.149353 -0.457348 8.470515 13.892771 3.592087 24.013501 52.519011 31.396478 41.487816 -19.416498 -1.013944 3.969507 -3.635971 
133.840656 67.859066 -242.557216 0.474259 -31.079894 0.869671 -5.051579 -5.425588 -0.040931 -1.966585 -6.727195 0.347555 -1.996945 11.427384 3.473503 -0.000000 0.000000 0.000000 -2.590708 0.167711 -0.006051 14.607206 4.282578 -4.372151 -19.449857 -10.845048 6.967568 -0.000000 0.000000 0.000000 6.818670 3.259580 -5.623039 -3.280796 -1.375979 0.103078 2.072919 1.011910 0.819286 -0.165410 -0.993134 2.220263 -1.442431 -9.867510 6.227272 -0.000000 0.000000 0.000000 -0.162395 -2.730604 -9.754019 3.436954 -17.352980 -45.716498 24.579484 -38.634950 9.088880 -10.686105 -2.853753 3.523585 -0.543500 7.931856 14.187916 3.803038 22.394329 51.246262 28.799422 35.878914 -16.184736 3.024825 3.004766 -6.733877 
133.994412 67.977542 -242.003512 -0.405851 -31.341957 -0.171932 -4.027267 -4.547289 0.134306 -1.588939 -8.073050 0.375622 -2.601285 12.101095 3.989507 -0.000000 0.000000 0.000000 -4.343672 0.102277 0.250939 19.567286 4.977796 -4.512890 -18.675633 -11.590308 7.249580 -0.000000 0.000000 0.000000 7.596412 2.424779 -4.875113 -4.030996 -1.418764 0.608711 2.191554 0.809591 0.990527 -0.257842 -0.702410 1.938759 -1.643460 -8.841617 5.964167 -0.000000 0.000000 0.000000 -0.571026 -2.935899 -9.188975 3.030738 -16.988830 -43.711549 23.189667 -35.650750 7.111347 -8.467557 -3.377485 8.561543 -0.776498 7.656443 13.897149 3.684141 20.430666 49.266066 23.306556 29.974264 -10.978762 3.656695 2.796497 -10.452731 
134.036732 68.138248 -241.395307 -1.588177 -31.383936 -1.620508 -2.659949 -3.467160 0.561382 -1.122163 -9.762565 0.634586 -3.296200 12.753539 4.155000 -0.000000 0.000000 0.000000 -5.644159 0.188101 0.896119 23.736647 4.848278 -4.070432 -17.391042 -12.496312 6.782565 -0.000000 0.000000 0.000000 8.403662 1.558848 -3.739560 -4.765612 -1.674695 1.201772 2.042811 0.586361 1.224374 -0.284012 -0.223637 1.809297 -1.848858 -7.752897 5.565472 -0.000000 0.000000 0.000000 -0.724587 -3.377308 -8.807751 3.312966 -15.502237 -40.527581 23.512059 -32.614661 6.423807 -2.344822 -3.558508 13.963641 -1.063643 7.599069 13.372386 2.987638 17.536300 46.919117 17.073707 23.854371 -6.388397 2.868376 2.611098 -13.831705 
134.039342 68.290383 -240.848732 -2.469406 -31.379905 -3.002957 -1.512303 -2.510640 1.053003 -0.790100 -11.283195 1.104919 -3.979528 13.311775 4.113266 -0.000000 0.000000 0.000000 -6.542543 0.101250 1.715716 25.269406 4.645572 -2.918101 -17.437403 -13.086971 6.009040 -0.000000 0.000000 0.000000 9.081527 0.928338 -2.612745 -5.487190 -1.980765 1.710629 1.838060 0.363081 1.445831 -0.463901 0.546479 1.865652 -1.725938 -7.219348 4.999159 -0.000000 0.000000 0.000000 -0.783399 -3.740463 -8.314899 3.426672 -13.609538 -36.932287 24.027453 -29.126985 5.885446 4.406939 -3.184178 16.207907 -1.388201 7.223813 12.790195 1.499340 14.038490 44.302074 10.196409 17.890787 -3.374409 1.239952 2.800489 -16.040037 
133.985281 68.393534 -240.315795 -2.803647 -30.961932 -3.941056 -0.926877 -1.788046 1.360971 -0.363560 -12.847742 1.758835 -4.500125 13.696321 4.290896 -0.000000 0.000000 0.000000 -6.951024 -0.508881 2.675753 23.745051 5.278785 -2.062023 -16.998649 -13.521629 6.284152 -0.000000 0.000000 0.000000 9.375782 0.576436 -1.754033 -6.289688 -2.367922 2.077425 1.794701 0.072266 1.528349 -0.352319 1.076954 1.653893 -1.479176 -7.028885 4.490719 -0.000000 0.000000 0.000000 -1.220608 -3.429720 -7.236124 3.113489 -12.446516 -33.753123 23.152926 -25.372994 3.644622 7.744805 -1.993487 16.605283 -1.893393 5.805868 11.889814 -0.416248 10.723409 41.485862 2.355819 12.803465 -1.154175 -1.677257 2.410992 -17.952008 
133.902788 68.449980 -239.864087 -2.855620 -30.837371 -4.521147 -0.635789 -1.298507 1.522988 0.033211 -14.012471 2.348973 -5.034501 14.206942 4.429629 -0.000000 0.000000 0.000000 -6.831059 -0.859455 3.766449 19.760732 6.725342 -1.842613 -14.676044 -13.912844 7.281873 -0.000000 0.000000 0.000000 9.332843 0.422504 -1.344490 -6.933377 -2.670283 2.197005 2.051247 -0.283199 1.739886 -0.116141 1.272806 1.202915 -1.581498 -6.462305 4.209690 -0.000000 0.000000 0.000000 -1.464095 -3.023948 -5.765710 2.405393 -11.231366 -31.056937 21.301030 -21.573344 1.290638 9.291490 -0.925700 17.087594 -2.674232 4.304387 10.599043 -2.134950 8.460035 38.237812 -2.813648 8.777508 0.300605 -2.984193 1.958936 -19.764194 
133.812046 68.481296 -239.465046 -2.763037 -30.618699 -4.859087 -0.547558 -1.175504 1.624628 0.520180 -14.752327 2.747718 -5.581414 14.712887 4.386124 -0.000000 0.000000 0.000000 -6.056815 -0.684632 4.763092 14.064000 8.475732 -1.997526 -10.967774 -14.135636 8.122229 -0.000000 0.000000 0.000000 9.168931 0.309085 -1.116459 -7.558978 -2.978371 2.069066 2.334639 -0.593623 1.967307 0.256860 0.990184 0.711970 -1.707757 -5.568076 4.209129 -0.000000 0.000000 0.000000 -1.735343 -2.546303 -4.296546 1.125983 -9.832829 -28.455000 18.605713 -17.649882 -0.580120 11.392105 -0.808331 17.682994 -3.146754 3.406058 8.975168 -2.785767 7.108502 34.502873 -3.765638 6.075680 1.574848 -1.478085 2.062301 -20.689560 
133.765101 68.510002 -239.150929 -2.503815 -30.671962 -4.960064 -0.620913 -1.303621 1.543227 0.872555 -15.153682 3.142525 -5.997902 15.320521 4.328029 -0.000000 0.000000 0.000000 -5.207878 -0.276940 5.401860 8.348117 9.960644 -2.433119 -8.868943 -14.597497 7.941044 -0.000000 0.000000 0.000000 8.838725 0.361723 -1.028086 -8.214009 -3.112571 1.814366 2.681050 -0.752607 2.171011 0.655851 0.484499 0.339629 -1.867972 -4.687062 4.407455 -0.000000 0.000000 0.000000 -2.441659 -1.856781 -2.854105 -0.604105 -8.767615 -25.750926 14.703499 -13.745051 -2.106219 12.031401 -0.419973 18.616960 -3.821060 2.344874 7.130595 -3.048522 6.144709 30.716528 -3.763808 4.799507 2.537177 -0.487876 1.658413 -19.424547 
133.644366 68.515074 -238.811874 -1.830753 -30.353612 -4.550453 -1.017476 -1.572859 1.167091 1.140974 -15.642188 3.582849 -6.266991 15.742920 4.265779 -0.000000 0.000000 0.000000 -4.100478 -1.048426 5.739032 3.122646 10.947743 -3.419240 -5.488175 -15.036465 8.113947 -0.000000 0.000000 0.000000 7.745954 0.797947 -1.373169 -8.654976 -3.482594 1.594656 3.079479 -0.954350 2.332093 1.321662 -0.380863 -0.001050 -2.447890 -4.078519 4.904539 -0.000000 0.000000 0.000000 -3.301473 -1.227386 -1.025228 -2.885836 -8.828230 -22.574220 11.558670 -9.622743 -4.097866 11.718467 -0.151129 19.827467 -4.318501 0.966910 5.220911 -3.573838 5.037333 26.658854 -3.914751 4.777088 3.325669 0.627143 2.271040 -19.536153 
133.554542 68.504775 -238.553095 -1.163037 -30.878129 -4.127734 -1.365097 -1.210019 0.663048 1.233574 -15.960558 4.191274 -6.386317 16.226051 4.182119 -0.000000 0.000000 0.000000 -4.190409 -2.026646 5.864202 2.561662 11.707151 -4.010505 -5.326440 -14.452261 7.901124 -0.000000 0.000000 0.000000 6.957842 1.217559 -1.607269 -9.344106 -3.493630 1.350026 3.138589 -0.851000 2.264260 2.303847 -0.678434 -0.118851 -3.058939 -3.984914 5.279971 -0.000000 0.000000 0.000000 -4.724025 -0.730795 0.897129 -4.647877 -8.729707 -18.751870 9.792947 -6.073679 -5.424679 13.297543 0.373356 19.397839 -5.242000 -0.026870 3.369491 -4.614395 4.136652 22.217186 -3.675901 4.600837 3.697036 2.117597 2.583763 -19.296359 
133.448470 68.447822 -238.306403 0.159237 -31.670070 -3.135732 -1.884083 -1.521985 -0.400829 0.778591 -17.013346 5.360633 -6.259316 18.189938 4.302388 -0.000000 0.000000 0.000000 -4.675879 -0.963455 5.592361 1.451491 12.982913 -4.218588 -4.826301 -15.925842 8.919440 -0.000000 0.000000 0.000000 6.287579 1.390554 -1.650105 -12.797675 -3.023798 0.483072 4.800431 -0.387072 2.210957 3.860646 -2.202026 -0.850727 -3.788124 -3.227044 6.921009 -0.000000 0.000000 0.000000 -6.175755 -0.830254 2.907243 -5.566572 -9.255154 -14.303515 6.191245 -3.204035 -7.073656 14.122015 3.314499 18.806295 -6.275474 0.335456 1.531680 -4.362399 2.412809 17.044384 -6.303935 4.426179 5.049688 5.411111 2.447118 -21.552272 
133.265734 68.426770 -238.034654 0.688332 -32.778688 -2.948530 -1.140409 -0.857067 -0.652936 -0.761911 -17.452950 5.897695 -5.652177 19.134685 4.122993 -0.000000 0.000000 0.000000 -4.561980 -0.501155 5.469097 0.468739 14.854985 -3.719624 -4.302570 -16.841933 8.647961 -0.000000 0.000000 0.000000 5.097954 1.566207 -1.562244 -13.161943 -2.767718 0.303264 5.190701 -0.025293 2.230948 4.750528 -2.720880 -1.497267 -4.415609 -2.881684 7.226990 -0.000000 0.000000 0.000000 -7.337483 -0.936660 4.922721 -6.907827 -8.960133 -10.158467 3.602776 -1.243174 -7.795838 16.107239 4.636519 17.972044 -7.093106 0.736768 -0.183287 -5.971258 2.354122 11.428656 -6.863095 4.138460 5.326776 8.125164 1.566559 -20.458502 
133.099353 68.428910 -237.785697 1.185706 -34.229096 -2.841467 -0.119608 -0.181843 -0.887057 -2.708030 -17.929492 6.567566 -4.925133 20.249897 3.940960 -0.000000 0.000000 0.000000 -5.107347 0.009275 5.702460 0.814592 16.257232 -3.638318 -4.428788 -17.553711 8.267652 -0.000000 0.000000 0.000000 3.785008 1.677452 -1.236711 -13.240366 -2.368222 0.144772 5.214288 0.409931 2.191242 6.073485 -2.880996 -2.213499 -5.141175 -2.411653 7.220372 -0.000000 0.000000 0.000000 -7.791356 -1.412891 6.658911 -6.831304 -8.379031 -5.994945 3.547889 -0.507298 -8.096757 17.750149 5.498727 17.543657 -7.343283 1.769344 -1.897014 -7.053444 2.689096 6.200749 -6.095228 4.175830 5.551070 9.286629 1.018057 -19.782502 
132.956457 68.414277 -237.586761 1.503644 -35.101261 -2.574031 -0.287526 0.187667 -1.171610 -2.289708 -18.440990 6.786594 -5.386583 21.295947 3.937363 -0.000000 0.000000 0.000000 -5.422403 0.159778 5.719076 1.144108 17.454105 -3.812605 -4.790140 -18.226963 8.297608 -0.000000 0.000000 0.000000 2.784861 1.723382 -1.014461 -13.384202 -2.177703 -0.225687 5.166478 0.629979 1.996096 7.264090 -2.879115 -2.726061 -5.534505 -2.090261 7.173302 -0.000000 0.000000 0.000000 -7.962790 -2.086463 8.037514 -6.468440 -7.833099 -2.096347 4.946403 -0.194500 -7.996360 20.322095 5.723448 16.793518 -7.463942 2.911628 -3.457778 -7.225704 3.132904 1.892285 -3.265910 4.546364 5.542035 12.805310 0.508235 -20.067009 
132.994854 68.382925 -237.563372 2.161543 -36.279596 -2.146417 -0.983877 0.321978 -1.393693 -1.873204 -18.059668 6.801446 -5.663974 22.135253 4.300202 -0.000000 0.000000 0.000000 -6.341688 1.035474 5.910579 1.732330 19.307984 -4.260766 -4.983199 -19.744166 8.275740 -0.000000 0.000000 0.000000 2.107914 1.741331 -0.500636 -13.784794 -1.552569 -0.490131 5.018394 0.949883 1.693745 8.047185 -3.401282 -3.207433 -5.690091 -1.379297 7.349614 -0.000000 0.000000 0.000000 -8.060833 -2.604702 9.241688 -6.125510 -7.634121 0.496731 6.176397 -0.051874 -7.519193 21.565897 5.864904 15.565509 -7.439870 3.932967 -5.376401 -6.712195 3.455360 -0.907060 -1.017224 5.200487 5.410682 14.369568 -0.042253 -19.093530 
132.973778 68.334496 -237.570524 2.709822 -36.655282 -1.555229 -1.568050 0.394882 -1.641186 -1.638959 -18.225006 6.772293 -5.829180 22.254208 4.682273 -0.000000 0.000000 0.000000 -6.971564 0.344275 5.570623 1.980127 20.405634 -4.288176 -5.202585 -19.577871 7.883733 -0.000000 0.000000 0.000000 1.183417 1.849763 -0.379895 -13.647855 -1.391490 -0.763342 5.166971 1.003000 1.493717 8.319747 -3.635577 -3.352441 -5.568655 -1.074346 7.548395 -0.000000 0.000000 0.000000 -8.774915 -2.770571 10.465768 -6.219082 -8.058753 1.751633 6.798491 -0.028340 -6.943573 22.221681 6.244959 14.051540 -7.576267 4.362237 -7.211313 -6.477881 4.155434 -2.356273 0.321713 5.486913 5.309654 15.440679 -0.518013 -18.905990 
132.839406 68.314636 -237.676430 3.020159 -36.336438 -1.455440 -1.857415 0.224790 -1.159449 -1.832539 -18.101761 6.329112 -5.613537 22.093881 4.492045 -0.000000 0.000000 0.000000 -7.561448 1.017550 5.741030 2.540586 18.961017 -4.139719 -5.583428 -18.413766 4.298256 -0.000000 0.000000 0.000000 0.674233 1.792731 -0.007044 -13.889421 -1.676933 -1.055436 5.013639 1.247004 1.410341 9.981288 -4.302076 -3.203887 -6.442983 -0.698031 8.012826 -0.000000 0.000000 0.000000 -9.279615 -3.588043 11.409278 -7.726023 -7.874087 2.316211 6.043106 -0.414382 -6.397166 23.362260 6.970821 11.235377 -7.362416 4.699565 -8.702321 -8.038867 4.417813 -2.819536 2.143163 5.801325 5.306545 17.108213 -1.578781 -19.123437 
132.807958 68.320721 -237.756324 3.270473 -36.082745 -1.018526 -1.992053 0.120543 -1.510802 -1.994507 -18.210648 6.561081 -5.328262 22.009282 4.374575 -0.000000 0.000000 0.000000 -7.572496 -0.718940 5.248229 2.199609 20.862750 -3.808444 -5.240629 -19.266926 7.295229 -0.000000 0.000000 0.000000 0.201417 1.884801 0.256519 -13.948733 -1.345646 -1.208457 5.515435 0.980251 1.259481 9.787709 -4.863012 -3.444143 -5.763138 -0.486593 8.551041 -0.000000 0.000000 0.000000 -10.056820 -3.006243 11.247675 -8.264775 -9.698275 2.972653 3.659435 -0.245141 -6.065238 21.891971 8.299055 9.762413 -7.652549 4.596212 -9.184201 -7.422528 5.272540 -3.838026 0.426404 5.491476 5.756051 18.267431 -2.294399 -20.056405 
132.661033 68.423796 -237.821484 3.244665 -36.040670 -1.046383 -2.013294 0.103261 -1.524374 -1.763441 -18.245400 6.837862 -5.441204 22.191797 4.141905 -0.000000 0.000000 0.000000 -7.592717 -0.761088 5.361413 2.344053 20.793739 -3.709993 -5.447937 -19.316609 7.578568 -0.000000 0.000000 0.000000 0.287468 1.928215 0.411396 -13.920413 -1.305197 -1.138952 5.545433 1.018819 1.278869 9.852928 -4.888380 -3.412795 -5.784122 -0.481591 8.568910 -0.000000 0.000000 0.000000 -10.038502 -3.044424 11.360035 -8.286110 -9.735934 3.075096 3.630616 -0.276693 -6.017833 21.876086 8.334840 9.769702 -7.631245 4.679640 -9.355644 -7.436554 5.320634 -3.970646 0.445258 5.533214 5.729519 18.303275 -2.314316 -20.094576 
132.461965 68.315744 -237.734818 2.663294 -34.374606 -1.683202 -1.344837 0.180003 -0.924155 -2.019807 -19.189158 6.594281 -5.374033 21.974327 3.363693 -0.000000 0.000000 0.000000 -6.842380 -0.038945 5.514152 2.290099 17.750120 -2.981642 -6.650196 -18.857370 5.908566 -0.000000 0.000000 0.000000 0.092738 1.730938 0.626204 -14.163841 -2.059482 -1.337098 5.470715 1.185842 1.369068 12.520433 -5.502754 -2.952894 -7.287194 -0.564311 9.137856 -0.000000 0.000000 0.000000 -9.291286 -4.488673 11.768923 -8.749272 -9.119395 2.835171 4.503698 -1.749895 -6.097844 22.198699 9.308997 10.986503 -7.203409 5.237818 -10.239011 -9.614612 4.700166 -3.646673 2.922118 5.451306 6.669626 20.470193 -4.029035 -21.318216 
132.366371 68.298978 -237.630415 3.214008 -33.714985 -1.501709 -1.758462 -0.000023 -0.871597 -1.922012 -19.441963 6.900150 -5.310155 21.641457 3.403639 -0.000000 0.000000 0.000000 -7.077521 -0.248572 5.705159 2.232588 18.381872 -3.038979 -6.488579 -19.610270 5.470156 -0.000000 0.000000 0.000000 -1.088130 1.776308 0.585051 -13.598002 -2.250721 -1.127942 5.525062 1.019343 1.393941 12.549444 -5.873017 -2.924452 -7.193374 -0.087318 9.405454 -0.000000 0.000000 0.000000 -9.369725 -4.494437 11.789403 -8.295720 -9.600313 2.654982 4.627504 -1.800127 -6.469119 21.609583 9.267288 12.188998 -7.313048 5.161036 -10.379581 -9.471506 5.136653 -3.337440 1.298054 4.580704 6.872970 19.931521 -4.183531 -21.377927 
132.292831 68.296915 -237.486219 3.529344 -32.964935 -1.439412 -1.951499 -0.158100 -0.783175 -1.898207 -19.769880 6.996706 -5.276828 21.365626 3.335912 -0.000000 0.000000 0.000000 -7.049755 -0.557855 5.685252 2.002655 18.593003 -2.837345 -6.431916 -20.194855 5.783390 -0.000000 0.000000 0.000000 -2.010042 1.793086 0.464095 -13.194066 -2.474626 -0.923819 5.483099 0.823264 1.424938 12.799155 -6.019916 -2.818884 -7.068429 0.129192 9.553813 -0.000000 0.000000 0.000000 -9.214154 -4.536099 11.682833 -7.956423 -9.937228 2.618535 4.741017 -1.735668 -6.795504 21.345937 8.608463 13.131646 -7.382238 5.127492 -10.357391 -9.307461 5.329251 -3.118154 0.379646 4.082074 7.120699 18.972876 -3.900350 -20.457556 
132.304978 68.289441 -237.362266 3.357146 -32.485027 -1.496129 -1.848930 -0.143276 -0.843332 -1.717452 -20.220394 6.952540 -5.446238 21.231066 3.432154 -0.000000 0.000000 0.000000 -6.647307 -0.845629 5.416770 1.708638 18.210281 -2.569006 -6.671180 -20.138387 5.936711 -0.000000 0.000000 0.000000 -2.271601 1.782233 0.398593 -13.014899 -2.587441 -0.889199 5.451132 0.776537 1.454645 13.094828 -5.934997 -2.686475 -7.044404 0.070941 9.555793 -0.000000 0.000000 0.000000 -9.110666 -4.726631 11.751118 -7.812607 -9.934998 2.335872 5.158925 -1.624053 -6.933716 21.929322 8.386239 13.792788 -7.424824 5.248301 -10.507538 -9.430926 5.206703 -2.622433 0.361323 3.944036 7.324243 18.582088 -3.743677 -19.600956 
132.336712 68.291426 -237.273192 3.207983 -31.849094 -1.633199 -1.786431 -0.359479 -0.729117 -1.658465 -20.342464 6.632785 -5.577738 21.241933 3.440791 -0.000000 0.000000 0.000000 -6.441196 -0.700368 5.390269 1.833176 17.689794 -2.536479 -6.973959 -20.360647 5.682101 -0.000000 0.000000 0.000000 -2.551533 1.720529 0.363025 -12.851469 -2.835703 -0.785321 5.420749 0.694381 1.462528 13.503402 -5.893154 -2.624010 -7.143792 -0.060978 9.519881 -0.000000 0.000000 0.000000 -8.842503 -4.888359 11.833807 -7.881044 -9.804027 1.988628 5.491815 -1.502206 -6.994525 22.580652 8.188031 13.895196 -7.359822 5.303131 -10.565236 -9.653949 5.110010 -2.213525 0.446893 3.956724 7.376886 17.962171 -3.740809 -18.994085 
132.422709 68.296832 -237.222314 2.889122 -31.661440 -1.757618 -1.621497 -0.336336 -0.788966 -1.497916 -20.600040 6.528333 -5.700961 21.100021 3.684264 -0.000000 0.000000 0.000000 -6.085100 -0.720423 5.217913 1.805996 17.405698 -2.525697 -7.035277 -20.122106 5.477987 -0.000000 0.000000 0.000000 -2.475966 1.729903 0.369698 -12.741378 -2.854423 -0.750753 5.358775 0.739428 1.471907 13.680861 -5.726631 -2.579314 -7.162400 -0.279943 9.404819 -0.000000 0.000000 0.000000 -8.726721 -5.001750 11.929475 -7.842018 -9.629787 1.729524 6.117362 -1.510740 -7.148393 23.091821 7.953901 13.131116 -7.267311 5.400444 -10.602774 -9.790214 4.978233 -1.922485 0.682390 4.016938 7.346665 17.515075 -3.685315 -18.281701 
132.465935 68.300664 -237.172461 2.725589 -31.307246 -1.879449 -1.549541 -0.514429 -0.700994 -1.415857 -20.746421 6.364783 -5.744698 20.995709 3.770420 -0.000000 0.000000 0.000000 -5.819733 -0.860279 5.167498 1.669842 16.846469 -2.496465 -7.070009 -19.865194 5.693472 -0.000000 0.000000 0.000000 -2.629812 1.751644 0.310607 -12.567370 -2.980218 -0.643520 5.314065 0.709858 1.488416 13.907608 -5.455006 -2.524757 -7.243665 -0.677127 9.227253 -0.000000 0.000000 0.000000 -8.526359 -5.042879 12.019023 -7.857272 -9.523296 1.531554 6.480130 -1.657549 -7.311492 23.171444 7.210611 11.561315 -7.138278 5.377087 -10.537876 -10.052398 4.968695 -1.855565 0.997316 4.006372 7.399498 17.331728 -3.691151 -17.850570 
132.518721 68.299657 -237.132382 2.638869 -31.097376 -1.954759 -1.478989 -0.785331 -0.664434 -1.422443 -20.712259 6.230899 -5.795698 20.977362 3.933885 -0.000000 0.000000 0.000000 -5.750724 -0.560865 5.187914 1.779733 16.722316 -2.549329 -7.182443 -20.216309 5.641815 -0.000000 0.000000 0.000000 -2.776486 1.744204 0.333740 -12.423289 -2.993094 -0.575140 5.275554 0.706962 1.473692 14.034057 -5.428292 -2.549095 -7.290029 -0.793051 9.133363 -0.000000 0.000000 0.000000 -8.394290 -4.999543 12.188273 -7.927821 -9.484842 1.189763 6.850383 -1.708202 -7.295688 22.821721 6.768596 9.826104 -7.025636 5.343114 -10.617597 -10.178798 4.995998 -1.608187 0.872852 3.977494 7.245330 16.768415 -3.639640 -17.437007 
132.554531 68.307841 -237.069678 2.541244 -30.974452 -2.034050 -1.370327 -0.916902 -0.658490 -1.448274 -20.568945 6.060678 -5.791464 21.022599 4.059990 -0.000000 0.000000 0.000000 -5.556195 -0.676982 5.135718 1.636662 16.441199 -2.538651 -7.118882 -19.980910 5.916141 -0.000000 0.000000 0.000000 -3.117974 1.871427 0.242952 -12.118405 -2.991658 -0.404732 5.321044 0.752793 1.552744 14.376023 -5.421732 -2.572897 -7.535645 -1.043436 9.009976 -0.000000 0.000000 0.000000 -7.940889 -5.059018 12.240484 -8.144364 -9.564042 0.713156 7.064648 -1.605062 -6.997867 23.022715 6.566888 8.869050 -6.771980 5.232225 -10.625760 -10.481414 4.971864 -1.691219 1.010292 3.985547 7.171023 16.290183 -3.589773 -17.181309 
132.564378 68.293077 -236.997914 2.571220 -30.805830 -2.041885 -1.354736 -1.082543 -0.654614 -1.440980 -20.624680 6.032999 -5.897290 21.034385 4.173149 -0.000000 0.000000 0.000000 -5.645083 -0.150003 5.237203 1.964961 16.715800 -2.659634 -7.436413 -20.888071 5.563639 -0.000000 0.000000 0.000000 -3.103300 1.722092 0.350748 -12.176687 -3.040132 -0.487629 5.172064 0.666092 1.442743 14.310796 -5.488036 -2.545639 -7.298709 -0.674061 9.053058 -0.000000 0.000000 0.000000 -8.144845 -5.036475 12.163732 -7.858603 -9.285955 1.007070 7.685714 -1.880003 -7.015066 23.018936 6.335179 8.365063 -6.861068 5.415043 -10.676529 -10.226839 4.997709 -1.413592 0.818421 4.049092 7.096267 15.923665 -3.540324 -16.780291 
132.566810 68.289649 -236.910439 2.553676 -30.722457 -2.070494 -1.268974 -1.142740 -0.679403 -1.434181 -20.722647 6.064706 -5.969992 21.019176 4.236124 -0.000000 0.000000 0.000000 -5.523999 -0.183783 5.202267 1.900765 16.686938 -2.650679 -7.494481 -20.940803 5.652504 -0.000000 0.000000 0.000000 -3.313395 1.776601 0.319421 -12.037805 -3.031479 -0.437500 5.148368 0.692846 1.435387 14.529444 -5.527333 -2.468154 -7.303025 -0.705807 9.037157 -0.000000 0.000000 0.000000 -8.202823 -5.099616 12.099278 -7.759492 -9.579018 0.932080 7.646375 -1.671429 -7.031638 22.873962 6.272046 8.791236 -6.860038 5.393615 -10.683215 -10.197990 4.948472 -1.395095 0.484113 3.989570 7.083868 15.205668 -3.571189 -16.420599 
132.564437 68.290013 -236.835051 2.569683 -30.656698 -2.090080 -1.201624 -1.189253 -0.661424 -1.494110 -20.738826 6.013719 -5.984763 21.031890 4.291398 -0.000000 0.000000 0.000000 -5.478763 -0.178908 5.194626 1.915533 16.738347 -2.644735 -7.563778 -21.080207 5.659652 -0.000000 0.000000 0.000000 -3.528245 1.808076 0.262193 -11.907834 -3.045767 -0.372240 5.129665 0.702790 1.435874 14.710717 -5.639467 -2.388231 -7.300043 -0.645556 9.058295 -0.000000 0.000000 0.000000 -8.225880 -5.136518 12.002844 -7.645896 -9.807455 0.846744 7.496504 -1.518467 -6.967909 22.615140 6.388568 9.722083 -6.885850 5.382482 -10.675680 -10.112005 4.930511 -1.324064 0.251013 3.964793 7.029501 14.734863 -3.655905 -16.010883 
132.568777 68.284404 -236.781669 2.570766 -30.627902 -2.115851 -1.186108 -1.193763 -0.630110 -1.476943 -20.800190 5.936279 -6.043167 21.078444 4.369577 -0.000000 0.000000 0.000000 -5.447789 -0.170938 5.186904 1.956137 16.885798 -2.619397 -7.649858 -21.245072 5.581133 -0.000000 0.000000 0.000000 -3.687508 1.791142 0.215775 -11.752155 -3.109808 -0.321968 5.116725 0.643545 1.447409 14.681071 -5.718521 -2.361415 -7.219681 -0.447567 9.117053 -0.000000 0.000000 0.000000 -7.970675 -5.183760 11.872869 -7.610711 -9.504048 0.970119 7.372725 -1.718340 -6.872787 22.401244 6.324203 10.745579 -6.885317 5.507920 -10.677332 -10.134315 4.913975 -1.220634 0.056661 3.959193 7.020106 14.577698 -3.693696 -15.494472 
132.569289 68.281782 -236.748815 2.540871 -30.612595 -2.138147 -1.089412 -1.193537 -0.611205 -1.575686 -20.837234 5.866794 -6.049307 21.095226 4.439006 -0.000000 0.000000 0.000000 -5.418829 -0.212940 5.183294 2.029036 17.001501 -2.634407 -7.747379 -21.330926 5.534959 -0.000000 0.000000 0.000000 -3.828016 1.829315 0.126569 -11.636448 -3.131646 -0.275401 5.112616 0.640009 1.459334 14.787093 -5.860649 -2.318427 -7.224207 -0.357415 9.208073 -0.000000 0.000000 0.000000 -7.926645 -5.233780 11.762223 -7.568092 -9.573795 0.968708 7.172538 -1.744338 -6.769745 22.160041 6.384572 11.977211 -6.940975 5.540832 -10.654897 -10.065908 4.872592 -1.116985 -0.026418 3.962252 6.999179 14.620794 -3.783923 -15.195114 
132.567203 68.276489 -236.730003 2.505634 -30.601538 -2.159720 -1.038780 -1.220735 -0.600667 -1.559770 -20.957163 5.870371 -6.117802 21.155907 4.506094 -0.000000 0.000000 0.000000 -5.326535 -0.240058 5.190956 1.974104 17.139131 -2.637806 -7.776202 -21.449009 5.525562 -0.000000 0.000000 0.000000 -3.965466 1.869311 0.038191 -11.531335 -3.108991 -0.231908 5.136195 0.649155 1.471514 14.862238 -6.011404 -2.261878 -7.238489 -0.276837 9.255743 -0.000000 0.000000 0.000000 -7.929244 -5.247352 11.573042 -7.481347 -9.862794 1.019302 6.479255 -1.711556 -6.742512 21.441635 6.528797 13.700114 -6.969729 5.532835 -10.541871 -9.865035 4.853541 -1.153801 -0.395067 3.922452 7.079776 14.053529 -3.694968 -15.182123 
132.547247 68.291193 -236.704087 2.313751 -30.625950 -2.288094 -0.850386 -0.961054 -0.534283 -1.581913 -21.074232 5.746441 -6.084558 21.182120 4.476467 -0.000000 0.000000 0.000000 -5.033858 -0.798328 5.118966 1.784665 17.069379 -2.543141 -7.570405 -20.793832 5.788659 -0.000000 0.000000 0.000000 -3.941260 1.921927 -0.012987 -11.382769 -3.157832 -0.193657 5.066205 0.653916 1.486797 14.899358 -5.948145 -2.265648 -7.274939 -0.234501 9.325682 -0.000000 0.000000 0.000000 -7.894023 -5.294587 11.423008 -7.511192 -9.797749 1.033281 5.810812 -1.947406 -6.596445 20.327254 6.587564 15.274582 -6.966530 5.571686 -10.457362 -9.998046 4.837892 -1.108189 -0.471335 3.906818 7.052077 13.871780 -3.782696 -15.139071 
132.528639 68.282151 -236.711502 2.328003 -30.545714 -2.256171 -0.884004 -1.174289 -0.550426 -1.507658 -21.118115 5.783966 -6.156282 21.307037 4.537132 -0.000000 0.000000 0.000000 -5.186800 -0.417730 5.204433 2.113189 17.431765 -2.613058 -7.890719 -21.601635 5.395248 -0.000000 0.000000 0.000000 -4.128859 1.899349 -0.140054 -11.297301 -3.151881 -0.188023 5.170764 0.616414 1.491017 14.845968 -6.165076 -2.263300 -7.261050 0.011003 9.411521 -0.000000 0.000000 0.000000 -7.821801 -5.260545 11.306061 -7.525165 -10.010408 1.170789 5.152098 -1.961861 -6.532779 19.563301 6.540803 16.318713 -7.055586 5.563542 -10.386893 -9.760585 4.960725 -1.078133 -0.965348 3.746175 7.071377 13.750695 -3.994314 -14.923849 
132.511234 68.290269 -236.721873 2.222907 -30.497352 -2.325548 -0.779794 -1.153524 -0.516149 -1.514254 -21.198555 5.812557 -6.148604 21.302451 4.481783 -0.000000 0.000000 0.000000 -5.088271 -0.475920 5.228519 2.121855 17.455495 -2.592812 -7.906394 -21.622079 5.409752 -0.000000 0.000000 0.000000 -4.155380 1.907606 -0.194678 -11.238127 -3.179524 -0.187747 5.181315 0.611617 1.495837 14.884962 -6.129679 -2.291502 -7.282881 0.048685 9.459242 -0.000000 0.000000 0.000000 -7.799349 -5.352383 11.299676 -7.443564 -10.067394 1.195725 5.078486 -2.175183 -6.487562 19.385920 6.579106 16.701365 -7.072529 5.608986 -10.361907 -9.787717 4.956621 -1.054211 -1.075944 3.731628 7.058792 13.896708 -4.295438 -14.811821 
132.506979 68.296289 -236.745334 2.109604 -30.447515 -2.394819 -0.706392 -1.156348 -0.493697 -1.469382 -21.274110 5.855397 -6.181436 21.290624 4.448497 -0.000000 0.000000 0.000000 -5.077250 -0.533431 5.256582 2.301139 17.458497 -2.596633 -7.992270 -21.616942 5.361991 -0.000000 0.000000 0.000000 -4.149527 1.923740 -0.239036 -11.185909 -3.228292 -0.184679 5.204122 0.607080 1.497740 14.901132 -6.021532 -2.353439 -7.315444 0.034432 9.456389 -0.000000 0.000000 0.000000 -7.805436 -5.453234 11.335205 -7.452026 -10.145321 1.191460 5.019810 -2.195706 -6.552772 19.288112 6.693463 16.656919 -7.068752 5.637199 -10.374940 -9.787951 5.020314 -1.000102 -1.113012 3.707482 6.951854 14.114665 -4.738841 -15.033700 
132.506609 68.300283 -236.773968 2.027345 -30.380747 -2.424259 -0.658905 -1.154792 -0.470768 -1.503416 -21.253306 5.766889 -6.128380 21.309336 4.451817 -0.000000 0.000000 0.000000 -5.014347 -0.591606 5.254122 2.314124 17.434123 -2.591752 -7.985512 -21.585845 5.315444 -0.000000 0.000000 0.000000 -4.145733 1.937488 -0.297924 -11.127114 -3.301957 -0.173577 5.213658 0.587610 1.500504 14.913683 -5.903842 -2.433429 -7.363016 0.039465 9.450134 -0.000000 0.000000 0.000000 -7.807174 -5.557979 11.401837 -7.455254 -10.195507 1.097084 5.116465 -2.195966 -6.559631 19.250565 7.083249 16.507435 -7.061677 5.652200 -10.407601 -9.864673 5.109997 -0.905119 -1.230418 3.692201 6.768590 14.285018 -5.287445 -15.370794 
132.502961 68.303049 -236.786914 1.922408 -30.324693 -2.463874 -0.569288 -1.060796 -0.476341 -1.506127 -21.349572 5.809129 -6.112981 21.211667 4.390271 -0.000000 0.000000 0.000000 -4.914369 -0.868109 5.197366 2.278308 17.218303 -2.543455 -7.982910 -21.176831 5.469776 -0.000000 0.000000 0.000000 -4.065544 1.960669 -0.310987 -11.068480 -3.375832 -0.195827 5.201052 0.580614 1.500648 14.924913 -5.692510 -2.470757 -7.405306 -0.072431 9.412261 -0.000000 0.000000 0.000000 -7.884447 -5.683038 11.524358 -7.362036 -10.131900 0.902484 5.501527 -2.425445 -6.498335 19.852506 7.292740 16.539372 -7.061722 5.714848 -10.509644 -10.152388 5.088916 -0.737059 -1.701978 3.558429 6.569448 14.199038 -5.850233 -15.712365 
132.492435 68.303478 -236.792350 2.016709 -30.232303 -2.429074 -0.626237 -1.152617 -0.448434 -1.570329 -21.329974 5.829515 -6.018121 21.192631 4.355630 -0.000000 0.000000 0.000000 -5.049453 -0.672014 5.277512 2.420555 17.281631 -2.607890 -8.016206 -21.486354 5.288131 -0.000000 0.000000 0.000000 -4.136912 1.947756 -0.345323 -10.962944 -3.444303 -0.143079 5.141818 0.537360 1.492848 14.947671 -5.675519 -2.476911 -7.487466 -0.030269 9.433881 -0.000000 0.000000 0.000000 -7.898427 -5.742365 11.530139 -7.278710 -10.156803 0.804463 5.605554 -2.472611 -6.448461 19.827699 7.526283 16.284944 -7.031117 5.733011 -10.558207 -10.377960 5.189592 -0.591205 -3.375540 3.145038 6.268245 12.731500 -6.797027 -15.890778 
132.472026 68.297344 -236.786461 2.114477 -30.193316 -2.354301 -0.722131 -1.179620 -0.459972 -1.549102 -21.330171 5.820229 -6.093751 21.185226 4.299364 -0.000000 0.000000 0.000000 -5.149184 -0.588705 5.270905 2.447798 17.253010 -2.595452 -8.114477 -21.617076 5.270096 -0.000000 0.000000 0.000000 -4.233474 1.978553 -0.444764 -10.758616 -3.507188 -0.054942 5.062481 0.510027 1.491139 14.990951 -5.575020 -2.422645 -7.590029 -0.129103 9.437197 -0.000000 0.000000 0.000000 -7.968328 -5.777183 11.580888 -7.095092 -10.220632 0.577841 5.590440 -2.637858 -6.348419 19.445733 7.882249 16.318537 -7.060519 5.721811 -10.620185 -10.843275 5.333146 -0.373399 -6.018139 2.435995 5.764459 10.325286 -8.197995 -15.979689 
132.463074 68.292117 -236.780810 2.248237 -30.181116 -2.313409 -0.807133 -1.221955 -0.434852 -1.611957 -21.385334 5.832799 -6.020560 21.261564 4.331994 -0.000000 0.000000 0.000000 -5.228523 -0.603886 5.310822 2.374958 17.334128 -2.606169 -8.042948 -21.683098 5.261186 -0.000000 0.000000 0.000000 -4.577421 2.107795 -0.599138 -10.438006 -3.515433 0.171884 5.139512 0.523084 1.614410 15.267534 -5.664256 -2.406979 -7.930501 -0.291062 9.413634 -0.000000 0.000000 0.000000 -7.596780 -5.807237 11.542725 -7.195113 -10.501446 0.202402 5.276119 -2.436874 -6.222465 18.502935 8.701601 16.046776 -6.889332 5.545281 -10.638071 -11.301848 5.507693 -0.469883 -7.972806 1.833369 5.525550 7.843169 -9.645253 -16.151096 
