HIERARCHY
ROOT pelvis
{
	OFFSET 0.404800 54.570252 0.211879
	CHANNELS 6 Xposition Yposition Zposition Xrotation Yrotation Zrotation 
	JOINT left_hip
	{
		OFFSET 5.608873 -6.642886 -2.467816
		CHANNELS 3 Xrotation Yrotation Zrotation
		JOINT left_knee
		{
			OFFSET 3.211227 -21.676570 -2.143466
			CHANNELS 3 Xrotation Yrotation Zrotation
			JOINT left_ankle
			{
				OFFSET -4.021868 -22.073704 -2.324485
				CHANNELS 3 Xrotation Yrotation Zrotation
				JOINT left_foot
				{
					OFFSET 3.332095 -2.803760 7.035014
					CHANNELS 3 Xrotation Yrotation Zrotation
					End Site
					{
						OFFSET 0.000000 0.000000 0.000000
					}
				}
			}
		}
	}
	JOINT right_hip
	{
		OFFSET -6.119087 -6.966923 -2.583719
		CHANNELS 3 Xrotation Yrotation Zrotation
		JOINT right_knee
		{
			OFFSET -2.413034 -21.192238 -2.356679
			CHANNELS 3 Xrotation Yrotation Zrotation
			JOINT right_ankle
			{
				OFFSET 1.851111 -22.232227 -1.473372
				CHANNELS 3 Xrotation Yrotation Zrotation
				JOINT right_foot
				{
					OFFSET -2.868330 -3.069768 7.146108
					CHANNELS 3 Xrotation Yrotation Zrotation
					End Site
					{
						OFFSET 0.000000 0.000000 0.000000
					}
				}
			}
		}
	}
	JOINT spine1
	{
		OFFSET -0.226419 6.957469 -1.367628
		CHANNELS 3 Xrotation Yrotation Zrotation
		JOINT spine2
		{
			OFFSET 0.480406 6.652733 0.175179
			CHANNELS 3 Xrotation Yrotation Zrotation
			JOINT spine3
			{
				OFFSET -0.940441 2.247568 3.507621
				CHANNELS 3 Xrotation Yrotation Zrotation
				JOINT neck
				{
					OFFSET -0.720953 11.106715 -4.346871
					CHANNELS 3 Xrotation Yrotation Zrotation
					JOINT head
					{
						OFFSET 1.674429 10.897554 1.514024
						CHANNELS 3 Xrotation Yrotation Zrotation
						JOINT jaw
						{
							OFFSET -0.950268 0.002375 -0.488976
							CHANNELS 3 Xrotation Yrotation Zrotation
							End Site
							{
								OFFSET 0.000000 0.000000 0.000000
							}
						}
					}
				}
				JOINT left_collar
				{
					OFFSET 3.387697 5.702540 -1.537138
					CHANNELS 3 Xrotation Yrotation Zrotation
					JOINT left_shoulder
					{
						OFFSET 5.984682 4.746328 -1.504758
						CHANNELS 3 Xrotation Yrotation Zrotation
						JOINT left_elbow
						{
							OFFSET 17.026971 -5.091956 -2.495690
							CHANNELS 3 Xrotation Yrotation Zrotation
							JOINT left_wrist
							{
								OFFSET 14.048930 1.909542 -1.300867
								CHANNELS 3 Xrotation Yrotation Zrotation
								End Site
								{
									OFFSET 0.000000 0.000000 0.000000
								}
							}
						}
					}
				}
				JOINT right_collar
				{
					OFFSET -3.205683 5.775781 -2.034298
					CHANNELS 3 Xrotation Yrotation Zrotation
					JOINT right_shoulder
					{
						OFFSET -4.818592 4.269227 -1.316617
						CHANNELS 3 Xrotation Yrotation Zrotation
						JOINT right_elbow
						{
							OFFSET -17.777687 -2.489022 -1.278456
							CHANNELS 3 Xrotation Yrotation Zrotation
							JOINT right_wrist
							{
								OFFSET -14.241248 -0.067503 -2.132906
								CHANNELS 3 Xrotation Yrotation Zrotation
								End Site
								{
									OFFSET 0.000000 0.000000 0.000000
								}
							}
						}
					}
				}
			}
		}
	}
}
MOTION
Frames: 558
Frame Time: 0.033334
-0.850793 55.177259 -46.126443 -2.624654 2.732906 -0.806009 5.100125 5.442870 0.419881 -3.011370 -18.622536 0.745655 -8.457894 19.337693 2.536185 -0.000000 0.000000 0.000000 5.440596 -7.865167 3.773890 0.408187 14.081860 -1.857097 -9.350253 -18.114291 1.284685 -0.000000 0.000000 0.000000 4.065207 1.392631 -1.010945 -4.938489 -3.940272 -1.409856 7.052334 1.025716 0.646105 -0.054762 -7.517911 -5.715066 -10.817865 -3.961549 7.286853 -0.000000 0.000000 0.000000 -10.541066 -3.779174 11.317646 -12.277836 -9.694252 11.055825 -3.981567 0.327697 -14.578591 8.580725 -3.072048 25.041485 -7.266179 6.191439 -11.151625 -17.535239 11.829041 -11.180088 1.306442 -1.855715 10.579027 16.811183 -7.784478 -28.682617 
-0.835978 55.168933 -46.113732 -2.610185 2.785900 -0.819051 5.113665 5.002155 0.479159 -3.033492 -18.225245 0.605150 -8.498349 19.318060 2.639572 -0.000000 0.000000 0.000000 5.431898 -7.881127 3.747504 0.416357 14.012649 -1.775304 -9.374974 -18.078556 1.160875 -0.000000 0.000000 0.000000 4.114448 1.416758 -0.980508 -4.926074 -3.892376 -1.407327 7.047713 1.038600 0.659901 -0.168239 -7.545002 -5.644035 -10.788074 -4.032567 7.294360 -0.000000 0.000000 0.000000 -10.595677 -3.742469 11.283466 -12.321198 -9.754159 10.984710 -4.340534 0.071065 -14.454907 8.400060 -3.115796 24.892867 -7.221386 6.138606 -11.108975 -17.415898 11.654224 -11.226861 1.387864 -1.849145 10.523165 16.820390 -7.754623 -28.449206 
-0.828382 55.165112 -46.109194 -2.568659 2.812967 -0.841435 5.083559 4.601507 0.557162 -3.038822 -17.920412 0.484123 -8.546546 19.355235 2.724256 -0.000000 0.000000 0.000000 5.373566 -7.859146 3.716774 0.454393 13.986776 -1.698435 -9.406696 -18.078340 1.109445 -0.000000 0.000000 0.000000 4.211848 1.474555 -0.919044 -4.938968 -3.791877 -1.415561 7.026958 1.077691 0.674632 -0.265238 -7.610878 -5.562874 -10.763200 -4.123337 7.329400 -0.000000 0.000000 0.000000 -10.671018 -3.690312 11.144165 -12.291834 -9.823620 10.982523 -4.580839 -0.401311 -14.309321 8.198814 -3.314412 24.791715 -7.207351 6.054121 -11.015810 -17.305759 11.394954 -11.384882 1.481501 -1.840678 10.445078 16.838645 -7.700800 -28.362870 
-0.826934 55.159879 -46.120915 -2.483129 2.843552 -0.873717 4.947578 4.321377 0.627166 -3.008778 -17.717722 0.381745 -8.574956 19.408345 2.742605 -0.000000 0.000000 0.000000 5.262623 -7.812632 3.693143 0.434003 13.987612 -1.589451 -9.415723 -18.154652 1.224201 -0.000000 0.000000 0.000000 4.276252 1.526565 -0.849705 -4.921992 -3.701481 -1.406579 6.999253 1.116583 0.697993 -0.370234 -7.642673 -5.432790 -10.737219 -4.157090 7.326367 -0.000000 0.000000 0.000000 -10.694024 -3.647855 10.942146 -12.157151 -9.810472 11.074176 -4.511432 -0.885569 -14.168186 8.215164 -3.443681 24.791702 -7.197398 5.983646 -10.896620 -17.206899 11.148101 -11.569182 1.621295 -1.824472 10.331258 16.936709 -7.696044 -28.411503 
-0.819326 55.152535 -46.136981 -2.329568 2.876033 -0.898125 4.714759 4.124411 0.665237 -2.956718 -17.558041 0.300240 -8.586054 19.430203 2.789894 -0.000000 0.000000 0.000000 5.092465 -7.747339 3.668283 0.346962 13.971317 -1.482405 -9.368117 -18.265008 1.319099 -0.000000 0.000000 0.000000 4.317119 1.560023 -0.790968 -4.971505 -3.633391 -1.390470 6.998921 1.141271 0.725460 -0.463593 -7.664418 -5.267230 -10.653061 -4.168548 7.363340 -0.000000 0.000000 0.000000 -10.741766 -3.567975 10.813204 -12.040478 -9.820588 11.125957 -4.516721 -1.146043 -14.094011 8.178707 -3.520017 24.856765 -7.214680 5.893492 -10.812856 -17.084063 11.003950 -11.682682 1.694986 -1.814695 10.348356 16.896833 -7.686680 -28.510856 
-0.787749 55.144393 -46.139312 -2.150947 2.919785 -0.906607 4.468200 3.956463 0.661703 -2.872187 -17.428779 0.238993 -8.610375 19.383585 2.998165 -0.000000 0.000000 0.000000 4.935156 -7.708008 3.640577 0.247995 13.917445 -1.445935 -9.269614 -18.274015 1.112090 -0.000000 0.000000 0.000000 4.367356 1.592384 -0.742546 -5.016283 -3.590113 -1.368564 6.985360 1.155698 0.765982 -0.551703 -7.669988 -5.133606 -10.583681 -4.186439 7.421090 -0.000000 0.000000 0.000000 -10.785560 -3.523173 10.728288 -12.026933 -9.814156 11.226043 -4.658891 -1.149300 -14.125719 8.140984 -3.629009 24.792125 -7.233127 5.845413 -10.737911 -17.037187 10.873856 -11.810933 1.700492 -1.812261 10.425685 16.977826 -7.629008 -28.360853 
-0.726695 55.139726 -46.110383 -2.002212 2.956544 -0.895998 4.293814 3.854752 0.599542 -2.754604 -17.265737 0.206771 -8.598984 19.189632 3.416660 -0.000000 0.000000 0.000000 4.879632 -7.706420 3.637154 0.132413 13.854750 -1.553107 -9.083635 -18.171400 0.437797 -0.000000 0.000000 0.000000 4.442031 1.618695 -0.719509 -5.001061 -3.566363 -1.330249 6.984637 1.163381 0.806125 -0.686389 -7.654847 -4.993407 -10.555850 -4.204732 7.423999 -0.000000 0.000000 0.000000 -10.803935 -3.455045 10.699446 -11.989944 -9.792651 11.286997 -4.618450 -1.045308 -14.087912 8.241336 -3.561659 24.812070 -7.271165 5.779288 -10.659378 -16.981829 10.844546 -11.821554 1.588874 -1.832942 10.392664 16.907679 -7.684348 -28.362919 
-0.641819 55.142725 -46.020067 -2.851982 2.900139 -0.911386 5.387576 4.615035 0.531433 -2.818545 -17.861549 0.282386 -8.985963 19.239800 2.808216 -0.000000 0.000000 0.000000 5.987398 -8.508926 3.589922 0.224652 13.147143 -1.878052 -9.546239 -16.818222 2.440548 -0.000000 0.000000 0.000000 6.325654 2.277127 0.132211 -6.829278 -3.289683 -2.865065 7.916846 0.697828 1.097246 -0.120928 -4.502727 -3.982340 -10.746994 -7.564035 6.408846 -0.000000 0.000000 0.000000 -12.254842 -5.573281 11.488200 -8.775296 -7.707314 11.292333 -7.026623 -0.692263 -14.322748 8.858880 -4.267726 25.539018 -8.898136 7.879188 -10.356452 -10.168653 7.352790 -12.489835 -2.196965 -2.620056 11.466917 13.927073 -10.879403 -29.886407 
-0.580621 55.146992 -46.005329 -2.693997 2.897168 -0.957332 5.181520 4.542497 0.507415 -2.669791 -17.702813 0.304400 -8.998506 19.062308 3.104057 -0.000000 0.000000 0.000000 5.866778 -8.539990 3.631015 0.200374 12.985528 -2.027633 -9.332357 -16.580453 2.205934 -0.000000 0.000000 0.000000 6.494014 2.391177 0.358275 -7.118145 -3.192503 -3.105007 8.182241 0.556656 1.187466 -0.143471 -3.617700 -3.759633 -10.942939 -8.333590 6.058968 -0.000000 0.000000 0.000000 -12.681278 -5.735113 11.620759 -8.130358 -7.523715 11.145179 -7.510570 -0.615866 -14.264399 9.158235 -4.370468 25.473752 -9.410551 8.114251 -10.072315 -8.523546 6.938737 -12.624083 -3.283742 -2.857011 11.469612 13.965323 -10.914907 -29.872751 
-0.550948 55.151987 -46.023101 -2.537978 2.920819 -0.952449 4.960990 4.377353 0.449597 -2.592140 -17.529292 0.327409 -8.926837 18.995751 3.249515 -0.000000 0.000000 0.000000 5.633198 -8.551610 3.579817 0.245595 12.877347 -2.009841 -9.223780 -16.470296 1.946925 -0.000000 0.000000 0.000000 6.555402 2.401829 0.432598 -7.158447 -3.192536 -3.112535 8.240196 0.525914 1.198320 -0.175068 -3.442046 -3.754611 -11.008617 -8.354701 5.971362 -0.000000 0.000000 0.000000 -12.724966 -5.687810 11.585280 -8.089531 -7.587275 11.066450 -7.618105 -0.628384 -14.231297 9.066132 -4.423127 25.511419 -9.464047 8.011803 -9.950966 -8.324158 6.894260 -12.594663 -3.362537 -2.866437 11.477751 14.055375 -10.880791 -29.901616 
-0.539051 55.156898 -46.075043 -2.446776 2.973726 -0.937752 4.812913 4.177685 0.386550 -2.614109 -17.394100 0.362451 -8.844481 19.021971 3.228274 -0.000000 0.000000 0.000000 5.336485 -8.526771 3.491266 0.452155 12.834387 -1.919010 -9.272937 -16.520381 1.920509 -0.000000 0.000000 0.000000 6.665581 2.386193 0.508482 -7.167925 -3.200412 -3.108904 8.309217 0.493269 1.196998 -0.246564 -3.354818 -3.782195 -11.005996 -8.266158 5.923851 -0.000000 0.000000 0.000000 -12.755321 -5.643332 11.518560 -8.140935 -7.699893 10.931019 -7.717824 -0.679063 -14.152977 9.033155 -4.436739 25.529397 -9.428690 7.890752 -9.874058 -8.241092 6.814574 -12.547190 -3.325816 -2.846698 11.474875 14.089941 -10.804870 -29.970770 
-0.520993 55.160421 -46.152592 -2.410618 3.038529 -0.907240 4.691188 4.005994 0.279123 -2.630972 -17.309151 0.443005 -8.754808 19.062421 3.153980 -0.000000 0.000000 0.000000 5.218860 -8.538721 3.390537 0.389463 12.835368 -1.814207 -9.222355 -16.599083 2.037800 -0.000000 0.000000 0.000000 6.806027 2.359543 0.578654 -7.117927 -3.215510 -3.095443 8.390829 0.467460 1.179434 -0.332209 -3.237521 -3.796286 -10.971946 -8.186587 5.847002 -0.000000 0.000000 0.000000 -12.778586 -5.605346 11.402492 -8.136678 -7.792199 10.800531 -7.758953 -0.846003 -14.087532 9.010618 -4.530867 25.536423 -9.425768 7.751524 -9.748131 -8.217757 6.756643 -12.531827 -3.421758 -2.847735 11.401193 14.159237 -10.789171 -30.003576 
-0.485790 55.172610 -46.248844 -2.419648 3.172593 -0.842627 4.589222 3.863009 0.108976 -2.642981 -17.346857 0.565221 -8.610233 19.092185 3.106088 -0.000000 0.000000 0.000000 4.870745 -8.673599 3.201339 0.843341 12.853170 -1.732096 -9.403731 -16.631407 2.052631 -0.000000 0.000000 0.000000 6.967819 2.316371 0.632882 -6.997540 -3.243960 -3.083977 8.482643 0.426684 1.149864 -0.393677 -3.137784 -3.796244 -11.013223 -8.109249 5.797136 -0.000000 0.000000 0.000000 -12.735687 -5.572705 11.192428 -8.140435 -7.848757 10.620392 -7.856174 -1.133774 -13.865937 8.957690 -4.567007 25.602450 -9.359657 7.610490 -9.560807 -8.143777 6.646032 -12.467330 -3.337608 -2.797977 11.243634 14.260864 -10.766747 -30.110258 
-0.443571 55.189687 -46.334761 -2.456522 3.398452 -0.751641 4.524576 3.766365 -0.097732 -2.653055 -17.515108 0.722527 -8.425661 19.116795 3.039547 -0.000000 0.000000 0.000000 4.504743 -8.911588 2.989707 1.445471 12.752501 -1.683640 -9.641865 -16.559132 2.039573 -0.000000 0.000000 0.000000 7.126778 2.249501 0.637350 -6.797160 -3.285330 -3.043872 8.569428 0.358573 1.122704 -0.449870 -3.039770 -3.731952 -11.099693 -8.066275 5.717248 -0.000000 0.000000 0.000000 -12.605240 -5.435138 10.780358 -8.075497 -7.873986 10.314135 -7.931926 -1.861502 -13.299789 8.943459 -4.524906 25.812947 -9.249841 7.390747 -9.218219 -7.913033 6.551315 -12.309047 -2.982611 -2.678672 10.908427 14.352252 -10.756705 -30.295641 
-0.399012 55.209184 -46.378720 -2.501091 3.641099 -0.667726 4.522262 3.679106 -0.354171 -2.638722 -17.779697 0.997866 -8.285086 19.213540 2.971836 -0.000000 0.000000 0.000000 4.144916 -9.101532 2.817331 2.174412 12.562325 -1.697150 -9.929317 -16.446058 1.986052 -0.000000 0.000000 0.000000 7.212805 2.160097 0.660545 -6.433552 -3.289850 -2.974350 8.591846 0.277723 1.053271 -0.530370 -2.924704 -3.601178 -11.175450 -7.971400 5.612101 -0.000000 0.000000 0.000000 -12.315620 -5.094510 10.004398 -7.884490 -7.712057 9.699677 -7.810427 -3.662615 -11.996666 9.022827 -4.434362 26.235754 -8.960768 7.063140 -8.601487 -7.553961 6.292507 -11.867940 -2.514599 -1.914865 10.095000 14.214979 -10.780791 -30.623891 
-0.362194 55.224204 -46.355778 -2.571524 3.866662 -0.572741 4.620566 3.611191 -0.629727 -2.573594 -18.075922 1.317452 -8.250817 19.360292 2.895043 -0.000000 0.000000 0.000000 3.830913 -9.130044 2.660685 3.041009 12.195752 -1.751074 -10.349117 -16.293606 1.952882 -0.000000 0.000000 0.000000 7.276001 2.050029 0.674748 -5.940551 -3.216073 -2.901391 8.528272 0.203766 0.904829 -0.638294 -2.751832 -3.342003 -11.247031 -7.867311 5.522987 -0.000000 0.000000 0.000000 -11.979986 -4.444804 8.626031 -7.524709 -7.480893 8.760014 -7.444895 -7.006128 -9.747197 9.185040 -4.108382 26.911405 -8.424274 6.482151 -7.444822 -6.947868 5.754937 -10.958678 -2.304869 0.762971 8.569696 13.145657 -10.783619 -31.383569 
-0.328475 55.225968 -46.280140 -2.759602 4.151203 -0.400690 4.873453 3.670066 -0.914092 -2.470368 -18.446744 1.546611 -8.310056 19.414221 2.826514 -0.000000 0.000000 0.000000 3.541673 -9.179333 2.460474 4.275632 11.584651 -1.888869 -11.107079 -15.984720 1.997092 -0.000000 0.000000 0.000000 7.527765 1.959321 0.555896 -5.403419 -3.048028 -2.850528 8.427541 0.122215 0.758531 -0.985684 -2.544858 -2.982948 -11.192911 -7.783053 5.379847 -0.000000 0.000000 0.000000 -11.610778 -3.574766 6.614451 -6.990876 -7.139897 7.369127 -6.891417 -12.065691 -6.814850 9.481742 -3.583778 28.401440 -7.869694 5.590063 -5.665602 -6.233735 4.679777 -9.595664 -2.668294 5.329658 6.803953 11.636031 -10.392798 -32.828756 
-0.293319 55.203223 -46.172482 -3.072841 4.598102 -0.156654 5.261039 3.759048 -1.063119 -2.404040 -18.887829 1.457238 -8.452341 19.280210 2.843398 -0.000000 0.000000 0.000000 3.345231 -9.107944 2.255227 5.788483 10.864872 -2.097757 -12.255418 -15.840725 2.010131 -0.000000 0.000000 0.000000 8.022387 1.830015 0.315489 -4.788942 -2.795837 -2.816367 8.231647 -0.019648 0.620212 -1.656531 -2.439194 -2.557754 -10.991498 -7.522772 5.222947 -0.000000 0.000000 0.000000 -11.073089 -2.501664 4.184307 -6.294807 -6.704219 5.250681 -6.162376 -18.538497 -3.553374 9.396699 -3.621729 31.032100 -7.401354 4.428734 -3.485932 -5.339963 3.164636 -7.543844 -3.776440 11.506180 5.362819 10.033207 -8.878580 -34.927175 
-0.245515 55.152720 -46.048957 -3.528490 5.342202 0.166595 5.721742 3.854026 -1.023286 -2.296402 -19.175114 0.983148 -8.760777 18.668576 2.970745 -0.000000 0.000000 0.000000 3.079823 -9.074691 1.989912 7.915550 9.573421 -2.321221 -13.917491 -15.467082 2.094985 -0.000000 0.000000 0.000000 8.774106 1.670728 -0.074378 -4.005838 -2.630326 -2.785394 7.882648 -0.237224 0.466884 -2.646723 -2.198219 -1.973399 -10.595219 -7.257826 5.116474 -0.000000 0.000000 0.000000 -10.386291 -1.390479 1.800470 -5.645169 -6.136680 1.825384 -5.029201 -25.796717 0.203049 9.166686 -4.274638 33.293677 -7.065867 3.091445 -1.288201 -4.359342 1.416369 -3.890006 -5.014478 18.854327 3.402589 8.944782 -7.002920 -35.834567 
-0.173840 55.097687 -45.898566 -4.035977 6.618214 0.483776 6.089453 3.640858 -0.823980 -1.975651 -19.334695 0.430408 -9.101458 17.734234 3.182884 -0.000000 0.000000 0.000000 2.167177 -8.819353 1.681820 11.522481 7.554305 -2.345196 -15.900046 -15.069549 2.039464 -0.000000 0.000000 0.000000 9.562729 1.444951 -0.575621 -3.040869 -2.534629 -2.590719 7.348010 -0.499313 0.293243 -3.749193 -1.879717 -1.328362 -10.153456 -7.381424 5.030026 -0.000000 0.000000 0.000000 -9.302615 -0.423143 -0.416516 -4.889623 -5.912439 -3.007365 -3.385333 -32.639551 4.325816 7.943662 -5.171570 33.936068 -6.481790 1.793843 0.898248 -2.894046 -0.249417 1.445407 -5.552851 26.266243 0.461195 6.856566 -4.978578 -35.515841 
-0.075159 55.091906 -45.671487 -4.629226 8.410038 0.568433 6.702339 3.026831 -0.241477 -1.927860 -19.572625 -0.098458 -9.293961 16.816582 3.217930 -0.000000 0.000000 0.000000 0.200535 -8.322404 1.166476 17.318308 4.962332 -1.420210 -17.680983 -14.640511 2.133574 -0.000000 0.000000 0.000000 10.299439 1.135426 -0.924840 -2.002174 -2.275777 -2.157365 6.630765 -0.762917 0.130454 -4.827468 -1.443794 -0.761421 -9.628762 -7.878986 4.711407 -0.000000 0.000000 0.000000 -8.118208 0.262428 -2.641845 -3.953149 -6.485424 -8.760315 -1.820720 -37.888696 7.406140 4.840980 -6.245715 32.957597 -5.657514 0.842020 3.187786 -0.579127 -1.203200 7.758349 -4.627871 32.153604 -3.216252 4.312344 -2.907447 -34.120553 
0.064284 55.137050 -45.365632 -5.092715 10.754869 0.233758 7.250487 2.119347 0.793347 -1.982355 -20.050490 -0.369748 -9.432196 15.956748 2.992358 -0.000000 0.000000 0.000000 -3.055665 -7.627404 0.513323 25.177445 2.137460 0.525500 -18.157082 -14.061575 2.820772 -0.000000 0.000000 0.000000 10.952154 0.712804 -1.037325 -1.551087 -1.844473 -1.561506 5.951951 -1.018570 0.185596 -5.647053 -0.956362 -0.252692 -9.151701 -8.525259 4.351569 -0.000000 0.000000 0.000000 -6.899940 0.550246 -4.121746 -2.757207 -7.566128 -15.677674 -0.417879 -40.618692 8.233391 0.140202 -6.962013 31.138716 -5.152991 0.311296 4.792811 1.920053 -0.857318 15.256989 -3.069859 35.446799 -6.019799 2.142460 -1.505210 -32.130533 
0.225865 55.197424 -45.009077 -5.479706 13.447823 -0.240219 7.631317 1.213299 2.000050 -1.839089 -20.772544 -0.473803 -9.678590 15.050059 2.551281 -0.000000 0.000000 0.000000 -7.199430 -6.646082 -0.528897 34.037064 -0.532479 3.180553 -16.176179 -13.361874 4.520442 -0.000000 0.000000 0.000000 11.646328 0.202340 -1.052970 -1.560991 -1.362357 -0.873091 5.152480 -1.279820 0.382003 -6.084983 -0.355581 0.244934 -8.795582 -9.362017 3.978067 -0.000000 0.000000 0.000000 -5.746265 0.483590 -5.284269 -1.584609 -9.012093 -22.601237 0.944585 -40.127633 7.419917 -4.499177 -6.164608 26.199516 -5.179533 0.058173 6.376132 3.889634 0.858617 22.395604 -1.466482 36.156556 -7.323144 0.541993 -1.607122 -28.293256 
0.415347 55.254567 -44.648165 -5.833478 15.955350 -0.737545 8.108045 0.602533 3.108752 -1.832121 -21.535426 -0.367424 -9.823123 14.084906 2.270165 -0.000000 0.000000 0.000000 -11.333706 -5.647106 -1.505426 42.109421 -1.744803 5.254073 -12.263501 -12.641045 5.824373 -0.000000 0.000000 0.000000 12.514594 -0.243553 -0.734682 -1.923727 -0.650336 -0.314735 4.114370 -1.489972 0.729112 -6.386482 -1.472953 0.312481 -8.092276 -8.868160 4.052722 -0.000000 0.000000 0.000000 -5.049663 0.435526 -6.745522 -0.338991 -11.101465 -28.482902 2.971614 -35.958664 5.911581 -6.728034 -2.615261 19.631414 -5.460965 0.581866 7.826088 5.832191 3.348612 28.412737 0.228292 34.232147 -7.387665 -0.089422 -2.301836 -23.357610 
0.579483 55.299687 -44.289175 -5.898900 17.969891 -1.202370 8.466356 -0.103347 4.040514 -1.974042 -22.077032 -0.200727 -9.975969 13.453577 1.919685 -0.000000 0.000000 0.000000 -14.951721 -3.999638 -1.877546 48.263818 -1.662960 5.974407 -8.575623 -11.207565 6.273473 -0.000000 0.000000 0.000000 12.730500 -0.262556 -0.566942 -2.367259 0.184803 0.403220 3.203603 -1.332036 1.387687 -5.743018 -2.012308 -0.165974 -7.539704 -8.984838 4.030911 -0.000000 0.000000 0.000000 -4.512688 -0.848359 -8.066135 1.301701 -13.311795 -33.568956 3.979286 -28.377587 3.016313 -7.486407 -0.342307 15.381366 -5.615320 1.996294 9.528737 7.523768 5.797037 32.564255 2.687470 30.248735 -7.212804 -0.108955 -1.694290 -19.808795 
0.644722 55.317551 -43.952844 -5.608774 19.636925 -1.773637 7.913874 -0.383072 4.982482 -1.014674 -22.181188 0.141657 -10.777795 12.335860 1.175578 -0.000000 0.000000 0.000000 -17.715707 -2.441509 -1.580725 51.553809 -0.727629 5.365345 -8.068753 -9.628530 5.718278 -0.000000 0.000000 0.000000 12.700557 -0.165144 -0.009434 -2.336041 0.691699 1.175097 1.754985 -1.408067 1.312252 -4.723408 -1.156306 -0.176517 -7.664737 -9.758856 3.089138 -0.000000 0.000000 0.000000 -2.678681 -2.658137 -9.049891 1.599574 -13.678474 -37.772379 4.497462 -19.610387 0.027502 -8.394004 -2.137220 15.495384 -5.821679 3.868426 11.138731 7.289438 8.841755 36.511557 5.132118 23.955817 -7.140980 0.558543 0.463093 -16.569645 
0.597124 55.332941 -43.578589 -5.036210 21.327679 -2.274761 6.999680 -0.843613 5.683275 0.068813 -22.684187 0.733748 -11.330559 11.747836 0.642173 -0.000000 0.000000 0.000000 -19.359563 -1.055535 -1.335503 51.666329 0.403633 4.533027 -10.870020 -9.398829 4.133837 -0.000000 0.000000 0.000000 12.719221 -0.059136 0.674785 -3.316351 1.370603 1.504096 1.352930 -1.570451 1.368993 -4.560695 -1.979883 -0.274569 -6.869916 -9.287991 2.149802 -0.000000 0.000000 0.000000 -1.428264 -3.171467 -10.701533 1.535433 -15.194933 -41.195222 3.279960 -10.445957 -2.474556 -10.929421 -1.589566 18.768853 -6.409450 5.231536 12.528596 7.288266 12.573004 39.823071 4.685399 17.788844 -6.129524 -0.409871 0.400048 -16.373189 
0.407767 55.297911 -43.160042 -4.356434 22.968470 -2.418191 5.844511 -1.690761 6.072581 1.404966 -23.317429 1.243251 -12.031007 11.604822 0.186361 -0.000000 0.000000 0.000000 -19.695505 0.027481 -1.363774 48.373011 0.965432 3.039067 -11.125567 -9.447239 3.514817 -0.000000 0.000000 0.000000 12.608254 0.327174 0.964769 -4.341435 1.785468 1.391888 1.570018 -1.616245 1.569184 -4.334788 -2.626859 -0.856089 -6.385205 -9.071989 2.219413 -0.000000 0.000000 0.000000 -0.650014 -3.154865 -10.953417 1.135128 -16.214864 -45.801477 1.161428 -2.559737 -4.630438 -13.976182 -0.110769 23.634971 -7.168961 6.092308 12.737783 7.528547 15.526849 43.228723 5.383417 14.014259 -5.625404 -1.335683 -0.299193 -16.807941 
0.125396 55.205876 -42.704543 -3.676872 24.380666 -2.330852 4.809791 -2.597518 6.320057 2.585566 -23.679528 1.602984 -12.809730 11.444033 -0.276621 -0.000000 0.000000 0.000000 -18.780373 1.436633 -1.282642 42.749801 1.793623 0.755453 -11.592634 -9.733106 2.512529 -0.000000 0.000000 0.000000 12.593912 0.735938 0.997186 -4.993519 2.217332 0.970896 2.061248 -1.717347 1.607655 -4.148877 -2.964350 -1.287584 -6.273444 -8.948280 2.179774 -0.000000 0.000000 0.000000 0.445353 -2.332428 -10.964735 1.101989 -16.288585 -49.875163 0.652872 1.923763 -5.629275 -16.334215 1.110337 25.052340 -7.629524 6.299354 12.538811 7.501025 17.727559 46.149283 6.123093 12.083050 -5.800371 -2.019313 -0.538039 -17.550863 
-0.211615 55.069989 -42.235923 -3.091255 25.518599 -2.033003 4.044897 -3.228143 6.522277 3.333046 -23.895487 1.712966 -13.580027 11.197271 -0.950233 -0.000000 0.000000 0.000000 -17.611522 2.773852 -1.707121 37.404292 2.541537 -1.729565 -12.188515 -10.289203 1.791874 -0.000000 0.000000 0.000000 12.957876 1.021559 0.825220 -5.112452 2.651302 0.249768 2.889777 -1.827354 1.290359 -4.223971 -3.090817 -1.440258 -6.330503 -8.826385 1.980274 -0.000000 0.000000 0.000000 1.665044 -1.017171 -11.491811 1.870564 -15.763105 -52.129225 0.481134 3.444645 -6.443123 -17.741935 0.639262 25.620586 -7.775216 6.122587 12.510153 7.353637 19.277889 47.953530 5.927518 11.515623 -5.900017 -2.924473 -0.896332 -18.970031 
-0.618518 54.915470 -41.764987 -2.760977 26.453064 -1.720510 3.356755 -3.392087 6.974518 4.214110 -24.337378 1.660909 -14.387057 10.883959 -1.661098 -0.000000 0.000000 0.000000 -16.736522 3.806267 -3.024991 33.944680 3.171368 -2.919026 -11.870225 -10.804175 1.997348 -0.000000 0.000000 0.000000 14.007410 1.132731 0.523976 -4.649333 2.972523 -0.674510 4.111241 -1.953555 0.682979 -4.509661 -3.310504 -1.338877 -6.316422 -8.798235 1.863662 -0.000000 0.000000 0.000000 2.779591 0.608666 -12.093448 2.961236 -14.836244 -53.052252 0.430577 3.205146 -7.068777 -17.428172 -0.815419 26.210700 -7.660467 5.761433 12.546041 7.001450 20.178885 48.866320 5.808632 11.824699 -5.949778 -2.685551 -1.018903 -20.725681 
-1.146126 54.752940 -41.330683 -2.447396 27.148942 -1.593821 2.637218 -3.245025 7.724453 4.920062 -25.189215 1.515417 -15.068500 10.927503 -2.043488 -0.000000 0.000000 0.000000 -16.717898 4.959907 -4.601998 32.981819 4.814353 -3.234991 -11.123174 -10.547463 2.388392 -0.000000 0.000000 0.000000 15.201003 0.934354 0.211644 -3.218164 3.133503 -1.594784 5.512458 -2.071017 -0.176341 -4.304659 -3.560649 -1.385530 -6.791042 -8.819909 1.720506 -0.000000 0.000000 0.000000 3.594501 1.741026 -12.418010 4.525910 -14.716659 -53.244224 1.006951 1.882137 -7.079231 -18.725569 -1.551751 26.862483 -7.279584 5.705842 12.465291 6.435300 20.960532 49.130466 6.176913 12.650479 -6.101148 -2.539083 -1.137126 -22.458680 
-1.825680 54.609585 -40.947697 -2.442586 27.297534 -1.280140 2.361010 -3.183794 8.547625 5.329536 -25.689538 1.195872 -15.505338 11.264622 -2.550488 -0.000000 0.000000 0.000000 -16.998589 6.301609 -6.198783 33.490550 6.909545 -3.744528 -10.135598 -9.530585 2.940604 -0.000000 0.000000 0.000000 16.914736 0.493337 -0.320531 -1.028776 2.968092 -2.526249 6.950694 -2.182194 -1.127306 -3.301171 -3.340087 -1.706355 -7.639056 -9.038870 1.385245 -0.000000 0.000000 0.000000 3.818884 2.014526 -12.301045 5.986480 -14.919306 -52.840888 3.224856 0.658489 -7.179967 -18.002006 -1.626112 26.537647 -6.914026 6.146041 12.310703 5.356034 21.525624 49.077727 6.823739 13.524517 -6.195094 -2.098202 -1.297733 -23.841755 
-2.688585 54.461700 -40.618840 -2.486450 27.471509 -0.773137 1.967045 -2.927581 9.406628 5.516207 -26.673060 0.800600 -15.681140 11.736567 -3.360791 -0.000000 0.000000 0.000000 -17.510465 7.384408 -8.025297 34.329859 8.386745 -4.322493 -8.733867 -9.462048 3.360807 -0.000000 0.000000 0.000000 19.020322 -0.369162 -0.855990 1.258813 2.335915 -3.490933 8.239558 -2.429342 -2.036569 -1.575181 -3.026292 -2.306776 -8.431122 -9.054450 0.965892 -0.000000 0.000000 0.000000 3.874549 1.754522 -11.903833 6.695833 -14.670105 -52.080800 5.781307 -0.324302 -7.341027 -16.186243 -2.082598 25.743033 -6.738283 6.992037 12.154973 3.960623 22.122553 48.928288 7.340933 14.393398 -6.028696 -1.668082 -1.463032 -24.960891 
-3.671248 54.221421 -40.109521 -2.470907 28.335939 -0.028270 1.458998 -2.510847 10.326841 5.517634 -27.981021 0.515983 -15.962214 11.893324 -4.605812 -0.000000 0.000000 0.000000 -17.813150 7.794776 -10.249092 34.847921 9.103280 -4.876924 -7.706035 -10.151840 3.760776 -0.000000 0.000000 0.000000 20.703990 -0.677343 -0.981534 2.734576 1.693714 -4.399649 8.965083 -2.510397 -2.803072 -0.152418 -2.767840 -3.210844 -9.131948 -8.815497 0.675183 -0.000000 0.000000 0.000000 3.794680 1.292315 -11.211973 6.419347 -13.958366 -51.297158 6.600609 -0.874543 -7.770566 -15.962814 -2.102784 25.038643 -6.566222 7.816411 11.761765 2.522355 22.610550 48.863036 7.572081 15.410866 -5.416432 -1.194347 -1.882268 -25.625898 
-4.734127 53.767484 -39.129177 -2.240541 30.107854 0.940365 0.977099 -2.310543 11.512014 5.273077 -29.692887 0.179967 -16.717571 11.898278 -6.292052 -0.000000 0.000000 0.000000 -17.761513 7.918550 -12.788040 35.098257 10.163301 -5.276132 -7.761618 -10.663199 5.952919 -0.000000 0.000000 0.000000 20.964357 0.849512 -0.617453 2.500820 1.973025 -5.117685 8.625275 -1.907177 -3.338855 -0.410701 -2.108986 -4.308759 -9.755612 -8.667502 0.467557 -0.000000 0.000000 0.000000 3.690186 0.837298 -10.203791 6.030050 -13.331664 -50.697607 6.934547 -2.209095 -7.713168 -16.889511 -1.632797 24.678077 -6.021808 8.221656 11.145882 1.590413 22.657284 48.733249 8.166634 16.966526 -4.866595 -0.839168 -2.337537 -25.621668 
-5.892646 53.049117 -37.480688 -1.663115 32.916341 2.037163 0.320684 -2.557157 12.827922 5.419505 -31.857060 0.341845 -18.164991 11.902849 -8.355296 -0.000000 0.000000 0.000000 -17.429384 7.761514 -15.366529 35.266624 12.492139 -4.929531 -10.168472 -9.521726 10.227049 -0.000000 0.000000 0.000000 19.045504 4.945976 0.294737 0.219607 3.679502 -5.413416 6.892694 -0.315304 -3.659981 -3.072088 -0.518133 -5.324490 -10.515713 -9.055329 0.217518 -0.000000 0.000000 0.000000 3.529404 0.693283 -9.141961 6.269650 -12.919887 -49.778183 8.007621 -5.293519 -7.046195 -16.708380 -1.614497 24.466024 -4.903335 7.938930 10.700349 1.370654 21.954848 48.207454 9.030841 19.052263 -4.312369 -0.698525 -2.650852 -25.581446 
-7.191148 52.202296 -35.445037 -0.956374 36.179779 3.218458 -0.570794 -3.292810 14.143730 6.061587 -34.019486 1.000448 -19.775529 12.123425 -10.333371 -0.000000 0.000000 0.000000 -16.819674 7.109112 -17.099660 35.785226 14.574311 -4.052155 -18.202572 -9.008474 9.590458 -0.000000 0.000000 0.000000 15.751890 10.024113 1.566368 -2.707769 6.016440 -5.156026 4.752688 1.726308 -3.735204 -6.984391 1.455669 -5.770333 -11.214584 -9.854677 -0.123455 -0.000000 0.000000 0.000000 3.079562 0.943445 -8.474766 6.646358 -12.333116 -48.619720 9.777707 -9.953502 -5.659081 -15.238732 -2.311271 24.327577 -3.531918 7.565866 10.550182 1.257158 20.563207 47.325240 10.116373 21.041758 -3.589065 -0.490820 -2.477440 -25.488170 
-8.737321 51.507950 -33.504990 -0.571744 38.980087 4.401543 -1.633499 -4.201388 15.318794 7.131541 -35.253413 2.303960 -20.300691 12.665171 -11.701925 -0.000000 0.000000 0.000000 -18.238061 5.405177 -17.459110 38.650832 12.311730 -2.555414 -24.440614 -8.222633 7.299974 -0.000000 0.000000 0.000000 13.376307 13.851464 2.807156 -4.999854 8.136543 -4.553919 3.101227 3.656619 -3.403275 -10.335428 2.958539 -5.620345 -11.849803 -10.580669 -0.239621 -0.000000 0.000000 0.000000 2.068539 1.473216 -8.283093 6.340043 -11.526494 -47.799055 11.154599 -15.365097 -4.048307 -13.075906 -3.194452 23.673803 -2.259385 7.560210 10.279418 1.082576 19.072524 46.281460 11.701426 22.789404 -2.913288 0.284378 -2.204445 -24.983419 
-10.583737 51.203841 -31.934538 -0.560972 40.568358 5.419196 -3.142042 -4.427984 16.454124 8.589285 -33.249392 3.551124 -18.321684 14.633652 -12.145189 -0.000000 0.000000 0.000000 -21.406839 4.563263 -16.140684 44.314921 10.859284 -1.858816 -26.600748 -7.089381 4.984307 -0.000000 0.000000 0.000000 13.042753 14.689554 3.134755 -5.077223 9.246293 -3.707733 2.708634 4.842901 -2.972556 -12.102871 3.531422 -4.950499 -12.479737 -10.939439 0.089316 -0.000000 0.000000 0.000000 0.620564 1.819909 -8.520453 5.770565 -10.916257 -46.885195 11.586587 -21.988724 -2.929293 -12.560042 -3.683131 22.283582 -1.391242 8.201798 9.926853 0.868630 18.650484 44.941207 14.021175 24.451453 -2.583356 1.603249 -2.250373 -23.830317 
-12.423781 51.345241 -30.519298 -1.491787 42.316408 6.959210 -4.674358 -3.708684 17.313632 9.486269 -28.852328 4.241450 -13.535288 16.183297 -12.567894 -0.000000 0.000000 0.000000 -22.142392 3.964667 -14.815324 47.492925 10.880578 -0.767605 -26.997848 -6.843645 3.285388 -0.000000 0.000000 0.000000 14.003461 13.253224 2.452917 -3.349161 8.744662 -3.079440 3.243865 5.025997 -2.623106 -12.446574 3.401476 -3.795635 -12.678219 -11.351027 0.580312 -0.000000 0.000000 0.000000 -0.229428 1.445724 -9.002119 6.087492 -10.919011 -44.101153 13.516696 -30.570499 -1.314416 -14.122519 -4.642994 19.475951 -0.851127 9.016249 9.733428 1.187992 18.666531 43.366784 16.395531 27.203848 -2.702129 2.569792 -2.256063 -22.800383 
-13.880911 52.001226 -29.184169 -2.754536 45.658580 9.183817 -6.294882 -3.498885 16.638742 9.418790 -23.271540 4.172648 -6.219848 18.234296 -11.701222 -0.000000 0.000000 0.000000 -19.675448 1.545504 -14.643707 45.308826 9.211422 0.567680 -26.856599 -6.457670 0.521509 -0.000000 0.000000 0.000000 15.267549 11.087726 1.529588 -3.294193 6.676412 -3.394961 5.098293 4.428019 -2.164911 -12.396014 2.936315 -3.936508 -10.639993 -12.353912 2.975981 -0.000000 0.000000 0.000000 -2.305551 0.211003 -8.536967 6.629397 -9.772883 -41.610539 19.012778 -37.432384 1.938688 -15.252256 -7.540951 15.504432 -0.399490 10.052270 9.350758 2.676139 15.739936 42.320659 21.336290 33.078363 -4.606807 2.171009 -2.609927 -25.375127 
-14.731963 53.292608 -27.713925 -3.249735 49.897549 10.391621 -8.423167 -2.414948 14.968546 9.782813 -17.054154 3.827859 -2.398038 18.377222 -7.547304 -0.000000 0.000000 0.000000 -16.041931 -0.911480 -13.335160 39.626765 7.870787 0.794028 -23.685502 -7.837500 -1.234128 -0.000000 0.000000 0.000000 14.603979 9.408615 0.534332 -3.823501 4.666839 -3.564868 5.881359 3.354596 -1.751345 -11.500546 0.725721 -4.456733 -9.181367 -11.839691 4.293342 -0.000000 0.000000 0.000000 -2.523090 -0.253215 -8.412877 6.133944 -10.097183 -39.208930 23.219834 -43.083845 4.900758 -13.973667 -9.373368 14.297717 0.794000 8.553466 8.934016 5.861254 12.686781 41.315439 26.510460 40.781504 -9.262775 2.725167 -2.384091 -26.335817 
-15.155491 55.245584 -26.059163 -4.572449 54.365135 11.775551 -9.072204 -0.748106 12.678263 10.303786 -13.510339 2.613289 -4.069871 16.576961 -5.069053 -0.000000 0.000000 0.000000 -10.078542 -2.544140 -10.943929 30.865085 6.470235 0.175386 -16.727719 -10.039993 -0.076490 -0.000000 0.000000 0.000000 13.489059 7.760889 -0.498558 -5.101593 2.497984 -4.259515 6.782301 2.143293 -1.254083 -11.194849 -2.581610 -4.769233 -7.203328 -10.460573 5.934209 -0.000000 0.000000 0.000000 -2.623921 -0.137337 -7.552874 5.481502 -11.169946 -38.823984 23.595031 -46.513953 5.163059 -13.190896 -9.880767 17.005054 1.025979 6.250120 7.415293 9.886354 10.634565 42.648015 30.130023 46.527210 -12.795586 2.997392 -1.892356 -29.499599 
-15.573229 57.659566 -24.343166 -5.758210 58.502753 12.990222 -8.256751 -0.324385 9.727764 9.999628 -11.346162 0.207807 -4.390281 14.789463 -4.294110 -0.000000 0.000000 0.000000 -3.700735 -3.630189 -8.042758 20.420654 4.617895 -0.937090 -5.494989 -11.951936 3.687794 -0.000000 0.000000 0.000000 12.061375 6.266217 -2.171818 -6.684458 0.303047 -4.728356 7.951755 0.673298 -0.722195 -10.788140 -5.198417 -4.708811 -5.322547 -9.630324 7.173879 -0.000000 0.000000 0.000000 -1.818005 -0.089632 -6.468082 4.846600 -13.702596 -40.210375 18.035756 -47.322872 0.644618 -16.976242 -11.460312 23.078748 0.432376 3.798787 5.455148 14.306509 11.597061 44.823946 30.042435 49.019461 -12.583742 0.873140 -1.932945 -32.713344 
-16.358308 60.130596 -22.708188 -5.283041 60.995413 12.247033 -7.019125 -1.174076 6.510610 9.850939 -9.865933 -1.263594 -3.038825 13.624981 -4.257395 -0.000000 0.000000 0.000000 -0.203777 -4.575937 -5.602063 11.857471 2.764271 -1.290806 9.553319 -10.759417 9.019019 -0.000000 0.000000 0.000000 10.680016 5.106062 -3.502492 -7.801478 -1.534796 -4.907928 8.407248 -0.359146 -0.300998 -9.274319 -7.192129 -5.051875 -4.435748 -9.143612 8.959460 -0.000000 0.000000 0.000000 -1.040807 -0.662314 -4.470613 4.007953 -16.799209 -43.633174 9.591376 -44.076589 -7.324407 -25.574812 -17.212590 26.987435 -0.442295 2.357530 2.546285 16.870899 14.421313 48.296491 28.201400 47.288899 -9.343465 -2.718052 -1.197598 -33.156705 
-17.498416 62.165332 -21.196058 -4.370331 61.638840 10.265805 -5.500806 -1.680936 4.281458 10.234835 -8.623622 -1.801278 0.418273 12.136002 -6.173098 -0.000000 0.000000 0.000000 0.011032 -4.940244 -3.700475 9.367375 2.860981 -1.211791 20.457468 -3.709792 13.449569 -0.000000 0.000000 0.000000 10.233977 3.833432 -4.123856 -7.668735 -3.046694 -4.690712 7.654218 -0.853504 0.100481 -7.777468 -8.149684 -5.332047 -4.391793 -9.052077 10.743764 -0.000000 0.000000 0.000000 -1.128724 -1.720386 -2.486664 3.615725 -18.581456 -47.417718 5.519678 -39.206532 -11.577575 -31.666142 -19.536048 24.545088 -0.982756 2.722717 -0.265233 16.726076 17.010680 51.908762 27.991732 43.278506 -6.662377 -4.190495 -1.251952 -30.255992 
-18.750857 63.444579 -19.896244 -4.471228 61.694444 7.985627 -3.809224 -2.023956 3.172760 10.993016 -10.813732 -1.373635 4.348715 11.858524 -7.648031 -0.000000 0.000000 0.000000 -4.046028 -0.888196 -0.388157 21.293180 4.680932 0.929598 11.533482 -3.240712 10.690743 -0.000000 0.000000 0.000000 11.097902 1.125302 -3.356671 -6.918258 -3.637850 -3.738297 6.624886 -0.833252 0.277755 -7.932353 -7.433676 -4.941628 -5.209652 -10.111615 11.255403 -0.000000 0.000000 0.000000 -2.447781 -3.247497 -2.068734 4.965763 -19.340079 -48.902478 7.594036 -36.356310 -12.292549 -30.889242 -16.075729 22.299387 -1.406894 4.441080 -0.427939 16.044203 16.953051 52.654578 29.398688 40.616017 -6.358329 -3.631852 -1.817264 -26.236904 
-19.893174 64.020246 -18.770069 -5.838912 61.053621 6.520966 -1.413320 -0.838987 3.090381 10.679918 -15.125137 -1.326600 8.633840 10.531014 -8.964584 -0.000000 0.000000 0.000000 -11.368114 -0.290700 1.601202 40.477165 2.701019 5.266144 3.183199 -5.218573 6.726064 -0.000000 0.000000 0.000000 13.252783 -1.558509 -1.966192 -6.037181 -3.756361 -2.694488 5.074838 -0.669208 0.082753 -8.679677 -5.701350 -4.141082 -6.449419 -11.405973 10.925029 -0.000000 0.000000 0.000000 -3.433083 -5.059419 -3.407782 7.543537 -18.874029 -47.128528 13.963829 -36.418096 -11.737934 -26.404884 -13.082225 19.663603 -1.629227 6.693003 1.580638 15.220614 15.315204 51.260084 29.925475 38.671119 -6.306389 -2.606465 -1.229539 -25.010628 
-20.946439 63.737172 -17.686249 -7.272461 60.328109 5.691102 1.293697 -0.216972 2.885208 9.114691 -16.609294 -1.269539 12.628771 7.788549 -12.051125 -0.000000 0.000000 0.000000 -20.050768 -0.001877 2.509272 62.749405 -1.770590 9.237162 -4.278445 -9.462893 1.555354 -0.000000 0.000000 0.000000 15.680621 -3.733614 -1.131627 -5.685745 -3.593990 -1.828776 3.730760 -0.749650 -0.554208 -8.947190 -2.401334 -2.055878 -7.766345 -14.029005 8.933926 -0.000000 0.000000 0.000000 -3.244197 -6.768134 -4.589288 9.929081 -18.265195 -44.289956 22.562719 -37.664371 -8.714416 -20.672140 -14.207898 14.164942 -2.354529 8.173163 3.705929 14.799347 14.946249 50.088198 30.658150 36.085016 -7.721525 -2.142900 -0.285027 -24.934216 
-22.018291 62.617576 -16.588120 -7.226272 60.427456 3.718953 2.506934 0.301663 3.035531 7.546531 -17.626380 -1.050874 15.751436 5.975841 -13.424243 -0.000000 0.000000 0.000000 -29.712115 1.579328 2.606457 83.936727 -3.941808 13.416462 -10.385039 -12.308380 -3.128294 -0.000000 0.000000 0.000000 17.666019 -6.091527 -0.221856 -6.219949 -3.352816 -1.141221 2.987753 -1.021957 -1.180416 -9.148790 -0.192999 -0.028174 -7.912224 -15.669678 6.988662 -0.000000 0.000000 0.000000 -2.948904 -7.584791 -5.372647 11.852972 -18.137035 -41.831287 30.953910 -38.457414 -4.607560 -16.797447 -17.479836 9.702588 -2.911825 8.918595 5.232039 14.146594 15.300427 49.422431 30.111596 33.172697 -8.969892 -1.524114 0.780578 -25.460806 
-23.134890 60.746628 -15.353307 -6.037382 61.332537 0.884673 1.936659 0.614036 3.405299 8.622552 -18.158209 -1.027362 13.330844 10.191728 -6.658587 -0.000000 0.000000 0.000000 -39.488283 3.728883 1.601611 101.829661 -1.379029 16.237067 -13.049280 -12.744605 -5.234923 -0.000000 0.000000 0.000000 19.243510 -8.378899 0.429909 -7.262113 -3.323347 -0.333289 3.085744 -1.372687 -1.542512 -9.282518 0.231037 1.261807 -7.398308 -16.073166 6.031761 -0.000000 0.000000 0.000000 -2.774044 -7.870014 -5.884596 12.537862 -17.853024 -39.920156 36.155745 -38.799685 -2.519557 -14.526488 -18.110758 8.424620 -2.954651 9.019909 6.288506 13.209750 15.650944 48.967160 27.427784 30.959094 -9.582644 -1.748944 1.154846 -25.660331 
-24.206832 58.317965 -13.967204 -7.599499 62.670341 0.077207 2.414764 2.837525 5.438072 11.945651 -17.072196 0.981919 -2.594782 13.131034 0.992838 -0.000000 0.000000 0.000000 -46.094737 5.356910 -0.368599 115.493640 3.655516 16.263132 -14.695261 -10.542511 -4.106234 -0.000000 0.000000 0.000000 21.738600 -9.769304 1.050562 -6.911391 -3.744713 0.459776 2.807242 -1.630241 -1.575707 -8.789047 0.487923 2.307077 -8.066926 -16.847331 5.155280 -0.000000 0.000000 0.000000 -2.867790 -8.703658 -6.264781 11.413815 -16.417719 -39.261934 37.300347 -36.841880 -2.697049 -11.509881 -17.593851 8.150866 -2.756235 8.963308 7.214578 12.142964 14.833590 48.513147 24.195892 30.129979 -10.145631 -2.869492 1.219714 -25.568896 
-25.324047 56.023633 -12.714721 -13.556909 64.311752 5.162729 3.805433 2.766910 8.467411 13.447173 -21.149361 -0.088588 -13.254393 13.544031 4.956502 -0.000000 0.000000 0.000000 -48.126821 8.143916 -4.726778 123.691159 9.056008 13.718838 -14.968007 -6.879468 -1.765679 -0.000000 0.000000 0.000000 24.541664 -10.109982 -0.815438 -3.697272 -4.711259 1.350410 2.378871 -2.187891 -2.180593 -9.963757 1.819418 3.992813 -8.765359 -19.656384 3.676052 -0.000000 0.000000 0.000000 -3.724097 -9.379102 -7.889721 8.857288 -16.435578 -37.407520 34.683008 -30.445641 -4.055745 -8.324539 -15.886756 9.795047 -3.849721 7.969105 10.732973 11.562172 15.329124 46.978098 20.968440 28.442004 -11.560029 -4.097761 1.377517 -26.061772 
-26.519179 54.271865 -11.817014 -20.703923 66.440978 13.284384 3.022070 1.258683 9.716820 17.114127 -24.318976 -1.867267 -18.988243 13.399274 7.909969 -0.000000 0.000000 0.000000 -46.678731 11.261006 -10.974594 125.353336 12.317167 10.252468 -14.094176 -3.236627 1.690164 -0.000000 0.000000 0.000000 26.530395 -9.192215 -3.732997 0.195877 -6.077230 1.767616 2.084273 -2.988428 -3.159823 -11.462853 2.118980 4.577627 -9.533983 -22.758551 3.008369 -0.000000 0.000000 0.000000 -4.715769 -10.539667 -8.844731 3.803548 -18.058065 -37.733908 29.454279 -19.438209 -5.650659 -3.130546 -10.781550 18.215086 -4.446141 6.899302 14.030658 10.794028 16.522652 47.127725 16.975342 25.575415 -12.921001 -5.613008 1.747253 -29.569732 
-27.683002 53.356278 -11.182163 -26.764173 67.409015 20.016019 -2.222363 -1.044876 10.182016 28.035483 -25.410759 -1.723266 -19.399307 13.149569 7.914984 -0.000000 0.000000 0.000000 -42.839977 11.726698 -14.779998 120.214061 12.271045 6.802290 -13.347469 -3.034703 2.496902 -0.000000 0.000000 0.000000 28.330035 -7.613397 -4.682526 1.215516 -7.124334 0.578216 2.606286 -3.095124 -3.689399 -10.339145 -3.118605 1.824323 -9.296177 -20.995982 6.579329 -0.000000 0.000000 0.000000 -6.203220 -11.965197 -9.194777 -0.959148 -18.478788 -39.622840 18.422339 -11.311871 -9.250307 -2.304161 -3.118477 34.801551 -4.252157 8.850010 13.415487 9.851797 16.707852 50.985985 9.072048 22.338624 -10.454513 -7.031728 1.326263 -36.594634 
-28.704271 52.792060 -10.531096 -30.471043 67.547825 22.840486 -6.979784 -2.112934 12.386256 36.864934 -25.334972 -0.689226 -17.204448 11.697274 5.809992 -0.000000 0.000000 0.000000 -37.130936 10.810255 -14.975295 110.176490 9.995511 5.054594 -13.101087 -5.281640 1.227110 -0.000000 0.000000 0.000000 29.686160 -6.779566 -3.444439 -0.646252 -6.437623 -0.984484 3.669182 -2.765934 -4.179266 -8.732397 -4.176617 0.051765 -7.864698 -21.021726 6.135571 -0.000000 0.000000 0.000000 -5.571338 -12.195654 -8.123787 -3.929280 -18.705168 -41.892050 7.943628 -11.454557 -10.316930 -16.405798 -4.459109 39.842081 -3.564336 9.552778 9.801223 9.208612 19.196602 54.999311 4.567259 19.231617 -6.553092 -13.626537 -0.734099 -37.515105 
-29.415336 52.489567 -9.665309 -30.883327 66.776269 22.991677 -7.782370 -1.643379 14.706665 38.499724 -24.440000 -0.258644 -17.224743 9.268919 4.333556 -0.000000 0.000000 0.000000 -30.939859 9.504720 -14.450469 97.037742 6.940732 2.768374 -11.622195 -8.957612 -0.358988 -0.000000 0.000000 0.000000 28.186559 -6.232662 -3.644942 -0.522959 -5.625810 -1.951046 2.713588 -2.214712 -3.972817 -6.416122 -7.268521 -1.625162 -7.040813 -18.918581 7.986406 -0.000000 0.000000 0.000000 -4.787478 -11.360594 -8.201718 -2.123299 -20.079092 -40.725920 7.872473 -17.218499 -11.767082 -29.533864 -6.858882 32.984152 -2.685326 10.584445 9.037994 9.457629 20.020896 54.925142 5.928091 17.637828 -4.824660 -13.415724 -2.547801 -31.015080 
-30.033067 52.278346 -8.601586 -29.044295 65.931491 21.990038 -6.647925 -1.960504 14.827874 36.515192 -24.094575 -0.310316 -18.909824 10.816701 5.177859 -0.000000 0.000000 0.000000 -24.725041 8.801319 -15.462490 81.445356 5.028615 1.409262 -9.774585 -12.345821 -0.346647 -0.000000 0.000000 0.000000 25.740368 -5.703395 -4.765507 -0.863695 -5.425101 -2.140075 1.831528 -2.142792 -3.908000 -5.601258 -5.273401 -0.951667 -6.745272 -20.359023 7.419292 -0.000000 0.000000 0.000000 -2.885847 -10.676580 -9.101484 2.744578 -20.148471 -35.922034 17.683050 -27.605818 -10.050802 -31.193678 -9.204776 22.310971 -2.139661 10.590426 11.093010 10.736084 21.119564 51.933125 12.132274 17.555772 -5.912600 -9.498475 -0.475484 -27.942642 
-30.755189 51.973563 -7.191270 -27.490382 64.882243 21.201719 -5.367551 -2.148888 14.930647 35.256971 -23.185492 0.864108 -20.698181 12.218088 5.086682 -0.000000 0.000000 0.000000 -19.130636 7.741486 -16.641027 66.484470 5.345300 0.644520 -8.934041 -14.172623 0.917763 -0.000000 0.000000 0.000000 24.406952 -5.474318 -4.750479 -1.337744 -5.565380 -2.364567 1.279696 -2.226685 -3.684782 -7.003018 -4.642359 -0.343940 -6.778334 -20.075772 6.828689 -0.000000 0.000000 0.000000 -1.549441 -8.759823 -10.003693 7.330982 -18.276483 -31.311548 31.101176 -38.205702 -3.227493 -20.385537 -14.004843 19.256048 -2.132131 10.670683 12.588671 10.725745 20.627663 49.776276 13.969173 19.396084 -6.162440 -6.074160 -0.203775 -29.616719 
-31.699467 51.442993 -5.333479 -25.349174 63.141794 19.977607 -4.696978 -2.267787 16.218488 34.600029 -23.277492 0.924354 -21.167688 14.010340 3.605862 -0.000000 0.000000 0.000000 -15.327983 6.963637 -17.418984 54.438656 8.697046 -0.330894 -4.729441 -12.684779 3.744380 -0.000000 0.000000 0.000000 23.442108 -5.004349 -4.421419 -1.363516 -5.189496 -2.364182 1.750621 -1.772834 -2.957345 -8.539463 -3.741117 -0.316083 -7.539283 -19.677386 6.460883 -0.000000 0.000000 0.000000 -1.232344 -7.427565 -10.159910 10.086957 -15.733401 -30.340460 40.901866 -44.257787 4.251854 -10.505343 -15.412921 21.682330 -2.102821 10.612719 13.200777 9.450679 18.393400 47.977483 12.947217 23.312751 -5.862943 -6.973847 -0.943976 -29.672377 
-32.983646 50.805008 -3.114691 -21.795585 61.057351 18.002843 -4.672165 -1.985448 17.897997 33.487935 -23.399724 0.525888 -20.866532 15.928401 0.488494 -0.000000 0.000000 0.000000 -13.568448 6.566042 -18.395506 47.532562 12.460779 -1.750175 -9.006825 -12.711625 8.814337 -0.000000 0.000000 0.000000 22.367041 -4.461056 -4.234456 -0.880450 -4.153336 -2.206417 3.164549 -0.989737 -2.512241 -10.418831 -2.268309 0.173564 -7.833906 -19.389526 5.329547 -0.000000 0.000000 0.000000 -0.791940 -5.691515 -9.760540 10.672062 -13.992537 -30.945733 39.041122 -48.014778 4.472306 -11.015042 -14.671240 22.242544 -2.572664 9.911118 13.274766 7.442868 17.798686 46.430145 10.666367 27.457325 -4.472936 -7.001610 -1.034029 -28.902363 
-34.472200 50.363529 -0.781411 -18.187727 59.771418 16.608568 -4.698249 -1.366455 18.695965 31.198907 -23.160693 1.459501 -19.387953 17.225344 -2.860562 -0.000000 0.000000 0.000000 -14.128218 5.221842 -19.670747 45.894263 13.058905 -2.550308 -18.776597 -9.337433 9.823186 -0.000000 0.000000 0.000000 21.388368 -3.847239 -3.433254 0.699629 -3.589811 -2.185222 4.004489 0.068315 -2.886390 -10.947801 0.472381 0.502726 -7.707422 -19.177298 3.821213 -0.000000 0.000000 0.000000 -1.372376 -3.717098 -9.821177 10.664857 -12.235780 -31.003340 31.171074 -50.821048 1.299827 -16.041429 -12.972458 18.999692 -3.008585 9.541974 13.322433 5.668774 18.647046 44.729712 10.109220 32.710880 -3.667754 -6.126489 -1.754859 -28.953313 
-35.934409 50.315422 1.771005 -16.236096 59.895554 16.222936 -3.698863 -1.050310 19.965141 27.281800 -24.001989 3.032441 -15.949292 18.393092 -5.241792 -0.000000 0.000000 0.000000 -15.251122 2.978701 -19.669270 45.031375 12.570924 -0.182294 -24.835020 -7.876502 5.805618 -0.000000 0.000000 0.000000 21.016864 -3.163461 -1.722925 1.634479 -2.586675 -2.305964 5.472594 0.652799 -3.234481 -9.696134 3.219595 -0.263984 -5.760997 -16.870205 2.294045 -0.000000 0.000000 0.000000 -2.556560 -2.004177 -10.065684 9.540712 -10.781327 -29.836446 26.602870 -53.380847 0.848646 -18.876291 -11.544502 16.366316 -2.829051 9.555212 13.121783 4.508818 19.546544 42.397191 13.120936 40.080223 -4.766034 -6.001285 -1.723346 -29.307231 
-37.339216 50.818425 4.256222 -14.923593 60.028478 16.348070 -1.600481 -1.084460 20.865770 22.027584 -24.205623 4.309911 -9.741886 19.341760 -7.113080 -0.000000 0.000000 0.000000 -17.129804 2.708006 -17.725400 47.306499 11.360474 0.852464 -25.965122 -6.371114 2.117327 -0.000000 0.000000 0.000000 21.075677 -2.235625 -0.933502 2.766164 -0.843458 -2.544930 6.144290 1.145565 -3.067222 -6.557174 6.570587 -1.887246 -2.752516 -12.745351 0.779447 -0.000000 0.000000 0.000000 -3.756136 -1.642129 -9.550922 8.311725 -10.437666 -28.081699 21.086027 -56.440600 0.000399 -21.114401 -11.177290 15.972377 -2.581777 9.882717 12.440400 5.245624 20.157022 39.277474 17.675223 48.951595 -8.080819 -6.055315 -0.649901 -29.681749 
-38.424727 51.773447 6.341323 -13.222604 61.211222 16.275012 -0.203521 -2.015938 20.609949 16.878609 -22.507877 4.593152 -3.182111 20.999791 -5.970553 -0.000000 0.000000 0.000000 -16.186027 2.526800 -16.253815 44.775943 12.467151 2.362971 -26.411296 -7.197987 -0.696587 -0.000000 0.000000 0.000000 19.925214 -1.011705 -1.187459 3.909413 -0.029392 -2.523421 6.795602 1.210092 -2.912777 -2.973906 10.178054 -4.018649 1.859111 -7.089342 -0.807373 -0.000000 0.000000 0.000000 -4.117121 -2.333100 -7.964706 6.963133 -11.785154 -25.831141 13.480682 -59.653146 -3.046385 -26.582431 -11.030014 17.122890 -2.150734 9.557024 11.044434 7.537330 21.145569 35.668887 24.364875 58.040676 -15.047679 -5.142299 -0.187961 -29.513223 
-39.013186 53.200400 7.789450 -11.432939 63.415371 16.151227 -0.098617 -1.839475 19.070274 12.410979 -19.084290 2.828567 -3.899090 20.357322 -1.225762 -0.000000 0.000000 0.000000 -13.248261 0.345940 -14.777961 38.199222 10.529533 2.323858 -25.272291 -7.664916 -1.915347 -0.000000 0.000000 0.000000 18.325102 0.255663 -2.273188 2.931068 -0.329541 -2.796578 7.925196 0.951437 -2.610240 2.029014 13.854108 -6.222097 6.500342 -1.554207 -2.267808 -0.000000 0.000000 0.000000 -4.269575 -3.540776 -5.171098 5.636982 -14.000587 -23.908214 6.563270 -62.028640 -7.305086 -32.541101 -11.377736 16.949878 -1.277817 7.995368 8.564859 10.224375 20.865888 33.609453 36.431232 65.617615 -28.103620 -5.063925 0.907488 -29.400339 
-39.379409 55.305451 8.909363 -11.071559 65.776687 16.395052 -0.549365 -0.803025 16.941664 10.893416 -17.002120 0.383259 -6.695047 16.897629 -1.780611 -0.000000 0.000000 0.000000 -8.728822 -1.231538 -11.993651 29.607785 9.077751 1.083026 -19.185947 -9.412622 -0.651849 -0.000000 0.000000 0.000000 17.075301 1.077759 -3.143608 1.570236 -1.262610 -3.336206 8.633446 0.544088 -2.323098 7.946387 16.513667 -8.460349 10.226027 3.953447 -3.194214 -0.000000 0.000000 0.000000 -4.257038 -4.844657 -2.397796 4.013389 -15.498792 -22.940951 0.989998 -63.319911 -11.187257 -35.551642 -12.801627 15.397764 -0.671458 5.983495 5.342780 12.471425 20.363480 34.875230 48.251003 70.228328 -41.057304 -5.054163 1.698863 -31.511333 
-39.905477 57.844132 10.070921 -10.926901 68.435419 16.370918 -1.398358 -0.748586 13.567373 11.604392 -17.117186 -1.593200 -6.032301 14.123949 -2.051485 -0.000000 0.000000 0.000000 -3.006794 -2.616926 -9.042211 17.944113 6.757257 -0.242979 -7.958854 -10.688351 3.083180 -0.000000 0.000000 0.000000 15.913228 1.441395 -4.019317 -0.176177 -2.730060 -3.843002 9.016104 -0.107653 -1.738522 14.468195 16.580210 -11.352721 12.630654 9.814845 -2.925565 -0.000000 0.000000 0.000000 -3.817038 -5.548659 -0.285503 2.851286 -16.582746 -22.895697 -5.266577 -64.144848 -16.427985 -37.772390 -14.628713 15.275664 -0.426936 4.067479 2.021073 14.817838 20.675576 38.330008 54.883316 73.685767 -48.283699 -6.762084 1.117383 -34.356094 
-40.956235 60.322917 11.642212 -9.857307 70.368379 14.806364 -2.295814 -0.921040 9.869572 13.928862 -14.790001 -2.258568 -4.179802 12.485498 -2.606965 -0.000000 0.000000 0.000000 0.344128 -4.635588 -6.711779 7.544779 4.709006 -0.789373 8.312575 -8.181344 9.000308 -0.000000 0.000000 0.000000 15.070498 2.030029 -4.946453 -1.096098 -4.113769 -3.708118 8.418294 -0.805877 -0.801844 20.250672 15.158678 -14.505119 13.190606 14.834832 -1.993039 -0.000000 0.000000 0.000000 -2.874722 -5.715761 1.196011 1.868195 -17.250726 -23.598088 -13.224887 -64.635245 -23.566240 -41.759614 -16.591526 14.432294 -0.129510 2.103557 -0.078130 16.676915 21.120701 40.904126 62.702244 76.057189 -55.752495 -9.194078 1.018610 -33.407348 
-42.411059 62.171310 13.483086 -7.545862 70.976889 11.374665 -2.719914 -1.818823 6.849563 16.041936 -10.364490 -2.758106 -0.633790 12.911343 -3.850378 -0.000000 0.000000 0.000000 -0.588425 -4.886423 -4.956499 6.684627 4.870146 -0.245249 14.700124 -3.038929 12.956922 -0.000000 0.000000 0.000000 14.246805 2.433297 -5.619748 -1.033632 -4.797887 -2.973193 7.659159 -1.124376 0.267563 23.901632 14.511267 -17.476801 11.241671 17.435845 -0.567998 -0.000000 0.000000 0.000000 -2.304884 -5.907177 2.727433 1.322278 -16.841231 -24.825293 -21.613629 -65.113182 -31.072328 -46.428251 -17.518455 11.157450 0.681777 0.820735 -1.568312 16.947155 20.655767 42.790879 74.546796 76.433132 -66.518409 -9.306334 2.011046 -30.141296 
-43.801683 63.264012 15.188649 -7.962326 71.142302 9.603053 -1.752173 -2.280763 5.248941 16.942674 -7.663159 -3.031412 4.079144 13.395669 -5.957037 -0.000000 0.000000 0.000000 -3.907592 -1.022129 -2.062831 17.612006 3.022699 1.052473 10.201546 -5.285657 10.139266 -0.000000 0.000000 0.000000 13.998611 1.170269 -4.734069 -0.599499 -4.487415 -1.889706 7.227050 -0.997995 0.896229 25.279773 14.761906 -19.407671 9.008935 18.434061 -0.466088 -0.000000 0.000000 0.000000 -1.980257 -6.380478 3.713799 1.515350 -15.803694 -25.715102 -25.415103 -66.227115 -33.845445 -49.053041 -17.048286 7.684332 1.406284 0.984138 -2.446563 17.011331 19.797167 44.182671 82.183887 75.212708 -74.091424 -8.012811 3.025225 -27.162245 
-44.939166 63.633233 16.506024 -10.689181 70.400170 9.993652 0.573378 0.074527 4.032649 16.043390 -8.863072 -2.087375 9.377319 11.204713 -8.581635 -0.000000 0.000000 0.000000 -8.633016 -1.885004 -1.407655 32.413920 -0.235306 3.278677 5.996373 -6.186123 8.040591 -0.000000 0.000000 0.000000 14.525999 -0.048455 -3.065176 0.566266 -4.026773 -1.021928 5.989271 -0.487767 0.831006 25.273887 15.908514 -20.172765 7.399014 18.354643 -0.490651 -0.000000 0.000000 0.000000 -2.217577 -6.818151 4.236223 1.798007 -14.440684 -26.040605 -23.774701 -68.211746 -32.430029 -49.605059 -15.411647 5.643012 2.155514 1.845494 -2.342742 16.474008 17.982743 45.251993 84.962067 74.617076 -76.974143 -6.754619 3.284968 -25.987177 
-45.890492 63.172340 17.591986 -14.556618 70.303177 11.444911 3.645536 2.196876 3.877128 13.356402 -11.342323 -1.571120 14.738358 7.742014 -11.447107 -0.000000 0.000000 0.000000 -13.382900 -3.193988 -2.714649 48.516309 -3.238854 6.349750 0.644608 -6.606639 6.045172 -0.000000 0.000000 0.000000 15.676369 -1.186276 -1.011076 0.357847 -3.589231 -0.386844 4.943954 -0.123936 0.540855 24.723905 17.945113 -19.406258 7.504698 17.358974 -1.198865 -0.000000 0.000000 0.000000 -3.208919 -7.025840 4.978178 1.940106 -14.442684 -26.856330 -18.516750 -69.180945 -28.263058 -49.232546 -13.539217 4.484695 2.321939 2.182347 -2.242164 16.288620 16.325667 46.421136 83.230110 74.266698 -75.412703 -7.383437 3.864377 -26.694575 
-46.889827 61.918718 18.499091 -16.381351 71.115031 11.030281 5.836094 2.852481 4.268886 9.869595 -12.935995 -1.544782 18.966728 8.507615 -11.535068 -0.000000 0.000000 0.000000 -18.873551 -2.877760 -5.117630 63.846298 -2.923883 9.382273 -3.489920 -6.395509 3.976479 -0.000000 0.000000 0.000000 15.998041 -2.389084 0.982637 -1.110854 -3.035980 0.260174 4.718108 0.053163 0.316702 23.306851 19.437867 -17.742986 8.300620 16.479541 -1.935204 -0.000000 0.000000 0.000000 -4.254318 -7.098691 5.654522 1.471372 -15.540482 -28.328442 -13.353667 -69.249338 -24.070536 -48.961311 -11.598834 4.523268 2.053627 1.871093 -2.243386 16.098366 15.083999 47.128496 78.774211 73.754015 -71.434882 -8.465535 4.470709 -27.593528 
-48.059604 59.921753 19.363947 -15.913885 72.669769 8.681778 6.436535 2.977244 4.817861 9.273953 -13.714878 -1.256816 8.714784 15.859147 -2.961397 -0.000000 0.000000 0.000000 -25.006773 -2.073704 -8.725887 77.564667 0.153525 11.141185 -6.178847 -6.272116 3.037727 -0.000000 0.000000 0.000000 15.646399 -3.548873 2.517258 -3.731050 -2.580070 0.836844 5.273486 0.048555 0.391054 20.802910 19.509936 -15.653128 8.896571 16.313142 -2.598666 -0.000000 0.000000 0.000000 -4.789279 -7.194286 5.889889 0.264183 -16.553567 -29.733390 -11.428769 -69.533144 -22.957985 -49.119458 -10.286070 6.229586 1.688057 1.291879 -2.050306 15.900011 13.849722 46.874686 74.905699 73.825087 -68.609926 -9.371078 4.441373 -27.992872 
-49.303195 57.529807 20.400591 -17.739059 74.229433 8.672945 6.639934 5.007784 7.051314 10.141029 -14.638956 0.455827 -6.452354 16.048562 3.662976 -0.000000 0.000000 0.000000 -29.196517 -1.159579 -12.839669 88.439053 2.923329 11.013659 -8.494585 -6.626606 3.343352 -0.000000 0.000000 0.000000 16.084365 -4.467661 3.332832 -5.117126 -2.340694 1.540610 4.556266 -0.056182 0.522768 18.055111 19.258365 -13.250997 8.341691 15.132305 -2.958279 -0.000000 0.000000 0.000000 -5.115737 -7.115869 5.350319 -0.911601 -17.244902 -30.334669 -10.604088 -70.625204 -22.449831 -49.959791 -9.983566 8.076585 0.907135 0.906534 -0.503419 15.915943 12.256893 45.029449 72.221944 74.501622 -67.072036 -9.707244 4.400909 -28.004520 
-50.540698 55.413949 21.727352 -24.878343 74.968774 16.300126 6.814324 4.540276 10.064596 11.241906 -18.485838 -2.394694 -16.273407 15.744887 7.039384 -0.000000 0.000000 0.000000 -30.297849 1.384736 -18.750719 94.747885 6.184415 9.479377 -8.838946 -7.851341 3.846562 -0.000000 0.000000 0.000000 17.436394 -4.628970 0.976431 -4.454778 -2.388288 2.285049 3.308712 -0.373173 -0.457239 13.241306 19.431011 -8.678542 9.337329 10.369337 -3.582297 -0.000000 0.000000 0.000000 -5.821266 -6.008946 3.130083 -1.811974 -19.799799 -27.867523 -7.769768 -71.683854 -19.433634 -50.125963 -10.335717 9.155859 -1.761974 -0.479179 4.688218 16.604017 12.826642 41.864443 66.136022 72.690206 -63.177630 -7.650014 4.540076 -28.279903 
-51.634067 53.930485 23.331735 -32.040784 75.363530 25.191863 6.234615 3.434366 11.504244 13.294894 -19.119245 -5.458371 -21.568344 14.669677 9.828928 -0.000000 0.000000 0.000000 -28.984219 4.138621 -24.055502 95.389001 8.257864 7.221039 -8.280527 -8.203252 4.409757 -0.000000 0.000000 0.000000 17.918629 -4.500698 -1.810006 -2.067233 -2.889703 2.312115 2.196075 -0.458230 -2.131672 7.817953 17.570439 -4.379435 8.734499 3.862275 -2.223838 -0.000000 0.000000 0.000000 -5.676017 -4.728365 0.856682 -3.864210 -21.714281 -26.886693 2.290688 -71.331147 -8.871889 -45.799877 -11.274672 9.495203 -3.485898 -1.624570 9.246925 14.748075 14.277422 42.451914 58.244356 67.260520 -57.338909 -1.857444 4.337766 -29.098647 
-52.494776 53.594959 25.140765 -34.672175 73.185886 28.897312 4.501808 2.070070 11.238679 20.569934 -17.514675 -3.737252 -22.426325 14.662999 8.668505 -0.000000 0.000000 0.000000 -25.106902 5.898779 -24.013013 89.507889 8.211283 2.913675 -6.948124 -8.415578 4.369412 -0.000000 0.000000 0.000000 19.047250 -3.731865 -3.566929 -1.071705 -2.403063 1.463454 1.075834 0.066654 -2.561328 6.899810 12.262463 -3.258494 6.611627 -0.263496 -0.753623 -0.000000 0.000000 0.000000 -5.003692 -4.691609 -3.317663 -4.565140 -20.504461 -29.213636 10.097809 -68.229706 0.119252 -37.007433 -11.952977 11.683033 -4.014666 0.189098 12.689339 12.689315 13.849098 45.076876 46.267445 63.568191 -48.196009 2.457722 3.362091 -30.918939 
-53.342539 53.582180 26.798865 -33.020972 71.329661 27.468972 2.192354 0.684225 12.602265 25.632225 -16.930312 -3.574558 -20.336149 15.973622 6.574462 -0.000000 0.000000 0.000000 -20.174150 7.566047 -21.789647 79.449376 7.493457 -0.600651 -6.535831 -9.127584 3.893483 -0.000000 0.000000 0.000000 20.396990 -4.064964 -2.739837 -3.268216 -1.619908 -0.463717 1.566874 0.991004 -2.907124 6.368768 6.333572 -3.548440 6.845835 -1.970174 1.058298 -0.000000 0.000000 0.000000 -4.717593 -3.255658 -5.468428 -4.408131 -18.475398 -34.855203 10.565727 -63.110632 1.010381 -31.857493 -12.540196 17.155472 -4.648788 2.507926 11.605980 10.499474 15.276110 50.485238 31.903829 61.353892 -35.188708 -2.592960 2.769304 -34.221798 
-54.146421 53.565824 28.241411 -30.233556 71.063758 25.241776 0.467134 1.576293 14.236294 26.559083 -15.690944 -2.376744 -18.171662 14.124421 3.483688 -0.000000 0.000000 0.000000 -15.233644 7.047075 -21.310278 66.630765 6.113542 -3.955553 -5.998043 -9.189188 4.110470 -0.000000 0.000000 0.000000 20.224405 -4.364881 -1.825556 -4.517015 -1.617900 -2.017414 1.639220 1.204021 -2.922346 5.872736 1.663901 -4.026207 5.445825 -2.309142 2.234550 -0.000000 0.000000 0.000000 -3.702087 -1.589619 -7.177715 -3.427137 -15.851311 -39.799204 8.804524 -58.340665 -0.025710 -30.627245 -11.362105 22.927841 -4.973425 4.301119 9.852774 9.036664 17.189747 54.271502 23.958250 60.398768 -27.581995 -8.688372 1.798235 -35.015611 
-54.946423 53.294843 29.647332 -25.199630 72.164596 21.293075 0.124304 1.753459 15.028442 22.416724 -15.896294 -1.513201 -17.798195 14.609823 2.816955 -0.000000 0.000000 0.000000 -11.169878 5.288143 -22.335425 51.920816 6.483049 -5.238540 -4.867223 -11.057840 4.394001 -0.000000 0.000000 0.000000 18.400280 -4.498554 -1.179995 -5.368975 -2.021833 -3.171548 2.423878 0.854371 -2.873852 3.579503 -1.807891 -3.961412 4.665761 -1.943993 2.686796 -0.000000 0.000000 0.000000 -2.529777 0.508762 -9.163464 -2.562064 -13.699238 -42.444623 8.588845 -53.814518 -0.594167 -29.373093 -10.243062 26.386464 -5.494859 4.384896 9.184858 7.976146 18.816154 55.102918 25.606528 60.131785 -27.116385 -8.057232 1.697534 -32.910743 
-55.736369 52.809620 31.395081 -20.040039 73.460610 16.869993 -0.119674 1.652360 16.683055 18.160972 -15.911968 -1.042239 -17.394891 15.130205 2.504200 -0.000000 0.000000 0.000000 -6.937221 4.135126 -22.614739 36.691301 11.387589 -4.457993 0.016386 -12.222102 6.977254 -0.000000 0.000000 0.000000 16.440223 -4.248692 -0.846514 -5.028698 -2.448795 -3.605349 2.720204 0.523884 -2.473480 0.233262 -4.778817 -3.921118 3.469369 -0.895817 3.335923 -0.000000 0.000000 0.000000 -1.294154 2.478438 -10.587472 -2.040074 -11.631966 -44.170171 9.343010 -49.630502 -1.409001 -28.200005 -10.655595 27.803857 -5.767300 4.040548 8.965489 7.268466 20.103850 54.536138 32.193137 59.814854 -31.286476 -3.135034 3.439580 -31.159303 
-56.570888 52.125829 33.690211 -14.870986 74.039956 13.280037 -1.561040 0.125691 18.425739 17.282928 -15.840682 -1.702279 -16.390511 16.210198 -0.123759 -0.000000 0.000000 0.000000 -3.968224 4.613078 -22.270442 26.859991 14.946204 -5.295487 -1.786150 -13.356896 12.687928 -0.000000 0.000000 0.000000 15.361333 -3.199765 -2.278935 -5.114136 -2.431129 -3.863567 3.119674 0.422688 -1.805537 -2.989503 -6.027253 -3.239473 1.837340 -1.540949 3.862119 -0.000000 0.000000 0.000000 -0.621653 3.990156 -10.599076 -1.485622 -10.393581 -45.424269 9.766570 -45.310482 -2.748605 -26.181483 -11.533517 29.549919 -6.317697 3.541922 9.351607 7.397080 21.095710 53.609098 37.675048 59.425041 -35.080134 0.342306 4.664899 -31.549200 
-57.447308 51.378560 36.215323 -11.712538 74.690780 12.050729 -3.356989 -1.780132 19.673779 18.018414 -16.741534 -2.256873 -15.168960 18.175066 -2.973964 -0.000000 0.000000 0.000000 -3.247027 3.624542 -22.727519 23.397725 13.573020 -4.355023 -12.619430 -11.899424 14.147614 -0.000000 0.000000 0.000000 15.690543 -1.889932 -3.603621 -5.728009 -2.476294 -4.277877 3.702406 0.556343 -1.526539 -5.648400 -4.911878 -2.635508 -0.342364 -4.324853 4.230708 -0.000000 0.000000 0.000000 -1.357206 4.581630 -9.700379 0.298875 -9.504697 -46.153649 9.263329 -41.765913 -3.975164 -25.423865 -10.760372 31.231815 -6.739331 3.832070 9.823006 7.111483 21.175984 53.044070 38.871354 59.566940 -34.947858 -1.274341 4.210085 -32.629077 
-58.438838 50.833374 38.633183 -9.849126 75.951529 11.125748 -5.739571 -1.807302 21.008556 18.738630 -18.562362 -0.637633 -13.278382 18.836347 -4.729453 -0.000000 0.000000 0.000000 -6.432023 0.328156 -22.657509 23.270649 12.637812 -1.133235 -20.580849 -9.585574 11.213304 -0.000000 0.000000 0.000000 17.011386 -1.186247 -2.567457 -5.400119 -2.382024 -4.964623 3.637971 0.760512 -1.734677 -8.475179 -4.367756 -2.951858 -3.269831 -5.531062 5.127248 -0.000000 0.000000 0.000000 -2.325054 4.369493 -9.632598 1.945222 -7.367695 -45.804744 8.544412 -39.872636 -4.978553 -25.905152 -9.925255 32.495026 -6.338912 5.797459 9.477923 4.611250 20.106022 53.851434 34.122668 59.366973 -29.325035 -3.026395 3.733962 -33.006514 
-59.508365 50.859606 40.856391 -8.045924 77.592919 9.591751 -7.207044 -2.142243 22.115757 17.735089 -19.445238 1.684714 -9.241142 18.955374 -5.845911 -0.000000 0.000000 0.000000 -14.472759 0.262897 -21.355001 33.982864 11.351674 1.647149 -22.537427 -7.199000 7.827877 -0.000000 0.000000 0.000000 18.306771 -1.398569 -0.888577 -4.547345 -0.807474 -4.784110 4.374008 1.182443 -1.716783 -11.582742 -2.894108 -2.571561 -5.839592 -7.420697 3.704413 -0.000000 0.000000 0.000000 -3.005010 3.940821 -11.804420 2.619699 -7.199376 -45.165177 7.716504 -37.619837 -3.388474 -27.004914 -9.743497 30.814532 -5.442201 7.278141 9.779254 2.402197 20.745553 51.755460 29.958909 57.772982 -24.848365 -4.337218 2.745871 -32.085242 
-60.379827 51.146233 43.073791 -11.930802 79.966128 14.358923 -7.424985 -1.945968 22.688582 15.110323 -18.707342 2.448829 -3.675159 19.507525 -7.263733 -0.000000 0.000000 0.000000 -16.718730 0.237266 -20.616671 39.157262 9.242572 4.545544 -23.856583 -6.078430 4.473614 -0.000000 0.000000 0.000000 18.792068 -0.960245 -0.283004 -1.274289 -0.783347 -4.245764 3.466776 1.532904 -1.961576 -10.233064 -0.311269 -3.050342 -10.896100 -10.322283 4.529499 -0.000000 0.000000 0.000000 -2.988211 1.483211 -10.390413 2.912011 -4.883613 -47.451591 4.991056 -36.589130 -4.101604 -27.211821 -10.405914 31.695913 -4.224234 10.124968 8.723962 0.751018 19.567876 50.302970 30.358703 56.787330 -22.388494 -2.642223 1.536835 -33.512338 
-61.051714 51.489455 45.007464 -25.084572 83.468109 29.478766 -7.578361 -1.516204 21.587776 11.827395 -14.263276 1.495922 0.291462 20.254924 -6.080723 -0.000000 0.000000 0.000000 -16.365878 -1.976109 -21.042105 41.014620 7.821274 5.461229 -25.594899 -5.799784 1.728023 -0.000000 0.000000 0.000000 19.899675 -0.677796 -0.967709 -0.707458 -1.121634 -4.068521 3.974453 0.615301 -1.035869 -10.473756 -3.107015 -3.802529 -10.903811 -7.946734 6.144959 -0.000000 0.000000 0.000000 -3.111997 2.801275 -10.396750 4.313634 -4.098235 -46.987999 2.389163 -40.050082 -6.001231 -28.606251 -9.555243 30.968419 -3.411484 10.846705 7.769940 1.637332 19.812400 47.092812 31.631956 59.228506 -21.202686 -0.599981 1.224455 -32.916659 
-61.702448 51.908177 46.535814 -68.574978 86.612705 74.542770 -9.178916 -1.158545 19.924038 10.948389 -12.634250 0.884263 -1.078075 16.283182 -3.897515 -0.000000 0.000000 0.000000 -15.269291 -3.185430 -20.399789 41.254511 5.528503 6.162417 -26.340140 -7.281749 -0.797767 -0.000000 0.000000 0.000000 20.301459 -0.045098 -0.898650 -1.747800 -0.670986 -3.842018 5.303974 0.236232 -1.399568 -9.136103 -1.016907 -2.914798 -10.358023 -10.755949 4.143731 -0.000000 0.000000 0.000000 -1.741358 2.721285 -11.317067 4.877165 -4.026562 -44.408238 3.759671 -46.156455 -3.761332 -29.834135 -10.336833 25.382266 -2.309029 8.625435 8.942107 3.608471 19.111606 42.270656 39.344248 63.005536 -26.716247 -1.690203 2.365371 -30.902876 
-62.292516 52.501905 47.680694 -132.364310 85.283175 139.422381 -11.266391 -1.296355 18.423170 12.885492 -13.635708 -1.840619 -3.932758 15.408503 -5.451979 -0.000000 0.000000 0.000000 -13.382345 -4.424789 -19.199052 39.248641 2.426465 6.245041 -25.811137 -8.606837 -1.571263 -0.000000 0.000000 0.000000 20.368436 0.670804 -0.318802 -1.241135 -1.023976 -4.288717 5.182276 0.240166 -1.422528 -8.478066 -2.634222 -3.672245 -10.677790 -10.785990 5.047032 -0.000000 0.000000 0.000000 -2.452282 2.970383 -11.379277 6.964478 -2.536364 -42.066837 10.047819 -53.883271 1.684253 -26.096117 -11.975489 22.311772 -1.858751 8.220152 8.762385 5.624196 15.608438 39.532736 49.764541 67.436485 -35.673668 -1.520889 2.579961 -30.188654 
-62.577045 53.521007 48.615834 -155.239435 81.212832 163.063521 -13.487026 -1.546550 15.687991 17.877913 -13.734291 -3.671880 -6.355639 13.630151 -3.911662 -0.000000 0.000000 0.000000 -9.100195 -6.791514 -16.888322 32.420373 -0.429770 5.628642 -24.066468 -11.351530 -2.843830 -0.000000 0.000000 0.000000 20.699446 1.525603 -0.543189 -2.418358 -1.186749 -4.182291 6.490325 -0.182039 -0.665169 -10.520575 -6.473364 -3.834286 -9.155999 -8.862907 4.639598 -0.000000 0.000000 0.000000 -2.348004 4.873511 -12.554101 7.805921 -3.497610 -38.565163 20.585658 -61.550636 11.426432 -22.919501 -12.088902 20.592795 -1.310893 6.423726 8.069360 8.967342 13.963757 37.648656 58.606081 70.932175 -46.688186 -2.056534 2.432065 -28.285372 
-62.539852 55.024385 49.458504 -164.643822 77.431929 173.072146 -15.082547 -1.242182 12.051737 24.357727 -9.404135 -5.203061 -8.715827 13.483355 -1.524561 -0.000000 0.000000 0.000000 -4.889717 -8.465098 -13.916771 24.630426 -3.714547 3.705656 -18.830098 -13.318664 -2.249406 -0.000000 0.000000 0.000000 19.270629 3.064934 -1.029511 -2.166119 -1.661648 -4.160493 6.595344 0.114196 -1.131831 -8.860130 -6.492006 -3.522771 -9.190810 -10.792946 5.431106 -0.000000 0.000000 0.000000 -1.517440 3.296404 -10.716187 8.396838 -3.650560 -37.556742 27.375415 -67.799572 17.942960 -21.467173 -12.561322 21.612938 -0.284915 5.360576 7.310233 11.964106 11.127984 39.168367 66.436772 72.672944 -56.482657 -3.444667 1.676105 -28.857602 
-62.328625 56.990129 50.202256 -171.429108 74.537676 179.663538 -14.892683 -1.685169 8.383878 29.117615 -5.230734 -7.385584 -9.687223 15.344783 0.671418 -0.000000 0.000000 0.000000 -1.676720 -8.871320 -10.981611 17.258961 -5.371942 1.777077 -9.361253 -15.285112 1.051498 -0.000000 0.000000 0.000000 17.956871 3.782173 -2.015163 -2.765399 -1.906982 -3.752263 6.377555 -0.175491 -0.706087 -8.358673 -8.515241 -3.275030 -8.196457 -9.373652 6.961531 -0.000000 0.000000 0.000000 -0.846520 3.797501 -10.541852 9.925572 -3.854484 -36.807048 31.748549 -73.437001 22.356686 -23.001799 -13.306748 20.693217 -0.073695 4.142337 7.262308 15.405837 10.662152 40.062489 69.836524 74.175742 -61.501428 -4.340006 0.399865 -28.973785 
-62.146235 58.909243 51.111978 -175.036390 71.167153 -177.990868 -13.044968 -2.679937 5.239185 32.075062 -4.055270 -8.618322 -8.591201 14.957355 0.919788 -0.000000 0.000000 0.000000 0.903085 -8.224118 -8.523795 11.980515 -6.280102 0.587216 2.443033 -13.800299 6.098018 -0.000000 0.000000 0.000000 16.630654 3.954948 -2.614217 -2.980627 -2.658265 -2.848629 5.820830 -0.229480 -0.247254 -6.805895 -10.403742 -2.938396 -8.389271 -9.375755 8.495474 -0.000000 0.000000 0.000000 -0.216231 4.272812 -9.991589 11.442072 -5.324399 -37.136876 34.311806 -76.855370 24.691216 -24.896774 -14.328164 18.760471 -0.523448 2.292833 7.179474 18.004090 11.082391 41.441449 72.707745 74.851378 -65.142650 -4.660940 -0.087577 -27.936461 
-62.321657 60.243714 52.338398 -177.658976 67.387275 -177.549992 -10.852985 -3.148794 3.270457 33.688785 -5.398229 -8.584005 -4.259776 13.085593 -1.517375 -0.000000 0.000000 0.000000 1.219010 -5.462470 -6.295612 11.436007 -1.375796 -0.562182 11.343217 -8.294630 8.079306 -0.000000 0.000000 0.000000 15.209543 3.109230 -2.771173 -3.083853 -3.714543 -1.783829 5.350428 -0.684726 0.409111 -5.667345 -11.639975 -2.957363 -8.723402 -9.278754 10.135810 -0.000000 0.000000 0.000000 0.263252 4.176669 -9.064125 12.836804 -5.253936 -38.208392 37.762213 -79.673460 27.853703 -25.318621 -15.061591 16.151965 -0.831159 1.584577 6.530649 18.871247 11.069602 43.103742 79.699592 75.065935 -72.145935 -4.810107 0.294551 -25.828331 
-62.677282 60.809779 53.666556 -178.534523 63.613710 -179.860631 -7.398208 -2.838230 2.732230 32.643108 -8.442435 -6.712543 3.491402 11.859321 -4.617530 -0.000000 0.000000 0.000000 -1.295650 0.449408 -3.097791 19.853200 6.234540 0.507422 7.091984 -5.295552 6.093805 -0.000000 0.000000 0.000000 14.156932 0.778193 -1.822191 -2.482383 -4.187608 -0.453214 5.015463 -0.912685 0.745533 -5.732123 -11.556436 -2.899297 -9.719964 -9.872178 10.708756 -0.000000 0.000000 0.000000 0.143809 3.703658 -8.151884 14.274948 -5.246153 -38.894504 45.679416 -82.283075 35.593073 -25.943666 -14.356688 13.887687 -1.396199 1.620507 5.777114 18.919567 10.421800 44.465681 90.997995 74.830832 -83.829423 -5.269836 1.330741 -22.852458 
-63.032776 60.617399 54.936725 -177.702716 60.184035 176.255628 -2.130573 -2.184579 2.766460 28.438728 -10.698892 -3.891155 8.448742 12.568645 -5.487110 -0.000000 0.000000 0.000000 -6.491686 3.655312 -0.050042 33.296618 5.609802 2.780253 2.576529 -6.585552 4.488502 -0.000000 0.000000 0.000000 14.378014 -2.258936 -0.555347 -2.025272 -4.407231 0.292363 4.860205 -1.471906 1.033703 -7.121365 -11.472483 -2.886409 -10.232161 -9.054163 11.004618 -0.000000 0.000000 0.000000 0.300728 3.084577 -7.012727 15.498335 -4.900362 -39.105129 65.764554 -84.263417 55.896948 -26.744699 -14.087612 12.351974 -2.269216 2.795187 4.583821 18.636208 10.247758 46.441271 100.510590 73.871663 -94.618670 -5.557667 2.899320 -20.908908 
-63.389909 59.718549 56.074810 -179.012899 57.293486 174.651548 2.002327 -1.859153 3.112161 21.429119 -9.201824 -1.339528 12.489078 16.275646 -5.208511 -0.000000 0.000000 0.000000 -15.128373 4.195454 2.483229 49.154429 1.995885 5.373900 -2.025154 -9.154020 1.712651 -0.000000 0.000000 0.000000 14.588926 -5.077506 0.209406 -3.418931 -4.255609 0.848851 5.367523 -2.226176 1.643925 -8.966959 -11.009661 -2.695115 -10.467907 -8.455711 9.838348 -0.000000 0.000000 0.000000 0.444307 3.333052 -6.057737 16.053160 -6.090606 -38.379531 92.971188 -84.283157 83.050336 -27.907503 -13.687930 11.057144 -3.423208 2.624316 2.818036 18.333613 11.859730 47.893937 106.494340 72.664127 -102.210086 -6.220454 4.029112 -20.518029 
-63.855153 58.053768 57.127309 179.230960 54.518098 173.887921 4.969997 -1.424276 3.443172 14.878720 -6.137393 0.441248 2.523436 22.897286 -0.311304 -0.000000 0.000000 0.000000 -25.678944 4.716957 4.287975 65.683569 -0.949412 9.129771 -6.011171 -13.318057 -1.477376 -0.000000 0.000000 0.000000 14.009909 -7.566119 1.373033 -4.072428 -4.190929 0.918854 5.397158 -2.706309 0.895608 -9.644417 -9.092198 -2.109644 -11.343475 -8.598998 8.261638 -0.000000 0.000000 0.000000 1.226282 2.005317 -4.069454 15.311515 -6.226889 -37.182814 116.805669 -82.840738 107.122542 -28.258412 -13.618515 10.016968 -4.232595 2.887924 1.242969 17.101986 13.092343 50.433604 110.170728 70.703316 -107.933032 -6.592929 4.396630 -21.169329 
-64.423752 56.096065 58.061910 178.068758 51.558265 173.130468 5.920675 0.614207 4.567396 9.609197 -5.112873 2.805062 -10.952749 21.680262 6.228530 -0.000000 0.000000 0.000000 -35.236025 4.705367 3.973181 79.863736 -2.442167 12.398375 -7.826448 -14.703608 -2.045265 -0.000000 0.000000 0.000000 14.203875 -9.909647 2.191083 -4.519313 -4.337222 1.109257 4.372528 -3.001408 0.464751 -9.663507 -7.234022 -1.945391 -13.763074 -8.104200 6.519245 -0.000000 0.000000 0.000000 1.268763 1.019960 -3.242331 14.350223 -6.738251 -35.421762 127.092315 -80.882564 117.627845 -27.193658 -13.570953 9.157904 -4.813414 2.975880 0.432301 15.947951 13.904042 51.873122 113.075101 69.471232 -113.172435 -6.222675 4.437686 -21.322612 
-64.950150 54.584223 59.020185 -179.833075 49.212066 172.604115 7.579420 1.272431 6.457654 6.736870 -8.678158 0.725675 -18.801741 18.499878 7.446593 -0.000000 0.000000 0.000000 -40.459803 6.376542 1.422991 89.479245 -2.168821 13.582794 -10.163248 -13.765052 -1.843392 -0.000000 0.000000 0.000000 15.576610 -10.666882 -0.811557 -2.829929 -4.882276 1.952696 0.927281 -2.722096 -0.625235 -8.492896 -2.310546 -1.069493 -15.385762 -11.082509 3.837041 -0.000000 0.000000 0.000000 0.644316 -1.118813 -3.821478 13.297525 -7.681350 -32.179425 123.755801 -79.788951 114.465099 -24.597457 -14.469212 9.137531 -5.929686 2.697434 4.987733 16.336989 13.188382 50.501999 112.052649 67.806207 -114.668258 -5.817440 4.605602 -21.685911 
-65.388232 53.794068 59.885764 -177.299154 47.262747 172.717631 9.437849 -0.185952 6.858160 4.847901 -9.281782 -2.293435 -22.130258 17.345308 8.617651 -0.000000 0.000000 0.000000 -42.845732 8.845459 -1.301274 93.081470 -0.341971 13.565952 -11.308405 -12.647520 -0.454190 -0.000000 0.000000 0.000000 16.855151 -10.838011 -3.574602 -1.275978 -4.907563 1.876946 -0.697383 -2.368235 -2.035203 -10.420958 1.308310 -0.740902 -14.486683 -13.775519 1.979156 -0.000000 0.000000 0.000000 -1.353607 -0.925883 -5.758094 10.330600 -11.146826 -29.078724 101.459057 -79.652954 91.122869 -21.854186 -15.714408 8.472705 -7.500897 1.006187 10.635757 15.712102 14.762185 48.693750 101.006669 67.436309 -105.076769 -3.759014 6.705767 -23.175683 
-65.379977 53.796470 60.395610 -171.896154 46.313118 169.701578 13.735535 2.517651 6.616211 3.657268 -9.436475 -1.873750 -21.360136 14.692509 7.229567 -0.000000 0.000000 0.000000 -39.840961 8.750703 -1.962868 90.513029 1.059187 11.120182 -11.149451 -11.643054 -0.670458 -0.000000 0.000000 0.000000 19.210754 -10.560253 -4.423679 1.036536 -4.331673 0.512503 -2.779006 -1.564503 -2.741351 -9.451413 1.803617 -1.986372 -16.092059 -12.267459 1.910267 -0.000000 0.000000 0.000000 -2.773912 -2.014893 -7.388429 7.461156 -11.683482 -31.418758 74.573022 -77.669360 62.904687 -16.688850 -13.578147 12.206651 -7.835337 2.829088 12.255425 13.270080 14.879912 50.868056 83.346041 67.177101 -86.686401 2.214449 5.108714 -24.585103 
-65.184838 54.005629 61.005938 -170.580929 45.668757 169.445097 16.833097 1.421774 6.731024 -1.066057 -11.214085 -2.670253 -18.073683 16.757810 6.703848 -0.000000 0.000000 0.000000 -38.472969 9.941239 -1.974746 84.510039 0.840681 10.417946 -10.931041 -12.239152 -0.910406 -0.000000 0.000000 0.000000 19.215395 -10.528081 -4.433774 0.931815 -3.209401 -1.459720 -2.503533 -0.662814 -3.413706 -9.012004 0.560723 -3.253114 -14.612379 -10.785153 2.972426 -0.000000 0.000000 0.000000 -3.930123 -2.687705 -8.067741 6.355516 -13.730754 -36.142197 47.185027 -74.939317 36.541311 -14.495338 -10.754547 20.441773 -7.846930 5.523935 11.566513 11.686443 16.466550 54.492911 63.721653 67.269230 -67.522511 1.551822 2.302045 -24.942768 
-64.835298 54.209626 61.700147 -172.927140 43.086522 170.963500 15.225017 2.734638 7.471818 -2.806110 -12.555562 -0.517901 -15.522149 15.378317 5.098820 -0.000000 0.000000 0.000000 -38.657147 9.357957 -1.945672 77.042132 -0.666683 9.150819 -10.700403 -12.346481 -0.873231 -0.000000 0.000000 0.000000 18.868715 -11.182211 -2.866832 -1.086199 -2.528706 -2.824307 -2.168146 -0.536065 -3.459463 -8.598267 -2.528823 -4.390870 -12.306198 -7.801116 4.419966 -0.000000 0.000000 0.000000 -4.425503 -1.295883 -8.907577 5.642624 -15.664275 -40.630587 33.343536 -72.614596 23.519109 -18.333106 -9.390887 25.388575 -7.041951 6.680470 10.094032 11.064828 17.840350 55.909221 52.021619 68.453094 -54.676924 -3.599501 2.533346 -26.422086 
-64.337993 54.259193 62.403154 -176.304914 38.873500 173.394222 11.309018 2.528631 9.518632 -2.482856 -14.678365 0.147737 -14.239069 13.599413 2.691634 -0.000000 0.000000 0.000000 -38.861534 9.245740 -3.040377 69.379336 -1.992294 7.624477 -9.765900 -11.365636 0.133748 -0.000000 0.000000 0.000000 18.110257 -11.346788 -1.856582 -3.189492 -2.649978 -3.042920 -1.484146 -0.896677 -3.208807 -7.720674 -0.921083 -3.668873 -11.741884 -9.033387 3.947222 -0.000000 0.000000 0.000000 -2.896107 -2.008508 -10.043975 4.665387 -15.231570 -43.675248 32.003108 -72.702902 24.181294 -24.435228 -9.498193 23.363161 -5.714128 5.750246 9.691132 10.945850 17.540088 54.328830 57.562449 67.889481 -58.070556 -5.090935 3.652148 -26.065173 
-63.610363 54.178107 62.931114 -177.574059 34.733614 174.992756 8.817346 1.384623 10.983394 -1.537886 -16.526027 0.237443 -14.085016 12.453663 0.837243 -0.000000 0.000000 0.000000 -37.055960 9.795839 -5.311672 62.509189 -1.156646 5.620009 -9.206987 -11.206232 0.731851 -0.000000 0.000000 0.000000 18.933685 -11.113227 -1.279188 -3.837215 -3.314839 -3.129831 -1.205848 -1.922180 -2.578631 -8.981835 -1.323378 -3.049792 -12.690296 -8.788956 4.771141 -0.000000 0.000000 0.000000 -2.450967 -1.209811 -10.449490 4.093757 -14.279101 -45.462421 36.462190 -74.107338 28.493444 -26.579987 -11.599685 19.838548 -5.373938 4.572754 9.342046 11.151303 16.355178 52.339212 67.183067 67.592088 -66.081492 -1.844114 5.372573 -25.125189 
-62.626952 53.948987 63.287938 -177.597127 31.974980 175.933327 7.552048 0.783515 12.301670 0.136664 -18.042825 -0.343148 -14.814228 11.801646 -0.565451 -0.000000 0.000000 0.000000 -33.977452 11.100865 -7.492599 56.732609 0.985948 3.476313 -9.285995 -11.801875 0.734459 -0.000000 0.000000 0.000000 19.795241 -10.425985 -0.865168 -2.934401 -3.363770 -2.890033 -0.932347 -2.741878 -2.058469 -10.893148 -2.344838 -2.561691 -13.823032 -8.213257 4.752468 -0.000000 0.000000 0.000000 -1.905243 -0.643531 -11.398572 3.886832 -14.016621 -45.446413 44.530997 -74.635677 36.220092 -26.502187 -13.613710 17.420378 -5.226722 3.670752 9.484723 11.415258 15.616828 50.310753 71.985748 68.122176 -71.403530 -0.700225 6.476195 -24.328911 
-61.423022 53.571844 63.595539 -177.335270 29.979473 176.846107 6.783265 0.979547 13.541572 1.301865 -19.706968 -0.880709 -15.800548 11.334567 -2.092518 -0.000000 0.000000 0.000000 -30.595816 12.313774 -9.752386 52.420522 2.589009 1.251657 -9.554919 -11.785563 0.865704 -0.000000 0.000000 0.000000 20.143538 -9.504151 -0.516944 -1.521039 -3.167622 -2.606249 -0.695076 -2.961851 -1.803584 -11.460363 -2.895081 -2.475537 -14.404587 -8.635627 4.311680 -0.000000 0.000000 0.000000 -1.699748 -0.975984 -11.633843 4.333949 -13.979341 -45.446824 48.789746 -73.533953 39.838647 -24.193010 -14.161453 18.135534 -5.054385 3.806803 9.818315 11.456307 14.818020 49.324313 69.596146 69.169034 -70.159951 -2.248701 6.260955 -24.643812 
-60.035008 53.072941 63.929886 -177.617689 28.110681 178.337930 5.744320 0.563147 14.374996 2.474659 -21.519524 -1.082377 -16.801867 11.623039 -3.148658 -0.000000 0.000000 0.000000 -27.647683 12.882198 -12.415520 48.778185 4.532442 -0.629691 -9.173747 -11.682637 1.257254 -0.000000 0.000000 0.000000 19.893154 -8.348965 -0.408426 -0.728521 -2.874349 -2.432961 -0.138521 -2.852416 -1.701063 -11.152313 -3.076112 -2.555527 -14.346146 -9.679227 3.936987 -0.000000 0.000000 0.000000 -1.693031 -1.130532 -11.546039 4.867732 -13.935525 -45.600438 48.329212 -71.335999 37.704458 -21.475415 -13.095421 20.265185 -4.734743 4.164870 10.314397 10.951349 14.512240 48.868717 60.362284 69.589116 -61.405600 -4.546533 5.248544 -25.218433 
-58.368266 52.539629 64.291465 -178.118351 26.127166 179.956079 4.250278 0.111782 15.116432 3.826112 -23.502454 -0.808284 -17.478228 12.161921 -4.132693 -0.000000 0.000000 0.000000 -24.559955 12.643409 -14.725854 45.116997 8.203610 -2.130176 -7.661882 -10.207026 2.431641 -0.000000 0.000000 0.000000 19.487158 -7.177420 -0.246905 -0.714936 -2.686379 -2.523507 0.508295 -2.587201 -1.597406 -9.996986 -2.992122 -2.901341 -14.477018 -10.597273 3.953010 -0.000000 0.000000 0.000000 -1.735320 -1.427803 -11.456249 5.908903 -12.791717 -45.964037 47.749267 -68.488270 35.419546 -17.626609 -10.496699 22.301279 -4.526559 4.977384 10.475316 9.897544 14.278237 49.067890 49.824997 68.254877 -49.944264 -5.780483 2.007745 -24.469600 
-56.294250 51.980603 64.659041 -178.599256 23.920635 -178.278659 2.700374 -0.420257 15.871093 4.711499 -25.732630 -0.353420 -17.975841 12.959986 -5.462431 -0.000000 0.000000 0.000000 -21.475260 11.786027 -16.630148 42.396544 12.195305 -2.772024 -9.628264 -9.704837 6.244724 -0.000000 0.000000 0.000000 18.689499 -5.898155 -0.369050 -0.717132 -2.549647 -2.652870 1.267447 -2.302216 -1.685885 -9.171111 -2.265892 -3.228205 -14.691158 -12.446453 3.547494 -0.000000 0.000000 0.000000 -1.569894 -1.892213 -10.768994 7.040920 -11.239906 -46.669317 48.822733 -65.386832 35.087424 -12.585854 -7.813868 25.143020 -4.692771 5.764447 10.458078 9.009416 13.778010 49.430085 44.486350 66.593884 -42.350658 -6.424363 -2.284871 -22.884832 
-53.761017 51.456082 64.991939 -178.612270 21.358385 -176.581393 1.101630 -0.119663 16.857951 5.376960 -27.801388 0.235011 -17.751278 12.695386 -7.183191 -0.000000 0.000000 0.000000 -19.147684 9.368842 -17.807066 41.734532 12.107986 -2.782006 -17.035630 -9.408046 7.530946 -0.000000 0.000000 0.000000 18.250340 -4.929288 -0.615537 -0.864824 -2.522601 -3.163104 1.788413 -2.097456 -1.670905 -9.080163 -3.179595 -4.072884 -14.462051 -13.536066 4.192862 -0.000000 0.000000 0.000000 -1.984502 -1.032185 -9.588384 8.633770 -9.514691 -47.153775 49.483152 -63.947178 34.146557 -8.401456 -6.395864 28.501352 -4.821623 6.864257 10.113000 8.500780 12.664564 50.208153 43.344008 66.697898 -38.100036 -6.426985 -3.364646 -22.490982 
-51.037687 51.163286 65.323704 -178.924246 17.872230 -175.335978 -1.345808 -0.515530 18.633153 5.950553 -28.738254 0.617718 -14.989187 11.414761 -8.584326 -0.000000 0.000000 0.000000 -18.831587 5.899156 -18.372558 42.052304 10.580300 0.041070 -23.509156 -8.424232 4.983366 -0.000000 0.000000 0.000000 18.326553 -4.620016 -0.682509 -2.603097 -1.986723 -3.258192 3.330352 -2.591947 -1.059098 -11.673192 -6.216272 -4.412275 -12.906815 -12.139056 3.882365 -0.000000 0.000000 0.000000 -2.018779 2.368814 -11.758366 10.192615 -9.164710 -44.467838 50.303756 -65.550765 35.594354 -10.294618 -6.124495 26.956451 -4.428426 6.325431 10.350812 8.780341 14.043761 48.680174 46.940171 67.982250 -39.722298 -6.162693 -2.352281 -20.504459 
-48.415524 51.175833 65.805161 -179.245399 14.824430 -174.555285 -4.087339 -1.328671 20.322901 7.170061 -25.582868 0.365138 -9.116368 12.773964 -10.417098 -0.000000 0.000000 0.000000 -20.602250 4.159590 -17.501327 45.248378 8.454365 3.073937 -25.819842 -7.509271 1.814704 -0.000000 0.000000 0.000000 17.670406 -4.025020 -0.481154 -2.437767 -1.151503 -3.271368 3.861546 -2.123393 -1.369464 -12.308135 -6.412481 -4.552948 -12.854704 -13.634112 3.577882 -0.000000 0.000000 0.000000 -1.986572 3.529148 -12.356259 10.673302 -8.285805 -42.947880 51.471036 -68.404891 38.468702 -15.164199 -7.496012 24.013350 -3.370628 6.177389 10.602167 8.633910 14.374835 47.410400 57.041309 69.233685 -48.005792 -6.554785 -1.328030 -20.072251 
-46.048933 51.608598 66.181755 -178.912811 11.883768 -173.925764 -6.733218 -1.197723 20.420241 9.830724 -17.774360 0.349314 -1.667138 15.012921 -10.752168 -0.000000 0.000000 0.000000 -19.324463 2.760262 -15.984219 44.848992 7.462643 4.582932 -26.990430 -7.474460 -0.282181 -0.000000 0.000000 0.000000 17.458824 -3.206794 -0.702335 -1.958997 -0.695060 -3.412561 4.083562 -1.671472 -1.339325 -12.253309 -7.893113 -4.664333 -12.345112 -14.105847 4.224745 -0.000000 0.000000 0.000000 -1.644754 4.123111 -12.349086 10.818805 -6.861477 -42.230346 60.602481 -71.146807 49.757724 -16.417683 -8.375028 21.871357 -2.336593 6.444342 9.727510 9.285490 14.014124 47.004335 70.331240 70.447760 -60.615715 -6.158286 -0.754880 -18.651912 
-44.041860 52.539796 66.371214 -178.534782 8.669061 -172.959796 -8.810672 -1.327538 17.977465 13.162637 -10.026812 0.231703 0.605824 18.129351 -5.666938 -0.000000 0.000000 0.000000 -15.418786 0.639117 -13.781929 40.018893 5.896218 4.321513 -27.202706 -9.111169 -2.645180 -0.000000 0.000000 0.000000 17.176888 -2.088743 -1.402713 -2.473954 -0.752589 -3.711713 4.965441 -1.582381 -0.953135 -11.850281 -10.552264 -4.851293 -10.388722 -13.462818 5.777453 -0.000000 0.000000 0.000000 -1.266993 4.557605 -11.803081 11.111184 -5.977576 -42.192465 76.835697 -73.319962 67.776015 -14.961414 -8.764478 22.600799 -1.406849 6.403397 8.274620 11.440438 12.682949 46.639130 87.827196 70.955513 -78.343597 -4.870621 -0.209856 -17.234136 
-42.236975 54.157102 66.370279 -178.223285 5.805210 -172.725448 -9.992284 -0.763788 15.138098 16.633906 -7.276579 -0.379656 -3.540357 15.728893 -2.678681 -0.000000 0.000000 0.000000 -10.452756 -1.187702 -10.218788 32.679722 4.055455 2.559033 -23.213320 -11.272871 -2.677450 -0.000000 0.000000 0.000000 16.617239 -0.960349 -1.848311 -2.890125 -0.921160 -3.729237 5.528008 -1.406768 -0.520361 -10.705714 -13.086921 -4.413138 -8.248218 -13.097870 7.145169 -0.000000 0.000000 0.000000 -0.772832 5.071962 -11.682032 11.778754 -6.278589 -42.447457 92.961243 -74.383760 85.493816 -15.209350 -10.699975 22.361989 -0.867568 5.343013 7.394158 14.484911 10.995576 45.891709 102.039780 70.564667 -93.109569 -4.406957 1.186466 -15.704339 
-40.516242 56.341648 66.249025 -178.486356 2.916818 -172.735742 -10.182095 -1.499691 11.671948 18.183175 -8.178088 -1.983690 -3.430187 12.559236 -2.524719 -0.000000 0.000000 0.000000 -5.073997 -1.886638 -7.227840 23.012047 2.097156 1.382586 -13.632610 -13.300536 0.141686 -0.000000 0.000000 0.000000 15.272313 0.117998 -2.627115 -2.705107 -1.405162 -3.231741 4.936403 -1.569918 -0.321911 -8.367885 -15.723331 -2.725855 -6.490144 -13.112354 7.963578 -0.000000 0.000000 0.000000 1.014215 6.011068 -12.622941 12.150718 -8.109730 -41.719280 105.622179 -73.657851 99.329511 -18.911902 -11.921053 20.154095 -0.254717 2.881232 7.899972 18.000373 10.748748 44.680380 107.613839 68.991855 -100.258681 -7.599312 2.346685 -14.006355 
-38.770828 58.685911 66.175908 -179.211614 0.626676 -173.033624 -9.980319 -3.750733 7.642087 18.498398 -10.186764 -3.421917 -1.959341 10.945806 -2.371773 -0.000000 0.000000 0.000000 -1.644613 -2.457710 -5.567662 14.852024 1.456543 0.777571 -1.540966 -11.150995 5.212411 -0.000000 0.000000 0.000000 13.628539 1.196767 -3.651732 -2.390317 -2.104229 -2.712071 4.399283 -1.978572 -0.072587 -5.842205 -16.360042 -0.385858 -5.889923 -14.560947 8.773895 -0.000000 0.000000 0.000000 2.159972 7.352812 -13.209225 12.852023 -10.336614 -41.287793 111.979011 -73.554724 106.308607 -21.589191 -13.357535 16.824713 0.332023 0.090279 8.186306 20.358447 11.840140 44.421083 108.480670 67.666433 -102.566773 -12.373078 1.433030 -13.249611 
-36.933360 60.725147 66.211319 -178.927829 -1.187179 -174.424706 -8.882109 -6.102062 4.741599 18.967303 -11.167796 -3.737061 0.494027 9.488449 -4.135992 -0.000000 0.000000 0.000000 1.582231 -2.151983 -3.661283 8.390111 3.798292 -0.751638 12.755935 -3.772218 10.819220 -0.000000 0.000000 0.000000 14.074427 1.683123 -3.982609 -4.156984 -3.105612 -2.185608 5.704933 -1.901349 0.854227 -5.751014 -17.564609 -0.518145 -3.636066 -14.292653 12.212546 -0.000000 0.000000 0.000000 1.107431 7.041584 -12.201421 14.803017 -11.022782 -44.062009 116.154897 -76.401607 111.260118 -19.331704 -15.552935 13.019537 -1.228818 -0.832443 6.440171 21.823520 10.725305 46.182360 115.507842 71.773086 -108.517858 -9.922512 0.732496 -14.437708 
-35.096264 62.008107 66.294152 -178.768835 -2.495788 -175.940182 -7.265039 -7.626931 2.891604 17.861406 -10.480956 -3.571925 4.118112 8.061227 -6.431473 -0.000000 0.000000 0.000000 0.969978 1.180759 -1.721452 12.527026 4.619056 -1.103218 11.719960 -3.522804 10.833766 -0.000000 0.000000 0.000000 12.997409 1.304478 -4.392344 -2.881246 -3.433345 -1.204649 5.524767 -1.621323 1.165032 -4.926405 -17.210631 0.583906 -4.462380 -14.991673 13.924536 -0.000000 0.000000 0.000000 1.537603 6.005408 -11.712073 15.726064 -12.117545 -45.426433 121.225361 -77.119477 117.620639 -20.923069 -15.512833 10.861773 -1.146517 -0.680820 6.155447 22.316423 10.118869 46.740198 119.225153 72.074463 -113.612950 -11.391403 1.684229 -13.638626 
-33.369291 62.597162 66.467714 -177.953370 -3.755899 -178.055895 -5.252525 -7.055057 2.206109 16.749859 -11.841247 -1.892171 8.692665 5.676190 -8.541776 -0.000000 0.000000 0.000000 -1.937842 2.118509 -0.349675 23.770613 -0.149828 1.047976 4.847060 -7.099916 7.833476 -0.000000 0.000000 0.000000 13.052172 0.194839 -3.392803 -1.860714 -3.278735 -0.477260 5.035330 -1.072357 1.048651 -5.248024 -16.093211 1.470513 -4.991733 -16.136321 14.356509 -0.000000 0.000000 0.000000 1.655591 4.572662 -11.771151 16.625028 -12.964908 -45.651415 124.822623 -76.587400 122.347732 -21.661862 -15.592405 10.070050 -1.026415 0.348569 6.646979 22.493542 8.537746 46.690358 122.489001 71.790613 -118.631645 -13.003397 3.596138 -13.020614 
-31.739831 62.495548 66.763860 -177.072554 -4.532181 179.880773 -3.134985 -6.159939 2.452567 14.585666 -14.184497 -1.144654 12.378073 4.161506 -9.724578 -0.000000 0.000000 0.000000 -7.902580 1.175994 -1.060539 41.820801 -4.275353 5.287383 -2.211604 -8.625011 4.971273 -0.000000 0.000000 0.000000 14.237139 -1.080015 -1.932615 -2.026619 -2.833753 -0.054517 4.448402 -0.592066 0.661221 -6.429205 -14.457824 2.208934 -4.945954 -17.133345 13.580301 -0.000000 0.000000 0.000000 1.264828 3.645172 -11.461558 17.383135 -13.381674 -45.416708 126.508518 -75.314989 124.334410 -21.229372 -16.610143 10.447016 -1.494630 1.354683 6.588815 22.080077 7.238461 46.824973 123.439617 71.678038 -120.463765 -14.480006 5.868601 -13.431478 
-30.167800 61.715508 67.146552 -176.671074 -4.721983 177.967459 -1.523588 -5.736258 3.213184 11.698610 -15.005232 -1.560721 14.701467 5.009019 -8.788557 -0.000000 0.000000 0.000000 -15.579693 1.018453 -2.808092 61.863282 -4.246817 9.089589 -7.423307 -8.136354 1.775789 -0.000000 0.000000 0.000000 15.284804 -2.418477 -0.570926 -2.861316 -2.280681 0.232814 4.177825 -0.049609 0.309497 -7.917082 -13.112781 2.610830 -5.168079 -17.579771 12.798302 -0.000000 0.000000 0.000000 0.492106 3.233276 -10.758952 17.509474 -13.554968 -45.340558 127.610701 -74.225919 125.250039 -20.637223 -17.298321 10.961707 -2.098003 2.360042 5.989862 20.848579 6.768158 47.120943 121.472206 71.628795 -119.333467 -14.865637 7.127480 -13.980400 
-28.576180 60.142481 67.636782 -177.028897 -4.888721 176.381761 -1.742152 -5.889818 3.445204 12.576964 -14.658482 -2.067142 6.828031 12.065396 1.381063 -0.000000 0.000000 0.000000 -24.168004 2.264150 -5.850468 80.596915 -0.484792 11.746526 -11.348610 -7.733871 -0.099515 -0.000000 0.000000 0.000000 15.991610 -4.115689 0.358920 -5.195271 -1.898707 0.312678 4.896685 0.432078 0.169302 -9.650986 -13.372604 2.585897 -4.652914 -16.490363 12.324286 -0.000000 0.000000 0.000000 -0.220766 3.290385 -9.870596 16.822767 -13.597922 -45.113094 129.670181 -73.495218 126.614671 -21.224281 -16.676202 11.840788 -2.760721 3.372078 4.970959 19.189632 7.510942 47.665519 116.912123 71.599829 -116.204275 -13.957700 6.645517 -14.031873 
-26.676887 57.978380 68.189448 -176.746942 -5.322110 174.751572 -1.891662 -3.227809 5.408465 15.942291 -14.014994 0.040243 -8.652411 11.917510 9.260064 -0.000000 0.000000 0.000000 -31.328024 3.454639 -9.249126 96.507788 3.397601 11.622946 -13.748172 -6.515330 -0.046798 -0.000000 0.000000 0.000000 17.672487 -5.715251 0.685209 -6.596702 -1.930249 0.464122 4.140142 0.904727 0.248530 -10.426546 -13.052767 2.929251 -5.560364 -16.018319 11.465938 -0.000000 0.000000 0.000000 -0.743589 2.682477 -9.292675 15.781693 -12.573088 -44.598442 130.533832 -72.961086 126.969155 -21.964841 -16.019095 11.966765 -3.755535 4.666823 4.868268 17.491742 7.700054 47.918705 112.304166 71.387796 -112.847592 -11.745615 5.812453 -13.660637 
-24.476759 55.705714 68.863386 -176.181620 -6.620264 175.004564 -3.307270 -3.939825 8.254020 18.682685 -17.754327 -1.889206 -18.668178 11.106064 13.838320 -0.000000 0.000000 0.000000 -36.595267 6.049597 -14.839463 107.727704 7.739040 10.041275 -14.010451 -5.731473 0.942501 -0.000000 0.000000 0.000000 18.914631 -6.600832 -1.561334 -6.098919 -2.861565 0.934358 3.150676 0.884791 -0.366333 -12.486233 -10.895597 4.247089 -6.548710 -17.827279 9.715278 -0.000000 0.000000 0.000000 -1.187922 1.523077 -10.177383 13.666688 -12.542383 -41.132395 126.007149 -73.149389 122.158987 -22.400583 -15.364004 12.487363 -5.554034 4.729235 8.238996 15.813180 8.975104 46.625392 104.004251 69.565806 -106.829065 -8.560317 5.069867 -13.034592 
-22.298284 54.039401 69.521987 -175.440346 -9.452716 176.816586 -7.188817 -6.123466 9.011678 24.623243 -19.061794 -4.708244 -22.034831 9.787596 16.406638 -0.000000 0.000000 0.000000 -38.329746 8.444154 -21.530077 112.402478 10.613390 7.446861 -13.563461 -4.512337 1.825011 -0.000000 0.000000 0.000000 19.850144 -6.117385 -4.359339 -4.200718 -4.866736 1.373711 1.743029 0.495156 -1.745602 -14.480566 -8.312637 4.516534 -8.628968 -21.007190 7.978135 -0.000000 0.000000 0.000000 -1.483255 -0.775955 -11.516816 9.528126 -13.471045 -36.867291 111.380866 -74.665658 105.188562 -20.735593 -13.842467 12.614250 -6.669165 3.654174 12.898833 13.801223 10.011304 46.229724 93.244229 66.460081 -98.467620 -3.315615 5.648865 -13.804576 
-20.288688 53.232765 70.023161 -173.391560 -11.630192 177.024756 -12.192399 -7.277678 10.356535 35.057242 -21.148716 -4.134546 -20.897469 9.369859 13.824159 -0.000000 0.000000 0.000000 -35.717357 8.355994 -23.566698 110.450770 10.992305 4.759766 -13.284261 -3.009084 2.303907 -0.000000 0.000000 0.000000 22.502454 -5.118520 -3.992254 -4.521952 -5.939188 0.727785 0.987789 1.114027 -2.490324 -13.032515 -8.008971 2.477558 -10.570339 -21.875841 7.499611 -0.000000 0.000000 0.000000 -3.127470 -4.561763 -11.404085 5.608100 -14.306368 -36.893158 83.194417 -73.829219 72.205142 -15.545191 -10.186802 13.731596 -6.764360 5.132850 13.252250 12.131377 8.180749 50.645776 81.731423 65.401617 -88.019052 -0.891864 5.410871 -17.649205 
-18.657449 52.733988 70.296329 -171.596222 -12.105309 176.614353 -13.534710 -5.846286 12.407896 39.236685 -22.099631 -2.026209 -20.523693 8.398691 11.523290 -0.000000 0.000000 0.000000 -31.917430 8.003308 -22.632523 104.740279 10.387049 1.887747 -12.560579 -2.470263 2.324591 -0.000000 0.000000 0.000000 24.144728 -4.836903 -2.839864 -4.960859 -5.529304 -0.243920 0.577129 1.681637 -2.392197 -10.562345 -9.879105 -0.182840 -10.126972 -20.077424 8.284737 -0.000000 0.000000 0.000000 -5.617895 -6.302888 -10.169202 3.594344 -15.789605 -40.320483 63.487038 -70.795851 48.204784 -9.691548 -3.296813 17.905271 -6.439813 7.656260 10.417779 11.738608 7.707856 55.770908 72.502838 68.591584 -79.878245 -6.954186 0.832977 -20.755957 
-17.123413 52.438718 70.464844 -171.213315 -11.574159 177.303360 -11.653978 -5.363866 13.043907 36.011884 -21.952648 -1.266494 -22.211965 9.597708 10.088849 -0.000000 0.000000 0.000000 -28.175391 8.572176 -21.783892 96.012460 9.163421 -0.855869 -11.225951 -4.106140 1.838423 -0.000000 0.000000 0.000000 22.771460 -4.582680 -3.630272 -3.711297 -5.403451 -0.883350 -0.130140 1.450154 -2.552021 -7.187128 -9.402167 -1.044914 -8.939363 -19.160085 9.644706 -0.000000 0.000000 0.000000 -5.739923 -8.074278 -9.258140 3.573008 -15.853555 -42.525750 55.649797 -69.607795 40.215464 -8.680223 1.015856 23.035419 -6.233851 9.442850 10.159994 11.684002 8.431037 56.328190 69.629634 72.072641 -75.770964 -15.030863 -2.206547 -24.080073 
-15.485522 52.398026 70.713913 -171.656765 -11.376128 178.255374 -11.386220 -6.920853 12.728838 34.012118 -22.266337 -0.340503 -21.172368 12.204172 8.354094 -0.000000 0.000000 0.000000 -23.836601 8.576957 -21.178648 84.022742 7.818814 -2.834175 -10.321488 -8.524802 0.379830 -0.000000 0.000000 0.000000 22.230408 -4.826574 -4.429965 -4.947888 -5.221997 -1.456525 0.699555 0.459559 -2.294148 -7.142044 -11.698013 -0.849581 -6.214223 -16.154687 9.709309 -0.000000 0.000000 0.000000 -4.868359 -5.321811 -10.936671 3.693765 -17.827966 -41.540800 56.328408 -70.250402 41.625292 -11.760939 -0.894312 23.506026 -7.297342 8.035461 10.970150 12.251584 11.893714 54.093920 69.391009 72.024976 -73.584182 -14.925620 -0.717061 -20.437593 
-13.598119 52.368504 70.902175 -171.581382 -11.134792 179.183441 -10.763395 -7.638428 13.725316 32.069259 -21.727865 0.042119 -19.329398 12.978859 4.957341 -0.000000 0.000000 0.000000 -18.009229 7.792413 -20.901510 70.031532 7.049589 -4.189251 -9.297893 -11.539653 -0.341758 -0.000000 0.000000 0.000000 22.454013 -4.766719 -4.466397 -5.678983 -5.020843 -2.077783 1.040588 -0.239670 -1.756140 -7.634719 -12.964496 -1.325178 -4.340305 -13.757777 9.564773 -0.000000 0.000000 0.000000 -3.224976 -3.416320 -11.930380 3.568113 -17.485565 -41.787714 60.838413 -71.420629 47.045408 -14.938313 -5.553744 19.877639 -7.389972 7.098995 10.837720 12.051747 13.164228 53.007061 74.580030 68.835984 -76.766629 -8.468559 3.821882 -14.582101 
-11.433578 52.067029 70.988023 -171.597423 -9.735683 -179.765201 -9.173047 -6.765558 15.839575 28.370847 -21.147947 -0.401503 -18.040877 12.923517 1.708664 -0.000000 0.000000 0.000000 -12.990245 7.024869 -21.366792 56.795958 9.959069 -4.753020 -7.391908 -9.667798 1.384353 -0.000000 0.000000 0.000000 21.923156 -4.036600 -4.242733 -5.368040 -4.290393 -2.717124 1.608759 -0.429883 -1.686958 -8.187955 -10.927604 -1.352789 -3.944823 -14.320210 8.373282 -0.000000 0.000000 0.000000 -1.866925 -2.661181 -11.914728 3.902047 -16.352763 -42.788312 65.142381 -73.019650 52.509369 -18.498827 -9.024769 15.754769 -6.828847 6.058965 10.203937 10.970424 13.854250 52.752232 80.152987 67.435226 -80.641397 -5.870243 5.772123 -11.904443 
-8.843066 51.529318 71.019375 -172.296336 -8.008068 -178.558323 -8.348608 -5.644063 18.261732 24.583832 -21.240366 -1.220439 -16.047158 13.660753 -1.596719 -0.000000 0.000000 0.000000 -9.742105 6.413194 -22.419592 45.823586 15.593922 -3.358174 -6.648782 -6.296785 5.280341 -0.000000 0.000000 0.000000 20.256452 -3.109907 -3.951227 -4.379495 -3.647645 -3.210927 2.667368 -0.535325 -2.052039 -8.850009 -7.139882 -1.577626 -4.085567 -16.060157 6.691096 -0.000000 0.000000 0.000000 -0.969808 -2.546888 -11.054129 4.872934 -15.044319 -43.926881 67.110192 -74.349041 55.398662 -22.050916 -11.833867 14.457788 -6.098120 5.615800 9.867350 9.076855 15.079908 52.824146 82.686928 69.280699 -81.764976 -8.905451 4.391123 -13.313043 
-5.769864 50.985527 70.969743 -173.516745 -6.485240 -176.873794 -7.799190 -4.353249 20.139785 20.220053 -20.255767 -1.263372 -12.274482 14.159051 -6.311374 -0.000000 0.000000 0.000000 -7.626430 5.830954 -22.574452 41.324244 13.658544 -3.393710 -16.075584 -9.001531 6.547109 -0.000000 0.000000 0.000000 18.405385 -2.780984 -4.263790 -3.509956 -3.025398 -3.628912 3.546374 -0.769234 -2.322283 -9.322628 -4.341168 -2.213797 -4.234739 -16.156623 4.724593 -0.000000 0.000000 0.000000 -0.109296 -1.425758 -10.332135 6.347042 -14.106019 -44.387407 69.120298 -74.161559 58.124758 -24.679496 -13.102581 14.872614 -5.953770 6.014257 9.929096 7.638323 17.591103 53.106836 80.614102 71.514764 -78.828403 -12.976226 3.427381 -15.152701 
-2.484845 50.729024 70.864117 -174.586493 -5.101719 -175.383492 -6.761483 -2.387007 21.509533 15.233802 -18.561638 -0.022432 -5.674667 14.270929 -10.664961 -0.000000 0.000000 0.000000 -9.063232 3.813307 -22.520070 40.375277 10.411404 -2.296004 -23.393436 -6.721612 6.779282 -0.000000 0.000000 0.000000 16.993311 -2.526115 -4.324124 -2.279826 -2.431796 -4.029051 3.754883 -0.593584 -2.765859 -9.079560 -0.826203 -3.264244 -4.830256 -16.188850 2.678730 -0.000000 0.000000 0.000000 -0.655418 0.607070 -9.903245 8.365753 -12.939815 -43.382209 71.499604 -74.145134 59.675662 -24.071881 -13.706197 16.081495 -5.740132 6.334842 10.624896 5.963638 19.811991 52.373196 79.984211 72.466809 -75.915885 -13.573824 2.942069 -16.808962 
0.725446 50.881940 70.834482 -175.119302 -3.668354 -174.581915 -5.813662 -0.593368 22.938553 11.139782 -13.791369 0.572239 4.565039 15.893237 -14.130606 -0.000000 0.000000 0.000000 -11.851911 3.916214 -20.347792 42.497766 10.008330 -0.929440 -26.410149 -5.641556 3.298691 -0.000000 0.000000 0.000000 16.630564 -2.646806 -3.940673 -1.080214 -1.174955 -4.512375 3.456872 -0.097792 -3.026467 -8.619012 1.274714 -4.538691 -5.313782 -14.546857 1.596227 -0.000000 0.000000 0.000000 -1.370193 1.991126 -9.709480 10.946523 -10.190010 -40.211589 83.521358 -75.157604 70.802237 -21.386550 -14.117528 16.178328 -4.889902 7.657051 10.239390 5.233145 21.092674 51.176157 87.933221 73.037946 -82.064043 -11.876098 1.816640 -17.914676 
3.506399 51.462883 70.930439 -176.179656 -2.894925 -173.921265 -5.597331 0.439849 22.820213 7.985484 -7.377037 0.836571 10.459920 16.902219 -12.081627 -0.000000 0.000000 0.000000 -12.805056 4.696168 -18.263699 41.446702 10.529972 0.936521 -27.148460 -5.551579 0.507631 -0.000000 0.000000 0.000000 15.342580 -2.468041 -3.757207 0.165770 -0.397318 -4.984801 3.818012 0.446616 -3.170774 -8.914637 1.870695 -5.126112 -4.850802 -12.662539 1.254107 -0.000000 0.000000 0.000000 -1.027153 2.589189 -8.488403 13.124394 -7.677419 -36.803025 101.715379 -74.799042 90.289547 -17.714047 -15.723132 13.845206 -3.423787 8.878295 7.758484 5.902438 21.656004 49.907637 106.575424 72.206832 -100.903020 -11.722680 1.216265 -16.237265 
5.753928 52.711290 70.961976 -176.955285 -4.052538 -173.322666 -6.326487 1.441922 20.774904 7.701259 -5.838456 0.373415 3.853882 15.267700 -7.739653 -0.000000 0.000000 0.000000 -10.812590 2.307262 -16.357502 35.730194 9.417525 1.289157 -25.402056 -5.372044 0.756336 -0.000000 0.000000 0.000000 14.337087 -1.348658 -3.742421 -0.240435 -0.678635 -5.194327 5.309830 0.583813 -2.717464 -8.809169 0.874322 -5.416348 -3.521690 -11.783641 1.622563 -0.000000 0.000000 0.000000 -0.684634 2.495922 -6.758892 15.137290 -6.722302 -34.417431 117.845346 -73.425669 107.751392 -13.749898 -17.733819 13.801736 -2.332444 8.569040 5.326049 9.086781 19.245472 47.127074 128.003318 68.388687 -122.862179 -11.492516 2.410986 -13.349882 
7.747163 54.794329 70.841736 -177.397764 -6.652247 -173.114187 -6.074120 0.774375 17.384310 7.061294 -5.683693 -0.737122 3.251470 14.429153 -7.324158 -0.000000 0.000000 0.000000 -6.379201 0.227798 -13.335769 26.871397 7.457000 0.820444 -18.277270 -6.500797 2.266753 -0.000000 0.000000 0.000000 13.155076 -0.180496 -4.112685 -0.515670 -1.373802 -4.801609 6.510999 0.223903 -1.883076 -8.102070 -1.353747 -5.368942 -1.253607 -11.101580 2.919779 -0.000000 0.000000 0.000000 -0.272537 2.412991 -5.719862 16.437389 -7.377052 -33.141519 127.364644 -72.392964 118.223984 -12.478485 -20.155118 13.413420 -1.697408 6.979671 4.193972 13.399887 16.111488 44.697410 138.799587 65.016391 -134.516793 -13.978055 4.625222 -10.258520 
9.674372 57.292652 70.600802 -177.994812 -9.034741 -173.435718 -5.917098 0.289733 13.544835 7.713881 -5.644402 -1.817723 4.044112 12.630752 -7.132128 -0.000000 0.000000 0.000000 -1.828881 -0.716709 -9.745580 16.818005 5.227399 -0.128195 -6.072482 -7.563648 5.431852 -0.000000 0.000000 0.000000 11.950345 0.454016 -4.603125 -1.389057 -2.149698 -4.405476 7.513614 -0.163476 -0.853611 -6.530774 -4.395451 -4.973102 0.916220 -9.887809 5.341935 -0.000000 0.000000 0.000000 0.171303 3.044279 -4.985528 17.562941 -8.616296 -33.544932 135.640668 -72.882206 126.936889 -14.847947 -21.475821 12.225987 -1.429886 4.914659 3.363771 17.386129 14.738380 44.215632 145.274780 64.754577 -140.740427 -17.930076 4.416023 -10.321086 
11.658646 59.773248 70.415968 -178.410403 -10.682306 -174.436483 -4.757619 -0.150127 9.761140 8.371682 -4.900840 -1.576825 6.175056 10.577954 -7.530977 -0.000000 0.000000 0.000000 0.300304 -2.163246 -6.836499 8.789070 2.864551 -0.761694 10.580157 -4.595439 10.368679 -0.000000 0.000000 0.000000 11.657365 0.648826 -4.895786 -2.155290 -3.032840 -3.988743 7.604614 -0.597898 0.284422 -4.850622 -8.086198 -4.346287 1.985989 -7.940721 8.394165 -0.000000 0.000000 0.000000 0.625892 4.361328 -4.871560 18.557824 -9.836197 -34.698042 145.564059 -74.037401 137.076051 -19.267775 -22.324796 10.969320 -1.345227 3.013739 2.753040 20.330871 14.897817 44.535046 150.337430 65.742898 -144.595904 -19.403961 3.585193 -13.623884 
13.732232 61.681038 70.467567 -178.657818 -11.262148 -176.119223 -2.979973 -1.404353 7.244772 8.853222 -4.329727 -1.610296 9.840776 10.203335 -8.215581 -0.000000 0.000000 0.000000 -2.384859 -1.136789 -4.164821 12.012460 2.615142 -0.039779 14.230875 -3.123067 11.680558 -0.000000 0.000000 0.000000 11.837544 0.121159 -4.736239 -2.272293 -3.334864 -3.144878 7.278806 -0.699439 1.043843 -3.292024 -8.623169 -3.321536 1.127352 -8.331514 10.782440 -0.000000 0.000000 0.000000 1.836244 3.843186 -4.684379 18.558715 -8.692853 -37.119051 156.818214 -73.701769 148.909942 -26.115156 -22.020811 8.592022 -0.772102 2.399205 2.265297 21.308260 14.343384 45.206562 152.764075 65.279143 -146.076534 -19.586325 3.121622 -16.396813 
15.762283 62.915218 70.705712 -177.749707 -11.047062 -178.442025 -0.318687 -2.382643 5.689319 10.105744 -5.201167 -1.021027 12.781514 10.595466 -8.723387 -0.000000 0.000000 0.000000 -8.390755 3.081475 -0.440953 26.784597 1.483988 2.187032 7.861342 -5.019683 8.248154 -0.000000 0.000000 0.000000 13.121406 -2.065703 -3.334027 -1.119987 -3.133731 -2.055164 6.573160 -0.356605 1.543509 -3.366715 -8.808228 -2.704294 -1.184201 -8.131678 12.099744 -0.000000 0.000000 0.000000 1.791403 3.060156 -4.868828 19.561219 -6.933010 -39.700863 165.145704 -72.184902 158.776377 -29.457543 -21.056601 8.086004 -0.783695 3.780876 1.857101 21.244818 13.556394 45.527606 154.095667 64.042118 -147.498122 -18.936884 3.454776 -17.237063 
17.801996 63.351637 71.093047 -176.376036 -9.829256 179.416035 2.445457 -1.514018 4.739764 11.384765 -7.040968 -0.796789 15.192657 9.731121 -9.225296 -0.000000 0.000000 0.000000 -17.675894 4.556112 2.119332 47.476700 0.987790 5.858339 -0.047768 -6.324467 4.578646 -0.000000 0.000000 0.000000 14.431974 -4.317344 -1.614139 1.227405 -2.535404 -1.099173 6.352804 -0.204792 1.147910 -5.726418 -7.376740 -0.998233 -2.095653 -8.396478 11.101940 -0.000000 0.000000 0.000000 2.892972 1.709783 -6.056146 19.146145 -5.002174 -40.875319 163.695715 -69.499206 161.426760 -30.069569 -20.210994 7.221650 -0.910185 5.780157 2.070725 19.079608 13.280389 45.453780 152.685960 62.203244 -147.827453 -19.048858 4.191064 -15.341374 
19.800782 62.937480 71.392810 -175.995203 -9.080870 176.806453 3.643649 -1.180367 4.425740 12.674792 -9.472980 -0.404548 17.912649 7.847450 -9.367911 -0.000000 0.000000 0.000000 -29.531077 5.333005 4.438655 69.953357 -0.137272 10.118219 -7.285450 -7.426706 -0.180527 -0.000000 0.000000 0.000000 16.836323 -6.633892 0.652040 -0.650854 -1.726166 -0.160866 6.218658 0.013731 1.604341 -6.062800 -7.559318 -0.870300 -2.863943 -8.409038 10.560411 -0.000000 0.000000 0.000000 1.152430 1.996830 -4.622512 19.639930 -5.496361 -43.192066 161.179348 -68.869892 159.206348 -26.873578 -20.136491 10.366374 -2.039667 6.763284 0.385138 17.893218 12.244066 45.002574 153.622443 60.862913 -148.735629 -19.108448 6.288104 -16.059878 
21.840481 61.779332 71.489811 -176.046835 -9.241802 174.269291 4.567245 -1.250538 4.691821 12.456123 -11.295605 -0.108113 21.279426 5.517153 -8.709362 -0.000000 0.000000 0.000000 -41.630936 5.875689 5.534649 90.204046 0.137690 14.278604 -10.519500 -8.980786 -3.313677 -0.000000 0.000000 0.000000 18.824099 -9.083264 3.116597 -2.841034 -0.821994 0.834228 6.736352 -0.480977 2.315365 -7.931260 -7.447855 -0.368266 -2.733504 -7.534195 8.693607 -0.000000 0.000000 0.000000 0.749656 2.049717 -4.629548 18.281285 -5.792306 -44.337015 156.826274 -68.330728 156.190662 -25.355198 -19.265745 10.068105 -3.209984 6.797103 -1.707362 16.058699 12.522787 44.471340 152.336231 60.161937 -149.774755 -19.844110 7.740418 -14.501443 
23.941457 59.800196 71.563530 -175.973268 -11.052798 172.320946 5.379416 0.037928 5.260585 13.442002 -10.925482 -0.339962 11.321516 12.852682 0.828723 -0.000000 0.000000 0.000000 -52.122974 6.711912 3.866274 106.852772 3.806009 17.302118 -12.883457 -8.700969 -4.259720 -0.000000 0.000000 0.000000 19.616907 -11.026945 5.372909 -3.441609 -0.731443 1.662686 6.554437 -0.737713 1.461559 -7.761619 -6.421127 0.566507 -3.146584 -8.499578 7.903596 -0.000000 0.000000 0.000000 1.203762 -0.336140 -3.147786 15.137480 -5.622985 -44.478492 153.367115 -68.070119 153.399377 -25.228715 -17.807289 10.856605 -3.610815 6.853736 -3.066401 13.573565 11.171670 45.278729 149.235081 59.378940 -149.676281 -20.795708 8.214181 -13.381538 
26.050779 57.487673 71.690106 -174.475080 -14.399953 170.500024 7.588306 3.579944 8.107697 12.955806 -9.574413 1.680382 -3.299470 14.431630 7.730040 -0.000000 0.000000 0.000000 -57.965805 7.570342 0.109840 118.863390 7.994361 17.881948 -13.700448 -6.608017 -2.796317 -0.000000 0.000000 0.000000 21.923406 -12.356457 6.965731 -2.587663 -1.228911 2.779574 4.418867 -0.819926 1.049849 -6.548904 -6.280916 1.092678 -4.816687 -9.608672 7.494295 -0.000000 0.000000 0.000000 0.709121 -2.491440 -3.249325 12.219608 -7.350808 -42.854355 146.946121 -68.902704 147.463174 -25.683372 -17.234227 11.470187 -4.072531 6.523294 -2.703788 12.320413 8.867818 44.602794 146.602904 59.013919 -149.758670 -20.990638 8.316439 -12.860473 
28.141400 55.308062 72.135717 -171.532092 -17.764587 171.601065 9.881890 5.082287 12.238493 12.372527 -15.348854 -0.037901 -14.519952 13.761150 10.525655 -0.000000 0.000000 0.000000 -58.655242 10.506684 -5.241789 125.781031 11.712876 15.633921 -14.349040 -4.213910 -0.765768 -0.000000 0.000000 0.000000 24.270935 -12.622442 4.967937 -0.141718 -2.360750 3.436109 2.093013 -0.496895 -0.097500 -6.866788 -4.866513 2.204314 -3.307074 -13.537240 8.150543 -0.000000 0.000000 0.000000 -1.905335 -4.348893 -3.833690 11.288871 -12.231398 -38.608986 136.669749 -72.084385 137.565770 -22.445357 -18.971362 15.522490 -6.029238 6.146648 1.897354 12.845311 6.899518 43.396184 140.412572 59.992200 -145.781860 -19.940613 9.989337 -14.079026 
30.091035 53.918970 72.582549 -168.454025 -19.964807 175.295727 10.338023 5.519665 13.172036 14.560102 -17.943330 -2.246966 -20.518895 13.423267 12.088539 -0.000000 0.000000 0.000000 -54.763121 13.754938 -10.845241 126.208685 12.980409 11.535944 -13.915431 -2.186991 1.799670 -0.000000 0.000000 0.000000 25.391338 -11.513768 0.605200 2.612586 -3.176878 3.572903 -0.577534 -0.396309 -2.300249 -7.634982 -2.444379 4.817014 -2.062823 -18.588778 7.015128 -0.000000 0.000000 0.000000 -2.754009 -5.366274 -6.847680 6.752749 -14.032679 -32.472412 120.657770 -74.028906 117.661286 -19.395621 -20.149912 14.563918 -7.666576 3.590534 7.638296 12.988352 7.834944 44.690542 126.780826 63.681638 -133.629281 -18.936661 10.538338 -12.652017 
31.829542 53.555685 72.669464 -166.266790 -20.473270 178.486812 8.778700 5.105454 12.877142 20.025384 -17.489100 -1.870471 -21.679987 13.181268 9.293414 -0.000000 0.000000 0.000000 -47.462621 14.312064 -14.001764 119.593932 11.112801 7.420237 -12.596730 -1.922149 3.009000 -0.000000 0.000000 0.000000 25.049589 -9.589265 -2.650306 2.178862 -3.847032 2.315485 -1.414249 0.363308 -3.352308 -4.005305 -3.509974 4.642013 -1.740061 -20.976421 8.352712 -0.000000 0.000000 0.000000 -3.369587 -7.695982 -9.341303 4.201724 -14.950107 -32.266243 83.188622 -74.342581 74.796920 -9.593047 -20.072382 18.101493 -7.695109 4.232036 11.955143 12.632656 6.706083 48.292102 107.689282 68.644669 -114.704361 -15.973121 8.894752 -14.969076 
33.320236 53.469902 72.283715 -165.590453 -20.744879 179.481667 8.641796 5.296870 13.926132 20.610063 -18.603324 -1.049769 -20.962606 13.753079 7.387745 -0.000000 0.000000 0.000000 -38.754109 13.178960 -15.170649 108.011735 8.631380 4.622611 -11.943529 -3.359225 2.166862 -0.000000 0.000000 0.000000 23.617377 -8.700164 -2.158033 0.633939 -3.907238 0.438912 -1.503207 1.361105 -3.849869 -0.556047 -6.635562 2.586562 -0.057100 -19.692090 8.936757 -0.000000 0.000000 0.000000 -3.432938 -8.655235 -8.962461 2.275039 -15.170259 -38.586888 54.042422 -67.501641 41.163513 -3.081131 -13.582898 25.013820 -6.892786 7.171401 10.861630 11.898083 7.005338 54.477859 84.410900 72.308139 -91.460130 -16.238458 7.603408 -22.140143 
34.824088 53.525025 71.545267 -166.006734 -22.288213 -179.792683 9.457202 6.056172 15.194038 16.942384 -18.896381 0.428805 -19.264872 12.797531 3.809958 -0.000000 0.000000 0.000000 -28.929618 11.141060 -16.964726 92.135393 5.328370 2.576839 -10.470923 -5.827571 1.555793 -0.000000 0.000000 0.000000 21.190230 -7.920350 -1.576770 -0.678760 -4.095539 -0.373442 -1.188116 1.968984 -3.890823 1.398320 -6.503212 2.117855 0.058231 -20.615716 7.408506 -0.000000 0.000000 0.000000 -1.996211 -8.275923 -9.877995 1.118951 -15.805295 -43.047255 40.210152 -62.312052 26.303184 -5.851733 -9.424273 29.100956 -6.255442 7.612003 10.310731 11.961775 9.591999 56.181521 70.733279 73.584989 -78.008531 -19.672360 4.883463 -27.795149 
36.541611 53.416562 70.788693 -167.641336 -24.764662 -178.788888 7.803597 5.232045 16.554798 14.428413 -20.406484 0.675551 -16.979436 12.701362 0.091690 -0.000000 0.000000 0.000000 -20.194237 8.179840 -19.242151 73.348890 3.275081 0.418535 -8.838760 -10.306773 0.142970 -0.000000 0.000000 0.000000 18.738442 -7.249250 -1.275404 -1.943173 -4.948530 -1.309923 -1.263894 1.528617 -3.131790 1.371409 -8.565104 0.248277 0.186544 -16.927552 8.514680 -0.000000 0.000000 0.000000 -0.862052 -6.722671 -10.391273 2.045819 -13.014666 -46.089792 32.051188 -62.352257 17.617946 -14.080646 -11.892650 29.640832 -6.185557 8.150236 10.012406 11.992923 10.297123 55.308807 69.549645 74.694219 -73.912365 -19.426907 3.727324 -28.296954 
38.510272 53.003019 70.049286 -170.133313 -26.770999 -177.951302 4.919949 3.402676 17.993470 12.830137 -20.687863 -0.259856 -14.972452 12.451706 -2.579536 -0.000000 0.000000 0.000000 -12.778863 5.764374 -20.634120 53.600164 6.240219 -2.375195 -6.091804 -12.400951 1.002647 -0.000000 0.000000 0.000000 17.100637 -6.591789 -1.216387 -4.462056 -4.726161 -2.187128 0.187577 0.724997 -1.672341 -2.977331 -14.580875 -1.799009 0.399082 -10.314321 8.358703 -0.000000 0.000000 0.000000 -0.645248 -0.485238 -11.930908 4.520827 -13.590793 -46.079478 29.821344 -64.200845 13.979249 -20.221889 -13.786607 27.639433 -6.766166 6.264182 8.891453 11.939025 13.651397 53.078390 68.715038 75.350994 -70.438298 -15.451133 4.565817 -23.030723 
40.872765 52.172720 69.266218 -172.967984 -28.190434 -177.128461 1.835113 0.820466 19.183734 12.023477 -19.745182 -0.915769 -14.119432 12.560704 -5.496879 -0.000000 0.000000 0.000000 -5.781861 5.438003 -21.825797 35.636944 14.275646 -3.889758 -0.897095 -10.040772 6.817209 -0.000000 0.000000 0.000000 13.970348 -4.689049 -1.545431 -4.128785 -4.394572 -2.398211 1.741180 0.616489 -1.423686 -7.208072 -12.747052 -2.426474 -1.100458 -10.176847 6.614071 -0.000000 0.000000 0.000000 1.081782 1.522315 -11.629402 6.041794 -12.190784 -45.598071 33.101501 -65.633185 17.104544 -20.267765 -16.336716 25.146775 -6.487754 4.924480 8.507608 10.363441 16.002367 51.239298 72.477150 74.072573 -72.270843 -13.135850 6.129531 -17.535166 
43.696043 51.152486 68.502146 -175.205473 -29.055253 -175.925999 -0.840150 -1.857550 20.170836 11.844604 -19.470445 -0.689486 -13.398485 13.713961 -9.262932 -0.000000 0.000000 0.000000 -2.037352 5.623902 -22.930206 30.610120 15.154484 -5.014175 -12.590954 -12.145388 9.340695 -0.000000 0.000000 0.000000 12.214319 -2.326853 -1.876236 -3.182874 -3.537611 -2.548665 2.252045 1.090870 -1.852376 -9.019730 -6.885818 -2.552865 -4.514695 -13.886838 4.094759 -0.000000 0.000000 0.000000 2.391405 0.290824 -9.820697 7.832685 -9.332983 -45.168047 39.235781 -65.934526 22.955123 -18.658065 -17.805203 25.106225 -5.980396 5.779753 8.846621 9.267932 15.836348 50.013092 76.366174 73.600078 -74.456102 -14.128240 6.570612 -16.636468 
46.853179 50.470847 67.790061 -176.019999 -29.988728 -174.806177 -3.149972 -2.876289 21.872110 11.413307 -20.667277 0.204025 -9.900167 14.052868 -11.919393 -0.000000 0.000000 0.000000 -3.986514 3.689865 -24.026904 31.898095 12.102557 -1.832034 -21.356754 -9.736990 8.354499 -0.000000 0.000000 0.000000 13.549356 -0.888602 -1.205371 -2.468679 -2.440518 -2.915048 2.269059 1.689895 -2.045339 -11.248446 -3.167592 -3.421550 -7.925632 -15.836006 2.678893 -0.000000 0.000000 0.000000 0.698944 0.291817 -9.144271 10.451994 -7.606732 -44.017731 40.875642 -65.286401 23.669003 -16.545916 -18.065773 27.072377 -5.675735 7.630165 10.065639 7.839575 15.264132 47.340324 74.857474 74.852272 -70.508795 -14.935368 6.598957 -19.127471 
50.059903 50.243014 67.074472 -176.642152 -31.912250 -174.610819 -6.438977 -2.562312 24.145642 10.488889 -20.019525 1.130454 -3.368681 13.511318 -13.200824 -0.000000 0.000000 0.000000 -10.378548 1.647890 -22.446735 39.222240 10.523712 0.175786 -25.041666 -7.295556 4.377589 -0.000000 0.000000 0.000000 14.871927 -0.718381 -0.029234 -1.292902 -1.197225 -2.736316 2.512948 1.756481 -1.936840 -13.178427 -1.543746 -4.063023 -11.787833 -15.065596 2.112806 -0.000000 0.000000 0.000000 -0.411547 0.558618 -10.203452 11.243267 -5.835501 -43.348961 39.748888 -64.101160 22.943148 -16.479175 -17.605244 27.567997 -4.304622 10.063295 10.396699 4.939972 15.881971 44.001666 68.479009 74.124422 -61.224855 -13.401024 6.527648 -21.891546 
52.866971 50.323927 66.262376 -175.721301 -34.417405 -173.025478 -8.298355 -2.283882 24.079112 10.244022 -15.150358 0.849390 -0.398808 15.830772 -9.049738 -0.000000 0.000000 0.000000 -12.539611 0.644467 -21.656265 43.679769 11.381528 2.132791 -26.476817 -6.808183 1.658812 -0.000000 0.000000 0.000000 16.574346 -0.520522 0.322319 -0.447953 -0.483672 -3.118389 2.719624 1.546741 -1.373812 -12.777082 -3.275660 -4.989590 -14.457519 -12.207193 4.310151 -0.000000 0.000000 0.000000 -1.547854 0.923110 -10.072822 12.103774 -3.639761 -44.009551 37.561684 -65.458529 21.744997 -15.393491 -15.734355 29.069201 -3.046759 12.852383 8.561256 3.319373 16.012628 42.409626 65.600019 73.774795 -56.078750 -8.465848 3.806933 -23.694996 
54.996383 50.816983 65.500075 -173.931685 -38.999263 -170.610356 -10.594500 -2.438991 21.884467 13.197257 -12.012805 0.846803 -3.371893 14.205068 -4.729208 -0.000000 0.000000 0.000000 -10.014371 -1.571294 -20.635100 42.385409 10.081052 3.608838 -27.468880 -7.418815 1.231605 -0.000000 0.000000 0.000000 18.517869 -0.003372 0.299140 -0.765476 -0.872279 -3.536597 3.145713 0.887961 -0.556635 -13.031799 -5.841675 -4.984315 -13.225576 -9.140654 5.801481 -0.000000 0.000000 0.000000 -2.111070 2.635069 -10.576101 13.321455 -2.050410 -43.178198 42.999640 -70.345908 29.060959 -16.051186 -15.320120 27.744541 -2.788456 13.125223 7.126907 4.398692 15.668691 40.268635 73.628512 75.606665 -63.356403 -6.286883 3.379558 -22.624193 
56.660420 51.811922 64.903057 -173.404880 -43.911153 -168.911525 -14.371394 -4.459049 19.097554 19.652441 -9.240872 -2.461124 -5.139800 14.763682 -5.681401 -0.000000 0.000000 0.000000 -6.676419 -3.214938 -17.867135 37.392317 6.080509 3.708713 -26.866789 -9.434419 0.085037 -0.000000 0.000000 0.000000 18.206264 1.758346 0.279640 -0.984775 -1.028451 -3.636319 3.515431 0.929940 -1.139114 -11.650928 -5.638291 -4.632353 -11.645897 -9.760010 5.666274 -0.000000 0.000000 0.000000 -1.504160 2.279571 -10.161514 14.301227 -1.349517 -41.779900 64.408680 -74.811668 53.384088 -17.854085 -15.758435 24.054575 -2.261212 11.524555 6.502988 6.502202 13.209228 38.835344 95.172417 75.709908 -85.646853 -9.126406 3.725415 -19.730960 
57.949597 53.433979 64.204502 -173.435529 -48.478130 -167.763372 -18.444447 -5.902953 15.332034 28.761457 -6.872384 -6.324448 -7.021036 12.662012 -3.436403 -0.000000 0.000000 0.000000 -2.213634 -4.486943 -14.425278 28.667864 2.945655 2.458271 -22.281137 -12.633823 -0.512912 -0.000000 0.000000 0.000000 17.182910 3.713149 -0.665921 -2.421367 -0.833322 -3.674088 4.901642 1.312240 -1.089195 -10.847369 -7.148266 -4.521309 -9.557603 -9.878847 5.472476 -0.000000 0.000000 0.000000 -0.284755 2.572566 -9.356790 14.805258 -2.780433 -40.155528 94.377194 -76.162305 85.315538 -18.246329 -16.617570 21.823904 -1.330776 9.062622 4.802922 9.992436 11.766212 39.510318 110.802278 74.785923 -103.945997 -10.658785 3.480029 -18.195283 
58.947748 55.677950 63.300425 -173.173877 -53.068421 -166.600686 -21.043786 -6.118554 10.619163 37.410740 -3.341936 -8.935043 -8.929327 11.652573 -1.967922 -0.000000 0.000000 0.000000 3.076406 -6.334379 -11.143975 17.994844 -0.412648 0.319108 -12.389755 -14.780100 2.440579 -0.000000 0.000000 0.000000 16.051890 5.162961 -1.900284 -3.595889 -1.317148 -4.008498 5.735846 1.107638 -0.992781 -10.699575 -8.835916 -4.411707 -6.993729 -8.320762 6.614014 -0.000000 0.000000 0.000000 0.976945 3.310149 -8.138273 16.105256 -3.681272 -39.288160 117.958176 -75.234538 110.393516 -18.466119 -19.186457 19.687543 -0.889171 7.509300 3.191788 13.653354 11.210109 42.023505 120.189692 74.240581 -115.054048 -12.591511 3.378959 -17.951815 
59.810895 58.254325 62.389350 -174.034107 -57.535540 -166.961568 -21.913945 -6.733846 5.833668 42.576253 -1.176051 -10.824258 -8.999694 11.586065 -0.409216 -0.000000 0.000000 0.000000 6.541454 -7.871448 -8.911475 8.268120 -4.127528 -0.992586 2.735716 -13.779221 8.428352 -0.000000 0.000000 0.000000 13.786850 6.500878 -3.318002 -4.928386 -1.693639 -3.919858 6.300560 1.422965 -0.737970 -9.230171 -11.091064 -4.485550 -5.093049 -8.292891 7.943038 -0.000000 0.000000 0.000000 1.519322 4.263133 -7.204098 17.376782 -6.830679 -38.603662 129.105073 -74.977412 121.944448 -19.882376 -20.959426 15.771127 -0.871722 5.013604 2.461303 17.295057 11.574103 44.237047 124.872990 74.124160 -120.800789 -14.715069 3.052089 -16.709691 
60.738963 60.605454 61.465544 -175.404147 -61.113284 -168.882440 -20.612499 -6.867724 3.106419 44.014000 -1.395998 -11.491189 -6.625250 10.118855 -0.619510 -0.000000 0.000000 0.000000 7.281106 -7.523179 -7.088837 3.076957 -2.310614 -1.962453 17.483409 -7.897947 12.230766 -0.000000 0.000000 0.000000 11.102600 6.866610 -4.457067 -5.292288 -2.094002 -3.441322 6.147941 1.632068 -0.364891 -7.965477 -12.354507 -4.866442 -3.374183 -7.633411 9.527011 -0.000000 0.000000 0.000000 2.201447 4.964634 -6.492077 18.301383 -8.125358 -38.864945 137.791535 -75.080713 130.592609 -20.561785 -21.714105 13.186609 -0.618611 3.666478 2.238102 18.745480 12.372927 46.182210 126.528875 73.555871 -123.105222 -15.097660 3.207178 -14.198398 
61.736560 62.406999 60.684884 -174.743539 -64.305604 -170.030378 -16.656522 -6.288649 2.620606 42.390457 -3.829055 -10.631750 -2.523912 8.420091 -3.165867 -0.000000 0.000000 0.000000 5.785347 -2.265573 -4.360178 9.536772 4.766033 -1.548203 13.864225 -2.766041 10.877965 -0.000000 0.000000 0.000000 9.293395 5.372346 -4.688331 -4.206886 -2.261145 -2.514770 5.144488 2.245332 -0.368654 -7.421557 -11.339171 -5.206002 -2.600988 -8.688220 10.332099 -0.000000 0.000000 0.000000 1.905955 4.957257 -6.045104 19.825696 -8.416724 -39.855092 145.272909 -75.164457 138.744042 -21.265897 -21.228848 12.256502 -1.035269 3.624004 3.205565 18.836854 11.973936 47.471196 128.241088 72.611761 -125.506353 -14.462519 4.088882 -11.314010 
62.741971 63.558334 60.049015 -170.210474 -67.730564 -168.189394 -10.562626 -5.292058 3.293808 38.963656 -7.357125 -8.076196 2.995994 6.955361 -6.635141 -0.000000 0.000000 0.000000 3.597028 2.235603 -1.146695 19.573827 4.835199 0.267161 8.745094 -4.133879 8.917956 -0.000000 0.000000 0.000000 9.597301 2.604701 -3.712748 -3.382273 -2.365435 -1.972524 3.444413 3.035423 -0.836907 -6.238188 -9.763936 -5.273957 -2.722640 -10.007174 10.366996 -0.000000 0.000000 0.000000 1.979350 3.703019 -6.944520 20.937732 -6.894972 -40.218371 152.729167 -74.423814 147.036934 -22.353681 -20.515739 12.329700 -1.905910 4.948120 4.754255 18.894329 10.735219 49.473023 127.357874 72.597008 -125.906493 -13.745714 5.148367 -10.714381 
63.839775 63.967693 59.461135 -164.010298 -71.116838 -163.924756 -4.069730 -3.938081 4.248926 34.093630 -10.229960 -5.806617 8.032241 5.577243 -9.734232 -0.000000 0.000000 0.000000 -0.603305 3.272975 0.621253 32.331959 0.226210 2.876315 3.296733 -4.570950 6.328550 -0.000000 0.000000 0.000000 11.132814 -0.210733 -3.316789 -3.626497 -2.610825 -2.003183 1.853276 3.478704 -1.367673 -5.340615 -7.177534 -3.913170 -2.295448 -12.031923 9.341516 -0.000000 0.000000 0.000000 2.074175 2.645744 -8.109204 20.985118 -5.566602 -40.064187 153.669068 -73.469801 149.293028 -24.232684 -20.659797 10.429968 -2.614683 6.169958 5.549401 18.164853 10.787155 52.807444 119.726741 72.805874 -119.701832 -13.455533 5.739793 -13.533735 
65.074980 63.608348 58.852679 -159.306605 -73.980384 -160.204532 1.554293 -2.079589 4.967766 27.637249 -12.187045 -3.970096 11.271349 5.330736 -10.634920 -0.000000 0.000000 0.000000 -6.683627 1.393435 -0.378879 46.065704 -3.495583 5.865447 -1.200421 -4.359361 4.415674 -0.000000 0.000000 0.000000 12.409408 -2.427082 -3.120959 -4.091163 -2.771278 -2.698668 0.527858 3.828009 -1.878283 -5.381414 -7.744408 -3.362005 -1.712087 -12.415403 10.439874 -0.000000 0.000000 0.000000 0.055279 3.336573 -7.479350 20.371251 -7.230036 -39.990815 147.785042 -74.052611 142.924394 -22.591070 -22.085704 12.713014 -3.552221 7.490060 5.624669 17.033430 11.125214 56.886246 109.752020 73.085745 -110.517494 -10.999369 6.433237 -19.032053 
66.521204 62.573171 58.349770 -159.866868 -77.106805 -161.004094 5.122782 -0.382968 5.593168 19.823415 -11.184312 -3.421763 13.407446 8.711558 -9.210546 -0.000000 0.000000 0.000000 -15.114012 0.533788 -3.459204 59.782925 -5.355067 9.087336 -5.060450 -4.119416 2.900384 -0.000000 0.000000 0.000000 12.147311 -4.216506 -3.070094 -4.626643 -2.601791 -3.029318 -0.112339 4.098427 -2.710797 -5.881455 -5.560110 -2.524248 -1.264555 -15.050092 10.223252 -0.000000 0.000000 0.000000 0.103106 2.051866 -7.128053 18.099566 -9.295172 -41.024388 135.795680 -74.813759 132.388475 -21.183651 -22.328316 13.448067 -3.781135 8.063419 6.088642 15.114125 11.384742 59.492716 100.699695 71.795286 -102.363308 -10.527910 6.428346 -22.259648 
68.043184 61.020595 57.962227 -164.761904 -80.849942 -166.272967 5.949797 2.824928 7.035668 14.222196 -6.791919 -2.975758 14.866932 14.238341 -8.203874 -0.000000 0.000000 0.000000 -24.016242 0.314961 -7.511469 71.402912 -4.289311 11.287252 -7.072387 -4.054866 1.908133 -0.000000 0.000000 0.000000 11.845197 -6.038044 -2.469051 -5.591127 -2.340347 -3.127764 -0.517311 4.001209 -2.928635 -6.903018 -5.660067 -2.759568 -1.042348 -15.845480 10.220878 -0.000000 0.000000 0.000000 -0.121484 0.202658 -7.568124 14.797300 -9.805782 -42.395883 128.547034 -75.253986 124.801746 -19.644657 -19.931050 15.193202 -3.555375 8.722316 6.336737 13.464321 10.493935 60.180764 98.463189 71.674060 -100.482926 -10.174876 6.160233 -23.226301 
69.529945 59.068197 57.654542 -165.445737 -85.056648 -168.238443 5.224353 6.909070 9.561288 13.858566 -9.346258 -2.150386 -3.818606 11.401800 -1.103244 -0.000000 0.000000 0.000000 -30.860885 -0.181380 -12.247470 80.388492 -1.349381 12.071378 -8.260299 -3.759855 2.845039 -0.000000 0.000000 0.000000 13.818377 -7.666651 -0.752145 -7.885330 -2.342552 -3.164781 0.006225 3.493443 -2.064413 -8.896358 -9.376954 -3.810043 -1.171747 -14.232438 9.830441 -0.000000 0.000000 0.000000 -1.458492 -0.413624 -8.083186 11.022487 -11.885324 -44.282581 120.807992 -76.168682 115.570656 -17.935349 -17.605218 18.032524 -3.741275 9.028751 5.132144 12.710059 9.872279 59.789274 100.438302 73.196289 -102.923597 -9.201727 6.592280 -22.876319 
70.861161 57.139844 57.192200 -106.673180 -86.746489 -109.485438 6.152635 7.148077 12.201239 14.186998 -14.480942 -3.932389 -17.830197 11.184000 3.047788 -0.000000 0.000000 0.000000 -31.986332 0.988489 -18.235816 85.261507 1.926557 11.935045 -10.019512 -3.384485 3.593344 -0.000000 0.000000 0.000000 17.542203 -7.363144 -0.695279 -6.025991 -3.439449 -2.887663 -1.695934 3.134423 -2.727141 -8.891087 -7.225458 -3.017544 -2.148649 -17.847961 9.368074 -0.000000 0.000000 0.000000 -2.143138 -5.073198 -8.034248 7.449403 -11.448373 -45.619709 110.199770 -75.965298 104.755852 -16.520878 -17.462290 21.169632 -4.467632 10.709023 7.591596 12.522875 6.837073 57.479399 102.640607 71.200823 -105.059092 -9.626045 8.156100 -24.223991 
72.250384 55.689675 56.471932 -53.076469 -84.357637 -53.712933 5.284866 3.581968 11.663537 16.252586 -17.021906 -5.450101 -25.521304 11.203443 8.604985 -0.000000 0.000000 0.000000 -31.364028 3.178693 -24.354622 85.325693 4.668590 10.818337 -10.694459 -5.531635 4.551248 -0.000000 0.000000 0.000000 21.294970 -6.513734 -2.747035 -4.678169 -4.006230 -2.625190 -1.092133 2.126989 -3.635998 -14.187372 -9.974363 -0.985687 -0.748329 -20.140579 8.036425 -0.000000 0.000000 0.000000 -4.158248 -3.996900 -10.656300 2.360929 -19.306473 -42.025978 86.075501 -75.977486 78.819046 -17.253541 -17.685428 22.067868 -6.665698 7.743529 11.191229 12.698418 11.318199 54.059593 90.466232 69.819617 -95.003632 -6.753730 9.295332 -25.879620 
73.584270 54.803514 55.312389 -45.207889 -82.600953 -44.088801 -1.286474 -1.582959 10.880435 27.790989 -17.274944 -5.912924 -26.200283 11.905511 8.938124 -0.000000 0.000000 0.000000 -29.292156 5.533041 -24.538510 81.085108 5.364462 7.214651 -10.212612 -6.791395 3.978553 -0.000000 0.000000 0.000000 24.134072 -4.588624 -5.200258 -2.573724 -4.311131 -2.451198 -1.954234 2.189359 -3.989796 -14.793220 -11.472105 -0.452281 -3.913436 -22.107865 9.501152 -0.000000 0.000000 0.000000 -5.640013 -5.884471 -12.542045 -0.660714 -23.326299 -41.002763 58.934923 -73.253075 49.662144 -16.816833 -14.707706 22.608242 -7.199318 7.852896 13.962620 12.109315 13.160185 52.208619 76.006689 67.484139 -81.445159 -5.232131 8.505787 -26.482721 
74.784303 53.929532 53.869927 -41.830904 -81.159056 -40.731256 -9.205304 -3.409441 12.143234 39.245886 -18.661347 -5.355783 -21.582939 12.040259 5.186956 -0.000000 0.000000 0.000000 -26.401623 6.838899 -20.076827 76.881105 4.789643 1.671173 -10.310306 -7.204958 2.305082 -0.000000 0.000000 0.000000 27.358093 -4.336654 -4.908266 -4.264900 -4.121111 -3.734212 -1.110976 2.544535 -3.502071 -12.344181 -14.001283 -1.973383 -4.731146 -20.755617 10.986289 -0.000000 0.000000 0.000000 -6.139357 -8.733941 -11.094486 -2.204551 -22.538800 -43.993646 42.624559 -68.850745 32.582313 -15.312305 -9.370771 25.217458 -7.062857 11.713655 10.304916 10.000788 13.769617 56.888842 59.753603 66.808388 -64.251481 -10.229064 7.763126 -26.471781 
75.662762 52.887732 52.405435 -32.764305 -78.519588 -32.463546 -15.005947 -2.891210 14.213504 45.530162 -17.515503 -2.573994 -18.440386 7.385740 1.479845 -0.000000 0.000000 0.000000 -23.748974 6.328196 -16.912511 74.075090 4.194259 -2.782139 -9.590551 -6.209616 0.913325 -0.000000 0.000000 0.000000 28.944672 -4.294600 -3.585578 -4.043929 -4.772310 -3.864458 -1.948420 1.926364 -2.868408 -8.502401 -16.534863 -3.679429 -5.213960 -19.250876 12.313071 -0.000000 0.000000 0.000000 -5.533272 -10.737645 -9.255200 -2.235664 -20.150515 -47.567077 35.782487 -66.787451 26.350670 -16.330619 -4.919313 28.170683 -6.409500 14.426092 6.755411 9.180528 13.150074 59.521453 53.080162 69.531097 -56.175975 -16.614948 6.139708 -26.047342 
76.188153 51.729345 51.135093 -26.166061 -75.895035 -25.089404 -14.101146 -5.149991 13.236739 40.652174 -20.295037 -2.501041 -21.544469 10.158444 3.794266 -0.000000 0.000000 0.000000 -21.182748 6.466936 -18.692371 71.409963 5.876522 -2.823590 -10.307023 -8.380925 0.628260 -0.000000 0.000000 0.000000 28.183087 -4.153266 -3.666130 -3.228499 -5.448983 -3.389913 -1.154531 0.442747 -2.635781 -7.632085 -18.655088 -3.610477 -3.438668 -19.252487 12.085984 -0.000000 0.000000 0.000000 -4.580745 -9.906149 -9.544674 -0.977276 -20.344273 -47.186294 31.707187 -68.458798 23.216041 -20.625921 -3.628470 30.048558 -7.135540 13.234449 7.270411 10.419554 14.522003 56.815902 60.508702 71.527875 -62.726327 -15.932339 5.861908 -23.429187 
76.635861 50.776231 49.781272 -24.131458 -74.771357 -22.296082 -13.147482 -6.748004 12.843311 36.065996 -20.831766 -2.510504 -23.784155 12.132970 5.889670 -0.000000 0.000000 0.000000 -19.294906 7.050692 -20.300955 68.757135 7.644938 -2.233847 -10.724997 -9.538107 1.044162 -0.000000 0.000000 0.000000 27.770097 -3.955983 -3.611997 -3.023422 -5.326411 -2.985545 -0.345511 -0.487913 -2.571671 -8.424914 -19.802386 -2.933779 -2.858384 -20.196608 11.115991 -0.000000 0.000000 0.000000 -3.522274 -7.314123 -10.424739 0.496507 -20.173896 -45.621788 35.088687 -70.125708 25.999923 -23.911723 -6.248492 27.303810 -7.770052 10.713841 8.425560 11.200010 15.571865 52.781064 76.039281 69.170257 -76.345404 -9.127214 7.686258 -20.790928 
77.029312 50.300109 47.989571 -24.516701 -74.833786 -21.631909 -15.163153 -8.573749 13.199271 37.073103 -20.111290 -2.653156 -21.733639 12.469354 3.151084 -0.000000 0.000000 0.000000 -17.716779 7.489635 -20.349891 66.407657 8.209252 -3.302699 -11.173512 -8.556779 1.440100 -0.000000 0.000000 0.000000 27.631207 -2.859390 -4.226609 -2.299302 -4.913218 -2.742550 0.285918 -0.797831 -2.260033 -9.416259 -19.788890 -2.479599 -3.673157 -21.902360 10.880672 -0.000000 0.000000 0.000000 -2.994786 -6.015589 -10.622414 1.999940 -18.540088 -44.572596 42.653915 -70.855340 32.916765 -23.370732 -8.090579 22.630123 -7.342499 9.761720 8.669422 10.573074 14.868489 50.445629 85.982530 67.536805 -85.575134 -7.604480 8.029407 -19.071050 
77.202952 50.309771 45.815110 -26.024507 -76.204207 -21.812574 -13.389327 -7.085383 14.627148 31.962085 -20.141396 -2.555501 -19.943869 12.808346 0.789692 -0.000000 0.000000 0.000000 -16.669338 6.341327 -20.304600 63.504258 8.627948 -4.602201 -15.550573 -10.003788 2.284685 -0.000000 0.000000 0.000000 26.035793 -1.889028 -4.886619 -0.431126 -3.512804 -3.218444 1.009038 -0.908427 -2.009170 -9.270950 -19.315442 -2.519784 -4.462935 -22.389997 9.931828 -0.000000 0.000000 0.000000 -2.596721 -5.245069 -10.465294 3.801176 -16.641692 -43.479165 48.866233 -71.622277 38.627836 -21.172181 -8.884515 21.990242 -6.645212 10.554157 7.533416 9.438776 14.862678 49.208038 89.701865 72.104356 -89.261667 -12.650117 6.336893 -18.538323 
77.245659 50.853789 43.156201 -25.918668 -77.538116 -20.855262 -11.257727 -4.389600 16.635475 25.572362 -20.679218 -1.412730 -15.062382 12.898020 -3.209741 -0.000000 0.000000 0.000000 -14.384556 3.902474 -19.129893 57.529987 7.945638 -4.936893 -22.766054 -13.489775 0.688258 -0.000000 0.000000 0.000000 24.403786 -1.547393 -4.991367 0.361706 -2.233528 -3.986164 1.925149 -0.828039 -1.761375 -8.257095 -19.053727 -2.946949 -4.344006 -21.857412 9.090536 -0.000000 0.000000 0.000000 -2.158808 -3.859814 -10.621264 6.083769 -14.142159 -41.372007 58.971814 -72.420539 48.349746 -19.886389 -8.942649 23.204770 -6.347228 11.794110 6.512978 8.396580 15.391870 47.269453 97.712018 74.121285 -96.517495 -15.633100 4.581476 -18.042498 
77.233922 51.874298 40.325847 -22.025929 -77.028382 -16.647181 -8.501840 -3.869464 18.332797 17.602748 -20.136325 -0.104130 -6.058443 12.404581 -8.639432 -0.000000 0.000000 0.000000 -11.576635 2.375159 -18.066189 51.574176 7.098669 -3.481863 -27.335175 -12.225065 0.652498 -0.000000 0.000000 0.000000 23.358009 -1.541129 -4.260332 1.127411 -1.887917 -4.331275 2.043325 -0.845613 -1.584849 -7.779016 -17.912781 -3.146469 -4.928775 -22.097146 8.019461 -0.000000 0.000000 0.000000 -2.626206 -1.318585 -11.008893 8.306149 -11.665768 -38.788043 71.822353 -73.725327 61.825644 -17.940056 -10.256343 20.642763 -6.413701 11.624110 5.928263 7.799470 15.660348 43.502084 114.079827 71.910394 -111.927585 -12.729180 6.167539 -17.913054 
77.350396 53.189880 37.543723 -14.800767 -76.325734 -9.433073 -7.881110 -4.774496 18.923550 11.611886 -15.788331 0.444264 6.585540 13.967313 -11.397086 -0.000000 0.000000 0.000000 -10.408735 2.982585 -16.124952 46.635779 8.114963 -0.863754 -28.402397 -12.959014 -1.315868 -0.000000 0.000000 0.000000 21.800976 -1.672668 -3.789111 1.881006 -1.615372 -4.432717 1.857351 -1.005532 -1.399451 -8.260507 -17.981101 -3.312121 -5.554751 -20.975904 8.237739 -0.000000 0.000000 0.000000 -2.465807 0.744355 -10.322734 9.600146 -8.800647 -36.551170 89.983567 -74.850291 82.176781 -17.646577 -11.664737 16.747367 -5.927570 11.123567 3.065055 7.261470 15.637302 40.793934 130.018673 66.775511 -129.559827 -12.478669 7.045316 -15.969405 
77.373970 54.690456 34.956580 -9.524961 -75.768655 -3.730922 -8.311710 -4.834148 17.445866 10.892156 -13.734305 -0.017242 7.395318 14.677641 -7.492682 -0.000000 0.000000 0.000000 -9.327144 1.468298 -13.848369 40.747621 6.363100 -0.050477 -26.977925 -13.425195 -3.366598 -0.000000 0.000000 0.000000 20.242479 -0.729234 -4.391672 1.334143 -1.627355 -4.834350 3.009835 -0.967720 -0.815804 -8.405124 -18.556337 -3.233713 -5.672846 -20.103946 9.553198 -0.000000 0.000000 0.000000 -1.936881 0.343670 -7.250784 10.745750 -6.768285 -35.987460 108.521896 -76.283884 102.353906 -18.561809 -11.732791 18.241721 -4.775729 10.732784 -2.128163 7.942306 12.681793 40.360846 140.596299 58.920812 -144.868892 -13.122666 6.312813 -13.806697 
77.163130 56.481123 32.431349 -6.489866 -73.745453 -0.807200 -8.841423 -3.891243 15.290717 12.579970 -14.658035 -0.894599 4.400640 12.237801 -5.887390 -0.000000 0.000000 0.000000 -5.744095 -0.041225 -10.028328 32.519822 6.441361 -1.101617 -21.496777 -15.475336 -3.114259 -0.000000 0.000000 0.000000 19.019546 0.466673 -4.694545 -0.396420 -2.184657 -5.240197 4.940977 -1.253073 0.018780 -7.869586 -18.493226 -2.967588 -5.599312 -19.941248 11.151768 -0.000000 0.000000 0.000000 -0.756341 -1.965212 -2.819740 11.664266 -5.615866 -36.301133 123.182017 -77.314479 116.533374 -20.103041 -13.171394 22.501718 -3.352481 9.947501 -7.887354 10.522252 8.337827 42.119685 146.665407 52.379558 -154.246235 -14.598157 7.370434 -18.169063 
76.825535 58.551300 30.044812 -3.549066 -69.949905 1.885183 -8.636659 -5.349955 11.793601 13.435854 -16.126605 -1.862957 5.398169 12.545065 -5.605542 -0.000000 0.000000 0.000000 -0.642982 -1.207812 -6.607208 21.102390 3.803074 -0.810525 -10.500737 -17.313863 0.257661 -0.000000 0.000000 0.000000 17.085521 1.184587 -4.553905 -1.509160 -3.946909 -5.320529 6.108524 -2.279109 0.504405 -6.532316 -18.060377 -2.553151 -6.384816 -19.832376 12.569863 -0.000000 0.000000 0.000000 1.034423 -4.375429 0.660696 12.507895 -5.343449 -36.162941 131.017404 -77.976306 123.403663 -21.484879 -14.183026 22.814324 -2.874403 8.533548 -12.540436 14.134722 6.797593 44.850721 148.317779 48.866662 -157.309510 -17.080554 7.818774 -21.431519 
76.517874 60.629338 27.675441 -0.192365 -66.617747 4.167199 -8.290468 -5.486307 8.731068 13.979552 -13.699990 -1.499999 7.301623 11.416104 -6.295286 -0.000000 0.000000 0.000000 2.699445 -3.528077 -3.959206 9.734385 -0.116419 -0.144408 6.514318 -14.142237 7.126378 -0.000000 0.000000 0.000000 14.781770 2.019281 -4.194667 -2.025084 -5.747219 -4.910936 6.149907 -3.283287 0.947110 -4.624341 -17.032723 -1.760824 -7.594500 -20.657425 13.237172 -0.000000 0.000000 0.000000 3.364716 -6.715785 2.554475 12.670545 -5.565942 -36.354760 135.046100 -79.248334 126.910193 -23.524273 -14.370438 16.943092 -3.070535 6.382750 -14.813300 16.592025 6.235419 46.162716 147.623305 47.153995 -156.979967 -17.740166 5.063341 -16.408612 
76.366597 62.392336 25.181568 3.640161 -66.022124 6.352633 -7.093667 -4.817308 6.550759 13.496177 -10.391668 -0.392609 10.209833 10.710337 -7.148904 -0.000000 0.000000 0.000000 3.397999 -5.817226 -1.534181 1.819010 1.005862 -1.158991 20.439950 -6.998307 12.814973 -0.000000 0.000000 0.000000 12.978543 2.819882 -4.297201 -2.475870 -6.332186 -4.036876 5.860913 -3.691128 2.010175 -4.573786 -18.095464 -2.071377 -7.629687 -19.953659 14.441733 -0.000000 0.000000 0.000000 3.770569 -6.803591 3.186565 12.180062 -7.685794 -36.582153 139.936589 -81.590877 130.089293 -26.345791 -13.251736 10.173497 -3.578038 4.456340 -15.576661 17.492204 6.722742 46.396655 147.766341 47.786635 -156.436733 -15.783081 2.606612 -11.418509 
76.335573 63.655019 22.742559 5.954263 -66.374340 6.877046 -5.179153 -5.000792 5.085115 13.041297 -10.026128 0.108798 12.336282 10.114197 -7.720459 -0.000000 0.000000 0.000000 0.015036 -2.022526 0.918766 8.519112 2.222279 -1.695053 15.010600 -8.563551 9.776713 -0.000000 0.000000 0.000000 11.949740 1.905917 -4.157096 -2.319203 -5.804368 -2.649766 5.514627 -3.546213 2.755129 -5.886640 -17.801725 -2.534246 -8.467382 -20.089172 14.972202 -0.000000 0.000000 0.000000 2.499593 -6.528288 3.403823 12.632937 -9.854198 -37.332211 141.814211 -83.055746 130.810775 -27.545671 -11.922639 6.252902 -3.986369 4.167967 -14.347588 18.241384 7.148361 46.040200 147.607519 49.468796 -155.833566 -15.340897 1.185560 -11.194092 
76.433587 64.493930 20.480290 5.412525 -67.301595 4.527448 -2.315335 -4.911278 4.038309 12.707143 -13.035867 0.426767 14.003159 8.413450 -8.684625 -0.000000 0.000000 0.000000 -4.478594 -0.144003 1.755126 20.655823 -2.101527 0.355278 9.049952 -10.891353 7.388280 -0.000000 0.000000 0.000000 12.525557 0.408281 -2.882919 -2.103713 -5.159801 -1.554990 4.888179 -3.009781 2.798702 -7.497804 -16.483858 -2.686704 -9.855398 -20.003878 14.110802 -0.000000 0.000000 0.000000 1.323894 -6.316684 2.758766 13.072913 -11.182639 -38.005283 135.422192 -82.918850 124.252616 -26.854366 -11.450258 4.817526 -4.507833 4.756227 -12.412983 18.122254 7.587776 46.458668 146.318077 52.418464 -153.305964 -15.208831 2.039855 -14.009127 
76.610196 64.844507 18.303147 3.532378 -68.141668 0.944689 0.888456 -4.379431 3.464117 11.818014 -16.350920 0.257095 15.943088 6.038878 -10.640589 -0.000000 0.000000 0.000000 -10.036053 -0.292704 1.117704 36.480976 -5.475524 3.826709 3.455567 -11.253189 4.882193 -0.000000 0.000000 0.000000 13.778535 -0.973112 -0.980996 -2.087769 -4.712949 -0.792679 4.085470 -2.540804 2.235256 -8.064018 -14.508971 -2.436294 -11.149242 -20.020866 12.654195 -0.000000 0.000000 0.000000 0.310491 -6.512950 1.797669 13.258908 -11.476977 -38.641815 126.030263 -81.433557 115.199372 -25.284862 -11.676432 5.176768 -4.731126 5.940252 -10.466398 17.249721 8.179483 47.933423 142.940553 55.733061 -148.621833 -14.352784 3.094674 -17.300433 
76.831985 64.670146 16.111210 2.362938 -68.800643 -2.043842 3.587084 -3.601724 3.515534 10.409786 -18.769698 -0.258258 18.013568 3.698475 -12.125900 -0.000000 0.000000 0.000000 -16.324242 -0.164614 -0.211853 53.017603 -6.406300 7.605965 -1.690225 -10.254812 2.295095 -0.000000 0.000000 0.000000 14.552335 -2.172836 0.877046 -2.088261 -4.156647 -0.022492 3.474696 -1.948980 1.587058 -7.889681 -12.282932 -1.877644 -11.981935 -20.433176 10.931396 -0.000000 0.000000 0.000000 -0.495245 -7.084921 1.031380 12.516003 -11.926089 -39.829108 116.107104 -79.749745 106.108104 -23.281900 -11.807898 6.221364 -4.743215 6.947754 -8.455851 15.835221 8.633030 49.486102 137.914383 58.666871 -142.541622 -13.446095 3.676723 -18.875431 
77.132922 63.687801 13.908544 2.360990 -69.238190 -3.890759 4.880336 -2.726748 3.431709 9.660422 -19.312181 -0.430666 19.909434 3.784639 -11.128930 -0.000000 0.000000 0.000000 -22.879357 0.720478 -2.049822 68.011284 -5.163277 10.232211 -5.538848 -9.024446 0.170749 -0.000000 0.000000 0.000000 14.987441 -3.369585 2.336936 -2.646673 -3.488227 0.675671 3.022364 -1.444559 1.120283 -7.592939 -11.201718 -1.423915 -12.305268 -20.367569 9.667034 -0.000000 0.000000 0.000000 -1.254640 -7.390741 -0.049319 11.130245 -12.484033 -41.023793 109.355046 -78.293181 100.225326 -21.248062 -11.080108 7.807047 -4.942318 7.554080 -6.385707 14.479480 8.987290 50.490231 132.586378 60.778044 -136.563235 -12.486092 3.606843 -17.778567 
77.544022 61.494750 11.632962 2.366624 -69.058820 -5.685215 4.335250 -2.779896 2.881354 12.956239 -16.566777 0.000339 7.192458 12.835254 -0.480612 -0.000000 0.000000 0.000000 -29.129423 2.180811 -5.049257 80.780713 -1.718667 11.706087 -7.275785 -8.673137 0.111945 -0.000000 0.000000 0.000000 15.043117 -4.395650 3.171428 -3.577634 -3.328378 1.235867 3.014846 -1.044932 0.381515 -7.229467 -10.839720 -0.886023 -11.996342 -20.208464 8.916394 -0.000000 0.000000 0.000000 -1.044520 -8.102705 -0.846639 8.601570 -12.270822 -41.641820 107.571822 -77.217631 99.224862 -19.865984 -10.159775 10.134256 -5.030742 7.876921 -4.038532 12.899157 9.197881 50.953048 127.216130 61.693919 -131.156215 -11.744987 4.437095 -16.023627 
78.043622 58.334810 9.152655 -0.466199 -67.666680 -10.588276 2.549710 -1.919940 4.953012 16.897597 -15.776072 2.214143 -9.216833 13.260548 6.362144 -0.000000 0.000000 0.000000 -33.071354 3.252731 -7.768648 89.939647 1.456236 11.072393 -6.988506 -7.698511 1.039770 -0.000000 0.000000 0.000000 16.401958 -5.423418 2.864966 -3.658969 -4.137827 2.053565 1.399184 -1.253774 0.438622 -6.514349 -10.665734 -0.260801 -12.326701 -19.854319 8.372398 -0.000000 0.000000 0.000000 -1.300999 -8.837512 -2.262449 6.806225 -10.878391 -42.439356 105.817705 -76.622910 98.515190 -18.503336 -10.410896 12.070727 -5.715844 8.791356 -1.190373 11.827027 8.554392 50.226269 123.636943 61.889285 -127.259442 -10.579252 5.915385 -14.717302 
78.699267 55.265534 6.687440 -1.286383 -64.914437 -10.462537 -2.220015 -4.468824 6.821772 19.599693 -19.312602 -0.466767 -18.414593 12.297379 10.082599 -0.000000 0.000000 0.000000 -35.752429 5.600816 -13.250264 94.015091 5.753848 8.991585 -4.032624 -8.266977 2.583401 -0.000000 0.000000 0.000000 17.577967 -6.498696 -0.464016 -5.211848 -5.491134 2.091734 2.628652 -2.577439 0.195581 -11.070547 -14.717857 1.266141 -8.464802 -18.570400 8.233961 -0.000000 0.000000 0.000000 -3.360957 -4.335148 -4.966197 3.937371 -16.389681 -39.756335 93.673848 -77.286869 85.789202 -18.875389 -10.658594 15.632542 -9.286817 5.119308 2.058523 11.635555 14.194998 49.714473 115.095305 63.933280 -118.986807 -8.311097 6.891342 -14.680194 
79.216790 53.443581 4.297613 -3.038813 -62.743267 -10.020812 -7.916223 -6.608592 6.519793 24.050187 -19.197308 -2.455968 -19.971897 11.137476 11.400794 -0.000000 0.000000 0.000000 -34.533202 7.698084 -17.110232 91.627620 7.237379 5.518981 0.112480 -8.358144 4.453395 -0.000000 0.000000 0.000000 18.441619 -6.124811 -3.296424 -4.759790 -6.995016 1.411289 2.014180 -2.656990 -1.065896 -12.947269 -16.073276 0.878609 -7.970257 -20.611612 9.250338 -0.000000 0.000000 0.000000 -3.435679 -5.133323 -7.202122 0.955030 -18.264868 -39.034045 71.547895 -76.531744 63.615840 -18.221633 -9.900316 17.087588 -9.215905 4.520556 6.255473 11.777954 14.840668 51.747156 105.124071 65.587430 -111.386109 -8.034329 5.535842 -15.348544 
79.394925 53.174365 1.966252 -7.610839 -61.992229 -13.530578 -12.828055 -7.053927 7.766629 32.093940 -19.604465 -2.100378 -16.902031 10.503284 7.872502 -0.000000 0.000000 0.000000 -28.261729 7.979053 -15.847645 83.085030 6.726968 0.921278 1.521295 -8.532370 4.360503 -0.000000 0.000000 0.000000 21.764685 -5.387149 -3.336699 -6.004000 -7.195317 -0.024626 1.366370 -1.419922 -1.703089 -12.868369 -17.880599 -1.562267 -7.001821 -21.218626 10.021945 -0.000000 0.000000 0.000000 -4.392247 -7.389832 -9.514637 -1.036093 -18.895338 -40.724225 50.231632 -73.172913 41.451820 -15.409052 -6.771683 20.791706 -8.411436 6.929626 8.737318 12.561904 12.814540 54.885752 92.818407 69.493052 -100.948509 -11.614281 4.862706 -20.271505 
79.342365 53.389001 -0.249935 -10.988364 -61.960972 -16.146646 -13.829576 -6.333174 9.868664 34.510650 -19.231371 -0.901388 -14.906987 8.885291 5.015468 -0.000000 0.000000 0.000000 -20.529913 8.334818 -13.473726 71.914920 5.844869 -3.530358 -0.673159 -9.264660 2.194140 -0.000000 0.000000 0.000000 23.412763 -5.136716 -2.814455 -5.948091 -6.858232 -1.304492 0.384748 -0.337512 -1.922280 -10.599210 -18.867754 -3.506398 -7.092588 -20.472925 10.521075 -0.000000 0.000000 0.000000 -5.412302 -8.185607 -9.540227 -2.446813 -19.147592 -45.291614 40.743226 -69.054194 31.571435 -15.322295 -3.945097 25.470841 -7.907237 9.491953 7.680318 12.537487 12.729523 58.526643 74.652372 73.524989 -82.719728 -19.525120 3.773955 -25.600690 
79.298210 53.568918 -2.319708 -10.875712 -62.437011 -14.268375 -12.338500 -6.731329 10.120195 30.366840 -18.584412 -0.753775 -15.171489 9.761604 4.549062 -0.000000 0.000000 0.000000 -14.653940 7.999249 -14.134182 59.431536 4.076581 -6.632323 -1.191588 -11.989484 1.625638 -0.000000 0.000000 0.000000 22.145419 -5.155622 -3.595160 -5.886789 -6.876676 -2.601061 0.593304 -0.417329 -2.053322 -8.059675 -20.112612 -3.599719 -5.127182 -18.875151 10.710009 -0.000000 0.000000 0.000000 -5.081662 -7.002905 -9.893101 -2.561276 -19.615969 -47.827572 36.967935 -68.495592 29.302024 -16.881625 -2.049855 27.067317 -8.237394 10.198096 7.267853 12.225211 15.093806 58.649358 54.781025 74.439593 -60.749558 -20.614009 0.480411 -26.313139 
79.458731 53.483605 -4.350951 -9.669759 -63.048097 -11.940128 -11.710866 -7.275579 10.418582 26.582791 -18.024930 0.057369 -15.048035 10.840975 3.733584 -0.000000 0.000000 0.000000 -10.215487 6.165537 -15.400560 46.369057 2.996184 -7.386688 -2.047923 -15.681976 1.297331 -0.000000 0.000000 0.000000 20.927073 -5.014417 -3.745663 -6.656818 -6.671775 -3.531488 1.303606 -0.885108 -1.883672 -6.550656 -21.689712 -3.392859 -2.614690 -17.022617 10.636253 -0.000000 0.000000 0.000000 -3.874942 -4.513674 -10.775996 -2.044123 -19.684668 -48.475533 41.545416 -69.594708 34.635582 -19.873639 -4.053454 25.077372 -8.517368 9.632767 7.551631 11.971197 16.875370 56.408341 50.955312 71.492067 -53.036167 -15.717143 -0.248012 -21.460489 
79.651845 53.207612 -6.537513 -9.691999 -64.136393 -10.898158 -12.265325 -8.037666 12.050823 25.084740 -17.167468 -1.100136 -13.252615 11.278886 1.425050 -0.000000 0.000000 0.000000 -6.108138 4.463397 -16.729006 35.028286 5.797543 -5.971368 -0.973836 -14.385438 3.025320 -0.000000 0.000000 0.000000 20.635571 -3.917773 -3.900329 -6.925180 -6.192344 -3.788537 1.890700 -1.126125 -1.403100 -6.806964 -21.768018 -3.453479 -1.061657 -16.767479 10.714599 -0.000000 0.000000 0.000000 -3.345723 -2.203103 -10.760449 -1.301482 -19.022052 -49.166532 47.348621 -71.220169 39.664776 -21.815579 -8.112197 21.275459 -7.907111 8.643834 7.765207 11.247952 17.217661 54.148780 55.197035 69.484952 -53.682727 -11.625094 2.424186 -18.540266 
79.695898 52.685189 -9.071223 -10.392692 -66.105319 -10.227347 -12.439799 -7.498474 14.144979 23.720322 -16.145639 -1.845402 -12.071674 11.210898 -1.838119 -0.000000 0.000000 0.000000 -3.685654 2.874289 -18.033266 28.291510 6.558487 -4.542829 -6.656190 -16.802447 5.629425 -0.000000 0.000000 0.000000 20.206491 -2.517181 -4.030552 -6.201937 -4.930693 -3.957431 2.283129 -1.156127 -1.027533 -7.675630 -20.840316 -3.389803 -1.334006 -17.224554 10.285119 -0.000000 0.000000 0.000000 -2.408227 -0.822875 -10.639235 0.000833 -17.922734 -48.583027 57.355383 -72.666252 49.084187 -23.716308 -11.292996 17.986106 -7.022472 8.271042 7.611768 10.293237 17.168439 53.365223 56.210816 70.170981 -53.289945 -11.462024 3.579820 -17.759601 
79.530835 52.137387 -12.041473 -11.465564 -68.636092 -9.675818 -11.764489 -5.691447 15.901187 21.707601 -15.830513 -0.793866 -10.798638 11.519444 -4.746209 -0.000000 0.000000 0.000000 -4.919045 0.191184 -19.398640 27.365628 4.027628 -3.942271 -14.305012 -11.908260 7.913477 -0.000000 0.000000 0.000000 19.832791 -1.375561 -3.711706 -5.178205 -3.694454 -4.352901 2.441901 -0.764570 -1.024325 -7.964392 -17.697160 -3.142243 -2.512751 -19.359093 9.219434 -0.000000 0.000000 0.000000 -2.310698 -0.114359 -10.403363 2.789707 -16.425537 -47.659697 64.589281 -73.586342 56.933918 -24.295484 -13.153717 16.240112 -6.267967 8.725177 7.777765 8.623567 16.899805 52.788693 55.129913 71.761733 -50.508428 -13.368676 3.910629 -18.487485 
79.217678 51.763761 -15.314117 -12.396466 -70.653576 -9.299704 -10.712448 -5.161400 17.701511 19.489135 -17.013640 0.507720 -7.419959 13.735618 -5.941723 -0.000000 0.000000 0.000000 -9.198263 0.013257 -19.814903 31.649363 6.153056 -1.242417 -20.583769 -10.019391 5.222711 -0.000000 0.000000 0.000000 19.488146 -1.395080 -2.780940 -4.273953 -2.258495 -4.579268 3.176135 -0.498569 -1.389342 -8.968873 -15.519597 -3.424013 -3.144300 -19.950881 8.122593 -0.000000 0.000000 0.000000 -2.782943 1.562597 -10.896842 5.729793 -14.976540 -45.073528 73.390827 -74.156437 65.732740 -24.858403 -12.682135 17.650669 -5.708830 9.635314 8.331427 6.868118 18.488255 51.179204 56.336814 72.892286 -50.041198 -14.449232 2.886387 -20.297102 
78.848916 51.789838 -18.487181 -15.226265 -71.918097 -10.587494 -8.332586 -5.031968 19.102900 15.997697 -16.984834 1.331814 -1.491608 15.520756 -7.452251 -0.000000 0.000000 0.000000 -14.022263 1.605088 -19.172886 39.633321 5.736270 1.171187 -22.655561 -8.281066 2.704343 -0.000000 0.000000 0.000000 19.601743 -1.883632 -2.575425 -1.991410 -1.015951 -4.547263 2.819307 -0.206148 -1.413394 -8.918682 -13.846177 -3.669077 -4.974297 -19.966143 7.310848 -0.000000 0.000000 0.000000 -3.223584 2.905289 -11.240260 8.352328 -12.863727 -42.334874 85.262504 -74.830212 78.069426 -23.320639 -11.813458 17.981540 -5.028781 10.667923 8.371426 6.386476 19.458143 48.473286 71.486268 74.240356 -63.971982 -14.101750 2.279228 -20.785108 
78.460431 52.117586 -21.188343 -17.504137 -72.615589 -11.486430 -6.419499 -4.215753 19.821073 12.705462 -14.334037 0.821122 2.986647 16.970338 -6.071718 -0.000000 0.000000 0.000000 -14.902905 1.962751 -17.955756 41.150937 6.438317 2.371681 -24.144652 -7.896523 0.373825 -0.000000 0.000000 0.000000 18.675422 -1.823453 -3.230962 0.224849 -0.507936 -4.474295 2.773358 -0.057189 -0.918617 -7.757034 -13.899981 -3.940723 -4.530397 -19.112085 7.906538 -0.000000 0.000000 0.000000 -2.262107 3.340988 -9.559334 10.382473 -10.455767 -41.025557 104.310135 -74.491708 98.481915 -22.661769 -11.865438 16.791925 -3.599387 11.342581 5.891384 7.182192 18.543839 46.395460 102.040614 73.350325 -94.795554 -13.412877 4.149051 -18.551029 
78.184456 52.949923 -23.336798 -16.295826 -70.890064 -9.030693 -7.823244 -3.165491 18.584195 14.134036 -13.226148 -0.501202 -1.733579 14.514323 -2.455332 -0.000000 0.000000 0.000000 -13.327771 -0.269577 -17.323013 37.988480 5.411544 3.073797 -23.884466 -7.498314 0.019900 -0.000000 0.000000 0.000000 18.130899 -1.016439 -3.367673 -1.262079 -1.202457 -4.801943 5.061509 -0.449030 -0.461933 -6.371031 -13.930989 -4.394818 -2.693079 -19.323676 8.485952 -0.000000 0.000000 0.000000 -1.139292 2.645086 -5.648107 12.382308 -9.162326 -40.426320 124.250572 -73.058148 119.745803 -23.177269 -13.740918 15.180616 -2.193239 10.077358 1.576154 9.838537 14.874951 45.918845 130.615009 67.646717 -124.760289 -13.699958 4.918405 -15.729229 
77.956301 54.708064 -25.145656 -14.268588 -68.046117 -6.740997 -9.799221 -2.783887 16.314052 17.718761 -12.168223 -2.076259 -5.038221 12.370152 -2.970713 -0.000000 0.000000 0.000000 -9.395351 -1.435108 -14.353690 31.219387 2.183124 2.622641 -18.847724 -8.726786 0.870298 -0.000000 0.000000 0.000000 17.055295 -0.061384 -3.010790 -1.928879 -2.433632 -4.725511 6.770992 -1.168516 -0.174989 -4.249482 -12.494632 -4.620750 -1.726385 -20.560731 9.146508 -0.000000 0.000000 0.000000 1.059939 0.095422 -1.935057 13.221788 -7.164301 -40.612708 136.774490 -70.832167 133.360614 -23.952081 -17.320315 12.640484 -0.480801 8.444161 -2.268684 13.592930 10.362169 45.635906 145.415780 62.231368 -140.042269 -18.164261 7.338426 -17.803947 
77.672780 57.162011 -26.960301 -12.878801 -66.277821 -5.224755 -9.641466 -2.916066 12.785910 19.851378 -9.488128 -3.499445 -4.285781 12.472505 -3.429917 -0.000000 0.000000 0.000000 -3.562573 -1.624033 -10.346996 19.791989 -0.441672 0.257641 -8.560652 -10.884351 3.618163 -0.000000 0.000000 0.000000 15.837246 0.710012 -3.783807 -2.220232 -3.329503 -4.524809 7.933154 -2.054000 0.218845 -1.786822 -11.791886 -3.691833 -1.038532 -21.355653 9.441513 -0.000000 0.000000 0.000000 4.327678 -1.613089 -0.247031 12.534010 -5.187184 -39.662442 147.818422 -69.122392 145.138566 -27.550463 -17.247929 8.153621 0.597899 6.084578 -4.589475 17.576648 9.250495 46.150431 151.980088 60.620575 -147.073420 -23.622285 8.671777 -18.707649 
77.452976 59.819686 -28.786671 -10.901680 -66.432047 -3.913304 -8.130808 -2.625189 9.645191 20.231531 -4.692862 -4.646039 -2.650799 12.395172 -3.927739 -0.000000 0.000000 0.000000 -0.011692 -1.718027 -7.111408 8.900095 -1.278048 -1.951776 7.532282 -10.442945 8.812377 -0.000000 0.000000 0.000000 14.586668 0.926069 -4.720175 -2.577522 -4.040582 -4.263550 8.058109 -2.855677 1.099391 0.533946 -14.564563 -3.615770 -0.436358 -18.275851 11.181348 -0.000000 0.000000 0.000000 5.832617 -1.076527 0.158359 13.080477 -4.952697 -39.092702 157.530298 -68.981374 154.168814 -30.242583 -16.719963 6.563398 0.508596 4.077240 -5.957105 20.367120 10.178227 46.669897 154.982906 61.353178 -149.531518 -23.961891 7.451621 -17.612040 
77.431267 62.105882 -30.715662 -8.830245 -68.559773 -3.573114 -6.102155 -1.693979 7.622451 19.621350 0.002530 -4.914232 1.062220 13.012312 -5.030543 -0.000000 0.000000 0.000000 -0.425667 -2.923676 -5.628265 2.718488 -1.310244 -1.758433 21.035980 -3.952284 14.943818 -0.000000 0.000000 0.000000 13.503582 1.031250 -4.984180 -2.835009 -4.445757 -3.591658 7.776795 -3.055428 1.662045 2.027889 -16.006572 -3.376573 -0.271386 -16.273379 12.792568 -0.000000 0.000000 0.000000 6.307885 0.082072 0.122192 13.776346 -6.024546 -39.125740 164.183321 -69.798663 160.306018 -32.256263 -16.737896 5.437814 -0.141735 2.132065 -6.043547 20.795990 11.485101 46.751906 154.545581 62.242163 -148.243625 -20.641771 5.548136 -15.247440 
77.633679 63.732845 -32.619944 -9.769900 -70.939121 -6.679770 -3.302202 -0.963651 6.243541 18.906996 1.184532 -4.618713 5.713844 14.366535 -6.511304 -0.000000 0.000000 0.000000 -4.712403 1.285758 -2.955578 11.457909 0.910521 -0.755291 13.962640 -4.850783 11.942460 -0.000000 0.000000 0.000000 13.510119 -0.755559 -4.147055 -2.208627 -4.064465 -2.412910 7.431741 -2.770134 1.676407 1.003097 -15.242779 -2.920978 -0.856640 -15.900314 13.125006 -0.000000 0.000000 0.000000 5.635301 0.503143 -0.719271 14.808591 -6.215838 -39.016736 166.597070 -69.955807 163.327748 -32.799014 -16.230824 5.398571 -0.711506 2.003019 -4.455057 20.607818 11.731400 46.434856 152.330129 62.238348 -147.089494 -18.180635 4.618376 -12.863718 
78.044528 64.761883 -34.534228 -14.331744 -73.584752 -13.846247 -0.123390 -0.241493 5.229710 18.164038 -1.396412 -3.447159 10.070810 13.630161 -8.031204 -0.000000 0.000000 0.000000 -11.190739 3.946594 0.011355 25.167900 -0.693290 1.237180 8.809016 -7.202627 8.304455 -0.000000 0.000000 0.000000 14.966404 -2.891906 -2.509897 -1.111168 -3.437524 -1.138735 6.637156 -2.305713 1.517357 -1.425103 -14.116957 -2.208888 -1.866132 -15.402053 12.692142 -0.000000 0.000000 0.000000 4.676975 0.540283 -2.185829 15.274332 -6.054944 -38.788306 163.793630 -70.187488 161.979223 -31.155658 -15.829572 5.800315 -1.356154 2.970855 -2.433699 19.988943 11.813545 46.386816 149.244047 62.910802 -145.974580 -17.449385 5.575329 -12.355098 
78.555495 65.033513 -36.447594 -19.909761 -75.503092 -21.649181 2.612199 -0.515756 4.037244 17.021932 -6.604172 -2.434628 13.179106 10.823081 -9.654891 -0.000000 0.000000 0.000000 -19.361895 5.303962 2.237487 41.537680 -2.847145 4.301296 2.862871 -9.289052 4.989244 -0.000000 0.000000 0.000000 16.939382 -4.870163 -1.057670 -0.830788 -3.201494 -0.166252 5.636333 -1.947154 1.096998 -2.584455 -11.859136 -1.063657 -3.343689 -15.626539 12.007305 -0.000000 0.000000 0.000000 3.850780 0.004922 -2.292261 15.125217 -5.845337 -39.135941 157.209713 -71.021894 156.711373 -29.307019 -16.163080 6.715925 -1.954421 4.373277 -1.216512 18.822685 11.685717 47.557308 144.051620 63.631412 -142.426329 -17.799611 7.215326 -14.125647 
79.115880 64.585811 -38.319683 -23.146178 -76.745416 -27.066991 4.673614 -1.126700 3.249134 14.373144 -11.704253 -1.597536 15.896026 7.698035 -11.433655 -0.000000 0.000000 0.000000 -28.413096 6.506462 4.095800 57.386537 -3.760155 7.676417 -2.008988 -8.932569 2.271025 -0.000000 0.000000 0.000000 18.392324 -6.717403 0.313895 -1.569688 -3.056655 0.797713 5.417740 -1.489175 0.800117 -3.699902 -8.654969 0.163641 -4.142748 -17.478398 10.583017 -0.000000 0.000000 0.000000 2.470314 -0.364494 -1.813514 15.095799 -9.058549 -39.484919 141.332569 -73.279481 143.520572 -28.270833 -17.592849 7.314631 -3.202687 4.580360 -0.431358 17.636733 12.287834 48.526370 135.514706 63.717973 -136.088441 -18.713550 8.201752 -15.532750 
79.676306 63.314337 -40.203199 -22.612134 -77.274822 -28.646170 5.559707 -0.611999 3.090813 11.508243 -14.047055 -1.134151 18.753848 7.636444 -10.667248 -0.000000 0.000000 0.000000 -37.886262 7.243626 4.976965 71.689185 -2.868211 10.881760 -5.571992 -7.978783 0.047170 -0.000000 0.000000 0.000000 19.286992 -8.889200 1.763714 -2.431846 -3.139611 1.619443 4.746890 -1.078516 0.256043 -4.440582 -7.296375 1.044660 -4.479941 -18.265614 9.807125 -0.000000 0.000000 0.000000 1.433640 -0.878152 -2.192477 14.541383 -10.943498 -38.191877 135.620008 -74.982166 139.664694 -26.469636 -15.228234 8.575788 -4.183546 4.509763 0.554531 16.290341 12.831455 49.308929 130.170661 64.418914 -133.004503 -17.065062 7.290172 -16.135049 
80.178541 61.073482 -42.215011 -21.526723 -76.964312 -29.813063 5.782835 -0.098511 3.371124 13.294432 -12.224047 -0.620255 5.485434 15.744764 0.544342 -0.000000 0.000000 0.000000 -46.173592 7.720316 4.370198 83.491922 -0.730398 13.843275 -6.891829 -8.515074 -0.247610 -0.000000 0.000000 0.000000 19.581685 -10.575364 3.052280 -2.930320 -3.542533 2.212141 3.873282 -0.316735 -0.666429 -3.900783 -6.332244 1.583543 -4.904460 -18.963847 9.734115 -0.000000 0.000000 0.000000 1.470171 -3.337184 -2.198250 11.461485 -9.718913 -36.303243 134.779137 -75.648526 138.511319 -24.718949 -12.951359 10.507899 -4.171006 5.054955 1.747832 14.606053 11.624719 50.642976 126.130639 64.061254 -131.507286 -16.021413 6.189386 -16.860640 
80.508244 58.273989 -44.321662 -25.008534 -75.431686 -35.338690 7.628180 1.271554 5.793729 14.827512 -13.177544 1.425128 -10.708884 15.207183 7.999461 -0.000000 0.000000 0.000000 -50.579952 8.177904 2.329374 91.972095 1.369489 15.458548 -7.459942 -8.631742 0.717971 -0.000000 0.000000 0.000000 21.851377 -11.901051 3.043791 -3.242771 -4.170896 3.050580 1.872146 0.332655 -0.584721 -3.797697 -6.486587 2.141003 -5.363265 -19.804209 9.132008 -0.000000 0.000000 0.000000 0.334118 -4.453103 -3.008893 8.588004 -9.863479 -34.393678 129.893380 -76.388693 132.907008 -22.741535 -12.495261 11.487968 -5.188189 5.270487 3.787293 14.378215 10.179028 50.132137 124.717820 64.252071 -132.260445 -16.265096 7.033173 -17.574015 
80.887991 55.675912 -46.315312 -29.901795 -73.701985 -39.282272 9.350491 0.919588 7.459331 14.107934 -18.128902 -0.543892 -20.406557 15.658716 12.619312 -0.000000 0.000000 0.000000 -51.285298 9.978310 -2.348712 95.568426 4.777399 14.390033 -7.147699 -8.769937 1.956081 -0.000000 0.000000 0.000000 23.885299 -12.843454 0.128129 -3.506146 -5.114280 3.053075 0.867367 0.106033 -0.554933 -7.166014 -9.260409 2.606407 -2.097763 -18.522991 9.689799 -0.000000 0.000000 0.000000 -3.220368 -1.855844 -3.815139 6.182346 -12.702411 -32.033322 118.493648 -77.862194 118.631888 -20.394937 -13.481845 15.116415 -8.150961 4.151569 6.588858 14.549365 11.920170 49.534285 119.163503 65.939182 -127.621802 -15.307488 8.783256 -20.188796 
81.200069 54.089284 -48.038250 -35.342207 -71.920676 -41.665723 9.470527 1.694995 6.316292 16.029727 -17.802079 -1.864330 -23.095322 13.504624 14.838957 -0.000000 0.000000 0.000000 -46.929369 11.311361 -8.388178 93.378050 6.442545 11.188006 -6.595388 -8.223718 2.922862 -0.000000 0.000000 0.000000 24.528490 -11.914378 -3.613837 -2.344108 -6.176884 2.419017 -0.776438 0.613155 -1.869814 -8.252727 -10.113451 3.506656 -1.583644 -20.800271 9.912807 -0.000000 0.000000 0.000000 -4.401370 -1.905065 -6.029848 2.636745 -15.862127 -30.100468 94.301201 -78.645152 92.210236 -17.996626 -12.533337 15.668528 -9.100898 2.508780 10.800463 14.430042 12.850104 50.082914 107.794734 67.336839 -117.947675 -11.488793 7.613707 -21.353113 
81.478804 53.772420 -49.633595 -41.988846 -70.244686 -46.302822 8.855323 0.886774 5.539693 20.847997 -17.562693 -0.661356 -22.056513 13.766042 12.084733 -0.000000 0.000000 0.000000 -37.948930 10.068307 -11.764391 85.191548 5.091712 7.502189 -5.800823 -8.641500 3.647268 -0.000000 0.000000 0.000000 26.215933 -10.559317 -4.784505 -2.348254 -6.741751 0.569732 -1.486561 1.674260 -2.853207 -7.927926 -12.264248 3.058286 -1.125138 -21.576987 11.367209 -0.000000 0.000000 0.000000 -5.129526 -3.803771 -9.002734 0.985791 -16.964937 -30.491975 63.375095 -77.747337 60.173290 -16.329980 -10.866571 17.062887 -9.344644 4.128133 13.697301 14.389692 12.356155 52.321950 90.428410 70.331740 -101.378531 -9.265765 7.487001 -24.281851 
81.804883 53.729731 -51.137710 -42.359892 -70.048849 -46.642727 6.298204 1.267552 7.689736 23.542547 -16.499922 -0.819338 -19.735305 12.665463 9.282060 -0.000000 0.000000 0.000000 -30.699115 8.820093 -12.401556 75.229358 3.204397 4.867664 -4.449668 -9.173216 3.678351 -0.000000 0.000000 0.000000 25.668571 -10.003980 -3.275477 -3.387521 -6.225314 -1.255861 -1.019735 2.825343 -3.359623 -7.004404 -14.616429 1.227889 -0.712465 -20.591337 11.417263 -0.000000 0.000000 0.000000 -5.451385 -5.223778 -9.565423 -0.668693 -17.908831 -35.663948 40.039794 -73.014221 35.995083 -18.076221 -9.600584 20.960876 -8.267689 6.934288 12.219862 13.173320 12.965326 56.384549 67.968718 71.662570 -78.522167 -13.280040 6.453166 -27.706032 
82.051820 53.860229 -52.668369 -39.932570 -70.034074 -43.998954 4.247777 1.423137 9.462834 23.918135 -15.884460 -0.110405 -17.536563 11.125847 5.982102 -0.000000 0.000000 0.000000 -24.407204 7.677250 -12.822645 65.144139 2.055162 1.851229 -3.105249 -9.433661 3.426811 -0.000000 0.000000 0.000000 24.659600 -9.092937 -2.324640 -4.082716 -5.597274 -2.306156 -0.955697 2.994873 -3.096818 -6.377100 -17.215359 -0.197295 -0.851626 -19.308189 11.817229 -0.000000 0.000000 0.000000 -6.157959 -5.411442 -9.710218 -1.646676 -18.461366 -41.569571 30.494816 -68.293873 25.697464 -18.443343 -8.080174 25.218235 -7.747912 8.337373 10.420585 12.859281 13.294093 58.126267 51.875570 72.934900 -60.662065 -16.222267 4.078579 -28.875991 
82.195991 53.855896 -54.281998 -34.866955 -70.690197 -38.479130 1.809802 0.252943 10.668995 23.014113 -16.408166 -0.272756 -16.150947 11.751240 4.172490 -0.000000 0.000000 0.000000 -20.051626 6.856544 -14.075199 55.251398 2.571307 0.117214 -2.633070 -11.479151 3.036279 -0.000000 0.000000 0.000000 22.805882 -8.010667 -1.951432 -4.882984 -4.834997 -2.708403 -0.250732 2.102291 -2.460892 -7.514905 -19.643300 -0.760472 -0.815380 -17.708382 11.972056 -0.000000 0.000000 0.000000 -6.059650 -4.172979 -10.857435 -1.936065 -18.376122 -45.448120 30.128735 -66.287129 25.208934 -18.847289 -7.540400 26.468551 -7.570469 7.972893 9.781689 12.819543 13.683294 56.518294 49.457935 73.091609 -55.198877 -16.194576 3.191428 -25.547008 
82.086819 53.700846 -56.075585 -30.345018 -71.772649 -33.415123 -0.409634 -0.585511 12.168349 22.370474 -15.717917 -0.749878 -15.113615 11.686357 1.890505 -0.000000 0.000000 0.000000 -16.213806 6.487858 -15.228886 45.576959 4.611659 -1.040693 -1.285131 -12.264390 3.325899 -0.000000 0.000000 0.000000 21.037735 -6.856020 -1.845754 -4.909330 -4.171031 -2.623170 0.071136 0.807030 -1.663085 -9.334750 -20.617300 -0.918949 -1.379148 -16.412337 11.678143 -0.000000 0.000000 0.000000 -4.831215 -2.315200 -12.036458 -1.741730 -16.559258 -48.086368 32.250940 -66.708248 27.403230 -20.113099 -10.060128 23.009131 -7.005586 7.026856 10.054596 12.174566 14.193172 53.519273 57.443285 72.610328 -60.028229 -13.254191 6.039509 -22.124037 
81.669307 53.318679 -58.092064 -27.721447 -73.449300 -29.698746 -1.587545 -1.455203 13.522153 21.637680 -14.998019 -1.571354 -14.563181 12.231561 -0.539704 -0.000000 0.000000 0.000000 -12.102840 7.148778 -16.337534 36.602209 9.581299 -2.583338 1.959038 -9.397854 6.903918 -0.000000 0.000000 0.000000 19.506754 -5.644302 -2.083946 -4.799517 -3.505892 -2.560103 0.474788 -0.321248 -0.933474 -10.688951 -20.092617 -0.835738 -2.638445 -15.856627 11.139525 -0.000000 0.000000 0.000000 -3.481751 -0.515361 -12.640602 -0.088852 -14.360494 -49.641658 35.158295 -68.063125 30.661369 -23.217611 -12.363730 18.325952 -6.589529 6.031556 9.833067 11.017515 15.438752 51.501611 65.157408 72.882536 -65.574711 -12.920644 7.258378 -19.566971 
80.917120 52.722269 -60.471022 -25.236435 -75.199174 -25.949983 -1.823060 -2.402541 14.931656 20.461462 -14.820384 -2.069357 -14.514028 14.141923 -3.140937 -0.000000 0.000000 0.000000 -8.344757 7.981193 -17.265714 30.518430 12.274615 -3.211090 -7.604940 -10.956780 10.508901 -0.000000 0.000000 0.000000 17.620971 -4.593288 -2.349502 -4.346512 -2.832520 -2.394602 1.254450 -1.214398 -0.295707 -11.600972 -18.133309 -0.551780 -4.053135 -16.426908 9.697513 -0.000000 0.000000 0.000000 -2.000160 0.872373 -12.776686 1.764889 -12.020404 -50.515240 39.486761 -68.871842 35.902327 -26.053124 -12.929162 13.378621 -6.366784 5.685797 9.481058 9.625261 16.763699 50.515410 72.098985 74.208846 -71.579681 -14.907938 6.036911 -18.654922 
80.134368 52.397060 -63.215125 -23.545300 -76.161561 -23.136949 -1.739099 -1.400006 16.644811 18.805074 -14.554729 -0.894112 -12.413684 14.221067 -6.372929 -0.000000 0.000000 0.000000 -9.448225 6.850408 -17.451950 31.067827 9.799136 -2.168686 -16.577381 -7.392964 9.252710 -0.000000 0.000000 0.000000 17.241603 -4.054918 -1.923801 -4.270070 -2.080717 -2.661454 1.495106 -1.867800 0.153400 -11.533002 -15.288951 -0.554670 -4.771174 -18.299213 8.143539 -0.000000 0.000000 0.000000 -1.892036 2.430278 -13.264717 3.816222 -8.577820 -50.029101 44.936303 -68.571584 43.210610 -24.460907 -11.975794 6.143599 -5.820427 6.089115 9.613417 7.742388 17.038389 49.445143 82.768606 75.314783 -80.266416 -17.158172 4.626086 -20.127305 
79.434341 52.732486 -66.238600 -19.543062 -76.928019 -18.196150 -1.093460 -0.038930 18.576631 14.354698 -14.745463 0.536371 -6.477304 13.861331 -9.740143 -0.000000 0.000000 0.000000 -15.582920 6.450275 -15.540394 37.995599 7.033475 -0.941362 -19.187248 -5.708468 5.500075 -0.000000 0.000000 0.000000 16.550465 -4.274014 -1.664057 -3.595874 -0.471775 -3.012727 0.938131 -1.929822 0.098009 -10.147703 -13.988699 -1.059379 -5.245372 -19.167697 7.447005 -0.000000 0.000000 0.000000 -2.553920 4.717490 -14.375455 5.025122 -5.383427 -46.868014 51.552824 -69.450641 51.738325 -21.302142 -9.443546 -0.063723 -4.534364 6.529470 9.936330 6.957263 17.084970 48.102013 98.232687 74.609662 -94.288087 -18.079125 2.964505 -21.132491 
78.678197 53.899407 -69.314867 -16.045156 -77.014756 -13.759451 1.514210 2.168100 20.469931 5.847511 -13.325955 0.859160 3.663656 12.486628 -12.667810 -0.000000 0.000000 0.000000 -16.762000 6.625797 -13.865059 38.742668 7.537351 -0.099397 -20.043033 -5.428594 3.033525 -0.000000 0.000000 0.000000 14.800200 -4.283125 -2.098891 -1.408620 0.778614 -3.667744 0.109274 -1.476876 -0.355036 -7.219276 -14.406308 -1.819155 -4.569286 -19.115319 8.209224 -0.000000 0.000000 0.000000 -2.586754 5.634658 -13.941529 5.837198 -3.254719 -43.732452 60.334353 -72.470106 63.856050 -20.194116 -6.809333 -2.282027 -2.874646 6.942396 8.395744 8.140632 15.934423 48.805189 115.040956 71.839768 -111.553865 -16.982122 1.697181 -18.320454 
78.064805 55.756843 -72.057933 -11.311238 -74.211356 -7.153178 3.308432 2.374834 19.650310 -1.386101 -5.853709 -0.679177 14.441447 14.554765 -13.015171 -0.000000 0.000000 0.000000 -12.489621 5.445889 -14.093439 31.944007 5.987129 1.541918 -19.140901 -6.510420 1.992118 -0.000000 0.000000 0.000000 13.450841 -3.629110 -3.307531 -1.219797 0.332868 -4.570143 1.150948 -2.103407 -0.864623 -4.701517 -15.727338 -2.658979 -1.419795 -18.884720 9.103750 -0.000000 0.000000 0.000000 -1.676261 6.069292 -11.748946 5.840282 -2.565966 -41.121367 76.831941 -75.359330 83.031758 -20.799938 -5.674039 -3.756966 -1.307749 5.382993 5.526246 11.528450 14.329595 50.180417 130.853145 67.264047 -128.536456 -18.132397 1.736893 -15.639839 
77.772582 58.167583 -74.415034 -7.803967 -70.113850 -2.937681 0.761820 4.109211 17.180383 1.586783 -0.850604 -0.972491 8.945104 12.123343 -10.725137 -0.000000 0.000000 0.000000 -8.059348 3.051481 -11.428962 23.296519 2.342134 -0.272125 -12.016433 -7.591552 3.478928 -0.000000 0.000000 0.000000 13.015800 -3.079665 -3.474980 -1.969541 -0.930086 -5.126205 2.508434 -2.909716 -0.678690 -2.537148 -17.832762 -4.064828 0.056610 -17.643418 9.586336 -0.000000 0.000000 0.000000 -0.424021 5.930505 -10.157679 5.560387 -2.209933 -39.589249 95.790003 -76.998128 103.445417 -21.947484 -6.565939 -6.417666 0.035841 3.188956 3.004713 15.646368 11.703363 49.986724 143.780037 63.540360 -141.703925 -21.729066 3.667602 -14.527137 
77.578950 60.507935 -76.612288 -5.127022 -66.860172 -0.283103 -0.413907 3.166877 13.863478 4.676278 2.250371 -1.695323 8.485278 12.185082 -8.690499 -0.000000 0.000000 0.000000 -3.171876 2.723967 -7.928801 11.640263 0.570858 -2.203609 1.419763 -10.327785 6.124209 -0.000000 0.000000 0.000000 11.896881 -2.704159 -4.102892 -2.070828 -2.104894 -4.926589 3.694902 -3.744368 0.162293 -0.817183 -20.792043 -5.611314 -0.101394 -14.637515 10.361342 -0.000000 0.000000 0.000000 1.332205 5.977116 -8.930071 5.979435 -3.313444 -39.010247 113.413934 -77.726656 121.742106 -24.991839 -7.485870 -7.459128 0.527986 1.139096 1.098755 19.395227 10.627001 49.400815 150.134888 61.986375 -148.971547 -25.674698 5.171127 -11.961769 
77.478915 62.377644 -78.679562 -2.778022 -65.496658 1.208998 0.395821 1.282076 10.275226 5.281145 1.770117 -1.569268 7.493340 12.328300 -8.271675 -0.000000 0.000000 0.000000 -1.307432 -0.496354 -6.377512 1.418713 -1.766131 -2.417820 19.162666 -4.816523 12.566495 -0.000000 0.000000 0.000000 10.887152 -1.636217 -4.501915 -2.466276 -3.337981 -4.466355 4.205755 -4.078181 1.351740 1.703812 -22.684854 -6.841743 -1.613957 -12.599223 12.010301 -0.000000 0.000000 0.000000 2.525800 5.840806 -7.446168 7.974595 -4.516374 -39.485703 132.887220 -78.030140 140.769233 -28.002032 -8.451357 -8.105163 0.853859 -0.467049 -0.294207 21.373431 8.951966 48.810990 154.987094 61.740949 -153.794293 -27.809533 4.624908 -10.186070 
77.478963 63.570344 -80.847955 -1.326219 -66.007160 0.832686 2.234713 -1.045355 7.724602 4.961583 -2.591619 -0.884089 7.997758 12.073044 -8.718809 -0.000000 0.000000 0.000000 -4.201715 0.349547 -4.398871 5.628189 -0.257836 -0.992696 17.815540 -1.352051 13.963107 -0.000000 0.000000 0.000000 10.003522 -1.293796 -4.351800 -2.306990 -3.484729 -3.399236 4.492403 -3.214947 2.110155 3.524871 -21.015505 -7.401838 -3.357947 -13.647058 14.146320 -0.000000 0.000000 0.000000 2.301009 4.538353 -5.520498 11.063613 -5.016949 -39.910187 151.842749 -76.633920 159.390269 -29.540049 -9.493245 -8.355481 1.432853 -0.345777 0.158878 22.062249 5.523383 48.324777 158.071287 60.880749 -157.557424 -28.331275 3.988281 -10.761583 
77.614880 64.363378 -83.067930 -3.686181 -67.370985 -3.327500 5.322952 -3.830468 5.487435 5.214516 -6.934259 -0.250426 9.245948 12.319767 -9.502771 -0.000000 0.000000 0.000000 -8.385932 5.976984 -1.163150 16.949658 -1.408098 -0.196488 14.142852 -2.895493 11.171996 -0.000000 0.000000 0.000000 10.182744 -1.697078 -3.902343 -0.051547 -2.628348 -1.643078 4.272169 -1.233495 1.414992 3.282011 -14.717166 -6.363734 -5.212038 -19.806024 13.739829 -0.000000 0.000000 0.000000 2.386634 2.149777 -5.158485 12.404151 -6.308666 -38.286249 148.328677 -73.951742 159.409520 -29.816337 -12.819827 -12.784514 1.683627 0.031545 3.921683 22.823342 3.474795 47.293013 154.808617 59.713845 -158.461184 -30.997598 5.710000 -12.971945 
77.886736 64.680552 -85.210979 -7.309112 -67.851793 -9.057907 7.892100 -3.796869 4.420663 5.731520 -8.712111 -0.556186 12.005734 11.178056 -10.520339 -0.000000 0.000000 0.000000 -14.516145 8.072926 1.770165 32.039036 -1.368231 1.834812 8.022806 -5.645376 8.554286 -0.000000 0.000000 0.000000 13.662588 -3.972282 -2.876329 -0.614321 -1.559572 -0.545778 4.350370 -1.013811 1.985502 -3.295216 -15.098669 -5.665328 -6.373973 -17.917921 10.148263 -0.000000 0.000000 0.000000 1.360742 5.276716 -9.214705 10.334355 -4.799396 -32.891948 153.333884 -68.809105 164.858362 -30.289014 -11.668977 -17.696203 1.084006 0.197942 6.535585 22.959747 5.454025 45.546135 155.314132 60.784196 -162.555651 -29.705178 8.697440 -16.569622 
78.206640 64.209849 -87.379098 -8.667319 -66.327185 -12.875375 8.631958 -2.654373 4.409825 7.627177 -8.764373 -0.638901 14.296926 9.594271 -11.996539 -0.000000 0.000000 0.000000 -22.340592 8.602664 3.275077 48.798303 -2.729195 5.818941 2.228035 -4.720154 6.566149 -0.000000 0.000000 0.000000 16.160204 -5.860942 -0.991054 -0.691271 -1.574063 0.339797 2.585617 -0.474352 1.012477 -4.368178 -11.497411 -5.059520 -9.022358 -20.241560 6.916016 -0.000000 0.000000 0.000000 1.445075 4.697215 -9.207515 8.971995 -4.339718 -31.083898 146.152852 -66.175451 161.036395 -36.421710 -10.709309 -21.795380 0.995391 0.677826 8.262868 21.945227 6.144316 46.310818 148.300082 61.261401 -157.540768 -28.712185 11.453505 -22.001875 
78.523868 63.018519 -89.438927 -6.949288 -63.780581 -13.817210 8.021469 -1.257342 4.814368 9.098677 -8.595269 -0.444507 16.355591 10.537789 -10.381798 -0.000000 0.000000 0.000000 -30.945992 8.037126 3.090595 64.826358 -2.173354 9.728036 -2.412115 -2.869365 4.436040 -0.000000 0.000000 0.000000 17.566943 -7.909804 0.937498 -1.820693 -2.050106 1.174079 1.811867 -0.188154 0.535928 -5.761653 -10.045350 -5.844690 -10.767013 -21.049921 5.120264 -0.000000 0.000000 0.000000 0.504215 4.336357 -8.298916 6.606917 -4.186076 -30.353572 147.768601 -65.828746 163.054556 -40.363959 -9.203195 -22.799478 0.381219 1.208613 8.430895 20.034282 6.661444 47.965603 141.588370 62.364953 -151.923011 -24.306312 11.311038 -24.717755 
78.868186 60.926127 -91.562098 -4.665821 -60.954875 -14.098736 7.421776 0.223731 5.562483 10.237612 -6.152553 -0.765044 3.717710 18.306903 -2.268000 -0.000000 0.000000 0.000000 -39.659719 7.898633 1.261330 79.814242 -0.370562 12.957341 -5.399778 -2.263929 3.957749 -0.000000 0.000000 0.000000 18.429723 -9.715106 2.548598 -3.663804 -3.032856 1.387616 1.439611 0.208382 0.417323 -5.954452 -9.829581 -7.459896 -11.421893 -20.658699 5.861328 -0.000000 0.000000 0.000000 -0.880507 2.519917 -4.387031 6.369762 -3.386990 -31.529191 157.195223 -66.521597 171.104675 -38.779853 -11.807877 -17.394826 -0.968467 3.032898 6.998084 18.634355 5.739588 50.543263 138.008936 64.047327 -147.798621 -19.251538 9.804479 -26.250645 
79.213452 58.363414 -93.983650 -5.203548 -57.529294 -16.480442 7.689818 1.866522 7.840689 10.420967 -7.040127 1.386147 -12.000097 17.085699 5.180854 -0.000000 0.000000 0.000000 -44.884968 8.360265 -1.882879 91.486194 1.908114 14.644270 -6.701834 -2.874115 4.327605 -0.000000 0.000000 0.000000 19.724285 -10.550601 2.575346 -3.625147 -3.635083 2.241004 0.459051 0.750655 -0.527917 -5.607602 -6.171478 -5.427705 -13.332918 -25.020017 2.382510 -0.000000 0.000000 0.000000 1.126184 -0.853184 -3.180868 2.076028 -4.613627 -30.397825 153.466159 -66.616240 169.832443 -39.982773 -10.861988 -15.363999 -2.062726 2.877794 8.005593 17.183794 5.969004 51.665283 129.742031 64.519638 -141.422327 -19.530474 6.893355 -22.165802 
79.726535 56.017357 -96.587992 -7.602267 -54.435010 -17.665910 7.926580 1.441385 10.754110 9.784582 -12.752751 -1.108893 -21.665162 16.056208 9.015331 -0.000000 0.000000 0.000000 -46.376077 10.068538 -7.402581 98.216598 5.230482 13.338103 -7.514113 -4.075995 4.532163 -0.000000 0.000000 0.000000 21.405838 -10.717131 -0.759852 -2.743248 -4.527614 2.328388 -0.136352 0.843908 -0.874259 -8.994172 -5.051631 -4.199534 -11.168486 -26.735174 2.693512 -0.000000 0.000000 0.000000 -0.976254 -2.241480 -3.077170 -0.580880 -6.510292 -27.542662 152.250158 -67.734924 166.901881 -37.505003 -13.292051 -10.327804 -4.029211 4.087485 11.206992 17.085901 5.831785 51.526531 122.727527 64.982582 -135.771756 -17.672148 4.992240 -21.347631 
80.214262 54.490352 -99.006534 -9.664571 -51.863475 -16.796972 5.090042 0.491113 10.815366 13.597466 -13.343451 -2.925342 -24.551872 13.970967 11.780122 -0.000000 0.000000 0.000000 -43.982737 12.087231 -13.889397 98.863005 7.027809 10.655705 -7.794958 -3.592830 5.020648 -0.000000 0.000000 0.000000 21.378130 -8.966266 -4.624498 -0.663483 -5.336734 1.977922 -1.698007 1.969793 -2.509900 -8.732664 -3.453413 -3.161834 -13.710885 -31.312004 2.374858 -0.000000 0.000000 0.000000 -1.030036 -5.225777 -4.300852 -1.162152 -12.163941 -24.319542 145.669468 -71.856087 158.965732 -34.219345 -13.912535 -6.694278 -4.659535 3.845606 14.600656 17.455030 6.628039 52.052845 112.233793 66.134483 -126.012230 -15.541927 4.235531 -23.600108 
80.450326 54.137725 -101.055276 -13.088026 -49.806632 -17.675041 1.537731 -2.151474 10.138054 21.912085 -13.743495 -1.515471 -22.688608 13.619217 9.477770 -0.000000 0.000000 0.000000 -36.660239 10.946617 -17.579814 93.375582 6.843331 6.665734 -7.191424 -3.668778 6.083536 -0.000000 0.000000 0.000000 24.140694 -7.540808 -5.662015 -2.249385 -5.636755 -0.273236 -1.237311 2.179574 -3.022316 -11.268654 -9.391408 -4.044540 -11.410557 -28.143713 4.896842 -0.000000 0.000000 0.000000 -3.394380 -4.399767 -7.783530 -2.188385 -16.983805 -24.658326 128.512903 -77.560018 136.218113 -31.650371 -13.498246 -5.204701 -5.729122 5.295509 14.893065 17.767414 9.120319 54.060531 97.719610 70.070293 -110.309799 -15.976884 4.667514 -25.037624 
80.275702 54.108530 -102.595472 -15.062192 -49.191387 -18.916603 -0.055223 -1.396210 12.102918 24.552719 -14.542825 -1.620333 -19.768764 12.811840 6.608771 -0.000000 0.000000 0.000000 -28.989920 9.248158 -17.566753 85.314995 6.078197 3.033969 -5.291143 -3.906856 6.065574 -0.000000 0.000000 0.000000 24.004167 -6.516322 -4.305444 -2.814213 -4.899669 -2.418716 -1.208075 3.095639 -3.403800 -9.321239 -12.162261 -6.798889 -9.766086 -24.587598 6.553739 -0.000000 0.000000 0.000000 -4.456195 -6.091643 -7.446058 -1.893622 -16.452024 -31.602482 90.536287 -80.107320 92.277014 -27.414428 -11.848950 3.567550 -5.268358 9.155136 11.205837 16.665655 9.592919 57.843478 84.764845 73.119580 -93.902152 -20.038540 2.495906 -25.411040 
79.745901 54.259050 -103.993082 -14.531803 -48.853115 -17.857731 -0.287894 0.276316 13.342544 22.258882 -14.874672 -0.436583 -17.720484 11.509329 3.524115 -0.000000 0.000000 0.000000 -22.134380 7.662155 -16.403226 75.416983 5.548561 -0.612255 -2.705091 -4.996026 5.262449 -0.000000 0.000000 0.000000 21.683688 -5.332079 -3.588246 -2.320522 -4.125673 -3.423695 -1.374680 3.102394 -3.686680 -6.805616 -12.576872 -7.454886 -8.569411 -23.371577 6.659807 -0.000000 0.000000 0.000000 -3.844968 -7.541180 -8.093379 -0.553820 -14.634589 -37.172631 67.749041 -76.613202 66.229963 -18.220513 -6.597037 14.883184 -5.126656 10.953843 9.780754 15.988206 9.468073 57.307352 82.589988 74.887247 -87.013117 -22.601502 1.482703 -23.983751 
79.110104 54.304653 -105.562603 -12.311054 -47.766849 -14.765715 -1.673609 -0.994274 13.267003 20.379003 -16.351061 0.532399 -15.493506 12.940805 1.770588 -0.000000 0.000000 0.000000 -15.851770 5.952467 -16.033806 64.107445 6.624488 -3.157961 -1.566800 -7.231470 4.266703 -0.000000 0.000000 0.000000 20.151159 -4.413698 -3.735592 -3.635476 -3.730504 -3.945846 -0.250914 1.863647 -2.784716 -7.349918 -16.013345 -7.357491 -6.512395 -19.621167 7.036525 -0.000000 0.000000 0.000000 -3.299094 -4.595090 -10.923772 1.957654 -13.987233 -39.364258 67.403641 -73.626025 63.287659 -9.272744 -2.279640 20.080557 -6.007172 10.000198 9.644785 15.816713 11.023587 54.098374 88.104315 75.419298 -87.882239 -19.357373 3.463495 -22.482638 
78.381675 54.088491 -107.574713 -10.157418 -46.156764 -11.606044 -3.638352 -3.561556 14.323911 18.978855 -16.956422 -0.105596 -13.184559 13.806590 -1.656849 -0.000000 0.000000 0.000000 -8.867690 4.923266 -15.569687 51.174747 9.067783 -4.025075 -2.857906 -8.423623 3.980757 -0.000000 0.000000 0.000000 19.493612 -3.395821 -4.160875 -4.073772 -3.674854 -4.007864 0.781606 0.719935 -1.779518 -8.489518 -17.649205 -6.603716 -5.375496 -17.667210 7.336740 -0.000000 0.000000 0.000000 -1.676300 -0.868555 -13.354750 4.461519 -12.177568 -40.251556 73.339252 -73.806332 68.685594 -10.858916 -5.551918 16.214103 -6.433777 8.205024 10.157118 14.709922 12.998023 51.207960 94.924161 73.659881 -91.584621 -13.515746 5.969971 -21.033224 
77.603745 53.497934 -109.983683 -8.136804 -44.689741 -8.629418 -5.404610 -5.431123 16.095140 16.973086 -16.673487 -0.629912 -11.946045 13.714513 -5.259704 -0.000000 0.000000 0.000000 -2.269394 4.776732 -14.765493 38.736209 11.999501 -4.055146 -7.188970 -10.358095 5.483908 -0.000000 0.000000 0.000000 18.892179 -2.307947 -4.325236 -3.656779 -3.172141 -3.927648 2.187040 0.298882 -1.060794 -9.731624 -17.406616 -5.504692 -5.693289 -17.874423 6.943412 -0.000000 0.000000 0.000000 0.380926 2.594356 -14.252882 6.293054 -10.834749 -41.189640 78.961534 -76.538983 74.653243 -22.562205 -8.532714 8.535605 -6.202371 6.224384 10.189337 12.709678 15.653487 49.905269 97.762216 72.312447 -93.716781 -9.631451 7.076372 -20.063661 
76.850957 52.786726 -112.804604 -6.132813 -44.062992 -5.118629 -6.643732 -6.687095 17.442302 14.312218 -15.899926 -0.234425 -10.929307 13.620696 -8.305404 -0.000000 0.000000 0.000000 2.167513 4.337159 -14.296397 29.766192 11.635916 -5.036472 -16.890565 -11.287129 5.786351 -0.000000 0.000000 0.000000 18.509270 -0.817220 -4.754941 -2.548633 -2.400808 -4.012628 2.918330 0.434340 -0.848338 -10.349815 -15.162458 -4.620032 -7.212094 -20.042728 5.807863 -0.000000 0.000000 0.000000 1.641138 4.582794 -13.975130 8.257064 -9.508485 -42.099501 80.437141 -79.405648 77.027972 -34.284175 -8.916974 2.742863 -5.741615 5.532349 10.322193 10.557322 17.810459 49.840919 96.845557 73.411596 -93.857776 -10.675763 6.739858 -20.301384 
76.041400 52.252418 -115.849924 -5.178600 -43.258116 -2.428812 -7.229628 -7.389730 18.662758 12.156564 -18.109656 1.236667 -9.629547 14.757445 -8.697352 -0.000000 0.000000 0.000000 1.504204 1.942383 -14.715811 27.670630 10.162708 -3.404824 -23.228473 -9.642525 4.980231 -0.000000 0.000000 0.000000 19.456071 0.189884 -4.305471 -1.842856 -1.548872 -4.435662 3.893914 0.716014 -1.021984 -12.127408 -13.164642 -4.980183 -8.135696 -21.654443 4.686411 -0.000000 0.000000 0.000000 1.154134 5.780707 -13.989751 10.168355 -8.201264 -41.954165 77.812115 -80.594668 74.984195 -38.829763 -9.599237 3.377907 -5.585918 6.218704 10.780795 8.020381 18.995513 49.507311 94.574111 76.092559 -92.655271 -13.825442 5.716605 -21.961503 
75.194687 51.983982 -118.918824 -5.247974 -41.789987 -1.529960 -8.038809 -6.700249 20.784448 11.258348 -20.341268 3.155358 -9.747570 14.501436 -7.623192 -0.000000 0.000000 0.000000 -2.308738 -0.671103 -13.571095 31.205221 7.957164 -1.158786 -26.256064 -7.393515 2.897430 -0.000000 0.000000 0.000000 21.406051 0.587564 -2.883996 -1.007154 -0.548925 -4.626977 4.175756 1.178892 -0.801470 -13.058578 -12.540789 -6.051331 -10.224708 -21.474141 4.161864 -0.000000 0.000000 0.000000 -0.353506 6.123976 -14.386977 11.178484 -6.359727 -42.358991 74.493224 -79.839568 71.868300 -36.718900 -9.109274 7.160785 -4.807522 8.267493 10.281331 5.496456 18.243329 48.078909 99.767760 77.943369 -98.529988 -16.132938 3.316321 -24.476946 
74.357134 51.871878 -121.724498 -5.757908 -39.957300 -0.627477 -9.164059 -6.196213 21.953296 11.060528 -20.550350 3.691078 -10.814169 14.077725 -3.801217 -0.000000 0.000000 0.000000 -6.177378 -2.576291 -13.520416 36.441377 6.779458 1.286035 -27.157491 -5.375702 1.472503 -0.000000 0.000000 0.000000 22.992969 1.135793 -2.425581 0.111858 0.251799 -4.827037 4.299193 1.483741 -0.393075 -12.636108 -12.981309 -6.429059 -12.067119 -20.522069 4.672284 -0.000000 0.000000 0.000000 -1.833880 5.749760 -14.201424 11.975863 -4.760790 -42.689189 82.401640 -79.634020 80.676978 -32.203896 -6.274816 11.556360 -3.696831 10.211469 8.434013 4.240389 16.546875 46.082077 119.118098 77.706794 -119.230761 -17.731029 0.437892 -26.320073 
73.511499 52.023506 -123.979568 -6.709626 -36.783915 1.194450 -10.651260 -7.130291 20.782368 12.883725 -17.396131 1.194790 -10.942421 16.556974 -2.344008 -0.000000 0.000000 0.000000 -5.424460 -3.773199 -15.037268 36.200217 5.949987 4.087512 -28.127164 -4.379980 1.938746 -0.000000 0.000000 0.000000 23.775665 2.156374 -3.497683 1.435774 -0.103596 -5.027847 5.073032 1.147349 -0.488306 -11.563480 -13.182007 -5.460119 -11.683513 -20.958090 5.279027 -0.000000 0.000000 0.000000 -2.527156 5.414976 -13.395965 12.571481 -4.824683 -41.139525 105.661350 -79.168152 106.737336 -30.837684 -4.347573 11.639967 -3.555697 9.562278 7.136143 4.335825 15.205161 43.635779 137.371208 74.018888 -139.224861 -19.840800 -0.094997 -25.340112 
72.735316 52.759022 -125.601363 -7.085980 -33.155475 2.361246 -13.289965 -6.842138 18.727724 19.367457 -12.955673 -1.656823 -11.613966 15.230338 -2.330263 -0.000000 0.000000 0.000000 -2.821787 -5.163804 -13.702021 32.813987 2.588403 4.779525 -27.665430 -4.454904 1.804655 -0.000000 0.000000 0.000000 23.449804 3.210934 -3.627936 1.747416 -0.438477 -5.005356 5.907505 1.151612 -1.078426 -9.317722 -13.698205 -4.657253 -9.907408 -21.764480 5.413382 -0.000000 0.000000 0.000000 -2.836644 5.846138 -12.357848 12.976674 -6.595284 -38.674557 125.432363 -76.421366 129.686781 -31.807822 -4.566175 7.948951 -3.276023 7.212069 5.944362 6.045480 13.167874 41.640446 145.237741 68.041032 -148.917153 -21.195822 0.533429 -23.424061 
71.977848 54.262549 -126.772761 -6.439778 -30.223192 3.100527 -15.239734 -6.393053 16.059058 26.975026 -9.832375 -3.901578 -12.128213 13.277977 -2.056798 -0.000000 0.000000 0.000000 -0.469908 -4.347449 -9.700528 27.659356 -0.208175 3.347300 -23.676256 -7.148346 0.858248 -0.000000 0.000000 0.000000 21.901517 3.749055 -3.681959 1.462428 -0.229523 -4.672861 6.462764 1.287674 -1.529582 -7.036687 -15.585749 -4.328368 -7.782455 -22.130074 6.011110 -0.000000 0.000000 0.000000 -1.561545 5.680349 -11.130080 14.867177 -10.181295 -37.094042 139.506910 -74.763031 148.497901 -33.228126 -7.878136 5.755809 -2.976788 5.154988 4.528570 10.101653 11.519018 40.770606 149.766668 62.905939 -155.810162 -21.400795 1.686570 -22.206197 
71.209162 56.409240 -127.521122 -5.566145 -26.887128 4.124252 -15.226376 -7.673105 11.799403 32.760580 -9.425119 -5.874787 -12.191385 12.555265 -1.450860 -0.000000 0.000000 0.000000 2.451221 -3.248387 -6.535222 20.770630 -2.692399 1.872560 -16.237453 -10.153068 2.005461 -0.000000 0.000000 0.000000 20.165308 3.931622 -4.745189 0.731399 -0.796567 -4.090417 7.155951 0.854120 -1.513465 -5.359664 -17.337975 -3.644810 -5.582300 -22.498959 6.765789 -0.000000 0.000000 0.000000 0.560093 6.058714 -9.615534 16.498784 -13.132245 -35.987845 148.847476 -73.556368 160.252482 -42.208815 -12.854466 1.298914 -3.030968 2.698054 3.404040 14.442811 11.348002 40.702429 150.762088 59.442993 -158.276701 -24.688843 4.121353 -20.616750 
70.362192 58.840728 -128.084266 -4.705537 -23.537831 4.036124 -13.549525 -7.930167 8.410087 35.610798 -8.880762 -6.643547 -10.285698 11.955615 -1.614999 -0.000000 0.000000 0.000000 4.887720 -4.284171 -3.495307 13.425115 -2.841718 0.225484 -5.061906 -11.073527 5.080679 -0.000000 0.000000 0.000000 18.852906 3.738454 -5.346268 0.327963 -2.055480 -3.508606 5.670828 -0.138794 -0.731949 -2.730549 -20.393291 -3.359237 -4.257056 -19.595484 8.789291 -0.000000 0.000000 0.000000 1.899451 5.890796 -10.738871 13.848666 -5.304055 -34.733071 174.579541 -68.865432 179.483663 -54.161129 -10.840429 -7.291092 -1.541733 2.301266 3.468941 17.211770 9.026737 40.289192 156.429964 57.323977 -162.819324 -23.971386 5.297179 -17.959503 
69.610155 60.976863 -128.862083 -3.839411 -20.996057 3.330464 -10.793474 -7.813293 6.253472 36.597742 -7.429516 -7.195280 -7.487310 11.401700 -2.243164 -0.000000 0.000000 0.000000 5.007101 -3.977345 -1.774632 9.840661 -1.879104 -0.590605 6.851751 -5.973904 9.293850 -0.000000 0.000000 0.000000 16.985774 3.466781 -5.787626 0.458849 -2.945528 -2.544209 4.981501 -0.401125 -0.373700 -0.320951 -19.652484 -2.376123 -3.499704 -20.107565 10.009875 -0.000000 0.000000 0.000000 3.577415 5.220743 -10.025420 14.073360 -5.273707 -35.560204 -175.904975 -68.316861 -171.800949 -62.197388 -8.797868 -14.495780 -1.005964 0.670952 3.468749 18.972622 8.649919 40.228055 156.542089 56.766968 -162.335115 -23.959089 5.451814 -14.975227 
68.977743 62.317538 -129.984331 -2.917456 -19.074610 2.092110 -7.617437 -7.059418 5.575558 35.536238 -6.960429 -7.577197 -3.670925 12.115707 -2.970125 -0.000000 0.000000 0.000000 1.017266 0.135538 -0.528430 16.150969 1.538819 0.745358 8.016466 -4.037486 10.913481 -0.000000 0.000000 0.000000 15.023934 1.927061 -5.842220 0.837542 -3.015569 -1.314734 4.741304 -0.279086 -0.091103 0.391591 -18.474698 -1.701709 -3.388756 -20.210000 11.377135 -0.000000 0.000000 0.000000 4.142411 4.443678 -9.135888 14.815238 -5.195732 -36.706279 -171.948199 -67.550212 -168.298769 -62.892695 -8.991145 -13.982405 -0.795497 0.232003 3.738735 20.035811 7.690644 40.156590 156.537552 56.349080 -162.120650 -22.952961 4.646460 -13.445108 
68.394887 62.931585 -131.302965 -2.871275 -16.722482 -0.094003 -3.173587 -5.130969 6.387102 31.916407 -7.844462 -6.410652 -0.395204 12.925409 -3.885643 -0.000000 0.000000 0.000000 -4.898790 3.733879 0.920109 29.893081 2.106130 5.083457 1.188973 -4.058317 8.347476 -0.000000 0.000000 0.000000 14.290057 -0.620709 -5.094475 1.704472 -3.034110 0.099715 4.402569 -0.083127 0.198137 -0.811182 -16.364492 -1.003800 -4.058769 -20.771304 12.006143 -0.000000 0.000000 0.000000 3.881546 3.694513 -9.073658 15.808415 -5.019623 -37.229269 -174.028716 -66.847261 -169.770055 -60.067339 -10.488054 -10.096988 -1.087539 0.434628 5.303117 20.570521 5.933882 39.189305 156.685193 55.777852 -162.672009 -23.272621 4.395032 -12.555756 
67.882454 62.888569 -132.770491 -2.329658 -13.923891 -1.603265 0.714543 -2.873030 7.430368 25.982069 -8.259455 -5.030933 2.982465 14.309792 -3.816612 -0.000000 0.000000 0.000000 -13.118737 2.961700 0.030253 47.411991 0.932164 9.955999 -4.139865 -3.794918 6.550470 -0.000000 0.000000 0.000000 14.163942 -3.096381 -4.541725 1.930915 -3.363372 1.203724 3.635158 -0.257766 0.423065 -2.963456 -14.314512 -0.364123 -4.478811 -21.063950 11.745483 -0.000000 0.000000 0.000000 3.712443 3.647359 -9.248088 15.684887 -5.090759 -36.668090 -175.945400 -66.527348 -171.345334 -58.122895 -11.093507 -7.732364 -1.476151 0.252309 7.064647 20.520442 4.721972 38.385835 156.597060 56.018653 -163.179620 -23.307499 5.433367 -12.085483 
67.410594 62.304294 -134.278798 -1.022853 -10.376333 -2.416793 3.330501 -1.708838 8.582014 19.292959 -6.816096 -4.226617 7.816902 17.391950 -4.178132 -0.000000 0.000000 0.000000 -21.948744 2.062473 -2.522278 64.907555 -0.335089 14.080784 -7.673463 -5.394120 4.117996 -0.000000 0.000000 0.000000 14.093413 -5.527062 -3.686407 1.030216 -3.945570 1.720661 2.843671 -0.517925 0.257905 -5.116472 -13.027223 -0.059724 -5.004324 -20.602766 10.911230 -0.000000 0.000000 0.000000 3.662110 3.651562 -9.703996 14.711291 -5.660354 -34.958441 -177.045374 -66.576893 -172.262088 -57.623896 -11.005087 -6.232483 -1.823465 -0.064976 8.326515 20.707498 4.064385 39.183909 154.106204 56.692217 -161.844668 -21.973358 6.663501 -13.037104 
66.963720 61.135787 -135.797441 0.134995 -6.638206 -3.336059 4.867751 0.039803 9.767276 15.451980 -5.985851 -2.992989 -0.178322 21.577397 -1.929757 -0.000000 0.000000 0.000000 -29.697635 2.010195 -6.382321 80.362480 -0.560563 17.087880 -9.222854 -7.435044 3.218224 -0.000000 0.000000 0.000000 14.766128 -7.633942 -2.127708 -0.580605 -4.564721 1.692441 2.014253 -0.348591 -0.193866 -6.748157 -12.180500 0.214686 -6.050461 -20.130866 9.639339 -0.000000 0.000000 0.000000 3.213095 2.967291 -9.893715 12.826360 -6.205348 -33.312874 -177.541999 -67.138405 -173.101081 -56.742217 -11.193141 -5.272935 -2.387801 -0.238829 8.676097 20.816884 3.236205 41.647734 150.634951 58.056293 -159.331430 -19.973949 7.160472 -15.239557 
66.444129 59.524328 -137.244332 -0.225959 -3.755084 -3.666838 6.206218 2.717923 11.468303 12.831431 -8.008763 -2.481718 -13.963057 18.830548 3.727072 -0.000000 0.000000 0.000000 -34.305422 2.897417 -11.199324 92.226419 0.715538 17.052972 -10.244876 -8.109987 3.023213 -0.000000 0.000000 0.000000 16.837482 -8.716914 -1.815665 -1.385729 -5.001367 1.641556 0.080812 0.381114 -0.589133 -6.932891 -11.543741 0.581900 -8.104515 -20.650724 9.126659 -0.000000 0.000000 0.000000 2.498181 1.419688 -9.892283 10.207908 -6.887021 -32.295584 -178.756401 -68.642935 -174.901880 -55.107891 -11.370968 -4.187548 -2.676933 0.582266 9.509678 21.306759 1.818307 44.990157 145.398268 60.157168 -155.870503 -17.884710 7.060415 -16.881810 
65.732956 58.093494 -138.724649 -1.830744 -1.871075 -1.326249 7.090224 2.692806 12.205368 12.245946 -12.054619 -5.722868 -22.094058 17.955774 7.050221 -0.000000 0.000000 0.000000 -35.744041 5.857297 -17.097106 98.392689 3.502111 14.262984 -10.026186 -7.804517 3.709147 -0.000000 0.000000 0.000000 19.002206 -8.486098 -4.850446 -1.289494 -5.328768 1.130839 -0.213269 0.995053 -1.731470 -9.732338 -9.997870 2.216470 -6.725368 -23.631111 8.706713 -0.000000 0.000000 0.000000 0.486031 0.785368 -10.078870 6.902302 -11.340321 -29.787318 178.556576 -73.032079 -178.100723 -52.817199 -11.985432 -0.946149 -5.118479 -0.236607 13.054699 21.311869 4.169100 47.557518 132.752567 64.962056 -145.268911 -16.226973 6.496795 -18.073088 
64.915985 57.065189 -140.055370 -3.123747 0.955001 0.276477 3.948143 1.600894 12.595555 17.604343 -13.950883 -7.102649 -26.182633 16.947950 9.733275 -0.000000 0.000000 0.000000 -34.207947 7.238535 -21.093482 98.302522 5.482925 11.255123 -9.762738 -6.824464 4.609835 -0.000000 0.000000 0.000000 20.410604 -7.928077 -5.897746 -0.649339 -6.102599 0.566937 -0.417052 1.903092 -3.139768 -10.842411 -9.366812 2.090703 -7.285527 -25.471250 8.344074 -0.000000 0.000000 0.000000 -1.594796 -0.075688 -10.390259 4.484670 -18.269561 -28.931366 167.295670 -81.223752 169.689023 -48.793152 -12.778647 4.096896 -6.162363 -0.082282 14.793746 19.541528 7.399921 50.676653 111.171442 70.143789 -123.806666 -13.953534 5.315483 -22.546560 
63.932091 56.618035 -141.187477 -4.940463 2.764289 1.114753 -0.606762 -1.366248 12.999254 27.321808 -15.010813 -6.683130 -25.363047 17.168049 8.352785 -0.000000 0.000000 0.000000 -29.568309 7.404601 -20.868580 92.497795 6.675212 7.285694 -9.872518 -6.508773 4.407178 -0.000000 0.000000 0.000000 22.796729 -6.965077 -5.681875 -1.328331 -6.577100 -0.610315 -0.495837 2.409859 -3.327406 -10.285390 -10.814047 0.034138 -6.775743 -23.700065 9.084368 -0.000000 0.000000 0.000000 -3.765211 -2.362823 -11.075283 1.113242 -19.217067 -33.174551 93.207815 -86.632723 92.113989 -42.009719 -11.745177 11.947992 -6.396880 4.177435 14.791794 18.112477 9.320898 53.589403 85.603075 74.387666 -97.540645 -14.217151 4.017187 -29.293467 
62.869602 56.052572 -142.062581 -6.200123 3.946223 1.176956 -3.456994 -1.784613 14.380642 31.819847 -15.807725 -5.979202 -23.323790 16.705789 6.329339 -0.000000 0.000000 0.000000 -24.186997 8.025623 -18.288835 84.707061 7.407466 3.094896 -10.329205 -5.986169 3.468657 -0.000000 0.000000 0.000000 23.993190 -6.765930 -4.122329 -2.157174 -6.062830 -1.847066 -0.378195 2.379120 -3.018740 -8.747398 -12.861031 -2.698828 -6.114716 -19.576060 9.202242 -0.000000 0.000000 0.000000 -5.443062 -3.550015 -10.747462 -0.402637 -19.845352 -40.273527 26.143228 -81.190355 24.307784 -37.582658 -9.039355 20.231540 -6.354628 7.830814 11.727037 16.551972 11.607532 55.347595 60.535508 77.579003 -69.417711 -21.602322 2.041331 -31.769120 
61.583668 55.309755 -142.777455 -6.286323 4.295585 1.668549 -3.108034 -0.726053 14.895163 28.946812 -14.853064 -4.545706 -23.338329 15.583339 5.269839 -0.000000 0.000000 0.000000 -20.864589 8.629803 -16.343802 77.311887 7.687408 -1.659592 -9.273179 -6.287169 2.560526 -0.000000 0.000000 0.000000 23.189605 -6.508824 -3.773098 -1.868272 -5.124873 -2.290068 -0.544596 1.665448 -2.400599 -7.836977 -14.181530 -3.726608 -5.455184 -15.959880 9.329608 -0.000000 0.000000 0.000000 -5.942723 -3.603294 -11.480443 -0.629208 -19.722911 -45.312371 19.272815 -76.660737 18.430750 -34.032153 -6.321082 26.616104 -6.749572 8.995519 10.570603 15.419257 13.242551 53.762101 49.408010 78.417394 -55.266913 -24.878178 -0.927799 -26.673615 
60.033965 54.453206 -143.496251 -5.728217 5.067732 2.986606 -4.351956 -2.087197 14.588764 27.368398 -15.311243 -4.092709 -21.886216 16.706230 4.957130 -0.000000 0.000000 0.000000 -18.571301 9.069593 -16.832269 69.678640 7.893564 -3.957594 -7.815508 -9.236581 1.528012 -0.000000 0.000000 0.000000 22.242833 -6.113843 -4.004742 -2.858498 -4.590374 -2.300533 0.521777 0.346682 -1.581854 -8.961816 -15.029544 -3.732950 -3.988575 -13.036360 8.974537 -0.000000 0.000000 0.000000 -5.088179 -2.152946 -12.262716 -0.669007 -19.587461 -47.970237 20.513751 -74.475665 19.898929 -33.789286 -7.454657 28.869852 -7.586692 7.862857 10.211697 14.039350 15.547549 51.461682 54.740857 76.910642 -58.021291 -21.979721 -0.282981 -19.996002 
58.231527 53.610605 -144.123769 -5.925602 6.160222 4.277727 -5.585835 -3.846450 15.615058 26.752470 -15.504395 -5.157680 -19.204956 16.942077 2.817084 -0.000000 0.000000 0.000000 -15.249687 8.727300 -18.070409 61.200166 8.293986 -4.403029 -8.413858 -11.777028 0.517851 -0.000000 0.000000 0.000000 22.262210 -5.390749 -3.506088 -3.578712 -4.247477 -2.037093 1.301516 -0.773876 -0.407036 -10.531174 -15.081672 -3.826594 -3.920603 -11.257623 8.808811 -0.000000 0.000000 0.000000 -3.958095 -0.547566 -12.818344 -0.200531 -17.801710 -49.551195 24.314207 -74.808906 22.928692 -36.679582 -8.978143 25.964317 -7.526094 6.732492 9.282939 11.980250 16.748973 50.091038 67.057359 75.562134 -68.892630 -17.866477 1.948458 -16.774758 
56.225723 52.681136 -144.722736 -6.283435 5.976650 5.049550 -5.484792 -3.187766 17.249594 24.643362 -15.220426 -5.023589 -17.327182 16.272993 0.049279 -0.000000 0.000000 0.000000 -12.669899 7.505342 -18.763488 53.231113 9.858964 -5.010983 -11.034954 -10.799383 1.310781 -0.000000 0.000000 0.000000 21.741206 -4.298968 -2.366531 -3.132871 -3.238574 -1.812573 1.944749 -1.179574 0.703142 -11.510889 -13.690129 -3.834632 -5.284631 -11.076175 8.159010 -0.000000 0.000000 0.000000 -3.387124 0.340774 -12.862038 1.402022 -15.242634 -50.499974 28.693848 -76.317903 26.610793 -39.303807 -10.036297 22.352388 -6.871421 6.472030 7.731892 9.402661 17.000351 48.802152 79.694658 76.655078 -81.047065 -17.433739 1.570855 -16.541456 
53.801125 51.901215 -145.465457 -5.660161 5.144722 6.058626 -5.419315 -2.572424 18.517449 21.063049 -15.200234 -4.532841 -14.075393 16.827837 -2.870175 -0.000000 0.000000 0.000000 -11.193125 6.834405 -18.710477 47.907315 12.217331 -5.596182 -17.357574 -11.930277 2.681615 -0.000000 0.000000 0.000000 19.976744 -3.225878 -2.111104 -2.486427 -1.933001 -1.467613 3.000964 -1.281757 1.259019 -12.280906 -11.658611 -3.766169 -5.721401 -11.962267 6.537875 -0.000000 0.000000 0.000000 -2.853838 1.331478 -12.502006 3.371887 -13.499795 -49.616317 35.020325 -77.089573 31.896565 -40.601066 -10.735089 20.652164 -6.568518 6.411767 7.188476 7.408085 18.302332 46.434521 91.443016 78.138588 -92.925406 -18.615891 0.939557 -18.491720 
50.982547 51.636398 -146.384060 -4.651458 5.360005 7.317052 -5.369242 -1.726420 19.063169 15.607512 -15.091039 -2.302442 -7.198869 16.380102 -7.540007 -0.000000 0.000000 0.000000 -11.702870 5.343078 -18.533950 45.436383 10.886187 -5.145672 -22.363135 -9.925890 3.960603 -0.000000 0.000000 0.000000 18.385377 -2.656870 -2.140143 -1.689321 -1.220308 -1.579704 3.388950 -1.222349 1.234135 -11.912596 -9.470181 -4.011509 -6.925633 -13.305501 4.987177 -0.000000 0.000000 0.000000 -2.909345 2.594712 -12.292884 6.060370 -11.718776 -46.853474 44.716358 -77.555564 40.829068 -38.606519 -10.420483 20.421182 -6.279353 6.678690 7.353158 5.871142 19.219350 43.625129 104.907035 78.108613 -105.862473 -18.537653 0.676069 -20.529363 
47.965294 51.837826 -147.240615 -4.278983 7.125032 7.727615 -5.699131 -0.754089 20.838496 9.608505 -14.093142 -0.673569 3.751761 13.627433 -12.588378 -0.000000 0.000000 0.000000 -12.027661 3.758614 -16.694556 43.257889 9.906058 -2.212015 -24.750516 -9.668217 0.999645 -0.000000 0.000000 0.000000 18.032457 -2.774550 -1.519465 -1.004335 -0.788661 -1.873265 3.337692 -1.298351 1.233450 -11.679984 -8.977367 -4.801179 -7.911023 -12.904565 4.581208 -0.000000 0.000000 0.000000 -3.005716 4.015696 -11.951373 8.403328 -8.994840 -43.500865 61.811632 -79.393957 57.737260 -35.935424 -10.334185 19.324587 -5.538395 7.237293 6.236696 4.847690 18.944500 41.203714 122.180150 76.143014 -122.756387 -16.803492 0.844027 -21.507643 
45.180950 52.450728 -147.897041 -3.715379 9.119983 8.810476 -6.179499 -0.893316 20.951843 3.957375 -9.023161 -0.966363 14.361330 13.527355 -14.264040 -0.000000 0.000000 0.000000 -11.786168 2.298901 -15.665520 39.821065 7.601377 0.485975 -25.011701 -8.714276 -1.221989 -0.000000 0.000000 0.000000 17.484187 -2.375722 -1.911623 -0.465968 -0.708838 -2.569815 3.450661 -1.471613 0.952435 -11.426615 -9.109095 -5.199885 -8.481855 -12.767946 5.197229 -0.000000 0.000000 0.000000 -2.513023 4.638670 -10.608138 10.231635 -6.909852 -40.437670 93.553150 -81.158945 91.487672 -36.572482 -10.253346 16.539088 -4.344545 7.030686 4.031113 4.898000 17.792071 39.094988 137.746861 71.296495 -139.249212 -17.219899 2.258446 -22.141257 
42.768645 53.521121 -148.183191 -3.210978 10.886985 9.744341 -6.968516 -0.824562 18.914336 4.612110 -6.775340 -0.913975 6.041958 14.410376 -9.356262 -0.000000 0.000000 0.000000 -10.536204 0.806449 -13.681478 34.995809 6.630864 0.933159 -23.514548 -9.451757 -1.351026 -0.000000 0.000000 0.000000 16.956713 -1.394104 -2.727611 -1.381035 -0.801160 -3.548316 4.833588 -1.526121 0.798587 -11.080006 -9.777920 -5.405203 -8.005656 -12.297337 6.329459 -0.000000 0.000000 0.000000 -2.089040 4.669553 -7.461549 11.747797 -5.910101 -38.834357 125.958036 -79.595294 125.609290 -36.295119 -13.143989 16.759882 -3.427264 6.404784 0.363197 6.543610 15.198123 37.977702 148.211442 64.837662 -151.389453 -19.666136 4.624180 -23.028638 
40.548477 55.313748 -148.205960 -2.702641 12.725793 10.149795 -7.375295 -1.897832 15.443081 7.397694 -4.343438 -1.192910 2.193986 17.704295 -5.706111 -0.000000 0.000000 0.000000 -8.083544 1.009490 -10.101003 28.488314 4.658496 0.030897 -18.105098 -11.702944 -0.728229 -0.000000 0.000000 0.000000 15.546334 -0.236636 -3.692808 -1.729109 -0.895542 -4.146585 6.700218 -1.622879 -0.056506 -10.738126 -6.461622 -4.304291 -7.161093 -14.426859 5.679868 -0.000000 0.000000 0.000000 0.929050 2.078203 -4.709979 12.092265 -4.844482 -37.916420 139.446863 -76.477030 142.330406 -38.113757 -17.926223 14.390776 -2.859127 5.050428 -1.623123 8.821261 12.433365 37.256953 152.054843 59.419379 -157.585665 -26.011665 8.457941 -20.572996 
38.510615 57.777154 -148.113358 -2.506972 15.626557 9.479561 -8.037389 -2.840554 11.920281 11.688737 -3.649729 -1.843774 1.405084 18.154839 -4.972225 -0.000000 0.000000 0.000000 -4.110497 0.408590 -6.387237 18.976840 2.068012 -0.771180 -7.743457 -13.286297 2.212631 -0.000000 0.000000 0.000000 14.532254 0.186525 -4.121815 -2.387275 -1.754665 -4.328210 7.762418 -1.852105 0.208497 -9.848405 -7.961635 -4.897597 -7.469086 -12.852202 6.974888 -0.000000 0.000000 0.000000 2.529193 1.697406 -3.077036 13.636214 -7.090663 -37.106249 145.911376 -75.450248 149.625007 -41.009282 -21.399310 12.108659 -2.852949 3.356408 -3.388614 11.844406 11.198414 36.786603 155.074298 57.239081 -161.445003 -31.670956 12.093452 -16.893495 
36.487579 60.441762 -148.175657 -1.935475 18.428597 8.007178 -8.672055 -3.557338 8.711369 15.769124 -4.361788 -2.710660 3.776657 15.406974 -6.431861 -0.000000 0.000000 0.000000 -1.187975 -1.680441 -3.829022 8.924157 0.009165 -1.166662 7.347732 -11.057430 7.557505 -0.000000 0.000000 0.000000 14.041930 0.329008 -4.590259 -3.227736 -3.243718 -4.247134 7.738044 -2.718202 0.937923 -9.674683 -10.543264 -5.374630 -7.623686 -9.900726 9.363174 -0.000000 0.000000 0.000000 2.450640 2.797924 -2.379044 15.748684 -8.552455 -36.646426 152.113659 -75.145710 154.257985 -42.648117 -23.106116 7.585038 -3.534354 2.269454 -3.921506 14.265424 10.401530 36.145945 157.664849 56.796695 -163.429733 -34.871546 12.943158 -11.809177 
34.353378 62.647456 -148.427176 -1.010462 19.457335 5.940682 -8.409310 -5.156852 5.952504 18.680042 -5.529388 -3.594850 6.785453 13.219080 -7.923775 -0.000000 0.000000 0.000000 -0.614537 -2.884309 -2.436035 3.124609 1.042763 -1.451494 18.938215 -3.811489 13.518848 -0.000000 0.000000 0.000000 13.440390 0.904397 -5.151237 -4.047009 -4.003117 -3.870982 7.690871 -2.980878 1.519243 -9.178200 -12.147620 -5.272136 -8.207157 -8.823955 10.900520 -0.000000 0.000000 0.000000 2.034895 3.639099 -1.916488 16.890936 -10.237671 -35.646485 155.913406 -75.058818 155.937299 -41.890030 -22.911875 3.891978 -4.054145 0.958607 -4.864899 15.742870 10.971609 36.258850 159.408385 57.959472 -164.259467 -35.729388 11.658982 -10.054453 
32.323608 63.926911 -148.765147 -1.202904 19.909631 3.563176 -6.648229 -6.737262 3.902385 20.556752 -7.085666 -4.405496 9.909708 12.645089 -9.188043 -0.000000 0.000000 0.000000 -2.943521 2.008840 -0.289993 10.934500 2.280108 -0.558303 13.776813 -5.286883 11.899955 -0.000000 0.000000 0.000000 13.095475 -0.144894 -4.189551 -3.951181 -3.636605 -3.265956 8.011825 -2.669865 1.538750 -9.271083 -11.831819 -4.741579 -10.125115 -8.052007 10.767601 -0.000000 0.000000 0.000000 1.999663 2.843006 -1.592339 17.690316 -10.608917 -35.302146 154.164162 -74.210255 153.337037 -38.178875 -23.013920 3.158920 -4.011223 1.323942 -6.780991 16.891056 11.283522 37.499345 158.682244 58.709607 -163.315240 -34.967656 10.665929 -12.474844 
30.464357 64.263707 -149.306476 -1.792598 20.349991 0.811015 -5.132716 -5.692728 2.199089 22.270108 -8.926566 -3.334379 13.842264 11.237875 -10.306763 -0.000000 0.000000 0.000000 -7.533082 3.293935 0.909696 24.143224 -0.807258 1.623234 9.456317 -8.327569 8.760111 -0.000000 0.000000 0.000000 13.527087 -1.550584 -1.368014 -3.693248 -3.132047 -2.665266 7.466916 -2.143674 1.254645 -9.611986 -10.924238 -5.130612 -11.945570 -6.907434 10.214743 -0.000000 0.000000 0.000000 1.698736 1.073726 -1.805235 17.714899 -8.805023 -35.891940 153.278948 -73.026843 150.722635 -33.155294 -23.208331 4.209885 -3.556358 2.628417 -7.923441 17.018127 9.911634 37.482619 159.966259 59.205038 -163.888010 -32.593512 9.993746 -15.181845 
28.621286 63.600963 -149.988437 -2.670934 21.182791 -1.524238 -2.821112 -5.370655 0.282665 21.564512 -10.383454 -1.937098 15.896855 11.389514 -9.678149 -0.000000 0.000000 0.000000 -13.307300 2.517854 -0.219252 40.736874 -3.258414 5.039540 3.282268 -10.797946 5.194343 -0.000000 0.000000 0.000000 14.549361 -2.528459 1.659782 -3.869192 -2.622118 -2.029166 7.067147 -1.772037 1.009911 -10.235642 -9.832831 -5.758340 -12.519318 -5.709048 8.757179 -0.000000 0.000000 0.000000 1.154725 -0.523689 -1.928578 17.119000 -7.878518 -36.864165 152.176505 -72.222900 148.360822 -30.834086 -22.095984 5.266948 -2.923293 3.685208 -8.567462 17.065999 7.604755 37.492733 160.207431 59.070632 -164.397118 -31.437845 10.258779 -15.467383 
26.618800 62.130034 -150.853086 -3.123517 22.360278 -3.967971 -0.259469 -4.660378 -0.143747 17.931840 -8.335414 -1.189181 19.032967 13.199599 -9.667969 -0.000000 0.000000 0.000000 -19.879354 2.584930 -2.795135 57.946563 -3.980751 8.735663 -1.499622 -10.987654 2.382306 -0.000000 0.000000 0.000000 15.233582 -3.363327 4.283035 -4.206890 -1.868699 -1.124015 7.137037 -1.316095 0.989985 -10.769630 -8.087451 -5.801356 -12.248539 -6.037720 7.265336 -0.000000 0.000000 0.000000 0.555431 -1.561790 -0.479652 15.672635 -9.938588 -39.778119 144.898311 -73.009125 141.247112 -30.643636 -21.459686 5.528782 -2.399583 3.582104 -9.015180 16.617181 5.878865 37.957013 158.296478 59.472407 -163.395523 -32.304297 11.452189 -14.846830 
24.442576 59.993666 -151.926839 -2.704096 24.118969 -6.238657 1.193612 -3.137873 0.257750 14.822034 -6.162295 -1.327230 10.955056 20.260773 -3.122958 -0.000000 0.000000 0.000000 -26.690936 3.437203 -6.908380 73.338188 -1.362298 10.910088 -3.791605 -9.837487 1.923731 -0.000000 0.000000 0.000000 15.301800 -4.318273 5.869217 -5.109111 -1.421608 -0.276560 7.759640 -0.910879 1.170058 -10.874879 -7.249568 -5.104305 -11.836924 -6.964770 6.848679 -0.000000 0.000000 0.000000 0.237680 -2.477853 0.959656 13.307698 -11.096004 -42.287816 141.748886 -73.202147 137.910590 -30.625259 -19.735336 7.132866 -1.843134 3.011191 -8.848482 15.796702 4.493975 39.015224 155.932406 60.411492 -161.967265 -32.206067 11.834427 -15.109805 
22.015075 57.493931 -153.014052 -2.557046 26.904696 -8.268047 1.895754 -0.189377 2.640368 14.473552 -7.416853 1.002122 -6.343113 19.469071 4.899764 -0.000000 0.000000 0.000000 -31.387530 4.114384 -11.288954 85.340582 2.092984 10.532163 -5.184019 -7.863502 2.669610 -0.000000 0.000000 0.000000 15.902511 -5.199726 6.389561 -4.945108 -1.812464 0.754691 6.992946 -0.686150 1.417088 -9.685854 -6.999413 -3.578991 -12.683035 -8.923767 6.620438 -0.000000 0.000000 0.000000 0.421273 -3.694157 1.184284 10.859229 -11.045248 -43.399820 139.640002 -72.242177 136.287287 -29.556261 -18.452602 9.022727 -1.319279 2.924095 -7.014931 15.072899 2.415020 40.121365 151.835384 61.706391 -159.020347 -30.108337 11.419841 -15.295132 
19.499326 55.304825 -153.922772 -4.257472 30.220118 -7.213720 1.866395 -0.603962 7.178184 15.576464 -12.386636 -1.934227 -16.987178 16.281784 7.397085 -0.000000 0.000000 0.000000 -31.450472 5.627114 -17.828837 92.383575 5.562936 9.124067 -6.825264 -7.577863 3.438607 -0.000000 0.000000 0.000000 18.276165 -5.533043 4.105379 -3.590524 -3.087712 1.996619 5.499136 -1.140312 0.947576 -10.514377 -7.681330 -0.721991 -11.401160 -11.452502 5.397517 -0.000000 0.000000 0.000000 -0.473499 -3.198484 -2.595705 9.249727 -12.935963 -39.237669 136.574185 -71.536802 134.389333 -28.481419 -18.606030 10.718144 -2.875978 2.155445 -0.265950 15.691137 2.303538 38.931115 143.808324 63.896588 -153.392605 -25.769224 11.386410 -14.849325 
17.111693 54.019678 -154.754496 -5.496507 34.470901 -3.677724 -0.793813 -2.746068 8.327960 17.686822 -14.257399 -6.161695 -20.529718 15.408664 9.444208 -0.000000 0.000000 0.000000 -28.561421 7.095028 -26.275444 92.809033 8.047171 7.462159 -7.020337 -8.346904 4.870081 -0.000000 0.000000 0.000000 20.341161 -5.259804 0.498730 -1.592557 -5.095932 3.000167 3.638970 -2.076359 -0.322755 -12.720417 -8.785348 2.543942 -10.177946 -14.687193 4.621799 -0.000000 0.000000 0.000000 -1.278400 -2.150489 -9.974953 7.428970 -16.711632 -30.475864 130.266322 -73.089309 127.363462 -26.779766 -21.366987 11.480577 -4.930040 -0.580647 10.104405 16.456169 3.714399 35.846245 130.111112 68.479597 -141.695120 -21.283191 16.616163 -15.858152 
14.854713 53.743345 -155.328095 -6.886467 37.094610 -2.061462 -5.382455 -3.534874 9.051357 25.216345 -14.350966 -4.283379 -20.999455 13.382431 7.720695 -0.000000 0.000000 0.000000 -23.672055 6.547605 -28.296262 87.875353 7.906247 4.406678 -6.211865 -7.547780 6.098911 -0.000000 0.000000 0.000000 22.923440 -4.444694 0.348919 -2.145612 -6.028444 2.630041 2.620037 -1.825721 -0.819516 -11.105020 -13.417370 3.513485 -10.522252 -16.966153 7.448003 -0.000000 0.000000 0.000000 -2.437173 -2.495048 -12.555796 3.970463 -18.813573 -31.322919 101.572433 -73.863299 93.324502 -23.413336 -24.583340 12.452647 -4.893698 -0.276296 13.651660 15.231573 2.843580 39.993627 98.798041 74.943632 -109.812770 -19.687467 21.982781 -19.341660 
12.770115 53.923506 -155.515826 -7.942995 37.196980 -0.961449 -9.194107 -4.399045 10.926666 30.742416 -15.211424 -4.704450 -18.621460 13.535103 5.881931 -0.000000 0.000000 0.000000 -17.860296 6.683580 -26.324989 80.396906 8.541746 0.054942 -5.771899 -6.750470 5.859151 -0.000000 0.000000 0.000000 24.261913 -3.791220 0.887646 -3.911311 -5.699195 1.441272 3.753676 -1.122167 -0.370661 -10.205113 -17.351018 2.243535 -7.344448 -17.597629 9.596917 -0.000000 0.000000 0.000000 -4.199188 -3.054953 -10.045520 1.599555 -20.188248 -40.914754 67.214518 -72.529592 55.720692 -19.210429 -17.148145 18.075610 -4.354741 2.768998 10.683413 13.788266 4.055560 48.260979 39.923580 78.329796 -52.320585 -24.088503 18.193509 -25.146654 
10.745532 54.359627 -155.391788 -7.912325 37.100310 0.249771 -10.785696 -3.513968 12.172371 30.818895 -14.397465 -4.261052 -17.088294 11.723603 3.613165 -0.000000 0.000000 0.000000 -12.375924 6.295538 -24.071899 71.911465 9.942581 -4.884957 -4.507051 -6.288802 6.066703 -0.000000 0.000000 0.000000 23.610515 -3.287983 0.342094 -3.874034 -5.517610 1.164684 3.636269 -1.179122 0.380893 -8.461309 -19.872840 1.295900 -6.647592 -17.504184 10.740151 -0.000000 0.000000 0.000000 -4.631098 -3.349026 -9.227757 1.111463 -21.268229 -48.094108 45.391938 -70.168487 34.811751 -20.910084 -12.052409 25.773084 -4.007741 4.905075 9.345415 13.480179 5.824908 50.213992 1.224433 76.577215 -14.201133 -30.586065 13.606883 -31.981860 
8.545655 54.722780 -155.162215 -6.803821 37.943836 1.743421 -11.442169 -4.296358 11.727923 27.223430 -13.490454 -3.746948 -16.234503 11.503011 2.797624 -0.000000 0.000000 0.000000 -7.562983 5.785479 -23.242822 62.868470 12.233261 -7.517253 -3.190045 -6.574571 6.791959 -0.000000 0.000000 0.000000 22.145120 -3.133308 -0.711853 -4.074060 -6.056648 1.168137 3.468880 -2.065943 0.696685 -7.763064 -21.626287 1.256057 -5.170370 -17.765420 11.101065 -0.000000 0.000000 0.000000 -3.841889 -1.810948 -9.831063 1.921794 -21.899304 -51.055996 39.769832 -69.777154 31.165623 -25.983009 -12.539710 27.271919 -4.672615 4.177058 10.255276 13.972340 7.950490 48.143271 9.770529 75.949989 -20.757523 -28.211227 9.224085 -32.158042 
5.976374 54.803753 -154.906273 -5.738587 38.807126 3.075487 -13.832118 -6.420555 12.165339 25.909783 -13.655104 -4.459140 -13.234210 12.223823 0.920446 -0.000000 0.000000 0.000000 -2.815155 5.447968 -22.192804 53.090921 16.005876 -8.122767 -3.795778 -7.633931 6.816905 -0.000000 0.000000 0.000000 21.207109 -2.939438 -1.146951 -4.655569 -6.743587 0.741050 3.611644 -2.916093 0.800307 -8.339622 -23.397594 1.190547 -3.457791 -17.538881 11.347297 -0.000000 0.000000 0.000000 -2.586445 0.247737 -10.228190 3.310581 -20.321184 -51.640147 43.180520 -71.999996 34.869787 -30.147335 -14.198986 23.645439 -5.577070 2.920378 10.172987 13.412616 9.045246 47.188112 32.230534 75.217243 -40.057563 -20.838824 8.592105 -24.681393 
2.974621 54.342413 -154.652679 -5.347678 38.699711 4.284295 -15.734091 -7.126672 13.934111 24.737959 -13.460388 -5.151338 -9.827061 11.978435 -1.996581 -0.000000 0.000000 0.000000 1.756904 5.034332 -20.893561 41.990511 19.715909 -7.552138 -5.821193 -7.540154 7.213708 -0.000000 0.000000 0.000000 20.289346 -2.281500 -1.385338 -4.304689 -6.844965 0.198720 3.986555 -3.234359 0.967152 -8.572865 -24.349905 1.059814 -3.054338 -18.103066 11.557346 -0.000000 0.000000 0.000000 -1.531975 1.328975 -9.946136 4.886787 -18.303817 -51.797558 52.082989 -73.945264 43.559202 -31.986092 -15.339913 20.267225 -5.743498 2.692519 8.835933 11.760478 9.716730 47.348823 50.730100 75.128654 -55.841814 -17.416888 9.659878 -18.923928 
-0.385447 53.528607 -154.498148 -4.593308 37.268959 5.535671 -15.542740 -7.102568 15.184321 20.627737 -11.578586 -4.524040 -6.872929 11.946614 -5.148859 -0.000000 0.000000 0.000000 4.819876 4.954579 -20.027386 31.174667 20.793470 -6.808420 -10.519071 -9.149732 9.299267 -0.000000 0.000000 0.000000 18.770780 -1.165159 -2.170923 -3.292514 -6.048445 -0.404360 4.552974 -3.243554 0.817678 -8.688606 -23.687041 1.297473 -3.475126 -20.191149 10.659492 -0.000000 0.000000 0.000000 -0.720075 1.831450 -9.697069 6.250202 -17.264339 -50.668305 60.112544 -74.567221 51.726766 -31.223651 -16.359926 18.224593 -5.855708 3.081523 8.179975 10.289034 11.736795 47.045307 61.254183 76.300462 -65.149073 -18.219307 9.759153 -17.596890 
-4.035599 52.876335 -154.488397 -3.715785 35.302539 7.048110 -13.850076 -6.753558 15.220101 14.255748 -10.473004 -1.962983 -3.050407 13.770587 -8.153492 -0.000000 0.000000 0.000000 4.805209 4.194901 -19.017875 27.177736 17.413972 -8.158685 -17.281283 -12.505943 9.164803 -0.000000 0.000000 0.000000 18.163566 -0.569704 -2.926608 -3.022662 -4.866389 -1.281476 4.937386 -2.928605 0.127743 -8.886376 -22.121362 0.943326 -3.700598 -22.094350 9.243637 -0.000000 0.000000 0.000000 -0.314612 2.598198 -10.369541 7.853058 -15.918907 -47.043055 65.867026 -74.022490 57.102584 -28.683748 -17.797167 17.909697 -6.365495 4.187204 8.598446 8.933162 14.894469 46.838444 64.637413 77.022557 -67.756665 -18.136171 10.132186 -19.502743 
-7.690976 52.511281 -154.488099 -3.389799 33.782156 7.512175 -11.442773 -5.394263 16.237652 7.760835 -11.699291 1.230491 -3.303152 15.950656 -7.371330 -0.000000 0.000000 0.000000 2.250236 3.331977 -17.692870 26.588586 14.506606 -5.973548 -23.168309 -12.610775 7.093000 -0.000000 0.000000 0.000000 18.368706 -0.865134 -2.340551 -2.406457 -3.835978 -1.815077 4.509833 -2.145354 -0.333653 -8.927576 -20.637901 -0.426381 -4.980098 -22.314283 8.170280 -0.000000 0.000000 0.000000 -0.798078 3.240961 -11.018678 9.465147 -12.777163 -43.958000 71.076493 -72.403354 61.001511 -20.989386 -19.439684 22.589293 -6.290550 6.667060 8.182368 6.605200 16.509727 47.230907 71.289475 77.034783 -73.135000 -15.980116 10.053004 -21.445516 
-11.020465 52.240366 -154.427457 -3.338209 32.563189 7.899894 -9.445499 -3.284569 18.107246 2.464872 -11.827081 2.317512 -6.321553 17.588186 -4.365968 -0.000000 0.000000 0.000000 -2.115508 3.289752 -16.160468 29.740351 14.388322 -3.800543 -27.168553 -10.675836 3.627921 -0.000000 0.000000 0.000000 18.427193 -1.572751 -2.235021 -1.828604 -3.026727 -2.172354 4.609421 -1.664902 -0.401311 -9.048024 -19.119287 -0.812389 -6.008475 -21.830206 7.643012 -0.000000 0.000000 0.000000 -1.134035 3.500097 -11.325541 11.045477 -9.068636 -40.819308 77.963603 -72.633383 67.507150 -12.232712 -20.532304 30.687743 -6.165904 8.995918 7.160856 4.288395 17.664124 46.302374 86.650202 76.639069 -87.002871 -13.731194 10.345814 -22.560927 
-14.023519 52.285522 -154.308438 -4.094737 32.163554 9.209023 -9.204082 -2.128789 19.473556 3.166557 -9.655307 0.903402 -6.330653 18.859448 -3.518425 -0.000000 0.000000 0.000000 -6.329397 4.248556 -14.510470 35.460668 14.275538 -2.301355 -28.140544 -9.110389 0.882839 -0.000000 0.000000 0.000000 19.215172 -2.390798 -3.256603 -1.445028 -2.791686 -2.280514 4.931686 -1.817527 -0.448143 -9.393941 -17.643043 -0.014747 -6.280262 -21.552459 7.267998 -0.000000 0.000000 0.000000 -0.944194 3.503029 -11.114696 11.681048 -6.399794 -36.396654 85.992197 -73.907230 76.793944 -10.550221 -22.968069 32.849371 -6.548732 9.766141 6.041454 3.277844 19.334635 42.777339 106.837455 74.437299 -106.116021 -13.282033 13.207240 -23.132225 
-16.510910 52.872229 -153.900993 -5.243185 33.646608 10.808664 -10.129642 -1.826782 18.979308 9.345311 -8.722713 -0.720173 -7.136172 19.262859 -3.443650 -0.000000 0.000000 0.000000 -6.686375 3.615230 -12.233400 35.857294 12.714942 -1.991378 -27.106195 -8.721777 -1.370044 -0.000000 0.000000 0.000000 19.443490 -2.002878 -4.384789 -1.371683 -3.247894 -2.296222 5.812692 -2.273676 -0.165574 -9.351577 -17.193850 0.242307 -5.828465 -21.590924 7.262918 -0.000000 0.000000 0.000000 -0.996966 2.328855 -9.680124 10.943542 -4.987831 -32.578767 95.608619 -73.293821 87.510991 -7.653220 -23.738359 32.443401 -6.768061 9.164683 4.463940 4.411602 16.844317 37.488036 126.053146 69.367953 -125.387537 -13.785524 16.170734 -21.533237 
-18.444264 54.300660 -153.244674 -6.175161 36.764635 11.919253 -11.459960 -1.462335 16.964648 17.213546 -9.468016 -1.824293 -9.067102 16.287825 -3.412652 -0.000000 0.000000 0.000000 -3.303369 1.909179 -9.448441 29.335547 9.825526 -2.287437 -22.788441 -9.477200 -1.993090 -0.000000 0.000000 0.000000 18.725763 -0.857100 -4.610975 -1.018326 -4.262605 -2.059236 5.814325 -2.969869 -0.194046 -8.128636 -16.849698 -0.109050 -6.181599 -21.483817 5.949862 -0.000000 0.000000 0.000000 -0.745637 1.338335 -8.624109 10.124705 -5.811107 -29.314321 105.372740 -73.081266 98.666961 -3.840519 -23.846025 32.009929 -6.905334 6.339720 3.430133 7.626714 12.729698 31.409654 137.181699 63.884425 -137.327418 -12.776744 17.530769 -19.526848 
-20.226735 56.436568 -152.613842 -5.484733 39.251457 11.610872 -11.654692 -2.428244 13.848214 23.093613 -10.667523 -2.852028 -9.862578 14.186031 -2.848865 -0.000000 0.000000 0.000000 -0.697734 1.352713 -6.563077 20.999413 7.855398 -3.323415 -13.839304 -10.896547 -1.038824 -0.000000 0.000000 0.000000 17.195336 -0.049825 -4.745731 -0.886496 -5.010145 -1.995619 5.496456 -3.618753 -0.279795 -7.082712 -16.574045 -0.767277 -6.458861 -19.919883 5.634837 -0.000000 0.000000 0.000000 -0.038369 1.177832 -7.746229 9.562497 -6.878459 -28.022124 116.761182 -73.171977 111.558236 -6.104828 -25.261610 29.664681 -6.050385 3.389796 2.453885 10.767178 9.339984 27.569700 142.471010 60.291784 -144.258887 -14.719016 17.760078 -16.851915 
-22.101745 58.921683 -151.982141 -3.841277 40.231890 10.101206 -10.613213 -3.777007 10.367702 26.719359 -11.599497 -3.998395 -10.132150 13.408717 -1.343416 -0.000000 0.000000 0.000000 1.035152 1.625597 -5.134978 11.979394 6.777092 -2.933572 -1.065149 -11.065112 2.569019 -0.000000 0.000000 0.000000 15.555010 0.325544 -5.232179 -1.074489 -5.390396 -2.051696 5.449119 -4.071807 -0.071803 -6.354429 -16.554973 -1.431507 -7.264631 -17.012732 6.442270 -0.000000 0.000000 0.000000 0.763477 1.411590 -6.953005 10.036063 -7.672626 -28.693886 128.805328 -73.281772 125.143075 -11.272678 -26.457771 27.097350 -5.122341 1.222001 1.487776 13.927231 7.144468 27.245795 146.259503 58.803784 -149.257075 -17.899087 16.535623 -16.069512 
-24.185526 61.279476 -151.320314 -2.460989 39.953210 7.663225 -8.234180 -4.190947 8.416951 28.062686 -10.319303 -5.474671 -8.657411 13.210543 -0.750768 -0.000000 0.000000 0.000000 1.565766 0.696960 -4.215668 4.442638 5.539070 -2.000511 13.704712 -5.871295 7.651828 -0.000000 0.000000 0.000000 14.350809 0.794927 -5.577777 -0.426161 -5.571646 -1.654663 4.845465 -4.205040 0.421363 -5.493545 -15.274006 -2.086671 -9.496498 -14.539423 7.747336 -0.000000 0.000000 0.000000 1.830711 1.213459 -6.072597 10.751355 -8.069291 -30.687440 139.409130 -72.743210 136.922980 -17.303073 -27.918441 23.764273 -3.935913 -0.622868 0.854526 15.993331 6.072517 28.935623 149.057746 58.386857 -152.153036 -20.313746 15.898355 -17.609489 
-26.476014 62.980258 -150.819063 -1.138987 39.532040 4.796864 -6.140216 -3.506787 7.515553 28.063894 -7.605731 -6.287948 -4.163575 13.485016 -2.032612 -0.000000 0.000000 0.000000 -1.241584 1.705215 -2.452923 7.715027 7.890203 -2.218366 12.598669 -4.031972 8.037077 -0.000000 0.000000 0.000000 12.614814 0.463689 -5.840996 1.163851 -5.211779 -0.435821 4.685219 -4.156773 0.714847 -5.606542 -10.999029 -1.935560 -12.407011 -14.027968 6.759210 -0.000000 0.000000 0.000000 3.418390 0.458489 -6.087943 10.159758 -8.227809 -31.733837 147.092655 -70.874310 146.401725 -25.404474 -27.297531 17.090460 -3.097784 -2.437705 1.427501 17.098103 6.796973 30.487441 148.959202 57.864363 -153.233019 -22.544663 14.792985 -17.782572 
-28.695855 63.930589 -150.497639 -1.003920 39.759662 2.226147 -3.429675 -2.645664 6.632586 26.375806 -7.168981 -4.339766 2.642578 13.067955 -4.527857 -0.000000 0.000000 0.000000 -6.155343 3.931392 -0.073395 20.046614 6.049735 -2.045767 7.784034 -6.581847 5.675995 -0.000000 0.000000 0.000000 13.040473 -1.465522 -4.894717 1.100852 -4.771833 0.792625 4.649698 -4.315096 1.447704 -7.267213 -9.848818 -2.990421 -14.117727 -10.984651 5.987660 -0.000000 0.000000 0.000000 2.394684 1.985760 -6.375599 10.691628 -8.943073 -32.566992 153.752410 -68.583783 152.550763 -27.421276 -25.463389 14.836293 -3.809473 -3.183635 2.385087 18.429179 7.410265 31.187019 149.468986 57.222580 -154.555802 -21.832974 14.306726 -17.370615 
-30.981320 63.997215 -150.301921 -1.465240 40.321843 -0.009500 0.195932 -2.334321 5.926786 21.658337 -9.371623 -1.508221 9.062445 10.969986 -7.057740 -0.000000 0.000000 0.000000 -12.362931 4.390449 1.861873 36.902350 2.092480 -0.769203 1.166482 -9.205895 2.779649 -0.000000 0.000000 0.000000 13.945945 -3.361484 -3.162889 1.112775 -4.462024 1.756933 4.269757 -4.421634 1.753149 -8.450305 -7.248500 -4.156758 -15.121918 -8.467710 4.988907 -0.000000 0.000000 0.000000 1.674478 2.241852 -6.229137 10.966816 -8.855814 -33.224851 155.922428 -66.208011 154.888226 -26.967445 -24.354922 13.326673 -4.262124 -3.077002 3.309926 18.813963 7.282067 33.490439 147.428572 56.229106 -153.640320 -20.359559 14.769195 -15.905985 
-33.345407 63.090652 -150.256038 -0.926745 41.820461 -2.782618 2.521941 -3.451458 5.976500 15.716584 -10.654440 -0.136610 14.037242 9.144847 -9.236640 -0.000000 0.000000 0.000000 -20.445191 6.053658 3.076219 55.454997 -1.794393 3.292574 -3.781958 -10.709839 0.846859 -0.000000 0.000000 0.000000 15.068557 -5.599030 -0.975328 -0.879022 -4.228521 2.383663 4.395350 -4.579663 2.333103 -8.833411 -5.181772 -5.814774 -15.367714 -5.481249 5.396446 -0.000000 0.000000 0.000000 0.569130 1.078228 -5.243706 12.788994 -8.948640 -35.681606 156.852863 -65.121981 157.758594 -23.754619 -23.194753 10.672964 -5.258634 -1.849925 3.077146 20.188452 6.171222 37.315879 148.657026 56.009544 -155.150363 -16.662094 14.019448 -16.634596 
-35.704237 61.228573 -150.340593 0.692851 43.260937 -5.862355 2.970870 -4.693256 5.633738 12.272745 -10.215531 -0.464491 9.069206 15.921587 -2.509158 -0.000000 0.000000 0.000000 -28.565061 6.729426 2.539724 72.698554 -0.953090 7.219886 -6.484082 -10.753583 0.139367 -0.000000 0.000000 0.000000 14.880521 -7.133433 0.794071 -2.099124 -4.016642 3.332026 4.932285 -4.768270 2.463944 -9.692026 -3.176887 -5.817731 -15.005720 -3.221214 4.609355 -0.000000 0.000000 0.000000 -0.230821 0.719884 -4.613933 11.597105 -10.109669 -36.191269 156.945720 -63.878485 157.983475 -24.321392 -21.639779 10.644144 -5.104629 -2.292320 3.110106 19.667388 6.981630 40.327328 146.022557 56.382254 -153.891371 -16.774822 13.785117 -16.119582 
-38.106862 58.761716 -150.395715 0.752926 44.742901 -7.882083 3.594110 -3.100275 5.930876 11.838699 -9.049816 2.643595 -6.195538 18.594810 5.820822 -0.000000 0.000000 0.000000 -33.521875 6.949537 1.257212 86.747697 1.203778 8.402692 -7.444758 -8.763126 1.849675 -0.000000 0.000000 0.000000 16.024896 -8.080205 2.269863 -2.847974 -3.803078 4.003150 4.633641 -4.557078 2.798605 -9.641147 -1.666583 -4.848935 -14.537762 -2.007441 3.901024 -0.000000 0.000000 0.000000 -1.185595 -0.212421 -4.720038 9.829241 -11.833336 -36.028792 154.588872 -63.331818 155.909228 -25.553319 -21.039339 11.153579 -4.763199 -2.476744 3.872222 19.297677 6.652982 42.218234 143.840383 57.100898 -152.848150 -17.170041 13.632832 -16.461836 
-40.531817 56.342703 -150.420570 -1.860862 46.389335 -6.328619 4.120541 -2.736539 8.740077 11.751448 -12.837878 1.294953 -17.071728 16.778364 8.688680 -0.000000 0.000000 0.000000 -33.679357 8.317012 -2.551998 96.000876 3.955668 7.606493 -7.195868 -6.853991 4.228891 -0.000000 0.000000 0.000000 17.757124 -7.968057 1.187542 -1.397121 -3.944334 4.897595 3.214701 -4.183807 2.417262 -9.812335 -0.058229 -2.443624 -12.802392 -2.960723 3.021948 -0.000000 0.000000 0.000000 -2.974035 -1.608183 -6.508130 8.211966 -15.246608 -33.278278 148.386136 -64.681261 149.525006 -23.895208 -23.343700 13.614274 -4.642845 -2.107404 8.179642 19.999178 5.134910 41.427719 139.757401 58.485824 -150.424945 -17.205052 15.109158 -16.969061 
-42.793116 54.488510 -150.490463 -5.137729 47.658269 -2.156662 3.850100 -3.200639 9.202951 11.938350 -13.847058 -1.977296 -23.083568 15.740019 11.764812 -0.000000 0.000000 0.000000 -30.578202 10.537017 -9.182481 99.496311 6.444505 5.162593 -5.596510 -5.512794 6.164137 -0.000000 0.000000 0.000000 17.414080 -6.531857 -1.277899 1.413465 -3.900375 5.215030 2.523609 -3.555099 0.419656 -10.777326 3.087253 0.677397 -9.908109 -8.071484 1.333142 -0.000000 0.000000 0.000000 -3.336677 -3.663268 -8.208824 5.417432 -21.494967 -29.901523 129.038821 -68.397900 128.975675 -19.928383 -28.552013 14.985331 -4.553224 -2.988390 12.417358 20.233755 6.351793 41.804001 127.084731 63.084539 -138.753021 -19.554941 18.918866 -16.540838 
-44.792700 53.971463 -150.213861 -11.562074 47.765304 4.886473 2.553338 -4.538122 7.249107 19.587389 -13.970985 -1.063078 -23.339665 15.700642 10.034516 -0.000000 0.000000 0.000000 -21.353807 9.648469 -14.688917 94.682922 6.873850 0.134844 -2.718971 -5.801852 6.778952 -0.000000 0.000000 0.000000 19.376962 -3.954501 -3.507410 2.432354 -4.242275 3.845415 2.263744 -3.368262 -0.144064 -9.407037 1.920922 0.886721 -9.053262 -9.496399 2.536537 -0.000000 0.000000 0.000000 -4.369520 -6.239127 -9.848901 2.381431 -22.367341 -32.029613 106.857962 -71.671760 100.552888 -12.286074 -23.566229 14.467264 -4.901539 -1.567538 14.494381 19.237658 6.844593 44.597344 107.167576 71.137922 -116.650958 -17.850556 15.974488 -15.401564 
-46.672535 53.978842 -149.628556 -16.022304 46.680895 8.215392 3.286063 -4.045161 8.994125 21.574620 -15.586614 -1.425404 -21.095796 17.078925 7.195198 -0.000000 0.000000 0.000000 -11.677241 7.539886 -15.755556 84.155625 7.431046 -3.646509 -1.731139 -6.837323 5.726630 -0.000000 0.000000 0.000000 20.746003 -2.429306 -2.278429 2.172421 -3.433845 1.799445 2.512136 -2.336485 -0.105467 -7.232772 -0.715180 -1.430616 -7.925276 -7.584133 3.644447 -0.000000 0.000000 0.000000 -5.842564 -7.636060 -10.420431 0.942130 -22.030728 -38.843147 77.641316 -70.558401 65.885873 -6.648729 -13.869075 15.453436 -4.462601 2.112152 12.722645 17.698716 7.823285 48.829320 69.162236 76.707329 -76.405392 -17.788988 8.960078 -18.022619 
-48.526323 54.110962 -148.752213 -15.674792 44.937728 8.347331 4.299590 -1.819451 10.645959 18.508525 -13.527896 -0.285395 -18.434754 15.351894 3.152662 -0.000000 0.000000 0.000000 -4.740091 6.133260 -15.477794 70.892458 8.760192 -7.151453 -2.154580 -6.224292 5.081559 -0.000000 0.000000 0.000000 19.558922 -1.377063 -1.146459 1.743180 -2.453158 0.018030 2.551562 -1.285938 -0.521227 -5.304355 -0.892855 -3.093287 -6.321311 -5.570790 2.988244 -0.000000 0.000000 0.000000 -6.211590 -6.546396 -11.579112 1.369624 -21.210848 -43.342920 62.753053 -66.545234 47.505574 -1.757027 -13.642307 20.255825 -3.581620 4.411648 11.770638 16.616539 10.331704 50.011406 40.553111 75.394526 -44.629505 -17.573128 3.975773 -23.825540 
-50.757480 54.195088 -147.740495 -11.789832 44.528692 7.349698 1.487124 -3.237930 11.483172 16.624978 -13.130293 -0.520815 -14.423459 16.586391 0.089160 -0.000000 0.000000 0.000000 -0.078931 5.477696 -15.923876 55.697529 12.711797 -8.779679 -1.253405 -4.852352 5.705000 -0.000000 0.000000 0.000000 17.124069 -0.434238 -1.827073 0.346369 -2.326864 -1.147754 3.289665 -1.135530 -0.768240 -5.118895 0.486814 -3.761129 -4.338747 -3.901987 1.973217 -0.000000 0.000000 0.000000 -5.023476 -3.930150 -12.659400 3.110628 -19.708119 -44.337432 60.930936 -65.168361 45.300404 -2.675131 -16.353216 21.283494 -3.419176 4.278948 12.383256 15.411486 13.699602 49.018598 38.968230 72.655132 -39.301668 -15.070346 2.996007 -23.883164 
-53.220648 54.059166 -146.525741 -7.799634 45.686980 6.240234 -2.189968 -5.190702 13.263627 14.935167 -13.257966 -1.284451 -10.085116 17.099343 -3.163740 -0.000000 0.000000 0.000000 4.748041 4.509337 -16.129388 38.385707 17.585528 -8.437801 -0.072657 -4.206142 5.951854 -0.000000 0.000000 0.000000 14.854670 0.284400 -2.654208 -0.440681 -2.825106 -1.803627 3.778393 -1.312060 -0.497977 -6.070292 1.549104 -4.801703 -3.628376 -1.652081 1.548124 -0.000000 0.000000 0.000000 -3.176483 -0.876435 -12.934640 5.118328 -16.850185 -44.694557 63.119932 -67.585516 48.412485 -7.925031 -18.477527 21.098328 -3.374503 3.563497 12.318734 13.829361 16.376299 48.841827 45.657110 71.700333 -43.164059 -11.917518 5.344838 -20.163013 
-56.122452 53.428531 -145.267427 -4.374426 47.373738 5.207963 -6.830778 -6.526110 15.636258 14.713846 -13.062401 -1.709807 -7.059693 16.036427 -6.853726 -0.000000 0.000000 0.000000 8.157475 4.639504 -16.128596 26.386838 21.631498 -8.800032 -8.415342 -6.797743 7.606022 -0.000000 0.000000 0.000000 13.489865 1.192855 -3.406464 -1.340977 -2.878276 -2.201029 4.815764 -1.098460 -0.070037 -7.956614 3.289648 -5.621882 -4.210909 -0.702090 0.897310 -0.000000 0.000000 0.000000 -1.757781 1.768125 -11.797716 6.360450 -14.542809 -44.883638 65.485616 -71.458328 51.260870 -14.935566 -21.481536 22.789394 -3.471221 2.741515 11.454466 11.929994 18.278466 49.802603 54.986050 72.489087 -51.229267 -10.682245 7.032181 -16.810650 
-59.161878 52.587199 -144.128275 -4.009480 50.715477 6.578142 -11.154581 -8.461740 16.741641 16.166951 -14.307539 -1.109766 -4.596195 14.891074 -9.307669 -0.000000 0.000000 0.000000 11.099713 3.690955 -17.136058 20.196634 20.723592 -7.300216 -17.990039 -7.975426 6.230528 -0.000000 0.000000 0.000000 14.955726 2.181363 -3.331148 -1.912044 -3.283421 -2.531711 5.143056 -0.723985 0.065312 -9.719079 5.103787 -6.466640 -6.085903 -0.978019 0.254286 -0.000000 0.000000 0.000000 -1.381250 2.345486 -10.892601 8.132384 -12.666413 -44.019582 68.177817 -74.339610 55.585149 -20.719530 -23.341294 24.541686 -3.822081 3.078251 10.729669 10.718052 18.637807 51.105237 64.071703 74.268527 -60.882889 -12.130565 7.531896 -16.108273 
-62.103534 51.944780 -143.138897 -6.927281 55.825371 10.145882 -14.603265 -9.014342 17.151655 16.573352 -17.062453 -0.205661 -2.385009 12.849102 -9.729248 -0.000000 0.000000 0.000000 12.136814 -0.817280 -17.257162 15.779995 17.351757 -4.018769 -24.544041 -6.447988 4.780777 -0.000000 0.000000 0.000000 17.963453 3.076120 -1.934506 -1.487078 -4.104327 -2.389620 5.182199 -0.543586 0.238728 -11.784047 6.517792 -6.797093 -8.005014 -2.044642 -0.514724 -0.000000 0.000000 0.000000 -2.310797 2.001666 -11.169527 9.048144 -11.292440 -42.769976 69.536398 -74.425325 58.406053 -22.193722 -23.879422 27.507695 -3.912401 4.325254 11.180694 9.178227 17.702042 50.127061 71.874854 76.075890 -69.231095 -14.039621 8.413652 -18.664021 
-64.844185 51.899064 -142.203891 -10.523758 60.230335 14.087674 -16.917317 -8.101743 16.967722 15.220989 -16.560084 0.038801 0.934728 11.557621 -8.839322 -0.000000 0.000000 0.000000 9.996930 -5.122221 -15.940392 17.198737 14.227364 -2.791560 -28.429373 -4.482981 3.134182 -0.000000 0.000000 0.000000 19.955498 3.982672 -0.897869 -0.166284 -3.952084 -1.523781 4.705603 -0.363186 1.063814 -12.765381 6.571048 -6.462346 -9.371749 -3.131915 -0.372172 -0.000000 0.000000 0.000000 -3.657690 1.570396 -11.670050 8.475512 -10.967696 -43.420922 63.074968 -72.314855 52.593222 -21.461593 -22.931252 30.221527 -3.279266 6.285556 11.955805 7.102532 16.863084 47.039558 68.872170 76.227017 -65.782834 -14.371113 10.631984 -22.728664 
-67.127532 52.403015 -141.315126 -14.096111 63.916152 18.569476 -17.754442 -6.870072 15.508180 13.842359 -11.597606 -1.376047 1.668009 13.171859 -7.983439 -0.000000 0.000000 0.000000 8.511390 -4.539379 -14.076743 20.045852 12.946034 -2.938511 -29.691609 -6.085612 2.286800 -0.000000 0.000000 0.000000 20.891644 4.291230 -0.635804 -0.068861 -3.026821 -0.989026 4.229507 -0.090117 2.184138 -11.292644 4.478898 -5.834483 -9.851645 -2.870011 1.181661 -0.000000 0.000000 0.000000 -4.349969 1.472762 -12.028054 8.058911 -10.629877 -45.241160 55.355648 -70.721516 45.763737 -20.556886 -20.313146 31.299114 -2.902399 8.012923 11.713082 6.217012 17.138436 45.039576 56.856888 73.923534 -52.999231 -11.883736 8.751295 -24.459862 
-68.922859 53.156328 -140.771508 -19.248490 68.228356 24.746180 -18.276786 -5.079431 12.674567 14.925625 -5.389540 -3.380184 -0.980907 14.494048 -7.444499 -0.000000 0.000000 0.000000 8.597941 -3.221987 -11.089551 21.353116 10.510157 -4.238560 -28.853879 -9.918730 1.468494 -0.000000 0.000000 0.000000 21.174438 3.944044 0.230357 -0.652941 -2.696491 -0.704893 4.054359 0.045254 2.728949 -9.400055 1.551682 -5.088776 -8.181090 -1.774184 2.778989 -0.000000 0.000000 0.000000 -4.461463 1.947388 -12.219891 8.492415 -10.116381 -47.089445 51.182666 -71.411446 43.231366 -21.277659 -20.223140 30.981284 -3.267890 8.428334 10.792836 6.447948 17.868575 44.175675 48.648709 72.294827 -43.748202 -7.609965 4.542174 -23.411117 
-70.374942 53.815335 -140.542281 -24.594107 73.163234 31.123636 -19.709480 -4.020125 9.121836 19.007317 -1.000199 -4.984193 -4.038560 13.598870 -5.947080 -0.000000 0.000000 0.000000 9.537592 -3.906155 -8.743925 17.904244 5.871131 -5.286555 -26.161366 -10.880353 1.943562 -0.000000 0.000000 0.000000 19.899395 4.318742 0.908944 -1.374157 -3.209001 0.051263 3.972142 -0.287542 2.544032 -6.603103 0.236233 -3.658248 -6.571993 -3.058831 2.674938 -0.000000 0.000000 0.000000 -2.731851 3.210399 -11.948978 8.373084 -11.003849 -48.198134 51.020683 -73.228947 44.517052 -24.810135 -21.112618 28.464200 -2.742616 6.222798 10.569068 6.494892 19.437460 43.093120 48.483177 71.204325 -42.511945 -6.819245 5.400412 -21.082470 
-71.599847 54.300779 -140.507698 -32.274231 77.928932 39.429639 -20.756722 -3.992298 6.171003 24.257985 1.373058 -6.887699 -6.669949 13.908091 -3.823171 -0.000000 0.000000 0.000000 10.609623 -4.988220 -6.953163 12.930162 3.008998 -5.401422 -22.819197 -12.000584 1.328626 -0.000000 0.000000 0.000000 18.582502 4.927473 1.407803 -2.697744 -3.410151 0.598032 3.933396 -0.566242 2.742244 -4.796374 -2.158240 -3.296498 -4.010670 -3.988376 3.126659 -0.000000 0.000000 0.000000 -1.926793 4.192166 -11.874556 9.131553 -10.884920 -48.452865 56.125075 -74.972180 49.182848 -26.694583 -22.319726 25.942540 -2.419363 4.594943 10.457073 7.936933 18.520952 42.012350 53.041372 73.073233 -47.055379 -8.887590 7.034008 -19.494479 
-72.618818 54.609150 -140.535331 -45.275451 82.181482 52.822373 -21.583583 -4.577995 3.520398 29.981276 1.739561 -8.178808 -9.515356 14.161825 -1.691590 -0.000000 0.000000 0.000000 11.394152 -5.871541 -5.428396 7.841641 0.359931 -5.386990 -19.563131 -12.847048 0.641044 -0.000000 0.000000 0.000000 17.025148 5.658239 1.618839 -3.861482 -3.470853 0.948540 3.934087 -0.782657 2.844145 -3.852096 -4.507953 -3.250224 -2.145541 -5.242886 3.603359 -0.000000 0.000000 0.000000 -1.392934 4.826804 -11.345893 9.927473 -10.619301 -48.773838 63.667482 -75.753897 55.882467 -26.148530 -23.102407 24.077845 -2.130464 3.339450 10.460774 9.365619 16.991591 41.209833 60.305350 74.787675 -54.978231 -11.156495 8.500880 -18.478369 
-73.444521 54.799306 -140.402746 -68.944233 85.186184 76.709035 -21.527689 -5.019306 1.822397 34.970149 0.345767 -8.953107 -11.908528 12.689763 -0.491457 -0.000000 0.000000 0.000000 11.649717 -6.462698 -4.049966 3.589721 -2.323821 -5.416769 -16.913876 -13.028562 0.020080 -0.000000 0.000000 0.000000 15.538148 6.253384 1.343886 -4.413966 -3.352143 1.070801 3.543427 -0.506641 2.720878 -3.638196 -6.518038 -3.530807 -1.751571 -6.583153 4.377032 -0.000000 0.000000 0.000000 -1.106042 5.270436 -10.695422 10.841683 -10.081617 -48.931711 71.532507 -75.961441 63.158606 -23.870951 -23.553058 23.214718 -1.716806 2.915700 10.580010 10.350559 15.166629 40.931035 69.114268 75.580478 -64.773242 -12.106488 9.085070 -18.308874 
-74.119407 54.861319 -140.228117 -116.165180 85.846418 123.903254 -20.658185 -5.751407 0.431920 39.311958 -2.252603 -8.783580 -14.364649 11.482769 0.913657 -0.000000 0.000000 0.000000 12.006657 -7.097263 -2.561758 0.199116 -4.183141 -5.370656 -15.059520 -13.630443 -0.932399 -0.000000 0.000000 0.000000 14.734877 6.615759 1.163752 -4.705273 -3.350093 0.781292 3.224649 -0.118165 2.244719 -4.623410 -9.351409 -3.746807 -2.396025 -7.127838 5.347554 -0.000000 0.000000 0.000000 -1.360235 6.260877 -10.412672 11.892558 -10.070747 -48.242665 79.374138 -75.958687 70.604276 -21.503131 -23.535290 23.333659 -1.681365 2.929554 10.389447 10.903205 13.475445 42.101461 74.774460 75.617176 -72.046809 -11.154460 9.472304 -18.280915 
-74.694902 54.890639 -140.034807 -145.681221 84.258073 153.135780 -17.937151 -7.038000 -0.210863 41.426816 -2.994599 -8.451041 -15.954445 11.850336 1.897419 -0.000000 0.000000 0.000000 10.466847 -6.314685 -1.172516 1.256032 -5.754530 -5.437562 -15.438545 -15.189118 -1.915103 -0.000000 0.000000 0.000000 14.031016 6.758103 0.517880 -3.912152 -2.968266 0.725764 2.944038 0.364682 1.457651 -6.200815 -7.165258 -2.678556 -3.042178 -10.395029 4.504597 -0.000000 0.000000 0.000000 -0.000722 5.042818 -12.090486 11.793535 -8.620668 -46.942383 86.701858 -75.934256 79.853917 -22.814924 -23.446463 18.803829 -1.350079 2.706102 11.296479 11.426529 12.830422 42.537715 77.667377 74.327874 -78.072430 -11.361171 9.172004 -16.446637 
-75.297099 54.875588 -139.858687 -158.031499 82.077157 164.657000 -14.139363 -6.856279 0.137426 41.709028 -3.141103 -6.710570 -16.325511 12.922086 3.102376 -0.000000 0.000000 0.000000 9.452170 -5.739479 0.558294 1.700982 -7.313925 -5.195237 -15.537489 -16.419571 -3.209536 -0.000000 0.000000 0.000000 14.573708 6.005435 -0.147630 -3.696364 -2.542645 0.233417 2.840458 0.669072 1.009543 -8.169969 -7.321708 -1.904480 -4.301959 -11.483869 4.825725 -0.000000 0.000000 0.000000 0.332904 5.233615 -12.647298 11.905063 -8.127478 -46.661609 89.598197 -76.029634 83.480882 -23.475337 -23.275531 17.583624 -1.744371 2.669478 11.378449 11.695055 12.489502 43.864576 77.797285 73.523589 -79.662917 -10.692706 8.787563 -16.463621 
-75.965643 54.817647 -139.659429 -166.537586 79.598624 171.767004 -9.967702 -5.608948 1.598388 39.330294 -2.192622 -4.074597 -14.467697 14.461743 3.417934 -0.000000 0.000000 0.000000 6.547724 -5.028985 2.454920 4.764350 -9.628657 -4.570444 -16.497497 -17.336269 -4.899778 -0.000000 0.000000 0.000000 15.421062 4.383117 -0.873580 -3.791967 -2.147181 -0.297856 2.927082 0.627069 0.956463 -10.009650 -7.387361 -1.215280 -5.813332 -12.042316 5.202957 -0.000000 0.000000 0.000000 0.986686 5.236168 -12.894833 11.633295 -7.847441 -47.485174 88.952485 -76.253059 83.758936 -24.462330 -22.521925 17.216843 -2.219202 2.654373 10.953004 11.770525 12.561570 45.843791 77.966863 72.807262 -80.749394 -10.210136 8.440188 -16.821800 
-76.782840 54.567641 -139.345169 -174.051583 76.455180 177.437592 -6.522615 -3.597949 3.901759 34.537647 0.094056 -1.551526 -11.609074 17.324676 1.427329 -0.000000 0.000000 0.000000 -1.693802 -4.156846 3.234417 16.316979 -12.410383 -2.122787 -19.391789 -18.201740 -6.217341 -0.000000 0.000000 0.000000 16.446852 1.998347 -1.632743 -4.187628 -1.942950 -0.783733 3.151519 0.143882 1.140818 -11.733261 -6.895187 -0.473842 -7.354051 -12.391795 5.620486 -0.000000 0.000000 0.000000 1.780720 4.996721 -12.577131 11.071004 -7.657121 -48.826190 87.500573 -76.811133 83.262887 -25.811353 -21.597702 17.999459 -2.773510 2.468922 10.166026 11.766226 13.165371 47.728422 80.904927 72.299239 -83.813255 -10.744955 8.384922 -17.499802 
-77.734834 53.937280 -138.949072 -178.886723 72.255285 -179.574522 -4.001457 -1.344355 6.515442 27.340195 -0.469945 -0.274043 -15.068724 16.873737 -0.320601 -0.000000 0.000000 0.000000 -13.366708 -2.814331 1.337249 34.772692 -13.334676 4.055964 -20.764075 -17.776003 -5.103012 -0.000000 0.000000 0.000000 17.787400 -0.919148 -2.251524 -4.419218 -2.198650 -1.134472 3.348102 -0.565797 1.160932 -12.948003 -5.681390 0.386529 -9.763116 -12.991914 5.645038 -0.000000 0.000000 0.000000 2.423298 4.210214 -11.543912 10.246129 -7.684453 -49.693326 87.691410 -78.113552 84.100269 -28.290706 -21.603856 18.987497 -3.278280 2.193101 8.878261 11.523661 14.034336 50.041210 86.293217 72.295308 -89.259151 -11.862280 8.914010 -17.579205 
-78.825903 53.036058 -138.600838 179.210441 67.681583 -179.007925 -4.926293 -0.833855 8.476688 23.452223 -4.282317 -1.413891 -18.504222 15.414344 1.714460 -0.000000 0.000000 0.000000 -26.538196 -0.900635 -4.270565 55.740816 -8.560660 11.622535 -14.145451 -13.038691 -0.344521 -0.000000 0.000000 0.000000 20.053391 -3.463477 -2.598079 -4.439288 -2.843126 -1.141224 3.302645 -1.440928 0.902930 -14.132959 -5.367424 0.646113 -12.372560 -13.024267 5.383713 -0.000000 0.000000 0.000000 2.825174 2.840025 -11.394719 9.207277 -8.396785 -49.748273 88.424447 -79.292858 86.417950 -30.091445 -21.249972 19.467026 -3.349895 2.085672 8.548109 11.391017 14.510238 50.994325 94.664171 72.294784 -98.345170 -12.519075 9.878809 -16.852680 
-79.812998 52.183837 -138.100517 -179.096906 63.406492 178.851735 -8.793013 -0.758983 10.136259 27.284600 -6.869873 -3.154400 -20.160992 13.509270 3.627008 -0.000000 0.000000 0.000000 -35.897402 1.534923 -10.703782 69.781469 -0.993835 15.175978 -8.001870 -5.783886 4.749180 -0.000000 0.000000 0.000000 23.528312 -4.205684 -3.108226 -3.447806 -3.958071 -0.677477 2.611422 -1.799495 0.162174 -14.653049 -4.980054 -0.333725 -15.006260 -14.307437 4.870942 -0.000000 0.000000 0.000000 2.377675 -0.539796 -12.069067 7.840737 -9.721352 -45.910770 88.178194 -80.118613 86.392848 -28.895054 -20.673458 22.134597 -3.020727 2.586892 10.204483 11.859812 13.385555 51.102911 103.224573 71.430913 -108.515502 -12.682059 10.795667 -17.351102 
-80.614936 51.498055 -137.607586 -177.426007 58.735846 178.378553 -13.520073 -2.930616 9.946456 33.020356 -11.146517 -4.731956 -20.128746 13.178172 5.337715 -0.000000 0.000000 0.000000 -41.857157 3.978271 -17.779286 79.497500 6.059058 15.703379 -10.964519 -2.185865 5.655620 -0.000000 0.000000 0.000000 26.624823 -3.452391 -3.598133 -2.979722 -5.345277 -0.612800 2.537251 -1.322705 -1.071737 -14.177947 -4.794792 -3.296232 -15.676229 -18.270182 6.220551 -0.000000 0.000000 0.000000 -1.447884 -4.416432 -10.097623 5.863909 -12.935035 -42.471212 69.557488 -79.885328 63.378578 -23.577990 -20.527595 27.099181 -3.292877 3.894940 11.690417 13.195444 8.957855 52.878844 108.151349 69.783687 -113.527381 -13.824347 11.437063 -22.186054 
-81.003904 51.174790 -137.262118 -175.600467 55.610629 176.852605 -15.560705 -4.604304 10.537958 36.142936 -13.614009 -5.824149 -20.325320 12.576378 5.351162 -0.000000 0.000000 0.000000 -44.192900 6.236499 -21.383077 85.339293 8.728997 14.027518 -11.042107 -2.666677 5.923945 -0.000000 0.000000 0.000000 28.560314 -2.519032 -2.967595 -1.756124 -4.622518 -0.287765 2.127117 -1.108354 -2.107395 -13.156207 -5.635948 -3.858431 -15.609253 -19.767180 5.145978 -0.000000 0.000000 0.000000 -3.833323 -6.968472 -10.845735 2.124918 -17.542685 -38.671957 57.410560 -75.903528 46.789392 -20.275481 -18.939090 25.785188 -2.861465 4.323701 12.443633 13.586328 8.492157 52.779022 102.013299 70.367190 -108.311655 -16.039764 10.269329 -23.288445 
-81.086910 51.025122 -136.800504 -173.739127 54.503716 175.300400 -15.751191 -4.610171 10.762345 37.735489 -14.405267 -4.838509 -20.740046 12.227880 4.788425 -0.000000 0.000000 0.000000 -44.117848 8.490208 -21.854434 88.031423 8.046900 10.908416 -10.838171 -4.334591 5.246423 -0.000000 0.000000 0.000000 29.634066 -2.145576 -2.619219 -1.299884 -3.404876 -0.544870 2.154050 -0.682542 -2.619098 -10.891623 -6.454304 -3.367087 -14.735633 -20.649618 5.101816 -0.000000 0.000000 0.000000 -5.471497 -8.734086 -10.618727 -0.311393 -20.653238 -38.098206 51.884899 -72.735470 39.093456 -16.311500 -16.018062 24.430297 -3.232215 5.756297 11.479971 13.730518 9.391660 51.743968 95.717450 72.488406 -101.630218 -17.693396 7.142909 -21.766364 
-80.866605 50.937289 -136.064649 -172.976362 53.652942 174.956790 -15.719450 -5.491533 11.296382 37.859179 -14.712367 -4.792878 -20.205299 12.356256 3.640939 -0.000000 0.000000 0.000000 -42.075424 10.406076 -20.718120 86.982223 6.422897 7.821552 -10.405158 -7.313612 3.669203 -0.000000 0.000000 0.000000 29.461275 -2.340054 -2.865084 -0.972604 -2.888286 -0.509911 2.526832 -0.975063 -2.258040 -10.274495 -7.951788 -3.091255 -13.705128 -19.125766 5.379969 -0.000000 0.000000 0.000000 -4.958432 -9.446428 -10.200077 -1.568243 -21.850006 -38.638151 51.913723 -71.823058 40.827085 -15.512069 -15.472130 23.466476 -3.628793 7.059263 9.940359 13.299795 10.885064 48.236720 97.365651 70.969069 -102.024455 -15.201796 7.652408 -19.958305 
-80.275971 51.052368 -135.154533 -172.332472 53.022291 175.107483 -14.646788 -6.019016 11.846610 36.259778 -15.116819 -4.796021 -19.362097 12.404927 1.646713 -0.000000 0.000000 0.000000 -38.073503 11.275542 -19.132585 82.549925 4.323385 4.392216 -10.962476 -10.526697 1.938976 -0.000000 0.000000 0.000000 28.419413 -2.736693 -3.133000 -0.486010 -2.929235 -0.785673 3.068266 -1.538352 -1.861941 -10.445865 -8.825771 -2.981413 -12.911578 -17.593190 5.634007 -0.000000 0.000000 0.000000 -4.041836 -9.212223 -9.517339 -1.945784 -20.529402 -39.295759 56.604741 -72.972689 48.194783 -17.162379 -15.845344 22.098311 -4.199184 7.872998 8.052457 11.982503 12.018219 44.785927 104.013965 68.136033 -108.083774 -10.595930 8.686748 -19.048756 
-79.242831 51.626468 -134.020424 -172.013918 52.768060 175.661069 -11.895451 -5.006700 12.282509 31.795260 -16.364833 -3.638304 -18.929892 12.608075 -1.042888 -0.000000 0.000000 0.000000 -32.750536 10.586449 -17.348653 74.470532 3.902641 0.923803 -12.446155 -11.568342 0.827276 -0.000000 0.000000 0.000000 26.507482 -3.042789 -3.122760 -0.147107 -3.002901 -1.708408 3.838198 -1.908869 -1.881078 -10.475569 -9.331462 -2.589737 -12.242703 -17.025565 5.615944 -0.000000 0.000000 0.000000 -3.639572 -8.605586 -9.015544 -0.811592 -18.187861 -38.314199 64.903403 -75.024079 59.155012 -18.486743 -15.922816 20.762908 -4.968230 8.350189 5.596949 10.375793 12.529529 42.230949 113.779566 67.227280 -118.262869 -10.987345 7.612273 -17.889152 
-77.707577 52.910650 -132.501018 -173.100102 52.418300 177.414461 -8.622435 -3.919737 12.907546 24.534743 -17.402790 -3.399140 -16.180338 13.691214 -2.452122 -0.000000 0.000000 0.000000 -26.200311 8.888142 -15.666775 61.627476 6.905821 -0.811624 -12.726759 -11.765569 3.272660 -0.000000 0.000000 0.000000 23.428531 -2.886652 -3.624019 0.415828 -3.145310 -2.568173 4.409581 -2.197588 -2.056233 -10.352391 -8.988388 -2.292268 -11.480450 -17.633440 5.718460 -0.000000 0.000000 0.000000 -3.360704 -7.868275 -7.830001 0.799026 -14.780452 -36.425529 80.847563 -75.986277 77.059835 -18.197757 -16.000561 19.661751 -5.490846 8.385195 3.150807 8.733194 11.703524 39.368876 124.447385 65.011718 -129.994424 -12.855444 5.784511 -16.661576 
-75.813901 54.721862 -130.668032 -175.656859 50.721318 -179.525484 -5.991788 -3.553767 13.610178 16.097358 -17.389893 -2.649506 -8.896456 13.371508 -6.157682 -0.000000 0.000000 0.000000 -17.774545 6.259605 -13.854605 47.984601 7.928885 -2.088260 -20.269516 -17.867132 -0.674556 -0.000000 0.000000 0.000000 19.254154 -2.081848 -4.659563 1.118314 -3.259777 -3.152122 4.999056 -2.489842 -2.045314 -9.632667 -9.155831 -2.116213 -11.773913 -19.178834 5.347530 -0.000000 0.000000 0.000000 -1.996195 -6.716318 -5.818531 0.980021 -12.741606 -33.772490 97.792867 -75.188109 95.451814 -19.114336 -15.818969 17.107219 -5.211141 7.256565 0.104312 8.414415 10.066423 35.767929 132.564845 60.688214 -140.160858 -13.213261 4.063898 -17.193434 
-74.193412 57.026863 -128.756773 -179.043494 48.491409 -176.544979 -4.682262 -3.950661 13.841066 7.079111 -15.462790 -0.524765 5.282914 11.698329 -9.582417 -0.000000 0.000000 0.000000 -13.235848 4.056437 -12.332021 36.877977 6.420965 -2.438578 -17.789436 -16.857420 0.995569 -0.000000 0.000000 0.000000 15.968682 -1.281293 -4.859845 0.551305 -3.278913 -3.698671 5.440363 -2.616346 -1.624051 -8.628780 -9.532788 -2.918980 -12.205623 -20.466543 6.127154 -0.000000 0.000000 0.000000 -1.330938 -5.702304 -2.700085 2.395955 -11.694986 -33.429563 111.106482 -75.580069 109.915620 -20.980451 -16.008875 16.570926 -4.438274 5.927816 -3.694111 8.929836 7.400245 32.328995 139.787532 56.783607 -148.432657 -14.064671 4.540354 -18.904389 
-72.892702 59.302205 -127.061903 179.345660 46.510450 -175.418062 -4.125791 -4.861992 13.724768 1.986876 -12.231657 -0.672844 16.409993 12.624881 -12.780793 -0.000000 0.000000 0.000000 -8.076835 3.010012 -10.153346 24.735158 6.297572 -1.229449 -8.766125 -19.023316 2.360190 -0.000000 0.000000 0.000000 14.249249 -0.931880 -4.593829 -0.842159 -3.349344 -4.213066 6.571914 -2.861848 -0.651667 -8.319837 -13.121596 -4.444080 -11.489001 -18.071032 8.926095 -0.000000 0.000000 0.000000 -1.054938 -4.346592 0.662056 4.741855 -12.046154 -34.165744 126.076978 -76.840326 124.893018 -26.984789 -17.312336 17.869166 -4.505896 4.922657 -8.435358 10.273385 6.236034 31.403515 144.994110 54.449211 -154.038197 -16.190922 5.621327 -19.672085 
-71.845120 61.392659 -125.514686 178.436880 45.360111 -174.498829 -5.250601 -5.252607 11.591738 6.127412 -9.900308 -1.998717 12.155653 13.003971 -10.767626 -0.000000 0.000000 0.000000 -3.299063 0.374946 -9.127586 12.126915 4.152369 -0.700277 5.572732 -15.892684 8.620766 -0.000000 0.000000 0.000000 13.056968 0.183705 -5.101254 -2.182106 -4.159505 -4.401929 7.993890 -3.033202 0.121920 -7.448970 -15.042490 -4.364446 -11.496860 -17.363062 10.596766 -0.000000 0.000000 0.000000 -0.393018 -3.098889 3.426877 6.358185 -12.963182 -34.605871 140.158823 -77.080825 138.743976 -33.142885 -18.916127 15.369612 -4.947324 3.125390 -11.549535 11.368299 7.356272 32.162216 148.056991 52.707625 -157.078130 -18.820692 5.311516 -20.265934 
-70.844674 63.299304 -123.906243 177.141102 45.516633 -173.707295 -6.323722 -6.086555 8.784269 11.995892 -7.323452 -2.911431 9.984787 13.277310 -8.848320 -0.000000 0.000000 0.000000 -0.181051 -1.487595 -7.747374 0.483969 3.464893 -1.020360 22.937949 -8.451255 15.281482 -0.000000 0.000000 0.000000 12.007773 1.822275 -6.221003 -2.717447 -4.632997 -3.750552 8.018941 -2.915941 1.071338 -6.181234 -16.043290 -4.022248 -11.221492 -17.670012 12.334336 -0.000000 0.000000 0.000000 0.160004 -2.234848 4.555159 7.677707 -13.809811 -34.420546 149.442166 -76.217217 147.433332 -34.718399 -19.932948 11.364090 -5.178397 1.461772 -11.741390 13.154954 8.540772 33.034584 149.710792 50.743103 -158.617517 -19.750774 5.146207 -20.799024 
-69.886827 64.761549 -122.203982 176.063789 46.454194 -173.740695 -7.748681 -6.694137 6.745370 18.356863 -6.124852 -3.532785 8.836477 11.689583 -8.616477 -0.000000 0.000000 0.000000 -1.536382 -0.395161 -5.507517 2.233522 4.948881 -1.051908 20.756427 -2.365273 15.921276 -0.000000 0.000000 0.000000 11.043999 2.616116 -6.810642 -2.210628 -4.733035 -2.389500 7.333012 -2.384349 1.435381 -5.368937 -14.186407 -3.088746 -11.908645 -20.084371 12.758061 -0.000000 0.000000 0.000000 0.109924 -2.091684 4.830314 9.396225 -13.405161 -33.752024 155.991445 -74.235323 153.891767 -34.462576 -20.796386 7.713588 -5.041207 0.841064 -9.957052 14.259006 9.139102 34.370711 149.890498 48.904672 -158.675122 -19.790391 5.331914 -20.265151 
-69.068879 65.758300 -120.575964 177.203894 47.332018 -175.937007 -7.357573 -6.912511 5.029784 22.688730 -7.905031 -3.653537 8.832911 10.144200 -8.581202 -0.000000 0.000000 0.000000 -3.857060 1.943310 -2.855802 10.992137 2.465774 -0.774205 17.702952 -5.158704 14.388070 -0.000000 0.000000 0.000000 11.789188 1.781728 -5.992174 -1.261736 -4.489799 -1.127114 6.196148 -1.867088 1.386747 -5.670517 -13.664717 -2.265936 -13.150479 -20.362059 13.271112 -0.000000 0.000000 0.000000 0.479170 -2.713498 3.299041 10.414206 -9.823940 -32.035016 165.594639 -70.433691 162.800702 -33.468394 -20.145804 5.589861 -5.090340 2.042291 -7.628506 15.559133 9.697013 36.859095 149.829377 48.662283 -158.308855 -16.515385 4.453054 -19.381205 
-68.322450 66.125453 -118.931186 179.124471 47.978434 -178.698236 -5.596993 -7.292942 3.334029 23.196383 -11.269727 -3.146980 10.816665 8.559561 -9.541101 -0.000000 0.000000 0.000000 -7.149747 2.457278 -1.325842 22.949575 -0.242853 0.769296 11.577504 -7.389472 11.291843 -0.000000 0.000000 0.000000 12.892474 0.924179 -5.148683 -0.150373 -4.298781 -0.037165 5.066237 -1.194363 1.112195 -5.853489 -12.554328 -1.001223 -13.490190 -21.167012 13.030807 -0.000000 0.000000 0.000000 0.161857 -3.173468 2.029019 11.554418 -8.882140 -30.557362 166.599086 -68.301208 164.478320 -32.190962 -19.978277 4.116943 -5.096030 3.367697 -5.118028 16.253641 10.223977 40.177961 147.748981 49.918640 -155.443525 -12.537535 2.782361 -18.845773 
-67.642945 65.749091 -117.250240 -178.775666 47.859676 178.276907 -2.260272 -6.756112 2.848868 18.955996 -13.815980 -2.472704 12.823695 6.804143 -11.099121 -0.000000 0.000000 0.000000 -11.120744 2.428008 -0.919733 36.769757 -1.415385 3.364697 6.149901 -7.470763 9.007844 -0.000000 0.000000 0.000000 14.419643 -0.201517 -3.988597 0.010076 -4.056652 0.714717 4.069510 -0.730490 0.830277 -5.510463 -11.172178 0.168891 -12.712707 -22.272874 12.156226 -0.000000 0.000000 0.000000 -0.606071 -3.435870 1.226259 11.856343 -9.049062 -29.710166 163.906597 -67.732752 162.250547 -29.889984 -20.104011 3.314863 -5.178876 4.460129 -3.033603 16.397610 10.882827 44.012342 143.712000 52.533174 -150.353734 -9.311172 1.658936 -17.636262 
-67.061210 64.569563 -115.546322 -178.103593 47.076461 176.194645 0.218365 -4.777882 3.533150 13.418697 -12.471705 -2.057805 14.595627 8.337802 -10.576845 -0.000000 0.000000 0.000000 -16.191169 2.524432 -1.958420 50.813222 -1.058118 6.473479 1.149817 -4.859953 7.685583 -0.000000 0.000000 0.000000 14.971100 -1.636565 -2.540283 -0.630670 -3.857481 1.214770 3.690037 -0.401578 0.559356 -5.023670 -9.945646 0.980990 -11.512505 -23.415070 11.297897 -0.000000 0.000000 0.000000 -1.349749 -3.621696 0.841759 11.060386 -9.748011 -29.972150 159.870325 -68.164629 158.528870 -27.858911 -19.605329 2.718369 -5.314444 4.924344 -1.488229 15.362918 11.559575 47.696498 137.132028 55.872617 -142.494345 -6.776363 1.341373 -16.039855 
-66.495293 62.677032 -113.875163 -178.068560 45.970134 174.840277 0.895532 -2.738947 4.341429 10.679508 -8.960419 -2.023109 14.535526 13.784233 -8.113966 -0.000000 0.000000 0.000000 -21.186626 2.884670 -4.709784 63.477211 0.936650 8.600367 -1.995676 -1.358417 7.493606 -0.000000 0.000000 0.000000 15.097757 -3.027033 -1.466628 -1.469872 -3.928754 1.709976 3.316811 -0.137323 0.186574 -4.632798 -9.125494 1.417852 -10.384283 -24.408142 10.752611 -0.000000 0.000000 0.000000 -1.703278 -4.053747 0.451784 9.433943 -10.629819 -30.738713 154.610320 -69.067330 153.499871 -26.499378 -19.051347 3.374864 -5.400845 5.006337 0.009721 13.803237 11.897473 50.462870 128.427168 58.964208 -132.644663 -4.921724 1.017236 -14.894808 
-65.765291 60.060412 -112.164974 -177.375126 44.332365 172.566413 0.850774 -0.643247 5.764120 14.297047 -9.528247 -0.198177 -4.013809 16.177900 1.510880 -0.000000 0.000000 0.000000 -24.925843 2.667486 -7.921169 74.506223 3.782614 8.970365 -4.472012 -0.179613 7.863434 -0.000000 0.000000 0.000000 15.715051 -4.048913 -0.537321 -2.723105 -4.341216 2.131986 3.293673 -0.009784 0.151774 -4.435446 -8.727498 1.851384 -9.526475 -25.329913 9.882686 -0.000000 0.000000 0.000000 -1.607003 -4.893734 0.714669 6.919881 -11.763080 -32.272891 146.852668 -70.194721 145.978401 -27.178239 -19.302568 4.892818 -5.841101 5.184247 1.057730 12.434506 11.525105 52.337253 119.599947 61.741118 -123.306643 -5.160397 1.119868 -13.530105 
-64.970332 57.361996 -110.400856 -175.346388 42.146118 170.719268 0.897268 -1.073420 9.543051 16.465670 -14.404361 -2.000535 -17.248118 16.065250 6.067734 -0.000000 0.000000 0.000000 -25.788744 3.403295 -12.648091 81.848946 6.368099 8.592209 -5.686946 -2.374704 7.037280 -0.000000 0.000000 0.000000 16.874591 -4.558621 -2.001816 -2.212770 -5.249794 2.919350 2.448267 -0.229340 0.018752 -5.170578 -8.287105 3.060025 -7.565246 -26.879937 9.824985 -0.000000 0.000000 0.000000 -2.152495 -5.660630 0.772539 5.288822 -14.783823 -32.886375 134.689993 -72.431349 134.479575 -28.082772 -20.195184 7.149883 -7.583360 5.144650 3.994677 12.204923 11.222809 51.892468 110.593745 63.173283 -114.619734 -7.743195 0.966456 -12.029758 
-64.319646 54.987782 -108.706415 -174.884604 39.180873 171.589443 -2.504060 -1.973242 11.441974 20.602062 -16.733526 -4.716260 -24.574875 14.300925 11.508190 -0.000000 0.000000 0.000000 -26.038213 3.685809 -18.915560 84.477379 8.900776 7.185642 -6.079819 -6.640801 5.451185 -0.000000 0.000000 0.000000 17.424551 -4.653660 -4.212878 -2.730496 -6.274477 3.109142 2.434749 -1.059995 -0.090781 -7.467146 -13.188285 3.142023 -3.724387 -25.016350 11.260454 -0.000000 0.000000 0.000000 -4.622705 -3.183964 -0.394841 1.206215 -19.567478 -33.104716 122.267782 -77.149040 116.263342 -28.550329 -19.360395 10.389945 -8.949199 2.784668 5.810618 12.320169 13.027968 52.051306 100.988033 64.724848 -105.540622 -5.410242 0.938853 -12.457808 
-63.701862 53.763103 -107.162833 -171.810313 37.979215 171.394173 -6.908584 -5.831465 10.698545 32.098766 -16.868846 -4.932179 -23.934537 15.017650 10.271591 -0.000000 0.000000 0.000000 -21.468471 4.396564 -22.219842 80.045374 9.062789 3.773317 -5.655628 -9.139301 4.273600 -0.000000 0.000000 0.000000 19.761921 -2.841861 -6.125417 -2.859587 -7.042708 2.308361 2.138347 -0.934757 -0.695116 -8.697265 -15.873661 3.154657 -1.546625 -25.692641 13.044828 -0.000000 0.000000 0.000000 -5.542646 -4.713017 -4.188940 -1.387340 -21.630619 -34.059795 71.553848 -81.039940 61.989885 -29.350173 -15.979126 9.385069 -8.783137 2.914491 9.884203 13.407194 12.391479 52.125135 90.362403 64.769052 -97.542390 -2.108249 -0.414392 -14.234253 
-63.082045 52.933031 -105.651796 -167.150378 38.736363 167.830256 -7.428114 -3.753896 13.766788 37.830477 -17.800302 -3.978766 -20.793157 13.670416 6.225351 -0.000000 0.000000 0.000000 -15.146677 4.635079 -20.415971 72.254777 9.258278 -1.549572 -7.533074 -9.448254 2.010048 -0.000000 0.000000 0.000000 23.376906 -2.689591 -4.536809 -3.253039 -6.358375 0.515529 1.385123 0.278134 -0.951595 -7.426946 -17.629380 1.230344 -1.726755 -23.670953 13.741632 -0.000000 0.000000 0.000000 -6.293134 -6.805449 -5.580128 -3.687396 -19.939684 -40.244359 24.346065 -72.313712 12.444731 -29.450134 -11.608235 12.889396 -7.984504 6.363875 8.028406 13.048462 11.343782 56.344869 81.829156 65.676901 -89.034922 -4.631728 -2.682872 -16.713325 
-62.216604 52.239186 -104.083896 -165.746748 41.035957 167.313520 -6.098098 -0.858044 15.999827 35.825418 -17.086115 -3.085682 -19.997643 11.707445 2.985549 -0.000000 0.000000 0.000000 -11.682538 5.890733 -19.601304 62.537854 9.549892 -6.227069 -7.954578 -10.002883 1.427695 -0.000000 0.000000 0.000000 22.926306 -3.127582 -3.968126 -2.730639 -5.818728 -1.019204 1.094703 0.523309 -1.554782 -6.027381 -18.127115 -0.008396 -1.476667 -21.023885 13.336033 -0.000000 0.000000 0.000000 -6.080038 -7.257180 -6.419226 -4.155891 -17.820276 -45.439378 17.392836 -60.979273 5.801232 -24.748361 -8.076677 24.581892 -8.078504 8.435450 6.769724 12.383149 12.760586 57.532094 78.929034 66.471703 -83.487990 -9.204702 -3.677531 -16.588323 
-60.940516 51.840025 -102.253938 -167.612192 42.951112 170.066008 -5.048713 -1.022545 15.633854 30.720958 -16.401541 -2.456095 -19.248982 14.267039 2.697536 -0.000000 0.000000 0.000000 -9.916460 6.462491 -20.477746 50.078073 9.379350 -7.659771 -8.544023 -13.619801 0.547609 -0.000000 0.000000 0.000000 20.854727 -3.844975 -4.193051 -3.874071 -5.970151 -2.322768 2.121296 -0.322029 -1.995821 -6.203611 -19.200410 -0.524118 -0.018414 -18.010084 12.319338 -0.000000 0.000000 0.000000 -4.613043 -4.670539 -8.540428 -3.539699 -16.522943 -46.620948 15.137658 -54.351475 4.245289 -20.234673 -7.269324 31.545343 -9.198965 7.694637 7.236820 11.719437 16.449301 56.070433 79.395367 65.857804 -80.304273 -8.554148 -1.294548 -13.638183 
-59.197259 51.903731 -100.206554 -169.939426 43.840561 172.691775 -3.537209 -1.900953 16.334865 24.853915 -15.095563 -1.267459 -16.519174 16.037536 0.601831 -0.000000 0.000000 0.000000 -7.038910 6.455552 -20.493200 36.376120 11.291226 -6.532939 -9.148244 -16.106631 0.297664 -0.000000 0.000000 0.000000 19.289491 -4.592752 -3.684491 -4.644407 -6.042011 -3.231866 2.681118 -1.297022 -1.895880 -7.516383 -19.877572 -1.620992 0.014699 -15.536744 11.347408 -0.000000 0.000000 0.000000 -2.852957 -0.844171 -10.498675 -2.357047 -14.095339 -47.172142 11.937517 -53.061203 2.192708 -22.366991 -8.958441 28.546851 -9.382452 6.406152 7.575428 10.584231 19.629282 54.575430 82.204782 65.155342 -80.038940 -5.444442 1.220910 -11.952401 
-57.126540 52.326864 -97.885627 -172.243054 44.954524 175.809532 -1.809476 -2.388420 17.572463 18.695902 -13.936290 -1.063491 -11.501264 17.354021 -3.328208 -0.000000 0.000000 0.000000 -6.110531 7.683185 -20.222215 31.777894 14.075536 -6.358530 -12.132477 -18.528693 3.477724 -0.000000 0.000000 0.000000 18.025272 -4.981216 -3.958515 -4.787085 -5.137327 -3.862388 2.916626 -1.713277 -2.050233 -9.407365 -19.077884 -2.296992 -1.124512 -15.591489 10.227626 -0.000000 0.000000 0.000000 -0.940822 2.394787 -11.322801 -0.274651 -11.638950 -46.705010 9.476131 -56.051040 0.339431 -27.740479 -10.997552 23.715373 -8.934490 5.245190 7.636845 9.797331 21.970252 54.739888 83.388045 66.363919 -80.441077 -4.527626 0.923377 -12.519834 
-54.986280 53.141659 -95.268524 -174.286928 45.273566 178.635846 -1.148748 -1.789985 18.999888 13.668850 -13.550810 -0.200162 -4.287555 17.024835 -8.860182 -0.000000 0.000000 0.000000 -8.127950 8.316692 -20.445074 33.793896 11.399051 -4.758861 -17.426635 -14.502933 6.350181 -0.000000 0.000000 0.000000 17.964771 -5.019351 -4.177589 -4.831712 -3.965508 -4.456590 2.599161 -1.558739 -2.338763 -10.676773 -16.631224 -2.373469 -3.343480 -18.505500 9.109040 -0.000000 0.000000 0.000000 -0.361950 3.997320 -11.523211 3.332831 -9.535268 -45.199465 10.535136 -60.548860 1.709392 -27.305233 -12.540483 21.498530 -8.414790 4.515002 8.044860 9.401881 21.305770 55.198909 85.891204 68.326607 -82.377236 -5.879638 0.862909 -13.828259 
-52.859509 54.077339 -92.650723 -175.677869 43.551930 -179.663166 -1.818071 -1.159931 20.570180 9.955649 -14.423399 0.698113 2.263526 16.158033 -10.784597 -0.000000 0.000000 0.000000 -12.567776 7.282385 -19.143291 38.933617 11.104048 -1.951232 -21.210709 -13.557061 3.129051 -0.000000 0.000000 0.000000 17.528882 -5.223895 -3.808056 -3.262031 -3.256397 -4.435013 2.092553 -1.850753 -2.217971 -11.785156 -16.089851 -3.356062 -5.819471 -19.524245 8.583076 -0.000000 0.000000 0.000000 0.368498 4.307907 -12.178198 5.963589 -6.996324 -42.867239 19.370102 -66.011761 10.407475 -26.020076 -12.408429 20.739965 -6.987535 5.313155 8.326477 8.762287 19.361198 54.451945 90.590620 69.290172 -87.434396 -6.588941 0.820192 -14.373520 
-50.848877 54.963207 -90.306109 -175.144545 41.698428 -179.669020 -2.599252 -0.500221 21.138544 10.853613 -13.915307 0.649431 1.295556 17.236977 -6.249691 -0.000000 0.000000 0.000000 -14.378419 4.481709 -17.890782 41.575791 10.748793 0.552574 -23.929658 -12.570447 -0.603141 -0.000000 0.000000 0.000000 17.399190 -4.710827 -3.455310 -1.106455 -3.093068 -4.099183 1.972329 -1.915758 -1.597751 -11.799781 -16.476785 -4.421348 -7.110177 -19.657250 8.262893 -0.000000 0.000000 0.000000 0.687764 3.651958 -12.013483 8.448859 -4.851933 -40.481279 32.592991 -72.496358 23.149319 -25.495759 -11.126383 22.694221 -5.599668 6.858781 7.961867 8.871468 17.106512 52.214756 98.275878 68.827196 -96.190011 -3.885141 -1.249431 -14.552205 
-48.965001 55.932283 -88.246882 -173.129054 40.614573 179.998634 -3.667777 -0.176731 20.254746 18.528191 -10.613724 -1.901027 -3.120201 19.190248 -3.134903 -0.000000 0.000000 0.000000 -11.330860 1.795045 -16.804840 38.562650 11.753892 1.252951 -25.756565 -12.271011 -1.964573 -0.000000 0.000000 0.000000 18.501278 -2.771282 -4.473653 -1.329760 -3.189639 -4.007045 3.440548 -1.354699 -0.652850 -10.745551 -16.656884 -4.595475 -5.350544 -21.111456 9.088117 -0.000000 0.000000 0.000000 0.339995 2.048349 -8.263005 11.642004 -4.397869 -38.613459 55.833853 -79.278188 43.144100 -24.600015 -11.146645 27.550445 -4.566611 7.768637 5.586942 10.788665 13.777165 52.117714 106.106756 65.304033 -106.001821 3.416271 -4.883728 -13.058120 
-47.344986 57.494563 -86.439443 -172.177241 38.392436 -179.975380 -7.118796 -1.046819 18.337256 30.385894 -8.111543 -5.220952 -7.124372 18.516047 -0.902030 -0.000000 0.000000 0.000000 -7.096248 0.948124 -13.583120 32.840176 9.190266 1.077349 -22.002581 -13.558246 -2.033484 -0.000000 0.000000 0.000000 18.550157 -0.918209 -5.110506 -1.518046 -3.986113 -3.551508 4.109299 -1.098680 0.107028 -8.035514 -15.541618 -4.331453 -4.302722 -22.224706 10.450372 -0.000000 0.000000 0.000000 1.174467 -0.977008 -4.879298 14.490752 -3.242558 -37.411658 98.893968 -80.477861 83.798827 -20.201011 -13.371097 24.993343 -3.340640 7.887661 2.750702 14.194823 10.265769 53.432293 113.540187 62.550823 -114.213605 8.434170 -9.314366 -14.393091 
-45.901790 59.446359 -84.799510 -172.213779 35.450549 -179.579445 -10.187205 -3.097322 14.018479 40.813388 -5.517617 -7.216480 -10.193611 16.674032 1.418808 -0.000000 0.000000 0.000000 -0.888017 1.023107 -9.712673 21.600842 5.471891 -0.084919 -12.708501 -15.580826 0.565459 -0.000000 0.000000 0.000000 17.176324 0.863776 -5.570376 -1.584372 -5.122132 -2.947153 5.250538 -1.515720 0.415836 -5.585313 -12.523058 -2.494544 -3.530983 -24.854642 9.545609 -0.000000 0.000000 0.000000 4.549437 -3.529883 -2.893064 14.628483 -2.764098 -36.518173 119.566551 -76.451095 104.800275 -15.758162 -16.968770 17.352671 -2.108742 5.960629 0.765257 17.404546 9.961682 55.018631 118.888995 61.193586 -120.478537 3.514637 -9.629605 -16.389172 
-44.657713 61.439532 -83.110374 -173.675491 34.048921 -178.976287 -12.676827 -4.261509 9.220515 47.003124 -3.590336 -8.654774 -10.612732 15.260493 1.908826 -0.000000 0.000000 0.000000 2.524888 0.186910 -6.483081 9.864560 3.617981 -1.771048 2.875843 -15.341401 6.348290 -0.000000 0.000000 0.000000 15.827412 1.976293 -5.999427 -3.678242 -5.870666 -2.850581 6.388868 -2.116869 1.840336 -3.446968 -14.897355 -3.132810 -2.566214 -21.754036 11.393553 -0.000000 0.000000 0.000000 5.504699 -3.128339 -0.606642 15.571240 -4.091632 -38.864533 126.284557 -76.067695 109.618508 -13.223035 -18.177444 17.336257 -1.452885 4.472836 -2.826881 20.381200 11.082321 56.896366 126.501406 61.842142 -126.682325 -3.041828 -7.370766 -18.233027 
-43.378609 63.135731 -81.354797 -175.038576 35.174541 -179.286398 -12.567725 -4.335088 6.145451 47.620885 -3.353340 -9.737342 -8.021351 13.160627 0.923543 -0.000000 0.000000 0.000000 3.044339 -1.617416 -4.919124 1.049488 2.657554 -1.996829 20.649004 -7.641876 13.725128 -0.000000 0.000000 0.000000 13.941995 3.055742 -6.297630 -4.392849 -5.983402 -2.521235 6.795843 -1.961076 2.916162 -1.166127 -16.465928 -3.623627 -2.973879 -19.079617 13.380522 -0.000000 0.000000 0.000000 5.840531 -2.292270 1.116470 16.646597 -5.740397 -42.202138 134.836121 -78.998207 117.325617 -16.521038 -17.084680 18.252250 -1.105860 3.106387 -5.432031 21.583548 12.356597 57.425771 134.316710 61.696669 -132.225944 -7.368302 -5.015913 -17.313864 
-42.143747 64.330947 -79.520303 -175.696258 37.582940 179.193460 -10.820858 -3.164547 5.195399 44.664517 -3.758173 -9.768189 -3.072035 11.640412 -2.062072 -0.000000 0.000000 0.000000 -0.137327 -0.162977 -2.981086 5.062966 6.153210 -1.712571 17.520551 -4.254166 12.955877 -0.000000 0.000000 0.000000 12.250266 2.767065 -5.845147 -3.608291 -5.113628 -1.567896 6.637642 -1.140477 3.355141 -0.721716 -15.805008 -3.706168 -4.158382 -18.232430 14.211954 -0.000000 0.000000 0.000000 5.339441 -1.502545 0.728507 17.887026 -6.454433 -44.195417 147.318656 -80.462194 130.988944 -21.567113 -15.568339 16.784728 -0.967633 2.668013 -4.904611 21.692691 12.082588 55.940102 140.868679 59.717224 -137.982051 -9.190586 -2.947516 -13.708512 
-40.981483 65.199870 -77.691299 -174.201671 39.406804 176.000668 -6.742976 -2.535914 4.599648 39.075312 -4.186609 -8.257263 3.313236 10.347712 -6.055437 -0.000000 0.000000 0.000000 -3.753462 3.324706 -0.825692 14.562793 3.653944 -1.200644 14.497215 -6.381939 10.366294 -0.000000 0.000000 0.000000 12.654222 0.969807 -4.615187 -1.979043 -3.947078 -0.571434 5.992551 -0.290657 2.944371 -2.925421 -14.824252 -2.866389 -4.743424 -17.524066 13.471533 -0.000000 0.000000 0.000000 5.015952 -0.535092 -2.284921 18.968811 -6.972004 -43.712749 149.978513 -79.249700 137.496937 -22.535633 -15.564691 15.208970 -1.567396 3.085448 -1.706575 21.933671 12.596299 53.977059 143.145298 58.600336 -142.233168 -11.299176 0.684243 -10.693052 
-39.977157 65.559959 -75.785089 -172.782558 40.582481 172.935089 -2.913879 -2.206907 3.906610 31.946206 -6.722807 -6.017318 8.647841 8.741323 -9.224356 -0.000000 0.000000 0.000000 -9.235505 4.393744 0.388219 26.878689 0.482147 0.445241 9.250942 -8.276501 7.755557 -0.000000 0.000000 0.000000 13.375536 -0.723769 -3.565324 -0.822780 -3.167018 0.190452 4.852511 0.537045 2.508809 -3.978922 -13.641743 -2.102181 -6.001893 -17.007414 12.736583 -0.000000 0.000000 0.000000 4.336963 -0.331749 -4.651552 19.462271 -7.862307 -43.401812 143.791452 -77.837356 134.350696 -21.216145 -17.250959 16.585936 -1.999075 4.121163 0.707745 21.315105 12.424740 53.494094 143.097487 59.084970 -143.499638 -15.530946 5.989884 -11.074250 
-39.038903 65.222239 -73.750865 -171.709475 40.394356 170.209015 0.286960 -2.138313 3.631778 24.649475 -11.488887 -3.970607 10.647527 7.301752 -10.272480 -0.000000 0.000000 0.000000 -15.515360 4.841829 0.975214 40.138606 -1.047802 2.788502 4.075947 -8.880463 5.349124 -0.000000 0.000000 0.000000 14.748838 -2.757156 -2.179605 -0.599207 -3.264575 0.373722 3.428105 0.862660 1.372313 -4.415617 -10.831000 -1.110656 -6.922588 -17.464904 12.505561 -0.000000 0.000000 0.000000 3.738034 -0.833194 -5.083400 19.394219 -7.168914 -44.173541 138.171481 -76.430257 130.542468 -18.901209 -19.611904 19.783036 -2.727386 5.723248 2.041721 19.864070 12.116928 54.903555 141.084045 59.975536 -141.687091 -17.875216 10.408362 -14.165144 
-38.171950 64.167118 -71.617025 -171.987686 39.387325 168.498896 2.058143 -2.987654 3.851684 17.300520 -14.210735 -2.901475 14.855640 7.841981 -10.264667 -0.000000 0.000000 0.000000 -22.612486 5.545533 0.588530 52.809407 -1.923503 6.058184 0.087444 -7.800789 3.513476 -0.000000 0.000000 0.000000 15.169619 -4.663737 -1.307974 -1.524024 -3.424819 0.740640 3.019735 1.066586 0.690361 -4.985499 -8.725980 -0.363804 -7.445188 -18.342951 11.521762 -0.000000 0.000000 0.000000 3.047040 -1.282475 -5.432857 17.812018 -8.211080 -44.758845 132.120153 -76.373251 126.209197 -18.736963 -19.593424 20.328030 -3.413286 6.156962 2.652632 18.067496 12.809551 56.205405 136.479092 60.950227 -138.509982 -17.181804 11.133919 -16.934051 
-37.359947 62.357855 -69.456691 -172.662402 37.910967 167.158682 1.801720 -3.135355 4.085432 14.344206 -14.059048 -1.616701 15.164919 11.803823 -7.491149 -0.000000 0.000000 0.000000 -29.203088 5.862904 -0.706012 63.974152 -1.566183 8.594564 -2.367067 -6.809726 2.711199 -0.000000 0.000000 0.000000 15.996291 -6.493799 -0.725152 -3.035268 -3.953382 0.879872 2.385207 0.965069 0.249288 -5.871739 -8.252340 -0.083117 -7.044837 -17.734574 11.840057 -0.000000 0.000000 0.000000 2.365437 -1.863531 -5.626501 15.673983 -8.054320 -45.435520 129.317521 -76.365991 124.361050 -19.633773 -18.011250 19.664218 -4.117618 7.025850 3.256070 16.149374 12.596030 57.333252 131.794652 61.353926 -135.108961 -14.819339 9.685843 -18.540510 
-36.566114 59.672362 -67.436486 -172.914634 35.744142 165.149500 1.158493 -0.939439 5.383746 18.301558 -12.424730 0.652269 -2.615553 14.529007 2.532992 -0.000000 0.000000 0.000000 -34.144635 5.154417 -2.905603 73.335315 0.265742 9.770889 -3.549717 -6.525104 3.201582 -0.000000 0.000000 0.000000 17.715160 -8.017698 0.048301 -5.944021 -4.547401 0.597762 2.611453 1.152320 0.888231 -6.172406 -10.922646 -1.039796 -6.752848 -15.474754 12.717677 -0.000000 0.000000 0.000000 0.794754 -2.226413 -4.720241 12.767197 -9.183100 -46.484182 126.486410 -77.056268 120.659408 -19.811378 -15.977040 21.245268 -4.685601 7.938840 2.072663 14.694499 12.019038 58.816238 128.372497 62.124583 -132.731702 -12.086500 8.865381 -20.483713 
-35.804930 56.717664 -65.521324 -172.005700 33.048528 163.834469 0.755582 -1.514618 8.642709 21.388764 -16.601703 0.400259 -15.559187 13.639733 7.078214 -0.000000 0.000000 0.000000 -35.723199 5.296061 -6.988084 79.049266 2.568555 9.908760 -4.655622 -7.159568 3.565783 -0.000000 0.000000 0.000000 19.845471 -8.503856 -1.148958 -6.511337 -5.431265 0.711312 2.022844 1.310583 0.615448 -7.728558 -11.516297 -0.051900 -5.692266 -16.699759 11.964214 -0.000000 0.000000 0.000000 -0.428598 -3.285269 -5.401951 9.276489 -10.960564 -44.239894 121.793747 -76.833824 116.230144 -19.947012 -14.353974 21.953585 -6.137098 8.222222 4.182742 14.262307 11.438372 58.265586 123.529403 62.022592 -129.716638 -10.597198 9.050914 -21.263931 
-35.118413 54.192710 -63.634604 -172.526483 30.471894 166.298580 -2.212110 -3.801328 9.525759 23.765795 -18.676830 -2.889265 -21.964629 13.067296 10.491397 -0.000000 0.000000 0.000000 -35.996610 6.999666 -13.551305 80.171325 4.587451 9.292868 -6.057944 -8.778637 3.833879 -0.000000 0.000000 0.000000 19.877664 -7.412751 -4.791945 -5.668212 -6.598730 0.570249 1.531363 1.426584 -0.889947 -10.442791 -10.163203 1.212565 -4.118808 -21.550824 11.872758 -0.000000 0.000000 0.000000 -1.954399 -4.561853 -6.281347 5.104255 -14.685662 -39.707598 110.135990 -77.179111 102.978056 -17.582434 -15.146101 24.119305 -7.311794 6.734766 9.015621 14.489060 11.404660 56.551240 116.186490 62.298782 -123.671545 -9.482033 10.053258 -23.980452 
-34.431008 52.900505 -61.778575 -172.328093 28.094018 167.936547 -7.937335 -5.874587 8.923344 32.390123 -17.500932 -2.084862 -22.004216 11.364668 10.361712 -0.000000 0.000000 0.000000 -32.295073 6.924580 -17.273587 75.354486 5.281675 6.976093 -5.693435 -10.180886 4.119479 -0.000000 0.000000 0.000000 21.877654 -5.733634 -6.640300 -6.318220 -6.912422 -0.352000 0.893775 1.426264 -1.846697 -11.669320 -14.333762 1.085571 -4.407873 -22.409940 12.509680 -0.000000 0.000000 0.000000 -3.462302 -5.187373 -10.097295 2.180389 -20.094882 -34.539406 88.771909 -77.094777 79.181347 -14.089180 -14.082449 24.067598 -7.615993 6.011270 12.199320 15.852746 12.264622 55.564860 105.601261 66.890213 -114.005649 -9.736139 10.213693 -26.889769 
-33.550408 52.391976 -59.815437 -170.501677 27.271161 167.456034 -12.961930 -6.946746 10.402706 41.406666 -18.247528 -1.560812 -19.183240 10.993161 7.584081 -0.000000 0.000000 0.000000 -26.065930 6.269876 -16.245820 69.375244 5.633563 3.045199 -6.991792 -9.620086 2.981954 -0.000000 0.000000 0.000000 24.537816 -4.379295 -6.266019 -6.560806 -6.397429 -1.888092 0.347225 2.071759 -2.512235 -10.217625 -15.872769 -1.057112 -4.771753 -22.730807 13.063330 -0.000000 0.000000 0.000000 -5.121278 -7.858113 -10.023213 0.459335 -21.387992 -36.067941 66.690419 -74.906494 54.953363 -12.809814 -11.996724 24.896791 -6.811065 9.316588 10.369651 15.422153 11.628522 58.348732 90.347550 72.281401 -96.828147 -17.645012 8.085502 -29.649161 
-32.409757 52.131873 -57.932556 -169.251115 27.914696 167.260589 -14.020294 -6.473495 13.336234 43.162355 -17.901067 -1.506040 -19.316417 8.786739 5.542603 -0.000000 0.000000 0.000000 -21.148895 6.789665 -13.763072 65.851381 6.717834 -0.902878 -7.759154 -8.647280 1.629059 -0.000000 0.000000 0.000000 24.587439 -3.464027 -6.565303 -4.809221 -5.154192 -2.481160 -0.565271 2.187452 -2.482748 -7.484123 -16.278192 -2.570317 -6.055987 -22.366625 12.847076 -0.000000 0.000000 0.000000 -6.063036 -9.350585 -9.418953 0.091345 -21.468143 -39.956220 53.790538 -73.305982 42.451676 -14.415332 -7.808686 25.940070 -6.050619 11.678739 8.366356 15.086940 12.053203 58.248138 78.692719 75.108740 -82.195598 -23.937551 1.389505 -30.100039 
-31.133464 51.904732 -56.176329 -169.053098 28.856788 168.565738 -13.849992 -6.551224 14.130815 41.553871 -18.017913 -1.650147 -20.592962 9.852882 6.131082 -0.000000 0.000000 0.000000 -17.885836 6.859199 -13.925057 63.147818 7.936141 -2.708736 -6.861589 -9.624301 1.707701 -0.000000 0.000000 0.000000 23.372924 -3.270194 -7.249524 -4.299931 -4.415639 -2.827672 -0.037564 1.394789 -2.412092 -6.938044 -17.852519 -2.979058 -4.638078 -20.860962 12.497765 -0.000000 0.000000 0.000000 -5.644114 -7.813472 -10.468653 1.123127 -21.505039 -40.891868 49.129870 -74.459842 39.242996 -17.717227 -7.807660 27.444008 -6.535798 11.437883 8.707210 15.308883 14.017932 54.742855 76.589099 74.273783 -76.886421 -20.626562 -2.083158 -25.632098 
-29.695645 51.696163 -54.651868 -168.776280 29.286742 169.997447 -13.075022 -7.483672 14.084096 39.707855 -18.331546 -1.056682 -20.321830 11.865857 5.011780 -0.000000 0.000000 0.000000 -13.745547 5.773781 -15.492527 58.723495 7.230181 -3.006827 -6.672340 -11.474432 1.778560 -0.000000 0.000000 0.000000 22.492132 -3.146661 -6.963384 -4.578167 -4.332626 -3.263052 0.616947 0.279543 -2.283644 -7.244570 -19.284831 -2.850160 -3.771451 -19.118672 11.958681 -0.000000 0.000000 0.000000 -4.055686 -5.060496 -11.545555 2.258323 -20.090230 -41.137522 55.111261 -75.482641 45.790016 -21.142600 -10.417664 26.161683 -6.949135 9.930506 8.965489 14.948815 14.962798 52.195586 81.048511 71.107644 -78.291129 -13.918546 2.002054 -20.898305 
-28.081283 51.607299 -53.109592 -167.969736 30.964348 171.283707 -10.979392 -7.636720 15.116168 36.209048 -18.097900 -1.837551 -17.944378 13.348910 1.621946 -0.000000 0.000000 0.000000 -9.239486 4.525518 -16.918768 52.292425 5.721381 -3.551213 -7.452614 -13.952180 0.947698 -0.000000 0.000000 0.000000 21.888275 -2.398401 -6.558735 -4.458001 -3.631575 -3.731252 1.063201 -0.367919 -2.071538 -8.364589 -19.841215 -2.920331 -3.506752 -18.347794 11.381194 -0.000000 0.000000 0.000000 -2.750901 -2.617502 -12.770755 3.917412 -17.530815 -40.847555 63.747591 -76.135802 54.243336 -20.987702 -12.619057 24.149009 -6.931199 8.386457 9.232522 14.542980 14.572608 51.029288 87.405024 69.827261 -83.913546 -9.231907 4.954182 -18.435047 
-26.226681 51.632524 -51.144260 -167.893777 34.286511 173.332509 -8.532993 -6.059122 16.443039 30.450125 -17.154159 -2.856173 -14.381494 14.866669 -2.608842 -0.000000 0.000000 0.000000 -6.577546 3.289709 -18.279426 45.353361 4.784646 -4.483788 -10.505677 -15.935525 2.466192 -0.000000 0.000000 0.000000 20.439528 -1.265595 -6.928516 -3.695796 -2.301034 -4.267296 1.642862 -0.450369 -1.987658 -9.495053 -18.687261 -3.006676 -3.996077 -18.607276 10.353134 -0.000000 0.000000 0.000000 -1.689153 -0.423977 -13.375739 5.811686 -15.132613 -40.124805 68.748662 -76.534057 58.873814 -20.781132 -13.996964 23.370485 -6.670913 7.093453 9.679119 13.742812 14.857863 51.318120 90.668115 71.464630 -88.149391 -9.974907 4.515533 -17.730042 
-24.183792 51.723731 -48.591915 -169.352674 36.848167 176.231560 -7.302445 -3.226407 17.986924 23.311895 -15.991832 -2.856527 -9.724371 15.533380 -6.975760 -0.000000 0.000000 0.000000 -5.696655 1.526785 -19.124726 38.582766 5.904493 -4.389020 -15.568249 -15.238537 5.792887 -0.000000 0.000000 0.000000 18.460611 -0.630332 -7.073037 -2.763364 -1.586255 -4.787539 2.354558 -0.499494 -2.105071 -10.163505 -16.250782 -3.503337 -4.897707 -19.178069 8.973834 -0.000000 0.000000 0.000000 -0.802262 1.655267 -13.174656 7.977302 -12.636481 -39.396725 72.392816 -76.863184 62.320259 -21.633154 -13.902017 23.964690 -6.140092 6.407920 9.971823 12.162050 16.051561 52.530589 92.110034 73.788171 -90.237329 -12.340871 3.247727 -19.034001 
-22.117211 51.902407 -45.699599 -170.883278 37.370300 178.525053 -6.844035 -1.224187 19.929797 16.353928 -15.374996 -2.139415 -3.019224 15.623040 -10.401333 -0.000000 0.000000 0.000000 -7.073676 0.470806 -18.866496 36.527028 7.922092 -1.810489 -20.825924 -13.893706 3.323401 -0.000000 0.000000 0.000000 17.552684 -1.032474 -6.180193 -1.837929 -1.347186 -5.035762 2.917761 -0.870282 -2.219614 -10.959987 -14.060333 -4.637135 -5.983112 -19.033288 7.738118 -0.000000 0.000000 0.000000 -0.511215 3.676766 -13.357575 10.161204 -9.722630 -37.973479 80.272343 -77.688968 70.400837 -22.473147 -13.309181 23.718206 -5.444720 6.248311 10.355604 10.320585 16.988792 52.969824 96.934450 74.829155 -95.040983 -12.347093 2.288686 -20.905513 
-20.219055 52.181780 -42.896837 -171.175734 37.129880 179.631166 -5.907879 -0.927607 21.323387 11.553523 -13.960732 -1.705583 1.662032 17.077531 -9.876607 -0.000000 0.000000 0.000000 -9.685221 0.300631 -18.442701 38.539285 6.704023 2.344798 -22.446493 -11.926384 1.035885 -0.000000 0.000000 0.000000 18.081145 -1.744577 -5.119485 -0.766992 -1.218415 -4.927362 3.321981 -1.178228 -2.132663 -11.677561 -12.498652 -5.451983 -7.504080 -18.755459 6.659922 -0.000000 0.000000 0.000000 -0.534502 5.169455 -13.482858 11.882240 -7.329352 -36.476343 93.715775 -78.619568 84.830606 -23.747060 -13.360565 21.566034 -4.738726 6.246696 10.323062 9.184402 17.364758 51.850938 107.351716 74.044858 -105.902981 -11.052028 1.989698 -21.639585 
-18.496116 52.615893 -40.480986 -171.304544 37.507385 -179.355384 -5.295728 -0.953883 21.264572 11.322011 -13.581549 -2.069785 -2.976616 17.673552 -4.732173 -0.000000 0.000000 0.000000 -10.628761 -0.200581 -17.843754 38.095669 5.958650 5.010420 -23.417035 -9.952676 0.354165 -0.000000 0.000000 0.000000 17.848249 -1.541577 -5.006812 0.309776 -1.335491 -4.651322 4.077147 -1.120166 -1.966730 -11.494955 -11.505716 -5.361717 -8.133420 -19.137045 6.076612 -0.000000 0.000000 0.000000 -0.639562 5.792699 -12.086269 12.890398 -5.759207 -35.579303 110.578858 -77.736407 102.906406 -23.539008 -13.521748 19.127446 -3.888656 5.936937 8.999625 9.226893 16.435754 49.917152 120.540965 70.408598 -119.962326 -10.064685 1.921689 -21.573541 
-16.844894 53.603137 -38.314202 -171.665467 38.489358 -178.364499 -4.888093 -0.467837 19.942272 13.411270 -12.282618 -2.949672 -6.599807 16.744325 -3.165077 -0.000000 0.000000 0.000000 -9.911847 -0.743007 -14.929234 34.443809 5.239156 4.420057 -22.636735 -10.054175 -0.148926 -0.000000 0.000000 0.000000 17.209386 -0.516258 -5.757424 -0.066022 -1.066656 -4.561587 5.525895 -0.920211 -1.626461 -10.102863 -11.405787 -4.748245 -7.034424 -19.843166 6.469071 -0.000000 0.000000 0.000000 -0.820283 5.691049 -9.571977 13.270110 -5.534240 -34.695379 123.715751 -76.344785 116.655159 -22.046593 -14.703476 17.787295 -3.155650 4.671179 6.619196 11.120620 13.840055 48.774741 130.384115 65.678174 -130.920573 -9.360124 2.378453 -20.960802 
-15.315554 55.367494 -36.418870 -172.087883 38.384679 -177.884936 -4.483123 -0.943489 17.231148 16.255985 -12.028826 -3.500402 -7.074180 15.712662 -2.156269 -0.000000 0.000000 0.000000 -7.395662 -0.661961 -10.402718 27.979961 3.940010 2.065802 -17.019536 -12.253662 -0.309433 -0.000000 0.000000 0.000000 16.208956 0.165582 -6.138599 -0.432334 -1.419632 -4.343993 6.352701 -1.171789 -1.246881 -7.824399 -12.492261 -4.357644 -5.269361 -18.965805 8.112393 -0.000000 0.000000 0.000000 -0.077786 4.471499 -7.757024 14.060950 -5.696527 -34.220426 132.849123 -75.650511 126.799418 -21.506583 -16.850743 17.847633 -2.385598 3.837198 4.016712 14.755433 11.058867 48.772630 137.057344 63.092592 -138.663169 -11.234313 3.353516 -21.192374 
-13.868396 57.566237 -34.702635 -171.968752 37.000550 -178.238578 -3.401085 -1.891047 13.497255 18.710219 -11.917442 -3.249960 -6.326896 15.295983 -1.954891 -0.000000 0.000000 0.000000 -3.106782 -0.513267 -6.889711 18.914673 1.900916 0.568941 -6.769900 -13.858721 2.304157 -0.000000 0.000000 0.000000 15.291080 0.227332 -5.972155 -0.369463 -2.894635 -3.985170 6.678387 -1.975179 -0.970381 -4.700379 -13.521965 -3.694841 -3.923723 -17.493121 10.266682 -0.000000 0.000000 0.000000 1.192484 3.016803 -6.377855 15.260334 -5.834208 -34.481786 141.069994 -75.559547 136.051012 -23.060943 -18.404719 17.477634 -2.193135 2.962991 1.560419 18.576582 9.880790 49.296395 142.470870 62.356277 -144.054574 -15.739725 3.222600 -21.923763 
-12.449493 59.713036 -32.859099 -171.981656 36.174813 -179.202962 -1.613204 -2.982091 10.616845 19.739835 -10.055634 -3.382072 -3.903785 14.635566 -3.054657 -0.000000 0.000000 0.000000 -0.444311 -0.267617 -4.615125 10.884909 0.140882 -0.081708 7.131913 -11.764879 7.535152 -0.000000 0.000000 0.000000 14.284259 0.363028 -6.077263 0.216447 -4.353503 -2.944604 6.474098 -2.930180 -0.792129 -1.128508 -12.299261 -1.585355 -3.413045 -17.673305 11.247905 -0.000000 0.000000 0.000000 3.775002 1.479862 -5.967071 15.236376 -5.897925 -34.782050 147.524883 -75.314697 144.430275 -26.324205 -19.450261 12.819584 -2.481292 0.869110 0.430619 20.973368 9.917056 48.544939 145.304733 61.891405 -146.767216 -19.958600 3.079562 -19.505766 
-11.160439 61.308664 -30.848378 -172.650330 36.820660 179.295130 -0.171728 -3.342091 8.987885 19.895001 -7.973113 -3.113627 1.566648 14.317278 -4.895210 -0.000000 0.000000 0.000000 -2.083424 0.308028 -2.819892 9.434377 1.999474 -0.457398 14.655800 -6.775225 11.332999 -0.000000 0.000000 0.000000 13.384980 -0.121987 -5.958124 0.152072 -5.024509 -1.511271 6.159353 -3.542431 0.210371 1.722852 -13.993705 -0.769089 -3.361520 -14.834084 13.108724 -0.000000 0.000000 0.000000 4.186487 2.381383 -5.600017 15.774899 -8.303652 -34.909070 153.769211 -75.468218 150.882424 -28.679083 -19.581235 10.587167 -3.402221 -1.425807 -0.630444 22.104251 10.193913 46.479128 148.871712 61.636022 -150.045391 -21.574395 3.229394 -15.440311 
-9.995001 62.113106 -28.758109 -172.650523 37.685237 176.814766 1.638515 -2.988310 8.226567 19.537279 -9.145073 -1.826111 8.126388 13.277909 -8.166889 -0.000000 0.000000 0.000000 -7.762801 4.520194 0.469405 19.486155 3.730963 -0.010740 7.764951 -8.207292 7.577582 -0.000000 0.000000 0.000000 13.367500 -2.691922 -4.646432 0.647105 -5.375647 0.032384 4.741225 -3.989823 0.641115 3.942323 -14.211349 -0.560126 -4.717334 -11.729155 14.690637 -0.000000 0.000000 0.000000 3.872482 2.666861 -6.157960 17.194493 -5.931805 -34.657311 164.205623 -73.068208 161.085935 -29.118864 -19.124200 9.627706 -4.329642 -1.356557 -0.125620 22.084677 8.742871 44.103817 152.605142 60.142153 -154.045197 -21.586943 3.903344 -10.852570 
-8.916833 62.180531 -26.573443 -171.418196 38.413122 173.308862 4.713085 -2.313330 7.784577 18.023151 -13.937873 0.150202 12.019168 10.384055 -10.875036 -0.000000 0.000000 0.000000 -15.136212 6.631532 3.502315 34.012992 1.471649 1.945916 1.940620 -10.342337 4.175279 -0.000000 0.000000 0.000000 14.308293 -5.300820 -2.739541 2.750775 -5.614515 1.670022 2.522845 -4.295067 0.703166 4.858000 -13.362619 -0.790813 -5.512821 -9.504898 14.996976 -0.000000 0.000000 0.000000 3.767402 1.561592 -7.027312 18.384290 -2.864045 -34.062335 168.773935 -70.566296 166.893319 -28.019142 -19.879714 8.537310 -5.219995 0.025877 1.494890 21.511670 6.216185 42.336271 154.091235 58.259609 -157.120951 -21.401849 6.157699 -7.443568 
-7.972980 61.435223 -24.313881 -170.869560 38.965952 170.641328 7.434373 -4.586172 6.595867 15.090010 -20.570553 1.101581 12.483154 8.685545 -10.406419 -0.000000 0.000000 0.000000 -24.786608 7.733359 5.433597 51.066357 -0.602299 5.563487 -4.143530 -12.538451 0.928265 -0.000000 0.000000 0.000000 16.549775 -7.688735 -1.107636 1.353388 -5.068615 3.186488 3.040361 -4.610837 1.235015 2.550567 -12.744565 -0.122961 -4.782185 -9.466733 12.060196 -0.000000 0.000000 0.000000 2.681614 3.653550 -8.810248 18.162199 -5.313566 -31.167298 166.014474 -69.832571 166.295278 -28.289712 -19.299303 6.278632 -6.774269 -1.271847 2.478835 21.856963 7.783116 40.317690 152.655321 57.844651 -159.498970 -22.457903 8.553996 -6.190949 
-7.084288 59.797913 -21.927609 -170.421940 39.427992 168.644634 8.930411 -7.745573 4.722226 13.520289 -24.542052 0.474862 7.057972 14.209446 -4.003221 -0.000000 0.000000 0.000000 -35.583866 8.782879 6.179264 69.311326 -1.094504 10.064127 -8.912456 -13.735523 -1.871359 -0.000000 0.000000 0.000000 17.903616 -8.867088 0.249116 0.655353 -4.787619 4.040379 2.709380 -3.832497 0.771325 3.467553 -9.104032 0.281850 -5.542298 -12.766914 11.707201 -0.000000 0.000000 0.000000 2.369932 0.830347 -6.714623 16.426983 -4.571448 -31.362781 162.517580 -69.788391 163.445914 -27.206865 -19.632744 7.152965 -6.126254 -0.242169 2.771129 21.436107 6.050830 42.166531 148.654920 56.669738 -158.373061 -23.432389 10.981018 -10.832292 
-6.193490 57.614690 -19.528365 -169.942386 38.800541 166.421415 9.304353 -5.242872 4.771378 15.456349 -20.409720 3.228909 -7.864605 19.871170 3.888371 -0.000000 0.000000 0.000000 -44.945716 8.773574 5.657058 84.809400 0.711989 13.137314 -10.533026 -12.879783 -1.382651 -0.000000 0.000000 0.000000 20.397558 -10.291738 1.694021 -0.762703 -4.215341 4.634172 3.168723 -3.552926 1.110201 1.297500 -7.204204 1.866445 -5.210248 -15.103245 10.753467 -0.000000 0.000000 0.000000 2.049804 -0.316925 -5.810280 12.619813 -4.810035 -30.550395 153.980987 -70.004173 155.739075 -27.477621 -19.108099 5.727148 -5.647539 -0.199006 3.082729 20.527317 5.600248 43.312278 144.450061 56.393364 -157.037699 -24.527351 11.814691 -15.114229 
-5.290319 55.563116 -17.123218 -168.632253 37.137129 164.898918 7.839205 -2.608637 8.358255 18.116814 -23.209670 3.284810 -17.622384 16.110842 6.222780 -0.000000 0.000000 0.000000 -50.061639 9.393719 2.676434 94.933136 4.074588 13.950745 -11.320536 -9.715505 0.265436 -0.000000 0.000000 0.000000 22.182520 -10.593354 0.864691 0.512833 -4.516148 5.566311 2.801621 -2.855070 1.306234 -0.578938 -5.105185 4.082859 -4.897916 -20.027500 10.918835 -0.000000 0.000000 0.000000 0.899164 -2.139312 -4.790459 10.031414 -8.810134 -29.368568 139.517340 -72.571836 142.825821 -25.096755 -18.687931 7.704470 -5.701225 -0.363198 4.740259 19.732571 5.009657 44.650250 137.947414 57.750198 -152.525796 -24.663159 12.712836 -19.037076 
-4.556688 53.952032 -14.914085 -168.236493 34.742305 166.684804 4.342306 -3.446032 10.405550 20.709505 -27.251882 -0.059972 -21.861003 15.101496 8.644560 -0.000000 0.000000 0.000000 -51.525853 11.088938 -4.271880 99.269636 8.693864 12.070764 -10.153124 -7.768134 2.262518 -0.000000 0.000000 0.000000 23.370893 -10.255188 -1.543577 0.872602 -5.701366 5.696115 2.456057 -3.206709 1.404375 -3.068867 -8.482219 5.075129 -2.507499 -21.122141 12.631237 -0.000000 0.000000 0.000000 -1.398665 -1.944243 -4.917576 6.125604 -12.129715 -28.195735 129.030909 -75.954000 128.235864 -21.233875 -16.903668 13.493184 -6.285190 -1.107147 5.711103 19.314328 6.067534 47.401531 131.086532 62.130572 -145.431509 -22.040410 12.602879 -21.915696 
-3.673346 53.221321 -12.928240 -166.505603 32.939744 167.226623 0.930252 -2.739938 10.866393 27.453534 -26.841006 1.910007 -21.721120 12.499338 7.624581 -0.000000 0.000000 0.000000 -46.786458 11.319954 -9.732414 97.363393 9.567440 8.152082 -7.702094 -6.360903 3.788354 -0.000000 0.000000 0.000000 24.930342 -8.974638 -2.246597 1.018446 -6.714317 4.877553 1.627507 -2.868872 0.630230 -2.703000 -11.194738 4.955969 -1.106239 -23.173934 13.790800 -0.000000 0.000000 0.000000 -1.947235 -3.962312 -6.898447 3.359907 -13.732989 -28.604740 103.770468 -79.224218 99.818307 -18.197569 -14.531890 17.458100 -6.139368 0.178000 7.915254 19.456738 6.561865 50.055254 121.533979 68.592076 -135.560135 -20.243248 9.716921 -24.565323 
-2.510611 52.899426 -11.113682 -164.823913 32.892099 167.112058 -0.208963 -2.627886 12.388695 30.189530 -27.109861 2.631209 -19.838238 12.386287 5.308757 -0.000000 0.000000 0.000000 -38.858037 11.239659 -12.429450 90.026357 9.515340 3.839198 -6.732870 -6.847434 3.458469 -0.000000 0.000000 0.000000 25.440036 -7.942437 -1.639011 0.005666 -6.618553 3.051243 2.064772 -2.066826 -0.067217 -1.324484 -14.332807 2.829913 0.201230 -23.943916 13.691466 -0.000000 0.000000 0.000000 -2.408596 -5.096241 -8.104338 1.717089 -14.933200 -32.384523 65.244809 -78.284477 58.441286 -17.786044 -11.893299 21.567044 -5.654678 2.993295 7.692602 19.144255 8.364118 52.807774 103.047485 75.698781 -115.876143 -21.398095 5.075831 -30.160199 
-0.952253 52.832025 -9.403030 -164.013678 33.985474 167.634909 1.713542 -1.599059 14.183104 26.152217 -26.888015 2.604007 -17.936669 12.479339 2.117947 -0.000000 0.000000 0.000000 -29.311211 11.109400 -13.963841 78.256368 8.774394 -0.704550 -8.012266 -9.583949 1.275371 -0.000000 0.000000 0.000000 24.176816 -7.072150 -1.585361 0.466988 -5.908681 1.581814 2.001826 -1.597019 -0.501045 0.002252 -17.435556 0.319719 0.708880 -24.053447 12.875344 -0.000000 0.000000 0.000000 -2.343178 -4.730231 -9.062336 1.484563 -15.447241 -37.680091 46.298732 -74.382651 38.455651 -18.378214 -9.594318 25.337538 -5.527159 5.250745 7.451373 18.744295 10.212618 53.107331 74.129810 78.947019 -84.834995 -21.446469 -2.308650 -33.433401 
0.896540 52.798134 -7.674427 -164.472722 34.855974 169.333553 3.699895 -0.544403 15.637222 19.920201 -26.875697 2.113014 -15.680835 13.256009 -0.962161 -0.000000 0.000000 0.000000 -19.515842 10.061083 -16.206936 63.280802 9.263482 -4.343460 -7.514449 -13.409500 -0.442308 -0.000000 0.000000 0.000000 22.234777 -6.698011 -1.311387 0.260787 -5.283050 -0.084561 2.512687 -1.794296 -0.916286 0.012899 -21.358974 -2.246656 1.371727 -22.399998 11.676074 -0.000000 0.000000 0.000000 -1.159143 -2.521884 -10.779821 2.168972 -14.864408 -40.911618 42.373388 -72.539092 33.809528 -18.926932 -11.333092 28.195938 -5.915723 5.975805 7.613290 17.768391 11.481598 51.946499 45.686991 78.848707 -52.272322 -20.087595 -3.663326 -30.149126 
2.998299 52.696753 -5.737234 -165.914887 34.787271 171.694935 4.422337 -0.310140 17.162938 14.598306 -26.449459 2.054175 -12.767714 13.813658 -4.082252 -0.000000 0.000000 0.000000 -10.482667 7.623145 -18.866455 47.322534 11.465650 -5.475768 -2.776670 -14.703569 1.210808 -0.000000 0.000000 0.000000 20.259376 -6.231677 -0.747409 -0.036057 -5.024611 -1.470501 2.984491 -2.294176 -1.195319 -1.404603 -24.424402 -4.448583 0.446108 -20.524491 10.461310 -0.000000 0.000000 0.000000 0.472605 0.569171 -12.763588 3.666501 -13.467112 -42.205997 44.182686 -73.595124 34.895991 -22.629774 -14.157156 27.278248 -5.964671 5.471115 8.094105 16.319412 12.390039 50.445549 33.190422 77.664669 -35.299074 -19.363028 -0.751179 -25.385378 
5.288063 52.364206 -3.458859 -168.622943 34.580816 175.124551 3.310922 -1.447111 19.061887 10.567699 -24.715820 1.116735 -9.389668 14.649793 -7.737935 -0.000000 0.000000 0.000000 -3.854797 5.349597 -21.539688 33.462537 13.197605 -3.907357 -5.015365 -15.853213 8.111191 -0.000000 0.000000 0.000000 17.582379 -5.078092 -0.990803 -0.326145 -4.752620 -2.198249 3.698054 -2.622851 -1.379481 -4.110808 -24.671919 -5.541719 -1.622547 -20.468711 8.860224 -0.000000 0.000000 0.000000 1.972867 3.508029 -14.080443 5.629790 -12.116442 -42.122265 48.816048 -75.337292 38.754022 -25.527529 -16.033561 24.555863 -5.602448 4.183522 9.247029 15.209754 13.104405 48.853254 37.596321 77.539904 -36.754654 -15.702640 1.159490 -22.367446 
7.429726 51.977581 -0.763542 -171.227854 35.189181 178.353302 0.526708 -1.624971 20.676229 9.102122 -20.836714 0.703595 -4.386644 15.772387 -10.942225 -0.000000 0.000000 0.000000 -4.355456 3.648592 -22.792171 30.065019 12.197983 -1.551873 -17.137390 -13.870002 7.103333 -0.000000 0.000000 0.000000 16.552684 -3.791533 -1.303808 -0.921986 -3.694750 -2.655314 3.772621 -2.311934 -1.755605 -7.225586 -21.747866 -5.789552 -4.652167 -21.921535 7.379053 -0.000000 0.000000 0.000000 1.795090 5.657526 -14.659379 8.464051 -9.885841 -41.022701 55.826583 -75.880906 44.919227 -24.566022 -16.679523 22.719743 -4.745919 3.671706 10.902986 13.395165 12.901501 47.451967 48.601147 78.355471 -45.766180 -14.022306 2.333854 -21.834603 
9.236617 51.834410 2.226609 -172.648145 36.333904 179.843706 -2.943454 -0.107975 22.501919 9.523339 -14.993325 0.509415 1.313986 17.336282 -11.358154 -0.000000 0.000000 0.000000 -11.414010 3.703015 -21.563552 36.068087 10.364745 1.310658 -23.001544 -10.245357 3.811858 -0.000000 0.000000 0.000000 17.843298 -3.586134 -1.015291 -1.172381 -1.747314 -2.903543 3.542327 -1.813105 -1.931055 -10.949562 -18.042921 -5.616556 -8.356101 -21.788056 6.181893 -0.000000 0.000000 0.000000 0.602740 6.911356 -14.861235 10.789708 -7.007306 -39.433707 60.062356 -75.529648 48.470116 -21.982069 -16.670652 22.507320 -3.990916 4.715639 11.628174 10.130442 14.058490 45.923535 57.162769 78.581862 -52.845700 -14.121894 3.012425 -23.099106 
10.687030 51.885021 5.106575 -173.071700 37.318390 -179.205139 -5.771954 0.911896 22.423420 12.409313 -9.544818 0.426825 0.332189 19.257429 -5.833345 -0.000000 0.000000 0.000000 -17.905584 4.615416 -19.057659 43.193248 10.344608 2.459110 -24.356500 -8.931161 0.239947 -0.000000 0.000000 0.000000 18.361528 -3.605995 -0.819054 0.479480 -0.530824 -3.593511 3.437540 -1.178578 -1.886367 -13.023346 -15.850911 -5.777351 -12.613189 -19.686081 6.016133 -0.000000 0.000000 0.000000 0.033013 5.686490 -13.469215 11.601312 -3.870568 -38.729540 59.938590 -76.199584 48.692103 -21.779502 -15.156995 21.285365 -2.781573 7.997703 8.836045 6.638382 15.916391 46.277748 70.628050 78.165839 -66.928656 -12.960136 1.115439 -24.762166 
12.064971 52.354884 7.602794 -171.221913 36.403210 -179.191714 -6.405957 0.860513 20.808888 17.575095 -11.634746 -0.854309 -4.838557 16.839238 -3.460041 -0.000000 0.000000 0.000000 -17.315198 3.635064 -16.797757 43.634679 10.699079 2.352076 -25.502526 -9.663338 -1.396287 -0.000000 0.000000 0.000000 19.966230 -3.077526 -1.254386 0.637675 -0.911445 -4.276052 4.019313 -1.098738 -1.623315 -12.105261 -14.484118 -5.775808 -13.950373 -17.946176 6.446510 -0.000000 0.000000 0.000000 -0.612409 4.247011 -10.529986 12.908976 -1.240382 -36.863437 74.432306 -78.455907 63.181159 -21.825033 -13.097479 19.560853 -2.884321 9.938778 4.567456 6.010820 15.936769 46.061231 99.173115 77.408685 -95.498879 -11.567981 -0.602544 -25.684379 
13.226192 53.449088 9.763546 -170.666679 34.695552 -178.962198 -7.676158 -0.783460 17.847508 24.856945 -14.096886 -2.499882 -7.355574 15.469856 -2.528036 -0.000000 0.000000 0.000000 -15.131766 2.507394 -13.643203 39.656766 8.635298 1.821731 -23.110006 -10.996272 -2.081382 -0.000000 0.000000 0.000000 19.784979 -2.259075 -1.110701 -0.063477 -1.617993 -4.304653 4.924599 -1.180037 -1.827883 -9.702834 -14.120994 -5.864366 -12.805907 -16.753379 6.767971 -0.000000 0.000000 0.000000 -0.298276 2.629303 -7.378286 14.628235 0.395559 -34.374253 103.937481 -77.572571 93.492904 -19.455952 -15.756799 18.547319 -2.878179 10.133975 0.122965 7.633668 13.877858 44.667720 126.733073 71.754178 -123.835211 -12.285693 0.804870 -23.164912 
14.431372 55.156618 11.677078 -170.951322 33.395162 -179.119479 -8.453364 -0.932604 14.618124 31.196236 -11.801154 -4.041269 -8.069406 14.308784 -2.266074 -0.000000 0.000000 0.000000 -11.395511 1.871409 -10.098753 30.854889 6.142983 1.496334 -16.222680 -12.125479 -0.968826 -0.000000 0.000000 0.000000 17.831509 -1.165279 -1.203544 -0.056902 -2.249848 -3.893863 5.700592 -1.401756 -1.630784 -6.742454 -13.332667 -5.356468 -11.585243 -16.511471 6.848483 -0.000000 0.000000 0.000000 1.585373 0.786529 -4.321345 15.659764 1.617660 -33.514519 124.422061 -75.650705 116.059003 -17.887696 -19.578079 15.884097 -2.356839 9.189042 -3.395194 9.919707 11.244146 43.021268 140.326898 65.679302 -138.796137 -13.967181 4.620206 -20.819578 
15.689431 57.235563 13.599333 -171.250224 32.450360 -179.543139 -7.350757 -0.565141 10.982435 34.715816 -7.107056 -5.380520 -6.828461 13.711440 -2.970471 -0.000000 0.000000 0.000000 -6.666375 1.121451 -6.827854 19.058946 2.596959 0.609446 -4.476023 -11.497881 3.207769 -0.000000 0.000000 0.000000 16.095087 -0.189997 -2.095900 -0.741396 -2.878908 -3.350602 6.636754 -1.686668 -1.082467 -3.434554 -11.696333 -3.588768 -10.713173 -17.697587 6.529111 -0.000000 0.000000 0.000000 4.198256 -0.185569 -2.411635 15.742898 1.353754 -32.452062 139.470949 -74.494984 133.603626 -21.836932 -21.299406 9.751189 -2.206450 6.555380 -4.841900 12.840776 10.748187 41.778080 147.203041 61.919458 -147.174461 -18.443110 6.470057 -19.923315 
16.801043 59.369862 15.700802 -171.894374 32.692080 179.483111 -5.190934 -0.109408 7.635266 35.229812 -3.725245 -5.961983 -2.354483 13.199141 -4.645497 -0.000000 0.000000 0.000000 -4.260019 0.012875 -3.619421 8.479465 0.283963 -0.797534 12.132207 -8.041132 9.425170 -0.000000 0.000000 0.000000 15.300645 0.123315 -2.821917 -1.861103 -3.275198 -2.633031 6.590401 -1.950636 0.055185 -1.309259 -13.057883 -2.934402 -9.946582 -15.794965 8.238033 -0.000000 0.000000 0.000000 4.800981 1.027529 -1.884112 16.173828 -0.225014 -31.130156 153.280947 -74.046106 147.620730 -26.343013 -21.755069 5.622238 -2.687140 3.931563 -5.176139 15.891210 11.545673 40.721797 153.672541 60.468128 -154.046972 -21.535160 7.031058 -20.469314 
17.783387 61.026281 17.976564 -172.587978 33.607574 178.263506 -2.849520 0.924288 5.451459 34.069999 -3.529843 -6.406596 4.105942 11.171442 -8.056583 -0.000000 0.000000 0.000000 -5.638790 -0.361584 -1.240518 5.778982 -0.015151 -0.821969 16.031327 -6.108943 12.913016 -0.000000 0.000000 0.000000 14.243993 -0.257846 -3.150191 -1.860216 -3.594491 -1.846269 6.049527 -1.941030 0.868801 -0.253763 -13.493438 -2.777729 -10.443420 -13.862293 10.447828 -0.000000 0.000000 0.000000 4.700319 1.393939 -2.228042 16.611839 0.151352 -29.202458 168.779157 -72.415670 162.462271 -28.785011 -21.210834 4.970620 -2.727265 2.712463 -4.192775 17.636481 10.695385 39.951211 158.950003 58.551808 -159.406081 -21.507123 6.848197 -20.479355 
18.621257 62.166518 20.233542 -171.952682 33.719130 175.990730 0.189729 1.938918 4.155509 32.534698 -6.385644 -6.047917 10.110475 8.024190 -10.961482 -0.000000 0.000000 0.000000 -9.571398 2.029059 1.227239 13.076100 -1.798790 0.482486 10.606008 -7.332056 10.769109 -0.000000 0.000000 0.000000 14.317327 -2.018145 -2.450816 -0.552590 -3.688460 -0.751191 5.246509 -1.530459 1.093237 -1.096521 -12.704496 -2.422954 -12.507460 -12.849086 11.412934 -0.000000 0.000000 0.000000 3.899302 1.221955 -3.822151 17.532987 0.120896 -26.274366 175.055676 -70.161378 170.430167 -28.150314 -20.728411 6.120395 -2.948292 2.450144 -2.092362 19.468301 9.122215 39.142255 159.531541 56.083678 -161.928518 -20.489621 7.390411 -19.587286 
19.476828 62.856674 22.421308 -170.935002 33.508358 173.241756 3.336204 2.315065 3.357731 30.104297 -9.960967 -5.259383 13.306360 6.474911 -11.360572 -0.000000 0.000000 0.000000 -15.527046 3.237261 3.026280 24.937267 -4.375775 3.709962 4.465941 -9.289338 8.051432 -0.000000 0.000000 0.000000 15.226785 -3.835979 -1.507849 0.780382 -3.720184 0.521495 4.430915 -1.157343 1.262452 -3.346160 -11.006540 -1.930523 -13.509591 -12.472643 11.342403 -0.000000 0.000000 0.000000 2.958747 0.979162 -4.843136 17.267490 -0.165999 -24.207657 172.167845 -68.951228 169.856696 -26.513802 -21.666698 7.144497 -2.942510 2.656195 -0.060554 20.364148 7.658379 38.781344 157.201823 54.653366 -162.102393 -19.877919 9.030237 -19.375203 
20.453019 63.079935 24.433947 -170.762888 31.902265 170.889486 6.140898 2.770713 3.842194 24.839196 -11.126741 -4.390763 16.537612 7.960575 -11.323194 -0.000000 0.000000 0.000000 -23.714981 3.930186 3.915938 39.996066 -5.607963 8.546886 -1.382932 -10.976292 5.139447 -0.000000 0.000000 0.000000 16.730436 -6.070858 -0.134674 0.120098 -3.762885 1.576260 3.628289 -1.181393 1.549914 -4.992272 -8.731235 -1.572011 -13.250752 -12.859283 10.371091 -0.000000 0.000000 0.000000 2.342122 0.643740 -4.345957 15.519060 -0.555367 -23.974395 168.557004 -69.067164 167.326431 -26.163245 -22.043287 7.495213 -2.954714 2.371059 0.793396 20.614781 6.480865 39.580113 154.611980 54.670364 -160.627323 -19.700040 10.800817 -20.217012 
21.417652 62.556195 26.489839 -171.744666 29.114013 169.290846 8.051298 4.374278 5.361396 17.863723 -10.339892 -3.529695 18.415789 12.582351 -9.117741 -0.000000 0.000000 0.000000 -32.833141 3.950832 3.212873 55.283130 -4.472294 13.269808 -5.053649 -10.172280 2.885461 -0.000000 0.000000 0.000000 17.416832 -8.318384 1.185559 -0.936799 -3.968851 2.416268 3.258472 -1.197649 1.922335 -5.761348 -6.139480 -1.475719 -13.308652 -14.290446 9.387849 -0.000000 0.000000 0.000000 2.410531 -0.784404 -3.087308 12.484916 -1.208731 -25.243230 165.461806 -70.102731 165.071573 -27.177829 -20.458981 7.977572 -2.487324 1.892264 1.057864 19.939339 4.896898 41.344080 150.971269 55.699925 -157.688103 -19.399341 11.534273 -21.055479 
22.254486 60.842866 28.868371 -173.248422 25.735672 167.778941 8.363994 6.066737 7.142703 15.296228 -9.649760 -1.654733 4.263100 18.443805 -1.158182 -0.000000 0.000000 0.000000 -41.441749 3.823365 0.965940 69.321364 -1.617747 16.851228 -7.232228 -8.702236 3.237969 -0.000000 0.000000 0.000000 18.518559 -10.101498 2.580831 -3.113226 -4.357587 2.751826 3.810653 -1.033762 2.440783 -6.543725 -5.411655 -1.499897 -13.422622 -15.411076 8.796842 -0.000000 0.000000 0.000000 1.800295 -1.775885 -1.421402 9.173264 -3.919788 -26.689873 157.590240 -71.663253 158.099340 -27.650263 -19.355197 10.245836 -2.377680 1.092805 0.645362 19.401377 3.259171 43.587880 145.854906 57.482164 -153.388241 -19.628555 11.662503 -21.864195 
22.942716 58.206558 31.707472 -173.122878 22.185172 166.369039 8.794200 7.619307 11.039117 13.766117 -11.620484 -0.930970 -9.906857 16.573460 4.412820 -0.000000 0.000000 0.000000 -45.775213 4.413403 -3.085924 80.265274 1.347358 18.629841 -8.715887 -7.445066 4.205416 -0.000000 0.000000 0.000000 20.640908 -10.625155 2.075157 -2.706304 -4.871231 3.307498 2.580228 -0.364446 2.271156 -6.476427 -4.213008 -0.873918 -14.279508 -17.984223 7.806792 -0.000000 0.000000 0.000000 1.349283 -3.538981 -0.753656 6.362416 -8.665610 -26.260341 146.016774 -73.258564 148.947148 -26.379842 -18.741425 12.724237 -2.691856 0.468983 2.103296 19.796877 1.049583 45.578691 137.696581 59.872066 -147.036936 -19.762141 11.481607 -22.124153 
23.481768 55.460119 34.800935 -173.082945 19.584274 166.984584 8.237983 5.905965 13.252263 12.729200 -15.829823 -1.866972 -20.028278 16.517553 8.856023 -0.000000 0.000000 0.000000 -47.666813 6.537881 -8.197364 86.941927 4.697875 18.122168 -9.770464 -7.950591 4.937920 -0.000000 0.000000 0.000000 22.241508 -10.298743 -0.145589 -2.214424 -5.082858 3.149901 1.931436 0.261065 0.794022 -8.697803 -3.092226 0.522601 -11.521569 -20.869058 6.536017 -0.000000 0.000000 0.000000 -0.526123 -4.215966 -2.409019 2.217046 -13.529935 -22.798088 140.504331 -74.595581 142.442196 -24.294035 -17.731805 14.449078 -3.927481 -0.932263 6.465860 20.602385 0.844809 47.135002 125.186996 64.352927 -136.399832 -17.904505 11.512728 -23.190279 
24.127312 53.705555 37.403670 -171.825379 19.040559 168.105068 6.313640 4.470531 13.562059 16.994306 -15.367300 -2.077263 -24.490291 14.831416 10.735862 -0.000000 0.000000 0.000000 -44.660472 8.331739 -11.988053 88.392500 5.637625 14.961548 -9.564057 -7.597374 5.201376 -0.000000 0.000000 0.000000 23.117552 -8.922529 -3.395865 0.422620 -5.216142 2.595086 -0.533249 1.263290 -1.009592 -8.509856 -3.289645 1.393838 -11.505101 -22.641191 6.886902 -0.000000 0.000000 0.000000 -2.454565 -4.653490 -5.257010 -0.297267 -17.955689 -21.723366 127.588580 -76.002995 127.395182 -21.555826 -16.892808 13.699211 -3.902237 -0.687907 11.385258 20.440614 1.729507 48.830277 101.122883 70.929935 -113.430715 -16.131073 10.172218 -25.788116 
25.044844 53.373432 39.280996 -170.515295 21.379465 169.172034 4.434105 2.355239 14.151679 21.499691 -14.492401 -3.764651 -23.440236 15.575454 7.606100 -0.000000 0.000000 0.000000 -38.610297 9.340575 -12.917352 83.891215 4.392210 10.411433 -8.680187 -7.827529 4.472527 -0.000000 0.000000 0.000000 22.107284 -7.496098 -5.779820 0.879997 -4.546112 0.034662 -0.837437 2.607805 -2.357019 -6.231546 -4.552550 0.731600 -9.717297 -23.068685 9.079356 -0.000000 0.000000 0.000000 -3.525381 -5.777610 -6.955176 -0.755442 -18.710590 -26.440941 106.582598 -77.291563 104.294003 -17.198179 -15.607191 13.974550 -3.266352 2.954473 13.137388 18.653502 3.445352 52.359497 50.768969 72.647463 -61.167838 -16.143228 6.327042 -31.603589 
26.098910 53.630042 40.561244 -170.857604 22.592186 169.098003 3.068071 4.234134 16.330218 20.532311 -13.634623 -3.257244 -20.753728 14.518953 4.088196 -0.000000 0.000000 0.000000 -31.649764 7.747106 -13.229771 75.462720 2.565002 6.473285 -7.051175 -8.276970 4.126548 -0.000000 0.000000 0.000000 20.957530 -7.528226 -4.607578 -2.047371 -3.658870 -2.589341 -0.718195 2.823806 -2.265614 -3.292281 -9.316879 -2.259675 -6.599026 -18.645388 10.318866 -0.000000 0.000000 0.000000 -4.182895 -4.419909 -8.437592 1.563357 -17.210390 -34.981201 92.349712 -77.820911 88.561985 -16.361322 -10.938716 18.364654 -3.091179 6.073011 9.598902 18.919235 5.738082 54.930199 19.498068 68.924538 -24.743226 -20.167818 -4.947808 -35.514481 
27.388546 53.958470 41.645789 -172.677101 21.764287 170.171056 2.773793 4.219483 16.976188 15.671067 -13.325376 -1.104877 -17.359898 14.272682 1.114678 -0.000000 0.000000 0.000000 -24.691784 5.239953 -15.169244 64.619610 1.128974 3.817852 -5.114121 -9.066884 4.311476 -0.000000 0.000000 0.000000 18.501735 -6.976623 -4.013888 -3.706264 -3.504417 -3.780889 -0.495569 1.949554 -2.116730 -2.874181 -13.794604 -3.707712 -4.469480 -16.460116 10.413200 -0.000000 0.000000 0.000000 -3.229769 -1.238042 -10.975808 3.880251 -16.193460 -39.760796 94.376481 -77.559383 90.725454 -17.431405 -9.281623 20.375564 -2.897906 4.893832 8.898764 20.939384 5.725553 53.032934 23.438217 71.347825 -22.974160 -19.450140 -9.642630 -34.587998 
28.851748 53.983271 42.706653 -174.627009 20.623365 171.472752 1.998584 2.371198 17.792485 12.078771 -13.115140 -0.284822 -13.019511 15.329820 -0.868268 -0.000000 0.000000 0.000000 -17.644675 3.342538 -17.497946 52.096960 0.073880 2.742177 -3.904094 -11.105180 4.599083 -0.000000 0.000000 0.000000 16.062307 -5.978890 -3.828020 -4.711970 -3.160807 -4.391499 0.029004 0.920384 -1.809501 -4.345507 -17.548497 -4.094414 -3.454950 -14.980558 10.103064 -0.000000 0.000000 0.000000 -0.504721 2.779601 -13.091818 5.093479 -14.303951 -42.116472 103.646304 -76.385383 100.343230 -20.468231 -12.883798 17.101779 -2.393239 1.971996 8.844508 21.917287 4.402023 50.634531 49.894249 74.203483 -44.750187 -13.622184 -0.381707 -28.894124 
30.531725 53.726619 43.781021 -176.282657 20.664306 172.766665 1.291871 1.057364 19.323417 9.765260 -11.013647 -0.525245 -8.635455 14.891449 -2.804709 -0.000000 0.000000 0.000000 -10.853036 2.178574 -19.400688 38.946721 -0.482537 2.093526 -3.044011 -13.597948 4.821036 -0.000000 0.000000 0.000000 13.493736 -4.422541 -3.916158 -4.609247 -2.406813 -4.618808 0.489595 0.486117 -1.397030 -5.832205 -19.570382 -4.192265 -3.858028 -14.346165 9.996153 -0.000000 0.000000 0.000000 2.020578 6.027484 -14.276462 6.853994 -11.809896 -43.196012 114.050510 -76.642187 111.349369 -25.868157 -15.735093 12.557749 -1.882826 -0.551399 8.815465 22.156553 3.652369 49.091937 80.413643 73.990354 -73.698955 -8.036111 6.295095 -22.692412 
32.395279 53.264856 45.013443 -178.200207 21.883355 174.604146 0.166503 -0.977460 20.304565 9.677090 -8.698819 -0.417358 -5.795669 15.587504 -3.887417 -0.000000 0.000000 0.000000 -5.270195 0.974674 -21.146394 26.306292 -1.114037 1.358384 -0.982945 -15.733965 6.033256 -0.000000 0.000000 0.000000 11.214141 -2.378478 -3.982895 -4.583896 -1.554600 -4.596369 1.415608 0.241985 -0.872850 -7.470022 -19.904141 -4.453832 -4.634714 -14.285441 10.026199 -0.000000 0.000000 0.000000 3.648302 8.377396 -14.128539 8.716890 -9.630390 -43.780468 122.676069 -77.753362 120.322502 -31.708476 -17.075095 10.647101 -1.484574 -1.883959 8.246262 21.750419 5.194611 49.174054 97.793000 73.098213 -91.670011 -7.116424 7.202232 -20.377239 
34.450263 52.647233 46.486491 179.494348 23.953793 177.050132 -1.703329 -3.151916 20.994371 11.709902 -6.242028 -0.375517 -5.151908 17.781555 -3.987970 -0.000000 0.000000 0.000000 -1.881791 -1.509307 -22.368614 16.175694 -2.855959 -0.046189 3.102087 -16.946538 9.239743 -0.000000 0.000000 0.000000 9.730850 -0.121484 -3.704424 -4.810100 -0.665675 -4.462119 2.468026 -0.173313 -0.067237 -9.228937 -19.740860 -5.195108 -5.935480 -14.063212 10.263123 -0.000000 0.000000 0.000000 4.437412 9.421585 -13.186791 10.114169 -7.516557 -44.127215 127.212020 -78.457624 125.239193 -34.982294 -17.264045 11.585462 -1.156067 -1.804646 7.129645 20.552125 7.923646 50.547210 106.945690 73.785432 -101.829016 -9.081560 5.849216 -21.989948 
36.580527 51.842940 48.220780 177.790874 26.840329 179.488691 -4.034472 -4.352260 21.607761 15.926276 -3.182297 -0.948530 -6.900566 22.276861 -2.971896 -0.000000 0.000000 0.000000 -1.450028 -4.805873 -23.743023 12.079956 -3.667147 0.195177 -0.195256 -16.394353 16.096758 -0.000000 0.000000 0.000000 10.006591 1.955299 -3.426587 -4.893112 0.354203 -4.088388 3.021771 -0.619031 0.731618 -10.987522 -18.593200 -5.523447 -7.553803 -14.274360 10.036874 -0.000000 0.000000 0.000000 4.518948 9.519530 -12.230378 10.929217 -5.436562 -43.959360 127.844179 -78.117055 126.594529 -35.801548 -16.838807 14.346115 -1.192363 -0.819686 6.482822 18.129199 10.110914 51.347762 114.307384 74.959818 -109.300346 -11.501003 5.342308 -23.535764 
38.513973 50.947380 50.199395 177.945687 29.691910 -179.705318 -7.555625 -4.713402 22.659361 24.093123 -1.522357 -0.666778 -9.844691 25.139040 0.293533 -0.000000 0.000000 0.000000 -1.985224 -5.590341 -23.613005 14.122932 0.432367 2.843138 -14.585786 -15.308278 10.951973 -0.000000 0.000000 0.000000 12.760840 2.832524 -2.283243 -4.654564 1.371806 -3.577650 2.735971 -1.069252 1.230241 -12.826375 -16.988742 -5.434186 -8.749855 -14.349686 9.411918 -0.000000 0.000000 0.000000 3.401495 8.881668 -12.126531 11.820478 -2.983087 -43.503684 127.301991 -77.231814 127.330829 -36.797665 -16.852186 16.784951 -1.342033 1.754036 6.730529 14.554304 11.650719 50.778210 116.262754 75.119437 -111.055437 -12.316587 5.666282 -24.257814 
39.823908 50.407839 52.058548 -178.244982 32.708996 178.108573 -9.289712 -5.550089 23.163777 34.743189 -4.206257 0.736615 -14.149162 25.193688 4.331777 -0.000000 0.000000 0.000000 -5.053718 -6.107541 -23.730114 22.841322 2.808540 4.982062 -22.774812 -11.164549 7.315065 -0.000000 0.000000 0.000000 18.161088 2.727374 0.128227 -3.958141 2.431439 -2.987783 2.885227 -1.405621 1.431775 -15.297095 -15.078763 -5.268486 -9.150214 -14.098911 7.410185 -0.000000 0.000000 0.000000 1.067623 8.187224 -13.329012 11.715574 -1.897957 -43.713053 120.023299 -76.700590 121.204552 -38.094501 -17.433817 17.986312 -2.146981 5.344272 8.213623 9.831927 13.968160 46.718180 105.822195 75.940390 -99.779320 -10.145472 7.519982 -25.568740 
40.670380 50.447208 53.665179 -175.355021 36.856163 175.748948 -9.946082 -8.488527 22.187187 44.522499 -10.129287 0.266079 -16.621008 23.703595 7.134058 -0.000000 0.000000 0.000000 -10.616967 -1.490952 -21.962389 34.001287 6.628891 5.941169 -24.313852 -11.031203 3.495112 -0.000000 0.000000 0.000000 21.053056 2.262375 1.922887 -1.827541 4.209287 -1.776479 2.401730 -1.362190 1.612253 -16.027647 -14.167117 -5.932846 -10.752947 -12.050748 5.859168 -0.000000 0.000000 0.000000 -0.844112 7.762869 -14.232292 10.395332 -3.132287 -45.386361 106.607962 -76.914371 107.411308 -38.552101 -16.939999 20.332606 -2.330000 9.235357 9.132871 5.229564 18.318824 41.778448 76.189334 74.165938 -68.663408 -5.394445 8.770398 -27.943969 
41.366255 50.813258 54.824185 -172.598327 39.997893 174.211333 -11.506373 -10.120765 19.224968 53.197149 -12.282043 -1.149340 -16.634412 21.973060 5.777308 -0.000000 0.000000 0.000000 -11.256450 0.120745 -20.146835 36.272776 7.269431 4.754550 -24.825925 -9.868383 2.268171 -0.000000 0.000000 0.000000 23.312149 2.931333 2.557352 -0.066699 4.207889 -1.310106 1.473716 -1.311084 1.916306 -13.382600 -13.803894 -6.564725 -11.731621 -10.149830 5.951608 -0.000000 0.000000 0.000000 -2.234884 5.458953 -13.104562 10.393519 -4.869369 -48.246627 98.001943 -76.948087 98.994435 -37.386052 -16.203228 23.193592 -3.436687 12.548933 7.971220 1.648775 20.881537 42.656934 52.632982 68.497955 -44.405919 0.974915 4.433840 -25.692194 
41.715941 51.209092 55.532503 -172.415950 42.022613 174.279306 -15.807318 -11.673930 14.463274 60.760328 -11.240453 -2.952788 -17.101589 20.003031 6.210439 -0.000000 0.000000 0.000000 -12.336614 0.826382 -18.678575 36.405510 7.378832 3.435289 -24.092566 -9.353907 2.251387 -0.000000 0.000000 0.000000 24.471189 3.464136 3.766944 -0.540774 3.764676 -0.832423 2.131920 -1.187043 1.522153 -11.313502 -13.647969 -6.974327 -10.286521 -8.836193 5.632991 -0.000000 0.000000 0.000000 -3.524135 4.279237 -12.581570 10.774869 -7.981672 -49.089020 98.890788 -76.963099 99.862645 -36.525313 -16.164753 22.882474 -4.190386 13.596763 7.294339 -0.662480 23.163344 44.216929 33.686377 66.023187 -27.845105 2.405639 -2.364208 -23.340932 
41.853341 51.705277 55.903995 -173.777527 44.050859 175.224966 -21.029767 -12.747566 9.152181 66.042381 -8.780206 -5.819978 -18.406150 18.837947 6.806278 -0.000000 0.000000 0.000000 -12.714447 2.095306 -17.201787 33.804810 6.856797 2.762340 -22.238597 -9.604317 3.065740 -0.000000 0.000000 0.000000 25.065501 4.105630 4.655632 -0.931463 3.185618 -0.113729 2.647122 -0.740617 1.040246 -10.047547 -13.184178 -7.191926 -9.865503 -8.303272 5.037360 -0.000000 0.000000 0.000000 -4.425979 3.786598 -12.628072 10.613266 -11.075778 -49.022580 100.997144 -75.803240 101.119174 -33.651356 -17.416931 20.196486 -4.278012 13.294851 7.110966 -1.413033 24.760610 44.866203 23.375711 65.762890 -20.972989 -1.773126 -5.287715 -24.893370 
42.064095 52.232325 56.140578 -175.112849 45.189986 176.198623 -25.896352 -13.153663 4.418706 68.252254 -7.322180 -8.472489 -17.748002 17.207277 5.479074 -0.000000 0.000000 0.000000 -11.679506 3.348752 -15.217449 30.192962 4.796208 1.274854 -20.232158 -9.778009 4.192975 -0.000000 0.000000 0.000000 25.672864 4.886744 4.458954 0.067072 1.935424 0.494732 1.844931 -0.345175 1.549072 -8.621128 -12.303428 -7.282507 -10.574396 -8.080162 4.759711 -0.000000 0.000000 0.000000 -4.478279 1.957829 -12.202828 9.807187 -12.825188 -49.528976 101.294678 -73.616173 100.633079 -28.063392 -19.147067 18.059197 -4.121271 13.662858 7.310172 -0.595628 24.031853 44.624008 20.828406 67.572930 -21.002145 -6.916536 -2.361709 -27.615338 
42.291525 52.614057 56.157959 -175.885564 46.018837 176.182734 -29.806564 -13.105446 1.810229 69.050476 -7.351650 -10.962669 -16.965434 15.267546 3.864197 -0.000000 0.000000 0.000000 -10.041890 3.927863 -13.524656 26.169129 3.718965 0.347506 -18.432169 -9.662810 4.628071 -0.000000 0.000000 0.000000 26.466634 5.388341 4.350461 0.240302 0.677936 1.046135 1.824207 0.033269 2.095469 -7.350244 -10.287487 -7.288397 -11.109703 -8.329199 5.252327 -0.000000 0.000000 0.000000 -4.404390 -0.418169 -11.279592 9.190117 -13.620732 -50.723243 103.161776 -72.715913 101.520854 -24.436006 -19.853882 17.835619 -3.736872 14.094108 7.841061 0.238586 21.817632 43.898654 25.406295 69.343965 -26.095320 -9.081393 1.359512 -27.337774 
42.490935 52.790147 56.018615 -176.555361 46.617300 176.138000 -33.240892 -13.515799 0.335312 69.153120 -7.379990 -12.929157 -16.151417 13.954610 3.330695 -0.000000 0.000000 0.000000 -9.320131 3.647382 -12.907947 23.637462 3.437256 0.235330 -17.123280 -9.194102 5.011689 -0.000000 0.000000 0.000000 27.300465 5.527133 3.262843 -0.728269 -0.266922 1.850618 3.411698 0.396823 2.519541 -8.623617 -9.304148 -5.932205 -10.327085 -8.681169 4.338843 -0.000000 0.000000 0.000000 -3.893369 -0.205463 -12.126640 7.809957 -17.628817 -49.330038 105.243845 -73.006028 103.375683 -25.967045 -18.573018 15.652121 -4.014717 11.812691 8.963259 1.812538 23.096315 42.504433 28.196675 69.456035 -30.067337 -9.654850 3.039580 -24.517035 
42.653948 52.675688 55.821085 -175.855684 47.289448 175.064772 -35.525446 -13.656292 0.020065 69.773204 -7.860065 -13.120613 -15.672149 13.560986 3.095909 -0.000000 0.000000 0.000000 -8.993080 2.793536 -12.881747 23.576111 3.663920 0.556897 -17.391295 -7.715740 4.924558 -0.000000 0.000000 0.000000 28.076481 5.592665 2.498721 -0.058030 -1.557293 1.653634 3.635674 0.956341 2.027563 -8.354308 -8.430122 -5.810236 -10.334735 -8.395714 6.102816 -0.000000 0.000000 0.000000 -4.339335 -1.657845 -10.276973 7.424922 -19.023919 -48.814617 107.217550 -73.130709 104.698968 -25.928184 -19.229474 16.329819 -3.773539 12.431293 8.679231 2.016644 21.476231 44.341340 29.657770 68.760531 -31.495305 -9.631516 3.559130 -24.147301 
42.797008 52.405113 55.419034 -174.568445 47.314057 173.199693 -36.653513 -14.329751 0.455532 70.410462 -8.856865 -11.740741 -15.232212 13.543106 3.339882 -0.000000 0.000000 0.000000 -8.496818 2.124179 -12.638515 25.145433 4.355360 1.130450 -18.790108 -7.395500 4.692141 -0.000000 0.000000 0.000000 29.265075 5.378524 1.498913 -0.371164 -2.114777 1.429607 4.362855 1.197896 2.136612 -9.311068 -8.396464 -5.693680 -9.844495 -7.379420 6.766405 -0.000000 0.000000 0.000000 -4.743460 -1.674349 -9.929409 6.567849 -21.156840 -46.970327 106.968997 -72.950731 103.951527 -25.799460 -19.021820 15.395396 -3.665949 11.971359 8.422961 3.089092 20.919562 45.650007 27.064097 67.624537 -28.928644 -10.633215 3.369368 -23.820483 
42.932951 52.018601 54.800397 -172.961234 47.148584 171.425350 -37.021108 -15.388733 0.897264 71.039093 -10.157021 -9.911328 -14.820849 13.971332 3.935416 -0.000000 0.000000 0.000000 -8.505297 1.908202 -13.075973 28.385965 5.351613 1.676829 -20.908179 -7.204783 4.790913 -0.000000 0.000000 0.000000 29.707955 5.347731 0.187738 -0.005182 -2.488252 1.167482 4.582530 1.520749 1.853611 -9.396550 -7.279921 -5.747585 -10.064455 -7.751248 7.189672 -0.000000 0.000000 0.000000 -5.207606 -2.466677 -9.057980 5.604708 -22.760437 -45.078549 105.780116 -73.398328 102.308947 -25.643390 -18.474249 15.686406 -3.215150 11.632509 8.420439 4.598604 19.559144 46.828475 24.521863 66.810319 -26.055714 -12.539867 3.335578 -24.327380 
43.136966 51.706862 53.883564 -171.190350 46.683880 169.599662 -36.733852 -16.322394 1.436673 71.534516 -11.469977 -7.702040 -14.898006 14.947771 5.110504 -0.000000 0.000000 0.000000 -8.658562 1.936101 -13.828593 31.855747 7.295392 1.876140 -22.821467 -7.473623 5.039572 -0.000000 0.000000 0.000000 29.431401 5.380455 -0.878971 0.514577 -2.698197 0.921330 4.698584 1.692911 1.438196 -9.416459 -6.083978 -5.736199 -10.383540 -8.140146 7.141197 -0.000000 0.000000 0.000000 -5.699767 -3.404000 -8.575470 4.815443 -23.563767 -42.513948 105.017361 -74.048276 101.321221 -25.229542 -18.015589 16.053476 -2.596458 11.192133 8.807785 6.958316 17.540200 47.122244 24.933550 67.189894 -25.603516 -14.557953 3.172700 -24.664449 
43.417710 51.715237 52.570140 -169.843069 45.808864 167.907428 -35.863082 -16.936146 2.122050 70.538406 -13.079132 -5.698881 -13.688032 15.681230 5.416742 -0.000000 0.000000 0.000000 -7.448689 1.927921 -14.532986 32.204533 9.152283 1.672222 -24.224500 -7.646988 5.524939 -0.000000 0.000000 0.000000 28.132384 5.518185 -1.307210 0.984620 -3.002745 0.927748 5.081154 1.626272 1.108425 -9.778458 -4.652585 -5.205837 -10.597027 -8.289426 6.728284 -0.000000 0.000000 0.000000 -6.171103 -3.692033 -8.688207 4.236577 -24.047496 -39.984043 103.950223 -73.978925 100.534466 -23.710333 -17.488589 16.734508 -2.195438 9.583430 9.774767 10.023198 15.060796 45.897602 32.212782 68.396190 -31.209552 -14.941657 2.939642 -23.195986 
43.579671 52.103227 50.732189 -168.925794 45.219254 166.174758 -32.762336 -16.743638 2.937010 65.468459 -16.218719 -4.137567 -12.221331 17.309975 3.168558 -0.000000 0.000000 0.000000 -4.607802 1.877547 -15.304993 28.875615 10.839062 1.247609 -23.448015 -7.500467 7.355803 -0.000000 0.000000 0.000000 26.488835 5.439818 -0.746359 0.017737 -3.113502 0.998138 6.381623 1.126593 1.127664 -10.380970 -2.213903 -4.129179 -10.884580 -7.747167 5.567723 -0.000000 0.000000 0.000000 -6.230240 -3.065125 -9.501161 4.563781 -23.426322 -38.732914 106.127169 -73.599680 103.825361 -21.505926 -16.804462 17.789467 -2.219752 6.393965 10.933400 13.027942 11.666035 42.230700 46.633227 70.670216 -42.415129 -13.902207 3.063431 -20.386827 
43.448424 52.828151 48.564795 -169.551343 46.855313 165.415721 -26.016351 -13.659106 5.098999 57.970877 -17.995403 -3.818923 -22.789884 16.113339 7.172781 -0.000000 0.000000 0.000000 -4.121588 1.332914 -16.742249 25.195786 12.693723 1.002304 -18.200463 -6.873097 11.077670 -0.000000 0.000000 0.000000 22.454379 4.759841 0.171198 0.084189 -2.951196 1.372760 7.007352 0.911513 1.276889 -10.300133 -1.111277 -3.267058 -11.025763 -4.307583 4.867207 -0.000000 0.000000 0.000000 -4.896778 -1.503366 -10.441795 5.309994 -21.106365 -39.364360 111.523720 -73.348495 110.877101 -20.701154 -17.424673 18.499696 -1.400139 3.717921 10.630485 14.971339 8.784912 37.858817 62.949918 73.307244 -57.070910 -11.955261 3.590121 -16.905984 
42.995474 54.076391 46.379215 -170.687277 49.828062 165.151519 -19.128667 -10.985955 6.151800 46.680500 -15.665098 -5.502402 -25.388526 16.334199 9.723299 -0.000000 0.000000 0.000000 -3.624830 2.712238 -16.802390 20.856207 12.576545 -0.226714 -7.187008 -5.816390 14.834207 -0.000000 0.000000 0.000000 18.844231 3.394577 1.570550 -0.683856 -2.300063 1.190794 7.242269 0.475781 1.957562 -9.590129 -0.896898 -2.699518 -9.774678 0.819828 4.057650 -0.000000 0.000000 0.000000 -2.802285 1.020461 -11.103039 7.159373 -18.099602 -41.619688 116.600095 -72.689605 118.245685 -20.398858 -17.830607 17.478603 -1.083265 1.382743 9.205412 16.415876 7.674840 33.257094 79.549957 75.710317 -72.790367 -10.642202 3.434265 -14.805973 
42.321870 55.829328 44.313222 -172.410213 51.904875 165.809382 -14.335357 -9.204931 5.410461 36.892804 -12.768358 -4.922146 -19.261766 15.936524 8.164016 -0.000000 0.000000 0.000000 -2.497295 4.877549 -14.380019 16.398821 13.262108 -2.748445 6.696004 -9.087686 12.415897 -0.000000 0.000000 0.000000 16.092373 1.671539 3.104564 -1.549455 -1.757619 1.157983 7.035475 -0.389623 2.899828 -8.723579 -2.617683 -3.417640 -8.855914 7.256974 4.461296 -0.000000 0.000000 0.000000 -0.593555 3.382535 -11.496100 9.385588 -15.363915 -44.566531 121.441696 -72.174795 124.899273 -20.130925 -18.459356 17.002206 -0.646982 0.322852 7.068830 18.131037 7.051338 29.864917 98.402220 77.938374 -92.234640 -10.488889 4.006669 -15.833096 
41.600668 57.744080 42.225906 -173.832273 53.510749 167.169656 -7.440184 -8.163655 4.339658 22.639285 -11.896165 -5.027240 -9.204415 16.582098 4.624768 -0.000000 0.000000 0.000000 -2.408384 5.950563 -11.978399 16.003865 10.843122 -3.113175 7.960561 -13.862985 7.814179 -0.000000 0.000000 0.000000 13.334503 0.161028 4.286329 -1.643584 -0.865635 0.888406 7.182826 -0.976130 3.079508 -7.959409 -2.596371 -3.691623 -8.429969 10.547567 4.183854 -0.000000 0.000000 0.000000 0.637196 5.155653 -10.840089 11.907610 -15.151682 -47.124311 124.189620 -71.806381 129.582820 -23.570475 -19.239767 16.478309 -0.179596 -0.640414 5.556687 19.682314 6.637219 27.649172 118.415778 77.916182 -113.234277 -13.062000 5.680732 -17.129613 
40.761840 59.751159 40.246990 -175.511555 54.425088 168.545548 -2.105350 -5.530511 3.087737 9.718298 -10.565889 -3.287864 5.760724 14.599135 -2.686058 -0.000000 0.000000 0.000000 -3.748992 4.864282 -9.739561 17.840806 6.475224 -1.198770 5.052680 -11.338945 8.499090 -0.000000 0.000000 0.000000 11.534011 -1.158375 5.705062 -0.879898 -0.586986 0.852438 5.745589 -0.979132 2.607041 -7.127718 -0.992843 -3.683983 -8.969079 11.659554 4.116017 -0.000000 0.000000 0.000000 1.003773 6.868343 -11.187640 13.979787 -13.826145 -48.258065 126.908266 -70.977073 132.745881 -28.973173 -20.916148 13.654423 0.374206 -1.457216 4.703776 19.321632 5.430656 26.434929 132.648419 75.810728 -126.715483 -15.989113 8.152876 -15.567561 
39.799809 61.454517 38.543737 -177.396941 54.302782 170.159570 0.034498 -4.923386 2.380389 2.526449 -9.333099 -1.733707 14.056261 11.297978 -10.212266 -0.000000 0.000000 0.000000 -5.122948 4.265407 -6.990317 19.597036 3.783944 0.657772 8.200205 -8.593022 10.296229 -0.000000 0.000000 0.000000 10.611613 -1.823122 5.797763 0.080100 -0.841894 1.388948 4.158139 -1.245747 2.544217 -7.373905 0.464445 -3.184787 -11.171138 11.642183 5.563923 -0.000000 0.000000 0.000000 1.970270 6.797239 -11.335416 16.601668 -15.103747 -49.078208 130.218578 -71.772371 138.976578 -32.878026 -22.052954 10.318575 0.099543 -2.356404 4.315174 19.742405 5.252034 25.222498 141.251681 73.760833 -135.406961 -17.362879 9.856078 -13.229712 
38.817158 62.373221 37.041500 -179.049013 53.696203 172.279031 -1.402125 -7.427185 1.019013 4.880116 -10.007358 -1.113266 10.742716 12.065388 -8.619485 -0.000000 0.000000 0.000000 -6.788128 4.056527 -4.244000 22.247270 0.904785 0.941690 11.291637 -7.832927 11.576585 -0.000000 0.000000 0.000000 10.046862 -1.706264 4.412157 -0.378969 -1.374720 1.315688 5.295571 -1.659495 3.005742 -9.487458 1.178714 -2.042869 -15.043012 11.251960 8.177009 -0.000000 0.000000 0.000000 2.587381 6.209662 -10.065357 17.409349 -16.591451 -50.409927 132.825149 -72.136215 143.871085 -36.008266 -22.731588 8.221593 -0.287016 -2.813698 2.818101 19.919000 5.882191 26.812446 142.723213 71.337252 -137.976714 -20.157252 11.413283 -11.934692 
37.786007 62.815231 35.655060 -178.184956 53.100279 172.558647 -3.059879 -8.343194 0.584399 11.240937 -9.406607 -1.243333 5.032395 14.512505 -5.814879 -0.000000 0.000000 0.000000 -6.151373 1.780977 -1.559301 22.570284 -0.261461 -0.608369 14.321382 -8.285185 12.762105 -0.000000 0.000000 0.000000 12.312278 -1.230650 3.032836 -1.148304 -2.015143 0.548042 5.755806 -2.453345 3.650961 -12.728255 0.563206 -0.836496 -17.743777 12.402972 10.985202 -0.000000 0.000000 0.000000 2.946360 5.184848 -10.358746 15.349845 -8.208770 -51.014182 145.608842 -69.014977 152.613175 -41.246008 -20.677033 6.349498 0.370642 -1.536785 1.924605 18.812778 5.201611 29.356162 146.913038 69.079411 -142.913655 -20.544649 12.145192 -11.433453 
36.683357 62.708771 34.289232 -177.225220 52.689410 173.104996 -5.978534 -8.422345 0.899812 19.748664 -7.664733 -2.044351 -0.349788 14.987585 -3.797270 -0.000000 0.000000 0.000000 -3.920174 -0.394423 -0.635545 19.148868 -1.914890 -0.780721 13.391446 -7.316046 13.908758 -0.000000 0.000000 0.000000 13.992226 -0.065727 1.635340 -1.501052 -2.508396 -0.122429 6.266824 -2.574016 3.650351 -14.930808 0.785832 0.200669 -18.797387 11.077641 11.575170 -0.000000 0.000000 0.000000 2.777985 3.997138 -9.398409 14.542836 -7.518262 -51.571607 147.547670 -69.131487 154.793564 -45.130820 -19.938210 5.394674 0.028737 -1.405231 1.105601 18.537265 5.863524 32.499522 146.682172 67.313907 -144.111873 -22.160393 12.433044 -11.090278 
35.623446 62.043345 32.887557 -176.626274 52.807504 174.290959 -10.076353 -8.759498 1.960501 29.601647 -6.826370 -3.600433 -3.930222 14.044784 -1.579634 -0.000000 0.000000 0.000000 -1.377022 -1.716274 -0.942511 13.671888 -0.809358 -0.201972 14.029948 -6.471914 14.673946 -0.000000 0.000000 0.000000 15.327442 1.328789 -0.016469 -2.194967 -2.656034 -0.782686 6.522010 -2.325373 3.302078 -15.815087 0.581674 0.700583 -18.179091 9.750311 11.634526 -0.000000 0.000000 0.000000 2.448483 3.596620 -8.585714 13.399403 -8.457072 -51.404639 145.467893 -69.841949 152.962223 -46.804905 -20.111581 5.697728 -0.269713 -1.536712 0.545408 18.394463 6.998196 36.000414 144.664002 66.078574 -143.677702 -23.470264 12.430074 -11.384413 
34.622654 60.845333 31.412226 -175.850806 53.623231 175.651004 -14.518400 -10.071729 3.261468 40.367861 -5.339428 -5.289413 -5.809738 14.050448 0.041538 -0.000000 0.000000 0.000000 0.198805 -0.372865 -1.522003 10.258986 2.242688 -0.263742 14.296448 -7.155539 11.602703 -0.000000 0.000000 0.000000 15.768338 2.513991 -1.674982 -2.182277 -2.399684 -1.585738 7.088256 -1.542058 2.499459 -15.557215 0.821109 0.489835 -17.003571 8.210392 11.685173 -0.000000 0.000000 0.000000 1.893269 3.067746 -7.838099 14.122841 -14.315610 -50.364452 141.003606 -72.274758 152.850238 -43.851636 -20.651597 7.268180 -0.991011 -1.394590 0.021512 18.419943 9.642556 40.023380 140.327364 65.971702 -141.708047 -24.335852 11.427492 -12.250046 
33.642918 58.948362 29.850438 -174.369681 55.202440 176.678957 -18.442627 -10.603328 5.293663 51.249889 -5.101055 -6.504661 -7.825963 14.941347 0.918328 -0.000000 0.000000 0.000000 1.003647 -0.859726 -3.298754 13.395257 2.487431 -1.191327 -3.042896 -10.725725 3.848839 -0.000000 0.000000 0.000000 16.717434 3.472886 -3.179742 -2.169821 -2.028689 -2.950695 6.977800 -0.810112 1.535804 -14.104289 2.243233 0.200541 -15.499321 7.574123 11.213404 -0.000000 0.000000 0.000000 1.066425 2.592910 -7.657018 13.836309 -13.847697 -48.890022 138.951775 -71.451131 151.292212 -42.771635 -19.962548 9.019560 -0.847660 0.227048 0.005999 16.645681 10.416670 43.896034 136.676908 65.749231 -138.952806 -24.298374 10.489280 -13.367140 
32.565126 56.785655 28.249943 -169.387057 56.710317 173.433274 -18.825353 -11.184658 9.179333 59.753179 -6.818675 -5.840565 -10.178480 14.900626 1.212848 -0.000000 0.000000 0.000000 3.108732 -0.990387 -6.730472 15.935959 3.121125 -0.092450 -15.592036 -9.046752 0.901897 -0.000000 0.000000 0.000000 19.832174 3.787835 -3.108477 -1.155167 -1.461633 -3.625329 5.442281 0.111119 0.387070 -12.178871 4.542533 -0.096037 -14.492678 7.869235 8.681773 -0.000000 0.000000 0.000000 0.199453 2.692121 -9.345866 13.120901 -13.378685 -47.038089 130.444476 -69.835520 143.319427 -42.933702 -18.763678 8.357390 -1.112311 1.925146 2.223064 14.675992 11.249227 44.312268 131.292573 66.533212 -134.287545 -23.436093 10.119034 -13.799102 
31.315649 54.440767 26.838413 -165.542263 59.310585 170.363875 -18.403039 -11.583363 14.495059 64.344513 -9.431890 -4.626834 -10.206984 14.829868 0.760945 -0.000000 0.000000 0.000000 1.594513 -0.382446 -9.256747 20.678132 6.981868 0.251577 -25.196423 -9.338309 -2.496800 -0.000000 0.000000 0.000000 21.022717 3.778672 -3.445876 0.781924 -0.001265 -3.575159 5.437472 1.247964 -0.288368 -12.996818 8.161486 -0.568161 -10.931903 7.847341 5.301908 -0.000000 0.000000 0.000000 -1.253479 3.655792 -12.165833 11.225765 -14.177866 -44.189351 123.237552 -69.000966 135.049915 -39.448181 -17.434428 8.940513 -0.752284 3.688277 7.353976 11.420309 12.814689 40.773644 121.686736 68.929723 -125.455638 -21.103901 11.393485 -14.503217 
29.997122 52.864766 25.272176 -163.531560 60.463141 168.045248 -16.758760 -12.210985 18.754828 63.503437 -11.816828 -1.723752 -9.150059 15.815720 1.189823 -0.000000 0.000000 0.000000 -6.258939 2.926679 -11.533327 34.707350 8.659397 2.487499 -26.280633 -9.679311 -2.746347 -0.000000 0.000000 0.000000 20.886790 2.214538 -3.884427 3.729601 1.401061 -2.468834 4.347909 1.252186 0.128575 -12.643007 10.699908 -1.229949 -10.249302 9.657555 2.473922 -0.000000 0.000000 0.000000 -1.105010 4.622091 -14.627135 8.291653 -12.781381 -44.730678 117.488258 -68.944498 124.590114 -31.771874 -15.803650 12.706445 -0.276810 5.934577 11.539055 7.058873 15.389114 37.434400 93.443172 72.648797 -94.355872 -16.263396 13.620955 -16.670550 
28.769568 51.746440 23.456104 -159.839742 59.159279 165.351269 -13.283132 -11.703583 20.815947 59.511912 -13.329228 1.561838 -9.190262 17.683442 2.497213 -0.000000 0.000000 0.000000 -8.598260 1.719225 -16.343245 41.149024 10.087625 3.322301 -23.957483 -7.420928 0.001114 -0.000000 0.000000 0.000000 23.114505 1.516198 -4.521021 3.492995 0.766488 -2.622987 3.771130 0.621682 1.021553 -8.670028 11.129915 -2.788274 -10.216328 10.895086 3.299113 -0.000000 0.000000 0.000000 -1.454487 2.829807 -11.818490 6.934508 -11.761810 -48.803630 107.528442 -70.479279 109.566566 -26.363890 -10.873243 18.647583 -1.007326 8.493041 10.512502 2.360368 16.615673 43.387463 48.422423 69.095343 -45.738128 -9.044243 8.355698 -18.090077 
27.625918 50.886619 21.136226 -159.456724 57.688791 165.205408 -11.018850 -10.849413 22.698148 53.744778 -13.763575 2.699985 -8.452187 19.294332 3.089168 -0.000000 0.000000 0.000000 -8.180419 -0.295063 -21.151833 40.772776 11.248616 2.990945 -23.087416 -5.532103 2.869597 -0.000000 0.000000 0.000000 22.937696 1.580203 -4.386850 2.856066 -0.075374 -2.612786 4.749484 0.400585 0.848760 -6.732306 12.558727 -2.912479 -6.916942 10.512837 2.743362 -0.000000 0.000000 0.000000 -2.547956 1.213470 -9.707378 5.796766 -14.105697 -49.926494 94.681705 -71.306997 92.199370 -23.429138 -7.300375 22.889825 -1.559431 9.005182 9.887599 -0.344967 17.955673 49.050828 24.448849 59.975681 -22.352775 -3.339755 -1.424567 -19.194279 
26.399803 50.522578 18.516208 -161.958553 56.921235 166.577162 -9.852235 -9.756388 24.859224 46.133565 -15.606523 1.421183 -6.743912 18.234964 0.885328 -0.000000 0.000000 0.000000 -6.137167 -0.328915 -23.225987 35.993996 12.018117 2.512150 -21.790279 -7.794525 4.582869 -0.000000 0.000000 0.000000 21.079286 2.306240 -3.656788 2.773931 0.059049 -2.646908 5.022104 0.523363 0.791532 -6.175521 13.638599 -1.853078 -4.108046 9.394016 1.429355 -0.000000 0.000000 0.000000 -3.352975 0.308982 -10.012274 3.533666 -17.659974 -48.206238 82.262874 -70.646214 74.264643 -23.329702 -9.349877 21.898128 -1.151133 7.424463 11.416653 0.501479 17.881612 49.799584 17.205914 54.919476 -16.527301 -3.706860 -3.428511 -20.524644 
24.927254 50.776160 15.504533 -165.029144 55.813441 168.555925 -8.859412 -8.897056 25.271302 38.295604 -18.064079 -1.054894 -4.077014 17.527932 -4.683373 -0.000000 0.000000 0.000000 -3.809338 -0.104643 -25.370531 30.718684 10.518270 1.243961 -16.417746 -8.548946 9.004804 -0.000000 0.000000 0.000000 19.921594 2.857934 -3.280182 2.026121 0.045673 -1.934878 5.266541 0.252312 0.773587 -6.937977 14.317914 -0.468000 -3.661869 7.919188 1.037023 -0.000000 0.000000 0.000000 -4.218154 -0.141771 -10.457557 1.230891 -21.380751 -47.777360 70.796200 -68.745874 58.267292 -21.827453 -10.438429 18.753435 -1.037873 4.113855 13.263113 3.093522 16.094830 48.002546 17.152174 54.307242 -16.334681 -6.526553 0.359809 -18.901699 
23.163162 51.476085 12.262978 -168.206731 54.274392 170.107060 -8.714974 -8.321863 24.266212 36.771026 -16.521728 -2.362262 -12.616488 18.344034 -5.687475 -0.000000 0.000000 0.000000 -0.675169 0.003242 -27.031808 23.978217 9.977834 0.117698 -7.075912 -9.532696 15.319454 -0.000000 0.000000 0.000000 19.235542 3.110292 -2.388345 0.942114 -0.978105 -0.806324 5.432314 -0.778934 1.510188 -7.950580 13.154781 0.329607 -4.854097 8.819318 1.349469 -0.000000 0.000000 0.000000 -3.972611 -1.199846 -10.183205 -1.220464 -23.316705 -49.688528 62.807758 -66.948576 48.417091 -19.616666 -10.993306 18.044693 -1.007471 1.278206 13.664760 6.135163 13.835367 44.808593 18.901987 56.325636 -17.609195 -8.131199 3.385630 -16.997059 
21.251275 52.484262 8.964149 -171.348639 53.632336 171.451937 -11.110680 -8.679803 22.077251 38.463571 -14.876662 -5.081167 -18.474326 17.368431 -1.577001 -0.000000 0.000000 0.000000 0.524586 -0.392625 -28.391512 17.834209 9.588942 -1.465536 6.056373 -8.192553 20.601243 -0.000000 0.000000 0.000000 18.258558 3.295614 -1.660863 0.126476 -2.209112 0.724396 5.762676 -2.130819 2.511199 -9.192879 10.974632 0.508856 -6.356560 11.548340 2.082048 -0.000000 0.000000 0.000000 -3.166515 -1.915079 -10.416014 -2.982694 -24.739518 -50.563866 61.262233 -67.397651 48.127666 -19.319801 -11.039350 18.728645 -0.856069 -1.035674 13.704650 8.905904 12.279132 39.980257 21.496629 59.359961 -20.589849 -7.530553 4.110605 -16.432186 
19.468942 53.612959 5.835171 -173.456810 54.919006 171.599127 -12.145226 -7.247956 20.808444 38.867107 -13.006626 -7.130906 -20.957794 15.185348 0.694930 -0.000000 0.000000 0.000000 -0.391684 0.493177 -27.535433 14.458609 10.267103 -3.358133 16.510773 -9.306748 18.154707 -0.000000 0.000000 0.000000 17.195656 2.916802 -0.569594 -0.447534 -2.415232 1.830748 5.625542 -2.867029 3.425416 -8.954289 8.741750 -0.424540 -7.147803 15.260406 3.079778 -0.000000 0.000000 0.000000 -2.583304 -2.372568 -10.184998 -3.162166 -24.065168 -49.770446 71.985683 -69.918525 62.165058 -17.179059 -10.989024 19.115662 -0.057193 -2.017316 12.334734 10.500187 9.428410 36.003021 25.658448 64.352761 -25.266532 -6.620760 3.038099 -16.307251 
18.052737 54.842985 2.847649 -173.510393 58.223286 169.510935 -8.285895 -2.880486 20.310663 32.483705 -11.794084 -8.717892 -22.395340 14.756578 2.347599 -0.000000 0.000000 0.000000 -3.283347 1.446971 -25.290251 15.759062 10.403232 -2.372113 12.854988 -7.339742 13.097303 -0.000000 0.000000 0.000000 16.511443 1.676692 1.745584 -2.185037 -1.503106 1.762813 6.512309 -2.753971 3.923639 -7.535033 9.355684 -1.281519 -5.323722 17.331452 2.537951 -0.000000 0.000000 0.000000 -2.661875 -1.540885 -7.589051 -1.391575 -21.670570 -50.585046 91.002893 -72.066993 86.366411 -17.052014 -13.739813 19.772180 0.799391 -2.546717 9.115482 10.403501 6.552724 33.047975 36.278570 70.619042 -32.773716 -6.621181 2.157442 -18.508423 
16.861254 56.687838 0.085189 -173.460577 62.953411 167.763250 -2.957449 1.235307 17.257888 23.353871 -7.518953 -7.804812 -17.934797 15.477730 2.112257 -0.000000 0.000000 0.000000 -7.225149 3.154119 -21.396413 19.606528 9.568803 -0.437788 8.841291 -5.155894 13.381143 -0.000000 0.000000 0.000000 15.625838 -0.150627 4.189041 -3.423669 0.071978 1.469232 7.063884 -2.441487 4.173244 -6.257719 10.834498 -2.726297 -3.442754 20.952442 1.484142 -0.000000 0.000000 0.000000 -0.959602 0.114367 -4.712981 2.368709 -18.822102 -53.857136 110.093832 -72.195072 111.639883 -23.999856 -18.381663 21.911688 2.209866 -1.726620 5.025545 11.265592 6.459797 30.866577 51.954167 75.844208 -45.611035 -7.430987 3.332832 -21.399184 
15.903088 59.021443 -2.670101 -173.241709 66.290153 167.004738 2.955690 2.248439 11.648500 12.595447 -4.147904 -4.430428 -6.757791 18.091296 -0.362322 -0.000000 0.000000 0.000000 -10.057338 2.878666 -16.754585 23.528911 7.481605 0.487088 10.571905 -6.572938 11.994657 -0.000000 0.000000 0.000000 13.935880 -1.785792 6.330107 -2.287180 0.846972 1.401166 6.805615 -2.153237 4.332204 -5.711853 11.115544 -5.339478 -2.812117 26.059396 1.220470 -0.000000 0.000000 0.000000 0.456418 1.950569 -4.470102 6.588731 -16.477262 -55.904355 124.149675 -72.039635 128.815985 -29.012496 -24.459960 20.290175 3.224008 -0.379160 1.637893 12.807383 6.228733 28.812961 80.128525 79.492113 -71.660546 -9.047012 6.267730 -19.010231 
14.808521 61.285526 -5.237144 -172.459241 69.542409 166.631349 6.510880 2.399609 7.094061 3.558704 -0.688881 -1.565070 9.794980 17.356970 -6.795336 -0.000000 0.000000 0.000000 -11.885229 1.953029 -11.900391 26.581095 2.514484 0.236631 12.199537 -8.335464 10.639249 -0.000000 0.000000 0.000000 13.549239 -2.324839 7.555668 -1.031034 1.529175 1.499394 5.249501 -1.018385 4.370320 -4.661336 11.400288 -7.723874 -4.336662 28.965451 2.187536 -0.000000 0.000000 0.000000 1.032524 2.959823 -4.451678 10.895718 -15.460690 -55.873170 128.333598 -70.762755 133.995635 -29.028031 -27.301587 16.782366 3.603154 0.650329 -0.549889 15.200646 5.192637 26.959037 115.153999 78.890689 -105.285969 -10.878662 10.256843 -13.469825 
13.535017 62.820482 -7.605581 -173.268457 71.006886 168.475935 4.488389 1.068249 4.716144 4.685771 -5.006778 -1.332623 12.162343 12.214547 -10.301638 -0.000000 0.000000 0.000000 -12.565616 0.838848 -8.078014 28.480667 -1.331089 0.233756 13.368442 -9.293750 10.970771 -0.000000 0.000000 0.000000 13.985831 -2.285187 7.858611 -1.634726 1.438003 1.171450 4.838302 -0.530570 4.766528 -4.048053 10.970781 -8.951265 -8.313745 30.375233 4.961697 -0.000000 0.000000 0.000000 1.156370 3.025072 -5.140808 14.094447 -11.295990 -53.348487 137.755546 -68.620669 141.486925 -26.694876 -27.748736 12.280524 4.142265 2.023393 -1.652602 16.265094 3.038033 25.357834 139.681950 75.213800 -128.253441 -11.594861 14.515287 -9.242489 
12.216390 63.624716 -9.787216 -172.740240 71.126813 170.101569 0.218417 -4.558969 2.261786 11.471981 -10.050505 -3.097446 11.233084 13.571005 -8.389012 -0.000000 0.000000 0.000000 -11.576870 0.382209 -5.848970 29.232019 -1.405761 0.975357 14.866833 -9.354948 11.686646 -0.000000 0.000000 0.000000 14.750095 -1.270556 6.314319 -1.611293 0.469886 1.078656 4.674771 -0.627323 4.865963 -4.758440 9.910707 -8.647808 -12.390874 29.828757 8.111802 -0.000000 0.000000 0.000000 0.800151 2.124735 -6.804207 15.727753 -5.654319 -48.641674 150.509547 -65.621501 151.561844 -26.107336 -26.320398 7.962762 4.140827 3.160813 -1.061264 17.465381 1.472151 24.050120 150.232975 70.581000 -139.321086 -11.934254 16.439565 -7.063744 
10.928410 63.718867 -11.827412 -169.101928 71.125283 168.630275 -4.322530 -7.830421 0.973089 20.883855 -8.713634 -4.970657 7.523578 15.870050 -6.528538 -0.000000 0.000000 0.000000 -8.833143 0.079417 -3.456995 28.502258 -0.450991 0.869154 16.290142 -6.882105 13.462365 -0.000000 0.000000 0.000000 15.982742 0.439767 4.440146 -1.316548 -0.295316 1.106635 5.449049 -0.566253 4.769695 -6.095362 9.435094 -7.318494 -13.865853 26.711576 8.861812 -0.000000 0.000000 0.000000 0.140314 1.367545 -6.414001 15.856557 -5.689557 -47.195017 150.753630 -65.240252 152.402334 -26.896163 -26.279294 6.325076 2.883878 2.821483 -0.806019 18.311187 2.172281 24.786513 150.817074 67.087738 -141.721684 -13.943755 16.432099 -6.556670 
9.588832 63.221085 -13.848364 -165.271749 71.813027 166.829358 -9.601651 -8.031206 1.003971 31.885798 -7.796904 -5.640300 3.284771 14.098919 -4.255150 -0.000000 0.000000 0.000000 -5.862240 -0.996966 -1.581186 26.266387 1.660093 -0.099747 17.281565 -2.700200 14.700294 -0.000000 0.000000 0.000000 17.892753 2.078610 2.782728 -1.820069 -0.761594 0.840213 5.852172 -0.203150 4.652551 -7.034864 8.729221 -6.393018 -14.319335 23.837105 9.164500 -0.000000 0.000000 0.000000 -0.433122 1.008781 -5.293873 15.761986 -6.014135 -47.786931 149.297130 -65.501841 151.152395 -26.145068 -26.458462 9.772322 1.611778 2.652983 -1.402790 18.413265 3.359247 27.891781 150.586729 65.557485 -142.993255 -15.479221 15.646113 -7.972081 
8.205473 62.196857 -15.906833 -162.779973 73.211117 166.362715 -16.298278 -8.012010 1.642927 43.858526 -7.730363 -5.489557 0.718133 12.218251 -4.044193 -0.000000 0.000000 0.000000 -2.458906 -1.141617 -0.305877 21.690678 3.918973 -1.324317 15.094132 -1.251189 15.000076 -0.000000 0.000000 0.000000 19.526588 3.606823 1.204052 -3.075025 -0.885512 0.170534 6.778304 0.252483 4.451770 -8.482415 8.162992 -5.707584 -13.775209 21.307331 8.701504 -0.000000 0.000000 0.000000 -1.068786 1.312706 -4.105817 15.162623 -6.633182 -48.890882 146.733586 -65.836543 148.533553 -25.603450 -27.601806 14.804136 0.379465 2.480318 -2.036005 18.130877 4.935988 32.080933 149.417654 65.069808 -143.707502 -17.185805 14.506563 -10.661863 
6.775378 60.738391 -18.032092 -162.297917 75.465571 168.217769 -23.493778 -10.071572 2.465098 54.281074 -7.979776 -6.910725 -0.716750 12.325708 -2.643231 -0.000000 0.000000 0.000000 0.291576 -0.964625 -0.762909 15.855595 5.815673 -1.306963 17.892522 -4.121783 13.471297 -0.000000 0.000000 0.000000 20.526691 5.158502 -0.835744 -4.424066 -0.828766 -0.481500 7.672889 0.522337 4.163480 -10.321886 6.760793 -5.881950 -12.680728 20.140156 8.623991 -0.000000 0.000000 0.000000 -1.124909 2.164999 -3.919192 13.837020 -6.906652 -49.125946 145.011750 -65.863040 146.699998 -25.148662 -29.316380 19.236159 -0.198108 2.367445 -2.008793 17.531800 7.019276 36.037529 146.756587 64.855641 -144.161817 -18.864288 13.282252 -12.977838 
5.275884 58.640045 -20.187604 -166.376462 78.736429 175.009701 -31.122676 -12.069469 3.930665 63.219425 -8.993448 -8.470399 -1.249591 11.909828 -1.204998 -0.000000 0.000000 0.000000 0.692712 -1.276085 -2.419804 15.536102 7.414866 -2.090079 0.766150 -11.140803 2.868747 -0.000000 0.000000 0.000000 20.054334 6.526953 -3.328533 -5.066967 -0.564674 -1.459576 8.363135 0.480784 3.737362 -11.502828 7.427961 -5.988097 -11.216501 17.939248 7.527409 -0.000000 0.000000 0.000000 -0.720417 2.411724 -3.489433 13.182983 -6.328175 -49.149678 144.274585 -65.262971 146.928590 -24.592469 -30.028079 22.944937 0.072628 3.205950 -0.922635 15.507769 8.352491 39.130636 143.545035 64.249017 -143.933071 -19.135013 12.689608 -14.610151 
3.789095 56.486034 -22.385316 -158.442529 81.854484 168.948045 -33.822608 -13.112486 6.829559 68.920736 -10.439803 -7.341968 -1.028153 11.801266 -2.436346 -0.000000 0.000000 0.000000 1.400799 -1.897344 -6.372226 17.698764 6.575488 -3.173817 -15.609512 -6.864100 -0.377707 -0.000000 0.000000 0.000000 22.023623 6.957957 -4.047517 -4.196350 -0.210995 -2.397216 7.330141 1.133805 2.169817 -11.835410 10.350751 -4.743142 -10.154781 14.752175 3.837480 -0.000000 0.000000 0.000000 -1.406080 3.485581 -6.688961 13.022283 -8.477878 -46.264536 131.247474 -63.167019 138.449757 -25.293902 -29.472207 23.721328 -0.638933 3.693715 3.334217 12.928527 9.888957 38.504911 136.202739 63.546564 -138.931300 -19.794148 12.984311 -14.827043 
2.280799 54.634732 -24.419582 -136.285641 84.963962 146.012056 -32.816138 -14.247213 12.860857 69.476010 -12.691556 -5.041956 0.441517 11.975822 -3.946516 -0.000000 0.000000 0.000000 -1.181648 0.306274 -9.666133 22.646923 10.967490 -1.110257 -24.116582 -5.885642 -2.212277 -0.000000 0.000000 0.000000 23.554078 5.829985 -2.504166 -2.136587 1.111765 -2.083282 5.779935 1.546404 0.246978 -13.224238 13.164328 -2.599464 -6.081365 13.493457 -0.656177 -0.000000 0.000000 0.000000 -1.816446 5.532578 -10.747440 12.240954 -9.857297 -43.877258 120.011278 -62.728907 128.946396 -24.060339 -31.082051 24.179480 -1.574997 4.346881 7.654491 9.240837 13.495037 36.216122 121.141730 65.432738 -124.170598 -16.348515 15.992270 -15.308753 
1.069040 53.588837 -26.390335 -97.115212 86.497333 105.990287 -29.042758 -14.148930 17.785470 63.722338 -14.584421 -1.561783 2.915814 12.173818 -6.098143 -0.000000 0.000000 0.000000 -6.098818 2.688688 -10.471186 30.372931 11.758733 -2.400795 -26.746185 -5.451601 -3.272230 -0.000000 0.000000 0.000000 24.201562 3.810826 -2.305129 -0.682546 1.999404 -1.832616 3.916767 1.279031 -0.054337 -12.345526 13.856109 -0.627438 -5.761625 13.195388 -0.374163 -0.000000 0.000000 0.000000 -1.373030 6.722658 -13.538847 10.672401 -8.779351 -44.597911 112.120131 -63.759347 118.324204 -20.811197 -29.992051 26.144457 -2.320307 5.100919 10.394378 4.742047 16.063455 36.740007 92.130416 66.304608 -91.054281 -5.446625 18.265695 -19.083824 
0.167337 53.186667 -28.667560 -89.351761 85.208564 97.777362 -22.678648 -14.307505 19.381264 53.846031 -18.097852 2.983150 4.426870 12.794531 -6.459721 -0.000000 0.000000 0.000000 -9.032426 4.988186 -12.337053 36.569695 12.503937 -2.688042 -24.407654 -6.647999 -2.223967 -0.000000 0.000000 0.000000 24.965039 1.601346 -1.511632 -0.838580 1.241354 -1.692180 3.753401 0.443347 0.271147 -9.619247 12.543497 0.119043 -4.720481 12.917164 2.043259 -0.000000 0.000000 0.000000 -0.766309 4.492782 -11.668611 9.127905 -9.245122 -49.409190 99.276232 -68.797281 101.309886 -19.816372 -28.550680 29.750361 -2.614674 7.656907 10.056231 1.268058 17.198569 41.554943 53.852529 61.622739 -50.802465 7.048589 14.935786 -26.000944 
-0.413543 52.888101 -31.339884 -90.393191 84.044517 98.480395 -15.385000 -14.136219 20.084811 41.965255 -24.499474 7.062346 3.917990 13.610615 -5.717951 -0.000000 0.000000 0.000000 -8.885828 5.529807 -15.431912 36.535171 13.498086 -3.519646 -21.811508 -6.812203 0.415355 -0.000000 0.000000 0.000000 24.039180 0.080429 -0.848921 -0.922841 0.192597 -1.429271 4.214408 -0.625530 0.613352 -5.857327 11.473704 1.277119 -2.114985 11.087602 3.184012 -0.000000 0.000000 0.000000 -0.223521 2.613889 -9.031958 6.727580 -14.156071 -52.586685 72.640701 -70.457986 71.503826 -28.662519 -25.941219 29.707568 -3.492407 8.649340 8.893924 -1.990459 20.103049 46.810817 21.641699 47.796665 -20.301214 4.224798 11.689685 -30.728105 
-0.795112 52.549160 -34.352419 -77.145588 83.974198 84.431312 -7.313379 -13.211654 21.443535 27.788518 -30.531461 7.761433 3.098890 15.057028 -6.578385 -0.000000 0.000000 0.000000 -7.432235 6.312688 -18.366494 31.982755 14.979354 -4.753380 -20.152133 -7.494384 3.208834 -0.000000 0.000000 0.000000 21.061539 -0.753598 -0.229041 -0.842989 -0.157247 -1.243416 4.455743 -0.772866 0.716893 -0.515180 9.760858 2.382536 2.082710 7.578831 4.136254 -0.000000 0.000000 0.000000 -0.753584 1.327381 -7.692760 4.180824 -19.816119 -52.967497 43.507687 -67.177677 38.297554 -35.105415 -21.644710 26.514328 -4.138032 9.120525 9.321295 -4.568176 22.085097 48.633115 1.709104 29.057338 -6.040556 -5.039093 8.230252 -33.609043 
-1.171421 52.040726 -37.558451 -50.850643 83.438552 56.599074 0.018206 -10.183096 22.499806 16.838872 -31.353716 6.282300 -6.246725 20.619741 -7.317701 -0.000000 0.000000 0.000000 -6.102175 8.330286 -20.887556 26.797576 16.315760 -5.733985 -18.373779 -8.678275 6.907270 -0.000000 0.000000 0.000000 18.973911 -1.211347 0.431536 -2.403918 0.456384 -1.267674 4.721244 -0.308159 0.723888 4.635187 6.753407 3.733325 6.615797 3.152370 5.342143 -0.000000 0.000000 0.000000 -2.779278 1.099465 -7.015889 1.988033 -23.516338 -52.780724 31.749793 -57.788640 19.338783 -31.852453 -17.214538 21.801698 -4.912456 8.532586 9.554376 -6.300684 21.623386 48.945821 -10.640160 11.622925 -1.506774 -12.045025 1.931532 -36.356342 
-1.785470 51.694149 -40.635407 -32.888667 81.406695 36.480055 4.420937 -3.835485 22.418592 9.332991 -26.958835 2.335734 -13.708407 19.292225 -4.810169 -0.000000 0.000000 0.000000 -6.458094 9.958435 -22.644986 24.880655 18.174159 -7.186632 -14.168452 -8.574493 10.641935 -0.000000 0.000000 0.000000 19.848525 -1.873817 0.676981 -3.436279 1.060712 -1.308103 3.938294 -0.324729 0.849186 7.324379 -0.334451 4.978948 9.299563 1.685107 6.187175 -0.000000 0.000000 0.000000 -5.306828 2.586406 -8.280680 0.507455 -26.035950 -51.175573 32.953700 -47.330955 11.015622 -20.001202 -15.738749 21.580972 -5.743356 7.816990 10.201406 -6.765748 20.667198 47.140851 -19.151434 -0.368327 -0.576603 -13.157243 -4.650833 -39.827757 
-2.672777 51.714730 -43.444791 -26.255632 79.327443 27.883875 5.352333 3.164403 20.295518 7.705583 -23.363814 -0.300399 -17.345904 15.214140 -3.909004 -0.000000 0.000000 0.000000 -7.286229 11.011242 -23.353633 24.561811 19.178522 -8.968778 -8.434655 -8.214641 13.074765 -0.000000 0.000000 0.000000 21.355792 -2.223833 0.314645 -2.094606 0.502734 -1.189808 3.205438 -0.785490 0.552285 8.353046 -1.489267 6.177813 9.675982 -3.549008 7.802379 -0.000000 0.000000 0.000000 -5.589799 -0.926717 -9.045391 -1.401784 -25.884727 -50.085964 34.377059 -36.811118 6.891458 -10.162117 -14.873416 24.829889 -6.209202 7.888934 10.952969 -6.535510 19.054220 45.316445 -20.294106 -3.039721 -0.028770 -13.055085 -9.357669 -37.886756 
-3.635630 52.072614 -45.941791 -23.595490 79.030244 23.499372 5.627153 5.885300 17.424700 6.980749 -22.533386 -0.746563 -18.301383 13.326744 -2.394510 -0.000000 0.000000 0.000000 -9.018455 10.050219 -22.598927 24.553617 17.105890 -8.661523 -3.183659 -11.904463 10.780989 -0.000000 0.000000 0.000000 22.189996 -2.729294 0.492849 0.029327 -1.322976 -0.853010 2.484222 -1.756896 0.585213 9.031199 -6.609729 5.304873 10.248095 -5.421612 9.888786 -0.000000 0.000000 0.000000 -4.696601 -4.537435 -8.699261 -3.391004 -25.411539 -50.280854 31.795657 -26.805030 1.878953 -7.037957 -12.288308 26.317654 -6.024077 9.071388 9.678795 -3.887333 17.367281 45.783718 -16.456281 -0.081884 0.497269 -12.923466 -8.955451 -29.404380 
-4.405497 52.741361 -48.039952 -20.030853 78.602877 18.849439 5.197632 5.797117 15.283590 6.193822 -22.726898 -1.249553 -17.006646 13.944113 -1.236307 -0.000000 0.000000 0.000000 -11.165374 8.665969 -20.290811 24.839050 11.833361 -6.241234 -3.636631 -14.659327 5.778036 -0.000000 0.000000 0.000000 22.887367 -2.788298 0.149315 -1.030592 -2.314203 0.371427 3.771276 -2.437036 0.223685 9.405472 -7.299350 5.900022 12.505740 -11.982478 9.831963 -0.000000 0.000000 0.000000 -4.206723 -5.075975 -9.220990 -5.223280 -27.132031 -50.011102 26.171526 -17.219944 -4.683698 -8.273910 -9.351698 22.590418 -6.045699 6.332052 11.098571 0.424924 17.743787 43.852886 -7.635725 5.890244 1.576930 -13.355159 -3.650010 -21.557248 
-5.050619 53.485817 -49.799564 -15.288883 76.025664 13.096545 4.826690 7.095162 13.754275 5.244708 -21.364805 -0.499688 -15.274059 14.204596 -1.850129 -0.000000 0.000000 0.000000 -14.165665 6.963392 -16.362281 27.422984 8.756454 -3.509070 -6.404859 -10.440118 6.751759 -0.000000 0.000000 0.000000 23.788324 -2.894466 0.689897 -1.567370 -2.734933 0.128912 2.847358 -2.865084 0.525238 12.173548 -10.223374 2.768311 12.387591 -12.333733 10.762739 -0.000000 0.000000 0.000000 -4.276875 -5.613589 -8.651658 -5.189931 -21.675403 -51.082561 22.263638 -11.017421 -8.507728 -7.735500 -5.331149 19.278154 -4.477700 6.792442 11.156701 3.275808 13.727390 43.990860 2.375184 14.213899 1.646065 -9.347192 1.517657 -20.375550 
-5.709986 54.099178 -51.291752 -8.249208 72.706054 4.863513 3.195522 8.689498 13.377295 4.083948 -18.887947 0.269905 -13.712629 13.718561 -1.668866 -0.000000 0.000000 0.000000 -17.848463 5.341751 -12.143679 31.059992 6.104339 1.411728 -8.667512 -9.183504 6.390699 -0.000000 0.000000 0.000000 22.593452 -2.839684 1.034342 -1.107838 -2.608819 0.976267 2.933433 -2.800541 0.264421 13.011376 -9.351998 1.682840 9.987963 -15.985669 9.312391 -0.000000 0.000000 0.000000 -1.728451 -5.980494 -9.275936 -5.133351 -18.387279 -50.262194 17.239046 -8.551120 -8.868518 -7.178336 -1.651946 16.621873 -2.063395 5.085559 11.975955 4.363060 12.623225 43.115107 9.805882 20.766662 -0.637323 -3.964854 2.950308 -17.434009 
-6.340006 54.530758 -52.615166 -3.406969 68.561834 -0.693611 2.739585 9.024667 12.569520 1.873229 -15.981472 0.443083 -12.456856 14.624771 -1.034628 -0.000000 0.000000 0.000000 -20.811176 2.893048 -8.449875 35.876399 1.852285 5.161580 -10.872437 -10.566594 5.170455 -0.000000 0.000000 0.000000 22.819132 -3.360570 0.955065 -1.811271 -2.147164 1.097860 3.318274 -2.879320 0.924608 11.814687 -12.422440 0.743886 8.229596 -15.452801 8.219645 -0.000000 0.000000 0.000000 -1.487209 -2.911601 -10.974904 -2.936774 -15.700015 -48.412988 15.314039 -9.437475 -9.785831 -6.027290 -0.239647 17.650048 -1.258162 4.011877 12.593025 6.995974 11.602146 41.871457 14.288365 25.789354 -1.566850 -1.339963 3.409300 -17.183380 
-6.925251 54.752254 -53.712589 -1.099067 63.604174 -3.008399 3.546140 8.693823 10.787866 -0.392914 -12.054247 0.470270 -12.003949 15.843461 -0.137923 -0.000000 0.000000 0.000000 -22.368707 0.841973 -5.167419 41.047980 -2.420099 6.725422 -12.980071 -12.411377 2.785028 -0.000000 0.000000 0.000000 22.834003 -3.772487 0.033144 -1.819553 -1.691570 0.976449 3.937651 -2.861527 0.966002 10.276375 -12.935832 1.455429 7.249949 -15.418136 7.232127 -0.000000 0.000000 0.000000 -0.706084 -0.091877 -12.866607 -0.117228 -13.497753 -45.163725 14.378173 -12.178656 -9.756379 -5.537577 -2.660490 18.364978 -1.056291 2.718882 13.721885 9.075582 11.650687 41.052059 16.338794 28.015902 -1.945262 -1.031035 4.058682 -16.242805 
-7.396190 54.788226 -54.591542 -0.051234 57.873026 -3.649107 4.663575 8.428560 8.600740 -2.051813 -8.047989 0.154370 -12.093626 17.425204 1.324539 -0.000000 0.000000 0.000000 -22.266291 -0.125050 -1.995504 44.105658 -5.165246 7.008649 -15.049748 -14.716047 0.610425 -0.000000 0.000000 0.000000 22.540655 -4.000607 -1.367465 -1.814062 -1.060024 0.537714 4.651959 -2.668915 0.720561 9.301058 -12.295741 2.714868 7.211689 -15.196157 6.549095 -0.000000 0.000000 0.000000 0.391863 2.299862 -14.299712 2.474518 -11.601912 -42.487590 13.482102 -14.564524 -9.283593 -5.712866 -5.975186 19.278308 -1.184989 1.470899 14.651709 10.230772 12.332139 40.959517 16.533486 27.286289 -1.123217 -1.052848 4.967869 -15.531711 
-7.688931 54.707366 -55.273163 0.555761 52.373260 -3.629254 5.275393 8.720955 6.503393 -2.716119 -4.581259 -0.369651 -12.493074 18.689150 3.283553 -0.000000 0.000000 0.000000 -20.367673 -0.351991 1.336063 43.531356 -5.968638 5.805187 -16.606068 -16.061911 -1.647899 -0.000000 0.000000 0.000000 21.691568 -3.842129 -2.693723 -1.737465 -0.622061 0.158614 5.004066 -2.332407 0.329263 9.178024 -11.642274 3.562895 7.648797 -14.897467 6.409671 -0.000000 0.000000 0.000000 1.276520 4.098572 -15.170055 4.458075 -9.972516 -41.356554 12.867265 -15.439246 -8.603007 -7.057939 -7.577507 19.742879 -1.365748 0.291302 15.392803 10.381280 12.596983 41.405631 15.459852 24.278414 -0.036476 -0.682505 4.815450 -15.030466 
-7.777227 54.603028 -55.822623 0.305234 48.076247 -2.517645 5.769593 9.178854 4.242548 -2.259388 -2.147464 -0.758672 -13.234038 19.635864 5.287002 -0.000000 0.000000 0.000000 -15.855108 -0.708088 3.602737 39.023461 -5.780477 3.734571 -17.149137 -16.555656 -2.496310 -0.000000 0.000000 0.000000 20.956867 -3.242794 -3.660399 -1.847702 -0.770639 -0.215952 5.240524 -2.052039 0.045305 9.647892 -11.491134 3.641034 8.229320 -14.410899 6.451254 -0.000000 0.000000 0.000000 1.608956 5.292922 -15.461671 5.278348 -8.670674 -41.519358 12.449375 -14.436703 -8.533109 -7.831239 -6.836576 19.265131 -1.480636 -0.526896 15.937215 9.808675 12.033233 42.287034 12.158982 19.712784 1.012130 -0.958817 3.373143 -15.421471 
-7.708474 54.501307 -56.279278 -0.806493 44.840152 -0.725070 6.520782 10.066229 2.101621 -0.961170 -0.712831 -0.943595 -14.686377 20.186372 6.619185 -0.000000 0.000000 0.000000 -8.452192 -1.743830 4.655093 30.318079 -4.834730 1.282544 -20.746566 -16.193482 -2.840155 -0.000000 0.000000 0.000000 20.477621 -2.116895 -3.904843 -1.932504 -1.393078 -0.650733 5.528690 -1.718012 -0.166961 10.188113 -11.285548 3.132219 8.650026 -14.055353 6.077805 -0.000000 0.000000 0.000000 1.296916 5.844979 -15.101981 5.116223 -7.733711 -42.521323 12.296517 -12.115044 -9.237147 -7.385013 -5.027719 18.352911 -1.514802 -0.807845 15.944957 8.683608 10.673145 43.498912 6.921382 14.440826 2.016511 -2.634230 1.602550 -17.419550 
-7.618866 54.400361 -56.700069 -1.784125 42.368682 0.437887 6.380964 10.980245 0.815850 1.670160 0.295794 -1.084676 -16.873341 20.374498 7.558064 -0.000000 0.000000 0.000000 -0.547164 -2.939552 5.029995 18.761968 -2.886940 -0.893121 -22.182778 -14.147966 -3.313719 -0.000000 0.000000 0.000000 19.710432 -0.736136 -3.239136 -1.801433 -2.124158 -0.900841 5.655762 -1.341563 -0.255541 10.563767 -11.449986 2.161800 8.422369 -13.185705 5.608792 -0.000000 0.000000 0.000000 0.686376 5.979057 -14.380682 4.646508 -7.167216 -44.127021 12.546871 -9.712590 -9.701826 -7.055008 -3.074335 16.749228 -1.257102 -0.675538 15.445212 7.540339 9.117964 44.351805 1.816708 9.669028 2.681978 -5.196986 0.278215 -19.973052 
-7.592969 54.325479 -57.090545 -2.164332 40.253033 0.755628 4.387709 11.139523 0.635246 6.531297 1.333012 -1.666787 -19.506045 20.898581 8.306281 -0.000000 0.000000 0.000000 5.558131 -4.350817 4.788707 6.843286 0.079720 -2.006506 -19.238493 -12.371360 -2.939336 -0.000000 0.000000 0.000000 18.591189 0.768732 -2.104161 -1.682145 -2.736347 -0.917492 5.561432 -1.007754 -0.233783 10.582820 -11.766064 0.890854 7.606045 -11.671397 5.746252 -0.000000 0.000000 0.000000 0.087657 5.481295 -13.575223 4.242597 -6.703015 -45.804921 12.328536 -8.444854 -10.139868 -7.935566 -1.502132 15.990587 -0.811199 -0.104365 14.958004 6.902972 7.849024 44.443752 -1.488392 6.134889 3.162645 -7.123477 -1.052453 -21.721056 
-7.622123 54.364157 -57.374173 -2.913665 38.507080 0.804603 1.441636 10.254966 2.059242 13.456068 2.457328 -3.080018 -21.430550 21.739739 7.819859 -0.000000 0.000000 0.000000 9.338020 -5.612566 4.591490 0.065109 1.865342 -1.705869 -15.549532 -10.802165 -2.493999 -0.000000 0.000000 0.000000 17.689922 2.210171 -0.534857 -1.194484 -3.109085 -0.532574 5.229288 -0.447575 -0.562119 10.175167 -10.454186 0.462153 6.507618 -12.293756 6.348256 -0.000000 0.000000 0.000000 -0.319194 4.177124 -12.994571 4.025189 -6.844835 -47.011062 12.197306 -9.270370 -9.544105 -10.105485 -1.065684 14.921056 -0.530523 0.350983 14.974734 6.925133 7.274143 44.096931 -1.221109 4.283835 3.220590 -7.563141 -2.528704 -21.020941 
-7.586639 54.431301 -57.606065 -2.355421 36.371655 0.305167 -3.951410 8.537139 4.361213 22.804570 4.093226 -6.183367 -21.068911 22.375030 6.574776 -0.000000 0.000000 0.000000 7.432067 -5.839200 3.599240 1.656684 3.049115 -1.264569 -15.317563 -9.836796 -1.748305 -0.000000 0.000000 0.000000 16.712346 3.144545 0.220281 -2.170201 -3.096789 -0.153248 4.957078 0.076177 -0.191623 9.370729 -10.948429 0.206871 5.867073 -11.892928 7.160499 -0.000000 0.000000 0.000000 -0.908665 4.003710 -12.503890 4.051365 -7.837127 -48.328494 12.057144 -11.265412 -9.084522 -11.325851 -2.070457 15.658325 -0.278258 0.635659 14.524059 7.500653 7.586010 43.513415 2.429745 4.198628 3.845981 -5.918561 -3.126447 -19.545683 
-7.613844 54.613972 -57.906950 -1.283143 33.849690 0.061837 -11.235889 5.761106 6.719783 34.211375 5.023779 -10.113132 -16.599072 22.683497 4.064566 -0.000000 0.000000 0.000000 5.834551 -4.530031 2.257866 1.268063 4.228947 -0.869960 -14.124428 -9.954049 -1.335117 -0.000000 0.000000 0.000000 16.479898 3.374172 -0.170113 -3.847729 -2.600627 0.290948 5.467822 0.178367 0.053711 5.494292 -10.723772 2.473834 6.730185 -12.926557 5.858798 -0.000000 0.000000 0.000000 -0.346498 5.800237 -13.479886 3.556247 -10.675111 -47.975509 12.931259 -15.797688 -6.076964 -13.802866 -3.050774 13.438442 -0.685274 -0.480689 14.647899 7.765114 11.166690 42.598409 7.317475 5.106387 3.185311 -4.855212 -2.931792 -15.027624 
-7.552890 54.763132 -58.087486 -1.808107 31.130809 1.046582 -17.175470 3.150645 8.542227 44.699976 3.440649 -12.785705 -9.609709 21.290191 0.600729 -0.000000 0.000000 0.000000 5.989475 -3.995001 0.640945 0.722869 4.998882 -0.801814 -13.259140 -8.788499 -0.766609 -0.000000 0.000000 0.000000 17.263233 3.658023 -0.588419 -4.289483 -2.693923 0.182389 4.784553 0.490057 -0.171451 4.216249 -9.844539 3.421727 6.210194 -13.837209 7.768285 -0.000000 0.000000 0.000000 -0.249867 4.918600 -13.220146 4.362822 -10.762569 -47.978101 13.657540 -21.505870 -3.536955 -15.414388 -4.690014 14.630393 -1.271300 0.834825 14.159594 7.498242 12.285431 43.573678 10.993447 7.908794 2.172889 -3.766650 -2.522480 -13.608730 
-7.422492 54.888958 -58.208299 -2.505514 29.080404 2.231909 -20.995996 0.204665 8.525968 50.505387 -1.165050 -13.107687 -7.574626 16.932638 -0.232553 -0.000000 0.000000 0.000000 6.420069 -3.613824 -0.917253 0.393414 5.921576 -0.960446 -12.781439 -8.291812 -0.073414 -0.000000 0.000000 0.000000 18.018569 3.784793 -1.419116 -4.451562 -3.156635 0.124565 4.398769 0.671788 -0.263993 3.277018 -10.252018 4.531927 5.962987 -14.402097 8.668839 -0.000000 0.000000 0.000000 0.028500 4.480266 -13.205389 4.606031 -11.601262 -47.778998 15.209381 -26.293369 -0.524652 -15.897112 -6.673169 16.020398 -2.284345 2.099135 13.809999 7.003588 13.691174 44.662256 12.776400 10.954328 0.332786 -3.923050 -1.787122 -12.829568 
-7.224809 55.030596 -58.332688 -2.580993 27.228127 3.189342 -23.875677 -2.423588 7.672819 52.141194 -6.356554 -12.633265 -8.586363 13.601384 -0.942873 -0.000000 0.000000 0.000000 6.197360 -3.369666 -2.502533 0.259203 6.657954 -1.441909 -12.328363 -7.739069 1.225781 -0.000000 0.000000 0.000000 18.249510 3.954552 -2.279059 -5.145658 -3.563762 0.031745 4.169682 0.869725 -0.453589 3.332968 -10.339824 5.046352 6.610746 -15.627665 8.799518 -0.000000 0.000000 0.000000 -0.035418 4.286568 -12.782377 4.281947 -12.832359 -47.725113 17.255134 -28.945893 1.445751 -15.334665 -8.771482 17.163439 -3.308219 2.581280 13.673817 6.611080 15.255930 45.723991 13.966426 14.075629 -1.787409 -5.065297 -0.893546 -13.484286 
-6.978690 55.185205 -58.471471 -2.078202 24.741239 3.912411 -25.936560 -4.645557 6.844313 50.425658 -9.373731 -12.291010 -8.088062 12.735123 -0.994079 -0.000000 0.000000 0.000000 5.357069 -2.912118 -4.232795 -0.007847 7.569766 -2.023502 -11.533827 -6.944199 2.661600 -0.000000 0.000000 0.000000 17.861759 4.237609 -2.917155 -5.901136 -3.542388 -0.210570 3.937183 1.200185 -0.807789 3.883200 -9.901971 4.575484 7.347178 -16.911744 8.515358 -0.000000 0.000000 0.000000 -0.325469 3.951899 -12.182445 3.521460 -13.892169 -47.734300 18.715894 -30.271741 2.321042 -14.311142 -9.541694 17.296855 -3.838364 2.771826 13.530880 6.287219 16.603703 46.884985 15.125203 17.789142 -4.292771 -5.738574 -0.079190 -14.899769 
-6.703784 55.309999 -58.541334 -1.900433 21.449156 4.508464 -26.134628 -6.288710 6.542550 46.473844 -8.867506 -11.476964 -7.139454 13.932254 -0.983824 -0.000000 0.000000 0.000000 4.752017 -1.950211 -5.615206 -0.040123 8.736717 -2.839759 -10.942732 -6.077483 4.197712 -0.000000 0.000000 0.000000 17.398315 4.578077 -3.169694 -6.001290 -3.195637 -0.614914 3.702432 1.606588 -1.136645 4.387973 -8.453646 3.528901 7.060504 -18.056682 8.164612 -0.000000 0.000000 0.000000 -0.711696 2.836873 -11.398082 2.611234 -14.319106 -48.061298 18.779466 -30.895752 2.639638 -14.278860 -9.230247 16.150180 -3.927499 3.342380 13.106807 5.821066 17.715914 48.177629 16.317788 21.836448 -6.719186 -6.090725 0.630158 -16.239504 
-6.371109 55.348033 -58.540672 -1.955668 17.993945 4.668554 -24.878924 -7.060916 6.584812 40.650692 -7.827149 -9.295105 -6.658496 15.295743 -1.059638 -0.000000 0.000000 0.000000 4.291940 -0.947355 -6.419939 0.269778 10.006777 -3.690121 -10.763023 -5.120025 5.599535 -0.000000 0.000000 0.000000 17.076327 4.757755 -3.110406 -5.505008 -2.952510 -1.189789 3.146413 2.012792 -1.297406 5.049222 -7.118872 1.891539 5.364283 -17.971662 8.844237 -0.000000 0.000000 0.000000 -1.452592 0.944517 -10.072339 2.051210 -13.683924 -49.010182 17.371053 -31.006913 1.916214 -14.517383 -8.991429 16.496084 -3.805806 4.975078 12.220474 5.193309 17.861934 49.741506 17.854520 25.907197 -8.554831 -6.029716 1.541763 -17.475088 
-5.879404 55.254811 -58.452767 -1.947018 14.797596 4.123727 -22.318643 -6.813816 6.975384 32.639074 -8.069010 -6.408321 -6.275521 15.777249 -1.580150 -0.000000 0.000000 0.000000 3.722385 -0.189235 -6.760276 0.853470 11.451394 -4.173073 -10.983175 -4.210873 6.783102 -0.000000 0.000000 0.000000 17.073460 4.418475 -3.056895 -5.212920 -2.849243 -1.934605 2.932895 2.102113 -1.110613 4.391375 -8.879705 0.477500 3.716240 -15.438370 9.755573 -0.000000 0.000000 0.000000 -2.714279 0.876828 -8.748373 1.506914 -13.782212 -50.036802 14.563510 -30.476714 -0.226140 -13.835871 -9.139135 19.023883 -4.079657 6.673099 10.886546 4.291253 18.387447 51.243841 18.948954 28.993522 -8.850515 -4.871094 3.027779 -18.115796 
-5.097262 55.039984 -58.168006 -1.793741 11.821973 2.886305 -17.666029 -6.521445 7.895953 21.679200 -8.716569 -4.745035 -3.775685 15.658320 -4.313968 -0.000000 0.000000 0.000000 3.331548 1.192746 -6.854892 1.456696 12.606918 -3.989510 -11.572712 -3.886129 7.696466 -0.000000 0.000000 0.000000 16.081065 3.727158 -3.517195 -4.350114 -2.353723 -2.144521 3.902866 1.716491 -0.895475 1.487714 -6.332228 1.742722 3.250702 -15.689095 7.447461 -0.000000 0.000000 0.000000 -2.172580 1.227890 -9.821213 0.450102 -15.475284 -49.011010 11.962783 -29.714062 0.742411 -16.612799 -9.592945 15.729724 -4.353179 6.274983 10.448150 2.997988 22.207650 51.022874 20.661392 29.823034 -10.033004 -5.860729 4.871861 -13.360980 
-4.061162 54.698181 -57.874548 -1.464512 8.509846 0.901132 -13.489530 -4.768455 9.331265 14.471815 -9.786757 -3.752776 -5.418551 16.489319 -5.280133 -0.000000 0.000000 0.000000 1.075775 2.224393 -6.654464 4.650092 13.693127 -3.521245 -13.349675 -2.605084 8.679081 -0.000000 0.000000 0.000000 15.094068 2.705346 -3.449151 -3.857001 -2.079265 -2.399092 3.966242 1.547443 -0.928506 1.189931 -4.319532 1.964123 2.474589 -15.472065 7.513216 -0.000000 0.000000 0.000000 -2.410147 0.693172 -8.994714 0.373346 -14.797502 -49.410455 10.293866 -27.803328 -0.025339 -17.060318 -10.783173 15.761055 -4.668626 6.988556 9.297360 0.952316 23.590538 51.610439 23.136109 29.100364 -9.214865 -5.038612 6.622618 -9.829385 
-2.885247 54.542685 -57.777500 -0.988964 5.000014 -0.707883 -11.283961 -3.047655 9.423363 11.956643 -8.905540 -3.178222 -8.623407 17.798658 -2.910054 -0.000000 0.000000 0.000000 -3.609257 3.543520 -6.575671 10.989067 14.775499 -3.287533 -14.333552 -1.436546 9.545067 -0.000000 0.000000 0.000000 14.808628 1.555783 -3.878151 -4.217596 -1.717005 -2.492626 5.021035 1.057030 -0.669025 -0.600023 -3.051789 3.130770 2.610973 -14.777405 6.519852 -0.000000 0.000000 0.000000 -3.092933 1.149006 -8.712924 0.009245 -15.151494 -48.378662 9.377636 -24.663416 -1.282778 -16.553794 -11.039370 13.936822 -5.703012 6.574972 9.281171 -1.544341 25.758310 51.360539 22.818886 26.259840 -7.718721 -3.639844 6.036075 -5.467145 
-1.728782 54.803193 -57.802826 -1.451887 3.165821 -1.222270 -10.622811 -2.129825 8.470689 12.610231 -8.131819 -2.848789 -9.234179 18.018410 -1.914240 -0.000000 0.000000 0.000000 -7.841000 3.616899 -6.970960 18.085076 13.348186 -2.899336 -12.879576 -2.013807 9.832197 -0.000000 0.000000 0.000000 16.221863 1.037194 -4.314901 -4.143488 -2.142833 -2.154214 5.152812 0.469819 -0.083438 -1.476911 -2.221907 2.821617 0.923538 -14.349939 6.028595 -0.000000 0.000000 0.000000 -3.731020 -0.348639 -7.443082 -0.862944 -15.297657 -46.791520 10.482576 -20.044902 -3.930395 -14.317381 -9.903821 11.761789 -5.948123 6.941834 8.642124 -3.482021 25.531484 51.053969 18.956735 23.407430 -5.837499 -3.697864 4.165185 -6.340892 
-0.575428 55.117553 -57.724565 -2.184548 2.305430 -2.536261 -9.122104 -0.878536 8.394786 11.720912 -8.450909 -2.335449 -9.323687 17.970361 -0.797008 -0.000000 0.000000 0.000000 -11.541256 2.193710 -6.588641 24.292772 9.970782 -1.377151 -9.610159 -4.735873 9.810915 -0.000000 0.000000 0.000000 17.285306 0.473349 -2.910931 -3.699300 -2.269451 -1.398132 4.899762 0.155496 0.492880 -1.375485 -2.157317 1.630652 -0.628230 -13.552191 5.156521 -0.000000 0.000000 0.000000 -4.149413 -2.256185 -5.763688 -1.908607 -14.474933 -45.129821 13.652966 -15.936099 -6.258486 -9.194018 -8.119109 6.552986 -5.462906 7.957180 7.244403 -4.113364 23.222113 48.071520 15.426509 21.246772 -3.451488 -3.192001 3.914031 -7.150513 
0.392245 55.393833 -57.468891 -3.018857 1.372570 -3.846203 -6.495156 0.001836 8.061658 9.549100 -8.611570 -1.138812 -9.417267 18.513006 0.304129 -0.000000 0.000000 0.000000 -13.769358 0.540784 -5.880417 28.226058 6.291273 0.335476 -7.502917 -8.628608 9.686049 -0.000000 0.000000 0.000000 17.837999 0.186226 -1.370632 -3.686423 -2.034660 -0.758071 4.969953 -0.021479 1.101250 -1.037432 -2.267167 0.422147 -1.170212 -12.718529 3.896999 -0.000000 0.000000 0.000000 -4.667904 -3.107204 -4.216954 -2.671447 -13.501130 -42.036708 16.726012 -12.905339 -8.702619 -3.881656 -7.723658 0.269809 -5.328813 8.046281 6.276153 -3.837388 20.584856 42.449514 14.452127 18.834499 -1.664466 0.664617 3.627172 -5.308459 
1.004551 55.638921 -57.021016 -3.659901 0.736958 -4.543832 -4.084150 1.136478 7.613938 7.390414 -9.246472 -0.183523 -8.895820 19.073703 0.647164 -0.000000 0.000000 0.000000 -13.889221 -0.870976 -4.344976 29.262531 4.944176 0.851567 -9.645116 -11.072453 7.507375 -0.000000 0.000000 0.000000 17.441241 0.098410 -0.754819 -3.717476 -1.925217 -0.443417 5.027858 -0.128476 1.676668 -0.288184 -2.467868 -0.691956 -1.426698 -11.894185 3.103873 -0.000000 0.000000 0.000000 -5.370123 -3.369466 -2.497183 -3.107577 -12.384763 -37.824199 16.816304 -9.966908 -11.070211 -1.607640 -7.111113 -2.255280 -5.268565 7.977695 5.484082 -3.680094 17.649918 35.202484 13.176436 15.443830 1.285997 4.469924 3.299278 -5.640734 
1.315821 55.797172 -56.419498 -4.239355 0.610943 -4.688831 -1.419167 2.300749 7.230926 4.576542 -10.783738 0.124363 -7.955179 19.938354 0.700045 -0.000000 0.000000 0.000000 -11.698355 -2.249198 -2.643570 26.290016 6.390021 1.073926 -9.610911 -12.074304 7.318084 -0.000000 0.000000 0.000000 16.554023 0.086423 -0.586557 -3.892589 -2.082422 -0.432199 5.144274 -0.298860 2.042656 0.548578 -3.573502 -1.764809 -1.483863 -10.168272 2.858957 -0.000000 0.000000 0.000000 -6.106970 -2.953579 -1.032864 -3.214540 -11.568617 -31.816019 13.979016 -7.289156 -13.444356 -0.683021 -6.890108 0.958394 -5.619877 7.675623 4.770746 -4.104519 14.814264 27.015539 9.083314 10.768426 5.250572 6.478756 2.411722 -8.712150 
1.360639 55.802184 -55.784291 -4.437958 0.645591 -4.188854 1.404044 3.532369 6.375318 0.743575 -12.209724 0.490858 -6.724034 20.480787 0.429061 -0.000000 0.000000 0.000000 -7.964464 -3.776497 -1.277969 19.293142 9.321195 1.518639 -8.119202 -11.795871 8.854977 -0.000000 0.000000 0.000000 15.087683 0.300372 -0.772122 -3.870437 -2.316432 -0.566279 5.239809 -0.531398 1.978109 1.024973 -3.959990 -2.239824 -1.390444 -8.970590 2.181175 -0.000000 0.000000 0.000000 -6.612284 -2.275936 -0.344719 -3.388189 -11.157128 -23.557036 10.110526 -5.304235 -14.448201 1.172630 -7.293146 5.118011 -6.118376 6.851154 4.511255 -4.912990 12.808870 17.939551 3.818796 5.879135 7.887366 6.784629 0.873778 -11.628390 
1.189707 55.640775 -55.184591 -4.258761 0.614232 -3.165219 4.050747 4.902908 5.433047 -3.671018 -13.672180 0.262615 -5.420227 20.795402 -0.097278 -0.000000 0.000000 0.000000 -4.365879 -5.009553 0.559088 12.063603 12.016664 0.558102 -8.037126 -12.528545 6.005152 -0.000000 0.000000 0.000000 13.060448 0.586314 -1.094640 -3.300564 -2.486837 -0.753959 4.891761 -0.730117 1.644701 2.218270 -3.224960 -2.901797 -2.056744 -8.402184 1.790334 -0.000000 0.000000 0.000000 -6.868907 -2.730943 0.124886 -3.646895 -9.923725 -14.223448 6.186952 -3.850852 -14.572849 2.512240 -7.279492 9.733808 -6.131059 6.468560 4.222333 -5.909475 10.820291 8.645433 -0.514405 2.207770 8.994587 6.251308 -0.809203 -14.750911 
1.039960 55.461580 -54.742080 -4.282093 0.523690 -1.536538 4.568738 5.814002 3.171969 -3.588353 -17.416375 1.072360 -6.276964 23.563151 0.280828 -0.000000 0.000000 0.000000 -2.011264 -5.550992 2.445469 10.032201 14.060707 -4.866108 -9.437581 -16.759139 4.701859 -0.000000 0.000000 0.000000 12.698185 0.605192 -1.350890 -4.990284 -2.317371 -1.454423 5.888323 -0.709616 0.955464 2.416663 -2.574772 -3.879000 -2.180958 -8.025446 2.260244 -0.000000 0.000000 0.000000 -8.682875 -2.959400 0.439528 -1.780857 -10.777669 -4.138856 1.832142 -2.031374 -15.171800 -0.605006 -5.890073 15.531119 -8.050019 6.185365 4.423380 -2.516139 9.082010 -0.874504 -4.933753 0.797953 10.165546 5.059864 -4.138491 -21.185240 
1.065859 55.474204 -54.451871 -4.722376 0.755477 -1.076542 5.436475 5.839837 2.295669 -3.752407 -19.523882 1.424054 -5.865488 25.479288 0.818187 -0.000000 0.000000 0.000000 0.015270 -4.961222 2.214154 7.870596 17.452221 -4.480246 -9.275304 -20.994188 2.920326 -0.000000 0.000000 0.000000 12.425686 0.473857 -0.235105 -5.157324 -2.403257 -1.708869 7.023654 -0.775828 0.359412 1.081831 -2.925568 -5.110420 -2.774057 -6.739033 1.685871 -0.000000 0.000000 0.000000 -9.251928 -3.307926 1.168673 -3.025818 -10.764806 3.101040 -3.904917 0.327252 -14.797663 -3.442123 -5.840930 22.408716 -8.544566 6.048113 3.324441 -1.640810 7.779860 -8.130192 -7.355701 0.175472 9.614187 5.723971 -5.468872 -26.276293 
1.159216 55.498171 -54.225153 -4.608966 0.853154 -1.156876 5.051707 4.517182 2.299468 -2.577281 -20.191290 1.204663 -6.638743 27.281753 1.552026 -0.000000 0.000000 0.000000 0.586156 -3.398278 1.258350 6.507868 19.063187 -2.404438 -8.838256 -23.481325 2.988291 -0.000000 0.000000 0.000000 11.274010 0.440902 0.731807 -5.117474 -2.437694 -1.844923 7.995104 -0.911038 0.115531 0.794055 -3.115048 -6.283559 -4.728162 -6.042296 1.558832 -0.000000 0.000000 0.000000 -8.950398 -3.806668 2.671994 -4.137281 -10.715202 8.492736 -9.183406 2.464964 -14.583776 -6.558653 -6.874433 27.230862 -8.117382 5.920660 1.351473 -1.204812 6.602648 -12.950116 -8.103058 -0.523433 9.151589 5.410673 -6.005189 -31.728404 
1.324637 55.469483 -54.016107 -4.098261 0.206658 -1.297163 4.916926 4.948980 2.130648 -2.726950 -20.451879 1.192697 -7.084615 27.665934 1.665199 -0.000000 0.000000 0.000000 0.150254 -5.635704 0.380834 6.213992 16.964575 -1.910687 -8.517353 -18.699680 4.620271 -0.000000 0.000000 0.000000 9.633271 1.151093 1.062624 -5.445050 -2.835525 -2.068144 8.655727 -0.731980 0.211733 2.211486 -2.135757 -7.118079 -7.033743 -6.806258 1.678724 -0.000000 0.000000 0.000000 -9.365740 -4.913697 4.874981 -4.639315 -10.187615 11.746124 -10.717557 3.976261 -14.265206 -6.011660 -6.191058 28.337824 -7.870089 6.032519 -1.118697 -3.051226 6.029860 -15.881432 -5.886336 -1.492649 9.116445 6.590436 -7.633888 -32.774509 
1.451702 55.393839 -53.751683 -3.776331 -0.783278 -1.446190 5.299024 6.679123 2.007985 -3.436624 -20.550696 1.173373 -7.440481 27.053740 1.842633 -0.000000 0.000000 0.000000 0.567834 -7.500166 0.458292 5.021445 16.866755 -2.505911 -8.110217 -16.198884 4.486565 -0.000000 0.000000 0.000000 8.148589 1.751700 0.968489 -5.959426 -2.992864 -2.278018 8.956972 -0.410813 0.504124 3.832839 -1.896145 -7.674401 -7.788793 -6.712735 2.023705 -0.000000 0.000000 0.000000 -9.868777 -5.876077 7.361903 -5.341866 -9.795706 13.466817 -9.167501 4.626959 -14.470580 -3.488257 -4.188827 28.123711 -8.060487 6.499707 -3.936431 -5.559559 6.229597 -17.130831 -4.904824 -2.847273 9.289776 7.934927 -9.426488 -31.272420 
1.493610 55.349112 -53.345305 -4.423642 -1.522885 -1.668286 7.297126 7.909809 1.930244 -4.760771 -21.033194 1.325754 -7.618875 27.129202 1.840519 -0.000000 0.000000 0.000000 2.784176 -7.258512 0.921913 3.150915 18.366440 -2.992182 -7.832810 -16.874931 4.319438 -0.000000 0.000000 0.000000 7.515576 1.889150 0.967764 -6.091400 -2.902304 -2.460441 8.842320 -0.057222 0.591889 4.957606 -2.117454 -7.819684 -7.305072 -5.948732 2.254502 -0.000000 0.000000 0.000000 -10.362639 -6.467951 9.582507 -6.111166 -9.776502 14.305817 -7.631664 4.762417 -14.649158 -1.795466 -2.796411 28.012712 -8.588842 7.199392 -6.347295 -6.888240 6.633045 -17.293473 -5.447341 -3.130604 9.563078 8.254040 -10.688689 -30.220178 
1.493942 55.330539 -52.907616 -5.126519 -1.590378 -1.945438 8.793165 8.309651 1.978003 -4.982142 -21.282481 1.662031 -8.041081 27.242716 1.777660 -0.000000 0.000000 0.000000 4.879959 -5.967112 1.398917 1.943338 18.837439 -3.104974 -7.883216 -18.329224 4.544928 -0.000000 0.000000 0.000000 6.916740 1.662365 1.121668 -6.168213 -2.879761 -2.612309 8.720114 0.133149 0.499184 5.783081 -2.356047 -7.780234 -6.733728 -5.192661 2.378914 -0.000000 0.000000 0.000000 -10.782847 -6.693681 11.154666 -6.782906 -10.074675 14.488172 -7.016203 4.705332 -14.340606 -1.238175 -2.068226 28.264354 -9.054656 7.691350 -7.983090 -7.175163 7.327150 -16.792470 -5.391616 -3.151787 9.802999 8.494305 -11.217929 -29.902172 
1.498512 55.317134 -52.577901 -5.288451 -0.887568 -1.873652 9.166748 7.790155 2.012535 -4.630287 -21.494151 1.679783 -8.358839 27.255037 1.898787 -0.000000 0.000000 0.000000 5.787395 -5.569341 1.357489 1.533135 18.010510 -2.843490 -8.094912 -18.851450 4.766225 -0.000000 0.000000 0.000000 5.966843 1.543724 0.842619 -6.246996 -3.168386 -2.685480 8.567769 0.008501 0.391121 6.426860 -2.541325 -7.685865 -6.480546 -4.870723 2.513002 -0.000000 0.000000 0.000000 -11.032303 -6.861068 11.854351 -7.062719 -10.531441 14.412985 -6.839632 4.449501 -13.852538 -0.728425 -1.345332 29.042931 -9.291741 7.861920 -8.645793 -7.053326 7.903947 -16.208753 -4.604630 -3.033167 10.166797 8.666894 -11.230463 -29.718232 
1.532252 55.302328 -52.393466 -5.389208 0.032370 -1.613621 9.138286 7.069077 2.035204 -4.088506 -21.746074 1.444212 -8.772296 27.188809 2.165168 -0.000000 0.000000 0.000000 6.235142 -5.820188 1.030640 1.527807 17.758264 -2.491996 -8.479917 -19.268005 4.494429 -0.000000 0.000000 0.000000 5.274157 1.573241 0.345473 -6.318771 -3.346430 -2.710269 8.428677 -0.171271 0.370900 6.565018 -2.901247 -7.623671 -6.252773 -4.768351 2.595872 -0.000000 0.000000 0.000000 -11.175552 -6.981036 11.782476 -7.124472 -11.173000 14.127983 -7.063115 3.932325 -13.810721 -0.446480 -0.662303 30.138465 -9.471008 7.848211 -8.559530 -6.847297 8.087144 -15.756887 -4.776297 -3.102336 10.534131 8.560767 -10.883072 -29.916783 
1.580454 55.275977 -52.302814 -5.890426 0.668021 -1.440848 9.440245 6.884601 2.181902 -3.625819 -21.821318 1.065554 -9.325043 26.820480 2.272411 -0.000000 0.000000 0.000000 6.727016 -6.632757 0.572371 2.002698 17.390231 -2.050502 -9.156661 -18.629982 4.349681 -0.000000 0.000000 0.000000 5.203237 1.647775 -0.008391 -6.137925 -3.373999 -2.744885 8.348745 -0.206151 0.429073 6.077443 -2.806574 -7.513524 -6.201647 -5.088490 2.518317 -0.000000 0.000000 0.000000 -11.373284 -6.930689 11.604096 -7.236543 -11.429837 13.120327 -7.415427 2.758523 -13.970072 -1.268915 -0.254667 29.800121 -9.559024 7.822033 -8.279888 -6.955265 8.242036 -15.009270 -5.103304 -3.205767 10.894470 8.284030 -10.439411 -30.549678 
1.628373 55.253011 -52.255386 -6.532135 1.030368 -1.441715 9.981600 6.808978 2.306708 -3.270035 -21.822309 0.982531 -9.803916 26.532468 2.404326 -0.000000 0.000000 0.000000 7.364446 -7.014984 0.607806 2.547844 17.264206 -2.123636 -9.836120 -18.387912 3.984524 -0.000000 0.000000 0.000000 5.409865 1.630723 -0.072321 -5.884559 -3.214101 -2.806916 8.312308 -0.118621 0.456089 5.198817 -2.752185 -7.298387 -6.182932 -5.328906 2.464703 -0.000000 0.000000 0.000000 -11.655490 -6.680331 11.338787 -7.424469 -11.660756 11.621376 -7.637213 1.379711 -14.135897 -2.125575 -0.048442 28.354960 -9.625754 7.789258 -8.034925 -6.900644 8.358405 -13.877776 -5.104187 -3.245872 11.335922 8.700044 -10.315278 -30.582685 
1.690144 55.255240 -52.235985 -7.081734 1.337570 -1.349837 10.568158 7.057547 2.133414 -3.181554 -21.892398 1.162695 -9.897127 26.124380 2.430210 -0.000000 0.000000 0.000000 7.850397 -7.516226 0.600516 3.053977 17.187186 -2.389774 -10.250257 -18.175799 3.847086 -0.000000 0.000000 0.000000 5.626591 1.617155 -0.174617 -5.431878 -3.115899 -2.855038 8.123859 -0.065720 0.440875 4.231888 -2.756649 -6.946442 -6.363400 -5.581960 2.521175 -0.000000 0.000000 0.000000 -11.864615 -6.442103 11.077519 -7.266621 -11.742410 9.829278 -6.422990 0.007675 -14.085955 -2.158451 0.118587 26.832758 -9.688229 7.784145 -7.880500 -6.924267 8.392256 -12.499954 -4.782776 -3.212374 11.777242 9.414698 -10.479519 -29.936986 
1.735754 55.265367 -52.248669 -7.350690 1.787860 -1.146795 10.797000 7.126211 1.964791 -3.130102 -22.103129 1.219838 -9.801537 25.790178 2.400631 -0.000000 0.000000 0.000000 7.838870 -8.016121 0.350772 3.743475 16.899221 -2.427861 -10.647049 -17.938126 3.991273 -0.000000 0.000000 0.000000 5.760230 1.611791 -0.396192 -5.119722 -3.154042 -2.875352 7.903457 -0.135713 0.425932 3.351809 -2.755888 -6.517494 -6.526350 -5.912548 2.625373 -0.000000 0.000000 0.000000 -11.990407 -6.356474 10.841972 -6.984353 -11.827786 8.171333 -5.151795 -0.596121 -14.195908 -1.388448 0.128132 26.126833 -9.835574 7.786661 -7.757768 -7.079011 8.399941 -11.242940 -4.867726 -3.275491 12.253730 9.867171 -10.620650 -29.137765 
1.747131 55.277014 -52.293187 -7.466333 2.297486 -0.954173 10.771755 7.167344 2.056143 -3.173804 -22.295879 0.965346 -9.567589 25.359552 2.189413 -0.000000 0.000000 0.000000 7.592984 -8.256186 0.044008 4.420838 16.600400 -2.215053 -10.956699 -17.903202 4.101426 -0.000000 0.000000 0.000000 5.907626 1.579392 -0.581030 -4.950693 -3.221960 -2.887532 7.792260 -0.241585 0.413438 2.490125 -2.771821 -6.090559 -6.655000 -6.347285 2.778092 -0.000000 0.000000 0.000000 -12.100062 -6.331656 10.652516 -6.860341 -11.966751 6.792934 -4.311845 -0.379810 -14.413272 -0.941069 0.192482 25.308058 -10.010829 7.711351 -7.648923 -7.293715 8.404385 -10.283099 -4.979937 -3.331794 12.553808 10.104068 -10.898367 -28.233168 
1.731933 55.289209 -52.363640 -7.470265 2.811112 -0.827165 10.582892 7.063429 2.200761 -3.225430 -22.366002 0.763623 -9.337008 25.015923 1.976716 -0.000000 0.000000 0.000000 7.501709 -8.159026 -0.020102 4.605836 16.345446 -2.073293 -11.057308 -18.197784 4.009382 -0.000000 0.000000 0.000000 6.089871 1.509816 -0.607348 -4.900943 -3.310519 -2.909246 7.813226 -0.357869 0.394550 1.606025 -2.860147 -5.754844 -6.851852 -6.714488 2.992895 -0.000000 0.000000 0.000000 -12.185309 -6.289306 10.441848 -6.885653 -12.006955 5.877382 -3.969625 0.423982 -14.741946 -0.845531 0.283891 24.377600 -10.148236 7.605587 -7.556873 -7.306181 8.354725 -9.696531 -5.070779 -3.363179 12.644302 10.130937 -11.142057 -27.595074 
1.700198 55.302930 -52.451658 -7.327439 3.327895 -0.717249 10.176394 6.857572 2.230551 -3.133725 -22.388489 0.815891 -9.144190 24.748425 1.791537 -0.000000 0.000000 0.000000 7.523552 -8.116408 0.169077 4.282769 16.130080 -2.225025 -10.893626 -18.555952 3.846303 -0.000000 0.000000 0.000000 6.234258 1.477574 -0.602377 -4.878627 -3.503491 -2.911718 7.796939 -0.496075 0.388361 0.914230 -3.033926 -5.522736 -7.253283 -6.926808 3.255368 -0.000000 0.000000 0.000000 -12.140917 -6.285460 10.216821 -6.850301 -11.838185 5.413709 -3.479385 1.570124 -15.049578 -0.505145 0.361028 23.779008 -10.264643 7.538904 -7.480832 -7.293893 8.271483 -9.461173 -5.028182 -3.345247 12.571753 10.314317 -11.260090 -27.253765 
1.652240 55.307096 -52.530694 -7.051148 3.644540 -0.651058 9.769293 6.740657 2.196041 -3.214929 -22.353115 0.965974 -8.897028 24.549346 1.621069 -0.000000 0.000000 0.000000 7.435314 -8.190290 0.378460 3.802318 15.992764 -2.404950 -10.615550 -18.715986 3.714753 -0.000000 0.000000 0.000000 6.303849 1.527425 -0.624860 -4.915871 -3.666038 -2.886606 7.746690 -0.603662 0.435880 0.468809 -3.195108 -5.358146 -7.691478 -7.047318 3.491931 -0.000000 0.000000 0.000000 -12.103424 -6.286471 10.119913 -6.872402 -11.601463 5.147335 -3.088239 2.895182 -15.365541 -0.067498 0.643477 23.763840 -10.400804 7.498002 -7.525965 -7.329378 8.260334 -9.423591 -4.857099 -3.287181 12.402297 10.559913 -11.305347 -26.969277 
1.611835 55.309206 -52.585715 -6.747098 3.637737 -0.693154 9.502590 6.797625 2.259134 -3.535775 -22.221286 0.971999 -8.612143 24.391950 1.431241 -0.000000 0.000000 0.000000 7.218193 -8.165055 0.424202 3.384113 15.863727 -2.304537 -10.298890 -18.587419 3.736872 -0.000000 0.000000 0.000000 6.335037 1.614099 -0.575837 -4.964620 -3.691622 -2.857203 7.709235 -0.584280 0.481052 0.209008 -3.225658 -5.144546 -8.072111 -7.216010 3.659944 -0.000000 0.000000 0.000000 -12.125160 -6.271875 10.098962 -6.916185 -11.326499 5.165313 -2.906667 4.173752 -15.632956 0.262637 0.928039 23.684596 -10.455692 7.493581 -7.636709 -7.411040 8.323202 -9.602368 -4.559921 -3.201775 12.248949 10.551566 -11.278259 -26.803569 
1.583292 55.314147 -52.629292 -6.467842 3.406118 -0.754663 9.327121 6.838380 2.282040 -3.851911 -22.033367 0.962443 -8.344036 24.399576 1.275875 -0.000000 0.000000 0.000000 6.972684 -7.998268 0.407686 3.012495 15.811014 -2.180108 -9.957590 -18.455051 3.838989 -0.000000 0.000000 0.000000 6.373722 1.708518 -0.493059 -5.018733 -3.618332 -2.864940 7.698415 -0.474096 0.502442 0.081940 -3.238091 -4.925929 -8.460362 -7.350006 3.841617 -0.000000 0.000000 0.000000 -12.171071 -6.228027 10.098489 -6.909322 -11.030143 5.399734 -2.821231 5.119264 -15.780297 0.426877 1.250670 23.512299 -10.418645 7.541106 -7.744916 -7.502049 8.382285 -9.894043 -4.355092 -3.140227 12.079602 10.400605 -11.260404 -26.816750 
1.559702 55.323374 -52.673143 -6.212527 3.169787 -0.809325 9.073156 6.757715 2.261981 -3.912782 -21.796594 1.022042 -8.197052 24.477501 1.214835 -0.000000 0.000000 0.000000 6.769475 -7.741017 0.450721 2.645216 15.815609 -2.151633 -9.604500 -18.462609 3.904412 -0.000000 0.000000 0.000000 6.381164 1.806298 -0.399681 -5.019809 -3.517789 -2.889111 7.682692 -0.337680 0.502899 0.079216 -3.355703 -4.760040 -9.073600 -7.402989 4.069505 -0.000000 0.000000 0.000000 -12.243724 -6.186022 10.143895 -6.789958 -10.816390 5.628182 -2.516003 5.596707 -15.833792 0.562655 1.625901 23.463901 -10.340587 7.611720 -7.930858 -7.577334 8.394592 -10.130841 -4.171981 -3.086516 11.929417 10.224699 -11.273080 -26.863060 
1.531508 55.332130 -52.723670 -6.010056 3.050882 -0.856553 8.749815 6.590213 2.260820 -3.770826 -21.573480 1.113198 -8.161148 24.540195 1.204301 -0.000000 0.000000 0.000000 6.613541 -7.579060 0.557625 2.348895 15.791311 -2.198849 -9.308305 -18.482453 3.934897 -0.000000 0.000000 0.000000 6.372777 1.918487 -0.324405 -4.950738 -3.445259 -2.898410 7.651267 -0.221337 0.535887 0.111811 -3.545562 -4.696011 -9.837798 -7.432645 4.293003 -0.000000 0.000000 0.000000 -12.290484 -6.206833 10.207632 -6.725786 -10.611719 5.763540 -2.199062 5.605466 -15.785727 0.854427 1.855749 23.207009 -10.223362 7.746206 -8.173216 -7.680530 8.307335 -10.341989 -3.895585 -3.011830 11.775157 10.187061 -11.373003 -26.704257 
1.501289 55.335778 -52.778131 -5.813484 3.068073 -0.874789 8.383725 6.385081 2.287787 -3.602227 -21.415046 1.156918 -8.164547 24.565707 1.176993 -0.000000 0.000000 0.000000 6.454649 -7.480270 0.656664 2.110422 15.732642 -2.240045 -9.110245 -18.543285 3.939237 -0.000000 0.000000 0.000000 6.365457 1.999922 -0.269132 -4.969136 -3.391174 -2.925336 7.657795 -0.143986 0.564867 0.148411 -3.693938 -4.691763 -10.550483 -7.424757 4.437728 -0.000000 0.000000 0.000000 -12.286744 -6.253046 10.237934 -6.589146 -10.550645 5.948096 -1.982119 5.382084 -15.806709 0.929858 1.850254 23.033338 -10.149590 7.864183 -8.356423 -7.772486 8.297689 -10.583921 -3.826479 -2.995467 11.770003 10.129375 -11.417885 -26.763149 
1.475520 55.334485 -52.824908 -5.675140 3.178010 -0.853305 8.118850 6.269325 2.319305 -3.542458 -21.354504 1.151355 -8.125748 24.514553 1.125888 -0.000000 0.000000 0.000000 6.342431 -7.476812 0.711744 1.953036 15.658457 -2.267375 -9.000607 -18.587719 3.914073 -0.000000 0.000000 0.000000 6.441312 2.044059 -0.230910 -5.085330 -3.349041 -2.980551 7.680967 -0.103087 0.585303 0.091819 -3.733621 -4.742470 -10.853969 -7.399277 4.481735 -0.000000 0.000000 0.000000 -12.285049 -6.345769 10.314431 -6.547969 -10.597416 6.014576 -1.896132 5.135411 -15.741417 0.932637 1.737700 23.024152 -10.112639 7.978476 -8.564165 -7.780591 8.325868 -10.641871 -3.629639 -2.947378 11.730686 10.159174 -11.455321 -26.774213 
1.452985 55.337667 -52.853447 -5.577879 3.327734 -0.822152 7.961658 6.305037 2.354808 -3.600744 -21.370540 1.135907 -7.979536 24.352735 0.998517 -0.000000 0.000000 0.000000 6.240345 -7.571662 0.721714 1.903534 15.583489 -2.257917 -8.933009 -18.565900 3.890612 -0.000000 0.000000 0.000000 6.543481 2.050059 -0.198961 -5.244044 -3.315113 -3.045453 7.694382 -0.082598 0.594988 -0.036558 -3.675685 -4.822995 -10.804858 -7.365181 4.447409 -0.000000 0.000000 0.000000 -12.312423 -6.462118 10.425411 -6.583367 -10.725134 5.979291 -1.825490 4.909526 -15.678170 0.966399 1.641599 23.101190 -10.104903 8.097399 -8.728862 -7.841558 8.420890 -10.606411 -3.582024 -2.936245 11.719268 10.095100 -11.429547 -26.836935 
1.432632 55.342960 -52.873248 -5.425430 3.506273 -0.795141 7.780167 6.258617 2.386742 -3.701094 -21.381830 1.132782 -7.810668 24.232037 0.885011 -0.000000 0.000000 0.000000 6.068967 -7.622163 0.745376 1.908070 15.470375 -2.251741 -8.906632 -18.575110 3.856809 -0.000000 0.000000 0.000000 6.553134 2.035543 -0.186996 -5.406295 -3.305586 -3.082400 7.673734 -0.077675 0.593860 -0.161422 -3.597735 -4.930450 -10.691456 -7.323931 4.387586 -0.000000 0.000000 0.000000 -12.325779 -6.583315 10.561388 -6.624870 -10.883936 5.823730 -1.708264 4.636571 -15.584715 1.034391 1.566392 23.058555 -10.115751 8.203867 -8.863033 -7.938602 8.571789 -10.456032 -3.574209 -2.931670 11.663003 10.067428 -11.366225 -26.800224 
1.410384 55.341387 -52.898592 -5.260530 3.692959 -0.769522 7.526352 6.134146 2.412122 -3.695712 -21.347259 1.139960 -7.722814 24.140166 0.805924 -0.000000 0.000000 0.000000 5.844941 -7.644398 0.781784 1.983819 15.337553 -2.275036 -8.931744 -18.611784 3.818249 -0.000000 0.000000 0.000000 6.521472 2.031302 -0.193709 -5.531488 -3.300406 -3.113240 7.668417 -0.083201 0.593437 -0.373055 -3.519636 -5.040914 -10.607815 -7.281456 4.338061 -0.000000 0.000000 0.000000 -12.356995 -6.694241 10.677447 -6.675005 -11.086347 5.663087 -1.708897 4.389310 -15.522936 1.129251 1.461570 23.091004 -10.104637 8.287823 -8.970832 -7.969194 8.659880 -10.283076 -3.676035 -2.955637 11.678497 9.887156 -11.159583 -26.761564 
