HIERARCHY
ROOT pelvis
{
	OFFSET 0.258464 74.258363 -0.447054
	CHANNELS 6 Xposition Yposition Zposition Xrotation Yrotation Zrotation 
	JOINT left_hip
	{
		OFFSET 4.382537 -7.160962 -2.919503
		CHANNELS 3 Xrotation Yrotation Zrotation
		JOINT left_knee
		{
			OFFSET 4.069070 -30.486235 -1.949128
			CHANNELS 3 Xrotation Yrotation Zrotation
			JOINT left_ankle
			{
				OFFSET -3.538559 -30.654585 -2.216619
				CHANNELS 3 Xrotation Yrotation Zrotation
				JOINT left_foot
				{
					OFFSET 3.365643 -4.504003 8.968101
					CHANNELS 3 Xrotation Yrotation Zrotation
					End Site
					{
						OFFSET 0.000000 0.000000 0.000000
					}
				}
			}
		}
	}
	JOINT right_hip
	{
		OFFSET -4.888722 -7.818142 -2.975006
		CHANNELS 3 Xrotation Yrotation Zrotation
		JOINT right_knee
		{
			OFFSET -3.173815 -29.436365 -2.131204
			CHANNELS 3 Xrotation Yrotation Zrotation
			JOINT right_ankle
			{
				OFFSET 1.568821 -31.204861 -1.368981
				CHANNELS 3 Xrotation Yrotation Zrotation
				JOINT right_foot
				{
					OFFSET -2.928409 -4.653708 9.080296
					CHANNELS 3 Xrotation Yrotation Zrotation
					End Site
					{
						OFFSET 0.000000 0.000000 0.000000
					}
				}
			}
		}
	}
	JOINT spine1
	{
		OFFSET -0.098074 7.947227 -0.741284
		CHANNELS 3 Xrotation Yrotation Zrotation
		JOINT spine2
		{
			OFFSET 0.162352 9.960132 0.211408
			CHANNELS 3 Xrotation Yrotation Zrotation
			JOINT spine3
			{
				OFFSET -0.759039 3.278324 1.721998
				CHANNELS 3 Xrotation Yrotation Zrotation
				JOINT neck
				{
					OFFSET -0.522901 12.408688 -2.537907
					CHANNELS 3 Xrotation Yrotation Zrotation
					JOINT head
					{
						OFFSET 1.654942 13.886930 1.972653
						CHANNELS 3 Xrotation Yrotation Zrotation
						JOINT jaw
						{
							OFFSET -0.986705 -0.060756 -0.511455
							CHANNELS 3 Xrotation Yrotation Zrotation
							End Site
							{
								OFFSET 0.000000 0.000000 0.000000
							}
						}
					}
				}
				JOINT left_collar
				{
					OFFSET 3.448272 6.359687 -0.885727
					CHANNELS 3 Xrotation Yrotation Zrotation
					JOINT left_shoulder
					{
						OFFSET 6.982826 5.158406 -1.207152
						CHANNELS 3 Xrotation Yrotation Zrotation
						JOINT left_elbow
						{
							OFFSET 20.889300 -5.879433 -2.034490
							CHANNELS 3 Xrotation Yrotation Zrotation
							JOINT left_wrist
							{
								OFFSET 19.341980 1.462997 -1.191334
								CHANNELS 3 Xrotation Yrotation Zrotation
								End Site
								{
									OFFSET 0.000000 0.000000 0.000000
								}
							}
						}
					}
				}
				JOINT right_collar
				{
					OFFSET -2.929989 6.374507 -1.378012
					CHANNELS 3 Xrotation Yrotation Zrotation
					JOINT right_shoulder
					{
						OFFSET -5.916922 4.735421 -0.609436
						CHANNELS 3 Xrotation Yrotation Zrotation
						JOINT right_elbow
						{
							OFFSET -21.875796 -3.510767 -1.303868
							CHANNELS 3 Xrotation Yrotation Zrotation
							JOINT right_wrist
							{
								OFFSET -19.258976 -0.235136 -2.122354
								CHANNELS 3 Xrotation Yrotation Zrotation
								End Site
								{
									OFFSET 0.000000 0.000000 0.000000
								}
							}
						}
					}
				}
			}
		}
	}
}
MOTION
Frames: 845
Frame Time: 0.033334
-4.767511 74.898285 -51.193875 -5.432124 13.892394 -0.076409 2.440443 -7.910692 1.145373 6.938899 -12.587286 4.593670 -8.342295 8.045182 4.820683 -0.000000 0.000000 0.000000 3.079400 5.449992 7.473523 8.230319 11.337968 -3.496433 -10.955600 -6.134982 -1.142145 -0.000000 0.000000 0.000000 3.333082 2.787134 -3.599591 5.649524 -3.180503 1.731717 0.914816 0.680857 1.360830 -7.574551 5.174022 -2.490283 -0.146389 -1.797029 1.327890 -0.000000 0.000000 0.000000 0.385212 -11.325580 -18.800026 10.243876 -15.582750 -41.227436 126.552647 -63.285455 132.259369 -10.592483 -3.259835 16.115511 1.221323 14.111589 18.199732 11.415483 16.229061 43.428632 113.768826 57.282453 -128.800336 3.980121 2.929291 -6.709893 
-4.799590 74.885684 -51.167148 -5.326392 14.091841 -0.126410 2.178242 -8.020637 1.206234 7.248845 -12.636425 4.614168 -8.497181 8.014190 4.772652 -0.000000 0.000000 0.000000 3.029786 5.375319 7.541974 8.149430 11.246038 -3.444696 -10.949920 -6.148932 -1.212572 -0.000000 0.000000 0.000000 3.355873 2.836130 -3.687011 5.565949 -3.207878 1.718504 0.960041 0.682008 1.380248 -7.481013 5.130715 -2.470118 -0.053656 -1.797321 1.380423 -0.000000 0.000000 0.000000 0.416748 -11.267184 -18.752829 10.201777 -15.581498 -41.328523 126.261206 -63.329159 131.909907 -10.587947 -3.113629 16.038565 1.248415 14.036075 18.165178 11.341830 16.144333 43.480363 113.367470 57.372660 -128.497374 3.980137 2.866043 -6.645422 
-4.814496 74.868858 -51.133281 -5.269146 14.202853 -0.179291 1.978037 -8.163696 1.248606 7.588524 -12.640664 4.624737 -8.691654 8.058833 4.763698 -0.000000 0.000000 0.000000 2.817118 5.343120 7.599521 8.335456 11.159900 -3.372848 -11.037299 -6.136745 -1.277158 -0.000000 0.000000 0.000000 3.352897 2.903550 -3.766056 5.515215 -3.206159 1.713584 1.017007 0.698563 1.385385 -7.361939 5.118643 -2.422581 0.018326 -1.810319 1.421729 -0.000000 0.000000 0.000000 0.446800 -11.162072 -18.712246 10.151282 -15.543797 -41.442516 126.105524 -63.313075 131.770495 -10.818037 -2.865893 15.664815 1.289284 13.941407 18.152723 11.254855 16.059457 43.567938 112.972321 57.431204 -128.291620 3.879980 2.759921 -6.571913 
-4.825071 74.857181 -51.099432 -5.239635 14.165622 -0.239070 1.816816 -8.315353 1.261109 7.967849 -12.496525 4.662326 -8.914535 8.119519 4.772326 -0.000000 0.000000 0.000000 3.042609 5.411351 7.676633 8.132061 11.170921 -3.389679 -11.056501 -6.151120 -1.346224 -0.000000 0.000000 0.000000 3.375085 2.963174 -3.833514 5.448753 -3.156644 1.683655 1.078937 0.738326 1.388229 -7.267513 5.114253 -2.386137 0.072592 -1.830443 1.430681 -0.000000 0.000000 0.000000 0.522995 -11.038483 -18.640388 10.120540 -15.485235 -41.560130 126.026892 -63.412236 131.770910 -11.494052 -2.767327 14.964945 1.333304 13.866592 18.150650 11.159766 16.075861 43.742515 112.458854 57.599717 -127.999671 3.701216 2.690245 -6.474785 
-4.825830 74.852955 -51.066113 -5.219056 14.173377 -0.371350 1.664857 -8.435954 1.340890 8.360738 -12.362356 4.730332 -9.127942 8.130182 4.796916 -0.000000 0.000000 0.000000 2.874706 5.459374 7.782137 8.183532 11.118999 -3.264495 -10.957983 -6.158372 -1.401613 -0.000000 0.000000 0.000000 3.381436 3.041442 -3.856508 5.409316 -3.128330 1.678363 1.103715 0.769158 1.390592 -7.162433 5.119512 -2.377214 0.070574 -1.840376 1.420348 -0.000000 0.000000 0.000000 0.578686 -10.944837 -18.597878 10.059024 -15.384361 -41.666565 125.710934 -63.496062 131.484457 -12.064125 -2.265483 13.946639 1.381443 13.836097 18.184456 11.092917 16.059477 43.914605 112.054573 57.828867 -127.773050 3.094628 2.537882 -6.066581 
-4.800948 74.846190 -51.061070 -5.216386 14.275924 -0.517773 1.470620 -8.467668 1.396039 8.815528 -12.288176 4.880197 -9.374882 7.994327 4.779099 -0.000000 0.000000 0.000000 3.087386 5.391069 7.849782 7.787049 10.985494 -3.146962 -10.814823 -5.987230 -1.361784 -0.000000 0.000000 0.000000 3.474252 3.173163 -3.855233 5.360549 -3.132577 1.657200 1.090697 0.776892 1.404094 -7.119165 5.141186 -2.374645 0.033156 -1.887511 1.405563 -0.000000 0.000000 0.000000 0.589206 -10.893125 -18.565137 9.946341 -15.286529 -41.799056 124.871748 -63.534505 130.632608 -12.140748 -1.679961 12.756686 1.406702 13.822283 18.194762 11.022442 15.986395 44.108775 111.778786 58.189810 -127.518354 1.677799 2.399898 -5.167194 
-4.745635 74.831361 -51.063454 -5.178084 14.541688 -0.725431 1.174139 -8.428387 1.477253 9.367835 -12.216502 5.096431 -9.642685 7.701647 4.766284 -0.000000 0.000000 0.000000 3.489468 5.421554 7.930153 6.922345 10.842332 -2.960822 -10.508548 -6.025751 -1.351497 -0.000000 0.000000 0.000000 3.572010 3.309145 -3.838864 5.268533 -3.149795 1.641599 1.095870 0.780436 1.417854 -7.149628 5.116328 -2.323847 -0.062327 -1.924087 1.408719 -0.000000 0.000000 0.000000 0.638484 -10.820829 -18.556455 9.771766 -15.244910 -41.997388 123.774778 -63.621015 129.400731 -12.113350 -1.406892 11.789304 1.447876 13.788361 18.193093 10.984590 15.970380 44.282172 111.312836 58.597614 -126.886520 0.494980 2.389573 -4.777791 
-4.664734 74.816144 -51.073015 -5.030906 14.962736 -0.882922 0.729186 -8.546612 1.578778 9.883941 -12.328357 5.099942 -9.881458 7.470107 4.738627 -0.000000 0.000000 0.000000 3.834350 5.378839 7.993308 5.977570 10.672051 -2.894400 -10.187739 -6.134492 -1.349311 -0.000000 0.000000 0.000000 3.677163 3.511619 -3.819333 5.105957 -3.166629 1.601777 1.134451 0.785945 1.439621 -7.311301 5.033019 -2.279180 -0.287312 -1.978529 1.531530 -0.000000 0.000000 0.000000 0.714861 -10.724878 -18.470484 9.572591 -15.319861 -42.398601 122.625026 -63.889859 128.105680 -12.797283 -1.400713 10.971998 1.550868 13.747876 18.102039 11.011914 15.995292 44.516848 110.539442 59.060152 -125.799940 -0.568784 2.298496 -4.586661 
-4.585887 74.820471 -51.064306 -4.880190 15.534018 -0.925227 0.017598 -8.583914 1.475164 10.866013 -12.541533 5.256953 -10.212966 7.207533 4.537736 -0.000000 0.000000 0.000000 3.934101 5.152286 8.007632 5.461136 10.351390 -2.904373 -9.907018 -6.155698 -1.244829 -0.000000 0.000000 0.000000 4.036300 3.752772 -3.800846 4.832339 -3.139645 1.513078 1.159336 0.813825 1.483544 -7.602224 4.829950 -2.267433 -0.759274 -2.092213 1.733765 -0.000000 0.000000 0.000000 0.778197 -10.614215 -18.307592 9.369758 -15.414903 -42.988238 121.375266 -64.423873 126.682364 -14.027899 -1.399686 10.320549 1.672291 13.801745 17.885443 11.030247 16.013524 44.831205 109.749850 59.965845 -124.580999 -2.496822 2.234761 -4.453055 
-4.520514 74.837101 -50.984973 -4.557967 16.201606 -0.803350 -0.982729 -8.667092 1.154933 12.224714 -12.944674 5.442800 -10.862143 7.060309 4.256629 -0.000000 0.000000 0.000000 4.030638 4.919911 8.043681 5.000846 10.121928 -3.314231 -9.719980 -6.349110 -1.081132 -0.000000 0.000000 0.000000 4.389468 4.031520 -3.801269 4.463435 -3.038890 1.369403 1.195951 0.868677 1.498752 -8.066226 4.555897 -2.262339 -1.349567 -2.316066 1.893143 -0.000000 0.000000 0.000000 0.849464 -10.450282 -18.212702 9.238817 -15.361446 -43.526043 119.893117 -64.952286 125.080717 -14.902742 -1.089422 9.741673 1.812722 13.936648 17.700693 11.115729 16.028065 45.203872 108.961289 61.131530 -123.452043 -4.940739 1.929485 -4.360488 
-4.465315 74.842095 -50.845838 -4.302696 16.888880 -0.579316 -1.733846 -8.718122 0.736405 13.993721 -13.421100 5.721760 -12.024993 7.361625 4.030392 -0.000000 0.000000 0.000000 3.947644 4.646363 8.052077 5.078687 9.804037 -3.791501 -9.914312 -6.510591 -0.867817 -0.000000 0.000000 0.000000 4.970030 4.358645 -3.680592 4.086927 -2.888534 1.147491 1.226282 0.933423 1.465361 -8.743074 4.367733 -2.279129 -2.066712 -2.714983 1.898268 -0.000000 0.000000 0.000000 0.906247 -10.411624 -18.131020 9.193328 -14.834387 -43.962130 117.713994 -64.687645 122.940665 -14.091814 -0.068087 8.907158 2.003675 14.367208 17.419686 11.091601 15.802659 45.715729 108.475340 62.364071 -122.935317 -8.462017 1.306098 -4.670656 
-4.456471 74.820817 -50.654852 -3.970819 17.491583 -0.407886 -2.079951 -8.506043 0.545439 16.065131 -12.189787 5.854479 -12.948848 8.467907 3.833214 -0.000000 0.000000 0.000000 3.655319 4.369757 8.112284 5.450292 9.461335 -4.200884 -10.369212 -6.596591 -0.816089 -0.000000 0.000000 0.000000 5.506303 4.686599 -3.590367 3.781497 -2.716746 0.989580 1.222322 1.008490 1.417394 -9.564099 4.260565 -2.310656 -2.643938 -3.085502 1.772306 -0.000000 0.000000 0.000000 1.008146 -10.285412 -18.204484 9.346311 -14.001168 -44.162415 115.681288 -64.341690 120.961322 -12.323779 0.832714 8.380328 2.172790 14.736619 17.385180 10.994413 15.582727 45.995050 108.030105 63.394263 -122.592777 -10.838580 1.010326 -5.148939 
-4.467983 74.782610 -50.448495 -3.644674 17.891330 -0.401140 -1.696582 -7.698861 0.652274 18.546497 -9.567449 5.724897 -13.914539 10.051162 3.901428 -0.000000 0.000000 0.000000 3.288916 3.974070 8.182773 5.887841 9.252327 -4.316893 -10.731678 -6.409748 -0.864755 -0.000000 0.000000 0.000000 5.934611 4.960598 -3.423099 3.617384 -2.498158 0.879170 1.172112 1.143507 1.359458 -10.151054 4.089712 -2.409286 -3.245463 -3.243171 1.622216 -0.000000 0.000000 0.000000 1.070077 -10.093092 -18.398577 9.659407 -12.971467 -44.244145 113.917913 -64.249888 119.182023 -10.746654 1.713598 8.254635 2.288616 14.999132 17.432480 10.720958 15.382043 46.004605 107.366865 63.887454 -122.027920 -11.498310 0.548536 -5.583540 
-4.461232 74.717337 -50.226003 -3.264044 18.448161 -0.551332 -1.026348 -6.534905 0.628557 20.957471 -7.051997 5.651145 -14.825552 11.039810 4.383135 -0.000000 0.000000 0.000000 2.820474 3.400680 8.178132 6.391147 8.940113 -3.987253 -11.297385 -6.078311 -1.092627 -0.000000 0.000000 0.000000 6.091317 5.072012 -3.372964 3.524060 -2.276174 0.835804 1.180281 1.246857 1.347384 -10.342017 3.940159 -2.383407 -3.567268 -3.262021 1.474312 -0.000000 0.000000 0.000000 1.261160 -9.777815 -18.478657 9.968111 -11.888940 -44.311910 112.023742 -64.290292 117.255140 -9.635358 2.718242 7.686814 2.410772 15.107504 17.568756 10.284516 15.286532 45.970702 106.307961 64.173739 -121.018026 -11.551878 0.197521 -5.782946 
-4.344096 74.617392 -50.121421 -2.936791 19.784156 -0.956114 -0.720645 -5.554679 0.191610 22.538609 -5.055797 6.080992 -15.386977 11.732534 4.374683 -0.000000 0.000000 0.000000 2.249973 2.749187 8.243290 7.035373 8.048648 -3.159815 -11.716144 -5.808725 -1.543097 -0.000000 0.000000 0.000000 6.546116 4.976868 -3.145878 3.189015 -2.274357 0.797252 1.310771 1.172641 1.325272 -10.333521 3.746899 -2.197158 -3.452910 -3.219422 1.398419 -0.000000 0.000000 0.000000 1.467245 -9.409620 -18.423640 10.243201 -10.742886 -44.463719 110.174424 -64.059334 115.277483 -8.068782 3.744189 6.933581 2.416198 15.082276 17.511974 9.749007 15.265185 46.220029 105.163367 64.660441 -119.755027 -12.013220 -0.019250 -5.742911 
-4.135828 74.463576 -50.049418 -2.532449 21.520413 -1.715599 -1.003491 -4.584285 -0.418120 22.266529 -3.522213 6.959155 -15.251352 11.843580 3.442610 -0.000000 0.000000 0.000000 1.819702 2.321215 8.549066 7.356807 6.742166 -2.120557 -12.223718 -5.617599 -2.181735 -0.000000 0.000000 0.000000 6.744274 4.786796 -3.005355 3.172449 -2.256833 0.831826 1.516538 1.128658 1.375308 -10.173668 3.625544 -1.862108 -3.280125 -3.229721 1.405233 -0.000000 0.000000 0.000000 1.655386 -9.030967 -18.277089 10.512599 -9.691556 -44.586623 108.433465 -63.590689 113.318340 -5.930055 4.644777 6.473050 2.457055 14.963720 17.423735 9.244784 15.281705 46.701296 104.053486 65.229678 -118.468043 -12.865341 -0.266743 -5.664886 
-3.822795 74.269634 -49.943766 -2.070983 23.463889 -2.669282 -1.551498 -3.845248 -0.950766 20.682413 -2.259630 7.856701 -14.468470 11.591021 1.975724 -0.000000 0.000000 0.000000 1.376936 1.926210 8.869006 7.538884 5.133246 -0.894971 -12.804855 -5.331300 -2.668768 -0.000000 0.000000 0.000000 6.825712 4.595000 -2.978846 3.528247 -2.271579 0.922994 1.673460 1.063819 1.545273 -9.967361 3.465596 -1.514305 -3.469386 -3.397343 1.516384 -0.000000 0.000000 0.000000 1.847093 -8.734236 -18.068349 10.777918 -8.780535 -44.846774 106.969002 -62.957732 111.710162 -3.712972 5.668504 6.170460 2.538225 14.799097 17.383737 8.891382 15.143313 47.351754 102.991802 65.754442 -117.331231 -13.763610 -0.475717 -5.807090 
-3.322822 74.026775 -49.872839 -1.421763 25.512954 -3.862277 -2.436040 -3.839542 -1.085301 19.332949 -1.043390 8.074751 -13.909176 10.973461 1.177032 -0.000000 0.000000 0.000000 0.776254 1.277635 9.046456 8.095219 3.554334 0.574145 -13.652846 -4.933580 -3.078411 -0.000000 0.000000 0.000000 7.334009 4.235864 -2.489792 3.499090 -2.432492 1.019323 1.883458 0.893263 1.607955 -10.128180 3.145432 -1.291355 -3.546223 -3.606796 1.607449 -0.000000 0.000000 0.000000 1.934818 -8.391748 -18.009779 10.904878 -8.249358 -45.416292 105.571569 -62.481676 110.058524 -1.742522 6.141690 6.554288 2.609871 14.386299 17.192578 8.772333 14.749480 47.991252 101.895138 66.307317 -116.024941 -14.460667 -0.504821 -5.983420 
-2.718993 73.733115 -49.533427 -0.512745 26.514111 -4.724261 -3.071478 -4.098210 -1.037640 18.762201 0.689409 7.314002 -14.097982 10.629925 2.694045 -0.000000 0.000000 0.000000 -0.376597 0.724085 8.711407 9.848733 2.762640 1.785739 -15.198322 -4.472357 -3.385068 -0.000000 0.000000 0.000000 7.419437 3.803975 -2.524735 3.431299 -2.268990 0.993149 2.188850 0.780068 1.695511 -10.449621 2.887006 -0.869384 -3.542924 -3.940247 1.664735 -0.000000 0.000000 0.000000 2.165379 -7.820722 -17.801729 11.017535 -8.033193 -45.906228 104.746074 -62.167843 108.874260 -0.556034 6.640131 6.986235 2.805995 13.803395 17.224172 8.885238 14.477032 48.728048 99.565373 66.952893 -113.486848 -14.616915 -0.541734 -6.295886 
-1.834692 73.401427 -49.155006 0.008261 27.557941 -5.438694 -3.183934 -4.873256 -0.757053 18.809138 1.675898 6.142997 -15.009764 10.546071 5.329829 -0.000000 0.000000 0.000000 -1.849145 0.604141 8.373776 13.166577 2.384110 2.818916 -17.516106 -4.877336 -3.761471 -0.000000 0.000000 0.000000 7.979797 2.907150 -1.995095 2.991199 -2.300660 1.131181 2.472537 0.547350 1.750876 -11.072183 2.536859 -0.618661 -3.390978 -4.042764 1.567756 -0.000000 0.000000 0.000000 2.437635 -7.543900 -17.737460 10.852971 -8.171654 -46.660474 103.748767 -62.102109 107.669456 -0.533097 6.682967 7.306373 2.935650 13.382029 16.986757 9.140163 14.032648 49.159474 95.794982 67.669365 -109.411925 -14.515862 -0.327231 -6.687738 
-0.694507 72.977173 -48.622727 -0.299678 28.329699 -5.086834 -2.608562 -4.543014 -0.858397 20.055790 1.224876 4.635854 -16.754209 9.827691 7.444247 -0.000000 0.000000 0.000000 -4.833748 0.260591 7.126224 20.784005 1.432768 3.815010 -20.731352 -4.393309 -3.315461 -0.000000 0.000000 0.000000 8.836576 1.643815 -1.762791 2.332668 -2.306376 1.206684 2.608468 0.315693 1.857063 -11.936680 2.531332 -0.157217 -3.217071 -4.306694 1.460878 -0.000000 0.000000 0.000000 2.554087 -7.567124 -17.459009 10.776453 -8.408617 -47.126341 103.469056 -62.278511 107.105407 -1.343669 6.142437 7.888689 2.946810 13.156430 16.719068 9.300251 13.587549 49.685580 90.900574 68.303175 -103.978186 -13.800817 -0.358012 -7.088914 
0.537466 72.464365 -48.085466 -1.040733 28.816038 -3.997116 -1.425208 -4.422973 -1.499813 20.950788 -0.901586 2.811664 -18.781614 10.437444 9.711424 -0.000000 0.000000 0.000000 -9.866398 1.360862 6.158901 31.999172 1.250296 3.809794 -21.105114 -4.783239 -2.292687 -0.000000 0.000000 0.000000 9.693288 0.022052 -1.940083 1.961908 -2.065818 1.613329 2.037306 0.105208 1.921960 -13.206153 2.520841 0.463267 -3.482611 -4.524953 1.490949 -0.000000 0.000000 0.000000 2.452003 -8.083959 -17.743847 11.032201 -8.639874 -46.424861 104.498797 -62.728190 108.246400 -2.212841 5.335681 8.622127 2.685504 13.411855 17.068999 9.793505 13.295565 49.719561 85.465631 68.518025 -98.830730 -11.982921 -0.362514 -7.411212 
1.658976 71.786863 -47.657901 -1.622013 30.340825 -3.128068 -1.597354 -4.031885 -1.821648 23.884214 -3.087947 1.185607 -21.364710 10.365296 11.902544 -0.000000 0.000000 0.000000 -15.775863 2.571886 5.934029 43.474765 1.455417 3.318316 -18.497840 -6.594822 -0.599701 -0.000000 0.000000 0.000000 10.799551 -1.749372 -1.899624 1.516078 -2.301876 2.478214 1.239228 -0.330790 1.960775 -14.739931 2.084412 1.083389 -3.982552 -4.472798 1.687614 -0.000000 0.000000 0.000000 2.358692 -9.345773 -18.805272 11.098585 -8.976572 -44.532912 106.060288 -63.683019 110.004372 -3.090546 3.791232 10.186446 2.258033 13.737497 18.085301 10.606999 12.842078 49.111412 81.125493 68.393411 -95.468665 -9.239548 -0.179389 -8.086583 
2.541336 71.107972 -46.990448 -2.185328 30.869631 -2.226986 -1.445382 -3.162030 -2.223419 26.572888 -4.747499 0.235674 -23.634827 10.200562 13.417327 -0.000000 0.000000 0.000000 -21.032105 4.254019 6.684694 53.560376 2.041291 1.547106 -14.891067 -8.297030 0.350972 -0.000000 0.000000 0.000000 11.341248 -3.076202 -2.505160 2.282102 -2.090336 3.231557 0.430915 -0.451230 1.969934 -15.487045 1.807908 1.717921 -4.928996 -4.478479 2.003263 -0.000000 0.000000 0.000000 2.155491 -10.960050 -20.071546 11.275723 -9.471634 -41.827382 107.296518 -65.437079 111.497344 -5.524114 2.328708 10.912469 1.947537 14.195578 19.756061 11.471812 12.502955 48.553901 76.116770 67.995146 -92.075703 -6.268200 -0.120088 -8.787969 
3.302911 70.483911 -46.426260 -1.998812 32.205559 -2.030536 -2.199306 -5.652597 -3.028648 29.145500 -5.291729 -0.559429 -25.894024 11.490501 14.847866 -0.000000 0.000000 0.000000 -26.000805 6.288347 7.169542 61.402500 2.715371 1.347089 -14.048549 -11.186974 -1.905449 -0.000000 0.000000 0.000000 12.082688 -4.208524 -2.222363 2.909046 -2.441192 3.329793 0.263242 -0.436282 2.330972 -16.293704 0.635720 0.152403 -2.904598 -3.500507 5.162738 -0.000000 0.000000 0.000000 1.293779 -13.308636 -21.380965 11.885659 -10.269313 -39.871945 109.998218 -68.464308 115.926565 -7.050512 3.170393 6.870319 3.011463 16.170104 20.331273 12.132993 11.350596 48.735975 75.002514 69.745871 -93.388655 -2.192967 -4.238536 -11.089921 
4.041879 70.141882 -45.387152 -1.698026 33.936992 -3.251677 -1.144906 -6.502067 -1.820680 29.263733 -6.513277 -0.179300 -27.324945 11.604113 15.123646 -0.000000 0.000000 0.000000 -29.399331 7.685966 8.723398 65.368230 2.300240 1.707635 -13.117774 -12.159605 -2.323101 -0.000000 0.000000 0.000000 12.857866 -5.399275 -1.332975 3.317688 -2.508927 4.193216 0.368173 -0.942805 2.581964 -15.107903 0.578082 0.176969 -2.750807 -2.990655 5.079312 -0.000000 0.000000 0.000000 1.106465 -13.452207 -21.516630 11.128974 -11.659532 -39.723111 112.026516 -68.514696 117.872485 -8.403888 3.938041 4.681052 3.249610 15.311665 20.465288 13.127447 10.690055 48.461338 73.275948 69.981284 -91.724973 -3.150538 -4.428802 -10.833237 
5.093065 70.253295 -43.755335 -1.251197 35.000232 -4.455721 2.032197 -6.683377 -0.906896 25.956392 -7.975314 1.158097 -27.091902 12.603037 14.974609 -0.000000 0.000000 0.000000 -31.202692 8.639486 10.011910 65.428921 2.897275 1.587143 -13.163348 -12.060820 -2.489327 -0.000000 0.000000 0.000000 12.200866 -6.425151 -0.695906 4.347335 -2.373968 4.777556 0.494583 -1.369239 2.744068 -13.755881 0.844154 0.295274 -2.238480 -2.336145 4.804987 -0.000000 0.000000 0.000000 1.032102 -13.107704 -21.728645 10.895716 -12.893042 -40.116238 114.243458 -67.582789 120.112960 -7.446080 3.468592 5.939604 3.550939 14.304199 20.623231 14.241354 9.830563 48.047401 73.645550 70.655819 -91.272861 -4.392962 -4.246031 -10.922910 
6.466638 70.863485 -41.761595 -0.342299 35.906806 -5.607417 5.300254 -7.224529 -0.151466 21.743442 -9.031964 2.126692 -24.135076 14.413862 13.948885 -0.000000 0.000000 0.000000 -31.793660 9.344133 10.773079 61.332089 3.584099 1.338495 -13.510780 -11.852643 -2.599211 -0.000000 0.000000 0.000000 10.929278 -7.162829 -0.040021 4.296391 -2.394329 5.021401 0.943413 -1.835653 2.804378 -13.098119 1.310548 0.394388 -1.427213 -1.843015 4.606620 -0.000000 0.000000 0.000000 1.179248 -12.285884 -21.576992 10.682912 -14.429993 -40.834451 116.917219 -67.546194 122.429220 -8.266601 2.534519 7.597160 3.868675 12.721608 20.561864 15.045067 9.627197 47.925052 73.236777 70.594311 -89.797022 -3.126931 -4.109723 -12.814929 
8.067825 71.941280 -39.408326 0.047164 36.576611 -5.981652 8.744481 -6.997604 0.729666 18.136413 -9.464577 2.815909 -18.120171 15.420661 10.471934 -0.000000 0.000000 0.000000 -30.256641 9.653760 11.071552 53.438631 3.365987 0.602822 -12.919734 -11.484829 -2.307962 -0.000000 0.000000 0.000000 9.790000 -7.629012 0.121131 4.218838 -2.506016 5.061692 1.037563 -2.266993 2.997168 -13.025750 1.769443 0.421741 -0.745741 -1.379629 4.621567 -0.000000 0.000000 0.000000 1.530932 -11.702451 -21.142447 10.255042 -15.711924 -41.560350 118.148099 -67.508521 123.652761 -10.523828 1.366175 6.274835 4.110670 11.519526 20.332288 15.467514 9.425183 48.278774 72.820772 71.045831 -88.903168 -5.947982 -3.156585 -10.236753 
9.912676 73.178250 -36.743858 0.523823 36.795644 -5.905443 10.963744 -5.157968 1.899942 16.707902 -9.447163 2.947084 -9.910448 14.245295 5.028985 -0.000000 0.000000 0.000000 -27.222426 9.398483 11.134539 42.799633 3.400664 -0.997244 -11.836149 -9.989550 -1.722032 -0.000000 0.000000 0.000000 8.091186 -7.875487 0.176196 4.019172 -2.817065 4.865843 0.964725 -2.494546 3.055787 -12.561214 2.406797 0.107072 -0.332782 -1.005351 4.827509 -0.000000 0.000000 0.000000 1.985323 -11.182177 -20.697173 9.859130 -16.340941 -41.994770 119.347999 -67.440768 124.226796 -12.138124 0.192173 4.285547 4.800832 10.693963 19.837489 15.295703 9.274586 48.783795 72.304222 71.548454 -87.402116 -7.537952 -2.574513 -10.458572 
11.890332 74.262261 -34.004125 0.811904 36.275824 -4.766313 11.248036 -2.581719 2.709467 18.878380 -8.628203 1.856422 -0.966603 11.106168 -0.259235 -0.000000 0.000000 0.000000 -22.927427 8.840459 10.863759 31.509641 4.466478 -3.407377 -9.614445 -7.462528 -0.107055 -0.000000 0.000000 0.000000 6.690362 -7.660302 -0.182307 3.391338 -3.230115 4.366056 0.924469 -2.558850 2.936755 -12.228011 2.795835 -0.514644 0.354809 -0.501994 5.126262 -0.000000 0.000000 0.000000 2.340939 -10.582779 -20.131518 9.546475 -16.632808 -42.228174 120.740312 -67.213223 124.735088 -12.825206 -1.072741 2.918889 5.259583 9.897132 19.141647 14.909923 9.161999 49.220374 72.906850 72.240891 -86.601263 -9.187709 -1.676784 -10.188116 
13.925938 74.850833 -31.218657 0.217507 35.418635 -2.659306 10.142631 -1.247897 3.212194 25.127382 -7.209882 0.214150 7.070673 7.639284 -5.443121 -0.000000 0.000000 0.000000 -17.546001 8.552811 10.672232 22.847365 5.091845 -5.622728 -5.369054 -5.570101 2.155073 -0.000000 0.000000 0.000000 5.776292 -6.942886 -0.972203 3.442395 -3.654288 3.900988 0.612987 -2.478811 2.763707 -11.774187 2.604543 -1.458366 0.547966 0.236580 5.430514 -0.000000 0.000000 0.000000 2.724103 -10.388923 -19.530103 9.083729 -16.692959 -42.756166 121.993672 -66.716593 126.037962 -13.409114 -2.206178 2.375432 5.393985 9.640026 18.181702 14.404177 9.211976 49.389973 74.449012 72.978739 -87.069193 -11.212350 -0.624343 -9.918244 
15.902682 74.612051 -28.492036 -0.480552 34.873854 -0.523669 6.883547 -2.403742 3.479707 35.236216 -6.432111 -2.159172 14.033586 5.475342 -8.096032 -0.000000 0.000000 0.000000 -13.421282 9.115997 10.179366 20.730284 4.810755 -5.506648 -2.655365 -6.204042 -0.509335 -0.000000 0.000000 0.000000 4.777346 -5.914642 -2.011569 3.865964 -4.020770 3.740729 0.183317 -2.454460 2.404486 -10.940569 1.647573 -2.423325 0.725692 1.249967 5.550299 -0.000000 0.000000 0.000000 3.068395 -10.799917 -19.802958 9.012790 -16.768005 -42.857230 123.643108 -66.377591 129.110134 -14.434892 -3.186333 3.501383 5.510920 10.342695 17.884050 14.017985 9.395545 48.394559 76.790119 73.523686 -89.405340 -13.198881 0.451585 -9.982619 
17.730643 73.649895 -25.760680 -1.650618 34.555828 1.150073 2.632628 -3.803872 4.009452 45.790382 -5.835557 -4.343875 19.937768 4.535851 -10.551637 -0.000000 0.000000 0.000000 -9.554044 9.062497 9.944448 22.448394 4.656657 -5.240191 -10.068823 -6.120224 -4.355554 -0.000000 0.000000 0.000000 4.275880 -4.313591 -2.770366 4.294653 -4.212897 3.697879 -0.174676 -2.193109 1.829580 -10.007582 1.506299 -2.581788 1.637346 0.679082 4.995399 -0.000000 0.000000 0.000000 2.479456 -11.060200 -20.691514 9.471955 -17.121012 -42.479717 125.022355 -66.248370 131.952438 -16.258605 -3.982171 5.808387 5.068263 11.372354 19.056014 13.519659 9.046096 45.920767 79.387645 73.751968 -92.006933 -14.006664 1.131747 -10.836266 
19.452053 72.537893 -23.185736 -2.409449 34.021319 1.753655 -2.298241 -5.286251 4.583032 54.903387 -4.847093 -6.422432 13.374216 7.855213 -6.817691 -0.000000 0.000000 0.000000 -6.912932 8.376078 10.139650 24.997263 6.001570 -5.053313 -16.466240 -6.525468 -7.257012 -0.000000 0.000000 0.000000 4.187809 -2.163113 -2.844124 3.180004 -4.000532 3.419237 0.941228 -1.669160 1.319088 -10.052367 1.056759 -2.336694 3.299317 -0.303580 4.246073 -0.000000 0.000000 0.000000 1.380170 -11.372253 -21.907060 9.328434 -17.601217 -42.065418 123.656884 -66.440403 131.364451 -16.954753 -4.279028 8.264401 4.280594 12.754205 20.918131 12.568738 9.366547 43.048807 77.322940 73.109078 -91.120326 -13.199135 0.632088 -12.197104 
21.261677 71.957338 -20.859259 -2.547507 32.400663 1.866583 -6.943786 -7.619461 4.247047 58.970017 -4.889778 -9.416999 0.926496 12.277056 2.566662 -0.000000 0.000000 0.000000 -5.958466 6.687676 8.739369 29.112373 7.215567 -3.617275 -19.960906 -5.218279 -8.262694 -0.000000 0.000000 0.000000 4.202131 0.265563 -3.091416 2.792412 -3.428490 3.113433 1.703881 -0.569223 1.072290 -10.993114 0.822086 -2.355623 3.462417 -1.326312 4.043351 -0.000000 0.000000 0.000000 0.228622 -11.690093 -22.077650 8.616348 -17.659455 -43.321942 121.188855 -66.451595 129.308548 -16.447517 -1.448514 10.073578 4.356613 14.731319 21.026515 9.901183 10.513848 41.706702 75.302316 71.710745 -90.631771 -11.989409 -0.780507 -14.423797 
23.283450 72.047567 -18.200384 -3.380497 32.539384 1.780742 -12.058197 -6.969057 3.296069 61.282970 -2.731262 -6.513567 -7.330426 13.185742 8.681623 -0.000000 0.000000 0.000000 -1.615663 5.064761 8.532683 28.433654 9.231970 -4.477289 -20.684740 -5.570754 -8.541984 -0.000000 0.000000 0.000000 4.868555 1.763200 -3.075316 2.324745 -3.274752 2.539124 2.210422 0.284477 1.396409 -11.153121 -0.614265 -2.649802 2.655313 -0.986385 4.751483 -0.000000 0.000000 0.000000 -0.136928 -12.262353 -21.689685 8.321202 -16.304840 -44.523112 121.594018 -65.369855 129.452954 -14.411751 3.355521 13.628961 4.215718 16.560702 19.952473 7.364112 10.943142 42.736915 79.522491 72.058053 -95.985248 -10.567219 -1.118611 -17.035386 
25.488499 72.664452 -15.364118 -3.110978 34.106880 1.756373 -16.364660 -8.685527 1.000772 57.552293 -1.282704 -4.553453 -13.049063 13.618706 12.726084 -0.000000 0.000000 0.000000 3.233025 4.238431 7.534375 24.914580 9.982868 -4.962657 -18.435131 -7.068652 -7.677963 -0.000000 0.000000 0.000000 4.813279 3.417124 -3.974584 1.556893 -3.817502 2.223411 2.851535 0.547979 1.495389 -11.569914 -1.481504 -2.256283 2.635622 -1.565241 5.298867 -0.000000 0.000000 0.000000 0.216473 -12.083536 -20.856597 8.940370 -15.840846 -44.498712 122.255222 -64.724049 129.641661 -12.880816 4.100122 18.045966 3.393374 16.595086 19.394558 6.468407 12.747733 44.352372 85.350427 71.844852 -103.209860 -10.853117 -0.016668 -18.442240 
27.857053 73.573744 -12.159351 -2.538166 36.120972 1.559988 -18.864238 -10.819477 -1.422704 48.901037 0.081840 -2.606957 -14.328806 13.128010 13.400010 -0.000000 0.000000 0.000000 8.753254 4.631456 6.986203 20.050402 10.053458 -6.150084 -12.208447 -9.380492 -4.989371 -0.000000 0.000000 0.000000 4.204317 4.711864 -5.013818 1.337623 -4.375375 2.067469 2.990155 0.685649 1.412718 -11.703236 -2.107194 -1.756795 2.853212 -2.390715 5.822591 -0.000000 0.000000 0.000000 1.033559 -11.059471 -20.165613 9.778211 -15.425354 -43.659249 123.821279 -64.975147 130.837208 -13.471118 2.104818 18.162469 2.531720 15.557484 19.268270 6.783774 15.150417 45.975240 91.147673 71.201778 -110.008043 -10.874375 1.196336 -18.181577 
30.262157 74.377453 -8.689868 -1.651081 37.318357 1.043014 -19.396362 -12.336341 -3.163888 36.486690 1.697929 -0.758041 -13.471531 12.853831 12.905759 -0.000000 0.000000 0.000000 12.981129 3.925002 5.360475 17.534606 9.729591 -5.882579 -3.110099 -8.918520 -0.387088 -0.000000 0.000000 0.000000 3.265844 6.040069 -5.995295 1.028670 -4.397115 1.808706 3.194069 1.004433 1.367791 -11.882040 -2.300839 -1.263556 3.297591 -3.751547 6.356804 -0.000000 0.000000 0.000000 1.680092 -9.638252 -19.388411 10.823044 -15.078283 -42.890124 126.239378 -65.762532 132.978130 -14.654750 -0.030655 15.668214 2.223698 14.188809 19.169904 7.561598 17.226399 47.120173 98.379564 71.077917 -117.020543 -11.216549 2.323630 -17.979311 
32.728827 74.927092 -5.151470 -1.045311 37.483342 0.215324 -17.689336 -12.654481 -3.855367 22.267522 1.364807 1.485140 -11.766394 11.793618 11.581118 -0.000000 0.000000 0.000000 15.094390 1.437982 3.346498 18.877380 9.311720 -4.674365 6.363370 -4.559433 4.804520 -0.000000 0.000000 0.000000 2.476038 7.329055 -6.299169 0.936115 -3.898059 1.510408 3.226564 1.511224 1.414076 -12.385815 -2.054514 -0.886423 3.697363 -5.417897 6.774120 -0.000000 0.000000 0.000000 1.869096 -8.276736 -18.642891 12.049519 -14.518307 -42.645748 128.518050 -66.416626 135.005554 -14.934151 -2.280529 13.483601 2.228652 13.183484 18.894171 8.528703 18.071445 47.354169 106.965855 70.876156 -123.790097 -12.436439 3.684556 -16.904694 
35.305834 75.115889 -1.823077 -1.155449 37.036634 -0.661161 -15.478817 -11.841831 -3.820485 12.452811 -0.043195 3.463769 -6.485990 10.832894 6.804296 -0.000000 0.000000 0.000000 15.138644 -1.166939 1.730575 23.550390 8.570529 -3.638046 14.153063 1.637620 9.749861 -0.000000 0.000000 0.000000 1.943817 8.049917 -5.691558 1.567684 -3.275557 1.425363 2.741273 2.002825 1.477411 -12.730648 -1.742315 -0.830482 3.458409 -6.368187 7.032010 -0.000000 0.000000 0.000000 2.072797 -7.619243 -18.002972 13.284331 -13.569922 -43.338973 129.980773 -66.692154 136.892863 -15.543458 -4.317666 12.315047 2.224669 12.891876 18.369162 9.431405 17.738504 46.928369 115.371844 70.169887 -129.536870 -13.667273 4.821054 -13.904202 
38.079959 74.850881 1.015751 -2.047912 37.217894 -0.846579 -14.545414 -11.797668 -4.414189 11.130041 -2.118926 3.632785 -1.122323 9.261088 5.583974 -0.000000 0.000000 0.000000 12.935087 -2.675850 0.251505 31.217151 7.136187 -2.516544 20.509271 6.217125 13.423323 -0.000000 0.000000 0.000000 1.861116 7.756948 -5.089645 2.376334 -3.034879 2.010639 2.014861 2.055774 1.684438 -12.340562 -2.192885 -1.043946 3.060562 -5.690593 6.812022 -0.000000 0.000000 0.000000 2.664946 -7.625556 -18.010383 14.272455 -12.784446 -44.344690 131.508093 -66.891186 139.417070 -16.559614 -5.323585 11.304533 2.198468 13.102641 18.080313 10.817582 17.129704 45.950267 121.796312 69.319056 -134.542161 -13.814426 5.402388 -9.820679 
40.911046 73.992991 3.544678 -3.551757 37.692344 -0.080081 -14.399216 -12.783183 -5.806357 18.636219 -2.673654 1.436922 -5.430366 10.977059 11.080692 -0.000000 0.000000 0.000000 9.458307 -2.328059 -1.499103 40.014279 6.637633 -0.713062 26.849294 7.556810 15.683417 -0.000000 0.000000 0.000000 2.122470 7.025978 -4.883429 2.548088 -2.961366 2.903151 2.057460 1.796656 1.668127 -11.743379 -3.406297 -0.875702 3.369553 -4.210578 6.295900 -0.000000 0.000000 0.000000 3.244070 -7.854658 -18.632613 14.643348 -12.568748 -44.203527 133.385799 -66.998188 141.672582 -17.676976 -5.416839 10.427519 1.899967 12.654409 18.720098 12.793251 16.946834 44.786705 124.095070 68.461432 -137.101163 -13.979811 4.972581 -6.105301 
43.419960 72.930640 5.759314 -4.500774 37.609797 0.924261 -15.063579 -13.911748 -7.487999 26.688773 -2.883361 -0.593276 -13.185636 12.407071 14.781585 -0.000000 0.000000 0.000000 3.859714 -0.869989 -3.080589 49.894945 4.671550 0.820833 22.724623 1.395914 14.228124 -0.000000 0.000000 0.000000 2.693483 5.960029 -4.941463 1.629177 -2.633576 3.364309 2.907579 1.591923 1.174534 -11.827936 -3.783461 0.217377 4.478298 -3.836648 5.657166 -0.000000 0.000000 0.000000 3.151449 -8.475012 -20.101052 14.831870 -13.328718 -42.239315 132.837836 -67.917325 141.016945 -18.546100 -5.672579 10.439206 1.551744 12.360676 20.888779 14.752401 16.453411 43.891053 121.182784 68.426693 -136.056685 -15.505945 4.696515 -1.200525 
45.400620 72.379839 7.983232 -5.897388 37.289812 2.204414 -12.770391 -13.880281 -7.854840 29.489419 -4.352508 -2.435056 -17.538340 13.567110 17.331011 -0.000000 0.000000 0.000000 -1.795352 1.027265 -3.001776 57.646662 3.395404 1.510268 12.291118 -7.414798 7.492264 -0.000000 0.000000 0.000000 3.840071 4.464467 -5.221720 2.323782 -2.232131 3.364761 3.054968 1.407100 0.963965 -12.472534 -3.684017 0.848432 3.761906 -3.711362 6.217541 -0.000000 0.000000 0.000000 2.462178 -10.245968 -20.899157 14.258995 -14.193897 -40.560954 131.332583 -68.769315 138.668882 -17.991929 -3.921108 14.841369 1.866160 13.565330 21.853417 15.413609 15.891744 45.436078 114.349281 68.655665 -131.086705 -12.385921 3.526669 -4.845604 
47.247812 72.415417 10.348313 -7.723352 36.553801 2.752335 -7.084908 -11.249068 -6.642019 28.023833 -6.912891 -1.877012 -20.077964 13.482867 18.221758 -0.000000 0.000000 0.000000 -6.929026 2.397690 -0.713126 61.883659 3.330277 1.052766 1.926430 -13.188407 -0.641580 -0.000000 0.000000 0.000000 5.563177 2.028640 -4.653791 3.029909 -1.610414 3.287501 2.736237 1.045082 1.402288 -12.766776 -3.897513 0.505909 2.715386 -1.990539 6.616340 -0.000000 0.000000 0.000000 1.837257 -11.878412 -21.560845 13.533353 -14.523986 -40.588538 131.446342 -67.813753 138.818020 -15.529723 -1.831733 21.479045 2.162351 15.187812 21.600567 16.053333 14.080863 46.535949 116.473206 69.149341 -133.487434 -13.935319 3.898298 -6.389563 
49.284118 73.117000 12.996225 -9.027085 35.675385 2.436483 -0.824047 -9.096950 -5.204657 24.616612 -7.444381 -0.806050 -20.507253 13.539183 17.193102 -0.000000 0.000000 0.000000 -11.361373 3.752379 2.529979 61.634196 2.324132 0.693795 -5.731891 -14.467529 -5.076683 -0.000000 0.000000 0.000000 7.109781 -0.169908 -3.351626 2.642724 -1.265883 3.200280 2.719052 0.500317 1.774738 -12.783562 -3.162943 0.331520 2.258256 -0.811412 6.290577 -0.000000 0.000000 0.000000 1.716261 -12.321982 -21.394883 12.509899 -15.570532 -41.902175 132.072805 -66.746525 140.396820 -16.089209 -4.127681 24.138315 2.557040 15.019950 20.472350 16.822188 12.747297 46.942199 118.950073 68.400390 -134.932369 -15.834457 5.534220 -6.869705 
51.698643 74.407554 16.002358 -9.584521 35.516607 1.979694 4.616466 -7.198906 -4.214731 20.961373 -6.887826 0.042924 -17.887896 13.770486 15.030958 -0.000000 0.000000 0.000000 -14.716851 4.961259 5.369727 56.867974 1.016731 0.547755 -7.709193 -13.459336 -4.730079 -0.000000 0.000000 0.000000 7.464734 -2.045399 -2.133384 2.171018 -1.351708 3.183962 2.694869 -0.189587 2.010669 -12.348280 -2.108858 0.202799 2.018640 -0.148088 5.794543 -0.000000 0.000000 0.000000 1.875987 -11.683993 -20.571698 11.044432 -16.946778 -43.386440 132.558954 -65.874376 141.378185 -16.557531 -7.316092 22.534987 3.144404 13.524916 19.090061 17.617561 11.994413 47.568367 120.032807 67.782040 -135.090096 -16.588106 6.968324 -6.878659 
54.315716 75.917113 19.224574 -10.067172 35.105090 1.909982 8.750126 -4.618629 -3.645282 18.997686 -5.971732 0.427169 -12.451999 13.832055 11.688006 -0.000000 0.000000 0.000000 -16.278304 6.372095 7.801134 48.337820 -0.034435 -0.282219 -6.952875 -13.309137 -3.340284 -0.000000 0.000000 0.000000 7.567813 -3.711462 -1.558561 1.964281 -1.275171 3.203730 2.352630 -0.698904 2.188892 -11.990532 -1.297879 0.010552 2.335507 0.613731 5.443606 -0.000000 0.000000 0.000000 2.149629 -10.822556 -20.224446 10.112167 -18.131513 -43.584108 132.704221 -64.821256 141.677605 -15.906970 -10.550732 21.288171 3.599585 11.833438 18.527924 18.703371 11.111801 47.741332 121.397362 67.921187 -136.066482 -18.676770 8.311435 -6.211610 
57.104319 77.125591 22.460166 -9.618072 34.868032 2.348137 10.239735 -3.101328 -3.855625 19.514115 -4.628796 -0.047432 -5.357042 13.166375 7.993083 -0.000000 0.000000 0.000000 -16.587961 8.021248 8.877037 37.109501 0.598874 -1.651712 -5.523715 -12.569553 -2.553995 -0.000000 0.000000 0.000000 6.313160 -4.713458 -1.770273 2.044199 -1.653088 3.087596 2.274505 -1.280654 1.969063 -11.620246 -0.496409 -0.057654 2.813783 1.176727 5.319032 -0.000000 0.000000 0.000000 2.831276 -10.167895 -20.124023 9.701157 -18.990108 -42.918367 132.555288 -64.201568 141.885039 -14.811285 -13.863615 19.716114 4.299736 10.008699 18.416746 19.422017 10.505349 48.156533 121.434567 68.429298 -136.398978 -21.478665 8.813822 -4.114140 
59.914178 77.789420 25.678590 -9.561049 35.406787 3.627486 10.460031 -2.674963 -3.531572 22.668868 -4.051749 -1.477426 2.228249 10.723206 3.139210 -0.000000 0.000000 0.000000 -13.934699 9.168491 8.594948 24.215562 1.682487 -2.900626 -1.240634 -10.731326 1.054788 -0.000000 0.000000 0.000000 4.893469 -5.052238 -2.755784 2.786407 -2.722058 3.064492 2.273313 -1.869642 1.737725 -10.774028 -0.068183 -0.213788 2.678868 1.514186 5.585755 -0.000000 0.000000 0.000000 3.779798 -9.661090 -19.883612 9.370236 -19.784611 -42.540241 132.827841 -64.496423 142.375230 -15.081965 -15.301290 17.590477 4.896018 8.065947 18.149745 19.982874 10.367725 48.767083 121.016871 69.565729 -135.893292 -23.414758 8.626893 -3.703375 
62.456721 77.690816 28.723505 -9.442984 34.936664 5.171038 8.206559 -2.230890 -3.048847 29.830107 -4.235834 -3.427219 9.688593 6.781765 -3.089254 -0.000000 0.000000 0.000000 -11.280436 8.648359 8.215802 16.488389 2.299099 -4.470312 1.653698 -6.656554 4.234472 -0.000000 0.000000 0.000000 4.226391 -4.295680 -4.268333 2.951514 -3.454171 2.749700 2.087818 -2.043531 1.577269 -9.265429 0.282953 -0.520324 2.232707 1.384943 6.316665 -0.000000 0.000000 0.000000 4.151425 -9.197094 -19.398193 9.417060 -20.046691 -43.098602 133.894408 -65.271896 143.274747 -16.936846 -14.717419 15.700567 5.271035 6.609811 17.705512 20.011894 9.675923 49.586507 121.128489 70.825992 -135.102507 -25.170313 7.756944 -3.746488 
64.747977 76.791221 31.732097 -9.450825 34.733498 6.415013 3.549266 -2.826045 -1.686482 40.177283 -5.233997 -5.884514 18.545571 1.709403 -8.054192 -0.000000 0.000000 0.000000 -9.805156 7.719731 8.316826 16.389847 1.639028 -4.113540 4.176558 -5.091368 2.084882 -0.000000 0.000000 0.000000 3.831770 -3.353261 -5.502806 3.444784 -3.837673 2.608589 1.544696 -2.127558 1.244722 -8.123980 0.050868 -0.978200 2.214756 1.445999 6.971613 -0.000000 0.000000 0.000000 4.382556 -9.014144 -19.452311 9.425794 -19.537378 -43.781652 134.271644 -65.968008 143.836363 -19.672327 -14.244460 12.924686 5.767880 6.269521 17.521264 19.346427 8.746273 50.137152 119.248952 71.707090 -132.931051 -27.001279 7.438576 -3.094153 
66.794020 75.213802 34.761187 -10.465183 34.704942 7.084498 -1.409408 -2.992165 1.201893 51.073962 -5.955079 -7.745628 27.245517 -3.002708 -13.333264 -0.000000 0.000000 0.000000 -8.143384 7.009653 9.566949 22.474324 0.790305 -3.701070 -5.489421 -5.649700 -5.087127 -0.000000 0.000000 0.000000 4.730371 -2.522155 -5.625666 4.352520 -3.784019 2.670820 0.578363 -1.902376 0.950060 -8.370645 0.417059 -1.342163 2.470325 0.412755 6.951115 -0.000000 0.000000 0.000000 4.058739 -9.381643 -20.018257 9.316491 -17.778649 -44.950871 132.382753 -66.115088 142.867078 -23.661243 -13.624922 8.558035 6.237919 7.739005 18.015532 17.912192 6.694907 50.041491 116.373377 71.683192 -130.505570 -28.117052 7.155901 -2.990031 
68.666524 73.318189 37.504661 -10.099568 34.752532 6.733942 -7.636800 -4.445318 3.368685 61.146044 -5.534723 -9.982945 17.517026 2.170885 -8.886978 -0.000000 0.000000 0.000000 -7.913352 6.504829 10.227286 28.488245 2.406567 -3.393914 -16.233537 -5.853098 -8.630583 -0.000000 0.000000 0.000000 5.341665 -0.962177 -5.289539 3.167623 -3.643486 2.636907 1.413089 -1.654721 0.688430 -10.312290 0.386770 -1.271217 3.657875 -1.001949 5.858947 -0.000000 0.000000 0.000000 3.837519 -9.737065 -21.020112 9.079770 -15.873642 -45.834616 127.575073 -66.795611 138.835256 -25.619028 -11.652057 7.020968 6.183178 9.611656 19.643344 16.382376 6.155967 48.483700 109.759531 71.475466 -126.140950 -27.341715 6.445715 -4.178424 
70.660388 72.272325 39.975420 -8.942068 34.854662 6.029964 -14.190255 -7.220606 3.515437 66.640872 -4.670874 -11.572354 2.406226 9.793089 1.637195 -0.000000 0.000000 0.000000 -8.776830 6.248523 9.737575 34.043497 4.910865 -1.722135 -22.019482 -7.420366 -11.061140 -0.000000 0.000000 0.000000 5.582971 0.544904 -5.228786 2.349953 -3.752433 2.928462 2.307727 -1.577885 0.734138 -13.186542 -0.290850 -1.540278 4.270133 -1.156569 4.675188 -0.000000 0.000000 0.000000 4.358203 -10.458477 -22.039835 9.206848 -13.351298 -47.243827 118.890546 -66.622141 131.152458 -20.873886 -8.556808 13.220740 5.808950 11.961757 20.918192 13.461723 7.052432 46.250391 101.508007 69.556296 -120.833352 -22.897316 5.525098 -6.233286 
72.978544 72.228372 42.768970 -8.979553 34.909731 6.116869 -19.006309 -7.465260 2.522679 67.317945 -1.024912 -9.199375 -6.067931 13.471197 8.943156 -0.000000 0.000000 0.000000 -5.033629 5.532564 8.848627 33.745659 7.328892 -1.968600 -24.622116 -7.818749 -11.223131 -0.000000 0.000000 0.000000 5.920297 1.508677 -5.337549 2.585112 -3.986287 2.739080 2.418558 -1.114599 0.902601 -14.659443 -1.119306 -1.712752 3.715811 -0.853698 4.407990 -0.000000 0.000000 0.000000 5.478702 -10.289673 -21.539036 10.036729 -9.374890 -48.420957 116.249826 -65.117478 128.600113 -18.840983 -7.986912 16.776426 5.192905 13.382108 20.135432 9.765233 7.979667 47.347487 102.685847 67.602587 -124.734933 -19.194258 6.369596 -7.083979 
75.449765 72.903365 46.007633 -8.545151 35.163119 6.343687 -21.723774 -8.630197 1.288711 61.732032 2.211939 -7.458645 -10.117951 14.646191 11.288533 -0.000000 0.000000 0.000000 0.770863 4.728348 7.906091 29.115886 8.655852 -3.469225 -23.844617 -8.217957 -10.160630 -0.000000 0.000000 0.000000 5.238722 3.216833 -6.441347 2.163899 -4.370578 2.483222 2.887010 -0.772662 0.927058 -14.440108 -1.069211 -0.883800 3.560033 -2.453611 4.736748 -0.000000 0.000000 0.000000 6.867083 -8.383458 -20.460354 11.704668 -6.349935 -47.053237 120.387143 -64.584910 131.691679 -23.737131 -10.341559 13.619885 4.565599 12.601431 20.190216 7.539384 10.311543 49.021575 108.753931 66.838392 -133.144866 -20.771289 7.369096 -9.106856 
78.304994 74.010783 49.396661 -7.973002 35.272027 6.653945 -21.915398 -10.136327 -0.285634 50.718466 4.628291 -5.670040 -9.376110 14.766219 10.320939 -0.000000 0.000000 0.000000 6.854066 5.116134 6.721532 23.848203 9.536444 -5.224624 -18.923391 -9.457642 -7.279175 -0.000000 0.000000 0.000000 3.655861 4.808824 -7.599239 2.685197 -4.540549 2.321196 2.750171 -0.409902 0.866104 -13.061388 -1.272422 -0.339547 3.622339 -3.967633 5.255763 -0.000000 0.000000 0.000000 7.944251 -6.556270 -19.112776 13.483539 -4.450826 -45.655527 124.283474 -64.501250 134.421294 -26.336473 -11.557328 10.893799 4.092904 11.809685 19.884421 7.053864 12.476644 49.842461 114.756436 65.938771 -140.484698 -22.377195 8.332369 -10.393874 
81.472272 75.078106 52.887142 -8.039506 34.783346 6.844357 -18.915808 -11.543431 -1.084461 36.023079 4.419869 -3.401996 -7.201734 13.941460 8.745327 -0.000000 0.000000 0.000000 11.794224 4.823384 5.166951 21.301322 9.916733 -5.551819 -9.973223 -10.269972 -3.519155 -0.000000 0.000000 0.000000 2.385285 6.163748 -8.080798 3.416301 -4.302426 2.157720 2.763899 -0.033630 0.984673 -11.943531 -1.923807 -0.352322 4.130463 -4.786720 5.632694 -0.000000 0.000000 0.000000 8.647984 -5.723732 -18.138041 15.120530 -3.471615 -44.924726 125.914909 -64.288060 135.749749 -25.461397 -12.228187 10.561139 3.731545 11.380802 19.263776 7.675741 13.094754 49.001271 119.777273 64.348448 -145.411989 -22.516471 8.818121 -9.335082 
84.793079 75.767648 56.313181 -8.493331 33.645985 6.724417 -13.895634 -12.467210 -0.944450 20.531675 1.923880 -1.028384 -2.786432 12.803805 5.783703 -0.000000 0.000000 0.000000 14.670357 2.934598 3.259110 22.524586 9.234758 -4.850316 -0.054365 -8.591249 0.950094 -0.000000 0.000000 0.000000 1.465499 7.124198 -7.669648 4.114352 -3.832320 1.871052 2.801850 0.336208 1.083186 -10.964101 -2.521581 -0.527411 4.427859 -5.229096 5.987316 -0.000000 0.000000 0.000000 8.689188 -5.080852 -17.255618 16.475622 -3.261450 -45.199632 127.008286 -64.202354 136.682921 -24.302887 -12.346394 11.229988 3.365906 10.852404 18.152151 8.638083 12.634945 47.988884 124.026095 63.252997 -148.183430 -21.957480 8.613216 -7.054637 
88.046324 75.821376 59.498572 -8.622670 32.417476 6.318553 -10.013228 -12.954516 -0.928922 10.320884 -0.966562 1.765670 3.103579 11.206973 1.846026 -0.000000 0.000000 0.000000 13.932141 0.930055 1.719155 28.995913 6.563434 -4.368721 7.429117 -6.449562 4.982117 -0.000000 0.000000 0.000000 0.708924 7.253967 -7.180200 4.274912 -3.281417 1.735751 2.691170 0.484634 1.148527 -9.849217 -2.945122 -0.426055 4.419420 -5.306160 6.106891 -0.000000 0.000000 0.000000 8.646300 -4.433959 -16.863574 17.167100 -3.570526 -45.897614 128.236784 -64.357599 137.950931 -24.074406 -12.345380 11.358749 3.113898 10.119872 17.260975 9.899595 11.933945 47.117766 127.973472 63.229156 -149.952949 -22.059465 8.450863 -5.400384 
91.037720 75.157070 62.359005 -9.269289 31.267487 6.685463 -8.053503 -13.395273 -1.664909 8.791667 -4.918452 2.786772 6.026211 9.656228 1.595752 -0.000000 0.000000 0.000000 10.560298 0.346737 0.547677 39.771042 3.938768 -4.028723 13.407559 -6.619342 6.757029 -0.000000 0.000000 0.000000 1.012119 6.461886 -7.344258 4.504884 -2.811942 1.814279 2.444025 0.431587 1.108137 -9.831677 -3.820325 -0.299333 4.278215 -4.565904 6.388789 -0.000000 0.000000 0.000000 8.537512 -4.740978 -17.096625 17.005304 -4.136662 -46.263360 129.135966 -64.544056 139.297059 -24.408087 -12.701435 12.356808 2.706926 9.959594 16.830230 11.259625 11.212948 47.281778 129.297409 63.897449 -150.589944 -22.262243 8.357394 -3.491079 
93.753040 73.715389 64.911348 -10.096184 30.183562 7.749583 -8.467113 -13.626479 -2.954070 17.259730 -5.187037 0.181210 -4.325917 10.753316 7.809732 -0.000000 0.000000 0.000000 5.590707 1.064721 -0.915750 51.492229 1.752218 -2.595141 15.670891 -10.725776 6.458519 -0.000000 0.000000 0.000000 2.364195 5.288730 -8.139034 4.199187 -2.659508 2.070119 2.548586 0.227159 0.822388 -11.175257 -5.071072 -0.057413 4.048512 -3.697548 6.500157 -0.000000 0.000000 0.000000 8.175342 -5.911000 -17.929656 15.932029 -4.927767 -45.349338 129.924380 -64.939748 140.248902 -24.365964 -13.254088 14.351126 2.277875 9.965094 17.278028 12.802183 11.051233 47.731981 126.957818 65.057312 -149.276349 -21.817918 7.701162 -3.182542 
96.087664 72.133064 67.256778 -10.144696 29.096171 8.246544 -11.399480 -12.955057 -4.619178 28.500929 -4.656109 -1.910946 -12.583185 10.653836 12.753883 -0.000000 0.000000 0.000000 -1.626812 2.338837 -1.553869 62.883751 0.476168 -0.848623 4.943487 -15.338823 0.287000 -0.000000 0.000000 0.000000 3.887366 3.754901 -8.528996 2.454910 -2.733310 2.177556 3.134574 0.139270 0.134068 -12.562978 -5.001446 0.864799 4.425712 -4.471181 6.475370 -0.000000 0.000000 0.000000 6.939145 -7.941386 -19.345112 14.949886 -6.743216 -43.214461 126.304941 -66.669623 136.666117 -22.850733 -13.909059 17.494027 2.330452 10.867708 19.113811 13.691673 10.443411 48.515150 117.010187 67.773512 -141.207965 -21.467072 6.886977 -3.086052 
97.956562 71.421671 69.865543 -11.632861 27.491313 8.380051 -9.730383 -10.706702 -4.109484 34.310933 -5.013522 -2.895579 -17.097562 10.045983 14.379529 -0.000000 0.000000 0.000000 -7.142527 3.226799 -0.296585 68.195749 -0.243055 0.569211 -3.286241 -16.786019 -5.467906 -0.000000 0.000000 0.000000 6.426379 2.358988 -8.246832 2.733425 -2.768499 2.151653 2.347618 -0.135774 0.079713 -13.546337 -4.692613 1.272831 3.498798 -4.823898 6.988280 -0.000000 0.000000 0.000000 5.694662 -11.363643 -20.112238 13.150355 -8.725144 -42.507304 118.307866 -67.267964 129.563848 -18.654811 -11.881389 22.342492 2.710486 13.125242 19.630948 13.496582 9.439648 51.172515 100.344462 70.800765 -125.906370 -20.486118 4.715614 -5.568309 
99.817526 71.542370 72.856939 -13.276862 24.068020 7.950266 -3.811100 -7.640960 -3.181270 33.777307 -5.034425 -2.806915 -20.209004 10.425700 14.956596 -0.000000 0.000000 0.000000 -11.012618 3.749620 1.298912 67.930911 0.748734 1.381648 -12.436745 -14.289354 -8.792806 -0.000000 0.000000 0.000000 7.869480 0.632778 -7.238626 3.572381 -2.141829 1.983764 1.837263 -0.286252 0.306589 -13.660557 -3.757526 0.966833 3.097670 -4.652168 6.822784 -0.000000 0.000000 0.000000 4.465535 -12.246933 -20.721830 11.285771 -10.589989 -43.625054 120.084375 -65.734750 133.419977 -17.312689 -12.395254 23.947947 3.532684 14.132251 19.953713 14.128949 7.830015 50.979722 100.685531 72.148196 -124.850226 -22.486749 6.126268 -8.205537 
101.476848 72.477782 76.197118 -13.434867 20.232790 6.892311 1.922048 -5.950317 -2.918140 30.235287 -3.594616 -2.605932 -19.871119 11.729433 14.079289 -0.000000 0.000000 0.000000 -14.697827 4.166975 3.521023 62.758514 0.649993 1.943268 -14.177437 -13.410515 -8.848786 -0.000000 0.000000 0.000000 7.267496 -0.999887 -6.261583 3.146054 -1.510098 1.643956 2.317664 -0.751299 0.417376 -12.154403 -3.538299 0.606356 3.240035 -2.809041 6.541447 -0.000000 0.000000 0.000000 4.400328 -10.732807 -20.306241 9.392310 -13.068522 -45.487002 126.924579 -63.990515 141.787888 -20.675717 -14.661272 22.141318 4.422372 12.160933 18.699712 15.430753 7.489058 50.500929 108.138951 71.346747 -129.366531 -25.518107 6.961253 -4.466518 
102.773380 74.066663 79.779774 -14.331651 15.725687 6.103829 7.638381 -4.305962 -2.821646 27.311643 -2.470174 -2.504829 -14.692250 13.354843 10.341521 -0.000000 0.000000 0.000000 -14.637614 5.210973 6.222391 52.452374 -0.722389 1.969663 -12.932220 -13.967425 -7.869989 -0.000000 0.000000 0.000000 7.944416 -2.528078 -5.549256 2.203388 -0.850904 1.001834 2.721124 -0.983713 0.600911 -10.685132 -3.452359 0.232670 4.094220 -0.570929 6.580775 -0.000000 0.000000 0.000000 4.246005 -9.355618 -20.004789 9.019363 -15.005158 -45.979554 132.894229 -62.277083 148.111958 -21.222256 -16.476689 22.089747 4.620413 10.423175 17.332886 17.408392 7.618511 50.341574 116.310466 70.816993 -134.607421 -26.633027 7.654697 -3.292324 
104.076362 75.737786 83.589888 -14.335018 13.698201 5.875898 10.129425 -3.788595 -2.218037 26.699272 -1.711905 -3.155520 -6.405618 12.835888 3.772414 -0.000000 0.000000 0.000000 -13.397327 5.337996 7.394822 38.476339 -3.101806 1.484642 -7.097602 -12.583923 -3.774426 -0.000000 0.000000 0.000000 6.241441 -3.311396 -5.303047 3.155226 -1.951948 0.966211 2.463729 -1.779698 0.578956 -9.020848 -2.912610 -0.212317 3.486505 0.717512 6.860677 -0.000000 0.000000 0.000000 5.098530 -9.436011 -19.911872 9.117713 -16.207988 -45.229763 134.945721 -61.032316 150.543816 -20.055168 -18.434001 20.244100 5.395071 9.002520 16.674834 18.929385 7.464066 50.155347 121.459704 70.456809 -137.717630 -28.703864 8.098268 -2.380725 
105.300796 76.999891 87.188119 -14.938776 10.074607 6.588363 11.638144 -1.094140 -1.856019 29.006307 -1.092438 -4.600663 2.906641 8.868203 -3.541114 -0.000000 0.000000 0.000000 -9.956211 5.000764 8.110435 23.602749 -3.788951 -1.252568 3.148786 -9.344642 2.146155 -0.000000 0.000000 0.000000 6.748647 -3.678717 -5.824461 2.725974 -2.383021 0.217522 2.412927 -1.888876 0.695743 -7.963960 -2.679955 -0.855025 2.723977 2.070655 7.809158 -0.000000 0.000000 0.000000 5.481953 -9.265459 -19.549131 9.414076 -16.488397 -44.372628 136.509440 -61.105340 151.188380 -18.616796 -18.631730 18.664967 5.729672 7.980253 15.637038 19.771515 7.691125 50.962075 125.087677 70.676135 -139.651541 -28.901499 8.005295 -3.003598 
106.637180 77.464586 90.917808 -15.037063 7.106483 7.830922 11.044035 0.786094 -1.257197 33.885608 -2.140608 -6.068351 11.157698 2.722103 -10.592261 -0.000000 0.000000 0.000000 -6.788459 3.684578 8.064434 13.146225 -3.480071 -3.012349 7.491850 -5.286089 4.542285 -0.000000 0.000000 0.000000 5.700822 -3.067743 -6.929993 3.115004 -3.094197 -0.202203 1.931451 -2.066540 0.616129 -5.792849 -2.107588 -1.260849 2.224387 2.027183 8.702099 -0.000000 0.000000 0.000000 5.699655 -8.939099 -19.263526 9.328775 -16.447175 -44.063492 137.661491 -62.390167 151.806116 -20.680621 -16.199339 13.059502 6.490379 6.802136 15.307120 19.775871 7.214611 51.356977 127.863841 70.593414 -140.685330 -28.819740 7.281876 -3.792472 
108.192706 76.924556 94.121599 -15.373719 7.462840 8.873002 7.340732 -1.533757 0.068853 42.263060 -5.620293 -7.656518 15.983572 -2.331808 -13.768434 -0.000000 0.000000 0.000000 -5.622563 2.223481 7.376940 10.787851 -3.817449 -2.133528 13.123226 -4.153132 3.774187 -0.000000 0.000000 0.000000 6.262845 -2.865932 -6.925432 2.598011 -4.806868 0.266524 1.407267 -3.099693 0.318337 -4.691460 -2.924396 -2.072443 2.545631 1.916801 9.125730 -0.000000 0.000000 0.000000 5.465582 -9.177052 -19.428083 9.095478 -17.171829 -44.242246 138.233111 -64.897095 151.269055 -23.947681 -14.587667 10.624293 6.255342 5.878763 15.132053 20.085855 7.289393 51.159502 128.731502 70.611640 -141.025068 -29.192714 6.895803 -5.262425 
109.127593 75.511700 97.792655 -14.823913 2.572443 8.536096 5.930563 0.630161 2.452641 47.880245 -3.757934 -10.659355 11.269487 2.831764 -10.001342 -0.000000 0.000000 0.000000 -5.359964 3.765682 9.340925 16.708386 0.190510 -2.254929 6.629738 -5.776632 -3.660479 -0.000000 0.000000 0.000000 3.855026 -2.187467 -7.473656 4.409883 -3.453600 0.385714 1.341635 -2.131332 0.252621 -4.324082 -3.346125 -2.309469 2.946251 1.500302 8.880740 -0.000000 0.000000 0.000000 4.914487 -9.322929 -19.901648 9.090274 -15.851284 -44.436233 137.731096 -66.579384 149.037467 -25.249047 -13.120438 10.650822 7.134715 7.598323 16.065466 18.932932 7.013440 50.394219 127.037502 70.445455 -139.781145 -29.061567 6.819552 -6.647450 
110.226500 73.669618 100.562215 -13.933772 0.325214 7.441632 1.515293 -0.045466 5.812928 54.982838 1.836163 -13.186274 5.374150 11.041748 -5.265370 -0.000000 0.000000 0.000000 -6.403604 5.720494 11.449198 23.521912 2.124278 -2.473513 -6.018043 -8.338898 -9.070102 -0.000000 0.000000 0.000000 3.751528 -1.850045 -6.257452 4.383269 -3.174819 1.084771 1.562434 -2.005994 0.086251 -5.585496 -4.088340 -2.047942 4.058916 0.327328 7.911103 -0.000000 0.000000 0.000000 4.326190 -10.451666 -21.275655 8.662718 -14.894348 -44.505692 131.462286 -67.292363 142.735313 -22.823465 -10.252997 12.183242 6.901464 10.050362 17.787345 17.518968 6.988096 48.651498 120.556387 70.736351 -135.103715 -28.697916 6.109217 -7.291369 
111.225700 72.351497 102.827764 -12.709836 -1.719501 6.294857 -3.570014 -1.581467 8.062386 58.820977 4.614395 -14.076152 -1.212219 15.334719 1.789924 -0.000000 0.000000 0.000000 -8.506968 7.955504 13.355695 29.573737 4.977503 -1.966684 -12.461584 -11.968985 -13.556402 -0.000000 0.000000 0.000000 4.177082 -1.789866 -5.230210 4.320851 -3.005420 1.861277 2.044326 -2.083864 0.126653 -8.081414 -5.158051 -1.630738 5.267321 -0.152564 7.469889 -0.000000 0.000000 0.000000 4.637751 -11.883763 -22.041071 8.205311 -13.823310 -45.341372 124.395608 -66.676775 136.669476 -20.127965 -6.648976 16.252739 6.711660 12.781550 18.622981 15.104156 8.303742 48.525836 110.300706 70.286809 -128.374211 -27.223505 4.041728 -7.873203 
112.216353 72.074544 105.041528 -11.968866 -3.291386 5.778699 -8.112479 -2.012450 7.545315 57.313857 3.168934 -10.460600 -4.572881 14.737431 5.997122 -0.000000 0.000000 0.000000 -7.917033 6.879786 12.622933 32.418968 6.118245 -1.932458 -15.208202 -10.485123 -14.015629 -0.000000 0.000000 0.000000 5.067707 -1.527873 -4.596201 4.357001 -3.655918 2.232908 2.015705 -1.957419 0.510493 -9.338852 -5.559431 -1.854577 4.364721 -1.491154 7.746900 -0.000000 0.000000 0.000000 4.880929 -12.223547 -21.865481 8.416082 -11.894569 -46.704381 123.672156 -65.955424 135.953757 -20.276330 -4.512064 17.219730 6.631073 14.060591 18.431349 12.748660 8.519223 50.022757 113.436377 69.109000 -133.235023 -25.315880 4.572044 -12.285171 
113.060725 72.633749 107.343125 -11.192565 -4.508960 5.715895 -11.069416 -3.359866 5.629486 50.938298 1.784347 -6.452284 -7.019945 13.421752 6.110341 -0.000000 0.000000 0.000000 -4.856301 6.179125 11.562601 30.070583 7.300947 -3.266170 -15.854339 -9.202129 -12.077438 -0.000000 0.000000 0.000000 5.597999 -0.532813 -4.731519 3.621066 -4.484973 2.386398 2.347784 -2.194686 0.860924 -9.862790 -5.714220 -1.348720 3.679046 -3.411348 7.817609 -0.000000 0.000000 0.000000 5.458627 -10.831206 -21.200955 9.159850 -10.684387 -46.673193 125.249393 -64.673508 136.750992 -21.937594 -5.637656 14.947624 5.934469 12.798357 18.666105 12.162908 8.703097 50.351071 120.838463 67.637417 -140.759650 -28.163606 6.536811 -11.268644 
113.803184 73.838884 109.994006 -10.780355 -5.618788 5.672133 -11.379907 -5.759545 2.968578 40.804101 -1.001914 -2.464904 -7.234929 12.167586 5.969862 -0.000000 0.000000 0.000000 -0.271529 6.527839 10.382805 24.962102 9.213536 -4.300689 -13.629116 -9.358820 -8.994346 -0.000000 0.000000 0.000000 4.948915 0.319424 -5.370509 4.015052 -5.360298 2.673806 2.641157 -2.362071 1.171343 -9.316062 -6.189871 -0.523999 3.386771 -4.674271 8.276884 -0.000000 0.000000 0.000000 6.190784 -9.410955 -20.381476 10.445896 -10.090817 -46.235640 127.259710 -63.711618 138.188202 -23.064362 -6.921034 13.025949 5.250807 11.449246 18.498229 12.746800 9.115273 49.686379 124.025655 65.923195 -143.487718 -27.983537 7.262863 -9.444472 
114.319515 74.989527 112.730646 -9.818098 -8.675441 5.325905 -10.065959 -8.639980 1.981992 28.796787 -2.912193 -0.829868 -3.755787 12.302435 3.584716 -0.000000 0.000000 0.000000 2.071979 6.924122 8.778274 22.837153 10.662112 -4.413698 -9.430006 -7.896057 -5.529999 -0.000000 0.000000 0.000000 4.336943 1.323596 -5.825803 3.550283 -5.313985 2.597250 3.279927 -2.100596 1.396748 -8.595960 -6.120918 0.219886 3.894005 -5.868379 8.834254 -0.000000 0.000000 0.000000 6.761133 -7.934180 -18.950567 12.069795 -9.772722 -46.219984 129.711820 -63.270228 140.480648 -24.101829 -8.033983 11.626036 5.059707 10.416100 17.516475 13.180577 9.792300 49.294512 126.614374 65.116371 -144.844361 -28.155898 7.420376 -7.708171 
114.756584 75.890362 115.692258 -9.081119 -13.423308 4.368867 -7.498292 -10.276904 2.348663 18.156211 -3.735218 0.654478 4.473810 11.703733 -1.270228 -0.000000 0.000000 0.000000 2.349629 5.941766 7.116053 25.426329 11.330108 -3.986593 -4.847177 -4.554685 -2.979890 -0.000000 0.000000 0.000000 4.187336 2.144656 -5.491694 3.859631 -4.457370 2.510233 3.403016 -1.643259 1.586612 -8.216859 -5.628596 0.685866 4.165336 -6.826508 8.984330 -0.000000 0.000000 0.000000 6.883684 -6.665789 -18.088966 13.568528 -9.178784 -46.307418 131.633083 -62.999323 142.947919 -24.399872 -8.329393 10.135612 5.153934 10.218977 16.912060 13.323382 9.925392 48.317611 130.999743 64.942592 -147.712006 -29.878120 6.887601 -5.578823 
115.313864 76.225948 118.557870 -8.617572 -18.864883 3.664700 -4.914287 -11.128611 1.882879 11.516616 -6.075488 2.804602 8.881816 9.432665 -3.159096 -0.000000 0.000000 0.000000 0.630431 5.057388 5.556873 32.335165 9.629359 -3.260193 -2.335359 -3.743816 -1.544781 -0.000000 0.000000 0.000000 4.956890 1.767756 -5.184415 4.040816 -3.197478 2.233234 3.145851 -1.225751 1.677252 -8.367583 -5.147025 1.279558 4.174763 -7.011753 8.658393 -0.000000 0.000000 0.000000 7.352427 -5.401921 -17.644762 13.967887 -7.441241 -46.464318 130.173293 -62.250252 142.917488 -24.787647 -8.837891 5.677788 5.264450 10.570325 16.422137 12.956437 10.182408 47.882704 132.413580 64.735725 -148.191220 -30.395846 7.409632 -3.206757 
115.856063 75.803977 121.041572 -8.669620 -23.846324 2.752742 -2.623084 -11.820551 1.328360 9.226259 -11.121761 4.259600 13.180236 8.042910 -4.008635 -0.000000 0.000000 0.000000 -2.872865 4.055624 4.984031 42.721812 6.517461 -1.753428 -0.393790 -6.034094 -1.721083 -0.000000 0.000000 0.000000 6.039257 0.808917 -4.962210 4.476812 -2.344521 2.335171 2.816577 -0.970844 1.859617 -9.316571 -5.400187 1.102257 3.494299 -6.263893 8.865177 -0.000000 0.000000 0.000000 7.633173 -5.655988 -17.267401 15.753787 -7.304585 -46.927118 133.636287 -62.863848 145.657966 -25.079103 -9.962017 13.586221 4.492536 11.420747 16.013301 13.532480 10.401380 48.298207 134.200411 64.584763 -149.582941 -27.319518 8.127117 -5.038922 
116.421354 74.519420 122.895038 -9.000470 -28.491243 2.048897 -1.350438 -11.903366 0.809178 13.730475 -11.203873 3.774942 2.526410 11.447512 -0.518481 -0.000000 0.000000 0.000000 -7.283683 3.710192 5.044120 54.289437 2.924627 -0.105800 0.219183 -9.955405 -1.962152 -0.000000 0.000000 0.000000 7.470491 -0.113961 -4.938425 4.226014 -1.909505 2.533239 2.368989 -1.000221 1.844368 -10.694622 -5.506722 0.980209 2.825457 -5.719075 8.380639 -0.000000 0.000000 0.000000 7.851381 -6.475255 -17.636208 15.751404 -5.732716 -45.667495 134.460809 -63.028689 146.683528 -25.304584 -10.589593 13.824864 3.906115 12.121034 16.693837 14.259473 10.587339 48.646375 133.914432 64.231117 -150.112432 -26.218460 8.271408 -6.018759 
117.027545 72.748709 124.462771 -10.088342 -33.238872 1.474466 -0.750937 -11.181052 -0.675604 19.479730 -8.650788 1.893149 -7.764702 14.057404 5.056665 -0.000000 0.000000 0.000000 -11.266867 4.343504 5.223592 65.311610 1.214138 0.773796 -1.751145 -13.599731 -4.270351 -0.000000 0.000000 0.000000 9.198221 -0.924503 -4.925079 3.937534 -1.765098 2.589926 2.060875 -1.026455 1.424770 -12.112692 -5.545725 0.752753 2.403624 -5.407923 7.868084 -0.000000 0.000000 0.000000 7.175543 -7.970034 -18.374832 15.712442 -4.977254 -43.428359 134.060700 -64.216209 145.860106 -22.730479 -10.513785 15.459369 3.195758 13.105534 17.990227 15.234570 10.715038 49.182196 131.693604 64.702275 -149.724366 -24.631033 7.653707 -6.745727 
117.495668 71.053666 125.770712 -10.982789 -37.649236 0.927929 -1.273141 -9.053092 -2.916371 25.821959 -6.578330 1.732126 -16.176183 15.324211 10.018225 -0.000000 0.000000 0.000000 -16.000336 4.896404 5.896402 73.716776 1.630342 0.718629 -8.563149 -12.646090 -7.284970 -0.000000 0.000000 0.000000 11.215957 -2.031626 -4.666276 3.484259 -1.778469 2.398879 1.857459 -0.830098 0.790272 -13.185994 -4.537986 0.796219 1.539445 -6.366313 7.518254 -0.000000 0.000000 0.000000 5.318649 -9.837501 -19.374142 15.152453 -5.134843 -41.140907 129.579399 -66.298040 140.549436 -19.406197 -8.744791 15.039610 2.847785 14.211651 19.629017 15.404854 10.078665 50.159506 126.701117 66.124542 -146.193356 -23.858379 6.881081 -7.281073 
117.475498 69.980836 127.194571 -11.276212 -41.667107 0.257449 -2.377834 -8.828267 -3.187412 31.146345 -5.270755 -0.827023 -21.093084 16.471891 12.891918 -0.000000 0.000000 0.000000 -20.418176 6.701488 7.315631 76.602710 1.783590 1.546470 -11.756112 -12.683512 -9.056428 -0.000000 0.000000 0.000000 12.499916 -2.827237 -4.559402 4.512872 -1.833547 2.751569 1.537230 -0.985518 0.501635 -14.443670 -3.721108 0.818673 0.040041 -6.792954 7.297453 -0.000000 0.000000 0.000000 4.000577 -12.198910 -21.134422 14.140650 -6.512001 -39.329836 125.234850 -66.701641 136.974658 -15.332730 -4.723025 14.904377 3.035582 15.254248 21.498467 15.754744 9.641171 50.098723 121.596829 67.177594 -142.766270 -22.868130 5.066040 -10.458904 
116.818476 69.751626 128.840899 -11.589588 -45.437895 -1.165534 -1.674444 -7.953023 -2.580632 33.016980 -4.118896 -2.479157 -23.517086 17.652712 14.452304 -0.000000 0.000000 0.000000 -23.841572 7.547485 8.786582 74.790703 1.668731 2.529301 -13.794965 -13.994755 -10.735116 -0.000000 0.000000 0.000000 13.798863 -3.751789 -3.965708 5.410125 -1.747814 2.929231 1.910873 -1.336746 0.525000 -15.827753 -3.979151 0.687690 -0.904156 -5.825311 7.784104 -0.000000 0.000000 0.000000 3.285368 -13.484407 -21.842103 12.443417 -9.347654 -39.510302 125.680681 -65.990906 138.586000 -15.293368 -6.781179 19.873921 3.136804 15.335595 21.414610 16.544200 9.323095 50.253042 120.321833 67.703659 -142.079088 -25.121048 5.447671 -10.934902 
116.273510 70.490742 130.420506 -12.940001 -42.873217 -3.334107 0.334086 -7.915699 -1.856778 31.822885 -5.634302 -0.610703 -22.877992 17.421453 13.055028 -0.000000 0.000000 0.000000 -24.268815 4.464366 6.650782 68.087586 -0.526853 5.191630 -14.242123 -13.633163 -10.274350 -0.000000 0.000000 0.000000 20.321017 -6.009593 -1.189266 2.099995 -4.339331 3.030435 2.773882 -3.326880 1.311848 -17.017792 -5.060021 -0.313260 -0.825667 -4.232260 8.541993 -0.000000 0.000000 0.000000 2.450139 -14.016771 -21.164468 9.029523 -12.315493 -41.617026 129.980490 -64.442196 143.959210 -19.681393 -7.989093 18.551210 2.070329 13.451897 19.390574 17.217742 8.234943 50.654265 122.787575 67.173767 -142.707360 -25.278039 5.899088 -10.201992 
114.263701 71.596140 132.957578 -11.638709 -46.584189 -2.832167 3.266580 -7.193126 -2.948032 26.776587 -4.254793 0.472903 -19.872631 19.280651 11.355297 -0.000000 0.000000 0.000000 -25.240384 4.004508 5.465665 59.750350 -2.045215 5.158008 -14.171961 -12.173479 -8.313899 -0.000000 0.000000 0.000000 18.102102 -6.362753 -0.685688 3.203797 -4.557177 2.160434 3.499480 -3.772833 0.859069 -15.799766 -4.908776 -0.951646 -0.773742 -3.313274 8.267861 -0.000000 0.000000 0.000000 2.121641 -13.756991 -20.676877 6.967512 -15.866603 -43.544181 131.311022 -63.302894 145.855805 -20.681778 -9.845045 17.698585 2.847522 11.847120 18.308640 17.787719 7.521490 50.130403 124.041020 66.789877 -142.688719 -26.163156 6.746017 -8.011875 
111.520731 72.974813 134.802198 -11.799539 -50.144990 -4.692745 7.209392 -6.659207 -1.066307 22.106142 -3.456337 0.552152 -13.614072 20.584539 7.033920 -0.000000 0.000000 0.000000 -23.335283 3.580802 7.322114 48.543744 -4.635682 4.698500 -13.193415 -12.839523 -7.525683 -0.000000 0.000000 0.000000 17.611910 -6.538367 -1.728306 4.242233 -4.391041 2.408968 3.636055 -3.838903 1.610526 -14.688137 -4.493375 -1.239265 -0.471306 -2.556915 8.163557 -0.000000 0.000000 0.000000 1.823592 -13.575039 -19.679306 5.637680 -18.577443 -44.623590 132.288771 -61.518113 146.839638 -19.283200 -10.268398 18.312933 3.168973 10.945774 17.444386 18.700479 6.995852 50.021255 125.026241 66.960468 -143.040791 -26.925850 6.461091 -6.728501 
109.085369 74.206007 136.655986 -10.632535 -53.986892 -4.057257 7.952266 -5.759962 -0.969828 21.284951 -2.363686 0.406839 -6.796278 20.247818 4.331206 -0.000000 0.000000 0.000000 -21.595368 2.644749 7.431173 38.375316 -6.175778 3.521460 -12.014543 -12.479445 -6.893708 -0.000000 0.000000 0.000000 15.746861 -6.333041 -3.158502 4.197926 -4.496837 2.081881 4.017535 -3.937757 1.850144 -13.323079 -4.221780 -1.419444 -0.189715 -1.996647 8.513477 -0.000000 0.000000 0.000000 2.199143 -13.337018 -18.596027 4.622467 -20.500357 -44.884341 133.077504 -60.006121 147.046155 -18.679471 -11.262173 18.789858 3.995001 10.020035 16.643098 18.791677 6.828790 50.302025 124.136891 67.171372 -141.233418 -27.528431 7.272780 -6.846898 
106.957293 75.125724 138.178170 -9.429308 -57.136922 -2.955904 7.107014 -4.152199 -0.024104 23.689292 -2.224914 -0.198615 1.650211 17.793785 -0.251417 -0.000000 0.000000 0.000000 -18.386788 1.508311 7.653679 29.439619 -6.555152 1.697272 -10.059541 -11.064477 -5.626126 -0.000000 0.000000 0.000000 13.789651 -6.002719 -4.356598 3.860390 -5.008369 1.839011 3.648607 -3.995066 1.866442 -11.757153 -4.101152 -1.493331 0.134266 -1.679791 9.446804 -0.000000 0.000000 0.000000 2.673371 -13.158501 -18.076799 4.280530 -20.832467 -44.389405 134.449797 -59.221573 147.575017 -19.793041 -12.717332 16.978369 4.704919 9.435751 16.091394 18.562823 6.483714 51.341503 123.073273 67.592373 -139.195271 -27.419324 7.356810 -6.980662 
104.881310 75.412166 139.486861 -8.798629 -61.703153 -1.707907 5.537381 -2.682726 0.369084 28.960374 -2.610021 -1.541000 9.230881 13.677326 -4.451987 -0.000000 0.000000 0.000000 -14.761812 1.430364 8.142958 24.413160 -6.885236 -0.456009 -7.467104 -10.001432 -4.385272 -0.000000 0.000000 0.000000 11.607989 -5.365050 -5.890964 3.224381 -4.883945 1.236705 3.097283 -3.691817 1.546354 -10.163901 -3.822120 -1.275680 0.585818 -1.226309 10.010622 -0.000000 0.000000 0.000000 3.198748 -12.243032 -17.675220 4.618135 -20.503074 -44.196782 135.534838 -59.116608 147.979390 -21.513245 -13.257497 14.635115 5.090042 8.796956 15.470378 18.361109 6.903516 52.202414 122.740878 68.210278 -137.672894 -27.918156 7.170651 -6.628317 
102.680182 74.975103 140.614951 -8.706176 -66.431346 -1.161868 3.310781 -1.945380 1.182151 36.364680 -3.495360 -3.570966 16.360721 7.939648 -7.958637 -0.000000 0.000000 0.000000 -10.894127 2.630544 8.761923 22.272933 -4.775807 -1.207274 -5.640388 -8.233260 -6.121083 -0.000000 0.000000 0.000000 9.325994 -4.189674 -7.072941 3.567125 -4.521178 1.030257 2.166201 -3.150186 1.245038 -9.142360 -3.557586 -1.417877 0.412128 -1.036256 10.267905 -0.000000 0.000000 0.000000 3.172699 -11.711519 -17.761972 5.434327 -19.916473 -44.523435 136.087601 -59.670539 148.386531 -22.162355 -12.693944 13.501719 5.624414 8.919901 15.199879 17.871246 6.755655 52.055771 124.006001 68.211785 -138.190022 -28.833749 7.186880 -6.171551 
100.143027 73.666757 141.417885 -6.788025 -71.451415 0.428187 -0.070172 -1.003631 3.168268 44.408475 -1.784642 -6.576113 23.203661 3.219186 -11.859639 -0.000000 0.000000 0.000000 -8.551483 4.448959 10.311921 22.775037 -1.525103 -2.195827 -13.535024 -6.386990 -9.598852 -0.000000 0.000000 0.000000 6.373275 -2.580196 -7.898376 4.401954 -3.783002 1.232538 1.328872 -2.284747 0.897733 -8.901061 -2.579652 -1.233761 0.290349 -1.948528 9.893004 -0.000000 0.000000 0.000000 3.034693 -11.304586 -18.108987 6.470496 -19.187540 -45.048115 136.343061 -60.448596 148.756607 -22.620264 -11.988189 13.365845 6.450473 9.703441 15.731530 16.952432 6.028854 50.641229 125.592019 67.341438 -139.516710 -29.028483 7.490110 -5.915258 
97.786689 72.084594 142.078125 -5.921126 -74.580871 0.886850 -5.807361 -3.182780 5.033266 55.190552 -1.369793 -9.900189 20.648006 5.010441 -11.057717 -0.000000 0.000000 0.000000 -7.655594 6.157291 11.794028 25.564745 1.618886 -2.157955 -21.342758 -7.579049 -13.493193 -0.000000 0.000000 0.000000 5.578887 -0.997094 -7.895728 4.792922 -3.600334 1.518215 0.806080 -2.069133 0.486305 -10.363732 -2.557447 -0.817604 0.413533 -2.614109 9.196254 -0.000000 0.000000 0.000000 2.486874 -11.716180 -19.849726 7.281227 -17.985421 -44.247500 135.067591 -61.347827 147.906294 -22.546360 -10.018466 13.317943 6.087656 11.353742 17.658492 16.164355 6.029751 48.114492 124.668778 66.834353 -139.974468 -28.672852 7.452248 -6.950484 
95.516610 70.855522 142.626286 -3.297519 -77.971396 3.075929 -12.078693 -6.590188 5.142570 63.006913 -3.440293 -12.325319 12.381348 9.057084 -6.581458 -0.000000 0.000000 0.000000 -9.215103 7.389063 12.581089 31.926074 3.880617 -1.788494 -26.480247 -7.702957 -15.209569 -0.000000 0.000000 0.000000 5.596387 0.542170 -8.032711 3.786806 -3.278489 1.696327 1.366124 -1.657886 0.150136 -12.889284 -2.075512 -0.122273 1.076963 -3.799982 8.121577 -0.000000 0.000000 0.000000 1.802158 -12.367440 -21.992230 8.509432 -16.434531 -43.543898 130.340901 -62.552826 144.238911 -19.344739 -7.183721 14.132144 5.214075 13.585244 20.201157 14.637551 7.089816 44.978439 121.294471 66.798920 -138.754079 -28.666548 5.931479 -8.061662 
93.081492 70.369464 143.218780 -6.430663 -80.713392 -1.261987 -18.505895 -7.237578 4.094458 69.017496 -3.704444 -9.644762 6.417971 11.543487 -1.941657 -0.000000 0.000000 0.000000 -7.409278 5.766925 12.892690 35.061240 6.941788 -1.899118 -28.705795 -6.005905 -15.115598 -0.000000 0.000000 0.000000 7.380535 1.487794 -6.736543 2.271111 -3.785927 1.204661 2.044588 -1.134093 0.308819 -15.248040 -2.564291 -1.025663 0.440160 -3.109014 8.009715 -0.000000 0.000000 0.000000 1.960580 -13.436176 -21.754545 9.070330 -13.102732 -46.018175 124.553342 -62.428300 138.659523 -17.409103 -4.323802 19.193491 4.932649 16.716655 18.720856 10.645055 8.118323 45.236163 120.277883 65.798615 -138.191990 -27.633025 6.178854 -11.180736 
90.147799 70.509154 143.659353 -3.472437 -83.439420 2.349064 -24.103828 -6.529605 0.969049 69.003108 -1.710115 -6.909973 -0.916845 14.162197 4.544939 -0.000000 0.000000 0.000000 -5.382222 0.272330 10.032151 37.749540 8.998598 -3.623340 -27.304889 -0.269927 -11.770626 -0.000000 0.000000 0.000000 7.250251 3.594449 -8.021959 0.018922 -4.559343 0.182186 3.591938 -0.578144 0.590918 -15.952602 -2.432663 -1.348048 -0.193453 -4.182998 8.210144 -0.000000 0.000000 0.000000 2.543142 -13.345682 -20.102246 11.093815 -10.479968 -47.443311 126.356000 -62.737272 139.839801 -18.918420 -0.929589 23.966568 4.376224 17.434505 17.523909 6.648327 9.921013 47.411306 124.240979 64.394223 -142.020437 -26.234240 6.370434 -13.210285 
86.163175 71.281439 143.673384 56.830999 -88.389152 63.987481 -25.920394 -3.315722 -0.011096 62.155518 1.060661 -6.226366 -7.112610 13.820506 8.557591 -0.000000 0.000000 0.000000 -3.149690 -3.510297 7.153156 38.099415 10.176708 -7.701226 -24.341492 5.288744 -7.023540 -0.000000 0.000000 0.000000 3.348289 7.281602 -11.365146 0.531731 -3.377750 -0.686196 4.218608 1.244355 0.867100 -14.570875 -1.116098 -0.519904 -0.565732 -7.528367 8.165649 -0.000000 0.000000 0.000000 3.212961 -11.368425 -18.384408 13.469259 -8.493093 -46.357154 131.850495 -63.062396 143.339194 -21.844805 -0.842597 23.402286 4.655543 17.106213 18.838669 4.218867 11.686934 48.146157 128.147966 62.342850 -146.081166 -25.759098 6.479554 -13.264629 
82.454199 72.464484 144.134116 81.807855 -87.828556 88.863176 -26.941392 -4.969641 -1.657350 51.523011 2.580857 -5.229688 -9.810221 12.364071 10.154715 -0.000000 0.000000 0.000000 0.371960 -4.887560 5.737325 34.239262 9.974872 -7.979982 -17.686774 7.165300 -3.629599 -0.000000 0.000000 0.000000 2.861168 8.999777 -11.505583 -0.420377 -3.535181 -0.850937 3.968246 1.693526 0.653544 -13.905728 -1.136138 -0.516057 0.147234 -10.041049 7.865731 -0.000000 0.000000 0.000000 3.559949 -9.461210 -17.056757 14.376051 -7.390367 -45.329205 133.523598 -62.388662 143.373052 -21.113435 -3.238154 18.493614 4.442464 15.958752 18.713405 3.617766 13.215090 48.964763 130.019404 60.512276 -148.375642 -25.666649 7.769990 -13.143594 
78.421652 73.657984 144.511092 103.835030 -86.520691 110.116064 -26.648416 -8.392279 -2.830046 38.253558 2.252153 -4.163488 -9.032222 11.615483 10.066563 -0.000000 0.000000 0.000000 4.307113 -1.640451 5.239630 28.725222 11.975413 -6.540513 -8.076665 4.051470 -0.913706 -0.000000 0.000000 0.000000 1.292884 9.735384 -11.322735 -0.622623 -2.852095 -0.536409 3.951709 2.267949 0.418868 -14.269209 -2.150095 -0.298464 1.036847 -10.873286 7.598750 -0.000000 0.000000 0.000000 4.106160 -7.195854 -16.592003 15.161674 -7.335298 -43.737055 134.072132 -61.425362 143.515496 -19.417140 -6.017374 14.933143 4.229157 14.810428 18.556284 5.103386 15.333171 46.840629 131.159317 59.313367 -149.342584 -25.004439 8.091275 -12.288040 
74.367541 74.594653 145.107734 127.916917 -84.859968 133.577288 -24.600616 -10.519031 -3.428046 24.979688 1.360057 -2.459282 -6.759736 11.376751 7.582560 -0.000000 0.000000 0.000000 4.647394 -1.966672 3.102004 29.760661 11.724329 -5.215301 2.929865 5.910285 3.693688 -0.000000 0.000000 0.000000 0.403748 10.506031 -10.999869 -0.066569 -2.156309 -0.460884 3.857196 2.683561 0.501390 -15.343991 -2.475725 -0.116189 1.172427 -11.371206 7.658565 -0.000000 0.000000 0.000000 4.514683 -6.328168 -15.753866 15.794082 -7.228474 -44.281879 134.376722 -61.219972 144.507540 -19.193171 -8.323176 12.829300 4.099673 14.399361 17.465858 5.714345 16.143015 46.139988 132.979370 59.250315 -150.488360 -24.296451 9.362159 -9.763926 
70.616066 74.992275 145.852983 138.893858 -86.037611 143.412180 -21.261787 -12.421386 -4.161094 16.088179 -1.487118 0.513429 -3.867254 10.031756 5.645568 -0.000000 0.000000 0.000000 4.924853 -3.032714 2.364723 33.754914 10.596347 -3.873337 13.866545 7.092873 7.133242 -0.000000 0.000000 0.000000 2.759967 9.713513 -10.245901 0.346163 -2.708284 -0.026616 3.153037 1.948577 1.170215 -16.517922 -3.600765 -0.554312 0.283438 -10.112960 8.177668 -0.000000 0.000000 0.000000 4.973145 -7.197946 -15.077613 15.976915 -7.381807 -46.181887 134.980646 -61.338666 146.408319 -19.702344 -8.697035 13.994292 3.170463 14.575240 15.616075 7.239787 15.835182 46.426997 135.009475 59.804737 -152.057745 -22.160728 9.071585 -9.567383 
66.739494 74.518770 146.735036 164.928845 -85.752729 168.534754 -18.784019 -12.925036 -5.144871 14.683813 -1.372220 2.868527 0.808169 11.143003 5.492206 -0.000000 0.000000 0.000000 2.796942 -2.600445 1.346865 42.257619 8.992656 -2.859868 22.776948 6.438574 9.680446 -0.000000 0.000000 0.000000 3.854418 8.310994 -9.457650 1.561358 -2.485296 0.876663 2.318063 1.437165 1.479461 -16.797626 -4.694890 -0.852133 -0.038751 -8.203853 8.206521 -0.000000 0.000000 0.000000 5.363156 -8.012982 -16.013050 16.062930 -7.918890 -46.051949 136.139570 -61.262854 148.382044 -18.692896 -8.622593 17.113319 2.368294 14.552569 16.499540 9.466747 15.096012 45.135380 136.382050 60.560286 -153.678994 -21.282759 9.352012 -9.563343 
63.083172 73.332179 147.561014 -170.965032 -84.491422 -168.071558 -16.847674 -13.089953 -5.778181 21.972467 -2.238278 2.026963 -7.427320 12.820130 10.102040 -0.000000 0.000000 0.000000 -0.595642 -0.975986 0.207783 53.316133 6.515607 -0.790389 23.796809 -0.661975 9.805377 -0.000000 0.000000 0.000000 5.479467 6.260886 -8.626791 2.269747 -2.213393 1.771244 1.799392 1.086435 1.327680 -16.634314 -5.596720 -0.711190 0.034215 -6.138243 7.658148 -0.000000 0.000000 0.000000 5.005671 -8.899997 -17.602567 15.348853 -8.281263 -44.016808 137.226729 -61.591167 149.043507 -18.693782 -8.970093 18.825697 1.528486 14.284813 18.038780 11.747924 14.314812 44.458384 134.835484 61.787101 -153.425338 -19.788091 9.123312 -10.557524 
59.926564 72.056383 148.037100 -166.085743 -82.665349 -163.357245 -17.173925 -12.772169 -5.992726 30.115179 -3.045276 -0.467287 -14.791338 13.459540 13.875801 -0.000000 0.000000 0.000000 -7.336507 0.477903 -0.578387 65.177716 5.194019 0.463655 15.332156 -7.185432 6.182901 -0.000000 0.000000 0.000000 7.068829 4.639533 -8.379323 1.099494 -2.174145 2.327734 2.587328 1.004018 0.838933 -17.075163 -4.915149 0.099643 0.628709 -6.095386 7.313435 -0.000000 0.000000 0.000000 3.591083 -10.349893 -19.179876 14.494750 -9.622382 -40.753129 136.528339 -63.111739 147.094177 -18.023141 -8.226801 20.831521 1.381955 14.107460 20.219692 13.205792 13.147483 45.022652 129.801469 63.425613 -150.493358 -18.313236 7.669065 -11.679884 
56.830150 71.498978 148.061705 -159.909020 -81.518171 -157.643109 -14.196364 -10.428860 -5.290139 33.039887 -4.696496 -1.048899 -19.540381 13.010062 15.935151 -0.000000 0.000000 0.000000 -13.076983 1.269933 0.443792 71.589803 5.382850 0.827363 7.517335 -10.392760 1.087145 -0.000000 0.000000 0.000000 8.337106 3.032999 -8.113900 3.133628 -2.389234 2.969490 1.498032 0.388657 0.995024 -18.036475 -4.107707 0.215410 -0.852624 -5.811313 7.589028 -0.000000 0.000000 0.000000 2.597678 -13.450683 -20.183988 12.881770 -10.885304 -39.059910 134.112392 -63.047140 144.939864 -15.058602 -5.815790 25.466484 2.125322 15.378537 21.112356 14.245810 10.971212 46.730510 127.516414 64.274312 -150.073640 -19.096994 6.481364 -14.813862 
53.384125 71.554095 147.876918 -156.350055 -79.488487 -155.148101 -8.903019 -7.819173 -4.154410 32.462172 -6.276100 -0.449759 -23.054161 12.911325 16.559353 -0.000000 0.000000 0.000000 -18.108239 1.442027 2.248458 73.730119 5.423111 1.059668 -0.900636 -10.954352 -3.090199 -0.000000 0.000000 0.000000 9.655794 1.008945 -6.997194 3.857183 -2.319018 3.330208 1.060236 -0.198350 1.479783 -18.496519 -3.365212 -0.163385 -1.668243 -4.787507 7.543043 -0.000000 0.000000 0.000000 1.721920 -15.025378 -20.607861 11.184476 -12.795429 -39.775725 135.011313 -61.221486 147.586404 -13.032105 -6.071635 29.450872 2.755785 15.919354 20.751919 15.567974 8.643656 47.272458 130.666040 64.205691 -153.038429 -22.534345 7.576051 -15.398657 
49.428073 72.208524 147.403908 -157.832199 -77.261192 -157.972943 -3.282993 -6.947976 -3.117122 29.310413 -5.955451 -0.005114 -24.007868 13.875308 15.972831 -0.000000 0.000000 0.000000 -21.906988 2.906617 5.157878 70.446141 3.490794 1.856213 -5.599304 -12.114158 -6.447910 -0.000000 0.000000 0.000000 9.801785 -1.162284 -5.409087 3.487516 -2.035146 3.406458 1.236713 -0.811581 1.789951 -18.058483 -3.144042 -0.280600 -1.955854 -2.973672 7.345973 -0.000000 0.000000 0.000000 1.367612 -14.613091 -20.462748 8.758343 -15.212209 -41.670006 135.534506 -59.009073 149.661248 -14.797209 -9.181689 28.691002 3.712560 14.901764 19.313545 16.782512 7.683083 47.408076 130.817132 63.545215 -152.057924 -24.692773 8.933939 -13.400656 
45.110020 73.375642 146.628153 -160.712165 -74.857678 -161.691513 2.427592 -6.655503 -2.831521 24.470247 -5.145403 0.701115 -20.945660 15.194114 13.441404 -0.000000 0.000000 0.000000 -24.268762 4.903799 7.706450 62.811997 0.307158 2.782455 -7.355127 -12.945218 -6.680218 -0.000000 0.000000 0.000000 9.127714 -2.992252 -4.530311 3.429042 -1.691590 3.368479 1.166994 -1.296866 2.070550 -17.222270 -2.528984 -0.119954 -1.943755 -1.818272 7.091688 -0.000000 0.000000 0.000000 1.649410 -13.719917 -19.478487 6.622149 -17.596042 -44.101476 134.769129 -57.629935 150.617275 -13.806908 -12.054353 26.278941 4.447664 13.383120 17.893748 17.892463 7.479914 48.166861 130.232779 63.264734 -150.536479 -26.299533 10.147910 -10.911898 
40.581930 74.626768 145.764625 -163.224376 -72.785802 -164.847787 8.741719 -3.877792 -1.834249 17.806128 -3.312183 1.217813 -13.982720 14.251029 8.333882 -0.000000 0.000000 0.000000 -24.100037 6.436397 10.135275 50.714130 -2.395132 1.926758 -7.437254 -12.995911 -6.078136 -0.000000 0.000000 0.000000 7.951031 -4.826806 -3.387969 3.614357 -1.500801 2.958384 1.041904 -1.674418 2.149149 -16.140979 -2.099079 -0.213575 -1.919247 -0.492557 7.199965 -0.000000 0.000000 0.000000 1.916911 -12.978742 -19.235379 5.770031 -18.953176 -44.705092 134.921232 -56.777190 151.485317 -12.347033 -13.573193 25.067725 5.268603 12.242024 16.907806 18.799156 7.330811 48.886555 131.179647 63.299936 -150.650496 -27.271823 10.288642 -8.986705 
35.982519 75.866377 144.913673 -163.841544 -70.394901 -164.612675 10.507654 -3.529912 -2.842458 20.025208 -1.940578 0.948357 -4.652157 14.794400 2.237023 -0.000000 0.000000 0.000000 -20.949932 7.453702 10.831943 36.088687 -2.773497 -0.440798 -4.961391 -11.250087 -4.068649 -0.000000 0.000000 0.000000 7.236133 -5.214733 -4.082686 4.324418 -2.107308 2.753264 0.659256 -1.952576 2.086459 -15.166153 -1.463238 -0.193509 -2.140069 0.092601 7.529424 -0.000000 0.000000 0.000000 2.152968 -12.311776 -19.343263 5.983332 -19.558847 -44.317378 135.034113 -57.163783 151.862808 -11.797981 -14.150565 23.017658 5.392610 10.973319 16.969935 19.561434 7.467276 49.108062 131.517762 63.619815 -150.127461 -27.420358 9.880664 -8.098248 
31.373700 76.585311 144.018638 -163.905418 -68.361763 -163.277914 11.999639 -1.621171 -2.564416 22.015505 -1.824466 -1.131309 6.231923 10.358257 -3.971548 -0.000000 0.000000 0.000000 -15.976036 7.661042 10.640732 22.443608 -1.464259 -2.273934 -0.478866 -8.491491 -1.194462 -0.000000 0.000000 0.000000 6.312337 -5.294811 -5.160296 4.370847 -2.691053 2.197990 0.963972 -2.185642 2.004375 -13.766051 -1.356264 -0.469062 -2.053977 0.558004 8.199901 -0.000000 0.000000 0.000000 2.819663 -11.319186 -18.625546 6.271998 -19.967495 -44.716010 135.906331 -59.067064 151.760221 -13.941060 -13.858976 21.316790 5.580702 9.467271 16.210839 19.510651 8.163236 49.970448 132.394238 64.771902 -149.389167 -28.053294 9.710682 -7.287659 
27.063239 76.577926 143.095803 -164.896528 -66.170967 -162.544546 10.613797 -0.154046 -1.901619 29.325408 -1.887678 -3.607938 15.723179 4.978824 -10.514197 -0.000000 0.000000 0.000000 -11.800108 6.810856 10.268248 15.054640 -0.168890 -3.625274 2.730301 -4.227666 1.967366 -0.000000 0.000000 0.000000 5.536273 -4.389409 -6.604632 4.061820 -3.104009 1.678984 1.008133 -2.109480 1.784076 -11.956088 -1.237444 -0.940546 -2.016864 0.121898 8.872001 -0.000000 0.000000 0.000000 3.072019 -10.464494 -17.737521 6.777379 -19.978323 -45.394960 137.120974 -61.843842 151.384064 -17.788754 -12.760030 18.569089 5.662445 8.144118 15.626600 19.329403 8.271383 50.604503 133.476966 65.670549 -148.773988 -28.454096 8.697479 -6.895163 
23.235187 75.656438 142.235768 -166.489164 -64.448648 -163.061380 6.005683 -0.551279 -0.454446 39.633982 -2.806130 -6.703753 25.779373 0.343261 -13.954239 -0.000000 0.000000 0.000000 -10.147190 6.353823 10.658325 16.152617 0.520608 -3.429144 5.034390 -3.670916 -3.140558 -0.000000 0.000000 0.000000 4.868641 -3.478576 -7.130891 3.999262 -3.302824 1.345734 0.853536 -1.982207 1.352346 -11.151116 -1.914028 -2.070309 -1.681715 0.219465 9.511954 -0.000000 0.000000 0.000000 2.914742 -10.534331 -17.678019 7.374780 -18.792995 -45.660429 136.230028 -63.454707 149.395554 -18.916804 -11.211209 16.890890 6.154035 8.820782 15.179334 18.462201 7.839568 50.754967 133.511907 65.621743 -148.333662 -29.652651 8.882596 -7.594244 
19.718419 74.015051 141.358829 -166.975570 -62.961448 -163.399655 0.696672 -1.280210 2.251123 50.904549 -0.776841 -9.646330 27.139552 2.821060 -14.161674 -0.000000 0.000000 0.000000 -9.390366 6.394289 11.427002 22.665421 1.043742 -3.099174 -6.133086 -4.993311 -8.822453 -0.000000 0.000000 0.000000 4.970948 -2.306168 -7.019785 4.761599 -3.325024 1.485327 0.156406 -1.862710 0.852186 -11.563275 -2.175952 -2.664746 -1.280481 -0.623516 8.842867 -0.000000 0.000000 0.000000 2.558536 -11.403083 -18.707230 7.939340 -16.813446 -45.336523 133.073178 -63.522009 145.594708 -17.735700 -9.597390 17.138037 6.284143 10.691326 16.251372 17.537502 6.245195 48.923775 132.938951 64.255388 -148.231533 -28.970522 9.091461 -9.016304 
16.504303 72.241604 140.536451 -168.591889 -62.165080 -165.192162 -6.001207 -2.831783 5.087493 61.028509 -0.234918 -11.735011 19.715777 6.600126 -10.085190 -0.000000 0.000000 0.000000 -10.307386 7.493093 12.664030 29.730346 3.576606 -3.034328 -15.943328 -7.204569 -12.950354 -0.000000 0.000000 0.000000 5.215611 -1.304493 -6.493243 3.354221 -3.273399 1.555667 1.410176 -1.917925 0.385817 -13.461125 -2.736987 -2.291726 0.352120 -1.431401 7.479688 -0.000000 0.000000 0.000000 2.638311 -12.323923 -20.687084 8.527480 -15.150976 -44.722637 128.561375 -63.491989 141.458909 -16.319279 -7.437615 17.689727 5.819956 12.770982 18.468118 16.245754 6.194205 45.901778 129.953770 63.867720 -147.039390 -28.272803 8.943978 -9.630878 
13.314871 71.515942 139.795983 -169.797632 -61.066321 -166.407213 -11.818941 -4.672392 5.787416 65.569213 -1.678899 -12.279207 9.730880 9.567728 -2.653356 -0.000000 0.000000 0.000000 -9.264607 7.080697 11.685713 33.503221 5.871159 -2.216207 -20.818548 -7.165598 -14.257451 -0.000000 0.000000 0.000000 5.948464 -0.108922 -6.236124 3.722622 -3.729988 1.663685 1.600218 -1.732520 0.204713 -16.281512 -3.130297 -2.161692 0.485841 -1.883326 6.963190 -0.000000 0.000000 0.000000 3.153887 -13.396142 -21.344819 9.032260 -13.070995 -46.408232 124.613546 -63.453321 137.971331 -16.563609 -5.680975 20.648966 5.505198 15.112705 18.565502 13.084774 7.364386 45.036287 124.664948 63.016284 -143.712411 -25.378567 7.408726 -10.806923 
9.848687 71.658427 138.691938 -170.180801 -60.410906 -166.391365 -16.291552 -5.373869 4.945665 64.896599 -1.392756 -10.482640 1.680449 11.908849 3.547907 -0.000000 0.000000 0.000000 -4.101650 5.755520 10.229339 31.291358 9.293053 -3.691892 -23.886978 -7.125975 -14.170630 -0.000000 0.000000 0.000000 6.590206 1.446587 -6.727217 3.604728 -4.399634 1.377614 1.955688 -1.314631 0.410722 -17.798832 -4.306736 -2.596887 -0.260666 -2.653102 7.617513 -0.000000 0.000000 0.000000 3.540853 -13.264704 -20.171101 9.978607 -11.101705 -47.764487 126.974023 -63.009672 138.889897 -19.888998 -4.533552 22.852858 4.620824 16.008744 17.650403 10.700423 8.533206 47.059478 125.805186 61.622426 -146.590668 -22.458424 5.989129 -11.325695 
5.842910 72.466421 137.174439 -172.104256 -60.724073 -167.276856 -19.899274 -6.886500 2.946269 59.035609 1.688672 -8.963939 -3.094617 13.416242 6.345909 -0.000000 0.000000 0.000000 1.394754 5.975766 8.736785 26.428455 11.509628 -5.175371 -23.602112 -8.785753 -12.697773 -0.000000 0.000000 0.000000 5.615532 3.157142 -8.061717 2.653101 -4.837197 1.178549 2.600107 -1.186501 0.404119 -18.013607 -5.093408 -2.162374 -0.282484 -4.766561 7.818015 -0.000000 0.000000 0.000000 4.773613 -11.639653 -18.898274 10.781407 -10.333664 -46.831410 130.433721 -62.132735 140.672616 -23.264338 -6.661640 20.590467 4.019100 14.855106 17.957186 10.052250 10.804671 48.134867 129.072654 60.573541 -150.818208 -24.763871 7.408581 -11.813807 
1.258256 73.729491 135.445368 -174.241443 -60.571771 -168.659559 -20.996311 -8.301527 1.052535 48.028585 4.260632 -6.775219 -4.398739 13.363993 6.711933 -0.000000 0.000000 0.000000 6.351975 6.237531 6.845316 22.399263 12.153362 -5.950680 -18.876732 -9.608538 -8.938843 -0.000000 0.000000 0.000000 3.824799 4.490722 -9.027249 2.543599 -4.943141 0.919684 2.713833 -0.792573 0.270014 -17.547976 -5.588503 -1.729768 -0.309401 -6.829455 8.065836 -0.000000 0.000000 0.000000 5.830301 -9.883478 -17.542237 11.462835 -9.736744 -46.272160 132.533694 -61.565060 142.154693 -24.980607 -9.167622 16.762598 3.860022 13.637684 17.519061 9.797140 12.645797 48.688402 130.874744 59.522407 -152.280360 -25.473240 8.987082 -11.407949 
-3.616061 74.976981 133.593953 -174.535827 -59.918827 -169.059520 -18.850261 -9.452387 -0.130207 33.576518 3.986180 -3.587004 -4.715386 12.857260 6.603401 -0.000000 0.000000 0.000000 10.381014 4.927701 4.950721 20.835203 12.096441 -5.512305 -9.761812 -9.257244 -4.006658 -0.000000 0.000000 0.000000 3.072576 5.614768 -9.104671 2.368311 -4.801105 0.546371 3.046271 -0.499067 0.396604 -17.871784 -6.327942 -1.603254 0.292313 -8.076322 8.189434 -0.000000 0.000000 0.000000 6.370118 -8.734583 -16.797113 12.271525 -9.295598 -46.127670 133.767022 -61.385034 143.950784 -25.619908 -10.671986 14.910176 3.427210 12.902223 16.850251 10.144678 13.486758 48.008103 133.479623 58.780430 -153.636614 -26.088957 10.306448 -9.754337 
-8.405865 75.748414 131.836295 -174.076327 -58.660788 -169.245855 -15.284013 -10.499355 -0.575518 19.423615 2.057728 -0.569066 -4.520796 12.629783 5.689473 -0.000000 0.000000 0.000000 11.993113 2.522522 2.971107 23.358770 10.897099 -4.292893 -0.462401 -6.882870 1.264270 -0.000000 0.000000 0.000000 3.062074 6.586898 -8.375966 2.162900 -4.395005 0.316873 3.307422 -0.295691 0.696792 -18.327463 -6.965441 -1.473903 0.644994 -8.897250 8.133337 -0.000000 0.000000 0.000000 6.488814 -8.213587 -15.997104 12.766986 -9.294260 -46.905407 133.530679 -61.552512 144.745279 -25.015222 -11.279836 15.246130 2.937534 12.650243 15.687233 10.617950 13.489203 47.159945 136.829113 58.763729 -155.213781 -28.828747 11.314868 -6.557513 
-12.836827 75.686359 130.161440 -173.489335 -56.973247 -169.366010 -12.270583 -11.097132 -0.589440 10.306133 -0.318318 1.838488 -4.013641 11.864737 4.087657 -0.000000 0.000000 0.000000 10.621697 0.512045 1.575393 31.044366 8.369058 -4.074656 7.166198 -4.342697 5.898461 -0.000000 0.000000 0.000000 3.422796 6.930225 -7.660125 1.835293 -3.844259 0.481465 3.397128 -0.048320 1.217801 -17.958309 -7.276556 -1.108990 0.150814 -9.320635 8.257560 -0.000000 0.000000 0.000000 6.395463 -8.027226 -15.401525 13.058865 -9.194783 -47.729528 133.940349 -61.828094 145.775945 -23.476452 -11.165821 17.044395 2.626537 12.694242 14.833771 11.528996 13.176189 46.720451 138.910954 59.273337 -155.856637 -26.710760 11.061991 -8.719208 
-16.918471 74.791837 128.655648 -172.462330 -55.577919 -168.616512 -10.656882 -11.971207 -1.213652 8.129957 -2.220823 2.603020 -1.731665 11.290573 3.813950 -0.000000 0.000000 0.000000 7.313316 0.476051 0.476341 41.846082 6.086041 -3.987468 15.464017 -3.914486 7.945518 -0.000000 0.000000 0.000000 4.135365 6.203806 -7.508466 2.480302 -3.391240 1.148768 2.712223 -0.065903 1.437463 -17.917580 -7.868697 -0.583167 0.114753 -8.762179 8.496963 -0.000000 0.000000 0.000000 6.262741 -8.278003 -16.151074 13.158928 -8.846355 -46.870026 134.600691 -61.951128 147.445232 -22.410046 -11.040528 17.342561 1.958518 12.974648 15.516895 12.602261 13.171364 46.483082 138.886557 60.570406 -155.871617 -25.548458 11.165260 -8.373313 
-20.723377 73.108226 127.392101 -171.851303 -54.301863 -167.446244 -11.561933 -12.840284 -2.701552 16.225284 -2.939585 0.347759 -6.092773 11.399616 7.730382 -0.000000 0.000000 0.000000 2.303032 1.584671 -1.346388 53.845025 3.266068 -2.508354 19.356531 -7.402641 8.217332 -0.000000 0.000000 0.000000 5.079812 5.053800 -8.278830 3.054894 -3.168236 2.160821 1.804483 -0.145799 1.241617 -17.685494 -8.400202 -0.148378 -0.048157 -8.095785 8.262018 -0.000000 0.000000 0.000000 6.148517 -9.207226 -17.271746 12.863207 -9.031404 -44.561466 134.813270 -62.154602 147.864914 -21.850584 -11.566260 18.645405 1.453305 13.154100 17.169304 14.070705 13.321650 46.740640 135.510136 61.893673 -154.336941 -24.556840 10.589088 -8.472811 
-24.108657 71.513176 126.271200 -172.642188 -53.110796 -167.422495 -16.045787 -13.296992 -4.446642 29.458858 -2.723169 -2.833853 -14.484527 12.268633 12.411546 -0.000000 0.000000 0.000000 -5.152802 3.334938 -2.408687 65.894766 1.949300 -0.495780 8.948881 -12.407525 2.908666 -0.000000 0.000000 0.000000 6.250255 3.807894 -8.918870 1.594295 -3.407174 2.787378 2.465928 -0.025751 0.500547 -18.722169 -7.453408 0.717068 0.757001 -9.169580 7.881592 -0.000000 0.000000 0.000000 4.960937 -11.063663 -19.080951 12.665719 -10.336515 -41.002961 133.410461 -63.448814 146.209702 -20.559636 -11.642062 21.176050 1.437649 13.741960 20.447607 15.068411 12.812319 46.901822 128.892605 63.510675 -150.287970 -23.044781 9.704309 -9.798118 
-27.093568 70.922697 124.569750 -171.139137 -52.030007 -166.861526 -13.215464 -10.354664 -3.359281 33.381084 -4.348600 -3.329513 -19.987912 11.029056 14.333534 -0.000000 0.000000 0.000000 -10.898672 3.603049 -0.882202 71.777500 2.091837 0.887130 2.176783 -13.318189 -2.473709 -0.000000 0.000000 0.000000 8.404495 2.369399 -9.021057 3.320602 -3.493333 3.147066 1.326438 -0.495997 0.834622 -20.254585 -6.248150 0.569416 -1.055737 -9.114855 8.068296 -0.000000 0.000000 0.000000 3.936365 -14.164105 -19.080818 10.893081 -11.785094 -40.751149 132.994812 -63.473749 146.292613 -19.433710 -8.915429 25.801394 2.023287 15.411647 20.661639 14.994735 11.774736 49.765934 126.235234 64.724959 -148.931264 -23.020063 8.211392 -13.514330 
-30.262104 71.153754 122.509146 -169.979049 -48.575883 -167.184622 -6.786697 -7.464851 -2.555844 31.933909 -5.157340 -2.266400 -23.872836 12.000308 15.174977 -0.000000 0.000000 0.000000 -15.344236 3.883186 0.985574 72.086523 2.344222 1.547813 -5.639381 -11.842632 -4.873794 -0.000000 0.000000 0.000000 10.493346 0.370539 -7.992255 3.310673 -2.683781 2.666540 1.210711 -0.584583 1.136919 -20.876961 -5.006327 0.211494 -1.622522 -7.622786 7.739324 -0.000000 0.000000 0.000000 2.662252 -15.012935 -19.308686 9.270977 -14.225121 -42.500469 135.002780 -61.587510 150.184750 -19.291808 -10.586150 29.087050 2.454752 15.863835 19.779986 16.046086 10.083823 49.878719 131.183379 64.821202 -152.341313 -28.924082 9.755975 -11.825526 
-33.422789 72.113985 119.663823 -170.631732 -45.306839 -169.524016 -0.580542 -6.462602 -1.248627 27.722796 -4.300475 -1.598193 -23.943133 13.809309 14.265349 -0.000000 0.000000 0.000000 -19.280940 4.473971 4.039866 66.838067 0.888573 3.057776 -9.620798 -12.338584 -6.543526 -0.000000 0.000000 0.000000 10.100588 -1.374733 -6.470992 3.163942 -1.951031 2.309374 1.506319 -0.866011 1.294455 -20.258153 -4.351024 -0.013501 -1.390849 -5.348136 7.578210 -0.000000 0.000000 0.000000 2.173394 -14.279551 -18.973081 6.957211 -16.959325 -45.114746 136.372134 -58.711065 153.550944 -20.236144 -13.395249 27.458800 3.529811 14.794720 18.013349 17.064389 9.029583 49.592935 131.463969 63.609918 -151.028251 -29.201371 10.166431 -8.401154 
-36.467320 73.449677 116.326928 -171.641138 -42.453589 -171.255321 5.159635 -5.746034 -0.795344 22.385826 -2.973538 -0.796300 -19.602109 15.549699 11.136761 -0.000000 0.000000 0.000000 -21.441984 5.056538 5.864224 57.555210 -2.021404 4.342206 -10.622961 -13.318632 -6.308223 -0.000000 0.000000 0.000000 9.211755 -2.741051 -5.764854 2.961594 -1.390601 1.831927 1.609401 -1.200081 1.383029 -19.472323 -3.602335 -0.143281 -0.828568 -3.879628 7.548619 -0.000000 0.000000 0.000000 2.185980 -13.123575 -18.200392 5.133132 -19.567507 -46.503522 137.444299 -56.290127 155.791112 -19.587798 -15.854601 26.071351 4.632969 13.160215 16.694352 18.399285 8.631044 49.966178 132.296464 62.846006 -150.745430 -30.067896 10.754423 -7.017356 
-39.485011 74.801999 112.892532 -171.788992 -39.434072 -171.768471 9.824962 -4.510857 -0.855962 19.342688 -2.082571 -0.066140 -11.295783 16.565596 5.096230 -0.000000 0.000000 0.000000 -20.201960 5.550619 7.153933 44.470687 -4.359879 3.018111 -10.258166 -12.534246 -4.567417 -0.000000 0.000000 0.000000 8.888605 -3.656675 -5.313631 3.381779 -1.199309 1.224808 1.274981 -1.291148 1.338478 -18.732111 -2.581166 -0.471481 -0.615179 -2.791996 7.677283 -0.000000 0.000000 0.000000 2.117445 -12.752395 -18.302697 5.069655 -20.705252 -45.691798 138.001200 -54.753475 157.374169 -17.872887 -17.932823 24.718990 5.296185 12.306869 16.168240 19.607396 7.833388 50.219907 134.816658 62.817705 -152.512170 -32.081698 10.879025 -5.657543 
-42.552379 75.795627 109.469891 -171.382801 -36.558432 -171.183546 12.864307 -2.667851 -1.033270 19.518731 -1.143323 -0.294516 0.194648 15.375691 -1.325724 -0.000000 0.000000 0.000000 -16.930058 5.999032 8.161155 30.218576 -4.217271 -0.202348 -9.245093 -10.935429 -3.652029 -0.000000 0.000000 0.000000 8.624940 -4.153309 -5.187140 3.756978 -1.324904 0.384281 1.231660 -1.414094 1.166900 -17.701382 -1.769849 -0.824506 -0.582933 -1.484691 8.008997 -0.000000 0.000000 0.000000 2.375079 -12.271594 -18.517064 5.721383 -20.325303 -44.648677 137.918650 -54.670229 157.449032 -16.270483 -18.396867 23.523703 5.791609 11.792497 15.537901 19.992252 7.549185 50.736028 136.354441 63.322227 -152.898428 -33.341649 11.294380 -5.774085 
-45.584467 76.221627 105.995202 -170.984573 -33.641068 -170.083346 13.878715 -0.233500 -0.772871 23.258632 -0.285740 -1.506490 11.682858 11.021073 -8.707231 -0.000000 0.000000 0.000000 -12.319737 6.068307 8.907916 18.433018 -1.812925 -3.682348 -6.693288 -8.937994 -2.283304 -0.000000 0.000000 0.000000 8.134187 -4.118020 -5.590317 3.708203 -1.484322 -0.465045 1.394078 -1.391528 0.980708 -15.933654 -1.313859 -1.416986 -0.661160 -0.320323 8.604873 -0.000000 0.000000 0.000000 2.749545 -11.178220 -18.374700 6.445246 -19.328583 -44.839001 138.992639 -56.631853 157.312880 -18.259691 -17.149658 21.728688 5.993379 11.041189 14.905845 19.545035 8.184878 51.092095 137.326264 64.503870 -151.952407 -31.193419 10.434742 -8.540100 
-48.474443 75.892818 102.632213 -171.314253 -31.037458 -169.217699 11.271635 0.203687 -0.300308 31.751340 -0.313339 -3.406382 22.202090 5.678881 -14.141200 -0.000000 0.000000 0.000000 -9.517629 6.435055 9.135339 13.913057 0.244750 -5.101936 -3.891504 -6.871296 -0.950683 -0.000000 0.000000 0.000000 6.927314 -3.454517 -6.324796 4.025075 -1.509932 -0.749189 1.128228 -1.271560 0.559190 -14.144725 -1.087569 -2.119758 -0.428792 0.304610 8.708943 -0.000000 0.000000 0.000000 3.152108 -10.230610 -18.247843 7.113716 -18.799552 -45.474771 140.025866 -60.129266 156.961531 -22.556737 -16.250404 19.290529 5.946337 10.527011 14.850099 18.726045 8.981922 50.709823 137.694392 66.123618 -151.016701 -31.826893 10.238057 -7.967122 
-51.146090 74.801171 99.315506 -171.595577 -29.474092 -169.154691 6.596642 -1.353570 1.437250 41.596300 -0.325166 -6.473402 32.858113 1.207997 -16.719539 -0.000000 0.000000 0.000000 -8.748730 7.517713 9.853075 17.214481 0.957886 -3.850830 -1.147998 -6.464918 -5.758501 -0.000000 0.000000 0.000000 5.727068 -2.706923 -6.492782 5.101490 -1.530146 -0.366856 0.144617 -1.252714 0.108982 -12.786288 -1.406476 -3.088039 -0.225565 0.825828 8.618646 -0.000000 0.000000 0.000000 3.114281 -10.483401 -18.855979 8.160072 -17.751059 -45.760457 138.155761 -62.931554 154.207379 -23.336480 -14.754323 18.915087 6.097290 11.608211 15.548735 17.695184 9.062297 49.676349 134.720755 66.875971 -148.548873 -31.904566 10.228373 -7.420632 
-53.605914 73.148328 96.014148 -171.729342 -28.002828 -169.788374 1.419204 -2.376373 3.793697 52.032215 -0.562028 -9.132566 27.992049 3.959302 -14.060618 -0.000000 0.000000 0.000000 -8.922259 7.835349 11.353790 25.865042 2.108283 -3.499489 -13.128102 -7.876129 -11.168697 -0.000000 0.000000 0.000000 5.303362 -1.648909 -6.104185 5.069867 -1.443454 -0.005677 -0.057642 -1.121384 -0.273338 -12.287374 -1.242272 -3.173021 0.210464 0.363532 7.347114 -0.000000 0.000000 0.000000 2.885737 -11.342161 -20.146371 8.987419 -15.628347 -45.572276 133.251838 -63.588978 148.110730 -20.148061 -11.845421 21.181382 5.947096 13.834231 17.296866 16.109664 8.383703 47.743217 130.398819 66.851563 -145.140578 -29.115280 10.801055 -11.115507 
-55.789548 71.996170 92.943257 -172.484514 -27.132852 -170.882486 -5.124035 -4.824451 5.209024 59.912776 -0.893914 -11.090731 18.751561 7.954387 -7.859469 -0.000000 0.000000 0.000000 -9.894565 8.552571 12.441843 33.083923 3.711810 -2.324088 -20.002739 -9.887394 -14.852813 -0.000000 0.000000 0.000000 5.507677 -0.688204 -5.992031 3.517479 -1.571483 0.458721 1.390545 -1.251748 -0.479501 -14.543414 -1.010246 -2.355984 1.953485 -0.237490 5.906271 -0.000000 0.000000 0.000000 3.153714 -11.830025 -21.937609 9.800102 -14.446260 -45.306456 128.518671 -63.489075 143.395756 -18.301153 -9.793614 23.593597 5.124887 15.661223 19.899682 14.061404 9.952647 44.612183 124.594411 67.069611 -141.794138 -27.685530 9.927636 -13.633757 
-58.034676 71.903455 89.720893 -172.557548 -25.751146 -170.913745 -10.241123 -5.858476 4.477274 62.298439 -1.441156 -11.236299 9.359301 11.317559 -0.656534 -0.000000 0.000000 0.000000 -7.143973 5.840845 10.251269 36.099168 5.382607 -1.282101 -23.654837 -7.271440 -14.983609 -0.000000 0.000000 0.000000 5.770480 0.998655 -6.468730 4.274586 -2.299335 0.365100 1.457446 -0.781664 -0.521584 -16.207546 -0.844024 -2.469210 1.091680 -1.205267 5.866246 -0.000000 0.000000 0.000000 3.498094 -12.065139 -21.125050 10.143669 -12.465381 -47.423286 128.605715 -62.735883 142.586650 -20.786866 -9.350420 25.312947 4.885631 17.008745 19.057655 9.774813 11.468952 46.088674 124.563269 66.037229 -143.465640 -26.695887 10.100219 -16.262640 
-60.097307 72.433871 85.925639 -172.304723 -25.195810 -171.063971 -14.750251 -5.836485 3.506764 61.436745 0.352743 -9.139504 1.808411 11.931373 4.395615 -0.000000 0.000000 0.000000 -1.087629 3.824791 9.512453 33.237709 6.976756 -2.501410 -25.058077 -6.286304 -14.239814 -0.000000 0.000000 0.000000 6.080923 2.919792 -7.161948 3.261942 -2.946035 -0.011174 2.304008 -0.325723 -0.341216 -16.300628 -1.389669 -2.288352 1.252315 -2.631199 6.112664 -0.000000 0.000000 0.000000 4.115076 -11.546631 -19.612942 10.684451 -10.645700 -47.954266 129.899473 -61.056641 142.622914 -23.146962 -10.554207 24.087189 4.082163 17.078198 18.381915 7.143695 12.577467 48.607967 127.393461 63.664090 -148.176918 -27.250732 10.834056 -15.262841 
-62.357682 73.406911 81.640774 -173.119915 -24.859481 -170.934049 -18.026910 -7.161897 1.150168 55.201658 2.800079 -7.838315 -0.812177 11.215339 6.532880 -0.000000 0.000000 0.000000 4.691284 3.648478 8.156596 28.597562 7.795025 -3.263878 -22.503265 -6.702356 -12.055225 -0.000000 0.000000 0.000000 4.567976 4.837242 -8.468472 2.657126 -3.233319 -0.359081 2.832674 0.177884 -0.563058 -15.456806 -1.711961 -1.941614 1.822807 -4.692605 6.004760 -0.000000 0.000000 0.000000 4.950644 -10.147490 -18.378947 11.451089 -9.786935 -47.119021 131.020740 -60.111473 142.928206 -23.173427 -12.801650 21.555665 3.653588 16.220703 18.314025 6.306823 14.559503 49.373542 129.176372 61.329968 -150.922742 -26.354226 12.086582 -15.644283 
-64.893955 74.479961 77.038014 -173.718200 -24.621845 -171.056538 -18.962478 -8.893775 -1.291501 44.984623 3.605504 -5.376966 0.194710 9.362663 6.513674 -0.000000 0.000000 0.000000 10.249921 4.124476 7.392188 24.248026 8.645843 -4.246212 -15.036903 -8.430908 -8.344510 -0.000000 0.000000 0.000000 3.087318 6.193357 -9.113984 2.763478 -3.314289 -0.656668 2.756555 0.586778 -0.628418 -14.712411 -2.855821 -1.977538 2.161775 -5.456982 6.126013 -0.000000 0.000000 0.000000 5.586781 -8.915028 -17.776797 12.198976 -9.263948 -46.808534 131.566034 -59.840016 143.852628 -23.293653 -14.342739 19.568409 3.293205 15.482834 17.610202 6.843566 15.701821 48.411919 130.934505 59.484009 -152.442393 -25.647217 12.946701 -14.321885 
-67.552346 75.335777 72.372025 -174.077435 -24.051692 -171.372745 -17.485857 -10.956228 -3.194024 32.145337 3.071252 -2.639375 1.630499 8.892853 6.113674 -0.000000 0.000000 0.000000 13.853171 2.762387 5.810030 22.985544 8.609155 -3.691568 -4.572084 -7.310273 -2.451794 -0.000000 0.000000 0.000000 2.289657 7.661013 -9.213480 2.729556 -3.260101 -0.967726 2.892405 0.835097 -0.497939 -14.671452 -3.942768 -1.848241 2.345102 -6.304458 6.546505 -0.000000 0.000000 0.000000 5.668879 -8.087352 -17.348309 13.060778 -9.361258 -47.184349 132.037904 -60.208931 145.122817 -21.965571 -14.582288 19.719678 2.783348 14.625699 16.947886 8.121188 15.845437 47.129515 133.902219 58.471106 -154.306317 -25.216642 13.192312 -12.706255 
-70.145237 75.748885 68.024975 -174.607155 -23.089019 -172.272172 -15.091621 -12.464357 -3.810138 20.106191 1.947512 -0.155703 1.953207 8.857198 5.286733 -0.000000 0.000000 0.000000 14.639102 0.401577 4.132507 25.480266 8.039103 -2.748617 5.711704 -3.423360 3.445638 -0.000000 0.000000 0.000000 1.787785 9.003896 -8.781523 3.042001 -3.019279 -0.893043 2.837071 0.978844 -0.089956 -14.671397 -4.688131 -1.504471 1.822909 -7.072702 7.023930 -0.000000 0.000000 0.000000 5.595257 -7.574852 -16.961654 13.391411 -9.533022 -48.314885 131.867714 -60.824186 145.673200 -20.619120 -14.256908 19.760634 2.701464 13.923952 16.321827 9.400755 15.241473 46.325549 137.650391 58.335318 -156.510301 -27.142001 13.419270 -10.854501 
-72.583997 75.543392 64.291328 -175.034314 -22.417599 -173.215554 -13.364315 -13.365393 -4.342309 12.657930 -0.476792 1.955025 -0.221035 9.107324 5.414563 -0.000000 0.000000 0.000000 12.307282 -0.729116 2.863064 32.602788 6.760251 -2.384799 14.836628 0.102633 8.636548 -0.000000 0.000000 0.000000 2.131519 9.035545 -8.255380 3.152308 -2.702900 -0.309978 2.760181 0.969103 0.421839 -14.436757 -5.149733 -0.793584 1.202825 -7.064949 7.248865 -0.000000 0.000000 0.000000 5.640375 -7.202947 -16.911825 13.354639 -9.758916 -49.358439 132.042979 -61.698006 146.328533 -20.489115 -13.506142 19.244657 2.501012 13.201862 16.184282 10.971140 14.906293 45.817454 140.103844 58.917321 -157.622260 -27.429257 13.267170 -10.735703 
-74.854881 74.689180 61.082071 -175.104099 -22.367904 -173.483057 -12.848721 -14.649730 -5.663879 11.318706 -2.856299 2.442169 1.155117 10.334696 5.724412 -0.000000 0.000000 0.000000 7.817772 0.011911 1.512550 42.355297 5.093800 -1.471087 25.886203 1.943263 12.179116 -0.000000 0.000000 0.000000 3.197374 7.909937 -8.336933 4.084187 -2.546524 0.882625 2.418337 0.726932 0.822308 -14.963521 -5.682591 -0.201956 0.558786 -6.238726 7.571312 -0.000000 0.000000 0.000000 5.537517 -7.752561 -17.512813 13.326491 -10.571759 -48.937201 132.462403 -62.680007 147.126319 -19.359426 -12.920236 20.310668 1.819045 12.691254 16.790158 12.968552 15.002322 45.486861 139.827994 59.767414 -157.344959 -25.462118 13.062323 -11.043664 
-76.983857 73.151553 58.125424 -175.165658 -21.733802 -173.322811 -15.035303 -15.433713 -7.547821 21.580865 -4.264868 0.614239 -8.946209 12.603295 11.417140 -0.000000 0.000000 0.000000 1.766156 1.512121 -0.323515 53.534057 3.183753 0.265004 27.874118 -1.199454 13.868769 -0.000000 0.000000 0.000000 5.034481 6.446277 -8.565923 3.825955 -2.525711 1.975544 2.562581 0.577079 0.727873 -15.970308 -5.835648 0.538199 0.384161 -5.450318 7.323059 -0.000000 0.000000 0.000000 5.333249 -8.914690 -18.399085 13.006635 -11.351271 -46.585826 132.907719 -63.594285 146.738541 -18.952614 -13.067425 21.549492 1.380342 12.505290 18.201728 15.027688 15.054595 45.464802 137.064600 60.991711 -155.691424 -24.106515 12.851619 -11.592122 
-78.782851 71.755952 55.162394 -175.223254 -20.737228 -173.477275 -17.339042 -15.271321 -8.238015 31.871039 -4.667607 -2.156228 -17.500504 13.303060 15.258942 -0.000000 0.000000 0.000000 -5.386808 3.130346 -0.911068 63.922627 3.140106 1.699345 15.667558 -7.053936 8.321780 -0.000000 0.000000 0.000000 7.213023 4.976097 -8.078758 2.137118 -2.772172 2.574085 3.629892 0.589497 0.251637 -17.927309 -4.297363 1.312445 1.487213 -6.424621 7.036066 -0.000000 0.000000 0.000000 3.981951 -11.035248 -19.474557 13.011133 -12.605680 -43.125589 131.295025 -65.483313 143.664268 -18.845535 -13.244838 22.940635 1.657069 13.345958 20.170995 16.127976 14.182675 46.249209 131.059559 62.953424 -151.385001 -23.595589 11.875510 -13.014353 
-80.270302 71.177119 51.692116 -174.170584 -19.133374 -173.905729 -13.213009 -11.948307 -6.431857 34.662964 -6.250260 -2.851880 -23.185173 11.785153 17.274101 -0.000000 0.000000 0.000000 -10.949528 3.460726 -0.250122 68.866400 3.767236 2.062122 6.124533 -9.609446 2.145310 -0.000000 0.000000 0.000000 9.046327 3.215663 -7.304813 3.302774 -2.582612 2.947350 2.552479 0.247895 0.553431 -18.925764 -2.707124 0.968061 0.449550 -5.989222 6.778633 -0.000000 0.000000 0.000000 2.993818 -13.523948 -19.714309 12.130705 -13.169311 -41.533311 130.588777 -64.808464 142.104523 -15.834574 -10.887540 27.207961 2.407763 15.018582 20.569132 16.493826 12.606829 48.165907 130.194478 64.576584 -151.199491 -24.624591 10.952237 -16.745717 
-81.786835 71.372694 47.614995 -173.402439 -15.907669 -174.879701 -7.025590 -8.456474 -4.845804 34.071784 -6.826200 -2.107710 -25.134449 11.461689 17.518804 -0.000000 0.000000 0.000000 -15.585902 3.810464 1.266172 69.109003 3.479886 1.682532 -4.126006 -10.935056 -2.790086 -0.000000 0.000000 0.000000 9.232536 0.980546 -5.987736 3.250709 -1.845272 2.846772 2.324861 0.122152 0.803672 -18.428489 -1.365216 0.435950 0.420169 -4.167622 6.140720 -0.000000 0.000000 0.000000 2.545596 -13.944065 -20.088383 11.016028 -14.075149 -41.597924 133.608692 -62.728059 145.742684 -16.351257 -12.789955 27.989132 3.389636 15.412469 20.237458 17.182185 10.764543 47.983614 132.773780 64.149072 -152.838146 -26.915000 12.003289 -15.675525 
-83.089375 72.292942 42.977601 -173.048103 -13.012207 -176.484802 -0.484849 -7.200691 -3.311783 31.170116 -6.243842 -1.489259 -22.471358 12.602550 15.967197 -0.000000 0.000000 0.000000 -19.049196 4.619160 4.101086 64.383905 1.829876 1.729338 -9.151829 -12.209063 -5.498070 -0.000000 0.000000 0.000000 8.320223 -0.882074 -4.413084 2.342437 -1.340165 2.674452 2.513054 -0.359759 1.035310 -17.218382 -0.431680 -0.027804 0.985610 -1.844026 5.419559 -0.000000 0.000000 0.000000 2.647479 -13.002811 -19.401801 9.292143 -15.493255 -43.238081 135.352194 -60.425337 148.341901 -17.891817 -15.395424 25.467587 4.323160 14.081296 18.740691 17.728894 9.801232 48.148439 133.054267 62.839093 -152.076154 -27.239643 12.975821 -12.674386 
-84.194553 73.655921 38.079691 -172.769483 -9.993887 -177.724384 5.689080 -6.740396 -2.729066 27.862341 -5.077807 -0.554494 -14.938963 14.249372 11.954916 -0.000000 0.000000 0.000000 -20.653408 6.208452 6.933044 55.534280 0.272745 1.062527 -10.545816 -13.258390 -5.974319 -0.000000 0.000000 0.000000 7.207490 -2.381829 -3.694629 2.125162 -0.809180 2.509713 2.184001 -0.751503 1.291292 -16.208995 0.391062 -0.311419 1.415662 0.283775 4.948692 -0.000000 0.000000 0.000000 2.800012 -12.031833 -18.934445 8.212726 -16.830973 -44.214258 135.154755 -58.404502 149.161239 -15.736691 -17.199398 25.313808 5.032346 12.872920 17.676128 18.662967 9.222104 48.236501 134.150113 62.084185 -152.671091 -29.464402 13.616396 -9.977577 
-85.198855 75.040013 33.184192 -172.455717 -7.260456 -178.379492 10.137253 -6.382064 -2.506918 26.213268 -3.960722 -0.237833 -4.068629 14.732910 5.318106 -0.000000 0.000000 0.000000 -19.827727 8.246222 9.163335 42.758125 -0.076489 -0.893252 -8.965826 -12.640965 -4.599512 -0.000000 0.000000 0.000000 6.188485 -3.480187 -3.594036 2.703686 -0.708780 2.300458 1.765904 -0.969729 1.401715 -15.493514 1.484925 -0.475760 1.211635 1.822054 4.936208 -0.000000 0.000000 0.000000 2.955146 -11.573918 -18.863846 7.895657 -17.832908 -44.356585 134.783714 -57.767202 149.982847 -14.274535 -18.730742 25.278433 5.458778 12.064013 17.243419 19.359102 9.319384 48.312509 134.799337 62.018936 -153.095350 -30.535276 13.856840 -9.575138 
-86.190152 76.010555 28.385991 -172.333905 -5.479053 -178.179490 12.555730 -4.780875 -2.158773 26.505720 -3.075502 -0.940883 7.494653 12.166079 -1.056793 -0.000000 0.000000 0.000000 -16.967253 9.806364 9.919808 28.252708 1.649865 -3.000058 -5.767851 -10.377011 -2.020736 -0.000000 0.000000 0.000000 5.229507 -4.173475 -4.038673 3.320228 -1.003192 1.989300 1.692988 -1.109175 1.345809 -14.674864 2.311891 -0.698666 0.859365 2.816801 5.413768 -0.000000 0.000000 0.000000 3.278485 -10.938614 -18.492086 7.850960 -18.700546 -44.500953 135.285457 -58.640001 150.621414 -15.106370 -19.378665 24.596316 5.733843 10.800475 16.722628 19.356980 9.859906 49.059998 134.802416 62.489817 -152.602378 -30.588890 13.238114 -9.185830 
-87.182623 76.357484 23.615775 -171.920094 -4.669094 -177.130372 13.362802 -2.580628 -1.829630 29.644612 -2.798226 -1.523511 17.526727 6.959986 -7.747368 -0.000000 0.000000 0.000000 -12.451217 10.439362 9.286953 16.202045 3.808979 -4.494296 -2.378496 -7.208803 1.426574 -0.000000 0.000000 0.000000 4.847089 -4.352484 -5.006540 3.964550 -1.608120 1.545178 1.604539 -1.234246 1.224253 -13.667154 2.765423 -0.998196 0.405167 3.167461 6.132017 -0.000000 0.000000 0.000000 3.615539 -10.204346 -17.981877 8.031919 -18.981710 -44.907445 136.397004 -60.163988 150.972342 -17.037628 -18.713864 22.997757 5.615686 9.441393 16.156005 18.828594 10.334289 50.190912 135.626729 63.764996 -152.298510 -30.996419 12.281684 -8.355721 
-88.136560 75.927281 19.048713 -171.891174 -3.956863 -176.067389 10.772326 -1.972547 -1.380388 36.987639 -2.803520 -2.843281 26.674646 2.371429 -12.715770 -0.000000 0.000000 0.000000 -9.783732 10.166514 8.821735 12.170127 5.403867 -5.429001 0.970213 -3.579809 2.891987 -0.000000 0.000000 0.000000 4.539872 -3.728929 -6.011191 4.761763 -2.084744 1.305729 0.977076 -1.278283 0.980885 -12.593493 2.794826 -1.513194 -0.122268 3.118572 6.802267 -0.000000 0.000000 0.000000 3.616705 -10.045275 -18.334082 8.641280 -18.714823 -45.033955 138.039045 -61.769845 152.260721 -19.340462 -16.586262 19.848115 5.550098 9.216411 16.432188 18.105362 10.350140 50.270000 136.858941 64.969328 -153.090220 -31.590920 11.247733 -8.068160 
-88.972938 74.752033 14.582203 -171.874591 -3.733925 -176.212338 6.307058 -2.936091 0.678054 45.585336 -1.785835 -5.505546 34.904439 -0.006867 -15.762475 -0.000000 0.000000 0.000000 -9.668498 10.116362 10.048893 18.425960 4.738146 -4.194151 -0.975573 -4.371169 -3.859364 -0.000000 0.000000 0.000000 4.376348 -3.112119 -6.008258 5.707125 -2.154953 1.532168 -0.035130 -1.433680 0.655211 -11.988086 2.366136 -1.922497 0.028946 3.073559 6.851491 -0.000000 0.000000 0.000000 3.417294 -10.671124 -19.483321 9.411050 -17.754374 -45.286202 137.698054 -63.271093 151.742710 -21.605222 -15.307018 17.495750 5.694002 10.704174 17.321165 17.056446 9.856097 48.723210 135.097909 65.227020 -151.851886 -30.788034 11.443162 -9.324570 
-89.738035 73.225945 10.221893 -171.817566 -3.394490 -176.812742 1.206872 -3.845485 2.897572 54.673073 -1.721731 -8.147708 25.530288 4.247679 -12.698553 -0.000000 0.000000 0.000000 -10.495477 9.727392 11.758903 28.110238 5.288143 -3.974053 -10.996381 -5.458982 -7.864364 -0.000000 0.000000 0.000000 4.857023 -2.061501 -5.612328 4.720406 -1.993623 1.723332 0.602813 -1.237625 0.352591 -12.592979 2.187326 -1.543064 1.079013 1.790089 5.752622 -0.000000 0.000000 0.000000 2.990751 -11.236939 -20.534762 9.735904 -16.813945 -46.031726 134.633783 -65.350980 147.753135 -23.881561 -14.242889 16.648673 5.144381 12.280609 18.717965 15.537494 9.721234 46.226601 131.274720 65.652927 -148.716752 -29.529000 11.328706 -10.609070 
-90.493429 72.397786 6.108236 -172.178768 -3.475795 -177.325554 -5.033613 -5.616767 3.872769 61.045345 -2.531656 -9.858140 10.338929 8.608524 -4.538119 -0.000000 0.000000 0.000000 -10.226197 9.160387 12.300433 34.115499 6.805544 -3.174905 -17.461712 -6.868459 -10.736283 -0.000000 0.000000 0.000000 5.312310 -0.598330 -5.268246 4.057677 -2.197341 1.962783 1.525845 -1.037625 0.300303 -14.807753 1.529010 -1.458196 1.794453 0.789909 4.884667 -0.000000 0.000000 0.000000 3.011180 -12.138466 -21.629308 9.922294 -15.436213 -46.974639 129.002018 -66.802695 141.397429 -22.335634 -10.875229 19.133287 4.894071 14.638318 19.770137 13.086927 10.701170 44.117444 127.617169 66.108606 -146.951744 -29.550460 10.478641 -12.684410 
-91.254574 72.508204 1.839708 -171.959669 -4.121783 -176.791197 -10.043333 -7.327072 2.716985 61.797840 -3.673127 -10.365013 -1.509032 12.790731 3.528824 -0.000000 0.000000 0.000000 -6.656428 5.805635 9.418536 35.943640 7.789471 -1.769496 -21.051523 -4.736510 -10.865947 -0.000000 0.000000 0.000000 5.779402 1.487924 -5.647810 4.198296 -3.157426 1.784488 2.142271 -0.708512 0.285934 -16.592576 1.133148 -1.420470 1.603077 -0.712741 4.743247 -0.000000 0.000000 0.000000 2.951755 -12.316870 -21.051208 10.954607 -13.483592 -47.882691 128.769439 -66.498389 139.923709 -22.977773 -9.383776 22.106194 4.258222 15.695491 19.034668 9.867408 11.838691 45.057353 129.639627 65.108283 -150.461143 -29.995667 10.751219 -14.671444 
-91.604018 73.398018 -2.753725 -171.520164 -5.982138 -177.034572 -14.894143 -7.701183 1.683886 60.224893 -0.743310 -7.448693 -7.352638 13.604906 5.969865 -0.000000 0.000000 0.000000 0.377597 5.072277 9.963955 31.042364 8.593406 -3.383841 -21.427728 -5.865805 -10.571845 -0.000000 0.000000 0.000000 6.318374 3.124361 -5.791907 3.454253 -3.833934 1.700303 2.512958 -0.403086 0.485467 -16.604613 -0.051727 -1.095279 1.534611 -2.387531 5.191925 -0.000000 0.000000 0.000000 4.085130 -11.359616 -19.888735 11.605241 -11.453056 -47.488584 130.578239 -65.199273 140.678258 -28.184896 -11.430894 18.898098 3.472841 15.296329 18.686143 7.931907 12.986076 46.835371 130.904238 62.884282 -153.493602 -30.598459 11.961580 -14.207004 
-92.159224 74.780375 -7.405705 -172.247197 -7.096941 -176.243694 -17.860629 -8.869244 -0.614829 51.773206 0.681642 -6.212266 -9.705297 13.247181 7.823135 -0.000000 0.000000 0.000000 5.062990 5.180836 8.676804 27.487841 9.498899 -3.841207 -16.845604 -7.567076 -8.544080 -0.000000 0.000000 0.000000 5.075071 4.672288 -7.094109 2.923666 -3.784916 1.563078 3.131737 0.037470 0.530375 -16.123924 -1.268633 -0.671572 1.844630 -4.266148 5.718607 -0.000000 0.000000 0.000000 5.096918 -9.590583 -18.720097 12.082820 -10.398058 -46.957467 131.187700 -64.153363 140.724917 -28.165828 -12.673966 17.556081 3.117837 14.308449 18.594545 7.066671 14.636444 47.758057 131.499485 61.184575 -155.223360 -29.721037 13.071410 -14.443637 
-92.877471 76.317507 -12.087710 -172.679001 -7.879733 -175.848358 -17.923948 -10.012718 -2.452834 39.120679 1.338636 -4.308541 -9.526751 12.386193 6.962305 -0.000000 0.000000 0.000000 9.075155 4.327013 6.953276 24.674955 9.149111 -3.423515 -7.350895 -6.518339 -2.988650 -0.000000 0.000000 0.000000 4.210083 6.085877 -7.887765 3.051980 -3.667370 1.382675 3.184195 0.408387 0.776836 -15.536502 -2.130732 -0.252656 2.172079 -5.904593 6.225449 -0.000000 0.000000 0.000000 5.652656 -8.429617 -17.905346 12.821992 -9.806202 -47.365827 130.179214 -63.843050 140.795696 -25.506439 -13.116588 18.095870 2.737162 13.550572 18.244510 7.230410 15.497663 47.781545 133.233535 60.455904 -156.505154 -29.683619 13.947687 -14.578429 
-93.756801 77.535361 -16.813777 -172.625971 -8.080239 -175.975830 -15.242129 -10.782937 -3.351490 24.670819 0.891253 -2.240096 -8.775139 12.326409 5.688283 -0.000000 0.000000 0.000000 11.798473 1.148170 4.693081 24.301629 8.828343 -2.176650 4.383578 -1.373298 3.760746 -0.000000 0.000000 0.000000 3.893943 7.632673 -7.709102 3.079093 -3.600863 1.040051 3.369886 0.649934 1.080767 -15.016329 -2.889425 -0.119119 2.710309 -7.072700 6.901786 -0.000000 0.000000 0.000000 5.666921 -7.693344 -17.038997 13.292820 -9.521934 -48.784005 129.110245 -64.242797 141.075287 -23.062672 -13.050836 19.555885 2.440159 12.808862 17.366616 7.724901 15.348735 47.762490 135.580561 60.330456 -157.083718 -29.233599 13.990555 -13.812694 
-94.687170 78.027779 -21.581620 -172.347984 -7.763854 -176.715810 -12.068826 -10.540650 -3.224550 13.847529 -0.733462 -0.198550 -8.684668 11.122890 3.993904 -0.000000 0.000000 0.000000 12.013096 -2.284616 2.778199 28.098026 7.780304 -1.369285 15.105443 5.503008 10.639778 -0.000000 0.000000 0.000000 3.668331 8.504529 -6.940723 3.115939 -3.304884 0.970028 3.164076 0.794086 1.433299 -13.748226 -3.666113 -0.076594 2.971253 -7.347301 7.230001 -0.000000 0.000000 0.000000 5.689141 -7.010869 -16.458224 13.242309 -9.200027 -50.561315 128.310679 -64.510483 141.519354 -21.242468 -12.582625 20.116426 2.246497 12.061331 16.599856 8.597718 14.439632 47.454181 138.725427 60.893171 -157.714671 -29.770171 14.008747 -11.422608 
-95.598400 77.558368 -26.230714 -171.890835 -7.302625 -177.444256 -9.779456 -10.770599 -3.524621 8.896747 -3.291391 1.692031 -9.005765 10.373027 4.760039 -0.000000 0.000000 0.000000 9.471846 -2.982220 1.504578 36.423022 6.218786 -0.959504 25.627083 8.748257 14.977434 -0.000000 0.000000 0.000000 3.939605 7.885171 -6.352333 3.023239 -2.639821 1.230502 2.801475 0.871598 1.646620 -12.824710 -4.811705 0.016325 3.180157 -6.363120 7.149638 -0.000000 0.000000 0.000000 5.750805 -6.559783 -16.901852 12.947478 -9.035722 -51.098969 128.344923 -64.210851 142.446435 -19.020501 -12.386152 21.307314 1.904421 11.712331 16.457630 10.235569 14.216697 46.982529 141.169131 61.818776 -158.625130 -29.190352 14.726965 -11.886223 
-96.442181 76.174784 -30.629161 -171.504204 -6.676186 -177.628948 -8.957423 -12.239604 -4.347056 9.413567 -4.298647 1.701861 -6.458272 11.169438 5.002795 -0.000000 0.000000 0.000000 5.186212 -1.222287 0.191182 46.335905 3.281506 0.326977 32.027586 5.983847 16.817253 -0.000000 0.000000 0.000000 4.628158 6.603562 -6.407190 3.376232 -1.942031 1.718982 2.214870 0.938262 1.486804 -12.971080 -5.739727 0.229836 3.100629 -5.266340 7.111223 -0.000000 0.000000 0.000000 5.520376 -7.086933 -17.970426 12.726418 -9.854038 -49.665239 128.941901 -63.638185 143.900747 -16.431745 -12.579691 23.261498 1.524710 11.869348 17.238632 12.381493 14.273497 46.753644 140.797984 62.645621 -158.942298 -28.053413 14.642534 -12.260436 
-97.255546 74.083245 -34.870955 -171.494980 -6.124888 -177.428647 -10.432591 -13.248673 -5.791086 17.843305 -5.247944 0.298475 -7.889036 10.557048 9.431674 -0.000000 0.000000 0.000000 -0.172572 0.626044 -1.459051 56.284226 2.359779 2.029435 23.642651 0.467761 14.308720 -0.000000 0.000000 0.000000 5.191605 5.364048 -6.912876 3.951854 -1.746479 2.484166 1.443134 0.948473 0.953656 -13.561287 -5.112062 0.974989 3.104881 -5.552395 6.652450 -0.000000 0.000000 0.000000 4.889748 -8.187540 -18.891584 12.437107 -11.408139 -47.124000 130.733574 -63.565297 145.463629 -16.614103 -13.508628 24.018075 1.926593 12.266524 18.708946 14.015450 13.600805 46.702653 138.114466 63.355268 -157.897186 -27.565643 14.442561 -12.199793 
-97.930604 72.192788 -38.801363 -172.185140 -5.792511 -177.033192 -15.489248 -14.113918 -7.981911 31.990670 -5.584746 -1.713754 -16.075734 12.037907 14.338900 -0.000000 0.000000 0.000000 -7.137100 2.061303 -2.505968 64.454220 4.096425 2.466501 10.473437 -3.566651 8.368724 -0.000000 0.000000 0.000000 6.327785 4.344578 -7.312566 1.509212 -2.332913 2.824255 3.248942 0.850424 0.184894 -15.850206 -3.464220 2.326940 4.502300 -6.972268 6.537905 -0.000000 0.000000 0.000000 3.430619 -9.956889 -20.177400 12.268152 -14.221744 -43.529664 132.329468 -64.956902 146.250365 -19.609445 -15.972626 25.624623 2.078246 12.134349 21.158853 15.306206 13.099353 46.304599 130.861132 65.135391 -152.007678 -26.330876 13.983549 -13.685698 
-98.079491 71.450359 -42.899472 -171.300589 -5.974347 -177.925687 -12.227757 -11.976665 -6.114223 36.179176 -7.501239 -2.367097 -21.584982 10.624907 16.421661 -0.000000 0.000000 0.000000 -11.786884 2.593596 -0.468225 67.244720 4.916721 2.390801 0.012435 -6.914808 0.980573 -0.000000 0.000000 0.000000 8.219501 2.942643 -7.084485 3.106704 -2.672104 3.520613 2.213575 0.164612 0.806203 -17.505947 -2.414748 2.040772 2.857862 -6.559000 6.836810 -0.000000 0.000000 0.000000 2.575030 -12.991514 -19.954485 10.543853 -16.305585 -42.926364 133.813955 -64.145038 147.714682 -20.027697 -15.807647 30.279731 2.766263 13.601639 21.106577 16.027296 11.358309 48.270536 127.167758 66.305444 -149.111401 -26.591292 12.982224 -15.400631 
-98.353744 71.611363 -47.448182 -170.139079 -2.937721 -178.865141 -4.812769 -8.569916 -4.786596 34.241946 -7.543436 -1.391039 -24.890896 10.211546 16.810300 -0.000000 0.000000 0.000000 -15.084939 4.232317 1.705393 65.549180 3.431808 1.521445 -7.311920 -10.010093 -2.777220 -0.000000 0.000000 0.000000 9.527598 0.468511 -6.003884 2.939760 -1.533108 3.096895 2.091095 0.172196 1.109943 -16.978925 -1.615557 1.603077 2.372439 -4.198215 6.368536 -0.000000 0.000000 0.000000 2.133173 -13.359510 -20.500724 8.912922 -17.796330 -43.320119 135.865519 -61.889805 150.549922 -19.533743 -18.845493 31.013962 3.570270 14.054986 20.558592 17.832082 10.055709 48.563318 129.709832 66.259224 -150.679372 -28.648300 14.255921 -14.290508 
-98.287398 72.525567 -52.481598 -170.000017 0.739072 179.797638 2.597178 -6.848624 -3.811764 29.102983 -6.377921 -0.585375 -24.371458 11.501414 15.396899 -0.000000 0.000000 0.000000 -17.770934 6.043863 4.714432 58.925143 1.534085 0.867170 -10.333668 -10.971836 -4.380452 -0.000000 0.000000 0.000000 8.574788 -1.546138 -4.553122 1.969061 -0.684646 2.422560 2.585436 -0.063285 1.029637 -14.690144 -0.518248 1.526212 3.201700 -1.499296 5.735337 -0.000000 0.000000 0.000000 2.553006 -12.072442 -20.141440 7.711990 -18.599811 -44.514125 135.916499 -59.669220 151.536830 -18.703836 -22.519572 28.508518 4.618174 12.577311 18.910018 19.084792 9.656109 49.334909 130.102839 65.222820 -148.698720 -29.263645 15.526103 -11.413560 
-98.044062 73.843277 -57.719702 -169.646131 3.657059 178.746994 10.174042 -5.818650 -3.454025 22.810659 -6.058560 0.450655 -19.660420 13.687079 12.235883 -0.000000 0.000000 0.000000 -17.577133 7.044255 6.899457 47.396016 0.309559 0.171513 -9.976204 -11.620660 -3.489383 -0.000000 0.000000 0.000000 7.301071 -2.790678 -3.600720 1.884484 -0.366305 2.146983 3.041736 -0.592999 1.012199 -13.402944 0.518701 1.319959 4.871260 0.656945 4.874124 -0.000000 0.000000 0.000000 2.617412 -10.341487 -18.760600 6.208915 -20.162914 -45.927330 132.137874 -58.102904 147.138541 -14.230438 -25.287174 32.586088 4.809272 10.158391 17.036463 20.573479 9.437470 50.164287 131.523153 64.210931 -148.109536 -32.304575 16.398757 -8.055824 
-97.844303 75.217783 -62.971205 -168.801497 5.870671 178.508744 15.945348 -4.623507 -3.644252 19.396697 -5.448644 0.847796 -10.629894 14.493798 6.187656 -0.000000 0.000000 0.000000 -14.732470 7.669267 7.774308 33.234528 0.090851 -1.157295 -7.047517 -9.897782 -1.616694 -0.000000 0.000000 0.000000 6.216703 -3.525253 -3.520968 3.187347 -0.710012 1.839565 2.649914 -0.951715 1.102547 -11.714317 1.464714 0.907768 4.681250 2.259580 4.851203 -0.000000 0.000000 0.000000 2.999918 -9.972214 -18.817138 6.703307 -20.167153 -44.899229 133.216367 -57.643189 148.927836 -12.696099 -25.601520 30.530512 5.393645 9.061938 16.440589 21.561452 8.516878 49.916673 134.787275 63.845841 -150.491081 -34.161132 16.048090 -5.864469 
-97.609890 76.228273 -68.070060 -168.258162 7.252606 179.295644 18.757748 -2.002568 -3.175965 20.036953 -5.190437 -0.311120 -0.117400 11.379323 -0.715841 -0.000000 0.000000 0.000000 -11.038815 7.965763 7.668982 20.078093 1.437253 -2.772329 -4.284565 -7.733960 0.153917 -0.000000 0.000000 0.000000 5.144718 -3.945636 -4.441237 3.899170 -1.325218 1.382138 2.641211 -1.293981 1.112446 -9.966677 2.159691 0.495402 4.390324 3.242783 5.268848 -0.000000 0.000000 0.000000 3.735643 -9.781755 -18.564709 7.057116 -19.776147 -44.055787 133.727275 -58.497894 149.337250 -12.671038 -25.024799 27.908504 5.934074 8.204093 15.963987 21.517292 8.340930 50.137122 135.725252 64.298339 -150.558680 -33.675041 15.203347 -5.846500 
-97.286731 76.594228 -72.967958 -168.261067 8.413322 -179.991129 18.318550 1.261577 -1.663644 25.393119 -5.799890 -1.210785 8.900667 4.872885 -7.946307 -0.000000 0.000000 0.000000 -8.449223 7.390307 8.156407 12.559138 3.158894 -4.715963 -2.666108 -5.189165 0.504878 -0.000000 0.000000 0.000000 4.122447 -3.878828 -5.116386 4.584750 -1.734440 1.013695 2.014536 -1.448979 0.973201 -8.048270 2.513894 -0.409299 4.026159 3.610885 5.790095 -0.000000 0.000000 0.000000 4.182839 -9.284560 -18.215314 7.200804 -18.918725 -44.477929 134.491471 -60.458259 148.779647 -17.021778 -23.647303 23.049416 6.413986 7.607553 15.564437 20.534420 8.086809 50.582027 136.577090 65.428757 -150.048392 -33.261632 13.638929 -6.061145 
-97.035217 76.092774 -77.605969 -168.781944 9.069070 -179.167545 14.374646 1.018768 -0.266927 34.920147 -6.685463 -2.857235 17.224200 -0.015945 -12.641487 -0.000000 0.000000 0.000000 -7.900906 6.940032 8.282635 12.269181 2.141526 -4.707786 -0.057806 -4.356790 0.506217 -0.000000 0.000000 0.000000 3.440426 -3.416328 -5.717324 5.181950 -1.995572 1.028314 1.199413 -1.609691 0.646000 -7.457059 2.404403 -1.249238 3.822896 3.512693 5.673757 -0.000000 0.000000 0.000000 4.413516 -8.785272 -18.651021 7.642236 -18.472341 -45.058209 134.976381 -62.946990 148.403619 -21.069827 -21.558226 17.783064 6.461574 7.506684 16.133135 19.732362 8.291967 49.719371 137.227749 66.893778 -150.251081 -34.165990 12.861916 -5.951000 
-96.671766 74.776167 -81.919652 -169.104408 9.347430 -179.515534 8.992018 -0.252567 2.635116 45.198667 -5.580172 -5.699061 26.580185 -3.037524 -16.279037 -0.000000 0.000000 0.000000 -8.716148 7.172104 9.684293 19.012112 1.655544 -2.939431 -0.110780 -4.077794 -5.476294 -0.000000 0.000000 0.000000 3.736557 -2.849563 -5.335097 6.458131 -2.120274 1.379625 -0.126597 -1.752036 0.345900 -8.395968 2.131128 -2.105007 3.221724 3.190760 5.527162 -0.000000 0.000000 0.000000 4.010744 -9.643762 -19.910305 8.504746 -16.955159 -45.787376 132.819400 -64.738096 146.355623 -21.289972 -19.181545 15.854145 6.524352 9.508863 17.199715 18.231673 7.751970 47.994535 134.861670 67.413085 -148.317245 -34.035174 13.361288 -6.686189 
-96.217144 72.999424 -86.011338 -169.606706 9.659663 179.812111 2.945069 -2.028589 5.267586 55.407263 -4.241018 -8.345243 20.333978 2.163440 -14.132792 -0.000000 0.000000 0.000000 -10.813613 7.926919 11.958193 29.707042 2.718001 -2.743431 -11.877963 -6.678436 -9.378230 -0.000000 0.000000 0.000000 4.746744 -2.140148 -4.856506 5.367826 -1.866721 1.621760 0.415358 -1.704921 0.134526 -10.462649 1.890794 -1.788361 3.755305 2.038815 4.268448 -0.000000 0.000000 0.000000 4.066533 -10.929499 -21.550013 9.349232 -15.189716 -46.179559 128.277212 -66.080287 142.182332 -21.089076 -16.288083 16.131907 6.099187 12.175705 19.246825 16.768916 7.676761 45.178168 130.595437 67.875834 -145.354652 -32.994750 14.015857 -8.853131 
-95.931643 72.006959 -89.875746 -170.607262 9.579238 179.484355 -3.951068 -5.196264 6.039074 61.797089 -4.086344 -10.350578 7.935079 7.213661 -5.960741 -0.000000 0.000000 0.000000 -11.592244 8.794942 12.579656 35.698586 4.667020 -1.131170 -18.600164 -9.214782 -11.932513 -0.000000 0.000000 0.000000 5.321812 -1.075588 -4.499894 4.888017 -2.162410 1.955981 1.299594 -1.672389 -0.118069 -13.848287 1.347673 -1.431677 4.578843 1.031481 3.577557 -0.000000 0.000000 0.000000 4.722851 -11.936430 -22.105963 9.488564 -13.513889 -47.401143 121.005262 -66.793051 135.157904 -20.602145 -14.166585 17.956402 5.790273 14.628789 19.886832 13.957920 9.554576 43.922021 123.502180 67.587487 -141.311319 -32.482694 13.606257 -10.467956 
-95.619309 72.030795 -94.171584 -170.327142 8.815388 179.874977 -9.110444 -5.613809 4.901446 62.976118 -4.170919 -8.934650 -1.200853 10.044801 1.193047 -0.000000 0.000000 0.000000 -7.165790 5.953967 10.215871 36.287761 6.485331 -0.591835 -22.486406 -7.630039 -11.463953 -0.000000 0.000000 0.000000 6.194227 0.546502 -4.860017 4.694610 -3.023331 1.642430 1.775564 -1.347334 -0.069253 -15.116254 0.342236 -1.399454 4.047193 -0.370263 4.032332 -0.000000 0.000000 0.000000 5.254522 -11.712009 -20.855569 10.321294 -10.892276 -48.581088 121.806328 -65.819105 134.279617 -22.842422 -13.839857 19.154767 5.242286 15.275189 18.636056 10.495713 10.274829 46.447565 126.146648 66.240944 -145.680529 -32.325335 14.058458 -11.307887 
-95.437038 72.854900 -98.634672 -171.524362 9.020696 -176.426725 -12.477224 -9.592865 -1.455337 54.795086 -2.831845 -10.172548 -9.126833 15.506515 7.430424 -0.000000 0.000000 0.000000 -4.800195 1.852318 4.255701 37.377292 4.651070 -2.044082 -23.329587 -2.782394 -5.752566 -0.000000 0.000000 0.000000 4.887409 3.756874 -8.582403 3.796880 -3.688981 1.153465 2.915268 -0.930632 -0.377063 -15.014421 1.466333 -0.076457 4.226919 -5.157039 3.837270 -0.000000 0.000000 0.000000 5.463486 -9.465203 -18.956052 12.338971 -10.631985 -47.891619 125.977272 -65.607442 137.327109 -26.465252 -15.729174 16.152838 4.029316 13.132860 19.445128 9.429906 12.648081 47.493392 129.362725 64.598520 -150.423281 -33.248547 14.591892 -10.971550 
-95.228463 74.287450 -103.234339 -172.878657 9.800834 -173.678865 -13.817933 -14.151387 -6.538108 40.211493 -2.272808 -9.443102 -10.976943 20.639947 11.675266 -0.000000 0.000000 0.000000 -3.197432 -1.011084 -0.536051 37.197950 3.768616 -3.284847 -19.291436 0.258956 -0.597861 -0.000000 0.000000 0.000000 2.798196 6.601615 -11.307530 3.990859 -3.652829 0.794358 3.394788 -0.454547 -0.518486 -14.399297 1.975993 0.552661 4.827870 -8.556477 3.980702 -0.000000 0.000000 0.000000 5.669397 -7.221177 -17.495423 13.841922 -10.480774 -47.446506 128.131093 -65.491969 139.262306 -26.948025 -15.966205 14.874843 3.406493 11.541590 19.902598 9.285168 14.325070 47.282528 130.891393 62.957478 -152.421752 -32.290143 14.821022 -10.565513 
-94.881952 75.796187 -107.962978 -172.279102 9.988045 -174.199490 -12.106672 -15.487292 -7.380628 26.672123 -3.440054 -4.797816 -7.752000 21.968085 10.020511 -0.000000 0.000000 0.000000 0.558585 -3.560866 -1.643630 35.860589 3.408574 -4.388600 -10.470029 2.507908 3.359897 -0.000000 0.000000 0.000000 2.658555 8.046574 -10.782965 3.786791 -3.490701 0.251973 3.646781 -0.154941 -0.060040 -13.344565 0.834889 0.183974 5.237150 -9.361572 4.712488 -0.000000 0.000000 0.000000 5.951137 -6.679658 -16.587454 14.604801 -9.428887 -48.249849 127.387448 -65.039722 139.424493 -25.287125 -15.482085 16.118115 3.107573 11.484975 18.581728 9.477782 13.745022 47.408213 133.936138 61.856499 -154.028915 -32.368460 15.234578 -10.297658 
-94.528520 77.026010 -112.714577 -171.054013 10.090413 -176.273002 -9.042140 -15.469260 -5.654224 15.332333 -5.154541 -1.519247 -5.260392 21.164111 7.147882 -0.000000 0.000000 0.000000 4.442427 -5.388654 -1.174540 34.953935 3.730156 -4.877619 -0.125854 4.478748 6.610727 -0.000000 0.000000 0.000000 3.189855 8.744003 -8.751820 3.013645 -3.236140 -0.102657 3.982320 -0.041846 0.580943 -12.364291 -1.171883 -0.318800 5.340527 -8.769837 5.659545 -0.000000 0.000000 0.000000 6.164237 -6.524910 -16.141945 14.486224 -8.479259 -49.390232 126.265890 -64.775117 139.051039 -23.249381 -15.042271 17.742356 3.091129 11.530452 16.911970 10.190218 12.450004 47.415800 137.946103 61.451309 -155.910718 -33.741391 15.880060 -9.624001 
-94.230723 77.787769 -117.360973 -170.401035 11.043198 -177.659562 -5.315708 -18.427797 -4.605465 4.731212 -7.766337 1.297367 -2.725218 23.139176 5.083318 -0.000000 0.000000 0.000000 5.391322 -4.618639 -1.255735 37.602322 3.579438 -4.696062 9.318411 4.664822 9.486304 -0.000000 0.000000 0.000000 2.890192 8.845281 -7.839039 3.258169 -2.632802 0.188010 3.666881 -0.041349 1.099337 -11.482993 -2.523042 -0.024586 5.025833 -8.021631 6.215884 -0.000000 0.000000 0.000000 6.321926 -6.038249 -16.145463 13.971369 -8.639739 -50.204400 125.168236 -64.379943 139.148562 -21.639827 -14.525354 18.764794 2.876386 11.297170 16.211173 11.774945 12.158508 46.807194 139.890357 61.489476 -156.691745 -34.033463 16.531890 -9.893526 
-93.677807 77.866238 -121.920002 -169.125256 11.678182 -179.498760 -4.920283 -16.570386 -3.412007 5.565165 -8.266302 2.557405 -2.733421 19.049681 3.839233 -0.000000 0.000000 0.000000 4.488770 -3.071682 0.355727 44.217153 2.488388 -4.826343 18.232866 3.135515 10.816352 -0.000000 0.000000 0.000000 3.644165 7.462871 -7.022487 3.253604 -2.261939 0.850832 2.917988 -0.064822 1.623380 -10.652963 -4.213140 0.194303 4.642593 -5.959274 6.846638 -0.000000 0.000000 0.000000 6.619535 -6.820171 -16.999586 13.383000 -8.065268 -49.954794 125.479823 -63.610525 140.658224 -18.878126 -14.551956 20.317321 2.810360 11.807090 16.088605 13.239381 11.415388 46.827767 141.332779 61.700118 -157.638044 -33.339563 16.993407 -9.589128 
-93.043739 77.208579 -126.312518 -167.424222 12.224863 178.805290 -5.689348 -13.646155 -2.961461 12.039726 -6.987382 3.278175 -0.141167 14.249208 1.729751 -0.000000 0.000000 0.000000 2.835619 -0.153625 2.297958 51.681223 0.154172 -3.413634 25.639061 -2.864273 12.131378 -0.000000 0.000000 0.000000 5.145418 5.230846 -6.318538 4.030715 -1.895256 1.697430 1.747121 -0.125674 1.629636 -10.707043 -5.864687 0.390457 4.115625 -3.718635 7.380649 -0.000000 0.000000 0.000000 6.607437 -8.087091 -18.201703 12.489615 -8.317286 -47.751578 126.629970 -63.148272 142.046342 -16.388152 -15.462580 22.979195 2.366862 12.402229 16.700053 15.223943 11.401685 47.351092 141.274156 62.215347 -158.475127 -31.959809 17.384778 -10.339293 
-92.610180 75.851816 -130.485487 -166.484681 13.166026 178.220943 -8.988700 -12.080513 -3.415272 26.093487 -6.545526 0.938781 -11.975151 12.537865 9.598239 -0.000000 0.000000 0.000000 -1.714457 2.090246 2.575322 62.242187 0.086408 -1.222747 18.888516 -10.581208 9.709102 -0.000000 0.000000 0.000000 6.585264 3.403435 -6.269612 4.142311 -2.106451 2.766810 1.018759 -0.221296 1.152168 -11.380564 -6.184003 0.762624 4.040592 -2.843086 6.941112 -0.000000 0.000000 0.000000 5.978900 -9.812945 -19.725655 11.413972 -9.078491 -44.022645 128.764853 -63.317874 143.227713 -16.873720 -16.220575 23.707117 2.498609 12.971282 18.525114 16.973210 10.861243 47.270489 139.258368 62.475913 -158.379855 -31.178958 17.140465 -10.667746 
-91.947120 74.839711 -134.176886 -166.454120 13.780225 177.003083 -12.671738 -10.328508 -1.212803 38.897563 -6.540626 -2.076799 -18.751189 10.267914 12.516918 -0.000000 0.000000 0.000000 -8.039076 4.010116 4.745426 70.041102 3.668781 0.768796 8.604343 -13.777000 1.998453 -0.000000 0.000000 0.000000 8.068608 1.818839 -5.118274 2.464541 -2.903282 3.497631 2.254719 -0.407518 0.576519 -13.302936 -4.868032 1.339669 5.085758 -3.659329 7.083986 -0.000000 0.000000 0.000000 4.430423 -12.671799 -20.917488 10.509007 -11.072872 -40.402930 128.438648 -65.552630 142.114023 -19.388998 -16.998274 23.648911 3.040365 13.761352 20.256950 17.231746 10.291055 47.965741 132.641257 63.839230 -153.309519 -30.107349 15.886555 -12.391595 
-90.884441 74.697286 -137.962890 -164.570026 14.985394 174.417101 -9.715247 -4.080015 3.156952 44.349222 -5.592581 -1.390579 -22.027389 5.434543 10.202382 -0.000000 0.000000 0.000000 -10.242468 5.731799 8.930192 69.964141 4.387497 1.241540 0.135862 -13.182242 -2.992011 -0.000000 0.000000 0.000000 10.508630 -0.371818 -3.598308 4.314054 -3.089894 3.943111 0.396222 -1.011293 1.394951 -12.465005 -3.880140 0.501706 2.574963 -2.172837 7.117056 -0.000000 0.000000 0.000000 4.218050 -15.687356 -20.128352 8.229828 -11.057818 -41.292782 126.767744 -64.608244 141.057877 -16.877300 -15.514458 25.296782 4.233486 16.063417 18.871068 16.833128 8.486626 50.125516 134.376369 64.907633 -154.012781 -33.900040 16.401255 -13.289286 
-89.699906 75.066561 -141.892445 -163.842433 17.996374 171.100698 -6.491649 2.359621 7.793309 46.085073 -3.063086 0.237995 -22.294171 2.102132 6.271430 -0.000000 0.000000 0.000000 -12.116692 8.635451 13.918900 63.340273 5.700845 1.605893 -8.860165 -13.496227 -6.216276 -0.000000 0.000000 0.000000 11.341176 -3.404678 -0.618463 4.220529 -2.481650 3.891259 -0.098811 -1.192094 1.678759 -10.390081 -3.278935 -0.457020 2.626972 0.816053 6.250848 -0.000000 0.000000 0.000000 4.533720 -15.848774 -20.408331 6.564847 -11.081079 -42.861884 127.983397 -62.415546 143.566312 -17.511308 -17.523613 23.884043 5.574722 16.386132 17.547622 16.627380 6.595570 49.083100 137.011959 63.562435 -154.153307 -35.862364 17.816623 -10.357881 
-88.232797 75.627625 -146.036398 -164.201571 21.102565 169.587380 -3.362599 7.414173 10.235358 45.089861 0.012812 1.611556 -18.671929 -0.827893 1.995684 -0.000000 0.000000 0.000000 -14.073930 8.803275 16.154551 54.407474 5.260741 1.387669 -10.262492 -13.330459 -7.150031 -0.000000 0.000000 0.000000 10.327660 -5.595034 0.982365 3.386340 -2.182332 3.540724 0.415608 -1.683936 1.964777 -7.957132 -3.247313 -1.442191 3.313210 3.576069 5.741282 -0.000000 0.000000 0.000000 5.421077 -14.502962 -19.817231 5.225882 -12.006618 -44.878938 131.714155 -60.909191 147.229770 -18.988378 -18.872083 22.303633 6.868398 14.383110 15.858986 16.549117 5.573636 48.763245 140.011279 62.137112 -154.852132 -35.868123 18.431477 -7.592053 
-86.760467 76.290458 -149.980640 -165.693836 24.707853 171.018298 2.523507 5.319472 7.636801 38.722721 0.506973 0.372358 -12.379147 2.256405 0.606456 -0.000000 0.000000 0.000000 -15.679760 9.964930 15.287802 43.078607 3.860910 1.656579 -7.447509 -14.468408 -4.989120 -0.000000 0.000000 0.000000 7.633834 -6.421176 -0.438823 3.995656 -2.092590 3.586229 0.705378 -2.261972 1.942062 -6.931051 -2.478516 -1.617015 3.182945 4.519668 5.401340 -0.000000 0.000000 0.000000 5.929332 -12.674081 -19.168892 5.184069 -14.904500 -44.810610 135.161243 -60.055636 150.296609 -19.633760 -19.362081 22.123000 7.191080 11.636201 15.913320 18.104494 6.778825 48.028280 142.273077 62.018125 -157.352607 -37.922574 18.412586 -7.034904 
-85.242438 76.857299 -154.009795 -166.039304 27.839547 173.199591 7.153163 4.457308 5.597757 35.004884 0.519916 -1.923104 -2.049447 2.826949 -3.240544 -0.000000 0.000000 0.000000 -13.959635 9.110326 12.848594 30.749142 0.945955 0.470390 -3.379779 -12.740191 -1.872257 -0.000000 0.000000 0.000000 6.526484 -6.515899 -2.497788 3.912491 -2.564832 2.879694 1.137734 -2.605532 1.877886 -6.375050 -1.313469 -1.751430 2.950700 4.888115 5.909725 -0.000000 0.000000 0.000000 6.410467 -11.821441 -18.661672 6.049660 -16.573780 -43.931715 138.052032 -59.531923 152.822598 -20.233561 -20.716323 20.480653 7.294669 9.568042 15.755889 19.245549 7.324737 48.571960 143.243740 62.306270 -158.455126 -37.992533 17.725723 -7.096726 
-83.652878 77.262163 -158.143568 -165.433397 31.076747 176.246666 12.515707 2.405877 1.992508 30.324741 -2.119137 -3.595472 9.792372 2.870211 -9.174713 -0.000000 0.000000 0.000000 -10.171717 6.488307 9.314520 19.943865 -1.671051 -1.722877 1.710153 -6.966984 2.651761 -0.000000 0.000000 0.000000 5.971486 -5.322588 -5.800694 4.239082 -3.335855 1.778602 1.343081 -2.684723 1.599493 -5.916300 0.846756 -1.418643 2.589251 3.602925 6.543475 -0.000000 0.000000 0.000000 6.099648 -10.850409 -18.079033 7.709179 -17.802989 -42.951287 140.116707 -59.959289 154.284165 -21.160918 -20.983703 17.498723 6.685458 7.440126 15.755214 20.046553 7.744601 49.504443 143.497126 62.914221 -158.138656 -37.022871 17.020158 -7.956040 
-81.801361 77.035600 -162.132096 -165.298821 33.611040 178.233584 12.445322 2.583891 1.458779 33.591354 -4.484694 -4.536210 19.954082 -2.653514 -15.515514 -0.000000 0.000000 0.000000 -6.856421 4.092517 8.234326 12.625376 -1.298586 -3.499459 5.753796 -2.287437 4.727124 -0.000000 0.000000 0.000000 5.128152 -3.884632 -7.992486 4.634410 -3.907561 1.085343 0.974517 -2.674550 1.290207 -4.808029 1.599072 -1.839509 2.373470 3.060586 7.430061 -0.000000 0.000000 0.000000 6.067992 -10.275094 -17.638381 8.640605 -17.857795 -42.839731 140.941703 -60.843828 153.982454 -22.559393 -20.701304 15.710518 6.666264 6.287096 15.479962 20.113663 7.045512 50.306656 144.767274 63.401806 -158.444630 -38.512975 15.875503 -6.103104 
-79.987144 75.954741 -165.869653 -166.215464 35.447093 179.680867 8.062843 0.791165 2.430104 41.496808 -4.217657 -7.359231 27.872539 -5.194839 -17.925910 -0.000000 0.000000 0.000000 -6.157418 4.574360 8.435620 12.470781 0.403937 -2.685746 8.197227 -2.288645 0.912562 -0.000000 0.000000 0.000000 3.762454 -2.819547 -8.974880 4.748222 -3.982544 0.906024 0.858260 -2.688174 0.708040 -4.701381 1.086117 -2.381205 3.060920 3.180568 7.735472 -0.000000 0.000000 0.000000 5.947075 -10.047435 -17.879544 9.203050 -17.782764 -42.756569 141.207541 -61.972501 153.800138 -23.790665 -20.347204 15.093164 6.921973 6.233311 15.564162 19.806929 7.190957 49.763916 144.145713 63.371448 -158.132206 -39.711701 15.046359 -5.089416 
-78.157026 74.213457 -169.480801 -166.732710 37.004813 179.716331 3.120707 -1.464993 4.286396 50.956908 -2.117139 -10.244385 23.646611 1.240994 -15.339856 -0.000000 0.000000 0.000000 -6.663158 5.735761 10.047462 20.152159 1.213852 -1.768119 -2.774418 -5.458609 -6.812064 -0.000000 0.000000 0.000000 3.044614 -1.975662 -8.835584 5.174931 -3.775603 1.076550 0.584066 -2.611454 0.223328 -5.470494 0.522184 -2.526981 3.593289 2.817889 7.074361 -0.000000 0.000000 0.000000 5.589821 -10.644371 -18.821460 9.191195 -16.635724 -43.044375 139.770365 -62.216201 152.745609 -24.748194 -19.151208 15.095870 7.086960 7.895168 16.424894 18.853217 6.623329 47.890688 141.676823 62.686207 -156.778433 -39.406375 15.034533 -5.518908 
-76.351136 72.448742 -172.781432 -167.395844 38.517865 178.855736 -2.461135 -3.914165 6.541462 58.569123 -1.580446 -11.614126 15.848362 6.334245 -9.822600 -0.000000 0.000000 0.000000 -8.679121 8.136653 13.083317 28.947544 2.636316 -2.101091 -13.169601 -8.324777 -12.122054 -0.000000 0.000000 0.000000 3.106568 -1.432291 -8.045433 4.561923 -3.234174 1.455499 1.041691 -2.414531 -0.186942 -7.483592 0.023067 -1.654974 4.770430 1.777006 5.881458 -0.000000 0.000000 0.000000 5.205549 -11.173165 -20.633766 9.201066 -15.705495 -43.014564 136.616671 -62.556255 150.688641 -25.181333 -18.402619 15.382125 6.517331 10.331426 18.460796 17.454802 7.278902 45.074818 137.026929 63.330175 -154.105448 -38.590769 15.916642 -6.410392 
-74.671978 71.549898 -175.831795 -167.576179 39.908041 177.818018 -8.043642 -5.806541 7.296290 62.458933 -2.104701 -11.029575 5.948393 9.596956 -2.259139 -0.000000 0.000000 0.000000 -9.295159 8.668178 13.814745 35.397508 5.306937 -0.483269 -19.401142 -9.958409 -15.796115 -0.000000 0.000000 0.000000 4.355435 -0.838211 -7.264095 4.154120 -3.037430 1.640651 1.612973 -2.054293 -0.325540 -10.927423 -0.751679 -1.338960 5.255771 0.649018 5.534192 -0.000000 0.000000 0.000000 5.450831 -11.772521 -21.121760 8.345996 -14.276479 -44.670568 132.544479 -62.311064 147.630265 -26.374305 -17.242390 16.428225 6.305055 13.074266 18.978115 14.003352 8.973719 44.474685 129.958234 63.522317 -149.484015 -35.486442 15.525979 -8.262460 
-73.104358 71.731412 -178.967345 -168.057675 41.679449 -179.871669 -12.545614 -7.639834 2.143250 59.341307 -1.657759 -9.544815 -2.170075 14.415946 4.308400 -0.000000 0.000000 0.000000 -7.465246 4.077172 8.482810 39.448415 5.012156 -1.210827 -23.247241 -3.476721 -12.628438 -0.000000 0.000000 0.000000 4.928143 1.637192 -9.214159 3.900143 -3.652388 0.997642 2.312016 -1.327971 -0.448443 -13.182334 -0.219391 -1.029995 4.344050 -3.402558 5.731100 -0.000000 0.000000 0.000000 4.935161 -11.671161 -19.745932 9.107099 -13.685172 -46.312759 132.801050 -62.398889 147.808555 -28.319639 -17.179602 17.920870 5.244877 13.690333 18.994978 11.067644 10.152329 46.460091 130.247520 62.824472 -151.204112 -34.630429 15.805645 -9.146599 
-71.098316 72.806162 -182.003725 -169.840094 43.163170 -176.783374 -15.245055 -11.914556 -2.928266 48.433275 -1.375286 -8.486947 -5.742212 18.844315 8.094274 -0.000000 0.000000 0.000000 -6.275016 0.524169 4.034289 40.637040 4.350644 -2.828267 -23.223311 0.860471 -8.289484 -0.000000 0.000000 0.000000 3.953356 4.549086 -11.689107 3.740505 -3.920312 0.603633 2.782862 -0.933179 -0.634098 -14.058595 0.440790 0.021320 4.048210 -7.990871 5.967425 -0.000000 0.000000 0.000000 4.821379 -10.039461 -18.724086 10.902365 -13.692500 -45.983134 135.309401 -62.282438 149.922279 -30.361584 -17.649215 15.960721 4.450763 12.780240 20.029092 10.402255 12.001130 47.025501 132.481574 61.969567 -154.225348 -35.051636 16.448149 -9.910440 
-68.777055 74.323660 -185.163224 -171.341517 45.080861 -174.668107 -15.514290 -15.095477 -6.600787 33.501541 -3.294796 -4.716731 -5.462272 21.405804 9.337882 -0.000000 0.000000 0.000000 -3.957017 -1.425933 0.850080 39.320062 4.931271 -4.476404 -20.128177 3.358103 -3.721182 -0.000000 0.000000 0.000000 2.529811 6.615896 -13.207347 3.610652 -3.630130 -0.059840 3.227414 -0.461908 -0.744769 -13.954473 0.460128 0.857313 4.326893 -10.922350 6.548995 -0.000000 0.000000 0.000000 5.143705 -7.805769 -17.544710 12.749253 -13.128842 -45.935575 136.759577 -61.909306 151.074329 -31.705559 -18.077265 14.686783 3.902934 11.637004 19.851081 10.536242 13.157001 47.166108 134.176333 61.277158 -154.741741 -35.022116 16.534890 -9.244883 
-66.110891 75.689876 -188.367057 -170.332389 46.883121 -176.724055 -13.507143 -14.674527 -5.714439 22.054527 -6.048031 -1.450859 -1.140433 18.035132 4.915849 -0.000000 0.000000 0.000000 0.825832 -3.107522 1.141532 36.322359 4.854876 -6.291357 -11.705010 4.879550 -1.087348 -0.000000 0.000000 0.000000 2.947722 7.793682 -11.956657 2.662547 -3.130030 -0.940466 3.736848 -0.017768 -0.345028 -13.277558 -1.026674 0.443381 4.761874 -11.499348 7.541414 -0.000000 0.000000 0.000000 5.784802 -6.785820 -16.509636 14.054874 -11.428222 -46.878992 137.445136 -61.618205 151.918803 -32.035000 -18.853557 14.107796 3.955945 11.545655 18.173088 11.019076 12.216805 47.505052 137.845754 60.457969 -156.049164 -36.169361 16.979740 -7.552509 
-63.562071 76.804423 -191.607296 -169.338531 48.937837 -178.596494 -10.684164 -16.785397 -5.147120 10.971777 -6.192519 0.215591 9.795210 17.344476 -2.935647 -0.000000 0.000000 0.000000 4.014498 -3.223762 0.791754 34.798694 3.905197 -6.424450 -1.264021 5.477198 1.686289 -0.000000 0.000000 0.000000 3.122475 8.653387 -10.847314 2.397603 -2.455203 -1.287521 3.866940 0.180105 -0.073784 -12.772387 -2.308064 0.144765 4.774460 -11.767319 8.075263 -0.000000 0.000000 0.000000 6.261945 -5.586597 -15.730314 15.044547 -10.886415 -47.718208 138.034025 -61.774233 153.304673 -31.957909 -18.519985 13.211526 3.790836 11.125209 17.051038 12.331176 12.275707 46.735943 141.739144 60.136934 -158.119207 -37.162542 17.225389 -7.421864 
-61.047518 77.488858 -194.829547 -168.419780 51.312146 179.593497 -8.343032 -18.571300 -4.557037 4.264813 -7.589351 1.305598 13.507324 16.213324 -5.274529 -0.000000 0.000000 0.000000 4.344678 -2.645048 0.178231 37.508725 2.257509 -5.733925 8.211973 3.850061 5.153697 -0.000000 0.000000 0.000000 2.899065 8.604239 -10.045189 2.549684 -1.635873 -1.024421 3.461137 0.308407 0.166196 -11.894040 -3.842355 0.144200 4.628276 -10.882463 8.181696 -0.000000 0.000000 0.000000 7.045845 -4.656698 -15.517424 15.260660 -10.389559 -48.402911 137.255841 -61.774570 152.899264 -30.677243 -18.524701 13.408040 3.683879 10.841354 16.290634 13.643141 12.366845 45.979484 144.250719 60.143438 -159.563817 -37.658141 17.636917 -6.780871 
-58.415639 77.620482 -197.794437 -166.815603 53.454966 176.773391 -5.569923 -21.056987 -3.791327 0.909315 -11.580887 2.712397 17.055356 16.650677 -5.787657 -0.000000 0.000000 0.000000 2.448277 0.231990 1.061435 44.118301 1.335915 -4.393063 18.130527 -0.434394 7.465547 -0.000000 0.000000 0.000000 3.069378 7.234803 -9.173578 3.109590 -0.741006 -0.323506 2.705315 0.183793 0.339609 -11.770066 -5.336681 0.272943 4.835822 -8.903201 8.176956 -0.000000 0.000000 0.000000 7.757392 -4.416217 -16.251406 15.423453 -9.902673 -47.936234 137.066074 -61.554053 153.210946 -30.188973 -18.357486 13.852612 3.156289 11.110434 16.354778 15.287856 12.810543 45.454815 144.876033 60.390208 -160.431595 -37.023641 18.233807 -6.805193 
-55.671161 77.056938 -200.510550 -163.564580 54.829208 172.169503 -7.317588 -16.091266 -2.923193 11.707173 -9.989653 1.108726 8.752802 11.494415 -2.148383 -0.000000 0.000000 0.000000 0.074062 2.298597 3.018591 51.548056 0.855719 -2.823193 25.421476 -4.305835 10.261173 -0.000000 0.000000 0.000000 4.701008 4.936148 -8.224922 3.745827 -0.495288 0.720634 1.497587 0.139860 0.454080 -11.812755 -7.117648 0.168855 4.385236 -6.207737 8.231937 -0.000000 0.000000 0.000000 8.183708 -5.443913 -17.353346 15.000318 -8.486280 -46.556157 138.672876 -61.344923 154.534491 -30.136163 -18.886758 13.673799 2.938759 11.761543 17.019888 16.303886 12.564911 45.596441 145.459728 60.830892 -161.929390 -36.316817 17.042614 -4.812530 
-52.953351 75.773108 -203.114009 -159.504201 56.539469 165.947113 -8.509185 -9.853324 -0.361794 26.629869 -8.190629 0.081851 -9.795134 7.570109 3.803272 -0.000000 0.000000 0.000000 -3.436035 3.838857 6.248419 60.710030 3.127054 -1.555460 17.654696 -6.492855 7.778855 -0.000000 0.000000 0.000000 7.239372 3.047226 -5.902347 2.667105 -0.641034 1.453020 1.447542 0.312082 0.387536 -11.934969 -6.854369 0.443622 4.282128 -5.645865 7.654380 -0.000000 0.000000 0.000000 7.472041 -7.220137 -17.930694 14.289041 -7.193963 -45.043682 139.566107 -61.606623 154.028368 -30.410481 -19.890265 13.227287 3.241025 12.672105 17.588303 16.032158 11.104648 46.778795 144.220688 61.033371 -161.022567 -35.413409 17.233055 -5.872149 
-50.557745 74.613702 -205.412889 -157.362023 58.556085 162.252697 -10.178723 -6.155604 1.756894 37.434215 -6.650013 -1.013224 -18.780687 4.930177 7.561982 -0.000000 0.000000 0.000000 -9.210781 6.011740 8.682729 67.874196 6.101671 0.515655 7.253021 -7.807552 2.408177 -0.000000 0.000000 0.000000 8.936305 1.208498 -4.510160 1.860499 -0.793724 2.233934 1.583997 0.444622 0.080221 -12.785271 -5.384531 1.106908 4.617228 -6.414762 7.104230 -0.000000 0.000000 0.000000 5.929032 -9.323467 -18.951254 13.391658 -8.118553 -42.400733 138.807965 -63.357030 151.901307 -29.453806 -19.712166 14.002902 3.815038 13.704609 19.244847 15.878768 10.250884 47.401264 140.194088 62.163043 -158.192138 -33.989013 17.134912 -7.855984 
-48.039332 74.166799 -207.272100 -155.351813 60.501744 158.341043 -10.713644 -2.521976 5.158308 45.206597 -5.999781 -1.281359 -22.178248 2.564149 6.947722 -0.000000 0.000000 0.000000 -14.460802 7.842331 12.351654 69.497371 6.171460 2.351621 -0.370893 -11.178547 -3.412264 -0.000000 0.000000 0.000000 9.812545 -0.580577 -3.189525 3.850195 -0.899681 3.081907 0.111990 0.080375 0.393625 -12.828937 -4.713624 0.941013 2.894580 -5.351125 7.285621 -0.000000 0.000000 0.000000 5.480807 -12.924203 -20.095952 11.408363 -9.107849 -41.054522 136.793866 -63.370083 150.618508 -26.215561 -18.039806 17.112512 5.054663 16.129703 19.921781 15.590497 9.034212 48.512317 138.358816 63.029104 -157.276975 -34.781338 17.116578 -10.589489 
-45.281842 74.272305 -209.093928 -152.364799 62.722126 153.403996 -8.658083 2.486604 8.630202 48.123154 -4.079796 -0.339299 -22.644246 -0.173155 4.674442 -0.000000 0.000000 0.000000 -17.582866 8.672612 15.340922 65.364047 4.653761 3.674599 -6.965264 -14.622628 -8.926591 -0.000000 0.000000 0.000000 11.097975 -2.987212 -0.992969 4.231980 -0.851965 3.148748 -0.510868 -0.502648 0.940456 -11.808234 -4.942364 -0.052495 1.982259 -2.352849 7.563668 -0.000000 0.000000 0.000000 5.698347 -14.585537 -20.166158 8.578734 -10.256048 -42.261312 136.790081 -61.324405 151.945606 -27.381036 -19.494850 16.965691 6.364486 17.160605 18.365464 15.321459 7.617034 49.275783 138.904727 62.547590 -156.767981 -37.103910 17.767477 -8.825996 
-42.465800 74.642062 -210.956645 -152.205513 66.312338 152.857376 -3.712078 3.135440 7.657799 43.037192 -2.411983 -0.377303 -21.926292 0.874269 4.384078 -0.000000 0.000000 0.000000 -21.332343 8.623797 15.051308 58.257165 2.341883 4.190296 -7.491013 -15.479183 -9.398844 -0.000000 0.000000 0.000000 10.104781 -4.720823 -0.364396 3.859763 -0.840803 3.081642 -0.000055 -1.105459 1.113799 -11.383908 -4.473698 -0.629963 1.888467 -0.510707 7.046431 -0.000000 0.000000 0.000000 5.431174 -13.507612 -19.558252 6.258008 -13.832669 -44.240579 139.288261 -59.705024 155.483884 -29.712858 -20.640397 15.027775 6.857841 14.989092 17.187688 15.984408 7.978851 48.493241 139.556945 61.591173 -156.685609 -37.230594 17.998832 -6.173937 
-39.135036 75.194722 -212.815762 -149.910764 69.983967 151.632631 3.170541 1.836987 4.665631 35.569499 -1.793998 -0.869556 -16.903913 4.009987 3.257024 -0.000000 0.000000 0.000000 -21.565206 8.148773 13.377877 47.529502 -0.651484 3.327569 -4.870160 -14.751923 -7.279593 -0.000000 0.000000 0.000000 8.641489 -5.486376 -1.212401 4.138547 -0.990343 2.829602 0.715600 -1.472250 1.376611 -11.214629 -3.638766 -1.071208 1.796067 0.208432 6.764079 -0.000000 0.000000 0.000000 4.958621 -12.429719 -18.586185 4.790575 -17.666056 -45.794903 140.863046 -58.457655 157.756802 -29.674536 -21.248757 14.783792 7.015370 12.730485 16.294410 17.468149 8.526311 48.390844 140.791505 61.410970 -157.880634 -37.853617 17.767313 -5.736912 
-35.475433 75.778079 -214.694691 -145.309000 73.643176 149.432212 10.078942 -1.448471 0.502178 27.230197 -3.000841 -1.901660 -8.091465 8.895700 1.595302 -0.000000 0.000000 0.000000 -19.380167 7.371526 10.714549 34.534064 -3.831881 1.770737 -3.021882 -12.830892 -5.060284 -0.000000 0.000000 0.000000 7.357095 -5.414074 -3.268144 4.036045 -1.340215 2.256594 1.558977 -1.662526 1.566731 -11.149589 -2.381212 -1.138696 1.892059 0.018533 6.890560 -0.000000 0.000000 0.000000 4.517792 -11.454224 -17.733165 4.706895 -21.109428 -45.978606 141.916174 -57.681279 159.338217 -28.912196 -21.369355 14.905450 6.876422 10.608018 15.967958 19.366494 9.128128 48.621501 141.496329 61.776948 -158.664084 -38.641231 17.037891 -6.342980 
-31.555736 76.200902 -216.416478 -139.858108 76.035038 146.269092 13.820559 -1.346089 -1.186974 24.108678 -4.637217 -2.891773 3.630414 7.656296 -4.963399 -0.000000 0.000000 0.000000 -15.788644 4.623459 8.922072 22.179772 -6.399156 -0.429884 -0.263158 -8.993578 -2.579306 -0.000000 0.000000 0.000000 6.793975 -5.083608 -5.238701 3.702188 -2.155970 1.613539 1.944442 -1.881650 1.819184 -10.889181 -1.257395 -1.156160 2.007326 -0.232040 7.610163 -0.000000 0.000000 0.000000 4.310739 -10.787526 -17.085213 5.266482 -22.538863 -45.569697 142.982533 -57.393178 160.241340 -28.755994 -21.285077 13.592357 6.693830 8.736129 15.498483 20.372629 8.519522 49.404153 142.362720 62.308463 -158.458113 -39.114231 15.495358 -4.567554 
-27.618551 76.160640 -217.817211 -135.284749 77.464901 142.864460 13.233150 1.852181 0.318229 28.803975 -6.346555 -3.450024 13.317818 -0.816064 -12.192186 -0.000000 0.000000 0.000000 -12.570562 2.096478 9.080366 14.657508 -6.973453 -2.397975 3.266831 -6.386680 -2.307556 -0.000000 0.000000 0.000000 6.541554 -4.755661 -6.168232 4.064186 -3.071861 1.163261 0.998364 -2.096623 1.822499 -9.699969 -0.988117 -1.511273 1.243452 -0.099282 8.938350 -0.000000 0.000000 0.000000 4.691339 -10.805538 -16.795867 5.674657 -21.583714 -45.102995 143.783961 -57.640343 159.834231 -29.232819 -20.967998 12.534130 7.298491 8.319729 14.723707 19.914775 7.546655 50.746361 143.866085 62.820629 -158.031649 -38.668270 16.025700 -6.724999 
-23.920323 75.373960 -219.046044 -129.146519 78.819689 137.783475 10.261785 2.136915 1.784077 36.344363 -7.611233 -4.940246 22.755330 -7.148195 -16.234021 -0.000000 0.000000 0.000000 -10.783941 1.585641 9.240982 14.267627 -6.866301 -2.350332 4.770853 -5.671937 -5.265451 -0.000000 0.000000 0.000000 6.270438 -4.075831 -7.243011 4.549471 -3.402677 1.072930 0.334969 -2.308734 1.650936 -9.237813 -1.073288 -1.818403 1.273171 -0.330916 9.532486 -0.000000 0.000000 0.000000 4.715098 -10.999636 -17.101862 6.488758 -20.932711 -44.782189 144.086083 -58.877359 159.587984 -29.677521 -19.789893 11.852816 7.336497 8.561714 14.953083 19.644429 7.096743 50.557010 144.397579 63.019523 -158.287994 -39.078804 15.634141 -7.068657 
-20.577267 73.775536 -220.006084 -122.989496 80.262214 131.500029 5.260314 0.803395 4.286250 46.645403 -2.888632 -8.325073 28.208122 -3.993789 -18.223394 -0.000000 0.000000 0.000000 -10.698818 3.357679 10.428330 20.145261 -5.352157 -0.885245 -4.465359 -7.634584 -11.719192 -0.000000 0.000000 0.000000 5.580084 -3.510005 -7.227640 5.137604 -3.368026 1.395481 -0.115348 -2.431358 1.188040 -9.222527 -1.386243 -2.082565 1.937392 -0.500332 9.002808 -0.000000 0.000000 0.000000 4.700733 -11.342705 -17.843746 6.807885 -19.570188 -45.129025 142.532596 -60.554434 157.674578 -30.536666 -17.967550 11.734869 7.470718 9.792775 15.805266 18.454879 6.993225 48.701503 142.725300 62.462540 -157.149497 -38.940172 15.843857 -8.335756 
-17.501721 71.872383 -220.675278 -117.427464 81.739352 124.895680 -0.860490 -1.468366 7.377271 57.256900 -0.016082 -11.241963 20.700662 3.753511 -13.988634 -0.000000 0.000000 0.000000 -12.391050 6.000156 13.252175 27.335800 -1.764905 -0.769388 -14.702763 -11.619468 -16.688797 -0.000000 0.000000 0.000000 4.886768 -2.834429 -6.535518 4.791439 -3.030855 2.018085 0.186675 -2.505550 0.805929 -9.609336 -2.644330 -2.134935 2.703131 -0.368702 7.687396 -0.000000 0.000000 0.000000 4.842230 -11.817824 -19.765656 6.518958 -17.513546 -45.230426 137.854622 -62.836870 152.292763 -29.818335 -15.894702 12.562941 7.210598 11.654452 17.819281 16.965008 7.344484 45.783726 138.848533 62.069964 -155.112544 -37.340784 16.099701 -9.900929 
-14.539008 70.800459 -221.269894 -106.689291 82.565243 113.332703 -6.542769 -3.945772 8.407577 64.216107 0.380568 -11.778632 13.044734 8.151568 -9.141440 -0.000000 0.000000 0.000000 -13.585093 7.135801 14.534161 34.687484 -0.216912 0.460922 -21.270821 -12.700210 -18.322916 -0.000000 0.000000 0.000000 5.329945 -1.919000 -6.091436 4.772185 -3.024268 2.559778 1.156419 -2.598704 0.654048 -12.191893 -2.555472 -1.354831 3.533187 -1.342175 6.205161 -0.000000 0.000000 0.000000 5.082746 -12.593402 -21.757355 6.720391 -15.146919 -46.210616 128.316572 -64.570239 143.678048 -24.918988 -13.567804 15.477904 6.240797 14.097044 20.038034 13.851666 8.996267 42.815538 133.776138 62.112877 -152.428606 -35.728292 15.924157 -11.934950 
-11.479276 70.762151 -221.700191 -88.690361 82.796626 95.306199 -11.893457 -3.904335 7.707259 66.158197 0.452955 -10.000816 6.747974 10.849780 -4.880516 -0.000000 0.000000 0.000000 -10.085844 5.096131 13.200223 35.696930 2.631487 0.128945 -24.803594 -10.074059 -17.194962 -0.000000 0.000000 0.000000 6.637708 -0.580403 -6.174622 5.165628 -3.618616 2.227575 0.799973 -2.146890 0.843899 -13.769209 -2.942477 -1.542698 2.581010 -1.637264 6.568851 -0.000000 0.000000 0.000000 5.722138 -12.966619 -21.278487 8.086704 -10.984324 -48.483818 124.464357 -64.630591 139.601493 -25.182965 -12.271339 19.529324 5.416251 16.572828 19.242124 8.961369 10.503218 44.450344 132.763291 61.192404 -152.699529 -34.108292 15.963624 -13.180838 
-8.002121 71.414155 -221.808243 -75.533787 82.737359 82.544496 -15.978535 -4.669507 5.896265 62.654988 2.446097 -8.341081 1.456832 12.993485 -1.689799 -0.000000 0.000000 0.000000 -4.983639 2.961953 11.708974 33.553883 4.611442 -1.558454 -25.953953 -7.349193 -14.178858 -0.000000 0.000000 0.000000 6.980714 1.628704 -7.142852 4.339700 -4.193561 1.857069 1.566639 -1.603847 0.857675 -14.387447 -2.624759 -0.703941 2.895403 -4.455122 6.824808 -0.000000 0.000000 0.000000 6.680701 -11.565013 -19.570480 10.169337 -8.105109 -48.532811 126.931407 -64.097395 140.464470 -30.497243 -13.364385 17.025775 4.350184 16.403357 18.934161 5.297042 12.572336 46.473186 133.107726 59.018660 -154.292483 -34.680268 16.033874 -13.501873 
-4.404425 72.576499 -222.121787 -43.649186 83.538161 53.955666 -18.337053 -8.375766 -0.344701 50.312849 2.593245 -8.826484 -2.483833 16.385536 3.167604 -0.000000 0.000000 0.000000 -4.305704 -0.579209 6.019564 34.951169 3.757602 -3.003968 -24.335203 -1.857075 -6.833955 -0.000000 0.000000 0.000000 4.399790 4.836605 -10.753568 3.758999 -4.034134 1.276076 2.627059 -0.738694 0.355336 -14.324627 -0.752280 0.867223 3.388051 -9.511752 6.550925 -0.000000 0.000000 0.000000 6.935762 -8.803207 -17.451571 13.147424 -7.433561 -47.130017 129.530496 -63.715978 141.261853 -30.532516 -14.640700 15.248540 3.730459 14.750849 19.530755 4.013154 15.155696 46.219413 134.564051 57.236331 -156.244526 -35.647750 16.541664 -13.876416 
-0.346591 73.677880 -222.046590 -30.049190 81.258783 40.215831 -18.104429 -6.101641 -1.265825 39.761802 2.926987 -4.312024 -2.927180 13.328888 2.664253 -0.000000 0.000000 0.000000 0.297742 -5.125494 4.732614 34.249265 3.711090 -5.551066 -19.888278 3.382812 -0.738202 -0.000000 0.000000 0.000000 4.468942 7.034515 -10.584384 2.752764 -3.598689 0.111138 3.260998 0.151299 0.575656 -13.116875 -0.799615 0.928291 3.729519 -11.510067 7.290156 -0.000000 0.000000 0.000000 7.409748 -7.720669 -15.438542 15.440122 -4.871709 -47.206515 132.092963 -62.906900 142.508738 -29.763572 -15.597404 14.371098 3.843943 14.701288 17.604831 3.195895 14.062149 46.642613 138.611745 55.574559 -158.235153 -35.663686 17.132181 -12.781274 
3.583111 74.627292 -222.009873 -23.245902 79.243666 32.861589 -15.546232 -7.430139 -2.315844 25.997983 -0.122804 -1.150251 -2.278782 11.431105 2.933521 -0.000000 0.000000 0.000000 3.703507 -6.620219 3.896086 34.131029 4.095537 -6.138837 -11.389319 5.297981 2.998932 -0.000000 0.000000 0.000000 4.553683 8.335115 -9.943838 2.472545 -3.089429 -0.555136 3.605104 0.493944 0.717292 -12.697150 -1.824448 0.817697 3.912511 -11.830258 7.816314 -0.000000 0.000000 0.000000 7.892714 -6.882725 -14.475252 17.207215 -3.614090 -47.264441 133.816290 -62.858056 144.533369 -28.497929 -15.893339 13.934613 3.652268 14.722364 15.946523 4.235307 13.909369 46.426171 142.167885 55.185291 -160.550786 -35.432687 17.253360 -10.311946 
7.447218 75.123286 -222.204638 -20.407785 77.556667 28.762953 -12.657896 -9.898237 -2.379382 14.828876 -1.918502 0.761961 2.002169 10.472757 -1.139959 -0.000000 0.000000 0.000000 5.634278 -5.795158 3.447268 35.743018 3.786512 -4.943225 -1.683940 4.737368 4.943511 -0.000000 0.000000 0.000000 4.925675 8.223282 -8.453008 2.302839 -2.680550 -0.606953 3.757459 0.452375 0.791838 -12.585417 -3.104303 0.594799 3.905397 -10.924306 7.947364 -0.000000 0.000000 0.000000 8.421515 -6.113114 -14.058397 18.170156 -3.180263 -48.382801 133.374563 -62.722370 144.874715 -26.707758 -16.189188 14.101926 3.555851 14.551018 14.294990 5.939160 14.110949 46.147871 145.017266 55.668435 -162.125516 -35.886522 17.733876 -8.910654 
11.189018 75.030106 -222.247434 -15.840994 74.851103 22.930707 -9.084919 -13.128458 -1.846287 6.790314 -6.344187 1.886963 3.579637 11.608157 -2.083723 -0.000000 0.000000 0.000000 4.082036 -2.210890 3.620739 41.792693 3.990596 -3.473977 7.138080 0.488855 6.209316 -0.000000 0.000000 0.000000 4.939292 7.174724 -7.712339 2.977045 -1.504377 -0.104243 3.434237 0.549498 0.947647 -13.027784 -4.402233 0.720910 3.858981 -9.214377 8.063276 -0.000000 0.000000 0.000000 8.778161 -5.477787 -14.545028 18.598854 -3.285273 -48.804889 132.793298 -61.969696 144.826049 -24.530127 -15.926935 16.808756 3.154881 14.627014 14.133660 8.250735 14.470070 45.507998 145.745437 56.547283 -162.326615 -35.118541 17.779614 -8.713113 
14.676125 74.253136 -222.164345 -17.706031 73.341984 22.743943 -8.079008 -13.248501 -1.641814 8.617872 -8.930613 3.182196 4.933772 9.251403 -1.201162 -0.000000 0.000000 0.000000 0.965086 0.894088 5.510862 50.158308 3.320588 -1.452889 15.364927 -3.750633 7.386440 -0.000000 0.000000 0.000000 6.709752 4.999643 -6.453774 3.826831 -1.018750 0.805484 2.240324 0.227538 1.079808 -13.794720 -5.942199 0.477022 3.214433 -6.992694 8.427334 -0.000000 0.000000 0.000000 8.992417 -6.251349 -15.803229 18.278893 -3.408883 -48.249548 133.435877 -61.510867 146.291386 -23.625032 -16.078595 18.095677 2.742812 15.042356 14.790352 10.628115 13.810095 45.502076 145.784592 57.685408 -162.562510 -34.388986 17.664177 -7.694627 
18.070330 72.687495 -221.984529 -19.966894 71.332558 23.045176 -9.656519 -10.554200 -0.629840 22.496937 -8.069228 2.570152 -9.468906 8.223976 5.402976 -0.000000 0.000000 0.000000 -3.628685 2.941446 7.129013 60.016698 2.771208 0.959039 15.283782 -10.318903 6.587692 -0.000000 0.000000 0.000000 9.078242 3.014571 -5.156510 3.548697 -0.735488 1.663656 1.662224 0.042183 1.024928 -14.700714 -7.218207 0.313948 2.844368 -4.922739 8.113585 -0.000000 0.000000 0.000000 8.790295 -7.540052 -17.221977 16.853822 -3.464807 -46.307576 134.973020 -61.053512 147.215445 -23.927572 -16.878937 18.996067 2.764826 15.183322 15.904466 12.649335 12.517899 45.552601 144.331911 58.978256 -161.620283 -33.944768 17.387950 -7.050240 
21.084452 71.100748 -221.695232 -19.186630 68.997222 21.810944 -11.221807 -10.436287 -0.563199 32.824895 -7.287082 0.882662 -17.767310 8.366645 10.137815 -0.000000 0.000000 0.000000 -10.709018 5.368673 7.480456 69.651270 3.734187 3.111076 4.484158 -15.096823 -0.844925 -0.000000 0.000000 0.000000 10.552376 1.573345 -5.043391 3.184057 -0.611766 2.342881 1.301644 0.141299 0.512639 -15.849673 -6.325365 0.825880 2.801121 -5.720094 7.700224 -0.000000 0.000000 0.000000 7.047690 -9.537959 -18.874158 15.672922 -5.488806 -43.308971 134.568747 -62.336354 146.578684 -23.352537 -17.365511 19.652057 3.268261 15.990785 18.456520 14.405702 10.980367 45.453040 138.677859 61.258398 -157.851869 -32.188324 16.972601 -7.825026 
23.758280 70.258987 -220.704246 -18.535513 66.603758 19.584098 -11.826638 -7.575983 1.714492 41.247255 -6.174863 0.612337 -22.524054 6.274911 10.815524 -0.000000 0.000000 0.000000 -17.275458 7.429198 10.476240 73.626576 3.894241 4.087215 -4.066000 -16.302850 -7.195671 -0.000000 0.000000 0.000000 11.045597 0.253507 -4.306713 4.857652 -0.439043 2.884006 0.017696 0.078429 0.547426 -16.080876 -5.264181 0.799658 0.914667 -5.978803 7.735580 -0.000000 0.000000 0.000000 6.014408 -13.378529 -20.119958 13.145692 -7.731943 -42.041006 130.226348 -63.093268 143.687239 -20.121750 -15.668341 22.765828 4.637612 18.262115 19.770160 14.423100 9.307946 47.175621 131.230866 63.986972 -151.938060 -31.096578 16.083819 -10.983784 
26.671693 70.347905 -219.358683 -20.100135 63.594740 18.324019 -9.616555 -1.681468 5.862344 46.078454 -4.679822 1.667884 -24.791879 2.934098 8.607782 -0.000000 0.000000 0.000000 -20.170307 8.767062 14.147338 70.538437 3.367082 4.719412 -11.383706 -17.048975 -11.862778 -0.000000 0.000000 0.000000 12.663761 -1.906061 -1.796457 5.305836 -0.096610 2.870715 -1.194206 -0.223291 0.957092 -14.650595 -5.367618 -0.388506 0.282717 -3.653228 7.771470 -0.000000 0.000000 0.000000 5.408681 -15.504046 -20.925655 9.834656 -9.274643 -43.500336 128.405393 -61.517844 143.849497 -17.372315 -15.301392 25.335910 6.022118 19.646611 19.142155 14.580010 6.911109 48.840789 131.459580 65.269047 -151.364003 -33.789027 16.602105 -11.002033 
29.692820 71.152472 -217.912436 -17.423856 60.748657 14.828686 -5.734638 0.899597 6.636637 43.770237 -2.530491 2.240717 -25.481256 2.701730 7.838907 -0.000000 0.000000 0.000000 -24.169407 8.346481 14.523866 65.007623 1.810240 5.034650 -13.040790 -16.634809 -12.639017 -0.000000 0.000000 0.000000 12.149304 -3.718816 -0.428700 4.068565 0.061350 2.585842 -0.421486 -0.875778 1.155768 -13.628246 -5.091427 -1.201874 1.039713 -1.598471 7.134784 -0.000000 0.000000 0.000000 5.154029 -14.413738 -20.440288 6.361872 -12.342057 -46.298263 130.727097 -60.004203 147.821802 -19.957754 -17.235310 23.775456 6.897843 17.301609 17.885666 15.131827 6.516609 49.224240 132.690229 64.451706 -150.895642 -34.857370 16.946094 -8.215332 
32.941753 72.526610 -216.308808 -13.985169 57.770843 12.245738 1.312897 -0.868328 4.422566 34.874954 -2.225902 1.265443 -23.328327 7.226921 8.676944 -0.000000 0.000000 0.000000 -26.263597 8.475365 13.038689 55.570258 -0.033693 5.063827 -11.912395 -16.656874 -11.143525 -0.000000 0.000000 0.000000 10.483586 -5.042657 -0.710205 3.602997 -0.075975 2.476125 0.587908 -1.469257 1.301583 -13.366736 -4.530757 -1.618159 1.432821 -0.186264 6.569179 -0.000000 0.000000 0.000000 4.620948 -12.685820 -19.831749 4.376533 -16.087934 -47.936958 133.378898 -58.971487 151.746844 -21.100051 -18.917161 23.555035 6.886557 14.336477 16.981963 16.849275 7.253030 48.835623 133.803621 63.887709 -151.301359 -35.550955 16.491060 -5.548141 
36.627424 73.880827 -214.489746 -12.199876 54.198932 11.882180 8.116095 -0.801524 2.326228 27.036814 -2.709667 0.360497 -16.144243 10.299604 5.755078 -0.000000 0.000000 0.000000 -24.750031 7.787999 11.220673 43.374014 -2.645701 3.090608 -9.741520 -15.476757 -8.678594 -0.000000 0.000000 0.000000 9.353482 -5.968774 -1.761520 3.652752 -0.370493 1.971799 1.163480 -1.721297 1.589322 -12.811107 -3.722693 -1.862639 1.198039 0.747126 6.876900 -0.000000 0.000000 0.000000 4.506421 -11.924567 -19.021477 4.271757 -18.216114 -47.391837 135.743477 -57.870402 154.502098 -20.812867 -20.309908 24.167099 6.979397 12.516496 16.002998 18.504095 7.224841 49.002978 135.925016 64.163032 -152.538901 -36.656706 15.768526 -4.367296 
40.712315 74.791759 -212.591457 -11.555397 50.810498 13.573357 14.709005 -2.448716 -0.894591 19.950941 -4.205446 -0.505774 -5.128166 14.101574 1.141479 -0.000000 0.000000 0.000000 -20.866159 6.377907 8.552353 30.833731 -5.554457 0.615926 -7.952292 -11.826295 -5.442153 -0.000000 0.000000 0.000000 8.720392 -6.017009 -3.760096 3.487253 -1.094845 1.247414 1.894997 -1.874478 1.710739 -12.572045 -1.914533 -1.449808 1.397248 0.092985 7.100548 -0.000000 0.000000 0.000000 4.358156 -11.169169 -18.213620 5.673902 -19.745225 -45.717831 137.810911 -57.771118 156.609093 -20.999739 -21.400778 21.952205 6.519165 10.525331 15.523801 20.049232 7.398429 49.477584 136.939884 64.976809 -152.540261 -36.908464 15.013598 -4.281063 
44.644198 75.127941 -210.425115 -10.742510 48.909846 13.856702 15.310304 1.172236 -0.073068 22.746635 -3.892445 -1.502499 5.936426 7.922223 -6.541162 -0.000000 0.000000 0.000000 -16.172657 4.461882 8.362903 18.842018 -6.254723 -2.484225 -6.034133 -9.663081 -4.375657 -0.000000 0.000000 0.000000 7.868543 -5.917187 -4.440172 3.527587 -1.998221 0.740252 1.554210 -2.151053 1.793545 -10.986195 -1.625983 -1.663228 0.983709 0.441179 8.122643 -0.000000 0.000000 0.000000 5.059885 -10.933493 -17.681858 6.037617 -18.915312 -44.775537 138.945479 -58.230632 156.482372 -22.656774 -21.137592 18.065291 7.188026 9.572301 14.658127 19.889559 6.534678 50.836690 137.659935 65.989183 -151.616647 -36.910488 14.383628 -4.172607 
48.209956 74.856204 -208.115220 -9.285919 46.765524 13.558312 12.460745 2.506490 1.217899 30.501638 -4.806697 -2.922972 15.715120 1.625448 -12.506001 -0.000000 0.000000 0.000000 -13.550724 3.062394 8.740498 14.288827 -5.599382 -4.343783 -4.810350 -8.119971 -4.508002 -0.000000 0.000000 0.000000 6.893554 -5.191172 -5.219710 3.419976 -2.489320 0.445010 0.927493 -2.206629 1.608563 -9.502571 -1.874754 -2.119895 0.579808 0.596955 9.126391 -0.000000 0.000000 0.000000 5.458718 -10.460281 -17.379293 6.437038 -17.912436 -44.826161 139.138648 -59.440624 155.074814 -24.950452 -19.712342 15.208844 7.711595 9.048954 14.168721 19.403696 5.780380 51.911580 137.528944 66.796031 -150.336733 -37.366796 13.250070 -3.564279 
51.235533 74.078196 -205.729127 -7.948964 44.472453 12.657371 7.456012 0.708522 2.860200 40.939368 -4.330142 -5.976899 27.619103 -1.995090 -15.315506 -0.000000 0.000000 0.000000 -12.746954 4.278103 9.719720 16.651223 -4.002654 -3.316958 -1.871602 -8.357536 -8.915828 -0.000000 0.000000 0.000000 6.018314 -4.302964 -5.550495 4.030775 -2.493164 0.696169 0.122860 -2.175178 1.170028 -9.325437 -2.720886 -2.802191 0.538152 0.980227 9.597011 -0.000000 0.000000 0.000000 5.291031 -10.443678 -18.020124 7.159033 -17.067412 -45.265631 138.123614 -61.252228 153.378716 -25.441826 -18.233334 14.036091 7.918529 9.788746 14.594353 18.658704 5.682934 51.462896 135.772031 67.251878 -149.452490 -37.875704 12.659314 -3.069779 
53.756684 72.809917 -203.292036 -6.751830 42.175837 10.893428 1.340925 -1.545663 5.412466 52.954350 -3.613561 -9.415793 28.199194 0.005155 -15.455297 -0.000000 0.000000 0.000000 -13.883053 6.652537 12.089053 24.188674 -1.844565 -2.420415 -12.876250 -10.923699 -13.991516 -0.000000 0.000000 0.000000 5.572826 -3.369107 -5.235289 4.527796 -2.091105 1.326619 -0.361804 -2.087934 0.622099 -10.504101 -2.913997 -2.709367 1.228932 0.335755 8.463826 -0.000000 0.000000 0.000000 4.971119 -10.788496 -19.167161 7.426203 -15.861119 -46.172993 133.706405 -63.113683 148.738740 -26.057200 -16.128768 13.728439 7.528688 11.488900 16.166445 17.327274 5.581810 49.260543 131.732961 67.234156 -147.149581 -37.690259 12.496724 -3.597531 
55.933869 71.718043 -201.038241 -5.366246 39.667135 8.590384 -5.326791 -3.959183 7.405839 62.826099 -4.638930 -11.663499 18.815007 2.897228 -10.797159 -0.000000 0.000000 0.000000 -15.971082 8.713917 14.350745 31.586568 0.170201 -0.868161 -19.460179 -12.756211 -16.672657 -0.000000 0.000000 0.000000 5.966048 -2.588121 -4.590548 3.082125 -1.704268 1.667604 0.938278 -2.049583 0.383704 -13.008309 -2.883181 -1.965306 2.824965 -0.200390 6.797092 -0.000000 0.000000 0.000000 4.916026 -11.453187 -21.071668 7.707466 -14.396653 -47.419079 126.164697 -65.305889 142.478649 -24.707263 -12.546706 13.913771 6.692277 14.049462 18.428538 14.820034 7.376760 45.376434 124.900973 67.955781 -142.670572 -35.864658 12.173883 -5.914583 
58.182210 71.325719 -198.841012 -4.779237 36.562822 7.489112 -11.306202 -4.347612 7.587755 68.178577 -5.429020 -11.344726 9.734437 5.699194 -4.739836 -0.000000 0.000000 0.000000 -13.540082 7.301444 13.864331 33.635395 3.634931 -0.502876 -23.202536 -10.855727 -17.239636 -0.000000 0.000000 0.000000 6.988498 -1.113405 -4.317666 3.519868 -2.043884 1.563774 0.655872 -1.513402 0.421862 -15.440086 -3.123759 -2.575444 2.404668 0.098542 6.455724 -0.000000 0.000000 0.000000 5.096863 -12.429458 -21.092273 8.560212 -11.215347 -49.458056 121.260180 -64.799484 137.645514 -22.317169 -10.145113 20.040261 6.220570 17.216971 17.893385 10.080326 8.605125 44.515375 123.268312 66.846697 -142.501631 -34.424303 12.127319 -7.829493 
60.435081 71.564931 -196.279442 -4.430895 34.651337 7.462695 -16.681602 -4.496175 6.064821 68.937423 -4.431647 -9.491985 1.451502 8.752610 0.678762 -0.000000 0.000000 0.000000 -8.506009 5.025564 12.219849 31.563348 6.301630 -1.952519 -24.623417 -8.290838 -15.781383 -0.000000 0.000000 0.000000 7.721787 0.797827 -5.265042 2.458843 -2.644500 1.038794 1.334787 -0.958272 0.368809 -16.661610 -3.102704 -2.034420 2.697403 -1.275339 6.465592 -0.000000 0.000000 0.000000 5.323614 -11.603066 -19.856404 9.792047 -8.274303 -48.832266 123.409969 -62.880026 137.900429 -25.373967 -11.183920 18.927369 4.859611 17.603730 17.233757 6.098513 10.429642 46.443757 126.152331 64.853138 -147.075789 -34.808917 12.621851 -7.033035 
62.737256 72.527957 -193.158424 -3.472035 33.366260 7.688506 -20.646053 -6.158861 3.419128 64.143620 -0.752394 -8.738622 -4.498118 11.413146 4.778991 -0.000000 0.000000 0.000000 -2.812155 4.888473 10.338676 26.334137 8.025773 -3.323148 -23.283317 -7.574237 -13.264764 -0.000000 0.000000 0.000000 6.902442 3.043198 -7.178601 1.551710 -2.849455 0.574373 2.269299 -0.274554 0.140840 -17.066304 -2.953019 -1.105445 3.366255 -4.315321 6.724270 -0.000000 0.000000 0.000000 6.195902 -10.112921 -17.863441 10.793314 -6.913842 -47.266867 126.145499 -61.354136 139.004930 -27.563909 -13.910568 14.520754 4.260196 16.962651 17.088623 4.023112 12.963813 48.613561 127.852685 62.689216 -151.344808 -35.562027 13.432868 -6.812129 
65.239811 73.963404 -189.758658 -2.211226 32.408870 8.112782 -23.201993 -8.055362 -0.263377 54.840349 2.320011 -7.026271 -6.253435 12.732012 6.622713 -0.000000 0.000000 0.000000 2.747703 4.779223 7.707547 20.698283 9.434906 -4.116864 -19.019786 -7.720444 -9.930563 -0.000000 0.000000 0.000000 5.569081 5.010450 -9.133537 0.532939 -2.846278 -0.089657 3.356625 0.330172 -0.053169 -17.082116 -3.283719 -0.665973 4.368373 -6.594130 7.126130 -0.000000 0.000000 0.000000 6.835129 -8.492112 -16.058487 11.919389 -7.044216 -46.093080 129.442708 -60.421993 141.120557 -28.174338 -14.696626 13.741823 3.975946 15.874814 16.590717 3.786264 15.143806 49.461819 130.416334 61.013289 -154.883613 -35.622900 14.011777 -7.455870 
67.823863 75.417715 -186.112881 -1.334543 31.715212 7.982081 -23.368542 -10.558874 -3.026942 41.941534 2.893919 -4.520386 -7.308095 13.235980 7.363799 -0.000000 0.000000 0.000000 6.813495 4.262075 6.070233 17.729103 10.106743 -4.496237 -11.399810 -8.418581 -5.728107 -0.000000 0.000000 0.000000 4.270049 6.796435 -10.204505 0.320080 -2.763682 -0.466672 3.818581 0.622438 -0.078312 -16.960286 -4.159752 -0.654823 5.002267 -7.851822 7.479364 -0.000000 0.000000 0.000000 7.123693 -7.129657 -15.160596 13.081129 -7.712924 -45.441429 132.031140 -60.234429 143.392665 -28.021771 -15.136853 14.643645 3.526744 14.636656 16.253949 5.147588 16.226333 48.283982 133.634636 59.883342 -157.324303 -36.162886 14.213844 -6.584539 
70.533532 76.402044 -182.432985 -1.100113 30.654329 7.193678 -21.046836 -12.756850 -4.050611 27.708684 1.662834 -1.908021 -7.056721 13.233797 6.645022 -0.000000 0.000000 0.000000 9.024242 2.958580 4.910080 18.574975 9.591379 -3.614887 -2.710867 -7.240496 -0.679733 -0.000000 0.000000 0.000000 3.380364 8.047882 -10.000751 0.230674 -2.518463 -0.613806 4.169246 0.750972 0.025482 -16.825356 -4.848814 -0.528328 5.256304 -8.564945 7.430327 -0.000000 0.000000 0.000000 7.137278 -5.806239 -15.026020 13.963857 -8.074776 -45.666629 132.720316 -60.421332 144.520406 -26.971242 -15.595906 14.609133 3.095559 13.424376 15.996754 6.834899 16.275996 46.360502 136.007248 59.429892 -157.707544 -35.782382 14.554264 -4.829202 
73.311490 76.610935 -179.027462 -1.259837 28.906152 6.188709 -18.171728 -13.473500 -4.407349 16.959697 -0.700436 0.843321 -6.868551 12.257138 3.965974 -0.000000 0.000000 0.000000 8.506036 1.143030 3.741544 24.677662 7.940492 -2.711762 4.709535 -3.912089 4.473147 -0.000000 0.000000 0.000000 3.289815 8.463013 -9.066323 0.045482 -2.038617 -0.647075 4.173607 0.968594 0.193952 -16.500442 -4.970719 -0.135542 4.930114 -9.021054 7.234463 -0.000000 0.000000 0.000000 6.755643 -5.012444 -15.026029 14.282851 -7.980072 -46.763566 131.820445 -60.940518 144.252492 -25.406012 -15.650891 14.016581 2.923950 12.660599 15.628937 8.369242 15.419411 45.217643 138.033034 59.753361 -157.182197 -34.612530 15.108842 -4.657800 
76.047462 76.010138 -175.872362 -2.108716 27.313223 5.481680 -15.566935 -13.134676 -4.796858 12.458282 -3.019415 2.511697 -6.067369 10.629471 2.877773 -0.000000 0.000000 0.000000 5.580461 0.721241 3.197423 35.485935 6.374306 -2.541742 12.826148 -1.035256 8.319289 -0.000000 0.000000 0.000000 4.237718 7.697062 -8.135962 0.239353 -1.523914 -0.268640 3.556136 1.086125 0.450774 -16.284090 -5.414501 0.055109 4.143710 -8.426971 7.323574 -0.000000 0.000000 0.000000 6.371671 -5.567047 -15.357982 14.297951 -8.046461 -47.691716 130.706934 -62.211551 144.119293 -23.430322 -15.375085 14.636380 2.684410 12.613376 15.457997 10.175212 14.233185 45.249530 139.297369 61.035422 -156.914359 -33.458689 15.298230 -4.937270 
78.665423 74.659991 -172.950256 -3.403283 26.173851 5.491944 -14.155110 -13.009976 -5.936150 14.698415 -3.767615 2.422396 -1.165388 9.702059 4.730533 -0.000000 0.000000 0.000000 0.927371 1.669160 2.334524 48.008649 5.073214 -1.240809 21.949900 0.010590 10.035832 -0.000000 0.000000 0.000000 5.936143 6.071667 -7.878488 1.130278 -1.201264 0.601753 2.466885 0.884960 0.543760 -16.801298 -6.026236 0.143052 3.422359 -7.026788 7.471433 -0.000000 0.000000 0.000000 5.929940 -6.707013 -16.357377 13.593399 -8.298004 -46.753660 129.294176 -63.889882 143.597706 -22.112025 -15.677501 14.896093 2.405206 12.930781 16.120467 12.156619 13.547130 45.638198 138.292286 62.886634 -156.551989 -33.674154 14.993396 -3.937592 
81.177092 72.799939 -170.134413 -4.343805 24.738897 5.832251 -15.188840 -12.864325 -7.804889 25.756396 -4.615922 1.854780 -12.989690 11.882287 11.449669 -0.000000 0.000000 0.000000 -5.251585 2.710393 0.729017 61.117251 3.806004 0.768374 17.361216 -4.586547 8.940377 -0.000000 0.000000 0.000000 7.797463 4.398270 -8.089458 0.380378 -1.182571 1.554915 2.645067 0.718963 0.484380 -17.487145 -5.520909 0.850999 3.299128 -6.553764 6.668756 -0.000000 0.000000 0.000000 5.240504 -7.994406 -17.476769 12.675446 -9.272026 -44.609468 128.801925 -65.641607 142.812705 -23.207433 -15.691016 16.209992 1.945493 12.685717 18.133977 14.345307 12.810899 45.394965 135.189998 64.644399 -154.689585 -32.865017 14.675318 -5.118460 
83.152121 71.588635 -167.320180 -4.413374 23.877391 5.397366 -15.918504 -12.525034 -7.318443 33.594129 -4.144943 -0.964804 -19.049491 11.432656 15.108628 -0.000000 0.000000 0.000000 -12.828278 4.065319 0.906920 70.109496 3.686850 2.649937 7.632782 -9.102237 2.793285 -0.000000 0.000000 0.000000 8.857530 2.797640 -7.963065 -0.040122 -1.696048 2.385678 3.172927 0.255838 0.360762 -18.944160 -3.904731 1.802221 3.295013 -6.961823 6.517419 -0.000000 0.000000 0.000000 4.577878 -10.686371 -18.835186 11.661593 -10.661269 -42.102141 126.597426 -66.797713 141.835923 -22.973290 -14.686744 18.062630 2.524889 13.300262 20.200006 14.982832 11.862730 46.611367 126.288529 65.995817 -148.256932 -30.772717 12.820352 -7.388990 
84.958231 71.481967 -164.042294 -5.587673 23.122227 5.154499 -10.578794 -10.363982 -6.462851 33.379764 -5.677008 -0.338041 -22.679814 11.025298 16.591141 -0.000000 0.000000 0.000000 -17.868421 3.786543 1.279840 72.129990 2.523656 3.781669 0.826365 -10.675277 -1.252620 -0.000000 0.000000 0.000000 10.034409 0.933336 -7.527583 1.490281 -2.081957 2.902203 1.842450 -0.502815 0.789591 -18.442712 -2.882631 1.582445 1.582324 -6.023202 6.693514 -0.000000 0.000000 0.000000 4.111109 -12.277873 -18.963190 9.577942 -11.764241 -41.578154 126.717509 -65.376025 142.797462 -21.510306 -14.289994 19.919686 3.277803 13.606796 20.277112 15.957652 10.243063 49.105485 125.877882 66.849652 -148.589622 -32.039109 12.444559 -8.612504 
86.792493 72.183627 -160.343194 -6.543056 20.436033 3.944481 -3.254087 -7.250741 -4.704189 29.779530 -6.222639 0.714280 -23.483509 11.194907 15.854426 -0.000000 0.000000 0.000000 -21.014038 4.003210 3.269705 68.133343 1.540931 3.846211 -5.058684 -10.705468 -3.190755 -0.000000 0.000000 0.000000 10.681198 -1.192179 -5.515665 0.982601 -1.577575 2.483572 1.984157 -0.771084 0.934164 -16.945840 -2.001791 0.662962 1.711709 -4.075806 6.327596 -0.000000 0.000000 0.000000 3.717966 -11.748471 -18.705284 8.072720 -13.176433 -42.958245 131.425046 -64.252947 147.788684 -24.857512 -16.348972 19.028625 4.307287 12.594390 18.756434 17.144349 8.844288 49.935874 130.576731 66.229625 -151.490305 -34.553009 13.177955 -7.794479 
88.360250 73.422492 -156.257880 -6.601193 17.463118 2.362076 3.635593 -5.653613 -3.107752 24.206447 -5.624436 1.215607 -20.300540 12.111788 13.186288 -0.000000 0.000000 0.000000 -22.889077 5.014393 6.055923 59.042810 0.106680 3.661325 -7.318520 -10.782170 -3.347327 -0.000000 0.000000 0.000000 9.763063 -2.900307 -3.910729 0.860756 -0.979351 2.056018 2.378152 -1.107512 1.118192 -15.514894 -1.216887 -0.092350 2.166498 -1.838815 5.653332 -0.000000 0.000000 0.000000 3.844133 -10.597054 -18.000165 6.891402 -14.939173 -44.585769 134.887969 -62.722281 152.004358 -26.686552 -18.014350 17.816958 5.330853 10.979748 16.773594 18.184472 8.258457 49.771006 133.318544 65.091561 -152.290349 -35.882375 13.716071 -5.222726 
89.855242 74.853307 -151.920748 -6.666080 14.936728 1.715314 8.972341 -4.603513 -2.578928 20.095447 -4.687959 1.487579 -13.151547 12.910522 8.192809 -0.000000 0.000000 0.000000 -22.443363 6.057145 7.692177 46.087217 -1.371358 2.336139 -5.209206 -10.745716 -1.968827 -0.000000 0.000000 0.000000 8.389627 -4.224325 -3.486931 1.650157 -0.832357 1.817957 2.293577 -1.431028 1.475853 -14.083584 -0.783432 -0.944190 1.738746 0.259544 5.662254 -0.000000 0.000000 0.000000 4.449986 -10.061461 -17.332674 6.283839 -16.378369 -45.418798 136.784966 -61.203808 154.630429 -26.438714 -19.277711 17.390591 6.299246 9.849050 15.257883 19.149395 7.857428 49.322104 135.980036 64.413343 -153.737978 -37.302144 13.915658 -3.547414 
91.374904 76.127613 -147.338641 -7.242952 13.447298 2.325698 12.038354 -2.909378 -2.236876 19.934785 -4.367645 0.690837 -3.596301 11.403787 2.081759 -0.000000 0.000000 0.000000 -19.065569 6.494661 7.940178 30.830587 -1.772214 -0.325962 -2.746540 -10.212920 -0.933201 -0.000000 0.000000 0.000000 7.275951 -5.135219 -3.926499 2.233217 -1.361085 1.516945 2.501908 -1.746228 1.732536 -12.784533 -0.566141 -1.497163 1.340576 1.881454 6.330419 -0.000000 0.000000 0.000000 5.048592 -9.782836 -17.145620 6.210124 -17.389032 -44.939270 138.897739 -60.171657 156.666119 -26.125173 -19.956269 16.939337 6.962364 8.776317 14.548341 19.850126 7.548244 49.198613 137.956438 64.338948 -154.970687 -37.627254 13.558614 -3.110022 
92.839468 76.971275 -142.654562 -8.218775 13.005449 3.966738 13.129181 -0.718051 -1.575223 23.367576 -4.802727 -0.641931 6.697070 6.617448 -4.954613 -0.000000 0.000000 0.000000 -13.883828 6.243557 7.156933 17.203999 -0.758009 -3.041829 -1.327701 -8.399818 0.390688 -0.000000 0.000000 0.000000 6.699022 -5.366261 -5.067066 2.520415 -2.380678 1.080694 2.520700 -2.220963 1.767940 -11.380604 -0.234222 -1.729696 1.300138 2.489869 7.205042 -0.000000 0.000000 0.000000 5.757249 -9.464201 -16.750609 6.023939 -17.641030 -44.460051 139.370191 -59.956818 156.574841 -26.930012 -20.248915 14.497536 7.250225 7.382768 14.121647 19.912429 7.161236 50.155708 138.166636 64.874813 -154.148268 -37.811584 13.035798 -2.147571 
94.219136 77.098149 -138.148451 -8.818760 12.643612 5.394061 10.958401 0.639046 -0.498519 31.394745 -5.305272 -1.665192 16.286199 0.852522 -11.472513 -0.000000 0.000000 0.000000 -10.173988 5.433232 6.672917 11.098209 -0.160491 -4.527460 0.706972 -6.166667 1.046096 -0.000000 0.000000 0.000000 6.174010 -4.845919 -6.103652 2.999837 -3.177364 0.828854 1.786933 -2.544245 1.591641 -9.587218 -0.357286 -2.216101 1.069521 2.681221 8.011508 -0.000000 0.000000 0.000000 6.235591 -9.423624 -16.737930 5.939912 -16.989769 -44.642967 138.169836 -60.458404 154.729724 -26.629345 -19.709969 12.273970 7.522936 6.676028 14.001618 19.621681 6.219612 51.213539 138.331370 65.672464 -153.132475 -38.693351 12.622502 -1.292032 
95.572096 76.325297 -134.103370 -8.817138 11.966406 5.902974 5.898727 -0.416585 0.962786 41.873659 -4.597354 -4.161279 27.330132 -2.905206 -15.520678 -0.000000 0.000000 0.000000 -9.116951 5.939877 7.052335 12.949857 -0.297360 -4.017190 2.694637 -5.432036 -0.600630 -0.000000 0.000000 0.000000 5.714008 -4.124535 -6.664533 3.664011 -3.398920 1.075038 1.048000 -2.633896 1.286501 -9.061093 -0.820579 -2.805049 1.188177 3.002339 8.202739 -0.000000 0.000000 0.000000 6.149178 -9.501967 -17.367749 6.392537 -16.694165 -45.381699 136.428270 -61.473090 152.934402 -25.634430 -18.163854 12.791094 7.390394 7.054605 14.570125 19.096614 5.961580 50.446541 137.512141 66.439854 -152.137059 -38.820454 12.166716 -1.132040 
96.769857 74.742717 -130.347967 -8.718751 11.005084 4.957057 0.274947 -1.964943 3.685007 52.347508 -2.537891 -7.512574 31.539470 -1.068286 -16.486723 -0.000000 0.000000 0.000000 -9.702872 7.241396 9.425429 21.171346 0.585558 -3.370873 -6.441200 -7.190814 -8.151429 -0.000000 0.000000 0.000000 5.670029 -3.292181 -6.034889 4.656748 -3.042878 1.586549 0.037418 -2.517487 0.995562 -9.347512 -1.236388 -3.235087 1.468948 3.007205 7.603678 -0.000000 0.000000 0.000000 5.759754 -10.211706 -18.321605 6.654575 -15.358226 -46.641003 132.472635 -62.677112 148.864628 -25.693868 -16.232211 13.623724 7.443323 9.265415 15.503999 17.531642 5.209151 48.501577 134.074881 66.951060 -148.985018 -39.107117 12.703036 -1.208696 
97.924018 72.981560 -126.845396 -8.157967 10.129471 3.912818 -6.023569 -4.155275 5.269000 62.090059 -2.939343 -10.094460 18.809188 4.911316 -10.658078 -0.000000 0.000000 0.000000 -12.056593 8.997016 11.630154 31.238422 2.477990 -2.999381 -16.287837 -9.631335 -11.770369 -0.000000 0.000000 0.000000 6.123211 -2.372865 -5.509056 2.998372 -2.438652 1.929545 1.288746 -2.312523 0.712012 -10.940465 -1.313932 -2.198441 3.151720 2.232731 5.652584 -0.000000 0.000000 0.000000 5.306012 -10.649340 -20.112020 6.833870 -14.675530 -47.307115 125.002211 -65.079892 141.299387 -25.315277 -13.906797 13.650522 6.519636 11.398007 17.787573 15.852516 6.460614 44.841834 125.978063 69.136937 -141.883073 -38.208956 12.523420 -1.792723 
99.152088 72.069240 -123.412228 -7.931808 9.456470 3.336708 -12.076384 -5.767664 4.845658 67.161372 -4.637979 -10.416184 5.577505 8.802298 -1.098565 -0.000000 0.000000 0.000000 -11.217452 7.791915 10.832001 36.221293 5.063982 -1.306334 -22.328049 -9.377934 -13.918204 -0.000000 0.000000 0.000000 7.008989 -0.835947 -4.999388 3.464901 -2.666391 2.181595 1.444671 -1.880671 0.600683 -13.885942 -1.351239 -2.184607 3.556390 1.708366 4.986157 -0.000000 0.000000 0.000000 4.929146 -12.099505 -21.678406 7.353382 -12.919936 -48.126941 117.728586 -66.099758 133.974961 -22.795411 -10.916751 18.603018 6.143706 14.931679 19.221104 12.611211 7.732612 42.067563 118.816111 69.197855 -136.422147 -34.701605 11.384411 -5.240266 
100.292718 72.004259 -119.611681 -8.160152 9.461936 3.324712 -16.936550 -5.796878 3.548791 67.615635 -3.457891 -8.783733 -2.771179 11.469343 4.883475 -0.000000 0.000000 0.000000 -6.544483 5.067378 9.348564 35.776727 7.122746 -1.973705 -25.659757 -7.639857 -14.028971 -0.000000 0.000000 0.000000 8.014246 1.011183 -4.811820 3.333063 -3.321404 1.698998 1.804304 -1.290880 0.672655 -15.774501 -1.828013 -2.332915 3.230288 0.981648 5.248740 -0.000000 0.000000 0.000000 5.045823 -12.573084 -20.696282 8.505633 -10.429782 -49.285160 118.720454 -65.625060 133.956359 -25.397940 -10.328664 20.415904 5.223545 16.609053 18.120197 8.870172 9.045100 44.059531 122.031243 67.430612 -141.246243 -33.705020 11.897276 -4.808075 
101.376462 72.763139 -115.371931 -7.540613 9.831367 3.894479 -20.488298 -6.884236 1.162172 62.234570 -0.049130 -8.184635 -8.653594 13.064932 8.435379 -0.000000 0.000000 0.000000 -1.304636 4.453586 7.904390 32.053941 7.970994 -3.244039 -26.083258 -7.611247 -12.589928 -0.000000 0.000000 0.000000 7.401036 2.959343 -5.825590 2.264660 -3.563639 1.244929 2.742542 -0.573858 0.518448 -15.852393 -1.979570 -1.543607 3.346190 -1.381604 5.416585 -0.000000 0.000000 0.000000 5.684695 -10.974302 -18.981331 9.841123 -9.162898 -48.625592 123.395760 -64.807528 136.661579 -29.397106 -12.279335 16.908117 4.366175 16.028434 17.509292 6.739587 12.017547 46.544036 125.818638 65.064091 -146.817542 -33.647825 12.221427 -4.973067 
102.595651 74.063820 -110.809624 -6.388581 10.271511 4.727600 -22.253825 -8.407741 -1.812449 51.602616 1.731445 -6.980795 -10.462811 12.534178 9.363648 -0.000000 0.000000 0.000000 4.171518 4.553052 6.017924 26.410512 8.459524 -4.217085 -22.774879 -8.725436 -9.952916 -0.000000 0.000000 0.000000 5.465331 4.815201 -7.359365 1.744816 -3.515890 0.957429 3.492284 0.112524 0.453055 -15.008777 -2.282830 -0.858534 4.119265 -3.733545 5.645681 -0.000000 0.000000 0.000000 6.505992 -9.153284 -16.943364 11.061837 -8.909404 -47.794210 126.624050 -63.861319 138.350809 -30.736294 -13.433062 14.166350 3.877560 15.160174 16.935907 5.741793 14.830179 48.133274 129.061081 63.078314 -151.122194 -34.984024 12.810422 -3.694960 
103.914654 75.462979 -106.091678 -5.891015 11.054328 5.069756 -21.275840 -10.648357 -4.076525 37.619839 2.333347 -4.802245 -8.630286 12.362228 7.752874 -0.000000 0.000000 0.000000 8.964079 4.088943 4.762920 22.501693 8.165706 -4.958440 -14.627972 -9.502862 -5.458914 -0.000000 0.000000 0.000000 3.912243 6.657159 -8.133170 2.268464 -3.569152 0.887554 3.585625 0.480360 0.608941 -14.024746 -2.936741 -0.664813 4.585995 -5.468959 6.140936 -0.000000 0.000000 0.000000 7.051634 -8.436581 -15.610788 12.505883 -9.074784 -47.162940 129.504357 -63.670018 140.902906 -30.699804 -14.281155 13.151700 3.352806 14.697770 16.382141 6.324153 16.297819 48.189309 132.534835 61.197169 -154.758152 -35.231561 12.896083 -2.896997 
105.383682 76.431280 -101.397455 -5.941091 11.727041 4.524826 -18.458071 -12.680237 -4.750616 24.002081 2.217368 -2.408824 -6.587664 12.785343 6.007018 -0.000000 0.000000 0.000000 11.457199 2.509987 3.481218 22.545952 6.962106 -3.607240 -3.960925 -8.159347 0.187767 -0.000000 0.000000 0.000000 3.201524 7.826069 -7.705277 2.516007 -3.515626 1.002989 3.712089 0.534486 0.915785 -13.541053 -3.605550 -0.536292 5.085870 -6.365624 6.195780 -0.000000 0.000000 0.000000 7.291004 -7.743676 -15.157843 13.432376 -9.221151 -47.253034 130.762607 -63.822970 142.391592 -30.122768 -15.073870 12.073109 2.913512 13.992371 15.980311 7.637325 16.731666 46.693423 136.275692 59.861723 -157.115500 -35.709362 13.706481 -2.122940 
106.972528 76.595628 -96.937227 -5.973591 11.649842 3.437759 -16.041310 -12.564504 -4.812362 15.803773 0.795493 0.628988 -6.186907 11.881464 4.666284 -0.000000 0.000000 0.000000 10.453993 -0.335091 1.986661 28.410200 4.839812 -2.266756 5.594294 -4.129993 6.040609 -0.000000 0.000000 0.000000 3.198177 8.050995 -6.866732 2.250721 -3.180221 1.273784 3.598189 0.603878 1.415827 -13.012947 -4.108473 -0.223091 4.802000 -6.339381 6.048673 -0.000000 0.000000 0.000000 7.282634 -7.026340 -15.089764 13.614875 -8.937596 -48.365330 130.838721 -63.953709 142.530452 -28.672120 -15.306139 11.890328 2.685527 13.125430 15.554205 8.719016 15.818890 45.329643 140.056196 59.399893 -158.502194 -35.979009 14.931594 -1.275354 
108.532012 75.927752 -92.681539 -6.538581 11.429743 2.610649 -13.839469 -11.836836 -5.100698 13.320868 -1.030998 2.531092 -4.533845 10.816810 4.685375 -0.000000 0.000000 0.000000 7.291244 -1.235420 1.050887 38.725040 3.711703 -1.711957 15.232281 -1.515896 9.007036 -0.000000 0.000000 0.000000 4.167120 7.081797 -6.414802 2.609153 -2.716107 1.769858 2.899235 0.564224 1.863576 -12.991075 -4.972376 -0.029754 3.934463 -5.094037 6.413837 -0.000000 0.000000 0.000000 7.085144 -7.240208 -15.670018 13.549817 -8.528603 -49.083362 131.272201 -64.471373 143.484766 -27.346617 -14.953749 12.936876 2.402186 12.903543 15.507550 10.137510 14.611363 44.932477 141.396783 59.831868 -158.781366 -34.223723 14.851071 -1.059584 
110.002005 74.415952 -88.622266 -6.727878 11.258081 2.529366 -13.145630 -12.756218 -6.152313 16.769090 -2.563454 1.688776 -1.220725 10.787680 7.753958 -0.000000 0.000000 0.000000 2.061067 -0.147557 -0.434125 50.357014 2.702395 0.080667 23.135939 -2.473634 10.151361 -0.000000 0.000000 0.000000 5.028235 5.532464 -6.965436 2.983806 -2.312135 2.575734 2.308867 0.259572 1.915827 -13.640337 -5.517837 0.350585 3.595659 -3.649518 6.567712 -0.000000 0.000000 0.000000 7.021896 -7.797067 -16.608437 13.204607 -9.265056 -48.043193 131.799005 -65.519853 144.509016 -26.637340 -14.599167 15.126514 2.135428 12.622178 16.403532 12.151894 14.695014 44.737861 139.779559 61.468217 -157.754128 -31.629715 14.524156 -3.133297 
111.370528 72.680545 -84.707707 -6.917931 10.764308 2.761033 -15.268908 -13.479549 -7.947377 28.028156 -3.111506 -0.069001 -12.243402 12.903971 13.281663 -0.000000 0.000000 0.000000 -4.258122 1.580647 -1.617064 62.281281 1.945745 1.770149 15.002917 -7.904938 7.888645 -0.000000 0.000000 0.000000 6.326843 4.080994 -7.495269 1.697872 -2.473151 3.201563 3.067811 0.145561 1.502206 -14.448581 -4.567014 1.490597 4.036174 -3.725010 5.933864 -0.000000 0.000000 0.000000 6.143228 -9.228323 -17.885423 12.532602 -10.682062 -45.578050 128.268588 -67.604097 140.648836 -26.200877 -14.891945 16.899199 1.966657 12.507325 18.615078 13.843045 13.996956 44.308562 133.032078 64.698030 -152.202446 -30.018104 13.990370 -4.345688 
112.313366 71.750063 -80.910569 -7.033945 11.156958 2.559309 -15.064204 -13.396665 -7.687370 34.174178 -3.705472 -2.466441 -17.723965 12.557153 16.475605 -0.000000 0.000000 0.000000 -11.056578 3.092536 -1.023705 69.488522 2.540103 3.534758 7.181616 -11.348477 1.827001 -0.000000 0.000000 0.000000 7.017576 2.815441 -7.588829 2.835457 -3.004999 3.926235 2.803997 -0.256663 1.192064 -15.690676 -2.944058 1.997429 3.337146 -4.317473 6.252876 -0.000000 0.000000 0.000000 4.961506 -12.366446 -18.868165 11.191143 -12.759171 -42.550823 122.331539 -69.194913 134.638314 -23.622751 -12.940291 19.819784 2.849334 13.635100 20.183159 14.373838 12.933782 45.984888 120.243581 68.303365 -141.788172 -28.363830 12.021724 -8.195397 
113.247037 71.610856 -76.703441 -8.844476 10.585267 2.193267 -8.654556 -10.145792 -6.748011 34.340528 -5.722536 -1.517600 -21.938937 11.602692 17.644431 -0.000000 0.000000 0.000000 -14.907330 3.130862 -0.004135 70.841401 2.757061 3.825350 0.390352 -11.799264 -1.416283 -0.000000 0.000000 0.000000 9.198358 0.781476 -6.965831 3.845845 -2.823972 4.066863 1.893693 -0.710255 1.575947 -15.789553 -1.503096 1.543356 2.423517 -3.488451 6.090519 -0.000000 0.000000 0.000000 4.107991 -14.076268 -19.138839 9.681777 -14.320636 -41.501044 126.114207 -67.806669 138.748828 -23.157537 -13.746337 21.793395 3.639842 14.245566 20.415004 16.032088 10.679413 47.225237 121.835295 70.153185 -143.913494 -30.507713 12.412197 -11.327880 
114.211333 72.165567 -72.262484 -9.756630 8.558147 1.095338 -1.909928 -7.738508 -5.511085 31.607304 -6.382075 -0.726591 -23.542007 11.810185 17.113279 -0.000000 0.000000 0.000000 -18.453711 3.763036 2.005887 67.146015 2.508546 3.570745 -4.448307 -10.511879 -2.303886 -0.000000 0.000000 0.000000 9.872934 -1.304299 -5.311548 3.405843 -2.290187 3.836830 2.185084 -0.947458 1.694626 -14.916887 -0.113149 0.835755 2.250035 -1.979865 5.447656 -0.000000 0.000000 0.000000 3.591297 -13.429449 -18.671848 7.704474 -16.388794 -42.456599 132.124257 -65.380062 145.770224 -27.225868 -16.560340 17.839797 4.557025 12.511665 19.294992 17.303478 8.593652 47.121994 125.644941 68.430403 -146.314212 -32.305159 13.737678 -8.287266 
114.990366 73.246914 -67.541671 -9.779997 6.600841 -0.277820 4.532696 -6.165475 -3.994952 26.861084 -6.216017 -0.327916 -22.006292 12.316288 14.801878 -0.000000 0.000000 0.000000 -20.875795 4.515739 4.620413 58.585603 1.021698 3.125383 -5.639477 -10.269668 -2.036188 -0.000000 0.000000 0.000000 8.882986 -3.079063 -3.683590 2.971876 -1.982166 3.518632 2.719448 -1.425042 1.945107 -13.255946 0.668949 0.157255 2.071907 0.487395 4.955507 -0.000000 0.000000 0.000000 3.641655 -12.256714 -17.790562 5.868645 -18.092464 -44.137233 135.429085 -62.675337 150.130776 -26.835066 -17.831266 16.558792 5.639824 10.460423 17.158464 18.395895 7.450140 47.480633 128.736201 67.040442 -147.411578 -33.243996 14.265909 -5.969149 
115.727878 74.584639 -62.761527 -9.914630 4.628429 -0.872425 10.273608 -5.187184 -3.518233 22.636509 -5.676809 0.160953 -16.138414 13.193013 10.427836 -0.000000 0.000000 0.000000 -20.650895 5.676700 6.398662 45.881859 -1.176425 1.874550 -4.511324 -11.214118 -1.044086 -0.000000 0.000000 0.000000 7.783562 -4.537445 -3.028238 3.576453 -1.770833 3.248426 2.631014 -1.780311 2.307517 -11.829779 1.035381 -0.644448 1.654103 2.902113 5.002151 -0.000000 0.000000 0.000000 4.246012 -11.830952 -17.033419 4.583408 -19.619006 -45.283135 136.714831 -60.590490 153.044650 -26.038154 -18.537999 16.822551 6.760220 9.440549 15.525116 19.671129 6.827061 47.963561 131.954228 66.656067 -149.939144 -35.845453 14.381397 -4.337828 
116.471744 75.746673 -57.956970 -10.135170 3.322324 -0.288041 13.846969 -3.650884 -3.586088 21.546438 -5.344398 -0.087580 -7.500827 12.712536 4.816886 -0.000000 0.000000 0.000000 -17.989522 6.461742 6.792497 31.345874 -1.563857 -0.521333 -2.764256 -10.322915 -0.511184 -0.000000 0.000000 0.000000 6.903913 -5.571961 -3.283161 3.792079 -2.104899 2.733288 2.788556 -2.021660 2.468781 -10.600204 1.398925 -1.351720 1.196136 4.468433 5.651030 -0.000000 0.000000 0.000000 4.840909 -11.505705 -16.431296 4.110324 -20.536190 -45.584155 138.145188 -59.571650 155.402981 -25.871363 -19.509159 16.960385 7.560037 8.372181 14.371064 20.419665 6.508093 48.822108 133.161044 66.399055 -150.445182 -36.201151 14.246019 -4.216260 
117.126906 76.496112 -53.093535 -10.598050 3.166318 1.121014 15.517920 -0.966338 -2.915226 24.085316 -5.430848 -1.012972 2.312399 8.879154 -1.776401 -0.000000 0.000000 0.000000 -13.624608 6.257107 6.299044 18.833818 -1.077761 -3.128285 -2.222749 -8.226675 0.935222 -0.000000 0.000000 0.000000 6.416201 -5.979281 -4.163412 3.869271 -2.864958 2.098529 2.785559 -2.398363 2.338355 -9.547151 1.791878 -1.636294 1.024389 4.965367 6.393471 -0.000000 0.000000 0.000000 5.368503 -11.007775 -16.240633 4.184192 -20.445375 -45.144616 139.155371 -59.281566 156.320292 -26.448771 -19.900594 15.935099 7.760465 6.987879 13.997607 20.707374 6.074722 49.945419 133.830532 66.345937 -149.797335 -35.496832 13.888456 -4.215624 
117.677581 76.588517 -48.369899 -10.820181 3.074371 2.361820 13.892128 1.094091 -1.403591 31.556875 -5.811022 -1.994733 11.348899 3.456939 -8.528584 -0.000000 0.000000 0.000000 -10.553217 5.542504 6.134221 13.448594 -0.397918 -4.726750 -1.512729 -5.921766 1.200952 -0.000000 0.000000 0.000000 6.024746 -5.594952 -5.071758 4.358241 -3.456221 1.692239 2.112183 -2.598980 2.075772 -8.491754 1.921465 -2.069333 0.564166 4.867343 7.125866 -0.000000 0.000000 0.000000 5.626772 -10.623746 -16.401212 4.406965 -19.213876 -44.988810 139.016976 -59.691411 155.649543 -26.879030 -19.123696 13.667212 8.022809 6.464710 14.045343 20.331013 5.396172 50.902751 134.936448 66.501536 -149.571052 -35.391681 13.472591 -4.454212 
118.236780 75.877869 -43.939686 -10.637856 2.834331 2.870100 8.971496 0.516320 0.576483 42.360166 -4.959329 -4.116441 22.284689 -0.474037 -13.290111 -0.000000 0.000000 0.000000 -9.166780 5.878115 6.771253 14.771250 -0.291596 -4.680625 2.870486 -4.783113 -0.905500 -0.000000 0.000000 0.000000 5.858963 -4.764676 -5.484501 5.104404 -3.618312 1.816565 1.048067 -2.631236 1.728229 -8.210645 1.249972 -2.807135 0.331644 5.045508 7.568203 -0.000000 0.000000 0.000000 5.644460 -10.866754 -17.230179 5.154648 -17.674777 -44.971039 137.246730 -60.945259 153.636580 -25.609372 -18.025299 12.848545 8.055471 7.359506 14.622224 19.680713 5.074869 50.518483 135.243695 66.646147 -149.772537 -36.280823 13.382522 -4.047095 
118.718815 74.391294 -39.736149 -10.147351 2.328752 2.263996 2.662566 -1.167095 3.273615 53.635160 -2.041639 -7.444929 29.422989 1.063320 -15.622311 -0.000000 0.000000 0.000000 -10.422096 7.267458 8.834956 24.104388 0.214469 -3.994886 -8.249635 -6.956892 -7.748135 -0.000000 0.000000 0.000000 5.766546 -3.768154 -5.024615 5.738718 -3.186960 2.260192 0.131459 -2.424254 1.230812 -8.778286 1.029713 -3.025183 0.934980 4.367211 6.814301 -0.000000 0.000000 0.000000 5.467018 -11.502611 -17.855415 5.994294 -15.819882 -45.615581 133.078171 -62.831329 149.002512 -26.054630 -16.599499 13.641186 7.987142 9.700773 15.446359 18.084916 4.804532 48.862451 132.623355 66.458932 -147.543202 -36.586769 13.717224 -4.506296 
119.200718 72.884810 -35.782525 -9.218774 1.859649 1.376957 -4.366911 -4.131530 4.954825 63.660142 -2.019828 -10.650927 18.777740 7.047089 -10.154644 -0.000000 0.000000 0.000000 -12.738041 9.096177 10.637043 33.190526 1.809916 -2.590373 -16.486430 -9.916351 -10.773747 -0.000000 0.000000 0.000000 6.134414 -2.638042 -4.499714 3.744087 -2.646463 2.606589 1.679516 -2.253416 0.881181 -10.974659 0.906233 -1.947407 3.019396 3.378857 4.809691 -0.000000 0.000000 0.000000 5.334901 -11.696367 -19.418723 6.873414 -14.553586 -46.029818 125.880674 -65.951964 141.408423 -25.849361 -14.793726 14.457586 6.912554 11.860732 17.567953 16.278980 6.953458 44.881317 126.856185 67.496753 -143.076628 -34.882062 13.608601 -6.767446 
119.780445 72.276288 -31.890449 -8.748044 1.421389 0.787417 -10.887391 -5.575018 5.085385 68.461470 -3.967430 -11.132661 7.149835 9.277761 -1.872376 -0.000000 0.000000 0.000000 -10.915170 8.029947 10.076987 36.143967 4.447252 -1.341523 -21.805190 -10.117067 -12.856463 -0.000000 0.000000 0.000000 6.841045 -0.957759 -3.968195 4.437507 -2.870917 2.742215 1.513871 -1.714745 0.730111 -14.092599 0.438455 -1.910074 3.080762 2.691123 4.398939 -0.000000 0.000000 0.000000 5.499432 -12.732349 -20.450934 7.834932 -11.516659 -47.172919 118.121900 -66.056219 133.584229 -23.190980 -13.053205 18.482256 6.597066 15.418952 18.173250 12.334490 8.448766 43.211218 122.373977 66.590446 -140.549841 -32.555519 13.473489 -9.125970 
120.363784 72.462708 -27.758339 -8.733107 1.700690 1.410609 -15.821884 -5.573707 3.316344 67.778188 -3.197959 -9.851907 -2.283208 10.756284 3.677462 -0.000000 0.000000 0.000000 -6.760745 4.027151 7.736130 36.646141 4.873455 -2.483410 -24.609230 -7.100534 -10.912648 -0.000000 0.000000 0.000000 8.043558 1.283290 -4.600758 3.218812 -3.492862 1.978958 2.349077 -1.055976 0.823288 -15.676448 0.067133 -1.354178 2.807455 0.468051 4.802056 -0.000000 0.000000 0.000000 5.796286 -12.334473 -18.964377 9.563386 -8.977877 -48.528365 120.845280 -65.491729 134.902568 -26.895800 -13.507086 18.419461 5.395126 16.214823 17.053695 8.437638 10.024196 45.927691 125.207540 64.949236 -144.879764 -31.925435 14.242253 -8.549505 
121.152806 73.473901 -23.480962 -6.752198 1.198818 4.631640 -19.116416 -9.179576 -2.672859 57.167077 -1.049043 -11.703002 -10.348008 15.528385 10.428094 -0.000000 0.000000 0.000000 -6.143672 -0.473021 1.854902 38.334414 3.345071 -4.104310 -23.064966 -2.476957 -5.665205 -0.000000 0.000000 0.000000 6.537875 4.631381 -8.438542 2.076333 -3.639466 1.356060 3.671996 -0.197754 0.579104 -16.409535 1.159741 0.103963 3.096511 -4.709492 5.095352 -0.000000 0.000000 0.000000 5.688878 -10.009455 -16.661350 11.724056 -9.009222 -47.982967 126.842699 -65.359373 138.684941 -29.728275 -14.528828 16.018862 4.266675 14.616790 17.500505 6.373650 13.417767 48.151461 128.321225 63.263847 -150.073311 -32.282737 14.035724 -8.679281 
121.776080 74.916685 -18.639320 -6.711922 1.389858 4.853283 -20.072073 -7.298308 -3.476350 47.304831 2.265894 -8.467058 -9.845654 14.087016 9.558933 -0.000000 0.000000 0.000000 -2.223337 -5.455996 0.589034 36.431804 1.655843 -7.258941 -18.042730 1.799085 -1.226578 -0.000000 0.000000 0.000000 6.447571 7.140449 -9.174117 0.949335 -3.578667 0.564221 4.347680 0.511864 1.190118 -15.229540 0.772827 0.306435 3.588201 -7.460363 6.275280 -0.000000 0.000000 0.000000 6.388534 -9.235447 -14.519514 12.954596 -7.274757 -48.551782 129.996598 -64.320482 140.291633 -30.284401 -15.314735 13.869134 4.252003 14.558530 16.227842 4.624244 13.422988 50.278534 132.550977 61.384277 -153.694716 -32.932100 14.961473 -8.542891 
122.578263 76.410979 -13.873528 -6.302398 3.296420 4.408996 -19.202507 -10.130571 -4.860533 32.457996 3.549023 -5.300496 -7.250338 15.375791 8.236052 -0.000000 0.000000 0.000000 2.629122 -4.656794 0.598455 31.560957 1.833390 -6.823930 -9.155152 0.157902 1.874240 -0.000000 0.000000 0.000000 5.441485 8.308336 -9.074770 1.264112 -3.678051 0.749582 4.272366 0.560284 1.501068 -14.456001 -0.863606 0.436832 4.232068 -8.370099 6.889986 -0.000000 0.000000 0.000000 7.189635 -8.255297 -14.000552 13.916344 -7.345471 -48.409931 130.797493 -64.230934 141.380151 -30.324345 -15.783129 13.268701 3.734362 13.904065 15.767691 5.751217 14.659428 49.235513 134.651087 60.069424 -155.260080 -33.081881 15.528323 -8.288768 
123.536432 77.325141 -9.004133 -6.626129 5.338862 3.202905 -16.470380 -11.851290 -5.284470 18.840629 1.983659 -1.072353 -5.580190 14.482946 6.723317 -0.000000 0.000000 0.000000 5.991632 -4.759839 0.095887 30.058847 1.833402 -4.539153 1.852251 0.525897 5.765372 -0.000000 0.000000 0.000000 5.099227 8.708471 -7.768024 1.106569 -3.758491 0.966259 4.411566 0.421668 1.902420 -13.525116 -2.800691 0.261120 4.659987 -8.335424 7.253503 -0.000000 0.000000 0.000000 7.649593 -7.479012 -13.711390 14.240254 -7.580601 -49.111526 130.496947 -64.682767 141.454479 -29.362815 -15.968575 13.462419 3.311559 12.967686 14.783717 7.459413 14.614687 48.139216 137.852802 59.493872 -156.638632 -33.451949 15.875534 -6.804938 
124.525285 77.359945 -4.222574 -7.313317 6.737272 1.438282 -13.699238 -12.000089 -4.911741 11.267456 -0.072659 2.392265 -5.719695 13.121977 5.704992 -0.000000 0.000000 0.000000 7.673944 -4.016676 0.536686 32.548420 2.407177 -2.993092 11.063167 0.466305 9.437458 -0.000000 0.000000 0.000000 5.269424 8.166416 -6.104339 1.322198 -3.491869 1.598942 4.101228 0.386490 2.349743 -12.871354 -4.685974 0.086755 4.503929 -7.384740 7.258294 -0.000000 0.000000 0.000000 7.734238 -7.037832 -14.192253 13.939984 -7.562949 -49.574718 129.544254 -65.015467 140.497262 -27.522951 -15.949608 14.099620 2.949695 12.342985 14.406022 9.492744 13.799813 46.861369 140.570326 59.539592 -157.734634 -32.976547 16.401833 -6.332088 
125.419283 76.457286 0.337378 -7.934332 7.122687 -0.149215 -11.564526 -12.098242 -4.135587 9.753377 -1.536710 3.461782 -4.501867 12.270291 5.341221 -0.000000 0.000000 0.000000 6.023486 -1.400175 1.403301 40.333598 3.050731 -1.308801 18.554222 -2.403928 10.135768 -0.000000 0.000000 0.000000 5.541207 6.674238 -4.964132 2.409795 -2.797102 2.540414 3.136858 0.489557 2.474743 -12.522639 -6.173367 0.002986 4.167462 -5.833849 7.440279 -0.000000 0.000000 0.000000 7.530154 -7.426817 -15.353780 13.528732 -7.623607 -48.789737 129.055257 -65.648845 140.014315 -26.462411 -15.675186 14.747435 2.871402 12.564344 15.030641 11.373155 13.096937 45.883163 140.245611 60.417866 -157.508451 -31.062227 16.199073 -7.025909 
126.364923 74.710017 4.703734 -8.033178 6.934304 -0.259118 -10.805364 -13.243788 -4.917780 12.986657 -2.256162 2.481703 1.202731 11.002945 6.797898 -0.000000 0.000000 0.000000 1.036084 0.215454 -0.007351 51.910735 -0.274185 1.064969 17.918117 -8.752307 7.966786 -0.000000 0.000000 0.000000 5.480280 5.091292 -5.433865 3.441519 -2.246236 3.450638 1.971443 0.386419 2.272844 -11.746488 -6.461422 0.377163 4.089629 -4.875272 7.291261 -0.000000 0.000000 0.000000 7.633890 -8.470328 -16.019227 12.917498 -8.707272 -46.942042 127.120359 -66.819738 137.824680 -26.177572 -15.745231 15.139387 3.316341 13.158536 15.960840 13.004120 12.774432 46.127060 136.031754 62.682694 -154.999988 -30.067464 15.963205 -7.452877 
127.419496 73.050481 8.866663 -8.469120 7.084593 0.915327 -13.869014 -13.816592 -8.198285 25.416158 -2.749029 0.914995 -8.858695 13.222823 12.780640 -0.000000 0.000000 0.000000 -4.163263 1.263726 -2.320609 61.872225 -1.299828 2.234286 10.297833 -14.665153 4.185115 -0.000000 0.000000 0.000000 6.415675 3.774869 -6.278666 2.375823 -2.804177 3.670937 2.782547 0.089849 1.563461 -11.833477 -6.063290 1.445734 4.762648 -4.796312 7.048867 -0.000000 0.000000 0.000000 6.615360 -10.423182 -17.955995 12.530803 -10.149290 -42.902663 123.323328 -68.773553 133.119693 -25.128279 -15.298484 16.649664 2.886192 13.424712 18.763988 14.899707 12.418260 45.691451 128.399991 66.245016 -149.131691 -28.444510 14.829726 -9.654384 
127.906311 72.380483 12.763886 -8.851103 8.781983 0.846326 -13.336384 -13.198925 -7.765259 31.491729 -4.203306 -1.098573 -13.627562 12.317169 14.799328 -0.000000 0.000000 0.000000 -9.516878 2.334916 -1.067951 66.811809 -0.254565 3.150458 3.654682 -15.899973 -1.771987 -0.000000 0.000000 0.000000 7.212396 2.517547 -6.338723 3.820099 -3.996956 4.332227 2.384239 -0.756793 1.455961 -13.040954 -4.773372 1.557876 3.651261 -5.029292 7.682944 -0.000000 0.000000 0.000000 5.996436 -13.640927 -18.098958 10.962138 -11.580933 -40.895676 119.751611 -68.435641 130.172376 -23.160967 -14.274410 19.562512 3.836645 14.465202 18.928812 15.064124 11.589675 48.073155 120.900656 68.031549 -142.967080 -28.669240 13.855138 -14.208382 
128.467059 72.509956 16.835842 -10.655006 7.643815 0.472772 -6.560838 -9.660669 -6.375486 30.676805 -5.078156 -0.626737 -17.331846 10.610373 15.094133 -0.000000 0.000000 0.000000 -12.568834 3.703809 0.834498 66.363042 1.172282 2.367594 -1.921990 -13.562629 -3.563993 -0.000000 0.000000 0.000000 9.519644 0.076077 -5.521993 3.745336 -3.481124 3.946625 1.900243 -1.040775 1.839254 -12.371898 -3.715891 0.742413 2.423429 -3.507292 7.354847 -0.000000 0.000000 0.000000 5.426863 -14.148205 -17.787763 9.188455 -12.347429 -41.993867 124.701167 -66.408510 137.033619 -23.759828 -15.499694 18.318028 4.676220 14.528951 17.656948 16.480601 9.759622 48.886023 126.938593 67.610348 -147.700669 -32.477016 15.030231 -13.005551 
129.056013 73.300028 21.041515 -11.459198 4.647039 -0.372114 0.114925 -7.542490 -5.514276 26.785270 -4.984684 -0.188295 -18.372817 11.392119 14.424582 -0.000000 0.000000 0.000000 -15.546754 5.481616 3.488740 61.012294 1.708062 1.039680 -4.903325 -12.084313 -3.143855 -0.000000 0.000000 0.000000 9.539872 -2.171246 -4.398699 2.915621 -2.446422 3.321594 2.706519 -0.934592 1.949317 -10.794600 -3.065364 0.061936 2.380701 -1.323558 6.866767 -0.000000 0.000000 0.000000 5.002019 -12.453874 -17.517504 7.574839 -14.199572 -44.011702 130.890338 -64.629976 144.839193 -26.680153 -16.711113 16.595933 5.430561 12.717715 16.095464 17.602618 8.893006 48.020813 130.289898 65.760080 -148.343907 -32.200381 16.177092 -10.348413 
129.447126 74.510038 25.416633 -11.477372 2.612655 -1.318884 5.661349 -6.635080 -4.603927 22.425746 -4.668520 0.166838 -16.242359 12.229168 12.024556 -0.000000 0.000000 0.000000 -17.092158 6.538612 6.223888 50.744918 -0.059667 0.359922 -5.536183 -13.045876 -3.052432 -0.000000 0.000000 0.000000 8.138187 -3.692161 -3.572054 2.487346 -2.003187 2.960205 3.197024 -1.339078 2.344232 -8.584587 -2.941355 -0.513002 2.410073 0.893174 6.916756 -0.000000 0.000000 0.000000 5.661813 -11.294917 -16.883489 6.150737 -16.016392 -45.979629 134.480571 -62.737488 149.745645 -26.615518 -17.384669 16.232129 6.750283 11.031284 14.349095 18.878456 8.562881 48.431938 133.275150 65.145227 -149.216447 -32.738773 16.446162 -10.253587 
129.945302 75.842506 29.799414 -11.948422 1.528383 -1.433176 9.977072 -5.540673 -4.429608 20.276720 -4.318322 0.562518 -10.686962 12.209408 7.626026 -0.000000 0.000000 0.000000 -15.669240 6.587807 7.308390 36.628090 -2.589114 -0.257839 -4.173969 -14.059248 -1.742609 -0.000000 0.000000 0.000000 7.336125 -4.663109 -3.354046 2.794708 -2.225963 2.743572 3.123444 -1.931649 2.793328 -7.043656 -3.228076 -1.230132 2.241910 2.566414 7.278818 -0.000000 0.000000 0.000000 6.441090 -10.973939 -16.234818 5.073027 -17.722496 -47.073331 135.843557 -61.248493 151.894131 -26.304338 -17.746084 16.471646 7.739558 9.779276 13.195359 20.366600 7.882541 49.121414 136.570909 65.186771 -151.547505 -36.288445 16.363360 -8.237075 
130.422139 76.868349 34.207967 -12.418026 0.968901 -0.431932 11.875968 -3.518457 -4.343868 22.145267 -4.660844 -0.315642 -3.564208 10.548498 2.609193 -0.000000 0.000000 0.000000 -12.398807 5.504834 6.976320 21.774567 -4.039803 -1.039313 0.044645 -11.818911 1.765581 -0.000000 0.000000 0.000000 6.938027 -5.208832 -4.020766 2.464419 -3.042964 2.264781 3.550299 -2.359728 3.007658 -6.188022 -3.139718 -1.834195 1.968435 3.378830 8.025960 -0.000000 0.000000 0.000000 7.015036 -10.628425 -15.555326 4.812940 -18.929362 -47.211643 137.797870 -60.616288 153.719820 -25.991305 -18.286581 16.258317 7.971042 7.993364 12.414634 21.098329 7.438944 49.981045 138.543323 65.091160 -152.193983 -36.826617 15.907137 -7.162897 
130.721986 77.344835 38.639340 -12.816332 0.625055 1.216026 12.025001 -1.136968 -3.681677 27.330033 -4.778855 -2.005357 3.000021 6.160265 -3.028100 -0.000000 0.000000 0.000000 -8.869311 3.174734 6.317271 11.354825 -5.986791 -1.858197 4.512805 -7.428806 6.579267 -0.000000 0.000000 0.000000 6.500849 -4.818367 -5.535179 2.616455 -4.152704 1.733158 3.330909 -2.795667 2.836878 -5.153408 -2.625238 -1.744792 1.547961 3.075175 8.869746 -0.000000 0.000000 0.000000 7.410377 -10.351760 -15.348968 5.307384 -18.845760 -45.981071 139.272128 -60.406124 154.393421 -25.700471 -18.405811 14.125074 7.970596 6.457687 12.360506 21.201537 6.909728 50.901729 140.209222 65.149908 -152.472624 -37.070158 15.453298 -6.056393 
130.941927 77.012956 42.934212 -12.967515 -0.167497 2.796072 9.125952 0.034015 -2.361694 36.888028 -4.996476 -4.739031 9.967254 1.887066 -8.441606 -0.000000 0.000000 0.000000 -7.158615 1.542722 5.967103 9.293371 -6.993729 -2.112795 6.428091 -5.038503 6.835427 -0.000000 0.000000 0.000000 5.952126 -3.839046 -7.115098 3.019889 -4.741577 1.307963 2.667685 -3.003535 2.325190 -4.161898 -2.513073 -1.585808 1.614240 2.474255 9.520889 -0.000000 0.000000 0.000000 7.623922 -10.466238 -15.799401 6.087112 -17.741190 -44.902497 139.300688 -60.854054 153.817309 -25.375560 -17.627467 11.373492 8.223784 6.159591 12.844570 20.853480 6.108873 51.510988 141.186529 65.089147 -153.099921 -38.133362 14.905847 -5.226273 
131.179047 75.844866 47.007433 -13.173499 -0.588196 3.415580 4.698228 0.614519 0.393410 48.180095 -5.143754 -7.536558 16.238711 -1.746372 -12.701039 -0.000000 0.000000 0.000000 -5.706280 1.214327 6.578175 11.117121 -7.406466 -1.768477 5.387713 -5.066251 1.776087 -0.000000 0.000000 0.000000 6.046403 -3.070357 -7.720079 3.679234 -5.043042 1.253199 1.334134 -3.127371 1.870347 -3.599716 -2.975900 -1.852835 2.018471 2.017671 9.579574 -0.000000 0.000000 0.000000 7.574172 -10.863708 -16.991329 6.721828 -15.745171 -45.041682 136.726425 -62.144512 150.847595 -24.246921 -15.969602 9.875713 8.558537 7.206891 13.624923 19.901194 5.008151 50.869768 140.633750 64.595034 -152.825950 -37.829115 15.035252 -6.260372 
131.404078 74.075657 50.720489 -12.518845 -0.860515 2.889313 -0.981630 0.447845 3.930101 58.200173 -3.473664 -9.975238 10.030533 3.055390 -9.464090 -0.000000 0.000000 0.000000 -7.042692 2.086859 9.119597 19.039791 -4.894966 -1.553265 -6.075338 -9.449657 -6.305801 -0.000000 0.000000 0.000000 5.547017 -2.313191 -7.126577 3.758258 -4.615526 1.502299 1.000243 -3.189761 1.404798 -4.565079 -4.124177 -1.856358 3.041837 1.535546 8.524124 -0.000000 0.000000 0.000000 7.231483 -11.386393 -18.603280 6.469247 -13.410044 -45.776804 129.771243 -64.370180 142.709621 -23.764824 -13.191506 10.893585 8.446987 9.154778 15.105219 18.257351 4.220499 48.758585 137.571492 64.481131 -150.890777 -37.943949 15.174559 -7.075047 
131.665504 72.866899 54.007953 -11.560464 -1.628428 1.866174 -6.985271 -2.872426 5.835452 63.711045 -0.911117 -12.061349 2.268220 9.406200 -2.823258 -0.000000 0.000000 0.000000 -10.063958 5.355453 10.863104 27.702937 -3.178982 0.067020 -12.974286 -13.836685 -11.350373 -0.000000 0.000000 0.000000 5.399468 -1.718869 -6.277060 3.299445 -3.876819 1.975705 2.353539 -3.131866 0.974511 -8.444794 -4.405191 -0.761071 4.726750 0.414475 6.984893 -0.000000 0.000000 0.000000 7.299717 -11.893808 -20.829708 6.405435 -12.628615 -46.931465 119.213948 -67.346177 133.197845 -21.545370 -10.125623 14.227740 7.666053 11.583636 17.538945 15.584838 6.868695 44.734495 129.296693 65.525649 -145.147487 -34.246471 15.193797 -11.646770 
131.974363 72.564226 57.129967 -11.685273 -3.317751 1.748200 -11.614620 -4.737860 4.938060 63.839592 -0.121144 -11.256556 -3.550248 12.858032 4.443936 -0.000000 0.000000 0.000000 -8.956883 4.212154 9.527992 30.823292 -0.786515 1.804908 -16.152309 -12.797560 -12.459915 -0.000000 0.000000 0.000000 6.693477 -0.422566 -6.061964 4.325916 -3.711133 1.680519 2.089119 -2.346183 0.831766 -12.093562 -5.049479 -0.653884 3.959644 -0.673255 7.367713 -0.000000 0.000000 0.000000 7.427684 -12.363747 -20.455396 7.105556 -10.155657 -48.776258 117.491866 -66.997304 132.524336 -23.822647 -9.602908 15.897666 7.241006 14.371099 16.600230 11.547576 8.289319 45.399872 125.479284 64.463207 -143.964079 -31.804448 14.852775 -11.994667 
132.062936 72.909123 60.423023 -11.694708 -3.866598 2.107797 -15.337944 -6.183790 3.229901 59.504347 0.924355 -8.843637 -6.601563 14.166942 7.765383 -0.000000 0.000000 0.000000 -5.290954 2.649152 8.733716 29.120448 0.386124 0.495192 -17.840288 -11.571478 -11.975951 -0.000000 0.000000 0.000000 7.717299 1.544091 -6.537643 3.270315 -3.750049 1.205909 2.751108 -1.749052 0.838832 -13.543903 -5.658094 -0.318522 4.108458 -3.487484 7.822056 -0.000000 0.000000 0.000000 7.688820 -11.137459 -18.718623 8.762742 -8.585956 -48.208804 121.951720 -64.988908 135.389743 -27.217541 -11.626916 14.057289 6.344644 14.604299 15.799335 9.629453 9.428138 47.326503 129.229001 63.033089 -149.476513 -33.748826 15.945563 -11.348824 
132.098055 73.809642 63.859648 -10.635964 -4.569129 2.822317 -17.927791 -7.498197 1.089674 50.617604 1.578986 -5.978546 -6.889870 13.348450 7.825197 -0.000000 0.000000 0.000000 -1.523387 3.123024 8.356081 25.762735 2.692571 -1.344502 -15.414272 -11.210420 -9.917204 -0.000000 0.000000 0.000000 6.579752 3.221734 -7.729269 2.313989 -3.543336 0.927247 3.626022 -1.139760 0.753493 -13.080294 -5.801692 0.294589 4.921967 -6.250351 8.155791 -0.000000 0.000000 0.000000 8.350936 -9.181582 -16.932902 10.432549 -7.706984 -46.780129 126.306045 -63.788134 137.689218 -29.500949 -12.464083 10.679264 6.010462 13.756157 15.541144 8.846241 11.052726 48.146169 130.624541 61.602710 -151.529788 -33.857127 16.139752 -10.741066 
132.245958 74.962640 67.170006 -9.892362 -5.916435 3.444773 -17.625486 -8.654306 -0.661292 38.144125 -0.455611 -3.075919 -5.896055 11.480922 6.332354 -0.000000 0.000000 0.000000 2.708593 3.504182 7.341448 21.633867 3.633929 -2.842542 -13.195185 -11.424015 -6.340698 -0.000000 0.000000 0.000000 5.871189 4.502238 -8.604769 2.143422 -3.252630 0.380541 4.052702 -0.558990 0.650092 -12.374360 -5.697048 0.803922 5.900206 -8.044738 8.518529 -0.000000 0.000000 0.000000 9.047177 -7.839954 -15.330530 12.298574 -7.133658 -46.145554 129.084419 -63.437271 139.742299 -31.017404 -13.786158 9.829161 5.618970 13.321498 14.667940 9.203500 12.211284 48.768875 132.127087 60.835414 -152.522491 -32.901658 16.342914 -10.657672 
132.389116 75.977618 70.501244 -9.537486 -7.723957 3.264427 -15.002100 -10.453920 -0.945782 25.201691 -1.955980 -1.406984 -3.755468 11.803737 3.482591 -0.000000 0.000000 0.000000 6.319845 3.682758 6.712620 19.930310 3.978048 -3.783645 -8.481892 -11.289198 -2.760426 -0.000000 0.000000 0.000000 5.572992 5.616965 -8.467704 2.459316 -2.804139 -0.090850 4.136417 -0.164104 0.565416 -11.843361 -5.847532 0.832717 6.326379 -8.898794 8.677736 -0.000000 0.000000 0.000000 9.219961 -6.749161 -14.736720 13.656674 -6.361322 -45.831341 129.928039 -63.258049 140.676527 -30.988134 -14.785859 9.287126 5.272184 12.931526 14.049795 10.327276 12.378132 48.226929 135.146358 60.363118 -154.043316 -34.328190 16.611603 -9.669322 
132.602859 76.616824 73.946071 -9.230377 -9.886744 2.635720 -12.202828 -11.609989 -0.952215 15.819783 -1.963048 0.546927 -0.521766 12.094442 1.246937 -0.000000 0.000000 0.000000 8.122811 2.726452 5.546570 22.160868 3.761470 -3.868532 -3.088269 -9.962881 -0.118754 -0.000000 0.000000 0.000000 5.132065 6.368775 -7.676549 2.665269 -2.226686 -0.374472 4.214166 0.117100 0.606988 -11.110699 -6.207754 0.606910 6.035697 -8.724717 8.535904 -0.000000 0.000000 0.000000 9.027314 -5.829297 -14.883516 14.452158 -5.948099 -46.196130 130.144090 -63.453879 141.108468 -29.055747 -14.913321 10.280720 5.299531 12.472765 13.898130 11.607552 11.492817 46.614309 138.089491 60.161209 -155.235506 -34.036869 17.242645 -9.256395 
132.846391 76.820284 77.566540 -8.901593 -11.527374 1.915757 -10.419419 -11.954383 -1.423583 11.382512 -2.668970 1.927724 -0.008264 11.880410 1.723074 -0.000000 0.000000 0.000000 7.826734 1.536723 4.085983 28.446792 2.629427 -3.595283 1.633649 -8.581588 2.252379 -0.000000 0.000000 0.000000 4.607637 6.322910 -6.747954 2.337910 -1.803839 -0.236938 4.162873 0.395847 0.596189 -9.784434 -6.569564 0.513344 5.659608 -7.978172 8.263395 -0.000000 0.000000 0.000000 8.584368 -5.255032 -15.411530 14.168445 -6.164631 -46.497625 128.605101 -64.419737 139.600406 -27.427231 -15.258913 10.524025 5.558295 11.554217 13.881871 12.863185 10.136930 45.624127 139.005428 61.010201 -154.906258 -32.914916 17.620603 -9.788406 
132.954061 76.463675 81.347340 -9.234766 -11.653714 1.088936 -8.692859 -11.375824 -1.954299 9.745175 -1.708169 1.682471 0.164741 11.988556 1.411527 -0.000000 0.000000 0.000000 6.093091 1.348400 3.014150 38.130261 0.046612 -2.170657 6.915655 -8.533221 4.696287 -0.000000 0.000000 0.000000 4.809657 5.362900 -6.064698 1.786519 -1.760747 0.235697 3.952298 0.264116 0.573960 -8.364704 -6.999662 0.623377 5.432583 -6.915016 8.135543 -0.000000 0.000000 0.000000 8.207857 -5.532964 -15.876389 13.428503 -6.881941 -46.118001 127.503569 -65.429991 138.764695 -26.010869 -15.301509 11.019712 5.552081 10.220592 13.941565 14.456266 8.815560 45.957661 138.489804 63.194492 -153.903597 -32.602237 17.505551 -10.590981 
133.092892 75.352448 85.025173 -9.971578 -10.918551 0.491743 -7.506725 -10.816600 -2.959368 10.779572 -1.852700 1.076172 4.161690 9.965411 3.434995 -0.000000 0.000000 0.000000 2.337524 1.120577 1.542080 50.486754 -1.968351 0.300603 14.048824 -8.980669 6.002287 -0.000000 0.000000 0.000000 5.991383 3.767058 -5.853942 1.616998 -1.900501 1.040131 3.073516 -0.256626 0.573429 -8.194901 -7.622533 0.356704 5.345597 -5.391161 8.117715 -0.000000 0.000000 0.000000 8.097113 -6.567732 -16.366242 12.138471 -7.725242 -44.828543 127.655017 -65.502915 139.641943 -24.325667 -15.467629 11.615476 5.711462 9.557986 14.172531 16.270629 7.267406 46.790287 136.211429 65.287834 -153.062321 -31.712473 17.456405 -10.287142 
133.476043 73.604268 88.449556 -10.626659 -10.060560 0.772360 -9.623593 -11.488292 -5.976451 20.621600 -3.387881 0.799965 -7.809466 12.031126 11.326344 -0.000000 0.000000 0.000000 -3.345275 1.140551 -0.846529 62.910882 -1.796842 2.194183 20.435302 -10.510387 7.895876 -0.000000 0.000000 0.000000 7.493198 2.084960 -6.449760 1.138663 -2.540745 2.122254 2.832271 -0.839401 0.544711 -9.413130 -8.096784 0.277378 4.671111 -4.275773 7.493439 -0.000000 0.000000 0.000000 7.672464 -7.854568 -17.588211 10.529473 -8.862375 -42.271125 129.579546 -65.088821 142.349888 -24.141495 -15.708630 12.003942 5.144226 8.590862 15.695685 18.105456 6.061393 45.867871 132.473673 66.827438 -151.635363 -29.530025 17.120190 -11.261907 
133.479881 72.308075 91.279721 -10.177928 -9.681208 1.090513 -14.052929 -13.976993 -7.204363 30.449720 -3.291460 -2.713723 -14.116143 13.748685 15.103774 -0.000000 0.000000 0.000000 -10.534313 2.734907 -1.192473 71.460653 0.337604 3.489560 13.620733 -12.447600 3.619626 -0.000000 0.000000 0.000000 7.775018 1.104755 -7.579291 0.161598 -3.669382 3.366082 4.106169 -1.425373 0.257111 -12.019157 -6.010958 1.682136 5.965650 -5.705620 7.039761 -0.000000 0.000000 0.000000 6.390700 -9.535783 -19.100790 9.515309 -11.163806 -38.406065 129.188948 -66.059462 143.345141 -24.185501 -16.044602 11.950470 4.845197 8.085632 18.912488 18.364910 6.277911 44.999239 121.323365 68.291626 -143.705173 -27.223134 15.275124 -12.629325 
132.964158 71.982265 94.091880 -11.961381 -8.259095 -0.173855 -11.765165 -10.991967 -5.253507 34.408910 -5.926033 -3.477089 -18.025531 11.680253 15.067431 -0.000000 0.000000 0.000000 -13.311038 2.600064 0.377708 72.651660 0.284229 4.210412 5.752840 -12.542328 -1.051433 -0.000000 0.000000 0.000000 10.058707 -0.415490 -7.343976 1.157527 -4.981735 4.188423 2.558526 -2.452048 0.766231 -12.107249 -4.706074 1.659571 4.612148 -5.758986 7.084693 -0.000000 0.000000 0.000000 6.028741 -11.631468 -18.683363 7.656771 -11.069017 -37.593231 127.224374 -65.136940 141.379631 -22.243853 -15.745649 13.151475 4.804740 8.642983 19.452149 17.975147 5.324780 48.389420 117.276531 68.886548 -140.664574 -27.478187 15.332683 -13.827349 
132.647455 72.413224 96.831071 -14.040673 -9.897212 -1.446097 -6.371491 -7.491853 -3.742725 33.105344 -6.796963 -3.331181 -20.028332 10.877668 14.666125 -0.000000 0.000000 0.000000 -14.757527 3.012217 1.279032 68.916673 0.074599 3.746084 -1.161760 -12.417588 -3.296901 -0.000000 0.000000 0.000000 11.642959 -2.340778 -6.116168 1.507676 -4.968474 3.877108 2.326231 -2.602794 0.819548 -11.838702 -3.960559 1.219026 4.406877 -4.941540 7.026433 -0.000000 0.000000 0.000000 5.098511 -11.980710 -19.046356 7.332890 -11.771062 -37.367267 132.051130 -64.323360 145.791555 -23.655809 -14.397386 14.461566 4.666575 9.080532 19.399196 18.109026 5.461780 49.806768 122.001930 68.947908 -144.867207 -28.903989 15.356339 -14.154310 
132.109046 73.329043 99.652523 -14.941281 -12.412447 -2.776083 -1.128967 -5.669381 -2.941565 29.596817 -5.285496 -2.689351 -19.825505 11.019415 13.775964 -0.000000 0.000000 0.000000 -15.636815 4.205034 2.938070 61.118739 -0.562527 3.081434 -3.564789 -13.086437 -5.983320 -0.000000 0.000000 0.000000 11.066786 -3.866570 -4.665892 1.684788 -4.603381 3.438257 2.481143 -2.729623 0.651927 -10.706669 -3.578844 0.747819 5.210851 -3.834052 6.567063 -0.000000 0.000000 0.000000 5.119048 -11.576825 -19.092825 5.973885 -12.649256 -38.029980 131.496285 -64.050425 145.662647 -24.885727 -16.898818 10.221592 5.459803 9.021986 18.406464 18.039148 6.308692 50.381407 122.675928 68.068208 -144.017157 -29.440889 16.171907 -12.707605 
131.406903 74.329644 102.601779 -15.565039 -15.600694 -3.771858 4.155622 -4.242023 -3.149686 25.443553 -3.642678 -1.490629 -18.528594 12.259864 12.213127 -0.000000 0.000000 0.000000 -15.438174 4.462470 4.247915 50.620889 -2.870462 1.620454 -4.395803 -13.833678 -5.710566 -0.000000 0.000000 0.000000 10.461501 -4.620813 -3.831846 1.381881 -4.009457 2.817064 3.117121 -2.799307 1.048050 -9.942540 -3.718821 0.108816 5.772801 -2.691400 6.172274 -0.000000 0.000000 0.000000 5.189789 -10.772234 -18.365375 5.116191 -14.297446 -39.938863 132.395877 -63.323097 146.327681 -24.635594 -16.551002 9.774761 5.831814 8.560593 17.139098 18.395744 7.121530 50.310852 125.745440 67.692164 -145.176571 -30.251213 16.474334 -11.700686 
130.612385 75.087005 105.678642 -15.415096 -19.867955 -4.386908 7.739989 -2.996977 -3.424591 23.066448 -1.317447 -1.375036 -16.149684 13.642204 10.235592 -0.000000 0.000000 0.000000 -14.293610 5.353458 5.723592 37.670903 -4.520274 -0.152877 -4.333539 -15.065949 -5.374995 -0.000000 0.000000 0.000000 8.930805 -4.874895 -3.513351 2.158646 -3.144902 2.352291 3.193206 -2.540266 1.448533 -9.409193 -3.934680 -0.322703 5.488807 -1.410618 6.060483 -0.000000 0.000000 0.000000 5.336826 -10.157387 -17.957590 4.404261 -15.783796 -41.538226 133.045788 -62.709968 147.067483 -24.062546 -16.364990 10.354652 6.445492 8.638107 16.379743 18.416522 7.941554 49.527120 128.147163 67.463282 -146.575376 -31.102605 16.670567 -11.163526 
129.892063 75.381535 108.731341 -14.807769 -22.751542 -4.064246 8.919434 -2.186060 -3.664784 24.418910 0.071981 -2.179210 -13.977807 14.146580 8.062464 -0.000000 0.000000 0.000000 -12.389994 4.930520 5.962541 25.042851 -6.554798 -1.703472 -2.271347 -15.403828 -3.952368 -0.000000 0.000000 0.000000 7.948470 -4.919625 -3.807602 1.914659 -3.271506 2.098979 3.485299 -2.622722 1.756120 -9.008097 -4.200958 -0.236716 5.365756 -0.479085 6.292969 -0.000000 0.000000 0.000000 5.498123 -9.769497 -17.995277 4.105010 -17.152268 -42.185494 133.896916 -62.508146 147.915903 -23.381022 -16.529694 11.655064 6.419859 8.073267 16.199999 18.206070 8.694965 48.590654 129.304108 67.599407 -146.826513 -31.433427 16.804557 -10.810206 
128.998578 75.211853 111.686349 -14.506413 -25.260048 -3.203453 8.502273 -0.771433 -3.637458 29.558800 0.946333 -3.828391 -12.194280 13.483730 5.748263 -0.000000 0.000000 0.000000 -10.374422 2.884744 6.021668 16.228302 -7.802951 -4.058771 1.865600 -14.558949 -1.486671 -0.000000 0.000000 0.000000 7.396040 -4.213868 -5.036624 1.228183 -3.713411 1.722796 3.754510 -2.842510 1.993845 -7.997085 -4.695368 -0.028327 5.302903 -0.055508 7.071611 -0.000000 0.000000 0.000000 5.718742 -9.666016 -17.742280 3.742363 -17.720738 -42.094886 134.590407 -62.727478 147.716895 -23.347470 -16.823554 12.728581 6.125217 7.402642 16.242570 17.782617 9.216576 48.845047 129.172781 68.114168 -145.898591 -31.524752 16.856275 -11.101826 
128.025949 74.586838 114.316761 -14.541394 -27.374270 -3.192145 5.846030 0.766151 -1.744363 39.151174 1.051606 -6.516280 -9.312976 11.390435 3.270093 -0.000000 0.000000 0.000000 -9.261962 1.787059 6.624003 14.081009 -6.155163 -4.302988 4.236894 -12.720256 -2.610675 -0.000000 0.000000 0.000000 6.946672 -3.508788 -5.688999 2.042355 -4.194080 1.729913 2.768248 -2.871941 1.812427 -6.772860 -5.432288 -0.434135 4.937270 0.039052 8.047693 -0.000000 0.000000 0.000000 5.515108 -10.268456 -17.864633 3.472402 -16.957181 -41.669295 134.979330 -62.794320 147.243052 -23.171657 -16.152025 12.680590 6.477224 8.089942 16.415582 16.618467 8.825657 49.665353 128.939675 68.320213 -145.670017 -32.181714 16.566798 -11.340479 
127.113259 73.533618 116.686463 -14.882694 -29.127773 -4.087785 2.017336 1.227693 1.281283 50.551922 -0.219885 -8.961032 -5.389306 9.030522 -0.143259 -0.000000 0.000000 0.000000 -10.272158 3.293287 7.843372 20.919920 -4.605644 -3.110901 -4.473460 -13.918579 -6.934656 -0.000000 0.000000 0.000000 6.767295 -3.240395 -5.678337 3.828525 -4.160509 2.312927 1.055733 -2.712448 1.183389 -6.398115 -5.721665 -0.584008 4.997943 -1.207751 8.053670 -0.000000 0.000000 0.000000 4.885004 -11.606691 -18.797225 3.789235 -16.239787 -40.512349 134.087015 -62.586567 146.305919 -22.642977 -15.222647 12.612763 6.655915 9.996655 17.777258 15.910486 7.417060 49.172072 128.661275 67.843900 -146.701777 -32.889878 16.440010 -11.109836 
126.429296 72.677869 118.746519 -14.619939 -31.272836 -5.633103 -2.672013 -0.855439 4.063866 60.306565 -2.338649 -11.719048 -1.782340 8.344315 -0.946002 -0.000000 0.000000 0.000000 -13.782496 6.466284 9.595299 29.351496 -1.887499 -0.617299 -9.255739 -17.458292 -9.702377 -0.000000 0.000000 0.000000 5.885543 -2.758446 -5.161759 4.721805 -3.716250 3.555130 2.114645 -2.491107 0.476618 -9.131183 -6.574357 -0.167913 6.433901 -2.490628 7.666268 -0.000000 0.000000 0.000000 3.483308 -12.853624 -20.485027 6.186211 -20.834050 -39.888132 140.463670 -66.152243 149.807216 -21.388044 -16.111317 28.670220 4.909453 11.035520 20.575005 16.717230 8.573665 45.628825 127.970419 69.036541 -148.537231 -31.526425 16.861695 -13.489421 
125.839186 72.436994 120.707643 -15.747376 -34.800289 -7.734559 -5.171895 -1.821232 5.693543 65.703950 -0.191514 -13.084738 -4.202118 9.153587 -1.007944 -0.000000 0.000000 0.000000 -13.046128 7.042283 10.280952 32.417167 -1.835629 0.171917 -12.239891 -14.399787 -10.216099 -0.000000 0.000000 0.000000 6.831929 -2.005702 -4.391140 6.852826 -3.607697 3.385301 0.335240 -2.050346 0.270339 -9.881821 -6.092561 0.526812 4.873798 -4.201591 7.628671 -0.000000 0.000000 0.000000 3.762363 -14.124983 -20.580161 3.512399 -15.965185 -42.180254 125.805761 -64.117822 139.836222 -21.078117 -12.106318 11.732359 6.337195 14.141826 19.662757 12.518540 7.753678 47.359463 118.027576 67.363596 -140.940651 -30.934919 14.423721 -11.847828 
125.296617 72.607458 122.584510 -15.595705 -37.608857 -8.568795 -8.517451 -2.337054 6.226615 66.722528 0.693356 -12.371833 -5.839149 10.436887 1.194036 -0.000000 0.000000 0.000000 -11.535931 5.869137 10.073022 32.294346 -0.408524 -0.603705 -13.782375 -11.686677 -9.645536 -0.000000 0.000000 0.000000 6.853139 -0.909065 -4.599118 6.658772 -4.126198 3.525385 0.356360 -2.026617 0.719131 -10.176968 -7.091534 0.609158 4.004046 -4.911833 8.564851 -0.000000 0.000000 0.000000 4.139274 -14.872662 -20.435634 4.352550 -14.810814 -44.422569 124.914861 -64.001536 139.426696 -19.314516 -9.865067 15.434077 6.155812 14.991286 19.373609 11.313731 7.394864 48.572883 123.011793 66.620733 -146.467083 -32.191035 14.840442 -12.860207 
124.851584 73.199373 124.399447 -14.795431 -39.696187 -8.471400 -10.929969 -3.478126 5.885906 62.550004 1.245997 -10.155119 -7.770020 10.560783 2.692534 -0.000000 0.000000 0.000000 -9.241472 5.428689 9.283608 29.357988 1.037095 -1.482310 -13.381804 -10.252341 -8.423954 -0.000000 0.000000 0.000000 6.898490 -0.171151 -5.076575 5.184005 -4.699086 3.618492 1.031851 -2.322176 0.961878 -10.464552 -7.555385 1.455674 4.336982 -6.216016 9.044063 -0.000000 0.000000 0.000000 4.697822 -13.268963 -19.891768 4.548309 -15.036066 -45.904892 125.277862 -64.516021 138.136099 -22.530878 -11.058000 14.777400 5.703653 13.320301 19.628663 11.124350 8.395003 48.779985 125.598410 65.489963 -148.107729 -32.783545 15.524614 -12.965162 
124.637067 73.920202 126.181662 -14.592159 -42.962335 -8.455957 -11.429757 -3.841804 5.175372 54.445375 1.164498 -6.558144 -8.695941 9.467790 3.476129 -0.000000 0.000000 0.000000 -6.181596 5.540272 8.366406 24.934241 3.334582 -2.917382 -11.685139 -9.283328 -7.294360 -0.000000 0.000000 0.000000 7.234344 0.069950 -5.083748 3.447688 -4.621053 2.996572 1.987443 -2.134329 1.121193 -10.116394 -8.184165 1.778528 4.564004 -6.873250 9.739201 -0.000000 0.000000 0.000000 5.497895 -11.250989 -19.032806 5.291552 -14.136727 -46.502291 127.572306 -64.674604 138.817556 -25.981944 -11.698403 11.411805 5.856816 12.140299 18.601078 11.260314 9.301149 49.166549 128.465000 64.825251 -149.083661 -32.778200 16.117785 -13.203399 
124.481487 74.428707 127.856112 -13.942998 -47.674670 -7.735674 -10.549610 -4.454459 5.118415 43.542404 -0.966964 -3.805336 -8.363168 8.184024 3.853025 -0.000000 0.000000 0.000000 -4.373395 6.794947 7.526695 21.419529 6.422166 -4.718679 -10.418027 -9.234847 -6.672252 -0.000000 0.000000 0.000000 6.823807 0.262450 -5.923820 2.041770 -3.626343 2.478947 2.859443 -1.623865 1.390025 -9.739340 -8.707990 1.944334 4.946001 -7.510799 10.399982 -0.000000 0.000000 0.000000 6.405975 -9.403555 -17.668022 6.495374 -13.415661 -46.462563 128.472274 -64.294107 138.335409 -26.465072 -12.257408 11.456381 6.165221 11.475761 17.413013 11.713270 9.933508 49.404602 131.722575 64.457134 -150.505558 -35.291800 16.531179 -11.108292 
124.510193 74.567980 129.694331 -13.354534 -51.487805 -7.746333 -8.053015 -7.509044 4.624128 31.921020 -4.174742 0.415548 -6.057699 9.834531 4.029743 -0.000000 0.000000 0.000000 -3.634729 8.276636 7.066163 20.226588 9.251416 -5.322131 -10.474922 -10.196888 -6.992289 -0.000000 0.000000 0.000000 6.457050 0.619943 -5.670400 1.311499 -3.115987 2.206135 3.455398 -1.559215 1.603412 -9.593056 -9.252956 2.059508 4.969057 -8.158107 10.836757 -0.000000 0.000000 0.000000 7.203702 -8.392456 -16.774995 7.770443 -12.637227 -45.601756 129.689784 -63.998579 138.573065 -26.249361 -12.543347 12.122899 6.199258 11.351982 16.480113 12.651452 10.158978 49.008534 134.777001 63.728594 -152.300255 -36.154986 17.007470 -10.734678 
124.623358 74.234259 131.658185 -13.213185 -55.893390 -8.600867 -5.235818 -9.695557 5.293352 23.705118 -8.309416 4.272384 -3.174178 11.293943 1.766430 -0.000000 0.000000 0.000000 -4.601673 9.973161 7.084295 22.928727 11.091056 -5.678321 -13.030310 -11.598605 -7.774150 -0.000000 0.000000 0.000000 6.249904 0.424788 -5.325504 1.535360 -2.122439 2.249352 3.254705 -1.353270 1.747341 -9.810143 -9.103412 2.533270 4.991429 -9.112134 10.719250 -0.000000 0.000000 0.000000 7.598584 -7.377325 -16.709999 9.414010 -11.354403 -44.127625 130.844311 -63.837846 139.327163 -26.770951 -12.916714 11.879328 5.962261 11.581921 16.636215 13.581857 9.914253 47.507002 137.698364 62.836856 -154.231984 -36.791856 17.607863 -10.233593 
124.997020 73.310566 133.577132 -13.110154 -61.286377 -9.242012 -2.450114 -12.852774 5.516696 20.957273 -13.388845 6.097866 -6.494528 11.662694 1.905220 -0.000000 0.000000 0.000000 -9.729131 11.805125 6.886278 32.349562 8.454883 -4.591307 -17.495864 -16.179443 -9.995207 -0.000000 0.000000 0.000000 6.376066 -0.358635 -5.414482 2.853040 -0.621737 2.607577 2.167113 -1.156409 1.655857 -10.732020 -8.426226 3.398796 4.502738 -9.843077 9.678854 -0.000000 0.000000 0.000000 7.931555 -6.311411 -17.354353 10.583054 -9.373345 -43.074218 129.593602 -63.445799 138.897819 -27.854985 -13.338647 10.379676 5.564483 12.457878 17.629612 14.026448 10.321275 45.972840 138.032793 62.148603 -155.372924 -37.390249 17.823658 -9.635427 
125.460410 71.775001 135.290718 -15.189090 -66.848903 -11.642396 -1.830430 -13.563644 5.018888 23.703524 -15.315219 4.509611 -15.647729 13.166062 5.915704 -0.000000 0.000000 0.000000 -16.023843 12.866986 7.378443 44.943387 5.956608 -3.125325 -22.285726 -18.636905 -13.661722 -0.000000 0.000000 0.000000 8.394816 -1.128092 -5.062099 3.710489 0.306484 2.795017 1.405955 -0.694345 1.319287 -12.644856 -7.659171 3.728603 4.032529 -10.578262 8.835661 -0.000000 0.000000 0.000000 7.228227 -6.556495 -18.267491 12.046394 -6.422396 -41.228600 129.672903 -64.004597 139.585871 -27.709102 -13.373047 10.504519 4.842027 14.169960 18.545595 13.829300 10.801607 45.938976 136.913864 61.370441 -155.950285 -35.910330 17.450009 -11.375135 
126.033449 70.581537 136.653936 -26.685592 -67.591941 -20.714479 -1.782150 -12.573070 -0.212670 30.832989 -16.106990 5.283659 -20.929461 15.028782 8.922057 -0.000000 0.000000 0.000000 -16.388997 10.418444 4.437943 55.305053 3.703527 -1.981922 -26.031033 -17.702435 -14.767698 -0.000000 0.000000 0.000000 18.081904 -1.248848 -5.034115 1.742260 -1.442065 2.078668 1.621979 -1.735162 1.282998 -16.777505 -7.090464 3.883858 5.005145 -12.844269 8.682829 -0.000000 0.000000 0.000000 5.200928 -8.953539 -18.532806 12.755543 -4.296473 -38.081267 124.944473 -66.057531 134.733982 -26.627464 -14.802009 12.708450 0.765985 15.501932 21.093824 14.455321 10.688583 47.640110 133.794380 61.283421 -155.083711 -33.620515 17.205562 -12.118990 
126.139092 69.536388 137.307513 -29.450894 -70.123643 -24.248189 -5.926998 -10.914580 -0.613972 39.372182 -13.179033 4.872410 -24.015522 13.151697 9.233427 -0.000000 0.000000 0.000000 -21.321707 8.716141 5.064934 63.225417 1.534012 -0.229096 -27.281080 -16.380137 -15.141955 -0.000000 0.000000 0.000000 21.237801 -1.357104 -3.821578 1.548506 -2.425499 2.876980 1.531474 -2.052889 1.397598 -18.535041 -6.807564 3.694664 2.915289 -14.276186 8.544720 -0.000000 0.000000 0.000000 4.743725 -11.438132 -18.655814 12.003959 -3.262673 -36.429696 119.940454 -67.474172 130.199778 -23.816297 -12.965788 12.842506 0.678646 16.841457 21.214394 13.623718 10.356663 48.653515 132.936707 60.784276 -154.689250 -34.552374 17.111227 -14.244093 
125.479341 69.127482 137.763047 -40.013946 -75.397790 -34.918486 -5.364417 -8.988605 -0.462045 41.419106 -11.330595 2.719297 -26.378135 14.393997 10.558526 -0.000000 0.000000 0.000000 -24.239807 8.628065 5.774174 67.652508 0.741516 1.124000 -27.164650 -15.888138 -14.754645 -0.000000 0.000000 0.000000 21.954500 -1.448903 -4.099864 2.882552 -1.668402 3.049531 0.940577 -1.685257 1.665471 -18.822576 -6.929090 3.586899 1.159433 -14.292331 8.559171 -0.000000 0.000000 0.000000 4.159445 -12.373025 -19.103562 11.918703 -2.992681 -35.072649 121.650883 -67.571965 132.683992 -20.606984 -13.336631 14.306402 0.713027 17.595070 21.434289 14.346872 9.290442 48.127711 135.743793 60.667579 -157.069400 -38.162225 17.306385 -11.552376 
124.525857 69.316751 138.024354 -52.266309 -79.952909 -47.889780 -2.240632 -6.106420 1.099065 36.528135 -7.928960 1.342168 -28.539676 13.306366 11.615298 -0.000000 0.000000 0.000000 -26.776836 7.846281 6.310678 68.722742 -0.237247 2.826895 -26.702400 -15.504626 -13.776775 -0.000000 0.000000 0.000000 20.251579 -2.428335 -3.707087 3.649961 -1.106949 3.254210 0.442522 -1.520066 1.734126 -17.827635 -6.955763 3.479749 0.126191 -13.844760 8.592493 -0.000000 0.000000 0.000000 4.372574 -12.153091 -19.143404 11.482479 -3.852488 -35.573963 127.930970 -68.055855 139.880722 -22.694735 -13.937243 13.120923 1.634639 17.151869 21.136116 14.399064 8.550641 47.445076 135.847396 60.439570 -156.725740 -35.888095 16.618932 -9.055196 
122.913527 69.836169 137.801433 -96.203608 -85.656756 -93.164639 -1.985906 -3.255431 3.271601 34.118757 -4.503383 -0.213027 -28.008941 12.942883 11.360468 -0.000000 0.000000 0.000000 -31.151791 7.791854 8.445418 68.102943 -0.952187 3.885805 -25.676954 -15.556176 -13.356207 -0.000000 0.000000 0.000000 13.831085 -3.407707 -3.460826 4.337815 0.245402 3.667650 0.755531 -0.706533 1.494310 -15.638143 -7.053317 3.085491 -0.221717 -12.553289 8.477210 -0.000000 0.000000 0.000000 5.302965 -10.851160 -18.189944 10.662083 -5.520646 -37.945265 126.570616 -66.250433 138.389870 -23.321753 -13.837678 14.237025 4.472079 16.311187 19.526300 14.234108 8.272810 47.116996 136.362689 60.423439 -155.826857 -38.351439 16.507635 -7.193495 
121.316385 71.198583 137.339520 -140.078968 -83.963847 -137.533055 1.480515 -2.756783 3.698935 29.958458 -2.869877 -0.666399 -24.195002 14.982945 9.295333 -0.000000 0.000000 0.000000 -30.268327 6.962128 7.723562 64.130158 -2.868235 5.648567 -24.164183 -15.418892 -12.202239 -0.000000 0.000000 0.000000 12.585713 -3.828130 -2.971982 4.104706 -0.061450 3.572761 0.809142 -1.015815 1.440631 -15.398351 -6.887785 2.909058 0.196233 -11.862076 8.318948 -0.000000 0.000000 0.000000 5.189653 -10.738383 -19.152548 10.424898 -7.201081 -37.836464 128.738873 -65.579969 141.114916 -22.501086 -13.754564 14.503367 4.693143 15.113530 20.020663 14.950974 7.738086 46.365776 138.094444 60.376821 -156.740067 -39.921810 16.512695 -7.196439 
119.494355 72.840625 136.388814 -156.569100 -80.484694 -154.323250 4.773456 -2.270613 4.218312 26.396139 -1.256580 -0.940613 -17.337092 16.707201 5.261698 -0.000000 0.000000 0.000000 -28.023649 5.874261 6.962053 58.116821 -5.656816 6.895354 -21.792209 -15.439197 -10.878575 -0.000000 0.000000 0.000000 11.730623 -4.147141 -3.104133 4.100673 -0.484005 3.343714 0.589090 -1.462247 1.628900 -15.070300 -6.616930 2.703753 0.116290 -10.721689 8.468482 -0.000000 0.000000 0.000000 5.299204 -10.632702 -18.833523 9.620826 -9.018347 -39.257312 129.386690 -64.802586 142.188910 -23.647416 -14.326503 14.350688 4.848025 14.098271 19.407650 15.270673 7.715260 46.806721 138.163535 60.440049 -156.107660 -40.427327 16.432438 -6.575789 
117.490208 74.403405 135.193741 -165.092590 -76.115770 -163.012663 7.028993 -0.800517 4.533561 24.365444 0.302977 -0.567605 -8.130837 17.133526 -0.949429 -0.000000 0.000000 0.000000 -25.187601 4.299311 6.773792 50.632796 -8.724407 6.616474 -18.323310 -15.309954 -9.063795 -0.000000 0.000000 0.000000 10.779806 -4.288429 -3.259918 4.112267 -0.654459 2.801470 0.501886 -1.511149 1.725595 -14.809863 -6.272435 2.208445 -0.092100 -9.362491 8.877954 -0.000000 0.000000 0.000000 5.154528 -10.441778 -18.600368 8.924551 -10.788553 -40.171124 131.529461 -63.750834 144.285691 -24.266363 -14.209128 15.087397 5.068537 13.269844 18.517001 15.413232 7.841835 47.337441 139.687413 60.767024 -156.436620 -40.238290 16.748234 -7.797690 
115.431964 75.530303 133.970678 -170.561590 -71.493730 -168.188264 7.668997 0.346527 4.700340 24.358709 2.156157 -1.031774 0.380964 15.405044 -5.460610 -0.000000 0.000000 0.000000 -22.305177 2.460882 6.767875 42.970241 -11.229786 5.383611 -15.330390 -14.286319 -7.469475 -0.000000 0.000000 0.000000 9.761009 -3.959827 -3.646284 4.143103 -0.850727 2.204386 0.092002 -1.599567 1.697607 -14.157467 -5.728783 1.669601 -0.136555 -8.096612 9.105867 -0.000000 0.000000 0.000000 5.230605 -10.330761 -18.258575 7.937473 -12.334491 -41.234897 132.890085 -62.754691 145.640965 -25.365669 -14.876745 14.543747 5.630688 12.732044 17.897663 14.955704 7.888840 47.679027 140.064553 61.023505 -155.958151 -40.908917 17.148910 -8.306439 
113.425708 75.811267 132.697093 -174.837783 -66.410816 -172.169338 6.009439 0.986278 5.626339 28.790902 3.182899 -2.233548 8.174975 12.309286 -9.406138 -0.000000 0.000000 0.000000 -19.900820 1.210414 7.794522 37.276110 -12.360710 3.514502 -10.879843 -12.828307 -5.684812 -0.000000 0.000000 0.000000 8.854051 -3.395903 -4.244942 3.873591 -0.882399 1.767617 -0.155181 -1.415454 1.750892 -13.810256 -5.263301 0.987174 -0.078212 -6.604448 9.519787 -0.000000 0.000000 0.000000 5.267769 -10.219786 -17.619707 7.236833 -13.392536 -42.799916 135.027425 -61.801092 147.816741 -26.271650 -15.242946 13.980308 6.073297 12.630387 16.851280 14.393806 8.147475 48.451513 141.098400 61.491357 -156.494379 -41.330536 17.524223 -8.759371 
111.589062 75.158077 131.559515 -177.325968 -61.591618 -173.954786 2.624513 -1.207866 5.821088 37.215107 1.933247 -4.098608 13.971594 9.605864 -11.289718 -0.000000 0.000000 0.000000 -17.416540 1.535016 8.393644 33.996333 -12.889552 2.846906 -4.609588 -11.582604 -3.111596 -0.000000 0.000000 0.000000 8.509152 -2.565879 -5.300204 3.618467 -1.174020 1.656630 -0.235954 -1.329927 1.727001 -13.927286 -5.004069 0.539969 -0.442988 -5.252872 9.512829 -0.000000 0.000000 0.000000 5.319678 -10.399446 -17.273786 6.783265 -14.390842 -43.965740 135.884735 -60.934438 149.783784 -26.491084 -15.344059 12.901244 5.812336 12.718933 16.150112 14.204032 8.912602 48.603744 141.464876 61.899488 -157.323566 -42.276253 17.586216 -7.901532 
110.040903 73.645508 130.544376 -179.479069 -57.082789 -175.306096 -2.231501 -3.756745 5.198043 46.963469 -1.870725 -5.512068 17.577649 6.817121 -10.836139 -0.000000 0.000000 0.000000 -14.637531 2.187611 8.806165 32.147893 -10.494680 2.729466 -11.973579 -9.723994 -8.349410 -0.000000 0.000000 0.000000 8.109626 -1.396812 -6.027082 3.588683 -1.687225 1.507819 -0.232688 -1.187969 1.384370 -14.776527 -4.032536 0.273647 -0.152046 -4.993895 9.086316 -0.000000 0.000000 0.000000 4.670371 -10.902475 -17.401656 6.976005 -14.616560 -44.463593 135.403238 -60.135453 150.539289 -26.346196 -15.257174 13.218445 5.693571 13.953498 15.940904 12.993129 9.037702 48.263275 140.976666 61.813299 -157.659945 -42.542348 18.132926 -7.429353 
108.782411 71.670139 129.446304 178.685376 -52.751628 -176.623846 -8.050175 -5.655740 4.794993 56.823536 -4.943920 -6.779748 12.581786 6.944189 -7.249442 -0.000000 0.000000 0.000000 -12.300001 2.545889 9.569166 31.107222 -6.509640 1.905229 -22.165130 -8.222772 -12.772945 -0.000000 0.000000 0.000000 7.887881 0.177769 -6.497241 3.032599 -2.061861 1.569376 0.262645 -0.982225 1.101808 -16.222213 -2.917514 -0.032617 0.517742 -5.296043 7.822135 -0.000000 0.000000 0.000000 4.109429 -11.272863 -18.128442 7.172928 -14.259372 -44.757976 132.355480 -59.863785 148.535627 -26.462339 -14.572914 14.487159 5.290824 15.189816 17.218733 11.401894 9.079684 46.080959 138.685482 61.351208 -156.525650 -42.447916 18.056030 -7.945729 
107.801807 70.005214 128.273356 176.643361 -48.264065 -178.912655 -14.987503 -6.427172 5.460160 65.239058 -4.775032 -7.390565 4.580135 8.342857 -3.009632 -0.000000 0.000000 0.000000 -13.496474 3.248160 11.552789 34.678834 -3.099516 0.712372 -27.955650 -7.667015 -16.135771 -0.000000 0.000000 0.000000 8.170818 1.367327 -6.067639 2.163547 -1.751840 1.482102 0.574768 -0.755541 0.976832 -18.353899 -2.245186 -0.516555 1.088329 -4.801395 6.655739 -0.000000 0.000000 0.000000 3.968869 -11.906778 -19.121408 7.319028 -12.446290 -45.874275 129.197644 -60.591695 146.399468 -26.779855 -13.545708 15.923626 4.915309 17.424018 18.314496 8.876552 9.842262 43.755883 136.369038 61.635215 -155.536156 -42.442950 17.500302 -8.291438 
106.691837 69.230717 126.972389 175.765436 -43.152879 -179.891885 -20.746675 -7.010656 5.236861 69.465170 -3.242423 -8.065261 -3.156315 10.888604 2.195489 -0.000000 0.000000 0.000000 -13.643080 3.880398 12.167004 37.428169 0.727654 -0.100637 -30.433298 -7.072852 -16.909792 -0.000000 0.000000 0.000000 9.397213 2.188822 -6.143437 2.430662 -1.027805 1.059090 0.552171 0.197472 0.898787 -21.902558 -1.528608 -1.084734 0.381513 -4.230328 6.035622 -0.000000 0.000000 0.000000 3.861654 -12.164735 -19.445765 8.255850 -10.122060 -47.031123 129.246072 -61.101737 147.294584 -29.414824 -13.076580 17.482171 4.687320 20.178574 18.037087 5.645714 12.000364 42.388275 135.773701 61.395727 -156.352321 -41.299842 17.084900 -10.081370 
105.095828 69.370329 125.232363 174.988258 -40.038782 -179.646389 -25.914918 -7.696274 2.849130 69.086329 -2.218043 -7.295343 -10.461206 11.982278 7.832109 -0.000000 0.000000 0.000000 -10.373463 3.169488 10.811878 34.909872 4.532964 -1.752365 -31.655261 -6.024936 -16.373815 -0.000000 0.000000 0.000000 10.329346 3.580048 -7.243675 2.178712 -1.150531 0.399489 0.860655 0.801761 0.866659 -24.282097 -1.082285 -1.386322 -0.712344 -5.112155 5.949171 -0.000000 0.000000 0.000000 4.246557 -11.936005 -18.676521 9.551014 -8.112219 -46.995272 130.130154 -60.446107 147.596019 -32.540846 -13.684078 18.046134 4.013317 21.435768 17.890231 2.735760 14.104537 42.244339 134.829196 60.036403 -156.135030 -39.205669 17.019318 -12.214842 
102.954841 70.358616 122.886598 173.342775 -39.787157 -179.828807 -30.512637 -9.952345 -0.700500 63.845494 -1.367574 -5.955680 -14.384495 12.087135 10.027566 -0.000000 0.000000 0.000000 -5.799472 3.586456 9.769124 28.227304 6.520635 -3.392397 -29.923961 -7.442747 -14.564454 -0.000000 0.000000 0.000000 9.515768 5.084584 -8.447238 1.411368 -1.893822 0.231038 1.743685 0.899932 0.817588 -25.234420 -1.435059 -1.300091 -0.567786 -6.761478 5.891921 -0.000000 0.000000 0.000000 4.978988 -10.982936 -17.379804 10.784103 -7.840997 -46.458237 130.834698 -59.908177 146.949139 -33.390484 -14.465812 16.900187 3.233801 20.765755 17.502674 2.196253 16.401207 43.011236 134.436259 59.146825 -156.362359 -39.159931 16.812596 -10.896063 
100.388503 71.883076 120.111442 171.629851 -39.826492 -179.797809 -33.338577 -12.386620 -4.522846 54.404582 0.135068 -4.951487 -14.370476 12.403308 9.944808 -0.000000 0.000000 0.000000 -0.713789 4.447114 8.026644 20.842827 7.895258 -4.469996 -23.454971 -9.360731 -10.900452 -0.000000 0.000000 0.000000 8.019187 6.623956 -9.753519 0.375152 -2.361846 0.051012 2.833817 1.009370 0.723121 -25.262937 -1.919001 -1.134599 0.509679 -8.742145 5.962098 -0.000000 0.000000 0.000000 5.806729 -9.447431 -16.088591 11.581839 -8.895798 -46.024152 131.652836 -59.760653 146.769246 -34.281090 -15.040707 14.787349 2.873855 18.872224 17.475780 2.946594 18.434409 43.083946 134.306041 58.584712 -155.899495 -40.741015 16.550931 -10.042082 
97.660530 73.603946 116.991174 170.759439 -38.952598 -179.723806 -32.965833 -14.662634 -6.833775 41.434288 0.086427 -3.687560 -12.407059 11.747116 8.745396 -0.000000 0.000000 0.000000 2.964959 4.303202 5.865344 17.074039 7.972520 -4.212779 -12.555209 -9.519570 -4.406375 -0.000000 0.000000 0.000000 6.919441 8.140127 -10.576611 -0.221793 -2.106907 -0.165431 3.492606 1.350017 0.699874 -25.225033 -2.504624 -0.982292 1.629072 -10.628194 6.170310 -0.000000 0.000000 0.000000 5.984453 -7.784589 -15.530223 12.244805 -10.220908 -45.678669 132.543000 -60.130609 147.158847 -33.393000 -15.623075 12.719356 2.648852 16.970291 17.581256 4.707615 19.709221 42.826744 135.705281 58.533260 -156.308543 -41.518144 16.768541 -9.102797 
94.896740 75.011659 113.808739 170.960687 -37.119655 179.998170 -30.067218 -16.230074 -7.130574 28.387936 -0.806994 -1.964073 -9.652786 10.992837 6.112424 -0.000000 0.000000 0.000000 3.689574 1.578567 3.157323 19.577851 5.482052 -1.630776 0.286986 -5.496471 3.943984 -0.000000 0.000000 0.000000 6.913238 9.239491 -10.213324 -0.969470 -1.515004 -0.402272 3.762769 1.702678 0.842939 -25.099655 -2.940544 -0.845477 2.407134 -11.731762 6.397726 -0.000000 0.000000 0.000000 5.669967 -6.339836 -15.021225 12.546509 -11.020490 -46.862712 132.755945 -61.161604 147.250643 -31.377546 -16.027920 10.928688 2.646175 15.491397 16.786854 6.663660 19.855913 43.494840 138.865033 59.247429 -157.720814 -40.114190 17.491561 -8.335082 
92.292601 75.731063 110.680580 172.412656 -34.571500 179.354981 -25.662025 -15.809370 -6.003124 19.771007 -2.600090 0.708790 -6.658117 10.042906 3.404600 -0.000000 0.000000 0.000000 1.845716 -1.887584 1.569031 28.791362 3.055936 -0.315572 11.609537 -0.124060 10.193784 -0.000000 0.000000 0.000000 7.658737 9.432320 -9.112150 -0.510785 -0.745776 -0.196624 2.952426 1.947467 1.470017 -24.366974 -3.537544 -0.925698 2.082099 -10.979088 6.881725 -0.000000 0.000000 0.000000 5.499489 -6.460444 -14.680197 12.656523 -10.787596 -49.075250 132.654105 -62.325869 147.323445 -29.702914 -15.863405 12.139728 2.685914 15.505735 15.495659 8.136325 18.618208 44.432710 143.015136 60.310672 -159.569536 -39.324126 18.174848 -7.549030 
89.835531 75.460660 107.766521 174.616891 -32.164052 178.868628 -21.315831 -14.637995 -4.939831 16.773610 -2.710383 2.456830 -4.979902 11.075979 3.779230 -0.000000 0.000000 0.000000 -1.361064 -2.090680 1.565041 41.488356 1.958845 0.105598 18.211359 -2.131329 9.953494 -0.000000 0.000000 0.000000 8.718160 8.132250 -7.779883 0.608754 0.068142 0.491216 2.078713 1.888526 2.087827 -23.624952 -4.567547 -1.208512 1.713091 -8.286875 7.336282 -0.000000 0.000000 0.000000 5.501301 -7.705342 -15.681915 12.547093 -10.314258 -49.500717 132.765227 -63.418378 147.699135 -28.371286 -15.743740 15.696050 2.757356 16.562953 15.632071 10.206682 17.140137 43.773937 144.840680 61.002100 -160.496268 -38.360119 18.628962 -8.313213 
87.518990 74.204528 105.199945 176.000788 -29.968233 178.565418 -19.350780 -14.071943 -5.009478 21.096990 -2.567437 1.910823 -8.644740 12.731485 9.787587 -0.000000 0.000000 0.000000 -7.073179 -0.001007 1.339149 56.359250 2.115277 1.791748 11.781177 -7.766213 6.054490 -0.000000 0.000000 0.000000 9.215473 6.248866 -6.914191 1.480498 0.577854 1.530685 1.537010 1.792766 2.019988 -22.768048 -4.324421 -0.702469 2.121883 -6.421215 6.907968 -0.000000 0.000000 0.000000 5.033467 -9.279728 -16.499054 11.856571 -10.937791 -48.258263 131.601791 -65.075318 146.092145 -28.748650 -15.769737 17.389043 3.030084 17.223838 16.232301 11.747374 16.016805 43.651412 142.589813 61.689609 -159.010345 -38.274762 17.947813 -6.939362 
85.318452 72.433197 102.795553 177.127435 -28.053534 178.537668 -19.244336 -13.249155 -5.587397 29.347307 -2.837869 1.441631 -17.352224 13.169066 14.136329 -0.000000 0.000000 0.000000 -14.035533 2.221646 1.285367 69.551999 2.756659 3.288029 5.739342 -10.558150 2.101833 -0.000000 0.000000 0.000000 10.296291 4.322085 -6.397333 1.111473 0.534489 2.493012 1.369553 1.788326 1.786109 -21.340660 -3.366774 0.031262 1.896761 -5.555095 6.584295 -0.000000 0.000000 0.000000 3.924774 -11.589502 -17.265985 10.989557 -12.271771 -46.045307 129.397900 -66.709659 142.876005 -27.088953 -15.370381 19.131070 3.419993 17.444252 17.181816 13.303010 14.266650 44.398805 139.347270 62.755748 -157.256396 -38.067178 16.874529 -6.019880 
83.355433 71.164054 100.391507 177.194292 -27.502182 178.528486 -19.620506 -13.375636 -6.379073 35.084360 -3.698035 -0.265375 -22.376560 14.135124 17.662137 -0.000000 0.000000 0.000000 -22.026752 3.656656 1.110637 77.941250 4.095787 4.948984 0.496328 -10.850462 -0.207297 -0.000000 0.000000 0.000000 10.708585 2.631084 -6.390050 0.867766 -0.277078 3.437173 2.201157 1.197803 1.615845 -22.051850 -1.521857 0.798285 1.822956 -5.789037 6.475394 -0.000000 0.000000 0.000000 2.758644 -14.271903 -17.764221 9.717793 -15.415654 -43.486136 129.136623 -66.318726 143.344441 -23.100617 -14.766652 24.710072 3.582848 17.089208 18.387678 14.650776 13.058200 45.042321 134.358029 63.903093 -154.020904 -36.812698 15.430262 -8.914902 
81.368303 70.865959 97.374821 178.413933 -27.444369 177.897605 -15.041581 -10.407067 -4.664177 35.736651 -5.297241 0.151974 -25.573983 12.398824 17.952384 -0.000000 0.000000 0.000000 -26.983858 3.656154 2.703835 79.368810 5.042765 5.749219 -5.218999 -8.836549 -1.971126 -0.000000 0.000000 0.000000 11.805020 0.743264 -5.025284 1.650202 -0.750948 4.403223 1.712987 0.685186 2.093135 -22.299751 0.241289 -0.187141 1.589050 -5.522403 6.097849 -0.000000 0.000000 0.000000 1.538951 -15.775878 -17.700815 7.274917 -18.223312 -43.639142 131.873589 -64.525121 147.487188 -23.713968 -17.145027 24.927141 3.653162 15.637368 18.551527 15.890462 10.348791 46.345779 132.707899 64.001559 -153.075553 -37.490478 14.997024 -7.029113 
79.175413 71.492171 93.841976 179.611188 -25.358780 177.160999 -8.198093 -6.983426 -2.637980 32.177587 -5.262471 0.631797 -25.924453 11.309105 16.583563 -0.000000 0.000000 0.000000 -30.201503 4.287603 5.295478 75.202951 4.214047 5.738746 -8.831307 -8.629148 -3.279432 -0.000000 0.000000 0.000000 11.825496 -1.419958 -3.030190 1.442809 -0.350728 4.244144 1.706255 0.231327 2.260378 -19.846341 1.326282 -0.945142 1.615043 -3.037279 5.574971 -0.000000 0.000000 0.000000 1.103065 -15.072092 -17.372998 4.447460 -19.818105 -45.466433 133.119470 -62.372402 149.876911 -23.878138 -18.563913 23.742738 4.799061 14.449704 17.416121 16.550751 9.002813 47.462366 133.338247 63.986767 -152.691303 -38.293852 15.634527 -6.158814 
77.048630 72.864914 89.771354 -179.775369 -22.791236 176.490529 -1.040421 -5.366678 -1.425576 25.916018 -4.919900 0.745773 -22.236843 12.282283 13.649122 -0.000000 0.000000 0.000000 -31.440731 5.654252 8.108098 65.843187 1.881863 5.605194 -10.168745 -10.390091 -3.674342 -0.000000 0.000000 0.000000 10.393614 -3.277738 -1.683080 1.648838 0.091960 3.815611 1.706148 -0.293100 2.337294 -16.631494 1.968708 -1.600413 1.725916 0.262476 4.930502 -0.000000 0.000000 0.000000 1.585443 -14.056540 -17.244323 3.022391 -20.789163 -46.877235 133.197461 -61.014285 151.091453 -22.048967 -18.892662 24.330535 5.867879 13.301400 16.149381 17.250134 8.824585 48.315678 134.199461 63.997910 -152.500137 -39.605246 14.733591 -3.511288 
74.902231 74.562585 85.417122 -178.910609 -20.926719 176.471921 5.089910 -5.293125 -1.197903 20.982516 -4.542461 1.040073 -14.020507 13.933091 8.266486 -0.000000 0.000000 0.000000 -29.693790 7.091798 9.983102 52.154235 -0.156086 4.146631 -9.367779 -10.747388 -2.934966 -0.000000 0.000000 0.000000 9.087417 -4.699837 -0.895061 2.308398 -0.080074 3.290551 1.522491 -0.901731 2.369718 -13.797443 2.661488 -2.425528 1.550657 3.197243 4.341553 -0.000000 0.000000 0.000000 2.443086 -13.098693 -17.129404 3.009281 -21.047008 -47.672971 133.467603 -60.551454 152.207565 -20.696615 -18.763981 23.816708 6.658590 12.355944 15.097610 17.877261 9.057229 48.667084 134.862719 64.070932 -152.042695 -39.724793 13.548989 -1.135275 
72.770721 76.057547 80.989802 -177.745541 -19.928424 177.339166 8.873402 -4.423660 -0.815293 19.790448 -4.176294 0.118575 -3.111028 12.803218 1.485949 -0.000000 0.000000 0.000000 -25.213082 8.259064 10.512112 36.376972 -0.255789 1.409717 -7.955303 -9.464140 -1.765971 -0.000000 0.000000 0.000000 8.223166 -5.513038 -0.873817 3.088316 -0.619625 2.729661 1.603193 -1.269914 2.259901 -12.270907 3.371486 -3.405804 1.358863 4.847118 4.213386 -0.000000 0.000000 0.000000 3.036577 -12.109312 -17.129516 3.767197 -20.853128 -47.274564 134.331832 -61.085716 152.434943 -20.420027 -18.705246 21.753899 7.034468 11.085037 14.634428 18.537675 9.123221 48.768384 136.333242 64.339645 -152.032668 -39.271365 12.896772 0.062801 
70.753562 76.965117 76.758093 -176.418120 -19.887784 179.242578 9.848749 -1.564486 -0.400795 23.317000 -4.401602 -0.819075 7.690736 7.561451 -5.824563 -0.000000 0.000000 0.000000 -19.698899 8.068695 9.848922 23.696891 0.531078 -2.102499 -4.663650 -7.850313 -0.039048 -0.000000 0.000000 0.000000 8.421026 -5.819961 -1.787818 3.253504 -1.352641 1.950592 1.563560 -1.548950 2.133625 -11.372836 3.622253 -4.422626 0.944971 5.668057 4.705056 -0.000000 0.000000 0.000000 3.677844 -11.501649 -17.060739 4.481956 -19.739240 -46.414294 134.524372 -62.139788 150.916308 -20.968644 -18.819294 19.138359 7.009169 10.019025 14.393558 18.567555 8.820648 49.440246 136.970036 64.993959 -151.286227 -37.476758 12.411377 -0.076908 
68.893629 76.965678 72.815806 -175.532266 -20.441465 -178.996831 7.055187 0.046243 0.177944 32.654163 -5.454712 -1.402930 15.765551 2.954711 -10.570225 -0.000000 0.000000 0.000000 -15.981646 7.422465 9.200293 18.724997 2.255341 -4.360751 -1.849128 -6.978652 0.137850 -0.000000 0.000000 0.000000 8.707064 -5.598217 -2.861324 3.507780 -2.073562 1.456122 1.262813 -1.850938 1.914498 -11.038322 3.255182 -5.472822 0.238987 6.579530 5.227957 -0.000000 0.000000 0.000000 4.271810 -11.578164 -17.388696 5.195301 -18.024087 -45.594155 133.853579 -63.143780 148.725348 -21.739266 -18.379762 17.724674 6.825949 9.970336 14.318337 17.959370 8.327701 49.771046 137.656000 66.107145 -151.272116 -37.581355 11.698989 0.143935 
67.072999 75.956827 69.025546 -175.047916 -20.688131 -177.794107 2.166721 -1.599397 0.639628 44.008609 -3.518006 -3.682908 24.730634 2.472122 -12.926267 -0.000000 0.000000 0.000000 -13.853829 7.990895 8.893254 19.536697 3.340982 -4.114593 -0.204216 -4.679611 -0.338985 -0.000000 0.000000 0.000000 8.694369 -4.657023 -3.781295 3.766494 -2.500399 1.399801 1.081953 -2.047810 1.436748 -11.358332 3.229941 -5.838833 0.437404 6.629582 4.720364 -0.000000 0.000000 0.000000 4.517298 -11.580842 -17.822458 6.423333 -17.177093 -45.546132 131.559420 -64.542620 146.254236 -21.684803 -17.670300 17.460057 6.281427 10.301250 14.846271 17.188220 8.577674 48.240355 137.117472 67.472707 -150.829378 -39.188194 11.804684 0.409173 
65.335941 74.172378 65.232617 -174.952194 -20.274420 -177.958206 -3.778407 -3.509267 2.570692 56.424672 -0.991669 -7.510393 22.770574 6.981970 -11.646293 -0.000000 0.000000 0.000000 -13.062219 8.684748 10.495528 26.092104 4.685845 -3.491650 -11.220655 -7.356640 -8.224923 -0.000000 0.000000 0.000000 8.367688 -3.162030 -3.583043 4.145138 -2.358293 1.511894 0.755343 -2.047380 0.909974 -12.098021 2.859219 -6.087708 1.309374 6.657386 3.643724 -0.000000 0.000000 0.000000 4.504130 -11.967121 -18.682463 7.417544 -14.790467 -46.124262 127.422553 -64.656236 142.070337 -21.969983 -15.914939 18.251680 6.308934 12.411563 15.711227 15.589503 7.900994 45.832911 133.111708 67.638195 -147.929548 -38.569000 11.850819 -0.635549 
63.624662 72.480154 61.483860 -175.410385 -20.057018 -178.565411 -10.297282 -5.356685 3.981631 65.888483 -2.288967 -9.799570 12.126081 9.485840 -6.058024 -0.000000 0.000000 0.000000 -13.624202 9.254454 12.260623 33.689393 6.070912 -3.473970 -20.371828 -9.008393 -12.359972 -0.000000 0.000000 0.000000 8.336147 -1.732424 -3.348126 2.514889 -2.018637 1.627008 1.911600 -1.885320 0.539513 -13.802257 3.170637 -5.527480 2.837521 5.957920 1.531427 -0.000000 0.000000 0.000000 4.600485 -12.005954 -20.420865 8.818141 -12.683141 -46.280266 122.579581 -64.266128 138.001541 -20.421029 -14.272961 19.929538 5.709362 14.466018 18.016806 13.980936 8.225570 42.012568 128.705873 67.711939 -145.505915 -37.154512 11.640661 -2.113988 
61.638659 72.028917 57.754010 -176.237969 -19.271203 -178.485068 -16.122637 -7.021704 3.186875 68.052780 -5.124652 -11.494545 2.487497 10.088104 1.287060 -0.000000 0.000000 0.000000 -12.322693 6.595806 9.719695 37.548954 6.795675 -1.582795 -24.037977 -6.086148 -12.639322 -0.000000 0.000000 0.000000 7.639813 0.532537 -3.456809 3.339144 -2.189196 1.374883 1.770018 -1.099692 -0.045705 -15.809373 3.997482 -5.528493 2.037538 4.077989 0.947423 -0.000000 0.000000 0.000000 4.794393 -11.842590 -20.675083 9.807830 -10.429666 -47.682369 121.482678 -63.844025 136.783371 -20.766493 -13.125641 22.127950 6.274804 16.134944 18.281490 10.081005 9.239371 41.774893 126.482971 66.107759 -145.632110 -33.548015 13.466156 -8.966031 
59.541893 72.599721 53.847092 -176.443198 -19.136416 -175.985627 -19.668492 -8.497651 -1.549417 62.936078 -5.336177 -11.999257 -6.780950 12.918256 7.427810 -0.000000 0.000000 0.000000 -8.551754 0.757005 4.093230 38.446636 6.119284 -2.445566 -25.010253 -0.408473 -8.099359 -0.000000 0.000000 0.000000 7.912367 3.601872 -6.166594 2.330499 -2.813338 0.448675 2.978808 -0.291832 -0.179213 -16.891405 4.897471 -4.557240 1.942813 0.239652 1.206547 -0.000000 0.000000 0.000000 4.243887 -10.578887 -18.716318 11.358959 -9.735450 -48.720572 125.247067 -63.392318 139.219162 -23.316637 -13.461314 22.946858 4.960057 15.454870 17.775108 7.073058 11.297309 45.039683 130.568938 65.123840 -151.357900 -33.892531 14.262620 -10.635147 
57.394356 73.828286 49.557903 -177.759491 -19.845157 -173.696756 -22.270362 -11.559726 -6.311507 51.592926 -3.205216 -12.762743 -12.274077 16.491397 12.252767 -0.000000 0.000000 0.000000 -6.091477 -3.248206 -0.214906 37.687042 4.400688 -4.206574 -22.096313 2.624554 -3.800036 -0.000000 0.000000 0.000000 6.031824 6.529359 -9.563503 1.544433 -3.192452 0.010270 4.194283 0.121396 -0.161345 -16.419348 5.172293 -3.437739 3.289951 -3.331749 1.636346 -0.000000 0.000000 0.000000 4.512428 -8.902911 -16.721235 12.793206 -10.175773 -48.654285 128.598002 -62.674395 141.925689 -25.466767 -14.538865 20.224127 3.750813 13.877898 17.966345 5.914014 13.776825 47.222564 131.777986 63.986113 -154.349442 -36.838161 11.837904 -3.882920 
55.206048 75.287962 44.996288 -177.795429 -21.317178 -173.361717 -22.645213 -12.327125 -7.728057 40.328771 -0.092648 -10.379872 -10.595950 17.287216 11.451777 -0.000000 0.000000 0.000000 -1.325923 -5.504950 -0.991048 34.155297 2.554036 -5.601320 -14.188138 4.446865 0.204735 -0.000000 0.000000 0.000000 4.605225 8.483274 -10.185844 1.434376 -3.570662 -0.233421 4.560016 0.456080 0.222596 -14.517622 4.432461 -3.339193 3.795114 -5.089879 2.587143 -0.000000 0.000000 0.000000 5.403888 -8.209335 -15.351897 13.293730 -9.983661 -49.104259 130.564941 -62.153151 143.659401 -26.356595 -15.530506 17.647056 3.719702 13.112707 17.168556 5.460865 14.720320 48.442380 133.311370 62.545062 -155.263806 -36.002142 12.490061 -4.223638 
52.914256 76.518607 40.579298 -177.342944 -23.882953 -174.036053 -21.293543 -13.977845 -8.279942 27.874933 1.651689 -7.179814 -9.171119 17.493835 10.002688 -0.000000 0.000000 0.000000 4.996536 -4.080412 -0.211301 28.247399 3.036615 -4.537879 -2.546284 2.895919 4.199146 -0.000000 0.000000 0.000000 3.632221 9.022125 -9.255962 1.449722 -3.871259 -0.027227 4.609997 0.435146 0.617367 -13.456315 2.295580 -3.452149 4.110118 -5.052883 3.310354 -0.000000 0.000000 0.000000 6.210578 -7.541690 -14.914971 13.289718 -10.632326 -49.460018 130.715324 -62.100633 144.299489 -26.472311 -16.019258 16.364161 3.426947 12.171930 16.136331 6.911351 15.807976 48.290207 135.491283 61.967315 -156.160475 -37.293830 13.110243 -3.572962 
50.492728 77.327085 36.161184 -176.058366 -25.394244 -175.117262 -17.865099 -13.118864 -7.477104 17.865144 1.525619 -4.402618 -9.138263 15.738373 8.155055 -0.000000 0.000000 0.000000 8.174169 -4.964086 -0.212312 28.282368 3.719969 -2.759165 9.853304 5.648711 9.275118 -0.000000 0.000000 0.000000 3.833190 9.103310 -7.377723 0.963861 -3.698699 0.117542 4.601207 0.561335 1.158436 -13.171228 0.399435 -3.528971 4.205248 -4.673070 3.911812 -0.000000 0.000000 0.000000 6.289567 -7.169279 -14.906692 12.966607 -10.900043 -50.402708 131.139180 -62.804862 144.882970 -26.014806 -16.054357 15.111608 3.419890 11.562506 15.133125 8.638612 15.490535 47.637175 139.927306 62.319787 -157.827409 -38.199748 13.836127 -2.579675 
48.128366 77.720821 31.727108 -174.612019 -25.788061 -176.885542 -15.392934 -10.274584 -5.995611 15.355608 1.191549 -2.315405 -10.206623 12.700553 7.035089 -0.000000 0.000000 0.000000 8.781596 -4.469687 0.896071 33.103386 5.488407 -1.683724 20.112092 7.229722 12.552053 -0.000000 0.000000 0.000000 4.302179 7.927680 -5.221267 0.914861 -3.041085 0.771554 3.958689 0.946851 1.815240 -13.591575 -1.483135 -3.619328 3.842146 -3.001525 4.330089 -0.000000 0.000000 0.000000 6.407479 -7.291587 -15.674342 12.373302 -10.560568 -51.396124 131.226552 -63.637867 145.078133 -25.978452 -16.125358 14.854683 3.746041 11.918390 14.636436 10.277600 14.880407 46.529414 142.668061 63.517953 -157.933078 -37.206145 14.381507 -2.398788 
45.688218 77.756137 27.296558 -173.152667 -25.739063 -177.401149 -13.441532 -9.766888 -6.163372 16.929043 -0.084295 -1.460607 -8.604792 12.296795 8.728592 -0.000000 0.000000 0.000000 6.032477 -3.214980 0.668671 43.123094 3.694656 0.264132 23.691537 2.341078 12.654681 -0.000000 0.000000 0.000000 4.682904 5.988080 -4.339082 1.753485 -2.333964 1.665397 2.630677 1.140277 2.160682 -13.976736 -2.703158 -3.401467 3.294450 -1.173599 4.407159 -0.000000 0.000000 0.000000 6.722231 -8.129028 -16.801441 11.967877 -10.906646 -50.965716 130.408068 -64.735515 144.384491 -26.056787 -15.840826 16.354864 4.159932 12.922316 15.090191 12.399677 14.568890 45.932675 140.479691 65.674593 -155.017883 -35.078172 14.467518 -2.892000 
43.301767 77.156198 23.052020 -172.140418 -25.805611 -177.267433 -12.806943 -11.017465 -7.295867 24.558590 -2.430803 -3.031276 -12.106467 12.721351 15.596397 -0.000000 0.000000 0.000000 0.920204 -2.396949 -0.949678 55.496311 0.671977 3.266333 15.129416 -6.689688 8.576023 -0.000000 0.000000 0.000000 4.936086 4.161544 -4.228004 2.001538 -2.003480 2.809409 1.920543 1.185720 2.126492 -15.063735 -2.660553 -2.582859 3.620010 -0.546741 3.651477 -0.000000 0.000000 0.000000 6.705017 -9.225239 -17.571482 11.532208 -12.062704 -49.228297 128.670544 -65.756325 141.700954 -26.518642 -15.501119 17.290341 4.836450 13.602980 16.234403 14.746821 13.605102 46.261052 134.555499 67.417071 -150.916703 -35.439412 13.318245 -0.157047 
41.258562 76.399732 19.353509 -171.669962 -25.692876 -176.855692 -14.605367 -11.918336 -8.850840 36.151034 -3.166118 -5.115535 -20.456828 14.012221 19.936197 -0.000000 0.000000 0.000000 -5.462888 -1.158475 -2.268430 65.858354 0.422826 4.663928 6.676583 -12.592281 2.978417 -0.000000 0.000000 0.000000 6.014338 2.727551 -4.281487 0.400315 -2.296595 3.544170 2.953645 1.169543 1.795084 -17.738122 -1.335109 -1.318781 4.204407 -1.176147 3.080985 -0.000000 0.000000 0.000000 5.882078 -10.851212 -19.316651 11.352222 -13.599327 -45.601155 127.106509 -66.619444 139.016366 -25.068898 -15.144035 18.787938 5.195626 13.476609 18.833731 16.926049 12.730181 46.256350 129.941906 68.373065 -148.707649 -35.663885 12.524349 -1.827542 
38.715374 76.000953 13.928011 -170.144640 -26.175754 -177.215411 -7.409042 -8.337569 -7.516753 39.470129 -6.284422 -4.822648 -27.366864 12.333980 22.670657 -0.000000 0.000000 0.000000 -12.733957 0.233619 -0.523489 71.514599 1.920622 5.003206 -3.484261 -13.994831 -3.584293 -0.000000 0.000000 0.000000 8.046717 -0.508606 -3.512445 1.647534 -2.596259 4.330087 1.793419 0.478529 2.298698 -20.013784 0.519579 -1.097069 2.353607 -0.007270 3.240716 -0.000000 0.000000 0.000000 5.146853 -13.429903 -19.513998 9.415374 -15.344426 -44.350074 130.642131 -64.307707 143.156974 -23.028691 -15.513940 23.014232 6.104282 13.357365 18.848443 18.532529 10.040710 49.303994 129.634106 67.684849 -150.100944 -37.014654 13.102853 -2.114574 
37.016955 76.372761 10.506796 -169.957252 -24.386907 -178.525496 0.799475 -5.844439 -6.539063 35.309982 -6.805127 -3.436346 -28.144476 12.728556 21.621939 -0.000000 0.000000 0.000000 -15.796673 1.402271 1.710397 68.558233 1.421311 4.698735 -7.936250 -13.300944 -4.571602 -0.000000 0.000000 0.000000 8.148939 -3.213694 -1.229497 0.821814 -2.068724 4.113782 1.982051 0.593589 2.546017 -18.640476 2.224237 -1.443816 1.555364 1.611404 2.650051 -0.000000 0.000000 0.000000 5.173400 -12.650188 -19.798156 8.039397 -16.664724 -45.475235 136.006147 -62.625908 149.196901 -25.347143 -17.543203 22.168564 7.859513 12.327376 17.693328 19.813673 9.469544 49.162802 134.209292 66.658401 -152.817390 -33.322322 16.860031 -12.700628 
35.413176 76.899886 6.734364 -171.333847 -22.560861 179.346281 8.789577 -4.602244 -5.218437 28.689845 -6.519393 -2.645926 -24.545041 13.801304 18.411835 -0.000000 0.000000 0.000000 -17.897838 2.706445 4.777998 60.576619 0.423414 4.867919 -9.319793 -14.051040 -5.102307 -0.000000 0.000000 0.000000 6.477388 -5.380679 0.598614 0.701613 -1.511163 4.405402 2.208736 0.465492 3.153049 -17.993754 2.912400 -1.757674 2.722045 4.225161 1.884626 -0.000000 0.000000 0.000000 5.745111 -11.360546 -18.997390 6.745677 -18.432991 -47.961751 136.434250 -60.310829 151.296329 -24.638679 -19.167030 21.516377 8.742008 10.235460 15.443669 20.754875 8.559162 49.928834 134.504973 66.059844 -152.600594 -38.094753 14.908024 -3.031829 
33.536851 77.329957 2.500686 -172.904499 -20.905458 178.027387 15.525171 -3.697845 -5.239976 23.675451 -6.099424 -1.237654 -15.700708 15.277499 12.517985 -0.000000 0.000000 0.000000 -17.629318 3.774124 6.930046 48.576602 -0.683032 4.211479 -8.021976 -14.327168 -4.121769 -0.000000 0.000000 0.000000 5.060954 -7.209528 1.406447 1.582872 -1.435345 4.763564 1.471935 0.413300 3.836781 -16.909694 3.744859 -1.870425 2.613412 6.286317 1.774826 -0.000000 0.000000 0.000000 6.512503 -10.262666 -18.633695 6.712902 -19.539961 -48.678855 137.310203 -58.424029 153.199981 -23.532114 -20.686848 21.335577 9.792695 8.560464 13.957807 22.260949 7.788549 50.085915 136.528983 65.300291 -154.430673 -40.225774 14.125834 -0.477233 
30.100277 77.961051 -4.877988 -174.221520 -19.394203 177.998491 20.250111 -0.338868 -4.476713 23.100143 -5.159609 -2.190540 1.991514 11.956528 0.597359 -0.000000 0.000000 0.000000 -14.082819 5.233672 8.455345 27.195087 0.297137 1.217945 -6.123334 -11.270136 -1.329886 -0.000000 0.000000 0.000000 3.274054 -8.519481 0.856105 3.058989 -2.031538 4.602176 1.299409 0.234032 4.094301 -14.806996 5.138377 -2.374557 1.660365 7.553016 2.387146 -0.000000 0.000000 0.000000 7.289822 -9.324608 -18.283379 7.389182 -19.086015 -47.161024 137.824511 -57.780629 154.011762 -21.394698 -21.125440 18.911645 10.640688 6.677527 12.854376 22.665781 7.144572 50.150388 138.609502 64.644789 -155.447230 -40.106190 13.527289 -0.725235 
27.342287 77.504838 -10.471869 -175.211049 -18.535013 178.555353 18.914390 1.297859 -3.442231 28.444828 -4.742447 -3.155931 11.987188 6.557128 -7.175656 -0.000000 0.000000 0.000000 -11.804223 5.580085 8.303317 17.248634 1.604153 -0.916882 -4.660822 -7.656829 1.666097 -0.000000 0.000000 0.000000 3.556635 -7.944222 -0.483488 4.761727 -2.514280 3.980599 1.805290 -0.205327 3.731592 -12.857630 5.254442 -3.683809 0.684521 7.614538 3.154619 -0.000000 0.000000 0.000000 7.125475 -9.465703 -17.472387 7.197150 -18.279983 -46.983160 137.960013 -59.098412 154.121622 -21.539809 -19.163734 16.911167 10.198853 6.555688 12.035712 21.193812 6.766114 50.201796 139.889882 64.820773 -156.234354 -39.569450 12.410407 -0.527447 
24.041881 76.620907 -16.517258 -175.768078 -17.856353 179.230836 13.658032 -0.483863 -1.819742 36.542208 -4.986067 -5.027401 22.004777 1.936555 -11.710900 -0.000000 0.000000 0.000000 -12.087797 6.568066 7.792905 14.689138 3.183206 -2.066047 -3.175726 -5.526864 1.528643 -0.000000 0.000000 0.000000 5.337194 -6.133787 -2.261793 7.159545 -2.488104 2.842090 3.381681 -1.547649 2.351564 -11.231534 4.363114 -5.408130 0.410941 7.532802 3.480335 -0.000000 0.000000 0.000000 5.616620 -10.201635 -16.911310 6.111845 -17.986231 -46.419599 136.655803 -61.817751 152.885323 -23.108933 -18.234907 15.925197 8.331464 8.009235 12.060880 18.400486 7.350539 48.568715 140.115259 65.534216 -156.764631 -39.900008 12.637835 -1.464056 
19.712530 74.181545 -24.867900 -175.327099 -17.853044 179.198471 4.983376 -3.215101 3.575002 50.205124 -1.709340 -10.313843 20.840210 3.699985 -12.100100 -0.000000 0.000000 0.000000 -13.154128 8.322957 9.234406 21.557765 6.131565 -0.900662 -4.360871 -3.833171 -4.673088 -0.000000 0.000000 0.000000 8.492795 -3.395055 -3.166898 9.194005 -1.840063 1.490917 5.125068 -2.952654 0.626193 -10.015661 2.223277 -7.683690 1.095026 7.676773 3.220201 -0.000000 0.000000 0.000000 3.473303 -11.845431 -16.658115 4.724530 -15.321435 -47.920807 129.141614 -64.973772 145.742963 -23.462051 -15.734319 16.497662 5.971348 11.835020 12.247761 13.162699 7.876676 45.400330 135.014919 66.567854 -152.245897 -38.955994 12.694365 -2.585461 
16.903125 72.461301 -30.099329 -176.180342 -18.773801 178.810056 -3.073913 -6.028949 7.765212 58.211207 -0.992709 -12.514814 7.644243 6.937486 -5.693641 -0.000000 0.000000 0.000000 -17.319883 9.757693 12.258845 33.329262 7.711958 -1.790266 -17.799495 -7.816358 -10.342556 -0.000000 0.000000 0.000000 10.435257 -1.086979 -4.195013 8.560092 -0.414953 0.334448 7.486555 -3.937258 -0.924284 -10.240899 1.047185 -8.225626 2.935926 7.085382 1.690720 -0.000000 0.000000 0.000000 2.583960 -12.996763 -18.025423 4.448682 -13.446050 -47.265533 123.825060 -65.984580 140.821467 -24.148086 -14.379242 17.658612 4.081108 15.429797 14.942318 10.097270 8.954477 42.094398 130.799367 67.275336 -150.040541 -38.018733 12.806640 -4.166331 
13.447177 72.181803 -35.948560 -176.677784 -21.385626 179.846124 -13.222403 -8.520839 8.990762 61.615166 -0.769088 -11.006925 -5.502638 9.655445 3.282250 -0.000000 0.000000 0.000000 -12.199877 6.903898 10.646834 36.554474 9.301604 0.907577 -24.740752 -5.658390 -11.450675 -0.000000 0.000000 0.000000 12.159065 2.719000 -5.221532 8.761225 0.209295 -0.508925 7.665047 -2.850261 -1.892341 -14.564237 1.077855 -9.056584 2.109274 4.928336 1.503308 -0.000000 0.000000 0.000000 3.045960 -12.610754 -18.175038 6.073341 -10.387101 -48.947113 123.489274 -65.472697 139.176601 -29.613166 -14.363844 18.119585 3.271638 17.972542 15.855782 4.551914 10.558837 43.355455 128.536008 65.637138 -151.052586 -36.779095 13.043493 -4.118172 
11.644301 73.148561 -39.276990 -176.993169 -25.422928 -178.151668 -18.645945 -9.956405 7.695554 57.058349 0.189133 -7.493677 -10.249172 10.259656 6.245425 -0.000000 0.000000 0.000000 -4.725800 2.288738 9.964303 32.421041 9.367335 1.839937 -24.196386 -3.517880 -8.862018 -0.000000 0.000000 0.000000 11.937673 6.151182 -6.724586 5.829805 0.532850 -0.685467 7.666464 -1.754275 -1.546886 -16.718217 1.667046 -8.768874 2.691558 1.932368 2.188605 -0.000000 0.000000 0.000000 4.545160 -10.378137 -17.471335 8.705518 -9.368734 -49.581256 127.385272 -63.824788 140.133995 -32.336864 -15.351713 16.851642 3.357426 16.584445 16.423644 3.750903 11.571023 47.048684 131.545635 64.286588 -155.071664 -37.079678 13.067686 -5.324648 
8.798895 75.180268 -44.485751 -177.941407 -28.795588 -175.513191 -23.689393 -12.371760 3.770932 40.756005 2.836990 -3.367931 -8.503878 9.958870 5.324403 -0.000000 0.000000 0.000000 4.048891 -0.551019 9.225047 23.914614 8.659618 2.426315 -15.057605 -2.763096 -2.154344 -0.000000 0.000000 0.000000 8.430149 9.776961 -8.233212 3.348394 1.686631 0.020291 7.002657 -0.065042 -0.193268 -17.593714 1.811945 -8.603809 3.603830 -1.827086 2.967824 -0.000000 0.000000 0.000000 7.488956 -6.758620 -16.343010 11.704866 -9.435360 -50.902991 130.635697 -62.571592 141.412836 -34.215465 -16.609045 13.279979 4.560002 14.130180 16.553043 4.772081 13.385754 49.291480 133.527095 62.800594 -157.483309 -38.106299 13.508154 -3.123764 
5.848630 76.677328 -49.775374 -175.893624 -29.121136 -174.113444 -21.732694 -14.631156 1.966519 19.551705 3.271602 1.146369 -5.824896 11.336730 4.211786 -0.000000 0.000000 0.000000 7.889799 -4.685208 8.719046 22.147232 7.472185 5.271982 2.327772 2.565004 7.661560 -0.000000 0.000000 0.000000 5.123258 12.165016 -5.336242 1.965134 3.330075 1.481976 5.272951 0.970323 2.081339 -16.866256 1.003361 -8.626260 3.467705 -3.073148 3.972917 -0.000000 0.000000 0.000000 9.161511 -3.940087 -17.195177 14.567989 -9.628087 -53.146173 132.577013 -62.456881 142.375343 -31.518883 -16.330627 13.672062 6.548362 12.264500 15.762748 7.697110 12.929647 48.373899 138.028615 63.189074 -158.938321 -37.793406 14.515833 -4.412457 
4.130207 76.679695 -53.018165 -172.793656 -27.451593 -173.439229 -19.452691 -15.138089 1.017416 11.002486 2.794283 2.814176 -5.092816 12.407606 3.523617 -0.000000 0.000000 0.000000 7.049809 -8.061194 8.505845 26.754026 5.274722 6.913993 12.992285 7.726906 14.771853 -0.000000 0.000000 0.000000 2.615942 12.010801 -1.938204 0.558436 4.247829 3.422276 3.297487 1.072605 4.172907 -16.620702 0.832758 -8.312540 3.130035 -2.723873 4.152718 -0.000000 0.000000 0.000000 10.507331 -1.742956 -18.739809 16.444344 -9.854701 -55.198596 133.845412 -62.651573 142.279471 -29.671308 -16.000733 13.558351 8.327344 10.243771 15.857125 11.169448 11.347813 47.242121 141.238118 64.710763 -159.509307 -37.376853 14.876886 -4.299688 
0.943517 75.339568 -58.427691 -169.255486 -25.830430 -172.779925 -16.598950 -15.029992 -2.086686 10.886386 1.543180 1.933354 -2.023707 13.089545 4.912670 -0.000000 0.000000 0.000000 2.805186 -7.766056 7.494864 42.081070 1.980278 8.368358 30.015965 10.126168 20.204630 -0.000000 0.000000 0.000000 1.353925 8.761193 -1.024714 0.078263 3.997762 4.686077 0.996091 0.297712 4.651731 -16.305212 0.177501 -8.227462 2.314464 -0.465787 4.344849 -0.000000 0.000000 0.000000 12.186699 -1.128514 -20.569853 17.885431 -10.321689 -55.271251 134.336405 -64.307804 141.956138 -27.722641 -15.475078 13.553155 9.593635 8.361693 16.996525 16.314343 10.536311 46.997465 142.308751 67.160923 -159.002779 -36.617213 14.852702 -4.246017 
-1.030587 73.437530 -61.803085 -167.315254 -23.987156 -172.409715 -15.422838 -13.630884 -6.070866 21.736119 -0.109923 -0.508221 -6.098036 14.203684 11.141922 -0.000000 0.000000 0.000000 -0.342634 -5.976968 5.733636 55.880113 2.363234 9.563141 26.395470 5.953508 18.228524 -0.000000 0.000000 0.000000 1.177231 4.860041 -3.515627 -0.049620 1.626793 3.484715 -0.480779 -0.673830 2.453771 -17.102909 1.340760 -8.268657 2.008080 0.191305 4.142622 -0.000000 0.000000 0.000000 13.153439 -2.088560 -21.155915 18.901678 -10.531787 -53.411858 133.011363 -65.964900 140.019253 -27.435785 -15.426485 14.248553 10.923270 7.980767 18.517031 19.594577 10.061375 48.165769 139.534929 68.276486 -156.219423 -36.526607 14.761451 -4.387536 
-4.480034 70.894569 -67.596197 -166.314732 -22.615849 -172.722840 -14.312641 -11.327488 -8.786891 38.506129 -1.785202 -4.708745 -18.196541 14.467925 17.442504 -0.000000 0.000000 0.000000 -7.025521 -2.664059 4.482772 71.444654 6.050522 9.291391 17.879688 2.138557 12.604217 -0.000000 0.000000 0.000000 3.621224 0.521719 -7.458132 -1.057491 -2.030810 0.893015 0.862891 -1.860657 -1.408013 -20.306750 4.102341 -7.241884 3.008426 -1.091125 3.798355 -0.000000 0.000000 0.000000 11.243954 -6.214825 -22.007096 18.833165 -12.054940 -47.108038 127.842021 -69.178048 135.184321 -23.676459 -15.176236 17.099614 10.908709 8.419827 22.053355 22.403482 9.392335 49.939615 130.103668 69.866534 -148.783026 -35.155301 13.216952 -4.885992 
-7.525535 70.273167 -72.570443 -166.693597 -20.754429 -174.302555 -8.032348 -8.042242 -8.388572 39.700784 -3.741772 -4.759331 -23.632199 13.232823 19.463233 -0.000000 0.000000 0.000000 -11.536447 0.056088 3.437343 75.285671 6.523767 7.891900 9.949410 -0.950425 7.960171 -0.000000 0.000000 0.000000 6.221917 -3.431264 -10.438715 1.805003 -4.274753 -1.965768 0.906118 -3.252128 -4.069634 -19.939684 4.921699 -7.355905 1.931824 -0.642987 3.780848 -0.000000 0.000000 0.000000 9.327447 -9.395880 -21.039255 16.215633 -12.726985 -43.557164 127.248209 -69.196065 136.529746 -22.710457 -15.736356 18.357120 9.656746 10.211652 21.944959 21.710656 10.081489 51.485767 131.647534 70.490012 -150.038460 -39.221476 14.168157 -4.050206 
-11.863415 70.612270 -78.866553 -168.787089 -18.796321 -177.337585 -2.887583 -6.975393 -6.029890 36.109365 -4.765475 -3.154611 -26.377908 12.671505 19.549976 -0.000000 0.000000 0.000000 -17.719688 3.365738 3.344774 71.731087 4.712949 6.385392 0.604398 -4.631681 3.603515 -0.000000 0.000000 0.000000 9.293232 -6.280313 -9.977345 4.452278 -5.259734 -3.539500 3.412943 -4.728638 -5.189626 -15.902901 3.836357 -8.026346 1.602953 1.267599 3.429973 -0.000000 0.000000 0.000000 6.036040 -11.777115 -19.253751 11.099087 -14.552605 -42.023943 129.042734 -68.334175 141.228835 -25.353431 -17.219920 16.305248 7.398876 11.708865 19.843724 19.670351 9.851881 50.815485 132.890751 68.988775 -151.030624 -40.607741 14.362585 -1.488979 
-16.509177 71.788663 -85.784018 -171.541956 -18.057205 179.037697 1.742305 -7.918967 -1.989248 29.381338 -5.437597 -0.932384 -25.419321 12.511472 17.359639 -0.000000 0.000000 0.000000 -23.646276 6.316502 4.662531 61.807721 2.192104 5.313203 -6.044762 -6.767881 -0.022371 -0.000000 0.000000 0.000000 11.827050 -7.584606 -7.467541 7.375648 -5.544348 -3.513211 7.080704 -6.237990 -4.514206 -11.511583 2.225221 -8.609422 1.942349 3.334471 2.553071 -0.000000 0.000000 0.000000 2.284509 -13.485953 -16.674608 5.032541 -17.160432 -42.693281 130.213427 -66.491222 145.317938 -24.993026 -17.591343 16.697253 4.712513 12.726257 16.467149 17.041253 9.869004 49.298074 135.019220 67.256002 -152.613339 -41.748860 14.509905 -0.195377 
-20.535699 73.518121 -92.078811 -173.455993 -17.796157 177.005601 6.171245 -9.181962 0.499966 23.483240 -5.967448 1.479440 -18.963419 13.266806 12.419671 -0.000000 0.000000 0.000000 -26.772466 8.471343 5.812534 48.263991 -0.353513 3.622654 -5.846689 -7.710850 -0.374451 -0.000000 0.000000 0.000000 12.886260 -7.969669 -5.494199 10.410099 -5.249296 -2.707426 9.087761 -6.939721 -3.051327 -7.744703 0.656323 -8.895444 1.386257 5.398365 2.365153 -0.000000 0.000000 0.000000 -0.093768 -15.086072 -14.944097 0.204821 -19.470776 -43.557478 131.954248 -64.555181 149.890163 -24.344112 -17.912667 17.389885 2.863160 13.630661 13.975892 15.295954 9.938305 47.732519 137.142178 66.225436 -154.747573 -42.912499 14.444316 0.862028 
-23.206607 75.317842 -97.115368 -173.702183 -17.971869 177.120184 10.027483 -8.807455 1.686594 21.297669 -5.885732 1.731939 -7.686932 12.812518 5.275519 -0.000000 0.000000 0.000000 -25.435698 9.461647 6.916020 33.263266 -1.690752 0.995843 -2.122333 -7.386425 0.777200 -0.000000 0.000000 0.000000 11.540240 -8.041258 -4.854492 11.276779 -4.852272 -2.015676 9.137485 -6.795762 -1.919303 -5.773550 0.614586 -8.391993 1.014337 7.260308 2.668502 -0.000000 0.000000 0.000000 -0.504843 -15.013382 -14.317174 -1.285830 -21.030818 -43.820844 134.415737 -62.737641 153.818531 -23.974939 -18.729690 17.542474 2.395572 13.095207 12.868815 15.003398 10.450291 47.215484 138.398351 66.234806 -155.348498 -43.405142 14.119666 1.673400 
-24.934112 76.733226 -101.391530 -172.018565 -18.581619 179.168360 14.201278 -5.420509 2.524554 22.241969 -6.335469 0.951094 5.287339 7.823054 -3.752837 -0.000000 0.000000 0.000000 -20.018357 9.007575 7.556447 19.638650 -1.240694 -1.934689 0.381856 -4.665407 2.367566 -0.000000 0.000000 0.000000 9.546550 -7.733116 -5.094354 10.259929 -4.461480 -1.832268 7.679609 -5.853450 -1.189201 -4.893899 2.178972 -7.859914 0.890099 7.782339 3.324722 -0.000000 0.000000 0.000000 0.308347 -14.021561 -14.058018 -0.403512 -21.002400 -43.816465 136.073779 -61.273136 155.456966 -23.987504 -19.196076 16.128077 3.110916 11.776091 12.449077 15.230362 10.350447 48.638956 139.923189 66.591463 -155.170512 -43.340869 13.822052 1.079669 
-26.505888 77.272624 -105.356979 -170.053593 -19.211959 -178.113112 16.171473 -2.528975 2.046038 27.358631 -7.959600 0.790959 16.074266 1.907194 -10.711426 -0.000000 0.000000 0.000000 -14.554630 7.666196 7.474636 12.164881 -0.457885 -3.799556 1.179415 -1.536139 3.599200 -0.000000 0.000000 0.000000 7.419319 -6.830969 -5.646745 9.234031 -4.128501 -1.690106 5.203803 -4.648912 -0.756603 -4.663652 3.987830 -7.631568 -0.105570 7.756006 3.974858 -0.000000 0.000000 0.000000 1.382985 -12.933389 -14.452656 1.541821 -19.906936 -43.833600 137.142272 -60.535592 156.056918 -24.491027 -18.580415 13.834766 4.150955 10.851132 12.594296 15.418653 9.760334 50.261939 142.049338 66.843289 -155.903461 -43.323983 13.177160 0.155256 
-28.440130 76.627243 -109.350634 -169.437038 -20.287865 -176.383854 13.718160 -2.755642 1.881782 36.408385 -7.123979 -1.021125 24.959629 -0.174374 -14.369259 -0.000000 0.000000 0.000000 -12.070257 6.907684 7.552391 11.245027 -0.263917 -4.210733 3.193118 -1.548704 3.115243 -0.000000 0.000000 0.000000 5.648839 -5.605893 -5.803451 8.203613 -3.787050 -0.973601 3.474095 -3.977735 -0.437854 -5.769316 4.931942 -7.170817 -0.006442 8.415197 3.628153 -0.000000 0.000000 0.000000 2.133938 -12.018609 -16.112385 3.678941 -19.288722 -43.312437 138.188509 -60.956843 156.522832 -25.097616 -18.242208 13.716921 4.317733 10.251154 14.034772 15.953437 10.156892 49.070162 142.937623 66.708083 -157.030812 -41.941813 13.397192 -1.930053 
-30.532569 74.982744 -113.500226 -169.129862 -21.458115 -176.136920 9.461362 -3.355089 4.141653 48.140557 -1.266969 -4.744901 24.154553 5.444466 -13.573641 -0.000000 0.000000 0.000000 -11.234028 7.119064 8.755582 15.755267 1.553570 -2.726912 5.718258 -2.392684 -1.088486 -0.000000 0.000000 0.000000 4.772621 -4.420147 -4.905623 8.148503 -3.375847 -0.023493 1.866132 -3.496618 -0.051078 -7.224517 4.635811 -6.783415 0.331161 9.784843 3.296114 -0.000000 0.000000 0.000000 2.765150 -12.418051 -17.806626 4.965869 -17.164210 -43.950447 137.133506 -61.902977 155.207391 -25.405389 -17.498556 13.959837 4.596335 11.503469 14.910974 14.780379 10.886405 47.344965 141.000946 66.859606 -155.978183 -41.487947 12.991675 -2.567340 
-32.554212 72.989440 -117.621624 -169.519637 -22.337489 -177.050602 3.719969 -3.626354 7.483165 59.465545 0.804975 -7.856172 15.904085 10.168770 -8.753049 -0.000000 0.000000 0.000000 -14.289110 7.959627 12.149215 29.103224 3.541883 -2.799988 -9.050798 -8.318131 -8.335887 -0.000000 0.000000 0.000000 4.297665 -3.537835 -3.484061 7.084229 -2.249846 1.010863 1.175001 -2.841128 0.115624 -8.478744 4.521766 -5.925275 1.636560 9.930785 1.699090 -0.000000 0.000000 0.000000 3.294521 -13.011413 -19.966846 5.912917 -14.192109 -44.781384 131.317208 -63.225598 148.633747 -24.776280 -15.347408 15.274980 4.905972 14.348592 16.855219 12.923208 10.950216 44.780537 135.735266 66.997394 -152.406645 -39.486859 12.607676 -3.965585 
-34.540528 72.001719 -121.263635 -170.432233 -22.039361 -177.688281 -3.118599 -5.368790 8.107222 66.551464 0.346954 -10.360249 6.245730 11.697047 -1.539342 -0.000000 0.000000 0.000000 -15.375525 8.436208 12.274538 36.687443 4.773685 -1.085078 -16.743201 -9.416463 -10.595676 -0.000000 0.000000 0.000000 4.387722 -2.081697 -2.692909 6.299708 -1.451757 1.641976 1.165733 -1.615933 0.225197 -11.620434 5.316749 -5.221209 2.104393 8.860816 0.705219 -0.000000 0.000000 0.000000 3.915582 -13.021861 -21.296311 7.122807 -11.918859 -46.456805 124.601675 -64.329214 141.674254 -22.309621 -12.528851 18.282362 5.507441 17.071845 18.146032 9.690520 12.837042 42.681875 130.092690 66.443654 -149.293025 -37.357358 12.507365 -7.758047 
-36.703756 72.151536 -125.071836 -169.608190 -23.310845 -176.570004 -8.367998 -5.194777 6.595081 67.748240 -0.930212 -9.315142 -1.851329 12.552731 4.416696 -0.000000 0.000000 0.000000 -9.069118 5.098577 9.539072 35.864226 6.616560 -1.484497 -22.105560 -7.864727 -10.656468 -0.000000 0.000000 0.000000 5.644735 -0.131853 -2.994516 5.778520 -2.127235 1.419774 1.285652 -0.718107 0.717655 -13.518020 4.900186 -5.069840 1.265650 7.708027 1.254354 -0.000000 0.000000 0.000000 4.820482 -12.436658 -20.189293 8.956859 -8.478370 -48.113729 126.054512 -63.502582 141.464661 -26.538141 -12.676010 19.426573 4.885150 18.001128 16.720127 5.566639 13.948711 45.877291 132.453695 64.741700 -153.154237 -36.272722 12.767422 -8.161344 
-38.986111 73.197627 -129.188263 -169.730598 -26.078346 -175.554640 -13.474733 -7.149265 3.782057 63.533034 0.436166 -8.751975 -6.815027 12.972759 6.782471 -0.000000 0.000000 0.000000 -2.488914 4.249790 8.194149 31.176364 6.635984 -2.529293 -23.276531 -9.225143 -9.611371 -0.000000 0.000000 0.000000 5.275781 2.191684 -4.127493 4.622910 -2.874878 1.626607 1.789881 -0.286360 0.972742 -13.254382 4.237717 -4.309388 1.933515 4.742456 1.441220 -0.000000 0.000000 0.000000 6.803341 -10.828941 -18.533323 10.819424 -6.270753 -47.702591 127.846826 -62.243376 141.421380 -29.942988 -14.619308 15.440698 4.398167 16.995489 16.546447 3.840997 15.648327 48.355259 133.537488 62.161775 -156.356688 -37.672555 13.760778 -6.514637 
-41.655102 74.831694 -133.453774 -170.291056 -27.547444 -174.586562 -16.605080 -8.094585 0.487447 53.915299 1.604920 -7.789182 -8.143391 12.100837 6.855026 -0.000000 0.000000 0.000000 3.270790 3.771122 6.701723 26.613063 6.430381 -3.775892 -19.016986 -10.114230 -6.362158 -0.000000 0.000000 0.000000 3.921344 4.169883 -5.583557 4.086751 -2.992827 1.591198 2.422405 0.355163 1.207182 -12.287832 3.646378 -3.875707 2.791234 2.252155 1.675517 -0.000000 0.000000 0.000000 8.110305 -8.772351 -17.067247 12.969059 -4.849992 -47.368837 128.995483 -61.844815 141.072491 -30.244067 -14.939362 13.930818 4.054775 16.043762 16.376007 3.495916 17.431891 48.910100 135.300917 60.174225 -158.525117 -37.104716 14.663927 -6.514246 
-44.503996 76.559210 -137.693584 -170.021086 -28.628604 -174.007445 -16.467337 -9.089938 -1.974006 40.197304 2.241988 -5.709020 -6.966691 11.960780 5.616059 -0.000000 0.000000 0.000000 7.316291 3.133701 5.309892 24.693617 5.847084 -3.593261 -9.331625 -10.007463 -1.257711 -0.000000 0.000000 0.000000 3.256876 5.624751 -5.929577 4.317465 -2.807902 1.370039 2.456058 0.878604 1.435139 -10.545200 2.489865 -4.017881 2.984005 1.033505 2.064243 -0.000000 0.000000 0.000000 9.057828 -8.169191 -16.359036 14.802821 -4.010894 -47.422242 128.893929 -62.357965 140.886903 -28.600911 -14.750785 14.686763 4.047790 15.860819 15.793229 4.196497 17.864779 48.189019 137.589711 59.022409 -159.759640 -36.506797 14.842075 -6.164869 
-47.401398 77.727997 -141.920936 -169.251171 -29.544691 -174.133436 -13.861482 -10.203510 -3.115363 25.339583 1.872260 -2.868238 -7.053388 12.313650 5.195855 -0.000000 0.000000 0.000000 9.859175 0.923348 4.079455 25.693470 5.197541 -2.562448 1.937104 -7.001069 4.605259 -0.000000 0.000000 0.000000 3.303179 6.898062 -5.337846 4.503913 -2.594982 1.319029 2.650253 1.208689 1.771353 -9.630508 1.433004 -4.086366 3.244335 0.105939 2.497251 -0.000000 0.000000 0.000000 9.002808 -7.359586 -16.113271 15.866363 -3.948576 -47.578091 129.412973 -62.974016 141.168275 -26.513290 -14.508385 15.509737 3.887676 15.052679 15.394788 5.900497 17.204015 46.940555 140.745857 58.607342 -160.913663 -36.106456 15.221733 -5.253273 
-50.205272 77.870309 -146.097982 -168.441793 -30.026034 -174.952699 -10.985751 -10.681149 -3.396348 14.925660 1.581127 0.219214 -7.526711 13.025745 5.297746 -0.000000 0.000000 0.000000 10.070501 -0.989301 3.686864 30.889129 3.901983 -2.053792 11.553483 -3.287820 9.406543 -0.000000 0.000000 0.000000 3.254806 7.354418 -4.353503 4.645471 -2.176771 1.554453 2.502194 1.336070 2.213739 -8.164468 0.129679 -3.913153 3.353575 0.342003 2.861725 -0.000000 0.000000 0.000000 9.081069 -6.921720 -16.164998 16.107116 -3.999174 -48.327122 129.873762 -63.121980 142.086034 -25.193777 -14.449418 15.203293 3.916334 14.473309 15.142636 7.920024 15.726423 46.003783 143.340321 59.600128 -161.382631 -37.501531 15.811343 -1.894210 
-52.839077 76.958412 -150.093377 -167.750750 -30.549304 -175.704791 -9.189363 -11.052504 -3.665367 10.884123 0.871592 1.679020 -7.751165 14.068297 6.209308 -0.000000 0.000000 0.000000 7.708006 -0.979106 3.468842 39.720605 2.393877 -0.777688 19.973080 -1.560587 12.107421 -0.000000 0.000000 0.000000 3.348708 6.428943 -3.750991 4.750383 -1.754904 2.020840 2.310576 1.272861 2.453997 -7.156342 -0.860153 -3.575648 3.445254 1.441843 2.970011 -0.000000 0.000000 0.000000 9.004244 -6.874995 -16.705726 15.951456 -4.433898 -48.670605 130.492540 -62.945265 143.744824 -24.234716 -14.569454 15.498269 3.734496 13.953995 15.311413 9.756253 15.005197 45.558756 142.944663 61.886561 -159.564147 -36.125652 15.534471 -1.095878 
-55.388457 75.178069 -153.835344 -167.546385 -31.045614 -175.853996 -8.952268 -12.059998 -4.700896 12.511491 -0.572585 1.377853 -0.620192 12.480766 5.976454 -0.000000 0.000000 0.000000 3.394078 0.011795 2.236079 50.328161 -1.032838 2.043456 20.809570 -6.045119 10.500614 -0.000000 0.000000 0.000000 3.347571 4.835508 -3.922346 5.500709 -1.362553 2.660851 1.359131 0.995525 2.278231 -6.664052 -1.240795 -3.225692 3.606986 2.697419 2.783369 -0.000000 0.000000 0.000000 8.965780 -7.388727 -17.528722 15.190850 -5.719763 -47.892787 130.093325 -62.709395 144.605099 -23.002854 -14.593594 16.342144 4.044634 14.132189 16.018421 11.468668 14.382351 45.583876 138.710658 64.987440 -155.832480 -33.617127 15.038153 -1.153369 
-57.986796 72.953755 -157.408106 -167.689969 -30.921708 -175.197776 -12.309460 -13.190917 -7.314608 24.885343 -1.792055 -0.413685 -8.817220 13.857507 13.482120 -0.000000 0.000000 0.000000 -2.410318 0.742196 -0.394785 61.235839 -2.090780 4.204712 12.546178 -12.934082 5.766490 -0.000000 0.000000 0.000000 3.610131 3.649169 -4.670985 4.568230 -1.331830 3.129934 1.746824 0.808420 1.702827 -7.032987 -0.950796 -2.447363 4.235135 3.336183 2.040308 -0.000000 0.000000 0.000000 8.381764 -8.260904 -18.680286 13.711803 -7.495399 -45.632891 128.435521 -63.373286 142.742381 -23.087140 -14.727261 17.324895 4.525642 14.227676 17.873073 13.006446 13.800325 45.328024 129.991238 69.073050 -148.630602 -32.259986 14.468663 -2.253115 
-60.113090 71.580577 -160.836864 -167.582726 -31.517169 -174.811875 -14.795626 -13.696418 -8.080058 35.501524 -2.802534 -3.213327 -14.913190 14.458835 16.586860 -0.000000 0.000000 0.000000 -8.405659 1.799453 -0.560649 67.563727 -0.971216 4.799275 4.343394 -15.309957 -0.179060 -0.000000 0.000000 0.000000 4.557662 2.987261 -5.030079 3.688331 -1.926128 3.477741 3.138430 0.708521 1.096109 -9.480528 0.868695 -1.685159 5.279691 2.091001 2.323893 -0.000000 0.000000 0.000000 6.522133 -10.695923 -19.822865 12.153056 -10.506297 -42.442571 124.187582 -65.449528 138.472336 -22.352126 -13.860843 19.305124 4.775904 14.515308 20.147199 13.671169 12.977936 46.548468 113.623559 72.140498 -135.114802 -31.559868 12.157908 -4.923167 
-62.268955 71.351814 -164.428365 -165.095529 -31.925923 -173.691748 -8.480892 -10.737501 -6.538906 36.252883 -4.456125 -3.221296 -19.792018 11.997263 17.696457 -0.000000 0.000000 0.000000 -11.064332 2.246982 0.172287 67.901621 -0.306384 4.849235 -1.964726 -14.033688 -3.044753 -0.000000 0.000000 0.000000 6.956210 1.415692 -4.985044 5.292027 -1.987882 3.535376 1.752001 0.225665 1.492396 -10.023148 2.247847 -2.171631 3.283636 2.557990 2.483922 -0.000000 0.000000 0.000000 5.414026 -12.883129 -19.722241 9.893664 -11.792440 -42.236806 124.358129 -64.061717 139.616517 -18.663958 -13.128903 22.011416 5.375196 15.264997 20.139095 14.645461 10.484190 48.902135 112.026590 73.017354 -134.701529 -31.487735 12.088389 -6.387338 
-64.667547 71.910101 -167.981029 -163.565477 -29.860280 -173.324960 -1.698293 -8.066147 -5.746365 34.401306 -5.042066 -2.552674 -22.072293 11.670329 17.102379 -0.000000 0.000000 0.000000 -13.662700 3.353873 1.190612 64.024710 -0.579879 3.931574 -6.589188 -12.775795 -3.225876 -0.000000 0.000000 0.000000 7.828589 -0.804552 -3.762996 4.766426 -1.281757 2.613727 2.247581 0.271573 1.320597 -9.189107 3.509613 -2.877976 2.755395 4.386567 2.120257 -0.000000 0.000000 0.000000 4.823894 -12.199800 -19.388044 8.268033 -13.611273 -43.249587 130.465327 -62.155765 147.554734 -23.295604 -15.731177 19.654443 6.037061 14.057416 18.693282 15.892541 9.600516 49.416859 116.375918 72.208801 -137.157195 -32.596387 12.569745 -4.622301 
-66.984707 73.072553 -171.841991 -162.647441 -28.668786 -173.958367 4.499916 -6.525639 -4.269256 31.760796 -5.931452 -1.890523 -21.070915 12.335200 15.004924 -0.000000 0.000000 0.000000 -14.751976 3.676191 3.218912 55.237539 -1.445411 3.172797 -7.905701 -12.351797 -2.884092 -0.000000 0.000000 0.000000 7.128987 -2.402998 -2.226573 3.935532 -0.932961 2.168514 3.162685 0.050489 1.486272 -7.164015 4.021333 -3.919381 3.492762 6.592078 1.776853 -0.000000 0.000000 0.000000 4.646166 -10.893155 -18.810589 6.833947 -15.619504 -44.323718 135.411308 -59.935908 153.243177 -26.076519 -17.377352 17.920753 6.980610 12.013115 16.977395 17.357382 8.690036 49.687893 121.672658 71.456022 -139.759431 -33.826543 12.681703 -2.823740 
-69.269639 74.476093 -175.690532 -161.658566 -28.594538 -173.864461 9.779237 -5.735344 -3.573428 29.547691 -6.314341 -0.722205 -16.461061 12.682099 10.988935 -0.000000 0.000000 0.000000 -13.645905 3.582787 4.207958 42.580285 -2.734072 1.709263 -5.101393 -11.663555 -0.043949 -0.000000 0.000000 0.000000 6.737922 -3.274927 -1.466484 3.535301 -1.118939 2.041496 3.484507 -0.364691 1.939106 -5.414930 4.142103 -5.116447 3.884394 7.913210 1.792389 -0.000000 0.000000 0.000000 4.829767 -10.377445 -18.044080 5.553687 -17.786401 -44.881886 137.543775 -57.808834 155.938204 -25.810315 -18.294339 17.092266 7.864475 10.347982 15.893822 19.154417 7.545288 50.208173 125.468708 71.492461 -142.252535 -35.578965 12.587632 -1.881256 
-71.421653 75.750685 -179.638970 -160.774740 -28.829287 -172.941278 13.506945 -5.205335 -3.115116 28.767249 -6.923421 -0.530160 -9.168607 12.636312 5.930672 -0.000000 0.000000 0.000000 -10.998357 4.017744 4.323583 28.741502 -2.568061 -0.283573 -0.854283 -9.872064 3.322364 -0.000000 0.000000 0.000000 6.339427 -3.880120 -1.744187 3.213636 -1.576528 1.793768 4.074058 -0.764714 2.237702 -4.540150 4.749903 -5.846400 4.016855 8.617925 2.091222 -0.000000 0.000000 0.000000 5.137791 -9.919608 -17.059239 4.899011 -19.649610 -44.747570 138.781133 -56.669823 157.179158 -25.768362 -20.350414 16.708632 8.222476 8.717173 15.091140 20.377523 7.504372 51.013083 125.598795 72.231767 -141.338458 -36.027999 12.748882 -2.799850 
-73.517418 76.685518 -183.642590 -160.273089 -29.219529 -171.368582 15.012984 -4.059367 -2.695550 30.633189 -6.696478 -1.233969 -0.272025 10.244392 0.656075 -0.000000 0.000000 0.000000 -7.707191 4.312119 3.314554 16.818368 -1.296558 -2.202888 0.520499 -6.080861 6.369750 -0.000000 0.000000 0.000000 5.396756 -3.949524 -2.852664 3.437904 -2.281608 1.354982 4.228737 -1.024318 2.225831 -3.254218 5.578083 -6.267789 3.379898 8.574120 2.774700 -0.000000 0.000000 0.000000 5.544016 -9.632546 -16.386399 4.824173 -20.756213 -44.011782 140.373681 -55.961672 159.071131 -27.026215 -19.902709 13.956298 8.679353 7.344730 14.833183 20.673686 7.515787 51.885014 125.046794 73.031383 -139.727960 -35.815266 12.346021 -3.123593 
-75.487775 77.096140 -187.586451 -160.154234 -30.001593 -170.279487 13.594495 -3.054362 -1.456115 36.388388 -6.114831 -2.096254 9.559164 6.473748 -5.069123 -0.000000 0.000000 0.000000 -5.700554 4.742627 2.798764 10.574497 -0.325504 -3.287321 0.278539 -4.203003 6.389562 -0.000000 0.000000 0.000000 4.084468 -3.772038 -3.913571 4.191806 -2.820396 1.223669 3.712238 -1.132958 2.068503 -1.528016 6.037374 -6.832983 2.643421 8.428808 3.506649 -0.000000 0.000000 0.000000 6.180100 -9.596575 -16.085827 4.572986 -20.988379 -43.754029 142.109749 -56.737416 161.025088 -29.753461 -18.747263 8.851177 9.566847 6.857063 14.849496 20.321697 7.485825 52.514216 125.699677 73.395360 -139.775950 -36.353552 11.845776 -3.265905 
-77.467138 76.722813 -191.213429 -160.413383 -31.050765 -169.938332 9.359017 -4.061538 -0.030334 45.118236 -5.378469 -3.413927 20.520879 3.068537 -9.517409 -0.000000 0.000000 0.000000 -4.833227 5.726958 3.051997 9.083960 -0.066687 -3.655750 0.577787 -4.547997 4.423432 -0.000000 0.000000 0.000000 3.178259 -3.522604 -4.409565 4.569399 -3.024172 1.389973 3.251344 -1.339832 1.909515 -0.808322 6.025504 -7.370387 2.876567 8.591798 3.471285 -0.000000 0.000000 0.000000 6.594087 -8.982920 -16.066848 3.582307 -20.856757 -44.612065 142.635203 -58.381250 162.231765 -33.484663 -15.629078 0.986195 9.987390 6.433644 15.048663 19.520498 7.858237 51.610624 126.381298 72.817699 -140.266731 -36.659310 11.387311 -2.410595 
-79.311490 75.504583 -194.589961 -160.484557 -31.642495 -170.298336 4.686446 -5.827466 2.006518 53.982766 -3.099681 -5.514355 31.337771 0.640214 -14.340262 -0.000000 0.000000 0.000000 -4.847900 7.044305 4.058273 11.549271 -1.158710 -3.044058 1.533254 -3.338661 3.568547 -0.000000 0.000000 0.000000 3.492985 -3.116342 -4.378910 5.146719 -2.846795 1.839529 2.443211 -1.361949 1.954212 -1.343639 6.574399 -7.640693 2.704750 8.149995 2.996738 -0.000000 0.000000 0.000000 6.629815 -8.662405 -15.993104 2.530315 -20.685194 -46.372123 142.320197 -60.555216 163.519799 -37.585619 -11.673258 -7.232963 9.805646 6.605157 15.348899 17.907753 8.412974 49.054096 126.831968 72.019005 -140.433815 -37.763261 11.113281 -1.285984 
-81.124586 73.616761 -197.946918 -159.695366 -32.355939 -171.472240 1.246327 -6.699954 5.337342 62.785873 -1.322452 -7.033224 27.088080 4.889996 -12.528523 -0.000000 0.000000 0.000000 -5.940528 7.453392 7.299425 20.448065 0.307755 -2.031128 -2.870567 -4.285631 -2.025731 -0.000000 0.000000 0.000000 4.603705 -2.815125 -2.758052 6.448802 -2.526490 2.367901 1.197341 -1.193979 2.010236 -2.746161 6.129820 -7.890407 2.332650 8.724317 2.426951 -0.000000 0.000000 0.000000 6.168968 -10.126515 -17.246609 2.688730 -18.657955 -47.150790 141.943877 -61.311006 163.714044 -39.879079 -9.159333 -9.069038 9.654807 9.486265 15.635163 15.825861 7.680507 46.187391 126.591144 71.598028 -140.848059 -38.012472 11.299093 -1.440786 
-82.800114 71.932638 -200.995612 -160.188672 -33.162504 -172.841667 -3.716385 -9.107008 6.643603 69.796422 -2.284860 -8.307737 7.688391 10.544436 -0.951995 -0.000000 0.000000 0.000000 -11.799712 8.928460 9.786610 35.316703 2.172012 0.589934 -11.093954 -9.016390 -6.598742 -0.000000 0.000000 0.000000 5.368908 -2.538643 -1.491066 4.666478 -1.534793 2.849784 2.809232 -0.917723 1.477247 -5.638643 6.675059 -5.902238 4.865490 8.408794 0.048020 -0.000000 0.000000 0.000000 5.417291 -11.060773 -20.031071 3.671832 -18.169737 -45.715555 138.886952 -63.462469 160.442221 -39.783569 -8.853914 -8.425151 8.796141 12.365854 18.415924 14.295357 9.467567 41.438653 116.991537 73.034057 -134.046913 -36.466598 11.236132 -2.391847 
-84.663016 71.276033 -203.673196 -159.615941 -32.655015 -172.059113 -8.065878 -9.407430 5.271954 72.178882 -0.747531 -8.370522 -4.377826 13.021132 8.549475 -0.000000 0.000000 0.000000 -10.386904 6.334489 7.937698 40.690310 3.276373 1.521617 -16.894946 -6.218935 -8.059505 -0.000000 0.000000 0.000000 7.035266 -0.897488 -0.985964 5.713423 -1.430782 2.403978 2.141415 0.243499 1.391962 -7.508790 7.016549 -6.210437 3.072315 7.591668 0.257123 -0.000000 0.000000 0.000000 4.839823 -12.260511 -19.607922 3.237970 -15.496245 -47.554057 133.689944 -64.924643 154.268251 -39.583786 -7.362602 -8.206633 9.211958 15.833460 17.352937 9.727560 10.300884 42.164258 110.653411 71.812683 -129.650260 -33.677186 11.397648 -5.008762 
-86.494005 71.491635 -206.463385 -158.697867 -34.984125 -170.433812 -12.115556 -10.286074 3.795302 69.819843 0.822181 -7.486015 -9.027023 13.953378 11.962772 -0.000000 0.000000 0.000000 -6.594013 4.287316 7.186821 41.285184 3.056891 0.478597 -20.597692 -6.017617 -9.116095 -0.000000 0.000000 0.000000 8.241961 0.892514 -1.503103 5.386593 -2.025488 2.314416 2.173464 0.460892 1.709281 -8.054426 6.749587 -6.168821 2.227223 6.601803 0.529312 -0.000000 0.000000 0.000000 4.834951 -12.530399 -18.545604 4.906729 -13.877382 -47.805167 136.480686 -63.288844 155.656445 -39.904984 -6.406700 -5.168244 7.815659 16.586088 17.063655 7.617263 11.466370 44.702581 117.307303 70.581588 -137.969142 -33.130705 11.323553 -5.119815 
-88.549107 72.346926 -209.209442 -159.029643 -37.598593 -169.267714 -15.929413 -10.915184 2.031362 63.179255 2.368421 -6.323740 -8.952987 11.320587 11.978207 -0.000000 0.000000 0.000000 -3.233882 3.306745 6.411333 39.708639 1.810398 -0.003170 -21.822314 -6.452764 -9.338009 -0.000000 0.000000 0.000000 7.219369 2.614403 -2.266389 4.563520 -2.181955 2.342444 2.892872 0.857252 1.647515 -7.430133 7.335247 -5.534558 2.779341 4.215912 0.377609 -0.000000 0.000000 0.000000 5.267840 -11.131229 -16.959947 5.671862 -13.760638 -47.347019 138.935541 -62.703224 156.738485 -44.272400 -6.593403 -8.848184 7.225629 15.628765 17.204108 6.096136 13.834931 46.764059 120.540728 68.756916 -141.988945 -33.501211 12.050805 -4.650468 
-90.816414 73.532170 -211.781645 -159.919130 -39.668546 -168.340851 -17.843599 -11.403470 -0.143351 51.658607 4.352203 -5.401707 -7.526096 10.580786 11.547452 -0.000000 0.000000 0.000000 0.403836 3.045161 5.581442 36.550099 0.610766 -0.965092 -20.884726 -7.492554 -8.258648 -0.000000 0.000000 0.000000 6.108465 4.043660 -3.106934 3.435991 -1.954280 2.063664 3.272842 1.527810 1.637823 -6.238829 7.164056 -5.422851 3.421855 2.786936 0.715313 -0.000000 0.000000 0.000000 5.563452 -9.766890 -15.858049 6.833728 -13.425315 -46.911052 139.134369 -61.674681 156.005244 -43.129044 -7.447596 -7.608351 7.063974 15.272605 17.015143 5.908690 15.476736 48.350198 123.207319 67.547140 -144.370220 -33.356978 13.096059 -5.520090 
-93.351650 74.595094 -214.447141 -159.899779 -42.628060 -167.653516 -17.204989 -11.855448 -1.925384 38.198770 7.600847 -4.099029 -4.974214 12.173284 11.837372 -0.000000 0.000000 0.000000 4.122057 2.928239 5.472129 34.265200 -0.583092 -1.373468 -16.953479 -9.334719 -6.181213 -0.000000 0.000000 0.000000 5.592913 5.183711 -3.179538 2.694549 -1.834877 1.997736 3.573476 1.771837 1.821907 -5.932551 6.038019 -5.506050 4.325489 2.315771 0.983135 -0.000000 0.000000 0.000000 5.758456 -9.213997 -15.621001 8.492146 -13.270621 -46.389169 137.993975 -61.044085 153.635335 -38.477115 -11.883850 -0.370969 6.438481 15.082006 16.892741 7.387318 16.155775 48.526826 126.819278 67.004246 -146.831262 -32.886763 15.194776 -6.837722 
-96.119583 75.178242 -217.299223 -159.573117 -45.908607 -167.647530 -14.799981 -10.993178 -3.009710 25.762440 12.464525 -2.860246 -0.161525 13.404783 11.129278 -0.000000 0.000000 0.000000 6.747016 1.974417 5.052248 34.512755 -1.587486 -0.461522 -10.182713 -9.694590 -2.683883 -0.000000 0.000000 0.000000 4.953747 5.786340 -2.409426 2.624808 -1.692392 1.974176 3.446310 1.821650 2.012199 -5.364243 4.569934 -5.739724 4.462036 2.852702 1.296541 -0.000000 0.000000 0.000000 5.649095 -8.833450 -15.735864 10.054598 -12.948316 -46.352143 137.527897 -61.081531 152.154450 -33.884997 -14.068650 7.234161 6.058982 14.853175 16.303470 8.902549 16.441813 48.195477 131.655495 66.947848 -149.820508 -33.624815 15.065018 -7.404086 
-98.976517 75.140142 -220.112848 -159.302749 -49.347760 -168.225690 -12.690884 -7.702938 -3.944314 17.993106 18.681546 -1.294441 5.034010 14.345905 9.655691 -0.000000 0.000000 0.000000 7.742168 -0.344974 4.029704 37.839306 -2.904008 1.285024 -2.827434 -6.643513 1.929174 -0.000000 0.000000 0.000000 4.203109 5.596098 -1.182223 2.314173 -1.701697 2.025437 3.171168 1.844505 2.214677 -4.106001 3.483570 -5.913431 4.330315 4.027907 1.366604 -0.000000 0.000000 0.000000 5.626035 -8.457390 -16.123508 11.258528 -11.760890 -46.674153 137.615213 -61.748598 151.418043 -30.147133 -15.019329 10.912760 6.130769 14.306089 15.848112 9.966491 15.765868 47.806357 135.622603 67.304816 -151.674679 -32.476540 14.902286 -7.527882 
-101.589489 74.471653 -222.589302 -159.299619 -52.573529 -168.888492 -11.673717 -4.595327 -5.021998 16.219420 22.234648 -1.083728 6.276837 15.671404 12.265131 -0.000000 0.000000 0.000000 5.850508 -2.518666 2.071105 45.087476 -2.815257 3.611120 4.875595 -2.098170 6.456281 -0.000000 0.000000 0.000000 3.389879 4.808132 -0.339775 2.389964 -1.717871 2.450981 2.598340 1.778883 2.365273 -3.087480 2.702027 -6.303703 3.820183 5.568297 1.216941 -0.000000 0.000000 0.000000 5.851787 -8.158800 -15.958323 11.204179 -10.813407 -47.727457 137.705955 -62.416591 151.121396 -28.517401 -14.037438 11.740397 6.519812 13.641838 15.248944 10.239594 15.356576 47.917454 138.811912 67.885171 -153.352720 -31.042021 15.239937 -8.566822 
-103.734779 73.291159 -224.672508 -157.626906 -55.145327 -168.272459 -9.982897 -3.834482 -5.105217 18.958645 20.509500 -2.160457 -3.794109 18.237068 18.016028 -0.000000 0.000000 0.000000 3.139305 -3.744523 0.454904 53.609556 -0.354898 5.708666 11.975633 1.254478 9.871985 -0.000000 0.000000 0.000000 3.497203 4.012283 0.285051 3.584569 -1.889266 3.200083 2.196131 1.635933 2.547622 -4.061183 2.610025 -6.643255 3.112724 7.123277 0.626481 -0.000000 0.000000 0.000000 5.823458 -8.699915 -16.173144 11.033337 -9.825765 -48.017923 138.448297 -62.809888 151.485442 -28.488146 -13.968172 12.642115 6.500726 13.497960 15.183447 10.847448 14.633434 47.235238 141.665126 67.414160 -155.960267 -31.406202 15.572096 -8.720575 
-105.424702 71.974689 -226.210427 -155.467478 -57.539695 -165.530334 -10.271799 -7.359948 -5.944194 24.563476 16.093737 -4.949003 -11.635449 21.990803 22.645971 -0.000000 0.000000 0.000000 -0.329817 -3.201990 -1.945213 61.483425 0.667928 7.837888 12.644181 -2.545937 8.893653 -0.000000 0.000000 0.000000 4.030237 3.327522 -0.693418 5.082296 -2.161337 4.009284 2.395045 1.322293 2.322180 -7.075591 3.540693 -6.060522 3.334384 7.806664 -0.336423 -0.000000 0.000000 0.000000 5.363944 -9.655029 -17.623423 10.897013 -10.191731 -45.781981 138.527104 -63.856650 151.950446 -29.417328 -14.048354 12.862088 5.484151 13.712115 17.233409 12.135114 14.901513 45.195296 139.957624 66.858859 -156.853598 -31.503068 14.814448 -7.100445 
-106.545281 71.145225 -227.599430 -152.925820 -60.501961 -162.319520 -11.770755 -9.445633 -5.362415 31.260520 12.549080 -8.821532 -16.318700 22.866171 23.991604 -0.000000 0.000000 0.000000 -4.434566 -1.865671 -2.591746 67.171213 -0.712609 8.724678 7.281683 -10.024141 4.373168 -0.000000 0.000000 0.000000 5.219725 2.598406 -1.773611 5.830827 -2.450307 4.551405 2.652040 1.017451 2.186699 -10.092288 4.531010 -4.948627 3.231842 8.079029 0.033437 -0.000000 0.000000 0.000000 4.977668 -12.056141 -18.528121 9.901507 -11.000073 -42.940343 135.460045 -64.922127 149.007529 -28.716238 -14.188798 15.751374 5.014803 15.093920 18.535389 12.345382 15.073383 45.821636 132.897612 67.364854 -153.197203 -32.028440 14.059236 -6.196289 
-107.890677 70.956528 -228.880000 -147.602180 -65.081852 -156.747140 -10.543963 -7.584055 -4.656482 33.688338 8.568380 -8.395484 -18.974692 19.699707 23.583911 -0.000000 0.000000 0.000000 -7.589204 -0.917946 -1.751492 69.230653 -1.132790 8.689955 2.682107 -13.638404 -0.377240 -0.000000 0.000000 0.000000 6.761363 0.827186 -1.722433 5.976741 -3.005141 4.827703 1.600941 0.345440 2.620090 -10.579028 4.449529 -4.840310 1.600572 9.341330 1.254395 -0.000000 0.000000 0.000000 4.663495 -14.278774 -18.928517 8.804509 -11.212720 -41.306148 134.661882 -64.024237 148.264945 -24.242112 -12.711861 20.227788 5.337523 16.237735 17.940856 12.879582 13.999562 48.184165 136.256640 67.822228 -157.408637 -36.074452 13.643633 -6.647480 
-109.567392 71.284306 -230.157781 -142.692661 -68.634097 -151.156770 -8.358919 -7.045993 -5.221214 33.102576 5.603691 -6.305423 -19.751148 18.107530 22.831582 -0.000000 0.000000 0.000000 -10.447448 0.440110 -1.047297 67.527668 -1.212766 6.917042 -1.442675 -14.657632 -1.821040 -0.000000 0.000000 0.000000 6.929343 -0.700054 -1.245265 4.602891 -2.833193 4.834176 2.120954 0.155354 2.652773 -10.531230 5.061296 -4.599125 1.975630 9.629340 1.299832 -0.000000 0.000000 0.000000 4.172064 -14.071859 -19.259093 7.853550 -13.342877 -40.264346 138.021711 -62.607565 151.897698 -25.558015 -14.269691 19.169493 5.273030 14.763120 18.032355 14.589819 13.164188 48.268907 135.661713 66.502356 -157.254953 -34.563857 13.406988 -5.523150 
-111.168516 72.095650 -231.609941 -135.816415 -72.368867 -143.574197 -5.122902 -7.605169 -5.395794 29.624127 2.972244 -4.066324 -18.845970 17.475052 21.163252 -0.000000 0.000000 0.000000 -11.837198 1.783806 -0.112671 60.627027 -1.459622 4.401397 -2.121005 -14.047103 -0.289021 -0.000000 0.000000 0.000000 6.755704 -1.721020 -1.118171 2.875031 -2.597397 4.579694 3.303512 -0.209432 2.905795 -10.172554 5.809110 -4.486752 3.151452 9.686345 0.847391 -0.000000 0.000000 0.000000 3.990315 -12.659219 -18.665182 6.611760 -16.269118 -40.618840 140.824908 -60.761904 154.881291 -27.710679 -16.264951 17.104282 5.011038 12.322660 17.537881 15.862254 13.448926 48.075523 136.067303 66.015552 -156.391818 -34.922536 14.387177 -4.077966 
-112.418318 73.024094 -233.197403 -125.243488 -76.732012 -132.941848 -2.345115 -8.094364 -4.021150 25.194385 0.336268 -1.657033 -16.984530 15.651095 18.574239 -0.000000 0.000000 0.000000 -13.143172 2.729791 1.151661 51.843393 -1.780237 2.145724 0.052210 -14.489746 1.542786 -0.000000 0.000000 0.000000 6.751133 -2.513515 -0.917745 1.086278 -2.402355 4.340627 4.301348 -0.591093 3.328184 -9.477874 5.738560 -5.047410 3.912105 9.948492 0.865129 -0.000000 0.000000 0.000000 4.031206 -11.291073 -17.981512 5.269480 -19.247083 -41.774473 142.087318 -58.976722 155.935744 -28.731879 -17.558442 16.822435 5.185025 10.258271 17.037881 17.190727 13.481011 48.050564 136.475961 65.667475 -156.034857 -33.799176 14.446193 -5.298378 
-113.659084 73.957914 -234.703374 -101.833310 -79.738169 -109.694937 0.389731 -8.567642 -2.468860 21.361217 -2.810410 0.791767 -15.055145 14.257054 15.359015 -0.000000 0.000000 0.000000 -12.394345 4.630079 2.954553 42.020845 1.469215 -0.433489 0.280990 -11.265388 3.865699 -0.000000 0.000000 0.000000 7.399798 -3.271879 -0.730359 0.600996 -2.553707 3.954141 4.734817 -0.631263 3.577655 -8.709019 6.005485 -5.721974 3.198545 9.515605 1.458011 -0.000000 0.000000 0.000000 3.885307 -11.148757 -17.010142 4.494612 -21.140687 -43.104684 142.246441 -57.481592 156.668883 -28.066988 -18.504251 17.264149 5.572335 9.855276 15.898253 17.752553 12.893713 48.323892 135.451283 65.509572 -154.289627 -31.002969 15.015665 -8.787640 
-115.185738 74.665141 -235.879755 -62.879513 -80.106475 -70.156954 0.185829 -10.131197 -2.057590 20.586132 -5.867085 2.319064 -12.468431 13.075670 13.734868 -0.000000 0.000000 0.000000 -11.992309 8.228465 3.893853 32.956303 6.940483 -3.157432 1.112048 -11.673384 1.762803 -0.000000 0.000000 0.000000 6.605117 -4.167132 -1.326307 1.053134 -2.951590 3.882070 5.440684 -1.080405 3.744733 -8.908228 5.662132 -6.344008 2.754664 9.498304 1.993082 -0.000000 0.000000 0.000000 4.406103 -11.105072 -16.281136 3.397758 -22.858543 -43.432218 142.408599 -56.645695 157.435822 -28.518024 -19.591151 16.707748 6.555955 9.164188 14.673539 17.550250 13.133724 48.070420 134.195278 65.761293 -152.657014 -31.333332 14.907168 -9.896916 
-117.078257 75.290531 -236.743593 -35.762152 -76.287390 -41.880058 -1.353320 -11.489236 -2.057216 21.835014 -9.243333 2.606065 -10.677678 11.540788 12.001894 -0.000000 0.000000 0.000000 -9.901273 8.901510 2.099206 24.476412 10.505717 -5.343810 4.719132 -8.457182 4.639563 -0.000000 0.000000 0.000000 6.384893 -3.614554 -1.805173 0.923988 -3.886529 3.573303 5.715977 -1.441912 3.615140 -9.136155 5.318751 -6.702275 2.433141 8.582974 2.729907 -0.000000 0.000000 0.000000 4.169514 -11.330429 -16.063676 3.402552 -24.126656 -42.497143 143.129133 -57.114737 158.016527 -28.607669 -19.824983 16.092981 6.070538 8.121670 14.365705 18.375612 12.421391 47.012515 133.207129 65.668818 -152.013795 -30.424386 12.986179 -9.162975 
-119.268966 75.600517 -237.583232 -22.030628 -70.005377 -27.307880 -3.751331 -13.177138 -1.855309 25.333340 -12.738042 2.574201 -10.896257 10.357075 11.611846 -0.000000 0.000000 0.000000 -7.624809 10.671455 0.560361 20.251326 14.849705 -6.575165 8.551313 -5.740756 6.212082 -0.000000 0.000000 0.000000 5.622230 -3.007030 -2.192188 1.167547 -4.727833 3.878919 5.548942 -1.796276 3.501930 -8.240060 4.654503 -7.161884 1.718298 7.457371 3.251287 -0.000000 0.000000 0.000000 4.400432 -12.254750 -16.289361 3.393954 -24.605283 -41.413118 143.855763 -58.571623 157.847060 -29.486748 -19.307665 15.602042 6.301916 8.029957 14.784903 18.769304 12.092007 46.462565 131.797489 65.223895 -151.300037 -28.307955 13.557472 -12.069307 
-121.368730 75.363523 -238.695621 -16.508568 -63.883710 -21.534760 -5.748591 -14.300981 -0.804565 29.999942 -14.349759 2.059346 -13.674288 11.055231 11.781499 -0.000000 0.000000 0.000000 -4.668740 12.511967 0.391075 19.524117 19.254888 -7.842867 5.177294 -5.550007 6.648456 -0.000000 0.000000 0.000000 5.079775 -2.662347 -2.218155 2.826961 -5.201872 4.209536 4.233665 -1.715636 3.087050 -8.189064 4.639980 -6.785008 1.430408 6.607701 3.040545 -0.000000 0.000000 0.000000 3.932124 -11.779947 -16.858358 3.871841 -23.936978 -40.380241 143.898781 -59.391678 156.917880 -31.657899 -17.524168 13.766039 5.852579 8.135399 15.107140 18.498900 12.942320 44.979497 135.273591 64.094879 -152.302971 -33.084470 13.683672 -12.294252 
-123.005331 74.363631 -240.011692 -13.402327 -57.830065 -18.407751 -8.153568 -14.779503 0.256090 36.118125 -11.654625 0.720041 -17.872346 13.118175 13.934572 -0.000000 0.000000 0.000000 -1.518586 13.480126 1.086813 19.146319 19.395132 -7.098630 -5.053165 -9.012287 5.267285 -0.000000 0.000000 0.000000 5.527349 -1.592917 -2.491568 3.522395 -4.968862 4.779517 3.456617 -1.475532 3.219287 -8.608458 4.065076 -6.699491 1.366288 5.688632 2.457648 -0.000000 0.000000 0.000000 4.060370 -13.089652 -17.701479 4.220774 -22.605533 -40.167877 140.467005 -59.997761 153.473947 -28.465984 -15.308375 14.273430 5.926546 9.595799 16.314500 18.909712 9.710388 43.663338 130.815764 64.078500 -150.749111 -30.691040 11.472775 -9.091981 
-124.029744 73.070258 -241.394663 -10.597935 -52.354455 -16.129932 -11.650204 -13.948774 1.748058 42.550059 -6.427335 -1.084088 -22.085520 14.995332 16.355871 -0.000000 0.000000 0.000000 -1.186330 12.465650 3.698963 20.537525 16.722354 -6.204515 -13.607062 -13.357191 0.431625 -0.000000 0.000000 0.000000 6.426569 -0.884581 -1.717614 3.502678 -4.727111 4.651804 3.107614 -1.378220 3.115002 -10.248299 3.372457 -6.689322 1.454939 5.906475 1.749565 -0.000000 0.000000 0.000000 3.975847 -13.593324 -19.460434 5.009165 -19.979637 -40.150737 137.691025 -60.411984 150.535000 -28.017524 -13.052428 12.400644 5.716660 11.816982 16.782772 17.655227 10.227536 42.160881 132.406735 63.412834 -152.925794 -32.837977 9.693977 -7.957497 
-124.815774 72.081304 -242.634845 -8.238317 -46.802974 -14.340161 -15.255480 -11.640530 3.271310 48.014438 -2.169426 -1.790665 -26.243867 15.561248 18.859806 -0.000000 0.000000 0.000000 -2.255276 9.850524 6.015643 23.300348 14.624320 -5.839915 -19.667048 -14.383078 -2.602011 -0.000000 0.000000 0.000000 7.543742 -0.104190 -1.480269 3.765455 -4.619596 4.580797 2.548985 -1.357231 3.138926 -12.349580 3.583199 -6.193164 0.859294 5.603125 1.406088 -0.000000 0.000000 0.000000 4.691205 -13.586130 -20.533572 5.443224 -16.430264 -40.777388 133.612483 -60.740572 145.674051 -25.881282 -10.405290 13.417866 5.497876 12.707902 18.665706 15.251021 9.493578 42.960862 133.940425 64.304799 -153.794333 -37.319911 11.757119 -6.701377 
-125.410950 71.707696 -243.308878 -6.557731 -41.391071 -12.463950 -17.891064 -9.805694 3.017794 50.691981 -0.840610 -1.635392 -28.584554 14.394755 20.110612 -0.000000 0.000000 0.000000 -4.442926 7.871177 7.310632 27.702922 12.023977 -5.461914 -21.670732 -15.705084 -4.543383 -0.000000 0.000000 0.000000 8.870310 -0.011196 -1.302715 2.928086 -4.238487 3.946639 2.526707 -1.140501 2.985169 -13.961733 3.242402 -6.119618 -0.048333 5.837401 1.297990 -0.000000 0.000000 0.000000 5.078952 -13.031401 -21.549136 7.467648 -12.581062 -40.998091 132.686927 -62.089513 143.481770 -23.813861 -7.321281 15.187663 4.926446 14.144244 19.564150 13.344078 11.156620 44.167336 136.273685 63.642203 -157.055248 -32.488005 12.802619 -9.966623 
-125.940597 72.037512 -243.455577 -5.509959 -36.575934 -10.983858 -18.668656 -8.402278 2.310232 49.920585 -0.186281 -1.980441 -28.692582 13.571303 19.303723 -0.000000 0.000000 0.000000 -4.185248 5.147935 6.733572 27.467858 8.944598 -4.361463 -20.550227 -14.869834 -3.895612 -0.000000 0.000000 0.000000 9.421815 0.853736 -1.738349 2.480468 -4.018265 3.665642 2.765658 -0.681391 3.078918 -14.551686 3.636756 -5.999134 -0.953608 4.597283 1.145946 -0.000000 0.000000 0.000000 5.690519 -12.131053 -21.335107 9.346294 -9.639901 -41.470631 131.020818 -63.084062 140.929845 -23.912901 -5.879473 14.723808 4.486618 14.509350 20.515339 11.637614 12.054481 44.848167 137.686312 61.648844 -158.971000 -33.288208 12.694155 -10.278225 
-126.339400 72.866696 -243.103361 -3.938129 -31.335916 -9.467522 -18.813991 -8.304520 1.581490 47.030690 1.716143 -3.048611 -27.735741 13.794083 18.364474 -0.000000 0.000000 0.000000 -2.659271 3.456247 6.006330 24.092473 5.638819 -3.695525 -16.944308 -14.603413 -2.025396 -0.000000 0.000000 0.000000 8.701750 1.896055 -2.424739 1.925646 -4.101277 3.691224 3.032451 -0.634513 3.291737 -13.653087 3.371601 -5.386933 -1.286415 3.554463 1.381013 -0.000000 0.000000 0.000000 6.928468 -10.525178 -20.390234 10.860541 -7.759197 -41.588732 131.113294 -63.555873 140.000896 -24.831967 -5.529165 13.354995 4.385429 13.989856 21.205279 10.617159 13.703497 45.126273 138.992316 60.567115 -159.967330 -34.289706 13.611013 -9.674569 
-126.572680 73.947513 -242.339659 -2.912114 -25.375277 -8.577427 -17.712890 -8.315628 0.970639 42.993155 4.192735 -3.811818 -26.361903 14.835814 17.023482 -0.000000 0.000000 0.000000 -0.433096 2.347632 4.903663 20.673967 2.601276 -2.792159 -11.340527 -14.992565 0.967129 -0.000000 0.000000 0.000000 8.050955 2.771245 -2.962964 1.703455 -4.014946 3.836002 3.365005 -0.411695 3.535092 -13.066667 2.479579 -4.788962 -1.122869 2.351853 1.997921 -0.000000 0.000000 0.000000 7.501170 -8.886476 -19.208503 11.977191 -6.621042 -40.354706 133.760497 -63.354458 140.705791 -25.234730 -5.529764 11.442015 4.008070 12.371048 21.071419 10.973262 14.285353 45.091288 141.621044 59.492037 -161.041440 -35.078865 13.783197 -8.010582 
-126.606190 74.954569 -241.483665 -2.073001 -20.073370 -8.080143 -15.828988 -7.817819 0.206057 38.127550 6.130817 -3.780180 -23.387864 15.489991 14.881141 -0.000000 0.000000 0.000000 1.372110 1.478402 3.454788 18.454916 0.546457 -2.379627 -4.666231 -13.851370 5.176693 -0.000000 0.000000 0.000000 7.492628 3.292851 -3.042475 1.648485 -3.519400 3.689563 3.667802 -0.134132 3.612381 -13.175038 1.883298 -4.020272 -0.951290 1.238438 2.163529 -0.000000 0.000000 0.000000 7.793857 -7.167478 -17.773627 12.842297 -6.330627 -39.785595 136.056725 -63.482037 141.483013 -26.199628 -7.309083 9.027537 4.052414 11.218282 19.901925 11.400431 15.356984 44.125629 143.413557 59.806897 -160.759916 -34.160996 15.476084 -8.841328 
-126.677632 75.628853 -240.876627 -1.324135 -14.953191 -7.818904 -14.000885 -6.490998 -0.793913 33.922541 6.442659 -2.610974 -20.201166 15.321552 11.669200 -0.000000 0.000000 0.000000 2.962650 0.188981 1.950142 16.984151 0.525867 -2.631797 1.464626 -9.816516 8.520659 -0.000000 0.000000 0.000000 6.686832 3.708204 -2.689909 2.426668 -3.611504 3.738298 3.595123 0.090743 3.662843 -12.724271 1.625868 -4.491431 -1.489467 0.651232 2.462221 -0.000000 0.000000 0.000000 7.717294 -7.114371 -16.940599 13.951284 -5.813058 -40.151774 136.615575 -63.965229 141.782384 -26.451674 -8.858970 8.934453 4.250921 11.231903 19.293478 12.521527 14.531035 45.212936 144.358738 59.500723 -161.734495 -34.990172 13.428950 -6.727031 
-126.972735 75.645328 -240.676713 -0.086872 -9.375525 -7.853381 -12.708873 -5.808274 -1.522153 30.557741 6.072553 -1.253004 -15.483886 15.745119 9.377245 -0.000000 0.000000 0.000000 3.307951 0.955622 1.067438 18.212465 3.293026 -2.857517 5.585960 -6.628068 10.197599 -0.000000 0.000000 0.000000 6.284138 3.055467 -1.956764 2.055711 -3.641952 3.937141 3.593862 -0.117797 3.666560 -12.258532 1.167759 -5.120196 -1.545439 0.886180 2.300909 -0.000000 0.000000 0.000000 8.066678 -6.694677 -16.534411 14.350447 -5.782749 -40.751730 136.989846 -64.449278 142.055881 -27.541127 -8.740109 8.542347 4.550315 10.574221 18.906073 13.301632 14.317549 45.463322 146.125632 61.094360 -161.755962 -36.606268 13.799174 -7.264090 
-127.273142 75.064015 -240.518427 1.152252 -3.150427 -8.181974 -10.798272 -5.973480 -1.862394 27.356111 6.402623 -0.433905 -10.717608 17.085121 8.616494 -0.000000 0.000000 0.000000 2.286018 2.580311 0.752899 22.850773 6.289536 -2.509630 7.317762 -4.471704 10.598068 -0.000000 0.000000 0.000000 5.386407 1.948254 -1.077982 2.667848 -4.024348 4.638494 3.217561 -0.636827 3.580777 -12.106546 0.552232 -5.589507 -1.539901 1.309453 1.923128 -0.000000 0.000000 0.000000 8.097320 -6.755354 -16.540339 14.368435 -5.854433 -41.455064 136.496096 -64.749615 141.653489 -25.967748 -9.060360 8.879215 4.530881 9.998168 18.584932 13.646840 13.957513 45.382384 146.116053 61.758891 -161.361848 -34.875391 13.030028 -7.080569 
-127.097797 73.885113 -240.131021 1.989117 2.181513 -8.197173 -7.990385 -5.962969 -2.410085 24.073027 6.459672 -0.661875 -16.136291 17.099702 12.299069 -0.000000 0.000000 0.000000 -1.076670 4.229286 0.220808 32.967913 7.117776 -1.781617 7.884440 -4.123013 11.092564 -0.000000 0.000000 0.000000 4.787786 0.306188 -0.754037 3.312922 -4.162893 5.469590 2.812953 -1.202141 3.593536 -12.921796 0.461857 -5.264445 -1.570933 1.802381 1.107269 -0.000000 0.000000 0.000000 7.743995 -6.483939 -16.961053 14.062222 -6.303563 -42.303511 136.550576 -64.935515 142.129889 -25.190929 -9.423677 9.455403 4.335629 9.619003 18.969394 14.407201 13.966868 45.365614 146.310054 62.855002 -162.534002 -34.304356 12.974462 -6.435384 
-126.257670 72.221982 -239.382052 2.197059 5.825214 -7.641454 -5.425543 -6.890139 -3.664513 22.562996 4.012265 -1.470551 -22.707154 16.022366 16.781028 -0.000000 0.000000 0.000000 -5.354447 5.882632 -0.738476 45.808270 6.949943 -1.421888 7.722033 -5.930828 9.602670 -0.000000 0.000000 0.000000 4.671769 -1.380681 -0.461942 3.139704 -3.962485 5.904176 2.769421 -1.332037 3.410328 -13.872641 0.597425 -4.487601 -2.013402 1.978382 0.418447 -0.000000 0.000000 0.000000 7.334736 -6.902495 -17.655471 13.477983 -7.088329 -42.843636 135.235970 -64.992553 142.080331 -25.429672 -9.838241 9.582566 4.050603 9.537017 19.003326 14.674450 14.215505 45.474505 143.273011 63.475204 -161.039609 -34.126266 12.793203 -6.928742 
-125.091469 70.484102 -238.455987 2.005516 8.860984 -6.484140 -5.224123 -8.118330 -5.853615 25.430579 0.693536 -2.648701 -28.971058 15.702184 21.718610 -0.000000 0.000000 0.000000 -9.950861 7.168023 -1.443640 58.986080 6.804944 -1.962105 1.110126 -9.506967 4.611472 -0.000000 0.000000 0.000000 5.538852 -2.540787 -0.258827 1.850227 -3.770396 5.921505 3.212565 -1.317261 2.908233 -15.361831 0.916854 -3.313524 -1.749054 1.327837 0.013502 -0.000000 0.000000 0.000000 6.135352 -8.472845 -19.249296 12.866759 -8.450795 -41.714894 133.215785 -65.831955 141.323899 -25.510426 -9.604286 10.341120 3.433829 10.215014 20.551799 15.297261 13.633236 45.301321 138.799050 64.243196 -159.062600 -32.829776 12.843313 -7.564927 
-124.286973 69.401228 -237.573266 2.302417 13.681911 -5.595358 -6.179171 -9.023155 -7.062988 29.376145 -1.744480 -2.948736 -32.047188 13.743779 23.561597 -0.000000 0.000000 0.000000 -14.542188 7.755463 -0.857995 68.029583 5.285748 -1.375893 -2.016332 -12.492424 0.817799 -0.000000 0.000000 0.000000 6.737729 -3.173590 -0.810643 2.193390 -4.311868 6.532614 1.984631 -1.965240 2.713373 -16.490865 0.780174 -2.122780 -2.381388 0.568217 0.303545 -0.000000 0.000000 0.000000 5.396196 -11.635975 -21.167205 11.373806 -10.527405 -39.796086 129.097425 -66.609345 138.694809 -23.539569 -8.395311 12.584465 2.999317 11.160473 22.304679 15.606716 13.015238 46.221682 131.453190 65.475668 -154.745569 -31.255581 12.643849 -8.447534 
-123.746276 69.028759 -236.558962 1.460605 17.325068 -5.397991 -4.443459 -8.542097 -6.606182 30.795763 -4.121415 -2.292456 -33.036438 12.152224 23.105813 -0.000000 0.000000 0.000000 -18.027810 8.135094 1.015135 72.398156 4.540367 -1.051947 -5.097040 -13.380625 -1.559834 -0.000000 0.000000 0.000000 8.671639 -3.695793 -0.672591 3.390116 -4.187667 6.626544 1.157016 -2.094430 2.809856 -17.389083 0.601537 -1.813711 -3.579632 0.041863 1.196452 -0.000000 0.000000 0.000000 3.551953 -14.416354 -22.201167 9.440019 -13.036761 -39.603061 127.348910 -65.808033 137.842808 -18.349697 -7.355331 17.469621 2.767583 12.596384 22.600886 16.244110 11.444414 47.995768 130.006841 65.696344 -155.231289 -30.363361 13.081592 -12.124787 
-123.247588 69.184089 -235.214949 1.262607 18.958051 -5.948631 -1.065228 -8.227040 -5.652742 27.751936 -6.052658 -1.057764 -32.736966 12.151307 22.495986 -0.000000 0.000000 0.000000 -22.373671 8.556490 3.821807 72.802889 4.399567 -0.746416 -9.341640 -12.973714 -3.585387 -0.000000 0.000000 0.000000 9.408019 -4.669366 -0.258359 3.567740 -3.267373 6.269494 1.518051 -1.965510 2.786335 -17.683543 1.130248 -1.569445 -3.793219 0.078088 1.584638 -0.000000 0.000000 0.000000 2.158017 -14.391593 -21.650922 7.308856 -16.809403 -41.333758 131.894682 -64.760822 142.961040 -22.016498 -9.176792 18.568922 2.848726 12.100240 21.409638 16.203998 11.299839 48.390245 130.378189 65.676298 -154.963501 -32.098139 14.121528 -11.613404 
-122.556925 69.896144 -233.261037 1.752970 20.425329 -7.150242 2.791566 -7.275581 -4.117150 23.269680 -6.654453 0.446639 -29.648743 12.224202 20.114069 -0.000000 0.000000 0.000000 -25.857596 8.686459 6.790068 68.589416 3.536831 0.074961 -11.662415 -12.206145 -3.819190 -0.000000 0.000000 0.000000 9.290917 -6.018124 0.509820 3.517623 -2.480607 5.943788 1.606333 -1.945388 2.860595 -17.309737 1.452409 -1.485259 -3.261013 0.928236 1.870346 -0.000000 0.000000 0.000000 1.432326 -13.977790 -21.422523 5.375721 -19.722497 -43.033280 135.346849 -62.492786 147.337041 -25.750379 -11.965585 17.388976 3.718559 11.793954 19.884961 16.965335 10.954121 48.394440 130.160110 64.928167 -153.731321 -32.868918 15.464023 -10.265430 
-121.452844 71.015632 -230.577302 2.880082 22.243890 -8.280827 7.170127 -7.617703 -2.976364 16.981792 -8.307262 2.126402 -23.658557 13.482331 17.131664 -0.000000 0.000000 0.000000 -27.898833 8.885603 8.654259 60.667713 1.685849 1.541171 -12.955216 -12.497575 -3.595228 -0.000000 0.000000 0.000000 8.268035 -7.284381 0.950424 3.665274 -2.403426 6.124710 1.034044 -2.448562 3.099909 -16.600729 2.237204 -1.470632 -2.818775 1.589951 1.877652 -0.000000 0.000000 0.000000 1.572759 -13.228437 -21.107387 4.413978 -22.016400 -43.232622 136.054478 -59.849141 148.133301 -26.316438 -15.297124 17.674377 4.435455 10.769778 19.389222 18.050452 11.027500 47.761100 130.599395 64.606468 -152.437819 -33.524963 17.235148 -11.607192 
-120.120656 72.361869 -227.542377 4.058594 24.234989 -9.039891 9.047316 -5.972902 -1.758422 14.822193 -8.395643 3.260145 -15.391213 12.370330 11.509575 -0.000000 0.000000 0.000000 -28.746018 8.988453 9.796492 50.719120 0.609464 1.337083 -11.312160 -11.433787 -3.122111 -0.000000 0.000000 0.000000 6.725860 -8.363023 0.981319 4.599757 -2.886816 6.365345 0.337480 -3.094578 3.423563 -16.312663 3.267747 -1.809570 -3.428905 1.904135 2.389761 -0.000000 0.000000 0.000000 1.897026 -13.122335 -20.301828 4.036524 -22.452686 -42.260049 137.649718 -58.054523 150.121125 -24.786811 -16.651808 15.485506 5.048767 10.213201 18.785061 18.209864 11.627913 48.081392 134.852771 64.674140 -155.241155 -34.175339 16.081829 -13.444143 
-118.544114 73.618883 -224.222994 4.930121 26.203181 -8.843587 8.908166 -4.007351 -0.293070 16.315323 -7.781893 1.714788 -6.214524 10.132220 6.115980 -0.000000 0.000000 0.000000 -26.978875 8.959923 9.946278 38.746127 0.625356 0.141752 -11.376387 -11.216781 -3.395061 -0.000000 0.000000 0.000000 5.426991 -8.850257 0.258150 4.504774 -3.722269 6.636514 0.388861 -3.694066 3.701607 -17.206120 4.075648 -2.577383 -2.947929 2.091989 2.802650 -0.000000 0.000000 0.000000 2.716093 -12.627281 -18.257946 3.343692 -22.384744 -41.005871 140.762431 -57.855285 151.910869 -23.960723 -17.357189 13.020195 5.241588 8.569757 18.348563 18.130038 10.394326 48.260267 134.312131 64.851192 -154.170622 -36.380385 13.971256 -5.755805 
-116.928923 74.586034 -220.927429 3.242220 27.669419 -7.202785 7.867566 -0.009900 0.613135 23.275318 -4.668023 0.909029 1.583664 6.840614 -0.620944 -0.000000 0.000000 0.000000 -22.155563 8.113347 10.453724 28.349168 1.908208 -2.944023 -9.230992 -8.860364 -1.798793 -0.000000 0.000000 0.000000 7.217077 -8.852153 0.049274 3.394542 -4.412922 5.673776 0.675926 -3.436073 3.858757 -18.374915 4.644979 -3.861959 -3.075485 1.967601 3.963694 -0.000000 0.000000 0.000000 3.353446 -13.273606 -15.778778 3.388137 -21.578950 -40.922204 143.264169 -58.387900 153.491315 -24.833539 -17.581345 12.884678 5.228381 8.797140 16.208205 17.124243 10.459367 50.212050 136.019093 65.619972 -154.243885 -35.367814 15.404919 -8.463383 
-115.390217 74.786085 -217.829823 1.357695 28.994029 -4.735401 5.431780 -0.065483 0.874287 32.942020 -2.755274 -1.180625 8.943183 6.202723 -4.560538 -0.000000 0.000000 0.000000 -18.619328 8.367266 10.065408 23.659580 3.126500 -3.934084 -4.904988 -6.721061 0.501708 -0.000000 0.000000 0.000000 8.231624 -7.998533 -0.920190 3.375420 -4.767206 4.741998 0.762021 -3.213322 3.473778 -19.472773 4.352633 -4.734272 -3.119231 1.935794 4.778998 -0.000000 0.000000 0.000000 3.892232 -14.570105 -15.637237 4.446194 -21.368162 -41.063479 140.349579 -58.734076 152.987897 -27.633587 -17.480005 10.738736 4.819695 9.716642 15.398260 16.678416 10.419676 50.080812 135.948359 65.526135 -154.427124 -37.152651 15.208648 -7.478634 
-114.006472 74.098772 -214.879656 -0.079351 30.438600 -2.731480 1.013471 -2.039078 1.600099 44.515116 -1.497229 -4.664666 15.800287 6.893556 -6.538265 -0.000000 0.000000 0.000000 -16.376674 9.148131 9.728843 25.026201 4.403865 -2.934736 -6.382247 -6.731040 -4.170248 -0.000000 0.000000 0.000000 8.292180 -6.716644 -2.125465 4.067620 -4.921931 4.428825 0.566604 -2.893866 2.901431 -19.758193 3.736658 -5.439061 -2.630487 1.894568 5.066768 -0.000000 0.000000 0.000000 3.515557 -14.839467 -16.292087 5.627454 -20.603290 -40.812537 140.526285 -60.150460 153.604464 -30.023098 -16.881767 8.578973 4.683332 11.116778 15.615942 15.938450 9.988033 47.116174 136.309895 65.271900 -155.236993 -38.341925 14.152779 -5.366325 
-112.913001 72.674096 -212.099671 -1.088167 32.192945 -2.227640 -4.937664 -2.982562 3.655595 57.352474 -2.421224 -6.824956 10.852503 7.168139 -5.186072 -0.000000 0.000000 0.000000 -14.312004 8.667179 10.653926 29.391127 4.913802 -2.793868 -17.705652 -8.001638 -8.035656 -0.000000 0.000000 0.000000 8.583830 -5.002441 -2.105095 3.776299 -4.718258 4.195022 0.599186 -2.465972 2.474450 -18.652502 2.514473 -5.817942 -2.329176 1.328477 4.278671 -0.000000 0.000000 0.000000 3.133923 -14.831060 -18.024570 5.880055 -18.395819 -40.821686 136.608622 -61.525766 148.840128 -31.206350 -15.246356 7.709928 4.968032 13.126995 16.461038 14.413037 8.448873 42.873204 136.468246 65.023767 -155.035321 -38.827094 14.698121 -6.564455 
-111.789989 71.560198 -209.574866 -1.295961 33.615080 -2.986498 -10.876950 -4.510422 5.481928 66.160728 -4.729433 -7.908569 2.088483 6.165751 -1.610580 -0.000000 0.000000 0.000000 -13.992802 7.748989 12.182567 34.143149 5.471046 -1.837446 -23.093134 -9.043312 -11.149269 -0.000000 0.000000 0.000000 8.821986 -3.044468 -1.094266 3.263120 -4.469141 4.133962 1.682728 -2.332611 2.212010 -19.836661 1.690840 -5.833937 -1.196750 0.841268 2.739231 -0.000000 0.000000 0.000000 3.240160 -15.253872 -20.176520 6.798521 -15.575780 -42.062382 129.123611 -62.782059 142.056523 -26.314904 -12.967410 10.390298 4.845502 15.801506 17.793773 12.113393 7.757172 37.998788 134.754775 64.975531 -154.257839 -38.954566 14.829587 -6.986355 
-110.495234 71.208370 -207.252002 -1.335734 32.861386 -2.984219 -16.021346 -4.910799 5.391736 69.173442 -5.631705 -8.535767 -3.329347 6.479066 1.140048 -0.000000 0.000000 0.000000 -11.133731 6.047091 11.384636 34.193081 6.748742 -1.646630 -25.351850 -7.056215 -11.370501 -0.000000 0.000000 0.000000 9.398516 -1.223947 -0.988676 4.462451 -4.098551 3.502235 1.257172 -1.174843 1.911318 -21.563946 1.433074 -5.908301 -2.158623 0.178159 2.749786 -0.000000 0.000000 0.000000 3.408664 -15.215106 -20.203813 8.442538 -11.835163 -44.603861 125.052095 -63.671980 138.851342 -25.612348 -11.331686 13.398155 4.870484 18.231810 16.424565 7.509516 8.801976 37.873455 134.185444 63.759802 -155.008102 -37.745489 14.784192 -8.591218 
-109.008348 71.275264 -204.877448 -0.664748 32.177988 -1.684705 -21.050806 -5.723023 2.900202 67.635273 -4.461872 -9.373632 -8.388135 8.158087 4.526274 -0.000000 0.000000 0.000000 -6.303232 3.023025 8.688354 30.298551 6.812100 -2.313395 -26.532839 -5.346532 -10.736649 -0.000000 0.000000 0.000000 10.591812 1.113246 -2.334497 2.348859 -4.189175 2.132060 2.400015 -0.411781 1.725285 -22.704854 1.419728 -5.723669 -1.828074 -1.594666 3.076044 -0.000000 0.000000 0.000000 4.107062 -13.747053 -17.948707 10.102678 -8.793046 -46.333100 124.919606 -63.674502 138.269773 -29.088562 -11.585047 13.263880 3.800937 18.449276 15.007333 3.695784 11.327807 41.063170 134.835055 61.824560 -157.438790 -37.058638 15.279344 -9.214534 
-107.145226 71.863985 -202.054358 1.602097 32.073882 -1.250395 -25.633595 -7.149751 0.305347 61.456118 -1.577318 -10.191345 -11.079952 9.586410 7.112439 -0.000000 0.000000 0.000000 -1.953484 1.594686 6.794455 24.069015 6.475113 -3.379706 -25.050205 -5.948191 -9.407866 -0.000000 0.000000 0.000000 9.057355 3.397285 -4.171503 1.199539 -4.128062 1.580613 3.240526 0.270377 1.434007 -22.832160 1.507115 -5.474433 -0.972779 -4.203923 2.917942 -0.000000 0.000000 0.000000 5.010747 -11.043643 -15.981100 11.319113 -6.847366 -45.777211 125.761948 -62.770277 137.460356 -29.330747 -12.364182 12.163933 3.193821 17.467119 15.094569 1.465353 14.235665 43.492447 134.464695 59.849057 -159.096161 -36.889197 15.754386 -9.277634 
-104.903960 72.977549 -198.994541 3.411927 32.199753 -0.936697 -27.618945 -8.742005 -2.199937 51.155493 1.794756 -10.130508 -12.147990 10.742354 8.420022 -0.000000 0.000000 0.000000 1.889468 1.206612 5.125450 18.890927 5.914336 -3.965698 -18.594076 -6.863036 -6.437734 -0.000000 0.000000 0.000000 7.375811 5.283007 -5.646675 0.519152 -3.785981 1.157414 3.635142 0.968697 1.150605 -22.452348 1.238648 -5.153846 -0.019901 -6.487323 3.076736 -0.000000 0.000000 0.000000 5.661405 -8.411357 -14.660862 12.167718 -5.699309 -44.424257 127.167058 -62.287181 137.757450 -28.897669 -12.437022 9.621845 3.060699 16.082619 15.320516 0.958549 16.761428 45.534535 134.562142 58.707548 -160.146223 -36.290598 16.035750 -9.674677 
-102.424300 74.451947 -195.754921 3.795771 32.936910 -0.677979 -26.580526 -9.892614 -3.881586 38.591682 3.807889 -8.612267 -12.391689 11.451264 9.191119 -0.000000 0.000000 0.000000 4.765317 0.110850 3.605055 17.022974 5.454275 -3.586003 -8.769956 -5.802249 -1.224550 -0.000000 0.000000 0.000000 6.678083 6.975965 -6.458981 -0.128058 -3.359093 0.914592 3.983299 1.338428 1.359556 -22.293262 0.415054 -5.062828 0.938102 -7.942947 3.649233 -0.000000 0.000000 0.000000 5.691957 -7.138037 -13.579918 13.233516 -5.926618 -44.208089 127.488804 -62.798160 137.575423 -22.926052 -14.180315 15.560204 2.589305 15.050830 15.059783 2.703159 17.803966 46.976233 137.639141 58.530228 -162.183790 -35.493276 17.406593 -10.776219 
-99.807638 75.809139 -192.464495 3.046426 33.845508 -0.808987 -24.208744 -10.430136 -4.691114 28.441833 4.123180 -6.335539 -13.170093 12.087670 9.335606 -0.000000 0.000000 0.000000 5.531353 -1.543783 2.431675 19.914835 4.713461 -2.463338 1.018965 -1.590785 4.550675 -0.000000 0.000000 0.000000 6.470261 7.738808 -6.257270 -0.467821 -2.994823 0.984060 3.861351 1.490610 1.695540 -21.690728 0.269613 -4.755958 0.871802 -8.995123 3.858933 -0.000000 0.000000 0.000000 6.384710 -6.148660 -13.169989 14.270301 -5.333864 -44.565409 128.558264 -63.049456 139.409835 -25.068144 -13.490482 10.977632 2.706321 14.026285 15.341683 3.936124 17.691519 46.246649 139.476089 59.006430 -161.433945 -37.373358 17.072764 -8.806039 
-97.158986 76.659691 -189.266801 1.314227 34.858859 -0.774382 -21.878815 -10.214587 -5.448972 24.159904 2.128138 -3.891243 -12.333001 12.850000 9.660957 -0.000000 0.000000 0.000000 4.099614 -2.964300 1.622929 27.730747 4.865663 -1.581932 9.110698 2.900206 9.500041 -0.000000 0.000000 0.000000 6.893183 7.381479 -5.414812 -0.538658 -2.686955 1.117335 3.645537 1.534523 1.984097 -21.525503 -0.687092 -4.740246 0.466565 -8.333261 4.461504 -0.000000 0.000000 0.000000 6.452438 -5.991790 -12.969153 14.777441 -4.865981 -45.649725 129.787021 -63.356334 140.876625 -24.287034 -13.456407 12.357526 2.731850 13.927360 14.456485 5.894609 16.880493 46.688644 141.856576 60.366498 -160.991338 -35.492274 17.359418 -8.567340 
-94.512868 76.775795 -186.233342 -1.114375 36.185251 -0.270851 -19.190306 -10.776908 -6.326590 23.999372 0.000333 -2.581215 -9.033107 13.266793 11.131308 -0.000000 0.000000 0.000000 0.980434 -2.122852 1.368526 38.523065 5.055735 -0.239820 16.792622 4.953310 11.934476 -0.000000 0.000000 0.000000 7.716796 6.007686 -4.625549 -0.018972 -2.311205 1.865900 3.121171 1.293343 2.230240 -21.255119 -1.658075 -4.764106 -0.114433 -7.142726 4.535609 -0.000000 0.000000 0.000000 6.506619 -6.556779 -13.816908 15.023793 -5.478899 -45.764544 131.086161 -63.817656 142.592240 -24.173962 -13.187979 13.215173 2.546588 13.980068 14.979362 8.373878 15.998775 45.543956 142.108543 62.115162 -159.498806 -34.048071 17.704804 -9.049154 
-91.944200 76.016515 -183.387113 -3.491716 37.485151 0.631594 -17.158693 -11.692498 -7.497213 29.729003 -1.409742 -2.575391 -18.369511 14.120878 18.860594 -0.000000 0.000000 0.000000 -3.470297 -0.469111 1.002427 50.328566 3.645909 1.958155 18.048893 0.538093 11.416421 -0.000000 0.000000 0.000000 8.862381 4.289039 -4.157605 -0.187864 -1.988149 2.711240 3.081223 1.011954 2.367635 -20.973538 -2.839922 -4.590301 0.016126 -5.832863 4.182619 -0.000000 0.000000 0.000000 6.522248 -7.787076 -14.279137 14.473624 -7.042576 -45.613472 132.530640 -65.072500 143.470264 -24.207381 -13.957470 13.298968 2.493911 14.153910 15.346827 11.417926 15.265439 45.991989 141.542362 64.474204 -159.597906 -33.330437 17.415360 -8.294534 
-89.507842 74.919784 -180.674922 -4.755155 38.535824 1.342334 -17.898646 -11.986372 -7.895761 38.425135 -2.393899 -4.334396 -25.253040 13.710522 22.172721 -0.000000 0.000000 0.000000 -9.555770 1.524140 0.844827 61.217441 2.384497 3.590383 10.048627 -7.644259 6.806759 -0.000000 0.000000 0.000000 9.703864 2.704197 -4.056888 -1.212656 -1.967634 3.501424 3.759445 0.709702 1.917142 -21.156374 -2.604155 -3.518323 0.888013 -6.097241 3.486201 -0.000000 0.000000 0.000000 5.381314 -9.431533 -16.638576 13.675218 -9.447263 -42.054025 130.446048 -65.859242 139.660168 -20.952872 -15.037556 17.464410 2.336338 13.744908 18.777840 13.725587 13.484643 44.011301 135.563492 65.754039 -154.205968 -32.266461 17.064575 -10.020563 
-87.302762 74.353296 -177.795947 -5.713713 40.985529 1.498861 -15.840205 -10.070253 -6.021463 42.909355 -3.953819 -5.345805 -28.983495 10.818885 22.590921 -0.000000 0.000000 0.000000 -15.238651 2.878174 2.271050 66.958420 1.743111 4.894965 3.140007 -12.286979 0.211804 -0.000000 0.000000 0.000000 10.330437 0.765989 -3.497527 0.644513 -2.374398 3.840709 2.576230 0.137461 1.606801 -21.566444 -2.414862 -2.473153 -0.581200 -6.100096 4.182412 -0.000000 0.000000 0.000000 4.618614 -12.507020 -18.943530 12.153279 -10.271679 -37.731390 131.666991 -64.914878 140.586706 -21.049117 -13.526513 11.534224 3.725923 14.922636 19.737771 14.726496 11.908679 46.909541 131.510488 67.285839 -152.768623 -31.205346 15.594613 -10.926366 
-84.686315 74.149138 -174.949658 -6.991935 41.795247 2.239094 -9.212166 -7.204704 -5.240212 40.415321 -6.438987 -3.648889 -31.115976 9.901872 22.597148 -0.000000 0.000000 0.000000 -19.740323 3.235350 2.869240 68.182554 1.784574 3.937511 -3.373690 -11.978287 -3.400537 -0.000000 0.000000 0.000000 11.557567 -1.527202 -2.655898 0.970754 -2.312686 3.532239 2.348392 -0.380452 1.750137 -21.818479 -1.682343 -2.620000 -0.982398 -5.262934 4.718987 -0.000000 0.000000 0.000000 3.571181 -13.835812 -18.994958 9.936844 -12.409032 -38.204348 132.796709 -62.983929 142.381828 -21.015162 -14.769384 11.393601 4.282980 14.942783 18.707806 15.976332 9.973475 48.358339 132.747948 67.429015 -153.195126 -32.937381 15.743593 -10.443032 
-81.857866 74.163210 -171.786928 -7.211386 41.291482 1.132302 -1.658771 -5.727816 -3.705778 35.239083 -7.229035 -2.188064 -30.208625 10.747161 20.859303 -0.000000 0.000000 0.000000 -22.940324 4.374643 5.338386 63.579337 1.885999 2.853913 -7.172582 -10.738577 -4.564564 -0.000000 0.000000 0.000000 11.350450 -3.514842 -0.828652 0.744241 -1.933567 3.190110 2.674950 -0.758297 2.002052 -20.848869 -1.160545 -3.158273 -0.981458 -3.428889 4.673322 -0.000000 0.000000 0.000000 3.032857 -13.749535 -18.486124 8.140031 -15.141951 -40.673054 136.356494 -61.932859 147.555538 -24.714431 -15.868632 10.014443 5.161289 14.089290 16.640709 17.453433 8.713488 47.920753 135.143306 66.454357 -153.288023 -33.792187 15.965105 -8.725191 
-78.872150 74.159223 -168.331659 -6.097942 40.653899 -0.563409 5.617088 -5.905953 -2.614693 28.252195 -7.037854 -1.244287 -24.843457 12.760062 17.224560 -0.000000 0.000000 0.000000 -25.041304 6.264251 7.866294 54.418601 1.076577 1.963535 -7.695375 -10.660996 -4.483198 -0.000000 0.000000 0.000000 9.626213 -5.167112 0.414331 0.881730 -1.526647 3.047891 2.767223 -1.293145 2.251419 -19.361484 -1.021710 -3.456913 -0.350357 -1.576904 4.481763 -0.000000 0.000000 0.000000 3.046934 -12.998811 -18.034357 6.662022 -17.916641 -42.680477 137.464545 -60.593251 150.408428 -24.652320 -17.095424 9.435824 6.043287 12.558929 14.977733 19.293305 7.969450 47.023685 136.706916 65.514269 -153.124730 -34.963851 16.099278 -6.208612 
-75.715643 74.228179 -164.674485 -5.344621 39.946202 -1.469247 11.128817 -5.070641 -1.426121 24.153838 -6.570603 -0.986118 -15.112058 13.503523 9.884315 -0.000000 0.000000 0.000000 -24.552831 8.113124 9.754787 41.688328 0.003731 0.343813 -6.153590 -11.057493 -3.974585 -0.000000 0.000000 0.000000 8.000641 -6.717748 0.687834 1.290403 -1.333867 2.957083 2.526286 -1.788708 2.669766 -17.481000 -1.142172 -3.656362 -0.026849 0.382212 4.840647 -0.000000 0.000000 0.000000 3.540115 -12.179171 -17.186492 5.431246 -19.785338 -44.574296 136.868196 -59.171757 151.101275 -23.390376 -17.890254 10.168058 6.882243 11.283524 13.440163 20.396908 7.463485 46.601450 138.248960 65.342344 -153.050711 -36.965201 15.579212 -4.073242 
-72.404772 74.516898 -160.875666 -4.607691 39.870250 -1.178537 13.738630 -3.275952 -0.422650 23.548390 -6.476808 -2.119248 -2.168504 11.013900 2.130607 -0.000000 0.000000 0.000000 -22.213269 9.140577 10.010764 27.748594 0.302762 -1.618078 -4.317575 -10.272076 -3.517990 -0.000000 0.000000 0.000000 6.206648 -7.770739 -0.069273 1.469453 -1.677937 2.706356 2.816610 -2.167627 3.035231 -16.079506 -1.089143 -4.405755 -0.210019 1.774930 5.724780 -0.000000 0.000000 0.000000 4.206003 -11.609152 -16.697649 4.929804 -21.234703 -45.103391 139.449208 -57.963659 155.139034 -23.145451 -14.346396 9.876200 7.484442 9.583183 12.744777 20.770189 7.157110 46.887885 139.952949 65.379279 -153.555815 -37.806305 14.206404 -2.519889 
-69.064283 75.020587 -157.009053 -4.878781 40.388309 0.421183 14.020062 -0.031589 0.651141 27.332857 -6.897862 -2.640635 9.648151 4.771171 -7.565246 -0.000000 0.000000 0.000000 -18.422097 8.391805 9.205269 17.066837 0.457344 -3.038842 -3.084960 -7.557726 -0.777402 -0.000000 0.000000 0.000000 5.600027 -8.074103 -1.632734 2.123583 -2.781371 2.396881 2.181424 -2.706638 3.165978 -15.063210 -0.326953 -4.582011 -0.287624 2.425425 6.572765 -0.000000 0.000000 0.000000 4.725380 -11.347152 -15.995853 5.217843 -21.140577 -45.339226 139.179023 -57.809922 155.094096 -19.548457 -16.091998 15.932423 7.367698 8.471715 12.217460 20.924236 6.590846 47.874977 142.213697 65.824400 -153.826642 -37.477135 14.192498 -3.319551 
-65.875262 75.210291 -153.194630 -5.987078 40.354485 2.513862 12.190154 1.512573 1.450349 35.189195 -7.206081 -2.810466 20.074183 -0.845138 -13.676217 -0.000000 0.000000 0.000000 -15.314160 6.556335 8.832711 13.657651 0.229010 -3.664787 -1.869296 -4.973201 -0.220841 -0.000000 0.000000 0.000000 5.940744 -7.506666 -2.970179 2.838490 -3.576303 2.028679 1.113190 -3.017540 2.993521 -13.894866 -0.043629 -5.135663 -0.792659 2.708556 7.278085 -0.000000 0.000000 0.000000 5.181040 -11.458734 -16.227779 5.582178 -19.829508 -45.155560 138.970331 -58.447251 155.297455 -20.511029 -17.422988 16.191466 7.309078 8.504327 12.387988 20.599030 5.993147 48.632364 143.746776 66.127989 -154.283802 -37.977444 14.237298 -3.542680 
-63.023323 74.637169 -149.504876 -6.721832 39.575516 3.456397 8.370043 0.483697 3.164862 44.885405 -3.868438 -5.386442 27.971350 -0.984517 -15.631568 -0.000000 0.000000 0.000000 -14.255671 6.595761 9.981276 16.676253 0.982710 -2.910036 2.073806 -4.505674 -3.653102 -0.000000 0.000000 0.000000 6.152466 -6.821028 -3.445568 3.230131 -3.643032 1.872708 0.468635 -3.152895 2.495925 -13.369863 -0.427757 -5.681740 -0.230180 3.437612 7.213371 -0.000000 0.000000 0.000000 5.623152 -11.147655 -17.328894 6.042892 -17.798303 -45.081473 139.251434 -60.003346 156.148814 -26.198751 -18.074403 9.971532 7.318197 9.264797 13.169284 19.439237 6.959601 47.610514 141.796896 66.554951 -152.541545 -37.595356 14.525419 -4.071946 
-60.472029 73.251981 -145.890486 -7.132158 38.528431 3.592493 3.463569 -0.634829 5.490874 55.719973 -2.347090 -8.220662 21.185818 4.264794 -13.109420 -0.000000 0.000000 0.000000 -15.024266 7.468716 12.155770 27.732244 2.567651 -2.740078 -12.566198 -8.350332 -9.891953 -0.000000 0.000000 0.000000 6.031364 -5.913813 -3.520477 3.510260 -3.118239 2.088786 0.099214 -2.898678 1.985417 -12.955736 -0.716087 -5.968949 0.683921 3.576926 5.762320 -0.000000 0.000000 0.000000 5.625721 -11.513257 -18.217355 6.023760 -15.290584 -46.109578 135.364375 -61.490522 152.038466 -27.183666 -16.528502 11.078710 7.096186 11.535759 14.301329 17.535429 7.097273 46.129008 137.909904 66.773972 -149.215337 -37.302632 14.483232 -4.071302 
-58.084017 71.932203 -142.616224 -6.592367 37.647003 2.886621 -2.898303 -3.243583 7.057344 64.391351 -2.908465 -10.460429 9.805713 7.389697 -6.323392 -0.000000 0.000000 0.000000 -16.415247 9.216476 13.869793 36.225993 3.835712 -1.448977 -20.705563 -10.691925 -13.113487 -0.000000 0.000000 0.000000 5.988726 -4.531265 -3.279352 2.467788 -2.575202 2.457612 1.443566 -2.491901 1.574901 -14.543160 -0.306821 -5.494281 2.145205 2.687221 3.646317 -0.000000 0.000000 0.000000 5.247299 -11.975696 -20.240105 6.309475 -13.450649 -46.516673 126.677988 -63.643372 143.568864 -22.961280 -12.549210 11.728040 6.512671 14.171433 17.265510 15.317131 8.392028 42.876841 131.707766 66.951685 -146.044976 -35.953573 14.132297 -5.402714 
-55.409718 71.456760 -139.520156 -6.850597 37.056480 3.204233 -9.091014 -4.074616 6.661678 68.567067 -4.193316 -9.590442 1.168251 8.717160 0.303122 -0.000000 0.000000 0.000000 -12.378907 7.225013 12.322955 37.691996 5.823177 -0.935434 -25.413586 -8.769679 -14.216565 -0.000000 0.000000 0.000000 6.851564 -2.355547 -3.142789 3.417630 -3.021784 2.251556 0.982040 -1.772783 1.415214 -16.304350 -0.385220 -5.509438 1.844040 2.161355 3.378368 -0.000000 0.000000 0.000000 5.021592 -13.225009 -20.576305 7.236878 -10.059045 -48.074239 118.876020 -63.076835 135.308454 -16.599910 -8.368873 16.976161 6.164222 17.602292 17.155090 10.567831 9.184421 43.992760 128.785683 66.011926 -145.875772 -34.698401 14.136459 -6.669625 
-52.415532 71.676028 -136.231267 -7.026481 38.077161 4.379443 -14.722924 -5.286871 4.570969 67.633580 -3.250572 -8.177565 -5.852993 10.471402 4.449303 -0.000000 0.000000 0.000000 -5.609720 5.071735 10.027782 34.018771 6.966960 -2.390800 -26.580297 -6.827579 -13.381856 -0.000000 0.000000 0.000000 7.578243 0.081217 -3.926954 2.153952 -3.831539 1.554146 2.049873 -1.174486 1.278608 -16.793151 -0.726554 -4.987616 2.188778 0.102985 3.843818 -0.000000 0.000000 0.000000 5.610617 -12.663720 -19.184499 8.711431 -8.180597 -48.458494 122.249577 -62.886622 137.340398 -22.897424 -9.817056 16.596429 4.734583 17.820815 16.465710 6.827264 11.819685 47.492367 129.773462 64.792751 -149.308680 -33.620594 14.571964 -8.385306 
-49.091187 72.446567 -132.660425 -5.817006 39.002851 5.444209 -19.339076 -7.619638 1.549159 60.963008 -0.307440 -8.505871 -9.400070 10.968649 7.098547 -0.000000 0.000000 0.000000 0.934491 5.226367 7.800235 28.026831 7.540863 -4.402870 -23.822970 -6.920079 -11.754491 -0.000000 0.000000 0.000000 6.178316 2.519959 -6.159471 1.022405 -3.926762 1.206227 3.310631 -0.501375 1.164584 -16.127948 -0.966885 -4.162551 3.413257 -2.675010 4.068116 -0.000000 0.000000 0.000000 6.821956 -10.176881 -16.972921 9.537000 -7.776028 -47.866520 126.821067 -62.116512 140.163570 -29.715416 -12.744319 11.243067 4.045501 16.544153 16.218601 4.588603 15.430036 49.482538 130.515134 63.331927 -152.595918 -35.409098 15.183478 -7.057965 
-45.614985 73.651201 -128.902054 -4.455696 39.494755 5.861644 -21.572351 -9.424506 -0.620673 49.615551 2.897385 -7.950142 -10.067242 11.132662 7.152717 -0.000000 0.000000 0.000000 6.644011 5.819344 5.906068 23.076600 7.992703 -5.956230 -16.028365 -7.485171 -7.973856 -0.000000 0.000000 0.000000 4.067933 4.557707 -8.104354 1.200751 -3.669551 1.046063 3.560699 0.075290 1.342861 -14.599498 -1.613292 -3.656718 4.154611 -4.147121 4.569655 -0.000000 0.000000 0.000000 7.774948 -8.536659 -15.410638 10.615830 -7.022891 -47.308363 127.738997 -60.573784 140.562943 -27.299035 -13.200093 10.185509 3.789919 15.800032 15.724677 4.079168 17.282153 49.276442 131.887255 61.645652 -154.508720 -35.323388 15.625582 -6.010817 
-42.089418 75.002664 -125.119054 -3.804789 40.523735 5.678500 -21.031897 -11.625875 -2.386121 34.851597 4.453015 -5.059288 -9.160898 11.826562 6.730864 -0.000000 0.000000 0.000000 10.675339 4.917483 4.162782 21.217924 7.255532 -5.252737 -4.335258 -6.652341 -1.986942 -0.000000 0.000000 0.000000 2.770637 6.005521 -8.582481 1.648557 -3.776663 0.965409 3.451354 0.163040 1.547557 -13.464242 -2.460123 -3.422266 4.374326 -4.770730 5.073799 -0.000000 0.000000 0.000000 8.488258 -7.980978 -14.913644 11.899235 -6.928808 -47.237461 127.621809 -60.912544 141.047810 -24.735738 -13.352668 11.566290 3.586693 14.998112 15.205085 5.293171 17.919842 47.833009 134.614763 60.387075 -155.964434 -34.944756 16.644866 -6.250413 
-38.469014 75.968146 -121.257484 -4.168244 41.370734 5.150806 -17.866317 -12.750906 -3.157703 20.202188 2.038070 -1.055332 -10.027419 11.918850 6.977885 -0.000000 0.000000 0.000000 12.975228 2.030771 3.103185 23.676088 6.151138 -3.991074 6.650484 -3.430944 4.546657 -0.000000 0.000000 0.000000 2.610426 6.815585 -7.926990 1.388363 -3.949194 0.976213 3.727791 0.054371 1.880220 -13.268565 -2.976605 -3.145245 4.606318 -4.967428 5.217266 -0.000000 0.000000 0.000000 8.456857 -7.046717 -14.911664 12.699374 -7.071428 -47.768042 127.284397 -62.345010 140.506918 -23.585553 -13.484601 12.620436 3.057009 13.528659 14.692765 7.268472 17.607932 46.769446 138.595001 60.410474 -157.346893 -34.841677 17.383603 -6.112709 
-34.894422 76.141828 -117.427814 -5.072458 41.525692 4.659133 -14.765093 -12.517594 -3.620970 11.859339 -1.361137 1.798540 -10.271573 11.627748 6.695667 -0.000000 0.000000 0.000000 12.335591 0.150942 2.949763 31.542626 5.347839 -3.745076 15.383901 -0.076811 9.161454 -0.000000 0.000000 0.000000 3.077953 6.600646 -7.132209 1.010797 -3.684238 1.202594 3.671811 -0.030858 2.292119 -13.191379 -3.481817 -2.804064 4.384453 -4.454410 5.342467 -0.000000 0.000000 0.000000 8.259000 -6.624536 -15.099466 13.027697 -6.819622 -48.663265 125.966334 -63.647331 138.806144 -22.371098 -13.177763 13.365435 2.590075 12.637006 14.481160 9.330733 16.498201 46.389255 141.703076 61.507926 -157.990550 -35.473119 17.552410 -5.012769 
-31.458738 75.385988 -113.842952 -6.002063 41.577907 4.941628 -13.600886 -12.953699 -4.867718 11.434810 -3.736809 1.765832 -7.561890 10.962495 6.949207 -0.000000 0.000000 0.000000 8.835334 0.602587 2.394837 41.751187 4.019856 -2.579766 23.658634 0.061612 11.228650 -0.000000 0.000000 0.000000 3.712392 5.445817 -7.169881 1.456320 -3.320041 1.873315 3.142116 -0.169588 2.389829 -13.910916 -4.013970 -2.487717 4.021883 -3.484861 5.466929 -0.000000 0.000000 0.000000 8.107797 -7.088015 -15.895077 13.208615 -7.265574 -48.397115 124.602402 -64.906332 137.847413 -21.290006 -12.669340 14.346201 2.121630 12.336596 15.287571 11.590728 15.937702 46.306195 141.830537 63.504389 -157.711139 -36.933504 16.778561 -2.711823 
-28.139111 73.779196 -110.493243 -6.770360 41.638613 5.505553 -14.630519 -13.750145 -6.740363 20.320467 -5.938853 0.627530 -8.866779 10.142680 11.522878 -0.000000 0.000000 0.000000 2.998458 1.510292 1.164139 53.582418 1.605797 0.218466 19.415946 -5.506550 9.409163 -0.000000 0.000000 0.000000 4.630698 3.790485 -7.420919 1.562734 -3.085846 2.696534 2.594214 -0.284099 2.122836 -14.651822 -3.887630 -1.757660 3.930242 -2.991867 5.001434 -0.000000 0.000000 0.000000 7.859699 -7.967848 -16.791871 12.825752 -8.235487 -46.902279 123.738604 -65.884634 136.735179 -21.567741 -12.393008 14.925620 2.332492 12.648931 16.606427 13.490813 15.275066 46.603205 136.535136 66.034209 -153.653813 -34.187089 16.340675 -3.558692 
-25.003302 72.192574 -107.224417 -7.343434 41.126249 5.875874 -17.154536 -14.660740 -8.148416 32.235780 -6.193605 -1.373083 -16.991609 11.529988 16.101537 -0.000000 0.000000 0.000000 -4.367908 2.466482 0.257921 64.146063 1.250387 2.314660 10.769756 -10.398109 4.720342 -0.000000 0.000000 0.000000 6.181829 2.628501 -7.361651 -0.374275 -3.108841 3.232248 3.630086 -0.222147 1.624071 -16.074107 -2.958295 -0.536317 4.980554 -3.781497 4.568663 -0.000000 0.000000 0.000000 6.538066 -9.293772 -18.438612 12.401200 -10.126490 -44.154967 121.370582 -67.560398 133.567065 -21.574188 -12.325130 15.456695 2.483786 12.604033 19.258814 15.101088 14.269782 46.748609 125.756397 69.009240 -144.784236 -30.915924 14.758607 -5.332186 
-22.127962 71.633101 -103.689528 -8.758238 40.464249 6.339331 -13.643083 -13.288141 -7.111820 35.509673 -7.208739 -2.531259 -22.250710 10.891352 18.912675 -0.000000 0.000000 0.000000 -10.914552 2.712591 0.513896 69.687864 1.741797 3.555176 3.389403 -12.054594 -0.131522 -0.000000 0.000000 0.000000 7.749180 1.605145 -7.105048 0.952454 -2.742574 3.614031 2.721353 -0.412511 1.659624 -17.840823 -1.779158 -0.116348 3.987335 -4.252182 4.959371 -0.000000 0.000000 0.000000 5.588158 -11.440520 -19.174937 10.829544 -11.816948 -43.096361 121.070939 -67.136454 133.593727 -19.750722 -11.409071 18.134782 3.456240 13.193088 20.418992 15.712939 12.262136 49.119138 118.071985 69.968134 -139.126537 -28.164576 13.261147 -8.299576 
-19.001096 71.949059 -99.959552 -10.465025 37.885672 6.431339 -5.854481 -9.613561 -5.803046 33.135120 -8.117726 -0.927899 -25.155760 10.543127 19.174859 -0.000000 0.000000 0.000000 -15.367755 2.993517 1.497590 69.595448 1.814818 3.468732 -3.314738 -10.789716 -1.640150 -0.000000 0.000000 0.000000 8.860897 -0.379104 -5.691212 1.115169 -1.400304 3.125906 2.661816 -0.273519 1.848810 -17.943165 -0.785335 -0.126940 3.363094 -3.017102 4.906718 -0.000000 0.000000 0.000000 4.809477 -11.197457 -19.328535 8.800080 -13.766548 -45.194159 125.174882 -65.614909 139.257559 -22.078644 -13.688783 17.879478 4.382141 12.663642 19.656006 16.753622 10.043617 50.129699 122.613444 70.310143 -142.767399 -32.941648 14.085522 -5.331016 
-15.999886 73.023349 -95.964944 -10.500701 35.613878 4.654313 1.503218 -7.734856 -3.470311 28.140934 -8.164135 -0.282499 -23.963415 11.418404 16.830483 -0.000000 0.000000 0.000000 -18.952427 3.606025 4.283981 63.513887 0.852637 3.501144 -5.970680 -9.684125 -1.444556 -0.000000 0.000000 0.000000 8.663677 -2.090101 -3.423449 0.222695 -0.458632 2.588779 3.091517 -0.560511 2.085448 -16.933277 0.002566 -0.345993 3.534633 -0.910445 4.667827 -0.000000 0.000000 0.000000 4.787684 -9.590138 -18.853890 6.281867 -15.400410 -48.850742 129.304259 -64.095215 145.241512 -26.340913 -16.203290 14.635048 5.631772 10.844514 17.616958 17.340350 9.115629 50.405876 125.244988 69.221500 -142.841139 -33.246410 14.746529 -4.776311 
-13.104200 74.441880 -91.820139 -9.998716 33.890700 2.982821 8.164796 -6.690194 -1.726337 22.851867 -7.882290 0.491046 -18.095999 12.668611 12.347373 -0.000000 0.000000 0.000000 -20.314961 4.568328 7.065900 52.618218 -0.386223 2.874533 -5.473088 -9.732478 -0.355424 -0.000000 0.000000 0.000000 7.557855 -3.561023 -1.853204 0.338118 0.050911 2.314894 3.163923 -0.906134 2.385982 -15.583658 0.251372 -0.807324 3.808142 1.392895 4.653080 -0.000000 0.000000 0.000000 4.939736 -8.572022 -18.244247 4.741164 -16.879319 -50.986593 131.591054 -62.377894 149.374884 -26.046019 -17.323829 15.556619 6.556910 9.577667 15.635005 18.063230 8.626823 50.720140 127.505598 68.592615 -143.629009 -34.034355 14.315139 -3.145748 
-10.210216 75.808322 -87.539333 -9.621922 32.429158 2.696978 12.472669 -5.726693 -1.311906 20.657919 -7.344713 0.872601 -8.005375 13.080227 5.671969 -0.000000 0.000000 0.000000 -19.009366 6.124398 8.705517 38.424114 -1.248430 0.897260 -3.826940 -9.953072 0.258580 -0.000000 0.000000 0.000000 6.218301 -4.499134 -1.772318 0.942184 0.043057 2.073015 2.880959 -1.171195 2.436783 -13.603499 0.792182 -1.190857 3.423622 2.869273 4.934161 -0.000000 0.000000 0.000000 5.370945 -8.224910 -18.002976 5.063896 -17.584551 -49.219344 133.435125 -61.185220 152.046477 -24.672878 -18.639857 16.467012 7.221322 8.606226 15.137647 19.439770 8.157263 50.593037 130.047758 68.227730 -145.887629 -35.048629 13.968612 -2.970020 
-7.268351 76.803803 -83.110559 -9.831352 31.869921 3.699486 14.796498 -3.615108 -0.424332 21.756761 -7.049891 -0.341949 3.502803 9.707857 -1.615689 -0.000000 0.000000 0.000000 -15.031871 7.226657 8.884086 23.363547 -1.427507 -1.255827 -2.185917 -9.481694 1.363451 -0.000000 0.000000 0.000000 5.149823 -4.977091 -2.821572 1.178676 -0.432868 1.594960 2.879184 -1.553112 2.440004 -11.390988 1.366044 -1.101643 3.319473 3.776894 5.536486 -0.000000 0.000000 0.000000 6.035981 -7.649378 -17.487286 5.548261 -17.621469 -47.252800 135.163444 -60.968982 153.615414 -24.577164 -18.592504 14.021029 7.563827 7.360128 14.703768 19.846385 8.268946 50.882348 132.115021 68.580317 -146.728901 -35.879876 13.653778 -2.720493 
-4.277635 77.191561 -78.771943 -10.222602 31.971900 5.275924 14.389776 -1.487560 0.218929 27.138049 -7.221867 -0.764203 13.761100 3.719102 -9.143766 -0.000000 0.000000 0.000000 -10.707900 6.548265 8.119159 12.928235 -1.477935 -3.279665 0.691323 -6.551818 3.899817 -0.000000 0.000000 0.000000 4.219828 -4.578771 -4.183223 2.240208 -1.284349 1.173501 2.138357 -1.785722 2.342145 -9.161062 1.628343 -1.682446 2.659136 3.903184 6.541617 -0.000000 0.000000 0.000000 6.573814 -7.574845 -16.956645 5.792564 -17.116550 -46.731243 136.628169 -61.576203 154.378749 -26.552329 -17.542202 10.256813 7.732588 6.573994 14.176094 19.415587 7.937369 51.502813 133.775299 68.969156 -146.853915 -35.793474 12.863611 -2.184963 
-1.345795 76.700830 -74.634492 -9.981304 31.974893 6.093744 10.522646 -1.943413 0.911077 36.201701 -7.533545 -2.225619 23.760538 -0.848584 -13.201524 -0.000000 0.000000 0.000000 -9.183053 6.040065 7.714299 11.388122 -1.039921 -3.392320 1.753509 -4.537355 3.904249 -0.000000 0.000000 0.000000 3.401719 -3.702223 -5.195784 3.235014 -1.742095 1.277763 1.307846 -1.937316 1.983118 -8.554903 1.564719 -2.179919 2.953571 3.704659 6.681511 -0.000000 0.000000 0.000000 6.553954 -7.484730 -17.556122 6.532747 -16.996497 -46.793192 136.023699 -62.328185 153.189671 -26.960774 -16.715233 8.650792 7.606688 6.746969 14.945008 18.924200 7.681167 50.192072 134.182623 69.203024 -146.813810 -35.769941 12.383321 -1.468400 
1.515365 75.312626 -70.556164 -10.180683 31.848681 6.128762 5.869703 -2.885990 2.782147 46.332234 -4.949982 -5.150636 28.072800 -0.505944 -14.594224 -0.000000 0.000000 0.000000 -8.554638 6.562643 8.291347 15.671894 1.196366 -1.687359 2.800702 -2.487733 -0.334261 -0.000000 0.000000 0.000000 3.535816 -2.950535 -4.991782 3.482286 -1.762533 1.419716 1.121532 -1.914835 1.609464 -9.358245 1.073650 -2.727563 4.098343 3.422935 6.403476 -0.000000 0.000000 0.000000 6.160752 -7.760412 -18.151620 7.003294 -16.242988 -48.370062 133.205006 -63.572767 149.851720 -26.754389 -15.468100 7.925763 7.506888 7.887373 15.474434 17.433876 7.696323 48.168290 131.862730 69.487285 -144.312628 -35.837260 12.442049 -1.558082 
4.241427 73.468196 -66.511887 -10.335672 31.715013 5.428932 0.521663 -3.217160 5.814027 56.682962 -3.233157 -8.031716 19.729375 3.879568 -11.200410 -0.000000 0.000000 0.000000 -8.615403 6.552266 10.796696 24.925207 3.195674 -1.578941 -10.916051 -6.637019 -8.024508 -0.000000 0.000000 0.000000 3.864767 -1.934034 -4.142269 3.203262 -1.498710 1.640876 1.318785 -1.809912 1.215436 -10.712055 0.172446 -2.535204 5.888738 2.766435 5.540675 -0.000000 0.000000 0.000000 5.952384 -8.679955 -19.226656 7.194567 -14.122759 -49.581131 127.179510 -64.640747 142.899386 -27.655133 -13.614296 7.850575 7.425972 10.696482 16.579455 15.384787 7.223242 45.979543 126.107862 69.933676 -139.544344 -35.462024 12.045055 -1.441988 
6.901735 72.462106 -62.787551 -9.603443 31.725155 4.547651 -5.920755 -5.071924 7.101494 63.165880 -2.191365 -10.036348 9.750350 6.682056 -5.258691 -0.000000 0.000000 0.000000 -9.080660 7.661096 12.532299 31.923501 4.082511 -1.840205 -18.167122 -8.472886 -11.443424 -0.000000 0.000000 0.000000 4.366548 -1.047406 -3.775694 2.057371 -1.474105 1.936210 2.088124 -1.687552 1.052372 -12.890792 -0.050045 -1.978237 7.471103 1.932459 4.280377 -0.000000 0.000000 0.000000 6.174205 -9.104897 -21.180359 8.157923 -11.965475 -50.344944 119.656696 -65.022916 136.137460 -24.750638 -11.503821 9.118183 6.823896 13.525073 18.611932 13.200202 8.696742 42.501859 117.978714 69.552933 -133.403023 -32.053486 12.077700 -4.038728 
9.753765 72.730923 -59.131873 -9.237652 31.021189 5.979760 -10.983412 -5.692131 3.976201 62.720189 -1.998370 -10.141551 1.454859 10.021639 1.210690 -0.000000 0.000000 0.000000 -5.615491 4.572695 8.951869 34.070773 4.996655 -1.724607 -21.272812 -5.342549 -10.487348 -0.000000 0.000000 0.000000 4.893852 0.913287 -4.888040 2.317269 -1.810634 1.172796 2.341766 -0.878418 0.700887 -14.977873 0.070755 -2.243933 6.526985 0.081649 4.108222 -0.000000 0.000000 0.000000 6.246035 -8.634242 -20.055249 9.447734 -9.384783 -51.520517 120.685725 -63.935012 136.718695 -25.891846 -10.726189 11.106074 5.999447 14.431443 18.051381 9.285832 10.265575 44.270359 119.900573 67.561171 -137.076180 -29.762620 12.397643 -4.666857 
12.570189 73.838103 -55.382520 -7.667147 30.555642 8.509083 -14.104156 -10.185590 -2.253102 53.162978 -0.975395 -11.990350 -6.962640 16.099304 7.957329 -0.000000 0.000000 0.000000 -4.237266 -0.325097 3.099649 36.911170 3.091066 -2.574850 -20.387159 -0.008906 -5.243615 -0.000000 0.000000 0.000000 4.179286 4.222981 -8.563267 1.567468 -2.403472 0.521709 3.685451 -0.404124 0.420707 -15.826898 1.327477 -1.080184 6.807274 -4.332454 4.142077 -0.000000 0.000000 0.000000 6.217610 -6.649922 -17.318386 11.232309 -9.163462 -51.675919 126.255108 -63.232169 141.992683 -31.318425 -12.389181 8.003382 4.509585 12.935490 17.725898 7.193675 13.561512 47.053472 126.328843 66.050787 -145.827087 -34.232811 12.257636 -1.437021 
15.447810 75.480306 -51.371872 -6.410510 30.761350 9.800125 -15.761011 -14.265104 -6.559145 39.201474 -0.551989 -10.603216 -9.202585 20.134575 11.928580 -0.000000 0.000000 0.000000 -2.228440 -3.081271 -0.590732 36.935311 1.825811 -3.361344 -13.973295 2.821082 -0.598315 -0.000000 0.000000 0.000000 2.814192 6.764694 -10.847542 1.997320 -2.725354 0.227438 4.124619 -0.046741 0.295984 -15.248628 1.527740 -0.401372 7.585313 -7.478835 4.672584 -0.000000 0.000000 0.000000 6.536006 -5.500826 -15.902680 12.740860 -9.174542 -51.072890 129.974358 -62.108986 145.849448 -32.557399 -13.155009 6.765871 3.624056 12.371522 17.875237 6.351828 16.075476 47.745773 130.487718 63.527240 -151.367739 -34.467339 13.127347 -2.041451 
18.365502 76.945502 -47.032830 -7.225209 31.438530 9.254348 -14.909345 -13.984251 -6.532695 27.630630 -0.121977 -6.142251 -7.834850 18.789392 9.928716 -0.000000 0.000000 0.000000 2.009788 -5.926760 -0.623443 35.187302 1.017336 -4.236415 -2.983054 6.368428 3.682853 -0.000000 0.000000 0.000000 2.857047 8.224249 -10.028066 1.683027 -3.047743 -0.085267 4.538962 0.222583 0.824781 -13.447397 0.433894 -0.525850 7.835256 -8.206410 5.628377 -0.000000 0.000000 0.000000 6.958054 -5.566907 -15.103878 13.592772 -8.624650 -51.630071 131.808446 -61.260480 147.592390 -31.762021 -14.112151 7.045204 3.254241 12.318505 16.648067 5.860360 16.117059 48.037549 134.489492 61.003666 -154.126056 -33.610508 14.181040 -2.879406 
21.419460 77.873141 -42.813680 -7.946865 31.856896 8.699894 -12.059080 -15.872974 -6.668850 13.438593 -0.507923 -2.324159 -6.763100 20.865594 9.305946 -0.000000 0.000000 0.000000 4.884311 -7.122219 -1.008530 34.612017 1.498425 -4.000228 9.996030 8.933466 7.399568 -0.000000 0.000000 0.000000 2.740123 9.189698 -9.064207 1.561297 -2.963237 -0.130096 4.913910 0.329061 1.279717 -12.395743 -1.057976 -0.528399 8.097039 -8.201223 6.582600 -0.000000 0.000000 0.000000 7.072506 -5.286003 -14.536117 13.830824 -9.205134 -52.084924 133.359724 -61.423608 148.643112 -31.837698 -14.726420 7.148800 2.762396 11.624651 15.550130 6.808431 16.308691 47.833804 137.551323 59.791118 -155.839928 -33.286795 14.906309 -2.759754 
24.584734 78.116643 -38.632631 -8.693862 32.018204 8.075868 -9.378112 -16.913917 -6.458801 3.465400 -1.118475 0.454463 -7.333207 22.320931 9.957166 -0.000000 0.000000 0.000000 5.936321 -7.453160 -1.347660 36.754662 2.025906 -3.910021 21.582164 11.643296 11.145136 -0.000000 0.000000 0.000000 2.752436 9.272768 -8.173559 1.354001 -2.717297 0.197517 4.949984 0.337945 1.808986 -11.743195 -2.436549 -0.338256 8.191923 -7.641173 7.192725 -0.000000 0.000000 0.000000 7.145131 -4.919292 -14.478742 13.896378 -9.856371 -52.446977 135.144197 -62.146174 149.805601 -32.242095 -14.749982 6.354810 2.474354 10.872193 15.061838 8.936198 16.395447 47.184459 140.992980 59.859106 -157.839629 -32.837353 14.936051 -3.334497 
27.694008 77.841979 -34.613350 -9.082509 32.172131 7.505386 -8.674847 -18.907124 -6.888083 -0.062901 -2.357113 1.572759 -7.171489 24.359123 12.027639 -0.000000 0.000000 0.000000 4.372748 -5.518698 -1.381658 42.503859 2.278791 -3.001673 31.755748 9.991801 13.347073 -0.000000 0.000000 0.000000 2.631068 8.322542 -7.596964 1.266230 -2.409641 0.996790 5.018881 0.165711 2.102808 -12.168032 -4.099871 -0.269215 8.234049 -6.265646 7.570781 -0.000000 0.000000 0.000000 7.327801 -4.844765 -15.213822 13.511814 -10.603382 -51.736156 135.792774 -63.076017 150.071239 -32.410077 -14.134790 5.659390 2.237234 10.289917 15.542467 11.664564 16.489197 45.995294 140.604566 60.878238 -157.391332 -30.068508 14.274055 -4.143903 
30.656341 77.351367 -30.641499 -10.339013 32.616201 7.867633 -9.608683 -20.556612 -8.648434 4.926566 -5.100508 1.576966 -1.285314 23.617842 11.745251 -0.000000 0.000000 0.000000 2.296783 -2.388339 -1.594433 49.750633 -0.081511 -0.001658 35.433820 2.075121 14.741142 -0.000000 0.000000 0.000000 3.412949 6.399153 -7.728896 2.607812 -2.270820 2.256944 3.768823 -0.167449 2.107166 -12.995408 -5.439730 -0.062701 7.570926 -4.661353 7.527452 -0.000000 0.000000 0.000000 7.539728 -5.582572 -16.156629 12.995195 -11.569824 -49.806423 133.983562 -63.934549 147.857821 -31.143853 -13.931048 7.075797 1.753803 10.594149 16.456162 14.355517 16.452630 45.559556 137.554445 63.268841 -155.239747 -28.974020 14.028456 -3.645623 
33.471948 76.523525 -26.762620 -11.100487 32.811755 7.820813 -15.005060 -19.832369 -9.502464 21.752795 -5.180050 -2.688784 -11.843276 21.126748 19.205550 -0.000000 0.000000 0.000000 -2.237340 0.228851 -1.499058 59.030174 0.960670 2.766763 27.935773 -6.530242 12.699675 -0.000000 0.000000 0.000000 4.466002 4.682151 -7.654364 2.493010 -2.736136 3.704365 3.142927 -0.347228 1.729831 -13.602107 -5.749061 0.483482 7.363404 -3.792460 7.006672 -0.000000 0.000000 0.000000 7.121850 -7.255644 -17.657698 12.599096 -12.081860 -46.486550 132.340473 -65.400361 144.609558 -29.553764 -13.764911 9.063070 2.243005 11.221817 18.398995 16.253981 15.545365 44.822551 130.913970 66.610385 -149.626678 -27.445958 13.312386 -4.927072 
35.838625 75.914049 -22.871700 -11.663562 33.770863 6.298736 -17.670388 -17.062225 -6.527332 35.327651 -5.144628 -6.626332 -19.740604 16.161803 21.568138 -0.000000 0.000000 0.000000 -7.591797 1.958828 1.600200 65.114733 3.883986 4.711560 17.874839 -11.918637 5.986937 -0.000000 0.000000 0.000000 5.557003 3.249661 -5.968641 2.259993 -3.545790 4.744353 3.223409 -0.671218 1.489726 -14.677753 -5.321145 0.876977 7.073090 -3.940061 7.271922 -0.000000 0.000000 0.000000 6.030137 -10.689682 -19.060436 11.459066 -12.551530 -42.886073 127.856811 -65.877001 139.497557 -24.568619 -12.970309 11.358118 3.454818 12.834604 19.726224 16.277769 13.446602 46.190925 119.150790 69.032765 -139.232081 -25.325857 11.506883 -7.404295 
38.297221 75.703102 -18.784223 -14.168336 33.794650 4.986258 -13.211880 -7.874241 -1.243888 42.347581 -4.799375 -4.114124 -24.280964 7.886887 18.173662 -0.000000 0.000000 0.000000 -9.627359 2.855947 6.225469 65.468580 4.755921 4.910275 5.405261 -13.836679 -1.595353 -0.000000 0.000000 0.000000 8.287703 0.493808 -3.098732 2.986720 -3.143120 4.795300 1.887580 -0.913006 2.183427 -13.717500 -4.842581 0.299435 5.246368 -2.302346 7.210396 -0.000000 0.000000 0.000000 5.733682 -13.211408 -19.275492 8.736678 -11.719355 -42.960332 126.957558 -63.472598 139.546811 -22.290537 -13.710152 12.455377 5.145649 14.742024 19.073667 15.614393 9.386662 48.164785 118.343674 69.558471 -137.704024 -26.949318 13.202318 -7.676042 
40.861675 75.982308 -14.617436 -15.116569 32.710449 2.098266 -9.248667 -0.313492 4.515709 45.462473 -2.643703 -1.379189 -24.963614 2.202770 12.237130 -0.000000 0.000000 0.000000 -11.257954 5.285988 11.385118 58.991679 4.697106 5.526836 -5.549183 -15.791343 -7.221767 -0.000000 0.000000 0.000000 9.333012 -2.785269 0.592965 2.861743 -2.380443 4.640762 1.421435 -1.080589 2.640385 -11.044118 -4.670126 -0.777349 4.400158 0.960950 6.808940 -0.000000 0.000000 0.000000 6.238659 -12.962630 -19.121027 6.091443 -11.810486 -45.455321 131.158290 -61.955781 145.660271 -28.384908 -15.796202 10.946274 6.923822 14.528386 17.226778 15.230901 7.013127 48.607963 123.237599 68.786002 -140.164909 -29.922079 14.527486 -5.318659 
43.521813 76.629102 -10.282551 -15.438001 31.926692 -0.021685 -5.261414 5.900785 8.509222 45.074614 -0.804684 1.382154 -21.571130 -2.020526 5.797075 -0.000000 0.000000 0.000000 -12.193798 6.173644 14.680896 48.760960 4.140714 4.699984 -9.137504 -16.324459 -9.312247 -0.000000 0.000000 0.000000 9.752201 -5.284480 3.262433 2.347628 -1.981090 4.205734 1.412866 -1.564669 3.122819 -8.461444 -4.671108 -2.071878 4.532625 4.208159 6.320812 -0.000000 0.000000 0.000000 6.850475 -12.171693 -18.857394 4.072658 -12.092449 -47.341429 133.886246 -59.558874 149.747542 -28.679109 -17.176153 11.815497 8.375107 13.232977 15.354054 15.492486 5.021207 49.245655 128.846020 68.075192 -143.257877 -31.473961 15.168599 -3.981027 
46.177572 77.319491 -6.149231 -13.971484 30.601770 -0.176987 0.688246 5.467720 7.010608 39.317762 -0.715324 1.277961 -14.982297 -0.899524 2.692008 -0.000000 0.000000 0.000000 -14.032058 7.263415 13.967957 37.706280 2.468317 3.647320 -6.598406 -16.738048 -7.264984 -0.000000 0.000000 0.000000 8.035787 -6.444092 2.469760 2.902113 -1.794935 3.992827 1.434524 -2.075089 3.184056 -7.358184 -3.708474 -2.593315 4.462894 5.424924 5.912889 -0.000000 0.000000 0.000000 7.211372 -11.050234 -18.219134 3.256077 -14.316000 -47.392041 135.508092 -58.013912 152.597315 -27.035529 -18.081768 12.778246 8.941799 11.212932 15.043970 17.036682 5.338522 49.270361 131.017274 67.939619 -145.512307 -32.271964 14.918995 -3.546202 
48.994994 77.798557 -1.903950 -13.330697 29.156968 1.674135 6.371274 4.517887 4.239327 34.615919 -1.807158 0.218550 -5.347243 0.516033 -0.783037 -0.000000 0.000000 0.000000 -13.708423 6.779096 11.567847 26.725012 0.079288 1.105750 -2.727547 -14.291945 -3.788819 -0.000000 0.000000 0.000000 7.074850 -6.864877 0.436371 2.358592 -1.957054 3.065845 2.200039 -2.283832 3.047137 -6.691511 -2.261532 -2.836384 4.430318 5.640596 6.118756 -0.000000 0.000000 0.000000 7.339377 -10.016292 -17.309344 3.547732 -16.233105 -46.410138 137.774697 -57.741076 154.862703 -27.308301 -19.419761 12.082930 8.927416 9.107293 14.498485 18.455002 6.028145 50.012310 131.715436 68.247571 -145.813041 -31.940828 14.700672 -3.934960 
51.841450 77.987707 2.477718 -12.716361 27.910933 4.725771 11.236938 3.170135 1.745473 30.254000 -5.057223 -2.344144 5.925089 0.626920 -5.822300 -0.000000 0.000000 0.000000 -12.520627 5.821162 8.174183 17.345566 -1.319074 -1.155266 -1.805077 -9.056619 -0.183806 -0.000000 0.000000 0.000000 5.664214 -6.341698 -2.938745 2.450180 -2.375283 2.037595 2.621057 -2.400259 2.687868 -6.254703 0.168033 -2.508157 4.234245 4.198493 6.492718 -0.000000 0.000000 0.000000 7.244911 -9.007401 -16.196958 4.766848 -17.647130 -45.136587 139.466556 -58.390007 155.929459 -28.095479 -19.401781 10.142424 8.730923 7.080422 14.300662 19.262785 6.694486 50.820381 132.165850 68.665980 -145.085856 -32.206550 13.968278 -3.983360 
54.727179 77.784896 6.922347 -13.008920 27.474992 7.466472 13.862845 2.028704 0.190098 30.453757 -8.232660 -2.883844 16.046263 -1.355454 -12.059135 -0.000000 0.000000 0.000000 -10.587035 4.330653 6.081796 12.231274 -1.942924 -3.273211 -1.040083 -3.953279 2.020501 -0.000000 0.000000 0.000000 5.165831 -5.437956 -5.379959 3.334471 -3.059636 1.349525 2.004498 -2.503287 2.380378 -5.467883 1.769297 -2.714719 3.672559 3.112273 6.983557 -0.000000 0.000000 0.000000 6.967124 -8.867509 -15.931148 6.161811 -17.554669 -44.481359 139.894665 -59.686668 155.672412 -28.204768 -18.326668 7.882450 8.530240 6.510912 14.192200 19.846741 6.229020 51.127617 134.203261 68.883318 -145.848806 -32.881031 13.293851 -3.622419 
57.333469 76.840436 11.221509 -12.718671 27.753438 8.337535 10.944577 1.570130 1.301830 38.308327 -7.757682 -3.889568 25.286716 -5.233050 -17.023970 -0.000000 0.000000 0.000000 -9.630877 4.949089 6.367467 11.216898 -1.309796 -4.184673 -0.267481 -4.250225 0.787011 -0.000000 0.000000 0.000000 4.684983 -4.873094 -6.341159 3.794893 -3.259269 1.256505 1.346988 -2.739297 2.027403 -5.213982 1.663687 -3.149743 3.827217 3.482718 7.009705 -0.000000 0.000000 0.000000 7.181130 -8.995823 -16.471855 6.930919 -16.853917 -44.320458 138.234342 -61.364129 153.230084 -27.572042 -17.712362 7.890191 8.385162 6.872887 14.589308 19.913722 6.148108 49.879582 135.056001 68.634257 -146.013756 -33.256110 13.409259 -3.515910 
59.725761 75.122607 15.245265 -12.601358 27.980888 7.965098 6.878989 -0.321170 3.649972 48.073192 -3.801079 -6.737632 27.910744 -1.073699 -16.567249 -0.000000 0.000000 0.000000 -9.799666 6.468411 7.980285 15.234295 1.248710 -3.104505 5.903675 -3.951451 -2.408310 -0.000000 0.000000 0.000000 4.940061 -4.412888 -5.765822 4.142968 -3.126007 1.397467 0.824468 -2.833704 1.706606 -6.130223 0.312982 -4.103969 4.089531 4.963886 6.830086 -0.000000 0.000000 0.000000 6.948332 -9.615332 -17.247603 7.305196 -15.310255 -45.432401 135.305150 -62.935433 149.977898 -26.471801 -15.969519 8.762064 8.061770 8.209679 14.441967 18.929843 6.637303 48.243138 133.090445 68.187971 -144.295231 -32.880648 13.389479 -3.600919 
61.778110 73.066783 19.062935 -11.340382 28.226344 6.512747 0.939027 -2.637199 6.256849 57.966071 -2.186321 -9.482186 18.418734 6.140356 -10.931835 -0.000000 0.000000 0.000000 -14.455724 9.029516 11.764906 29.591286 2.919395 -3.205189 -10.099336 -10.899604 -9.364584 -0.000000 0.000000 0.000000 4.368456 -3.985986 -5.013059 3.690552 -2.182168 1.880307 0.898392 -2.686702 1.068570 -7.796851 -0.354536 -3.394315 5.414611 4.835949 5.117676 -0.000000 0.000000 0.000000 6.866197 -10.574318 -19.367075 7.938670 -13.424758 -45.219961 131.231316 -63.709754 146.107804 -25.455639 -13.910046 9.901357 7.861459 11.050186 16.456403 17.923064 6.773173 45.494525 128.185342 68.304129 -141.489306 -31.716520 13.322641 -4.119802 
63.760024 72.026110 22.570039 -10.365834 27.573256 5.125249 -4.766420 -5.013784 7.383250 63.606810 -1.854579 -11.148648 7.535909 9.648681 -2.588555 -0.000000 0.000000 0.000000 -15.737808 9.904316 12.986412 36.844282 4.086173 -1.013649 -17.627153 -12.114361 -12.289219 -0.000000 0.000000 0.000000 4.497340 -2.846569 -4.202193 3.418386 -1.546698 2.157086 1.928583 -2.024163 0.658283 -11.281973 -0.120974 -2.334800 6.321632 3.387024 3.992962 -0.000000 0.000000 0.000000 6.684179 -10.645105 -20.943314 8.099870 -12.329340 -46.191664 126.168054 -64.474431 141.810072 -25.027314 -12.621922 10.453511 7.599753 13.689732 18.293754 14.694802 8.936916 42.584046 118.659301 68.130762 -134.292643 -27.840850 13.746115 -6.760840 
65.885234 72.174746 26.103833 -10.882352 27.715139 5.823910 -9.471433 -4.490917 6.310289 64.048558 -1.105770 -9.612732 -1.217109 11.721906 3.972488 -0.000000 0.000000 0.000000 -10.444786 6.175429 10.584609 36.665182 5.981856 -1.224394 -22.254120 -9.392181 -12.046250 -0.000000 0.000000 0.000000 5.799435 -0.738404 -4.420105 3.128037 -1.990949 1.599031 2.102950 -1.129114 0.907462 -12.258986 -1.259307 -2.571708 5.299976 1.992618 4.934031 -0.000000 0.000000 0.000000 6.578355 -11.089353 -19.643544 8.518638 -10.023240 -48.343549 126.176280 -63.558423 140.657347 -26.068512 -11.371012 13.689225 7.152888 15.450876 16.913406 10.914021 9.064406 45.327494 118.715183 66.365657 -136.286979 -24.695102 13.309766 -7.943314 
68.074292 73.232913 30.080289 -11.052999 29.456211 6.605448 -13.445688 -5.614034 4.397024 59.180488 0.860676 -8.437110 -8.034890 12.520464 7.305584 -0.000000 0.000000 0.000000 -4.101420 4.242682 9.033524 32.155536 6.597737 -1.816939 -23.071722 -9.085017 -10.350116 -0.000000 0.000000 0.000000 5.852886 1.593147 -5.343342 1.787329 -2.606106 1.434499 3.217197 -0.818941 1.048294 -12.425797 -1.980262 -1.773732 6.298178 -0.812993 5.411497 -0.000000 0.000000 0.000000 7.025016 -9.454803 -18.334780 9.433090 -9.365371 -47.827820 130.165193 -62.663052 142.909179 -29.825369 -12.860479 11.404126 6.117822 14.143016 16.923998 9.516564 10.859302 47.139058 124.526456 65.793830 -143.376706 -27.280873 14.394309 -8.476772 
70.490378 74.781990 34.185389 -10.849462 30.235701 7.496314 -15.707165 -6.590782 1.694888 49.758909 1.494625 -7.232288 -8.633163 11.429697 7.275561 -0.000000 0.000000 0.000000 2.182043 3.448837 7.404986 26.290434 6.751139 -2.768099 -19.607012 -8.963036 -7.173127 -0.000000 0.000000 0.000000 4.470483 3.538432 -6.519595 1.229302 -2.806211 1.191820 3.961673 -0.240773 1.061084 -11.092053 -2.588772 -1.206430 7.345947 -3.035034 6.073046 -0.000000 0.000000 0.000000 7.860656 -7.607595 -16.631624 10.395138 -8.759866 -47.687790 132.398103 -61.910762 144.311484 -32.726376 -13.961017 7.937426 5.832109 13.044381 16.328467 8.733228 12.404203 48.025929 126.968733 64.304117 -146.291518 -28.005713 14.705116 -7.398013 
72.964305 76.414973 38.250104 -11.208547 30.669358 8.156485 -15.599237 -8.076355 -0.606727 37.460996 1.589869 -5.505708 -6.689709 11.286819 5.423819 -0.000000 0.000000 0.000000 7.059473 3.142031 6.092705 22.581995 6.492147 -2.984944 -11.462934 -8.854461 -2.528700 -0.000000 0.000000 0.000000 3.529141 5.045147 -7.026536 1.283006 -2.813071 0.956612 4.326134 0.197268 1.178803 -9.993641 -3.529713 -1.069188 7.855681 -4.376712 6.747040 -0.000000 0.000000 0.000000 8.510138 -6.537510 -15.650619 11.819888 -8.318992 -47.777563 133.431758 -61.814000 145.749946 -32.690965 -14.746794 7.644092 5.342059 12.404556 15.698137 9.101736 13.322715 47.589302 129.735045 63.223097 -148.426994 -27.754801 15.118100 -7.081787 
75.545400 77.739680 42.133361 -11.924301 30.908596 8.315975 -13.871526 -9.905573 -2.047751 25.044007 1.231606 -3.455227 -5.837481 11.515969 4.410098 -0.000000 0.000000 0.000000 10.015340 1.872760 4.761189 22.110399 5.911294 -2.177947 -1.167968 -6.698123 2.846048 -0.000000 0.000000 0.000000 3.218401 6.246438 -6.660904 1.401597 -2.810295 0.804154 4.312650 0.240626 1.373614 -9.160139 -4.545598 -0.848290 7.914245 -5.088031 7.025741 -0.000000 0.000000 0.000000 8.825837 -5.465815 -14.947235 13.058858 -7.998051 -48.645652 133.490471 -62.272603 146.198317 -32.193755 -15.166876 7.587749 4.919216 11.700864 14.823084 9.979731 13.570161 46.537691 133.296620 63.016841 -150.424695 -28.967012 15.447922 -5.948452 
78.181356 78.575873 45.932022 -12.739544 30.295115 7.772324 -11.713305 -10.484661 -2.427368 16.307054 0.223929 -1.131584 -6.094177 11.557688 4.152637 -0.000000 0.000000 0.000000 10.746461 -0.500492 3.714979 25.731103 5.252771 -1.681709 8.334522 -2.587261 7.592042 -0.000000 0.000000 0.000000 3.157921 7.017268 -5.521424 1.193225 -2.520628 0.792904 4.311874 0.419827 1.651309 -8.168014 -5.501834 -0.863196 7.323521 -5.358940 7.282447 -0.000000 0.000000 0.000000 9.007637 -4.600058 -14.461118 13.731980 -7.113817 -49.789878 133.268227 -62.842757 145.414173 -31.258439 -14.790586 7.456117 4.908059 11.086166 13.935487 10.565370 12.773327 45.766174 136.333755 63.225682 -151.303266 -27.990322 16.295979 -6.855724 
80.772513 78.917056 49.709821 -13.794584 29.300666 7.230310 -9.743700 -10.602698 -2.498590 12.375266 -1.254678 0.098348 -7.699303 12.105560 5.174843 -0.000000 0.000000 0.000000 9.002610 -1.737542 2.806055 33.507210 3.548946 -1.168584 17.095869 0.216955 11.938840 -0.000000 0.000000 0.000000 3.447686 6.838625 -4.660001 1.288411 -1.991362 1.175029 3.975516 0.582927 1.881647 -7.557081 -6.443415 -0.671360 6.750516 -5.012350 7.345945 -0.000000 0.000000 0.000000 9.177419 -4.339714 -14.543680 14.314378 -6.479863 -50.324208 133.091288 -63.478094 144.649664 -30.421647 -14.429319 7.669149 4.666223 10.677193 13.798208 11.744216 11.756977 45.145799 138.189802 64.138165 -152.036931 -27.423401 16.159988 -6.707044 
83.199871 78.751045 53.485852 -15.408384 28.359256 7.270161 -8.170235 -11.324540 -2.587819 13.370271 -2.869200 -0.209149 -11.212469 12.544408 6.925329 -0.000000 0.000000 0.000000 5.888913 -1.374923 1.991360 43.655211 0.526278 -0.094807 24.659435 -0.679226 14.574087 -0.000000 0.000000 0.000000 4.726871 5.935620 -4.332049 1.448495 -1.582512 1.622913 3.498406 0.621070 1.926514 -7.474960 -7.212651 -0.334001 5.895824 -4.401814 7.504014 -0.000000 0.000000 0.000000 9.256115 -4.958411 -15.129233 14.609890 -6.156884 -49.445728 133.983351 -63.981937 144.934388 -29.576694 -14.506742 8.283540 4.279166 10.722710 14.241118 13.254281 11.291614 45.242111 136.232874 65.548328 -150.552930 -22.598179 15.900563 -10.621885 
85.567051 77.923745 57.076788 -16.371604 27.610652 7.824649 -8.918777 -12.754700 -3.884336 20.173597 -3.558546 -1.188741 -6.308239 12.618803 8.968632 -0.000000 0.000000 0.000000 1.194213 -0.066906 0.249030 54.940855 -2.390352 1.994034 22.473358 -7.164483 11.502381 -0.000000 0.000000 0.000000 5.297362 4.729210 -4.977429 2.935592 -1.419583 2.566839 2.197441 0.259261 1.699280 -7.987682 -7.649082 -0.039334 5.317931 -3.747604 7.323976 -0.000000 0.000000 0.000000 9.383464 -6.482253 -15.821620 14.256156 -7.021382 -47.715996 133.142568 -64.111839 143.822495 -29.273407 -14.511216 8.685713 4.490188 11.687074 15.257176 14.747907 10.363467 45.435479 132.051778 67.255795 -148.844214 -23.775190 15.158354 -8.511913 
87.801605 76.869786 60.413057 -16.349236 26.335938 8.789061 -13.539592 -12.816330 -6.236044 34.336642 -4.572904 -3.798467 -14.988779 13.893019 15.789994 -0.000000 0.000000 0.000000 -5.105116 1.617884 -1.923129 64.912179 -0.356987 2.424447 12.508974 -11.491872 5.073384 -0.000000 0.000000 0.000000 6.016593 3.528140 -6.220548 1.376643 -1.913807 3.005261 3.709002 0.156529 1.086330 -9.649654 -6.786933 1.021178 6.273936 -4.629437 7.084387 -0.000000 0.000000 0.000000 8.096256 -8.635927 -17.123207 13.921391 -9.235990 -44.633727 131.274440 -65.598453 140.686398 -28.558049 -14.566671 10.855643 4.355779 12.375449 17.738369 15.480952 10.224264 45.061007 122.009825 70.029403 -140.771696 -23.609144 14.840619 -10.007827 
89.356184 76.540715 63.744724 -16.803315 26.538316 8.751995 -12.697747 -11.477492 -4.915855 40.615647 -5.773992 -5.427797 -20.515750 12.526282 18.008111 -0.000000 0.000000 0.000000 -10.266333 3.268022 -0.665050 68.390928 1.345354 2.569259 4.331868 -12.699818 -1.557986 -0.000000 0.000000 0.000000 7.052426 2.227722 -6.722364 3.137258 -2.836380 3.784613 2.879023 -0.483374 1.069361 -11.514020 -5.249550 1.120411 4.771368 -5.251620 7.323547 -0.000000 0.000000 0.000000 6.885786 -12.554103 -18.079240 12.458002 -11.621583 -41.940863 129.082982 -66.277304 137.929366 -24.667754 -13.374066 14.385121 4.785958 13.744014 19.161086 15.436238 9.431217 46.953877 111.994243 71.134345 -132.858788 -21.929108 13.200077 -13.362036 
91.445267 77.114701 67.764312 -22.575244 28.129838 8.249393 -0.667469 -8.206440 -0.553391 39.281871 -9.446240 -1.838822 -24.336288 11.452397 16.702384 -0.000000 0.000000 0.000000 -5.803399 2.133317 3.385582 61.471823 0.767593 2.489728 -2.600255 -12.930828 -4.591680 -0.000000 0.000000 0.000000 10.410185 -0.631725 -3.876369 9.083009 -4.375504 5.751722 0.012918 -1.057215 1.904628 -12.133304 -4.833626 -0.213419 2.270752 -3.361783 6.952476 -0.000000 0.000000 0.000000 4.379744 -15.458163 -20.400963 10.739810 -12.764287 -41.238438 130.491111 -64.289029 139.551539 -24.426938 -14.231724 14.076416 4.016249 15.217831 19.368983 17.415557 5.825916 46.860587 120.239757 70.792592 -141.095164 -24.089697 13.875342 -13.463252 
93.048084 76.263398 70.774412 -17.185580 22.783934 7.292504 -0.260906 -7.110223 -2.672971 37.446774 -5.634189 -3.580470 -25.147950 12.534497 17.540462 -0.000000 0.000000 0.000000 -15.259175 6.689411 2.399921 58.235350 1.750498 0.598315 -9.355508 -10.746912 -5.883782 -0.000000 0.000000 0.000000 9.755945 -2.096390 -4.669065 2.476771 -2.667139 3.187612 2.999609 -1.168487 1.200179 -12.053958 -2.688909 0.323395 3.413572 -3.230732 6.665696 -0.000000 0.000000 0.000000 4.938324 -13.141082 -17.568133 8.860529 -16.661917 -42.293557 136.048773 -63.173084 145.789136 -28.452811 -16.634454 11.215671 5.363633 12.111200 17.452089 17.943257 8.300417 48.485077 121.206717 69.552320 -139.722578 -25.975804 15.209479 -11.603949 
94.962603 75.502211 74.711585 -15.332754 20.289379 5.896041 4.754767 -5.514408 -1.548472 34.298698 -4.341506 -3.482820 -21.762314 13.115603 14.335522 -0.000000 0.000000 0.000000 -16.406474 8.411718 4.023473 46.179467 1.440285 -1.010110 -11.093586 -9.667449 -5.765076 -0.000000 0.000000 0.000000 8.693035 -3.508103 -4.112360 1.762939 -2.367364 2.763857 3.623734 -1.518259 1.635392 -11.095769 -2.090071 -0.342949 3.438068 -1.696537 6.666556 -0.000000 0.000000 0.000000 5.121117 -12.199000 -15.881517 6.801932 -18.897713 -44.381840 138.204032 -61.662886 148.992243 -28.284223 -17.453297 11.691276 6.473673 10.481898 15.310496 18.817968 8.441333 49.208241 124.399432 68.861831 -140.602269 -26.596277 15.746660 -11.831029 
97.157156 74.654102 78.785771 -13.716354 19.385082 5.563116 7.697555 -5.817660 -1.273503 33.613050 -2.374695 -3.773621 -14.357359 13.187123 8.915487 -0.000000 0.000000 0.000000 -14.736569 8.996897 3.705209 30.978795 -1.424085 -2.177826 -9.425208 -8.320110 -4.356298 -0.000000 0.000000 0.000000 6.760688 -4.394781 -3.947161 2.509143 -3.201209 2.609278 3.374852 -2.241545 2.091784 -9.226663 -1.831619 -1.160946 2.100953 -0.811495 7.105598 -0.000000 0.000000 0.000000 5.978528 -11.752060 -14.873981 3.747056 -20.992428 -46.335809 141.922894 -62.011942 157.366263 -31.160498 -11.498904 0.547104 8.226633 8.886163 14.347851 19.331708 8.277814 48.898019 128.000358 68.744712 -143.359867 -29.601656 14.506804 -9.239692 
99.084067 74.165678 82.832044 -13.237587 17.421134 6.819100 9.251692 -4.017836 -1.371894 36.135116 -1.469158 -5.092397 -4.299545 11.111017 2.585215 -0.000000 0.000000 0.000000 -11.360158 7.826890 2.736913 17.365794 -3.166270 -4.068578 -5.506680 -6.805040 -1.934506 -0.000000 0.000000 0.000000 6.568682 -4.467823 -4.844517 1.679776 -3.731345 1.707733 3.648762 -2.546027 2.085149 -8.370823 -2.021739 -1.315740 2.144788 0.001681 8.262366 -0.000000 0.000000 0.000000 6.241735 -11.500813 -14.571291 3.252517 -21.792193 -45.414340 142.832114 -61.502560 159.018889 -30.321456 -12.555517 1.235748 8.479681 7.574332 13.678043 19.987006 8.158704 50.032915 129.144483 69.140613 -143.386854 -30.787434 13.802998 -7.985366 
100.669181 74.467152 86.920971 -13.027156 15.142775 8.153981 8.724927 -1.598848 -0.667951 41.682513 -1.066510 -6.601698 6.545817 6.147205 -4.684368 -0.000000 0.000000 0.000000 -8.843366 4.685390 2.651493 9.316271 -5.375954 -5.671633 0.969635 -4.645200 1.394241 -0.000000 0.000000 0.000000 5.887392 -3.811172 -5.867075 1.205539 -4.250817 0.928563 3.018095 -2.691899 1.856544 -6.554113 -2.681014 -1.576969 1.928533 0.593061 9.671203 -0.000000 0.000000 0.000000 6.558487 -11.134900 -14.393555 3.225264 -21.431610 -44.825811 142.078069 -61.643335 157.339150 -29.329505 -14.553527 3.252865 8.623302 6.722960 12.925067 20.009136 7.758336 51.519492 129.493715 70.086972 -141.880824 -31.376994 13.831119 -7.790637 
101.926541 74.824768 90.972990 -12.825388 12.146920 9.031043 6.395442 -0.787249 0.479934 48.833526 -1.617664 -9.045892 16.643765 1.934913 -9.567050 -0.000000 0.000000 0.000000 -7.940722 2.666507 3.260099 7.920150 -5.424207 -4.945225 7.192353 -3.140025 2.957416 -0.000000 0.000000 0.000000 4.793228 -2.899394 -6.898560 0.914666 -4.237652 0.639236 2.386224 -2.520552 1.489718 -5.375733 -3.593038 -2.033922 2.397590 0.994300 10.519198 -0.000000 0.000000 0.000000 6.507629 -10.693570 -14.844915 3.822024 -20.725804 -44.178466 140.080892 -61.738415 154.085318 -26.947926 -15.921573 6.601996 8.772768 6.692938 12.837534 19.844335 7.367709 51.511733 130.172931 70.704550 -141.154919 -32.406875 14.089713 -7.897815 
102.915680 74.514109 94.737792 -12.700438 9.818702 8.777084 3.018063 -0.824541 2.641007 57.045482 -0.264465 -11.873119 17.967988 4.681649 -8.835071 -0.000000 0.000000 0.000000 -7.940380 2.535008 5.066488 11.997807 -1.211547 -2.698029 10.995702 -3.505069 -2.410085 -0.000000 0.000000 0.000000 3.619796 -2.292294 -6.990140 1.311430 -4.086937 0.754159 2.034029 -2.422837 1.170809 -5.653230 -5.086606 -2.944489 3.279514 1.617862 10.652408 -0.000000 0.000000 0.000000 6.066713 -10.936787 -15.689823 4.287576 -19.246377 -43.962381 138.131120 -61.762338 150.970096 -24.973198 -16.334355 10.186538 9.112288 7.957113 12.994423 19.034550 6.952500 50.300359 129.093753 70.533008 -139.813640 -32.715756 14.334441 -8.496291 
103.593349 73.403138 98.057377 -13.331961 7.817972 7.528938 -0.271553 -1.199088 5.739368 64.409200 1.360781 -13.526551 10.295702 11.362177 -3.832725 -0.000000 0.000000 0.000000 -8.693250 3.742326 8.306398 22.173434 0.715854 -1.810888 -2.808966 -8.390437 -7.993307 -0.000000 0.000000 0.000000 4.003342 -1.926571 -6.673044 2.728789 -3.555729 1.307242 1.097899 -2.122553 0.943223 -6.677902 -5.759457 -2.919250 3.618839 0.750385 9.737662 -0.000000 0.000000 0.000000 5.715073 -12.193436 -16.989861 4.207951 -17.502351 -43.809411 135.882185 -62.379001 148.518225 -26.488261 -14.790008 10.317582 9.210166 10.822223 14.184088 17.803944 5.856114 48.407384 124.351234 70.280539 -136.460489 -31.612149 14.311990 -9.731571 
104.246676 72.294921 100.709283 -13.099493 6.488878 5.799518 -5.225835 -3.701592 7.904352 68.572312 1.672483 -14.117704 1.516023 14.326422 2.773002 -0.000000 0.000000 0.000000 -11.555126 6.938881 11.284971 31.194542 2.674692 -0.607707 -10.433761 -12.881687 -10.997414 -0.000000 0.000000 0.000000 4.779514 -1.828716 -6.112890 2.688877 -3.187915 1.903277 2.120802 -2.089740 0.520193 -9.643284 -5.805511 -1.498175 5.330762 -0.729868 8.504137 -0.000000 0.000000 0.000000 5.614090 -13.335640 -19.017945 4.379735 -16.854780 -43.350262 130.661765 -64.245233 144.010510 -27.010117 -13.563902 10.477812 8.630103 13.358771 16.279879 16.190676 7.264961 45.914422 112.427371 70.567000 -128.005744 -28.531323 13.728647 -12.637667 
105.190575 71.910703 103.002203 -12.986159 4.227259 5.073625 -9.584755 -4.323296 7.755530 67.824516 2.440157 -12.541149 -4.669000 15.492479 7.858052 -0.000000 0.000000 0.000000 -11.517740 6.324033 10.428223 35.840447 4.274007 0.721542 -14.102641 -11.106198 -10.935282 -0.000000 0.000000 0.000000 6.659471 -1.137035 -5.673484 3.565182 -3.435081 1.764867 1.926308 -1.701264 0.501533 -12.293970 -5.640963 -1.474110 4.271249 -1.855203 8.741165 -0.000000 0.000000 0.000000 5.850766 -14.319991 -18.148094 4.685676 -14.481678 -45.904272 126.307915 -64.142350 140.015493 -25.946990 -11.620492 13.601760 8.698159 15.195369 14.928679 12.894447 7.408058 47.886797 110.251653 69.144399 -128.141513 -26.578087 13.436348 -15.069110 
106.329548 72.257078 105.616808 -13.428894 3.553618 4.680899 -12.021668 -4.563471 6.786784 61.942713 2.831716 -8.902217 -6.830043 15.362241 8.627221 -0.000000 0.000000 0.000000 -7.041484 3.847200 9.046458 34.459899 5.185263 -0.078266 -16.343584 -8.062007 -10.301680 -0.000000 0.000000 0.000000 8.240906 -0.007767 -5.253578 3.745291 -4.480699 1.768697 2.055613 -1.863768 0.940839 -12.813004 -5.952275 -1.523921 2.985266 -3.030471 9.149631 -0.000000 0.000000 0.000000 6.142674 -13.840806 -17.381854 5.938060 -12.377017 -47.125523 128.740044 -63.225597 141.724787 -29.131572 -12.140939 12.672657 8.009638 14.789606 14.299002 11.819768 6.531457 49.304966 119.376090 68.201253 -137.624087 -28.568180 14.620032 -14.401323 
107.376719 73.211300 108.405685 -12.550500 2.209624 4.836727 -13.542117 -5.131678 5.174489 51.547600 2.994285 -6.006926 -6.386320 14.321004 7.128206 -0.000000 0.000000 0.000000 -3.544891 4.137642 8.414197 31.409796 6.355111 -1.967363 -16.273209 -7.262803 -9.102061 -0.000000 0.000000 0.000000 7.538112 0.760964 -5.758635 3.113303 -4.640393 1.729406 2.680358 -1.803872 1.098672 -11.410589 -5.955398 -0.597623 2.855625 -4.425246 9.503067 -0.000000 0.000000 0.000000 6.959549 -11.576421 -16.493794 7.567133 -11.559541 -46.689393 133.588412 -62.567714 145.025538 -33.498596 -12.992040 9.167407 7.749494 13.031855 14.473215 12.303774 7.125739 49.131264 123.817211 66.968648 -141.128947 -28.737725 15.202939 -13.627095 
108.184373 74.698997 111.355269 -11.965372 -0.323149 5.031351 -12.310410 -5.537107 3.829510 37.869272 0.979141 -3.332466 -4.187414 12.606479 5.207890 -0.000000 0.000000 0.000000 -0.542292 5.020638 7.477943 29.015610 7.730108 -3.430943 -12.707507 -6.589276 -6.792440 -0.000000 0.000000 0.000000 6.363324 1.304295 -6.239887 2.591405 -4.255385 1.443397 3.413631 -1.384682 1.209018 -9.514950 -5.993984 0.107526 3.619969 -5.472190 10.170212 -0.000000 0.000000 0.000000 7.811983 -9.722417 -15.090751 9.370906 -10.834546 -46.228022 136.027355 -61.996151 146.348884 -34.645082 -14.054087 7.337770 7.787653 11.986100 13.735761 13.072009 7.891274 49.720997 125.876526 66.800797 -141.647609 -28.459504 15.416843 -12.902863 
108.757281 76.422280 114.203179 -12.252971 -3.590987 4.975207 -9.284162 -7.255126 2.682873 24.817554 -1.874227 -0.905827 1.678599 12.061022 1.379068 -0.000000 0.000000 0.000000 1.294547 5.489795 5.827458 29.063471 8.414693 -3.631236 -6.830947 -5.199131 -3.689350 -0.000000 0.000000 0.000000 6.452692 1.803110 -6.010095 1.982844 -3.640391 0.856515 4.036155 -1.035361 1.204930 -8.570607 -5.942431 0.341454 4.294305 -6.350527 10.594848 -0.000000 0.000000 0.000000 8.203677 -8.585998 -13.929714 11.175863 -10.357258 -45.847533 136.972612 -61.766444 147.215501 -34.040968 -14.524520 7.113177 7.521456 11.678058 12.651625 13.784466 8.819325 50.354425 129.229759 67.709132 -143.114462 -30.258367 15.550744 -12.429850 
109.289455 77.795398 116.972530 -12.716912 -6.754374 4.351820 -6.655091 -9.988277 2.389799 16.036888 -4.385879 1.154384 9.060275 11.213244 -3.012192 -0.000000 0.000000 0.000000 1.506595 5.451829 4.406518 31.654642 8.571292 -3.317267 -1.366792 -3.644506 -1.116153 -0.000000 0.000000 0.000000 6.735568 2.215458 -5.265791 2.360926 -3.191309 0.853195 4.121999 -0.902998 1.286356 -8.310185 -5.846255 0.026383 4.054171 -6.962530 10.584986 -0.000000 0.000000 0.000000 8.404523 -8.099682 -13.325176 12.212795 -9.905425 -45.887325 136.511147 -62.083437 147.234979 -33.118236 -14.351353 6.631505 7.323217 11.919948 12.077680 14.248499 9.204838 49.992642 132.489342 67.952839 -145.181751 -31.326974 15.895626 -12.082300 
109.897530 78.224897 119.735062 -12.803592 -10.045788 3.647984 -5.168637 -12.284122 2.485337 11.605501 -8.141544 2.840583 13.111715 9.548408 -4.274999 -0.000000 0.000000 0.000000 -0.079710 5.174445 3.587750 37.064183 8.005945 -3.273594 1.911627 -3.929639 0.030739 -0.000000 0.000000 0.000000 6.880378 2.172113 -4.691547 3.043588 -2.722263 1.297196 4.145082 -0.774788 1.398662 -8.208100 -5.896388 -0.144016 3.756003 -7.052883 10.342246 -0.000000 0.000000 0.000000 8.476402 -7.569830 -13.606640 12.738276 -9.256231 -45.585360 136.243542 -62.939558 147.197182 -32.007790 -13.847080 6.518743 6.942953 12.147420 12.571330 14.527846 9.232091 48.918636 134.270876 67.512575 -146.775886 -30.443369 16.151010 -11.369864 
110.582364 77.440691 122.396708 -12.677439 -13.534555 3.126553 -3.840712 -14.649289 2.250694 10.186161 -13.160260 4.793493 17.788760 8.770847 -4.084115 -0.000000 0.000000 0.000000 -2.773239 5.591432 3.076212 44.557392 6.402923 -2.837635 2.872903 -5.997249 -0.478645 -0.000000 0.000000 0.000000 7.291904 1.596812 -4.486365 4.195394 -2.097842 1.843986 4.040494 -0.690224 1.363931 -8.008583 -5.674127 0.262114 3.830157 -7.056735 9.939502 -0.000000 0.000000 0.000000 8.407151 -7.154284 -14.084715 13.222744 -8.634297 -44.792505 135.266329 -63.944865 146.237510 -31.719645 -13.333786 7.156622 6.316949 12.633591 13.461979 14.590968 9.704681 48.772560 133.356356 67.366961 -146.805497 -29.322106 16.216503 -11.509416 
111.573064 75.521845 124.725425 -12.579691 -16.670239 2.472636 -4.172172 -16.583222 2.287362 15.353908 -14.924134 4.993570 10.717114 11.001389 -4.936277 -0.000000 0.000000 0.000000 -6.374639 6.189746 2.821475 53.855400 3.917630 -1.696194 2.079665 -8.828172 -1.156794 -0.000000 0.000000 0.000000 9.544081 1.025213 -3.725123 3.988477 -2.089801 2.413357 4.171186 -0.813813 1.128061 -8.333501 -5.207105 0.678760 3.728262 -7.184109 9.228151 -0.000000 0.000000 0.000000 8.223824 -7.705783 -14.591396 13.423693 -7.160360 -44.044238 132.650487 -64.530186 143.642263 -30.763204 -13.044319 7.711540 5.422326 12.998459 14.024556 14.372640 10.022122 49.488729 131.781040 67.088732 -146.292643 -29.515021 16.036533 -12.631542 
112.846470 73.165733 126.967180 -14.410220 -19.794914 2.356072 -3.002733 -16.158534 0.289805 21.823404 -15.145364 3.694718 -4.115379 11.974511 1.600832 -0.000000 0.000000 0.000000 -7.753688 5.695896 0.820575 63.307910 2.331223 -1.139335 -0.018354 -12.324978 -2.620455 -0.000000 0.000000 0.000000 13.820411 0.660913 -3.112376 4.426739 -2.483585 2.265809 4.110327 -1.212917 0.611049 -10.396111 -5.222893 0.806110 4.180044 -7.171285 8.459227 -0.000000 0.000000 0.000000 7.406853 -9.397940 -15.286899 13.079566 -5.647054 -42.712704 129.077064 -65.874052 139.595798 -29.735703 -14.615476 8.621245 3.966849 14.211576 15.044447 14.676859 10.206561 51.008579 129.561584 66.632454 -147.117011 -28.995970 15.547213 -12.709003 
113.893878 70.807099 128.523922 -13.866945 -22.537324 2.361373 -4.926872 -14.745565 -1.716026 28.689367 -13.446101 3.128255 -14.780239 12.521979 7.543485 -0.000000 0.000000 0.000000 -11.980170 5.555405 0.199898 71.895627 1.989988 -0.469025 -3.836758 -13.861781 -5.722008 -0.000000 0.000000 0.000000 16.660932 -0.224222 -2.859191 2.698270 -2.780304 2.651106 4.736400 -1.249065 0.321397 -12.962200 -4.756584 1.168362 4.770960 -8.000664 7.576949 -0.000000 0.000000 0.000000 6.431079 -11.091891 -16.848763 13.146968 -5.255045 -40.281731 126.035979 -67.579716 136.022915 -26.180593 -14.133995 10.861463 3.195047 15.090270 17.153536 14.927320 10.512574 51.087944 127.583676 66.257344 -147.583823 -26.268628 15.660121 -15.849034 
114.278138 69.289714 129.643953 -13.486469 -25.073010 1.504590 -7.877924 -15.068156 -2.091537 37.060735 -12.862327 1.081713 -20.038128 13.804277 10.509697 -0.000000 0.000000 0.000000 -15.524023 5.500569 1.281212 76.751827 2.054214 0.770704 -9.264246 -13.200108 -7.423751 -0.000000 0.000000 0.000000 19.138572 -0.144056 -3.299040 2.136413 -3.547846 3.561702 4.965774 -1.569540 0.719215 -15.984648 -3.985544 1.905375 4.282016 -9.075448 7.498648 -0.000000 0.000000 0.000000 5.391698 -13.024557 -17.237106 12.737830 -5.629489 -38.957301 122.946739 -67.030617 133.172925 -20.221327 -11.880047 14.347986 2.488487 15.783223 18.182982 14.878353 9.957271 51.233836 125.546509 65.755651 -146.569015 -26.018454 15.224872 -16.808498 
113.558364 68.630749 131.334114 -10.895505 -33.095906 1.633868 -8.047720 -11.111883 -0.459681 39.232813 -9.240076 -1.326128 -22.856677 13.973540 12.442289 -0.000000 0.000000 0.000000 -20.211393 8.142236 4.208128 78.977753 2.529783 0.052583 -11.370093 -14.794579 -10.164121 -0.000000 0.000000 0.000000 14.765002 -0.035080 -4.655510 5.184629 -1.001778 3.394443 4.203180 -0.271855 0.479897 -15.512661 -3.899329 2.208481 2.624409 -8.883607 8.224677 -0.000000 0.000000 0.000000 5.629103 -13.410619 -17.199641 12.389928 -6.915799 -38.446123 128.885490 -66.597628 138.612615 -22.463386 -13.193925 14.449743 4.698856 16.734120 18.223619 15.057674 9.709066 50.684290 125.503020 65.483096 -146.505952 -26.292024 15.401766 -16.837140 
112.870932 68.944919 132.610679 -10.140761 -36.298322 0.883818 -6.110456 -8.753110 0.442289 37.549596 -7.468287 -0.819488 -23.256094 14.056456 11.777416 -0.000000 0.000000 0.000000 -22.418980 7.591943 4.576597 75.832353 0.905577 1.679770 -13.784418 -14.665241 -9.155995 -0.000000 0.000000 0.000000 15.248922 -1.233965 -4.193794 4.798035 -0.760584 3.017087 4.198838 -0.356588 0.537611 -15.739443 -3.828548 1.880357 2.334071 -8.512095 8.209867 -0.000000 0.000000 0.000000 5.333656 -13.272696 -16.922241 11.333952 -9.282148 -38.999093 134.258762 -65.737129 144.128836 -28.146696 -14.979947 11.387297 5.068381 16.096986 17.513336 15.847250 9.282384 49.264751 128.251486 64.933375 -147.672117 -27.326561 16.011539 -15.027714 
110.687971 70.071459 134.344053 -11.402885 -40.452386 -1.451800 0.625467 -4.968741 2.524249 31.093413 -6.987510 0.093292 -20.459527 14.751971 9.357020 -0.000000 0.000000 0.000000 -19.853192 6.705901 5.624674 68.806208 0.267297 1.633354 -14.961361 -13.629473 -8.978258 -0.000000 0.000000 0.000000 11.846477 -2.093798 -4.702004 10.660613 0.022053 2.826844 2.615577 -0.061511 0.659674 -14.289385 -3.488159 1.585287 0.955480 -8.065071 8.409236 -0.000000 0.000000 0.000000 4.833824 -13.946261 -17.117468 10.462299 -10.303442 -39.429400 136.507272 -64.188739 146.574199 -29.059687 -14.877362 10.527803 6.041105 16.750460 17.345048 15.833001 7.771440 48.704806 129.933731 64.338496 -148.240739 -27.667742 16.139796 -13.989609 
109.560657 70.820999 135.097492 -8.417984 -42.529628 -0.034130 -0.212148 -6.031152 3.088201 29.313926 -5.502947 0.371426 -17.070902 16.243762 8.460162 -0.000000 0.000000 0.000000 -22.654383 5.909814 4.589595 62.336084 -0.837505 2.695188 -14.859501 -12.714376 -7.740954 -0.000000 0.000000 0.000000 13.472082 -2.468246 -4.127049 3.917946 -1.125027 2.251300 4.510979 -0.931955 0.908420 -14.413496 -3.805237 1.036115 2.720251 -7.319565 8.645852 -0.000000 0.000000 0.000000 5.044851 -13.119170 -16.076956 9.137691 -13.583028 -40.741004 138.199854 -62.846322 147.628500 -28.721496 -15.376653 11.299385 6.204621 14.275491 15.839329 16.834128 8.185338 49.391126 132.242786 64.321945 -148.611591 -28.450011 16.522237 -14.204219 
107.599950 71.782392 135.891771 -7.199417 -45.662961 0.478653 1.980305 -5.036480 4.495431 26.151093 -4.647500 1.061450 -10.514608 16.990735 5.185026 -0.000000 0.000000 0.000000 -21.327593 4.954420 4.219358 52.801724 -2.767993 2.031293 -15.161242 -13.150919 -8.067084 -0.000000 0.000000 0.000000 11.906689 -2.912337 -4.545330 3.146146 -1.405034 1.923035 4.561072 -1.184283 1.122503 -14.017045 -3.724816 0.756601 3.059270 -6.634098 9.244401 -0.000000 0.000000 0.000000 5.196795 -12.927367 -15.498206 7.720570 -15.863070 -41.363446 139.717712 -61.549959 148.990910 -29.877225 -15.656965 10.781084 6.867605 13.377640 15.236470 17.092162 8.059437 50.048811 132.886909 64.571002 -148.534628 -29.848925 16.808328 -13.255451 
105.558527 72.593552 136.386323 -5.563706 -49.388899 1.705105 3.391212 -4.656166 5.533273 24.159946 -3.214945 1.509441 -2.777280 17.206278 1.600257 -0.000000 0.000000 0.000000 -19.840893 4.329065 4.036855 43.007818 -5.306710 0.529719 -14.677656 -13.686783 -8.078577 -0.000000 0.000000 0.000000 10.280561 -3.107090 -5.241784 2.177420 -1.431737 1.466502 4.269357 -1.324638 1.301676 -13.688982 -3.618859 0.550598 3.414626 -5.715277 9.837186 -0.000000 0.000000 0.000000 5.691274 -12.756644 -14.595468 6.373330 -17.933080 -42.272054 140.071598 -60.647660 149.941391 -31.545454 -16.647927 9.482598 7.298342 12.716519 14.140646 16.789745 8.560897 51.335979 131.415687 65.779581 -146.569861 -32.288019 16.637416 -9.425904 
103.480422 73.254943 136.896348 -3.613025 -53.190417 3.236442 3.345863 -4.380808 6.145685 24.742666 -1.997500 1.954881 4.604422 16.584854 -1.314020 -0.000000 0.000000 0.000000 -18.194027 3.513697 4.423156 33.959612 -6.572025 -1.611532 -13.763948 -13.043817 -7.545920 -0.000000 0.000000 0.000000 8.795646 -3.076090 -5.503653 1.329922 -1.550033 0.936282 3.812703 -1.278720 1.316321 -13.388674 -3.443909 -0.018921 3.332498 -4.839053 10.462332 -0.000000 0.000000 0.000000 5.729472 -12.477660 -14.279770 5.415117 -19.178648 -42.868414 140.890400 -60.078346 150.993925 -33.482348 -17.036355 8.410244 7.935000 12.487469 13.203690 16.398132 9.025910 51.951169 131.160266 66.797031 -145.610772 -32.927577 16.494684 -10.248049 
101.312697 73.664916 137.412918 -1.903056 -57.317901 4.567372 2.108982 -4.051542 6.676012 28.556608 -0.472613 1.607139 10.671753 14.770759 -4.134574 -0.000000 0.000000 0.000000 -16.407255 3.305859 5.237154 27.519071 -7.258197 -2.809167 -11.668462 -12.408228 -5.742813 -0.000000 0.000000 0.000000 8.106557 -2.766786 -5.974754 0.918170 -1.434653 0.517207 3.272248 -1.061949 1.329216 -13.798170 -3.153523 -0.459758 3.293896 -4.192898 10.791690 -0.000000 0.000000 0.000000 5.584348 -12.094008 -14.171431 4.885952 -20.073340 -43.566585 141.446938 -59.608297 152.394201 -33.992129 -17.575815 8.941606 8.101803 12.387075 12.669677 16.037049 9.370479 51.718327 130.803806 67.206511 -144.825723 -32.639642 16.662351 -11.063358 
99.140942 73.607206 137.897408 -0.334392 -60.964691 5.525885 -0.541118 -4.773563 7.343288 36.025318 0.449932 0.713558 15.504719 12.278317 -6.318038 -0.000000 0.000000 0.000000 -14.871969 4.118898 6.495383 25.989695 -6.963201 -2.308265 -10.653703 -12.813842 -5.765180 -0.000000 0.000000 0.000000 7.819387 -2.248188 -6.375133 1.958172 -1.432060 0.623462 1.832750 -1.009518 1.181714 -14.803988 -3.072815 -0.737613 3.124827 -3.356569 10.749988 -0.000000 0.000000 0.000000 5.421349 -12.481907 -15.325096 4.862485 -20.122153 -43.670600 141.005787 -58.832299 153.901057 -32.739062 -18.531487 10.425701 7.921698 13.178717 13.208828 15.928667 8.874144 50.119357 130.617638 66.623032 -145.436066 -32.444097 16.633208 -9.924856 
96.981031 72.714108 138.321829 -0.289181 -64.327296 5.177555 -3.807040 -6.547130 7.101142 46.481493 -1.596579 -0.195883 18.161452 10.065681 -7.498218 -0.000000 0.000000 0.000000 -13.664796 4.623159 7.411215 29.496477 -5.168207 -1.337053 -17.404498 -10.539839 -7.938531 -0.000000 0.000000 0.000000 8.771107 -1.461295 -6.569683 2.482865 -1.671935 0.586052 0.942222 -0.978122 0.741644 -16.685182 -1.914830 -0.153477 3.739772 -3.637968 9.893229 -0.000000 0.000000 0.000000 4.454506 -12.926301 -16.989063 5.726964 -19.813563 -43.197017 140.643394 -57.829496 155.872289 -31.927400 -20.204204 12.896670 6.971509 14.278741 14.256541 15.462526 8.323452 47.799150 131.069976 65.953717 -146.184948 -32.168947 17.504168 -10.471602 
94.840628 71.293855 138.624787 -0.170530 -67.947484 4.637158 -8.325971 -8.548544 6.213330 57.863606 -6.773523 -0.678898 14.064120 7.938428 -7.191781 -0.000000 0.000000 0.000000 -13.142595 4.382196 8.761919 33.494225 -3.026123 -0.754261 -23.633518 -9.014961 -11.234829 -0.000000 0.000000 0.000000 9.735137 -0.285473 -6.305587 1.906110 -1.707680 0.204362 1.141633 -0.677793 0.280960 -18.574664 -1.230509 0.678824 4.314777 -3.864586 8.907331 -0.000000 0.000000 0.000000 3.441700 -13.997322 -18.901733 6.559336 -18.919458 -43.286050 138.952071 -56.903165 157.105784 -31.656281 -20.877485 14.465091 6.015797 16.234210 15.388569 14.096637 7.524155 45.115256 128.493730 65.382327 -144.547967 -31.545157 17.405256 -10.183265 
92.793018 70.116681 138.866031 1.944529 -71.417208 6.232298 -13.636377 -9.599657 4.971772 66.319457 -8.020775 -2.275742 5.373726 8.452499 -3.620040 -0.000000 0.000000 0.000000 -13.878581 4.059933 9.463148 38.066865 -0.724474 -0.752095 -27.762824 -7.549956 -12.609402 -0.000000 0.000000 0.000000 10.410165 0.948221 -6.193587 1.423673 -1.476956 -0.123015 1.999178 -0.182103 -0.013651 -22.544857 -0.748856 0.982475 4.846474 -4.475469 8.185053 -0.000000 0.000000 0.000000 3.038079 -14.729695 -19.305147 6.262856 -17.593559 -45.279443 135.593279 -55.750628 156.311073 -30.709851 -21.244779 15.438009 5.582479 18.282013 15.474333 11.512254 7.664900 43.388891 124.119267 64.708201 -142.116023 -31.432488 17.046078 -8.572253 
90.535486 69.656998 139.100909 4.091132 -74.658827 7.894059 -18.484718 -9.537244 4.090206 70.681267 -6.006637 -3.786470 -0.096925 10.302391 -0.813486 -0.000000 0.000000 0.000000 -11.894313 3.403511 9.721328 38.196725 1.578535 -1.370451 -29.420131 -5.752635 -12.867119 -0.000000 0.000000 0.000000 11.076300 2.389353 -6.082836 1.777970 -1.032706 -0.510011 1.970739 0.660658 -0.035136 -25.376825 -1.140849 0.418615 3.610412 -5.242212 7.864398 -0.000000 0.000000 0.000000 2.886572 -14.591477 -19.170599 6.784910 -15.726274 -46.922395 134.950475 -54.653408 156.363228 -30.571367 -21.760373 16.706428 5.317114 19.640712 14.945188 8.538560 8.198071 42.616290 123.968152 63.964918 -143.065433 -30.478696 17.214678 -8.953198 
87.956387 69.950730 139.303410 8.208026 -76.399975 12.619436 -22.634330 -10.339807 2.024193 69.175695 -3.802498 -5.791401 -6.188788 12.628290 3.437288 -0.000000 0.000000 0.000000 -7.606535 3.141829 9.055015 33.324636 3.836385 -2.806633 -29.158490 -5.502212 -12.041950 -0.000000 0.000000 0.000000 11.033641 4.207347 -7.508601 0.900874 -1.012313 -0.774534 2.613350 0.992789 0.190513 -26.092486 -1.778158 0.753126 3.328878 -6.827082 7.935044 -0.000000 0.000000 0.000000 3.695336 -12.943585 -18.185413 8.171685 -13.689477 -47.126783 135.726941 -54.417090 156.264308 -33.874938 -20.774535 13.828873 4.661454 19.094083 15.131299 6.843569 10.073368 42.612064 123.930512 62.694150 -144.116292 -28.891394 16.700366 -9.621095 
84.998155 70.974809 139.587569 14.476221 -76.328223 19.522060 -26.870981 -11.756795 -1.148310 63.712684 -1.431000 -6.651276 -10.521312 13.865920 7.074237 -0.000000 0.000000 0.000000 -3.084494 3.718135 8.399602 26.048427 5.402929 -3.782776 -25.300289 -6.649272 -10.003767 -0.000000 0.000000 0.000000 9.671673 5.470284 -8.739879 -0.022248 -1.613485 -0.812045 3.639213 0.843198 0.389974 -26.217784 -2.832154 1.188231 4.191297 -7.915089 8.045004 -0.000000 0.000000 0.000000 5.350954 -10.455200 -16.710722 9.952865 -10.446156 -47.992174 134.170384 -55.531594 153.850383 -34.377649 -19.155858 10.066912 4.193803 17.895264 14.593251 5.735710 12.725255 43.837615 125.666585 61.732318 -146.638561 -30.564105 16.432727 -7.581000 
81.426024 72.669882 139.952981 18.201310 -76.178923 23.931316 -29.066726 -12.725962 -4.180694 54.550400 0.572793 -6.659303 -11.710814 14.598881 8.597640 -0.000000 0.000000 0.000000 1.235483 3.992131 7.042811 19.764726 6.841261 -3.926903 -16.754645 -8.001268 -5.639295 -0.000000 0.000000 0.000000 8.798633 6.745703 -9.672258 -0.827890 -2.104974 -0.916396 4.417612 0.723910 0.412897 -26.444514 -4.084924 1.350800 4.727564 -9.084824 8.063595 -0.000000 0.000000 0.000000 6.765217 -8.046739 -15.734068 12.389955 -7.246612 -47.853672 130.979323 -57.710870 148.327218 -29.263664 -18.314951 13.536016 3.424953 16.440741 14.356283 5.706541 15.211542 45.176956 129.004926 60.544149 -149.939013 -30.464548 17.173008 -9.085288 
77.173251 74.821651 140.334034 20.128852 -76.543879 26.020615 -28.617951 -13.323080 -5.730601 42.392769 2.298835 -6.079864 -11.414651 13.640708 8.818507 -0.000000 0.000000 0.000000 4.284930 3.487023 5.618676 16.131167 7.945821 -3.035454 -4.737007 -7.158535 0.525563 -0.000000 0.000000 0.000000 7.932524 7.983432 -10.231849 -0.784616 -2.225741 -0.713634 4.464178 0.795465 0.624587 -26.540107 -5.049843 1.134619 4.430750 -10.292468 8.149622 -0.000000 0.000000 0.000000 7.660463 -6.279059 -15.016951 14.629172 -4.955075 -48.079529 126.533042 -61.068493 141.611801 -22.296751 -16.663660 17.908868 2.796555 15.219090 14.496800 6.371397 16.741567 45.986814 133.065701 59.414556 -153.655837 -30.589088 17.557733 -9.333819 
72.520822 76.717395 140.670729 20.206325 -77.851469 25.203541 -26.523931 -13.823181 -5.908506 30.633842 0.994312 -3.980268 -10.770144 13.879259 7.981738 -0.000000 0.000000 0.000000 5.209353 2.160519 5.112025 17.670119 8.614082 -1.831826 6.251514 -3.842832 6.043053 -0.000000 0.000000 0.000000 7.481810 8.814378 -9.887609 -1.018007 -2.031408 -0.421169 4.382818 0.900790 0.969489 -26.450116 -5.316827 1.198620 4.282564 -11.109913 8.263689 -0.000000 0.000000 0.000000 8.401462 -5.175932 -14.515117 16.385595 -2.632501 -48.302024 122.948726 -62.682381 136.521118 -18.932448 -15.081479 17.366784 2.493798 14.403621 14.403679 6.937372 17.194181 46.671535 137.125651 58.641403 -156.245097 -32.626243 17.938778 -8.739287 
67.966032 77.944762 141.069198 15.734073 -79.713618 19.924094 -23.436473 -13.499975 -5.863232 22.026763 -1.583828 -1.272378 -10.823222 13.343185 7.338094 -0.000000 0.000000 0.000000 3.753820 0.411794 4.471235 26.073801 7.494935 -0.983963 14.047471 -0.412059 9.816028 -0.000000 0.000000 0.000000 7.537923 8.741061 -9.337826 -0.320179 -1.510362 -0.110962 3.719536 0.940223 1.233713 -26.102075 -5.115836 1.557523 3.705656 -11.499777 8.133286 -0.000000 0.000000 0.000000 8.814627 -4.802405 -14.532606 17.826275 -0.973951 -47.764195 123.297575 -63.011639 136.265599 -19.962564 -14.703793 13.628504 2.171824 14.278264 14.886207 7.886324 17.021328 46.805506 141.220255 58.817212 -158.932523 -36.081952 18.254045 -5.897020 
63.951212 78.222191 141.541576 3.679828 -81.405872 7.175920 -20.291033 -13.353011 -5.566168 17.758642 -2.567869 -0.260639 -11.582626 13.501427 8.282058 -0.000000 0.000000 0.000000 1.270931 0.559760 4.404458 37.915297 3.587268 -0.272831 17.239073 -5.278238 9.125109 -0.000000 0.000000 0.000000 8.530672 7.362277 -8.504013 0.276480 -0.845181 0.361054 2.977132 1.006450 1.527954 -25.244503 -5.917254 1.291000 3.369184 -10.183989 8.113902 -0.000000 0.000000 0.000000 8.880392 -5.413273 -15.356132 18.081693 -0.531661 -46.721806 125.662296 -63.276183 138.284469 -20.788306 -15.192213 13.468119 2.008743 15.165333 15.480136 9.717270 16.605558 46.547127 141.685021 59.654791 -159.346823 -33.252237 18.490400 -7.447646 
60.448235 77.548295 142.105091 -7.667747 -82.638095 -4.409893 -19.711415 -14.444717 -6.411720 20.739128 -3.172118 -0.593148 -7.534760 13.728102 10.781786 -0.000000 0.000000 0.000000 -3.359618 1.640032 3.227424 50.905042 0.111175 1.883438 12.095150 -12.108267 4.368891 -0.000000 0.000000 0.000000 8.789059 5.672394 -7.985867 1.127518 -0.410946 1.140591 2.051123 0.833215 1.363988 -23.819283 -6.317301 1.295880 3.653684 -8.712882 7.769740 -0.000000 0.000000 0.000000 8.490603 -6.205912 -16.202241 17.346160 -1.925808 -45.270213 126.565792 -63.574200 139.260864 -20.367719 -15.233745 15.347635 2.213948 15.844690 16.316048 11.418403 16.045359 46.428187 139.076178 61.511665 -157.230836 -31.753272 18.119196 -7.097276 
57.176316 76.370955 142.655623 -25.611915 -83.313171 -22.083152 -20.617877 -14.001702 -8.086158 31.407638 -2.548010 -0.943287 -19.033482 14.156306 16.640290 -0.000000 0.000000 0.000000 -8.376790 1.823189 1.413741 62.823727 0.065005 2.793513 5.066282 -13.991119 1.097072 -0.000000 0.000000 0.000000 10.508976 4.400030 -7.943049 1.054591 -0.571965 1.735153 1.562197 0.691808 1.084611 -22.863562 -6.023141 1.808261 3.843703 -8.488210 7.202772 -0.000000 0.000000 0.000000 7.062627 -7.800283 -17.549199 15.960476 -3.968283 -43.155981 127.827772 -64.412934 140.777329 -22.492859 -16.118046 14.396128 1.966351 15.767645 18.472712 13.206646 14.366363 45.930080 135.327090 64.116428 -154.140754 -32.141296 16.951967 -4.467786 
54.034680 75.383538 142.900491 -34.522853 -82.936181 -31.297048 -21.815904 -12.951485 -7.865780 40.726597 -3.136719 -2.548972 -24.974720 13.220223 18.916386 -0.000000 0.000000 0.000000 -14.690520 1.985637 1.400408 72.076218 1.686698 2.727511 -1.269959 -11.847938 -1.950192 -0.000000 0.000000 0.000000 12.213613 3.394990 -7.436456 0.306806 -1.182318 2.240014 2.242131 0.396849 0.905190 -23.349667 -5.132106 2.158662 3.540902 -9.595089 7.220342 -0.000000 0.000000 0.000000 5.145063 -10.671454 -18.847003 13.347017 -7.325974 -41.134837 125.743468 -65.157706 139.861945 -19.696729 -16.717608 17.781336 2.332141 15.837432 20.161143 14.029419 12.073512 46.711981 127.315177 66.130178 -147.238059 -29.325515 16.129607 -7.347838 
50.204271 75.579077 142.468297 -68.649529 -80.042751 -64.171728 -11.454892 -6.686904 -7.360861 39.894516 -5.624028 -0.098357 -27.652896 12.205134 17.640842 -0.000000 0.000000 0.000000 -14.241758 2.144800 0.780434 74.798475 1.622982 1.285369 -5.735424 -9.495096 -2.279600 -0.000000 0.000000 0.000000 18.413447 2.956473 -10.025838 2.645455 -0.890409 1.426820 0.293467 -0.207629 2.256209 -24.121178 -3.875213 3.341116 3.204152 -10.697117 8.142004 -0.000000 0.000000 0.000000 2.613419 -12.832242 -18.860324 10.373618 -9.650133 -40.028037 125.709943 -63.760659 141.452024 -18.194790 -16.678341 20.176363 0.160979 15.941861 22.806458 16.274575 9.199247 48.733006 122.553059 67.490445 -143.676039 -25.873972 15.913981 -8.411866 
46.781564 75.819844 142.361975 -68.000344 -79.264562 -64.990304 -6.810108 -5.449916 -4.676185 38.292372 -7.171003 0.167091 -27.841918 11.703613 16.446108 -0.000000 0.000000 0.000000 -18.688250 2.386840 2.346528 73.743547 0.229647 2.823133 -9.426773 -9.790190 -4.424906 -0.000000 0.000000 0.000000 20.583586 0.231832 -8.313901 -0.003496 -1.412516 1.620593 1.303805 -1.029855 2.848820 -23.388733 -3.605476 3.006245 4.188720 -8.698775 8.637137 -0.000000 0.000000 0.000000 2.125986 -12.759382 -17.860894 6.540093 -12.912232 -42.826524 128.055634 -62.252649 146.014251 -21.681123 -18.799120 20.138382 0.815070 14.143147 20.660892 17.212115 7.989347 50.710705 120.592197 67.349856 -140.584616 -26.460159 15.883064 -7.324443 
42.774457 75.912708 142.597234 -60.965062 -84.073090 -61.547500 -6.211493 -6.791161 -0.152043 34.306028 -5.711525 -1.655003 -26.325040 11.969790 15.508951 -0.000000 0.000000 0.000000 -27.337431 3.978341 5.527227 67.970146 -1.545793 5.776177 -10.040573 -10.828640 -5.595500 -0.000000 0.000000 0.000000 12.845206 -2.465286 -4.107402 0.026114 -1.196298 3.336601 2.611842 -0.941052 2.369557 -19.804122 -2.948644 0.974968 3.052037 -5.719035 7.754364 -0.000000 0.000000 0.000000 5.151766 -13.663800 -15.467224 5.867211 -18.128999 -48.000610 133.772223 -62.254146 155.703833 -20.968059 -21.115327 23.591834 5.036312 12.767880 16.140126 17.586273 7.154354 51.175168 123.152259 67.424777 -142.306495 -29.951541 15.844872 -4.153257 
38.365296 76.618773 142.242301 -85.171108 -85.148008 -86.640719 1.378841 -5.743801 1.678254 25.929567 -5.536764 -1.489433 -19.814822 13.345487 10.872210 -0.000000 0.000000 0.000000 -27.718528 5.306524 7.208360 56.696835 -3.143599 5.308680 -8.667073 -11.156656 -3.856962 -0.000000 0.000000 0.000000 11.037603 -3.991320 -2.888795 1.417054 -0.899275 2.892675 2.146921 -1.258350 2.276638 -17.990120 -2.412364 0.604110 2.953827 -3.625376 7.759301 -0.000000 0.000000 0.000000 4.823671 -12.667005 -16.079370 4.913892 -19.713713 -48.117459 136.564775 -60.440917 159.237061 -21.301434 -21.679920 23.168641 6.155156 11.520251 15.238113 18.989507 6.695792 51.104080 124.435514 67.600240 -142.589906 -28.830167 15.734836 -5.307347 
33.979112 77.199984 141.871679 -108.717491 -84.886360 -110.323491 6.424959 -5.018154 2.114321 22.121786 -4.849136 -0.868188 -9.993542 14.294305 5.673881 -0.000000 0.000000 0.000000 -25.377536 6.711995 8.464535 42.017801 -3.630507 2.849964 -6.149177 -11.171375 -2.846601 -0.000000 0.000000 0.000000 10.193976 -5.276504 -2.395951 1.979058 -0.862342 2.302618 2.019597 -1.642519 2.258497 -16.275747 -2.351447 0.350607 2.936883 -1.317359 8.179683 -0.000000 0.000000 0.000000 4.570529 -11.428902 -16.868414 4.512641 -20.223560 -46.996847 138.076991 -58.797839 159.764914 -22.065652 -21.537798 21.696774 6.937856 10.216415 14.585641 19.931339 6.321812 50.750691 125.475136 67.921637 -142.470317 -29.110346 15.435627 -5.726440 
29.457444 77.491295 141.501224 -122.871815 -84.034624 -123.611738 8.873154 -3.058691 2.343165 22.890528 -4.040998 -1.350980 0.791964 12.296767 -0.735452 -0.000000 0.000000 0.000000 -21.353182 7.525706 8.959119 27.475306 -3.605483 -0.916707 -5.007825 -11.381623 -3.158289 -0.000000 0.000000 0.000000 9.440954 -6.177060 -2.646643 1.853985 -1.020086 1.451241 2.305647 -1.862541 2.076900 -14.502069 -2.464187 0.109143 3.211625 0.366853 8.864320 -0.000000 0.000000 0.000000 4.772667 -10.195247 -17.723835 4.339143 -19.438057 -45.136909 138.447931 -57.701736 158.388830 -23.689252 -20.636413 17.143142 7.723456 8.991082 14.181759 20.277165 5.981107 50.962355 125.443932 68.252568 -141.150987 -29.398215 14.904834 -5.783163 
24.900602 77.326000 140.955496 -130.384828 -83.808369 -129.587564 8.180459 -1.056798 2.650025 27.627781 -3.883332 -1.576262 10.661564 7.171691 -7.602202 -0.000000 0.000000 0.000000 -17.428400 6.922577 8.691602 16.750825 -3.598896 -3.871637 -0.514705 -10.549513 -1.524630 -0.000000 0.000000 0.000000 7.654130 -5.797841 -4.259151 2.360837 -1.753779 1.256980 2.132011 -2.111432 2.170483 -12.118589 -2.422452 -0.381609 2.730920 0.610496 9.710222 -0.000000 0.000000 0.000000 6.237286 -10.128451 -16.937750 5.092528 -19.163443 -44.742121 138.972862 -58.161968 157.479504 -23.742382 -20.128494 14.813713 8.418625 8.054786 13.696592 20.529282 5.611563 51.717287 125.781223 68.953997 -140.200602 -29.019975 14.496802 -6.326140 
20.550075 76.535231 140.453267 -136.199705 -83.093926 -134.213572 5.607456 -0.898433 2.701822 36.610113 -3.844795 -2.518267 19.571627 3.670476 -12.405105 -0.000000 0.000000 0.000000 -14.515191 5.888388 8.413795 13.423553 -3.695804 -4.131913 0.920828 -8.211602 -0.331994 -0.000000 0.000000 0.000000 6.959844 -4.849186 -5.187683 2.830397 -2.280835 1.157256 1.617074 -2.272032 1.941048 -10.723468 -2.585329 -0.634646 2.589778 0.374731 10.103521 -0.000000 0.000000 0.000000 6.386428 -9.972423 -17.289520 5.885514 -18.309547 -44.592003 138.482119 -59.132351 155.299025 -23.794205 -18.778366 13.911843 8.597722 7.944159 13.872857 20.422962 4.985069 51.198799 126.886629 69.329224 -140.043244 -29.304423 14.294845 -7.291880 
16.970326 75.042641 139.634717 -150.440873 -77.566150 -147.820773 3.486311 0.718230 3.033328 46.255736 -3.095224 -5.681704 24.799358 2.723929 -12.567650 -0.000000 0.000000 0.000000 -13.101715 7.395078 10.332729 18.095619 -0.031434 -3.460939 2.485670 -5.980686 -4.110649 -0.000000 0.000000 0.000000 10.742064 -3.896143 -6.018929 -0.116127 0.065428 -0.027872 2.114494 -1.113932 1.986562 -11.676664 -2.775988 -0.732543 3.947985 0.449599 10.278730 -0.000000 0.000000 0.000000 5.035960 -9.112064 -17.055103 6.881444 -16.384176 -45.252239 136.421610 -60.487643 152.044685 -23.796012 -17.092531 13.311540 7.948421 9.370376 13.360672 19.179429 5.321942 50.860092 125.725930 69.150062 -138.456917 -30.493867 14.317478 -6.936458 
12.775120 73.179382 138.766015 -150.716738 -75.892257 -148.890368 -0.148410 0.524721 5.728440 56.650699 -3.630178 -7.645158 17.603479 4.942261 -10.670160 -0.000000 0.000000 0.000000 -11.523324 7.410841 12.869382 25.724195 2.688546 -3.596211 -11.048893 -8.987994 -9.894382 -0.000000 0.000000 0.000000 10.383500 -2.573701 -5.390126 1.248591 0.143619 0.535232 1.287863 -0.811011 1.651198 -11.576373 -3.278058 -1.128229 3.949332 -0.172852 9.267813 -0.000000 0.000000 0.000000 4.874123 -10.162413 -18.115817 7.669422 -13.168335 -45.638608 131.451375 -62.115279 145.844641 -23.705805 -15.372222 14.326953 8.021661 12.045998 14.345138 17.762315 3.841130 48.942842 125.258860 67.537235 -138.964702 -30.170632 14.359514 -7.860407 
8.883283 71.963108 138.008416 -155.310418 -76.683828 -154.093364 -7.040573 -3.370176 6.687587 64.400103 -3.773621 -9.290525 9.876170 6.603394 -7.048589 -0.000000 0.000000 0.000000 -13.606915 9.188913 14.284933 33.001182 3.667341 -1.382655 -18.602372 -11.855615 -12.981349 -0.000000 0.000000 0.000000 8.583803 -1.481744 -4.716161 0.670522 -0.380201 1.425073 2.592080 -1.148155 0.909705 -13.301045 -2.867206 -0.153044 5.345254 -1.653529 7.140349 -0.000000 0.000000 0.000000 5.478342 -10.417088 -19.994320 8.677526 -11.773630 -45.360438 123.789517 -64.256309 138.729055 -22.175801 -13.552601 14.420972 7.303180 13.383173 17.051951 15.548404 5.907067 45.237706 120.773752 66.617999 -137.079239 -29.517158 14.297701 -8.879941 
4.783330 72.088343 137.285137 -155.382138 -76.253535 -154.193396 -11.805291 -4.793677 5.894042 65.691899 -3.998042 -8.515128 4.718641 7.869845 -3.551199 -0.000000 0.000000 0.000000 -9.277817 6.432761 12.412487 33.530606 5.127294 -0.470296 -21.731806 -9.277400 -12.186467 -0.000000 0.000000 0.000000 7.674172 0.363238 -4.762756 3.191041 -1.593275 1.571505 1.810990 -0.643643 0.610363 -14.424349 -3.088111 -0.656506 3.868654 -2.655872 7.192051 -0.000000 0.000000 0.000000 5.890598 -10.932367 -19.610804 9.876851 -8.973685 -46.943737 122.257977 -63.923096 137.048963 -22.976240 -12.713158 16.511128 6.945118 15.123291 16.673126 11.527336 6.439004 45.750818 120.872443 64.889982 -139.038794 -28.403293 13.592325 -7.687112 
0.684609 72.881573 136.186838 -154.054969 -76.445498 -152.511260 -16.000275 -6.343260 4.313660 62.587242 -2.443285 -7.356786 -0.871021 9.494295 0.606446 -0.000000 0.000000 0.000000 -3.018377 4.014752 11.022567 29.844738 6.747724 -1.006261 -22.165943 -7.882000 -10.085651 -0.000000 0.000000 0.000000 7.539707 2.589642 -6.063039 2.762344 -2.543289 1.302987 2.360466 -0.262932 0.698716 -13.973222 -3.817921 -0.244172 4.000958 -4.550819 8.034029 -0.000000 0.000000 0.000000 6.671585 -9.915854 -17.677406 11.030053 -7.578435 -47.030598 127.508720 -62.652083 141.130097 -28.577264 -14.401604 14.664332 6.407049 15.107807 15.899261 9.326019 8.151731 48.019785 124.446459 64.067222 -144.064081 -29.965243 14.416805 -8.384250 
-3.453558 74.069315 135.019183 -156.934835 -76.501575 -154.149959 -18.959207 -8.517388 1.610252 54.457192 -0.017204 -6.823640 -4.818394 10.801280 4.028836 -0.000000 0.000000 0.000000 2.079157 4.123763 9.574626 25.808419 7.768241 -1.875934 -19.543630 -8.687540 -7.152869 -0.000000 0.000000 0.000000 6.263779 4.606649 -8.236769 2.058706 -2.634099 0.872945 3.372273 0.249400 0.573446 -12.961253 -4.457858 0.597185 4.978616 -6.726125 8.716643 -0.000000 0.000000 0.000000 7.459731 -8.062653 -15.742877 11.719610 -7.428400 -46.133698 131.611964 -61.737461 144.389007 -31.431702 -15.478227 11.775282 5.985241 14.015908 15.554018 8.689336 10.578038 49.229868 126.212123 62.634584 -147.145256 -30.011328 14.540374 -8.176455 
-7.662924 75.359333 133.919132 -158.676913 -76.505590 -155.115849 -19.564148 -10.231226 -0.871423 42.523300 1.588415 -4.774996 -5.142460 11.319877 4.419545 -0.000000 0.000000 0.000000 6.570519 3.839482 8.163355 22.988380 7.793559 -2.285971 -12.807171 -8.566591 -2.641913 -0.000000 0.000000 0.000000 5.210875 6.248749 -9.391965 1.999784 -2.708264 0.411214 3.913205 0.673748 0.520893 -11.748892 -5.228524 1.156505 5.816563 -8.192753 9.413313 -0.000000 0.000000 0.000000 7.970222 -6.995036 -14.648244 12.466740 -7.499457 -45.864961 132.532002 -61.790063 145.605564 -31.788033 -16.367699 10.760358 5.509966 13.155948 14.864377 8.831743 12.049132 49.407664 127.964837 61.425480 -148.623890 -29.364741 15.178312 -8.201654 
-11.915590 76.366699 132.922769 -159.068269 -76.058019 -155.517347 -17.809654 -11.646660 -2.249196 28.856247 1.911210 -2.254957 -4.949327 11.635032 4.068060 -0.000000 0.000000 0.000000 10.157320 2.485508 6.748888 21.940298 7.499006 -1.774205 -2.957219 -6.304153 2.027744 -0.000000 0.000000 0.000000 4.975885 7.576160 -9.253324 1.943184 -2.598665 -0.062000 4.201208 0.975812 0.621177 -10.882115 -6.350070 1.347808 6.301664 -8.958392 10.071544 -0.000000 0.000000 0.000000 7.838053 -6.188076 -14.308476 12.964032 -7.651267 -46.381930 132.303170 -62.731472 145.819294 -30.569386 -16.455975 11.078091 5.109334 12.450791 13.941750 9.603189 12.540450 48.881728 131.500705 61.120194 -150.522185 -30.157906 16.005759 -7.789239 
-16.250201 76.724589 131.984186 -159.429422 -75.078533 -156.729700 -15.055121 -12.208328 -2.219333 17.490305 1.854232 -0.006856 -5.195267 11.723613 3.535758 -0.000000 0.000000 0.000000 11.542360 0.551218 5.972886 24.791084 6.743206 -1.163499 5.807080 -3.467520 5.778337 -0.000000 0.000000 0.000000 5.007452 8.435897 -8.408497 1.795756 -2.316905 -0.035660 4.138406 1.087577 1.033024 -9.955084 -7.519780 1.436090 6.277582 -8.960507 10.297170 -0.000000 0.000000 0.000000 7.565247 -5.430739 -14.533873 13.044114 -7.538354 -47.584689 131.524994 -63.983450 145.015868 -28.870309 -16.144533 11.530173 4.853417 11.758478 13.516095 10.907211 11.925998 47.597774 135.228947 61.101120 -152.253547 -30.042440 16.156618 -7.304381 
-20.564672 76.262444 131.058931 -159.019140 -73.812683 -157.444793 -12.763934 -11.637671 -1.989983 11.975930 0.556611 2.083932 -5.776333 11.493856 3.588453 -0.000000 0.000000 0.000000 10.438289 -1.065001 5.517707 32.551645 5.526954 -0.898300 11.942797 -0.580088 8.957557 -0.000000 0.000000 0.000000 5.670550 8.160079 -7.510235 1.308760 -2.033291 0.248995 4.000214 1.128899 1.405871 -9.435422 -7.833422 1.927337 6.129085 -8.854178 10.261725 -0.000000 0.000000 0.000000 7.215049 -4.934759 -14.922118 12.960322 -7.061241 -48.240369 130.675289 -65.080511 143.466645 -26.877439 -15.998768 13.138254 4.280116 11.154412 13.516088 11.627731 11.668673 46.951367 136.773666 62.061586 -151.140437 -25.907777 16.885883 -11.523191 
-24.721485 75.037104 130.203485 -158.023160 -72.479823 -157.001312 -11.489324 -11.980323 -2.561223 12.512390 -1.634131 2.951931 -1.626460 11.125067 3.853077 -0.000000 0.000000 0.000000 7.150269 -1.226245 4.428235 43.349348 3.319930 0.125398 18.254412 -0.640180 10.211333 -0.000000 0.000000 0.000000 6.632978 7.090303 -7.331821 1.933986 -1.795144 1.009210 3.184096 0.958295 1.591376 -9.730361 -8.074767 2.053750 5.744838 -8.147024 10.167177 -0.000000 0.000000 0.000000 6.940020 -5.736444 -15.855731 12.908590 -7.380339 -47.059123 128.858106 -66.138631 141.590338 -24.968668 -15.667079 14.913376 3.630578 11.307975 14.501892 13.137322 11.164681 46.684603 136.265320 63.752098 -150.272176 -26.001269 17.263432 -11.431765 
-28.636399 73.097658 129.452682 -157.581743 -70.840538 -156.428056 -13.153197 -13.118617 -4.045545 24.337869 -2.106567 0.987766 -10.642620 12.828450 10.209806 -0.000000 0.000000 0.000000 2.215169 -0.389549 2.569823 55.927224 -0.960481 2.005958 18.450697 -9.099599 9.612290 -0.000000 0.000000 0.000000 8.265993 5.735516 -7.674476 1.765577 -1.736145 1.896887 2.873669 0.772354 1.386759 -10.944460 -8.594643 2.057987 5.755812 -6.923222 9.526321 -0.000000 0.000000 0.000000 6.899748 -7.384974 -16.893337 11.905064 -7.830469 -43.940816 126.604811 -67.216921 137.878554 -24.022819 -16.338866 16.218054 3.127146 11.905212 16.014533 15.164792 11.257708 47.033174 130.552180 65.993079 -146.555815 -24.371834 16.689464 -11.992052 
-32.112268 71.233243 128.546631 -159.266198 -69.420269 -157.840614 -16.226224 -13.594876 -4.511781 36.211645 -1.315536 -2.393836 -17.357959 13.034957 13.988196 -0.000000 0.000000 0.000000 -5.169924 1.604866 1.823368 68.179168 -1.887870 3.641944 10.638297 -16.073613 3.216461 -0.000000 0.000000 0.000000 9.522708 4.357031 -7.954686 0.754983 -1.960819 2.602014 3.375715 0.816375 0.880632 -12.552382 -7.537528 2.309532 6.079147 -7.574933 9.301732 -0.000000 0.000000 0.000000 6.139213 -10.357289 -17.841591 11.339444 -9.201338 -39.901763 122.649005 -69.935015 132.685648 -24.002896 -16.753489 16.670499 3.449797 13.507908 18.176089 15.902732 11.190732 47.772407 117.765926 68.946840 -136.328013 -22.675622 15.738953 -13.927793 
-35.456595 70.235872 127.118647 -158.057073 -67.997739 -156.884614 -13.331575 -10.835134 -3.234048 40.157307 -2.566770 -3.307933 -23.462339 11.746801 16.623720 -0.000000 0.000000 0.000000 -11.361974 2.577791 2.378110 75.294825 0.098641 4.247977 4.096044 -15.716537 -2.502100 -0.000000 0.000000 0.000000 10.928659 2.755502 -8.512004 2.818670 -2.003783 3.169779 2.118236 0.442804 1.116874 -14.227247 -5.266343 2.529676 4.579009 -8.448946 9.033941 -0.000000 0.000000 0.000000 5.380603 -13.659858 -17.799046 10.254472 -10.045195 -37.373986 120.856391 -69.649574 131.024230 -21.814398 -15.667438 18.271832 4.057752 15.504116 19.388844 15.559055 10.305108 49.341870 106.553104 70.971525 -126.582265 -20.261623 15.130908 -18.623005 
-38.833654 70.305562 125.403404 -157.722413 -65.634807 -158.790050 -9.688128 -6.201971 0.228312 43.424633 -2.802514 -2.136102 -26.936706 9.896314 15.296490 -0.000000 0.000000 0.000000 -15.636813 4.352076 6.223657 75.354043 2.698678 4.622452 -5.074036 -13.586927 -5.182275 -0.000000 0.000000 0.000000 12.260157 0.573877 -6.445192 3.840776 -1.456462 3.487922 0.923513 0.278193 1.364077 -14.232974 -3.735930 1.821269 3.055021 -7.535912 8.496296 -0.000000 0.000000 0.000000 4.663955 -14.900514 -18.200275 8.803197 -10.836422 -37.348163 125.216593 -67.593167 136.733514 -23.100058 -16.748040 16.333618 5.111253 16.247433 19.383503 15.982488 7.735501 49.055194 110.971670 71.148784 -129.861057 -24.430665 15.894283 -16.326418 
-42.375505 71.422249 123.017347 -157.483425 -64.798342 -162.776630 -8.254691 0.187632 6.714254 47.413221 -1.042706 1.051505 -26.105631 5.592065 9.631318 -0.000000 0.000000 0.000000 -18.516564 5.559920 12.315017 68.232730 3.087514 6.580892 -11.194737 -14.708307 -9.241778 -0.000000 0.000000 0.000000 12.587472 -1.884383 -2.255094 3.456267 -1.255239 3.756735 0.348068 -0.381334 1.931066 -11.933810 -4.138114 0.628413 2.066974 -4.314435 8.449593 -0.000000 0.000000 0.000000 5.218628 -14.892984 -18.031731 6.183437 -11.469233 -39.705614 129.952827 -64.760272 141.966047 -25.465333 -17.673843 14.940392 7.171182 15.634593 17.436111 15.814534 4.722573 49.206557 117.113124 69.679804 -132.575505 -26.706680 17.588529 -13.612657 
-46.005476 73.190022 120.722675 -159.624971 -62.764388 -164.985193 -3.634090 4.153310 7.571683 43.136868 0.265125 2.508858 -23.535836 4.465960 6.623833 -0.000000 0.000000 0.000000 -22.275054 4.830131 11.474427 61.668993 0.197694 7.565295 -11.068573 -15.267789 -9.017140 -0.000000 0.000000 0.000000 12.305032 -3.845972 -1.544525 2.323954 -0.758142 2.831970 0.839619 -0.976425 2.173004 -10.588533 -3.905910 0.087755 2.120633 -2.302719 8.450453 -0.000000 0.000000 0.000000 5.766005 -13.898659 -17.523003 4.706953 -13.070943 -41.317433 133.812134 -62.447077 146.400344 -25.453416 -18.336405 14.686140 8.427871 14.118600 16.175662 16.431968 4.279105 49.904544 120.877438 69.705229 -134.338857 -26.784113 17.919077 -13.348877 
-49.666163 75.086713 118.281627 -163.231690 -60.590055 -167.343344 3.299320 2.448391 5.737463 34.306182 -0.585629 2.039732 -17.621222 8.035763 4.801564 -0.000000 0.000000 0.000000 -24.518679 6.102045 10.606477 51.105987 -1.774218 6.819298 -9.053506 -15.341402 -6.446180 -0.000000 0.000000 0.000000 10.158415 -5.150763 -2.294734 2.963631 -0.561887 2.324761 0.970564 -1.428142 1.971772 -9.915050 -2.971580 -0.147048 1.772803 -1.374060 8.386574 -0.000000 0.000000 0.000000 6.053971 -12.698644 -17.189940 4.976756 -15.553670 -41.862914 136.574229 -61.137761 149.877964 -25.050286 -18.916832 15.019117 8.889211 12.496106 15.863571 17.976052 5.469021 50.212791 121.749260 70.267945 -135.109328 -26.348821 17.344795 -13.670663 
-53.062892 76.468790 115.742111 -163.684947 -54.401535 -166.127963 11.334984 3.284903 2.869813 27.188101 -1.056926 1.004367 -6.557175 11.383146 -0.040709 -0.000000 0.000000 0.000000 -22.890893 7.476402 10.637829 39.482617 -3.101097 2.100470 -5.339520 -13.189321 -2.584874 -0.000000 0.000000 0.000000 13.012670 -5.981524 -4.216863 -0.362698 1.426487 0.185761 2.636667 -0.653878 2.187212 -10.509583 -1.668287 -0.276593 2.765658 -0.745796 8.815206 -0.000000 0.000000 0.000000 5.414985 -10.804069 -16.049847 5.956937 -17.394209 -41.946318 139.526196 -60.459607 152.566307 -25.640056 -19.429675 14.547866 7.990546 10.733383 14.652447 19.063747 6.804876 51.906451 122.063555 70.939229 -134.557146 -26.406305 17.003499 -13.117622 
-57.122028 77.177024 113.040352 -164.803599 -52.494908 -164.829536 16.945074 0.070532 0.164013 20.804136 -2.582537 -0.093762 6.529752 13.955849 -5.015638 -0.000000 0.000000 0.000000 -20.359040 6.878293 8.634255 27.499982 -6.015938 -0.742235 -3.263300 -12.148053 -1.104501 -0.000000 0.000000 0.000000 11.483349 -5.767816 -5.824947 -0.380183 1.069112 -0.837872 3.222025 -0.978599 1.800347 -9.970991 -0.931769 -0.397609 2.950918 -0.861611 9.237734 -0.000000 0.000000 0.000000 5.515826 -9.679438 -15.561661 6.983701 -19.049325 -41.597884 140.957281 -60.611647 153.257170 -26.334829 -19.326329 12.483565 7.892620 8.860063 14.099582 20.252859 7.542069 52.896488 121.587626 71.370615 -133.814329 -25.852805 16.452499 -13.426208 
-61.009198 77.167743 110.175836 -165.394351 -51.293307 -164.182032 17.537717 2.609781 0.671042 23.477299 -2.422091 -0.182577 17.142423 8.234849 -11.357503 -0.000000 0.000000 0.000000 -16.654105 5.495261 8.037245 16.908762 -6.981308 -2.995102 -0.902750 -11.574676 -0.235786 -0.000000 0.000000 0.000000 10.672465 -5.574905 -6.608039 0.019067 0.793062 -1.596955 2.760839 -1.047470 1.660527 -9.053036 -1.364785 -0.895196 2.512747 -0.574318 10.412472 -0.000000 0.000000 0.000000 6.102279 -9.314665 -15.065720 6.825191 -18.737290 -41.742703 141.225121 -60.734504 152.248918 -27.279323 -19.053892 10.428075 8.651926 8.405080 13.102053 20.017592 6.866124 53.993061 123.242490 71.837560 -134.571069 -26.831524 16.344838 -13.006694 
-64.838606 76.444489 107.472813 -166.475185 -49.998565 -163.917969 15.560103 2.955030 0.635317 30.080351 -3.214929 -0.435262 26.085548 4.629861 -14.856866 -0.000000 0.000000 0.000000 -14.098080 4.350744 7.468262 12.364263 -7.406079 -4.180589 -0.223761 -10.055663 0.155836 -0.000000 0.000000 0.000000 10.178613 -4.809222 -7.240651 0.205224 0.672725 -2.041387 2.342022 -1.006375 1.355651 -8.912992 -1.820822 -1.248197 2.474085 -0.945647 10.931624 -0.000000 0.000000 0.000000 6.091429 -9.417097 -15.358412 7.437335 -18.307570 -41.342721 140.682722 -61.285327 151.408119 -26.406886 -18.443111 10.573816 8.676351 8.656486 13.015227 20.005418 6.019521 53.535702 125.645409 71.837177 -136.472333 -27.738143 16.364173 -13.043751 
-68.518621 74.924958 104.791272 -168.108668 -49.054144 -165.184624 11.456780 1.546998 1.972939 38.923954 -2.799340 -2.650376 30.593052 3.623106 -15.361261 -0.000000 0.000000 0.000000 -14.200224 4.729477 8.159566 14.712807 -6.615882 -3.301459 1.880971 -9.619403 -2.140138 -0.000000 0.000000 0.000000 9.189242 -3.998784 -6.882544 0.621716 0.657776 -1.740719 1.994822 -1.061143 1.039944 -9.251971 -2.783649 -1.857141 2.828639 -0.721950 10.593753 -0.000000 0.000000 0.000000 6.041240 -9.676474 -15.696431 7.753747 -17.273078 -41.969253 138.325550 -62.306710 149.372223 -25.386347 -17.328701 11.250905 8.676553 9.506798 12.748202 19.349509 5.645498 51.828624 125.152862 71.193362 -136.355936 -28.177210 15.864042 -12.100109 
-71.869165 72.929609 101.941538 -169.181205 -47.704490 -167.506233 6.791573 1.267839 5.332356 48.848825 -2.863404 -5.326090 23.154306 6.177125 -12.284713 -0.000000 0.000000 0.000000 -15.642885 6.050953 12.003686 23.839652 -2.914516 -2.697970 -9.676026 -12.868026 -11.121444 -0.000000 0.000000 0.000000 8.592738 -3.361327 -5.549644 1.842587 1.260240 -0.843415 1.057706 -0.678024 0.810624 -10.203452 -3.751085 -2.314056 3.280082 -0.626224 9.682294 -0.000000 0.000000 0.000000 5.754799 -10.750652 -16.579965 7.729249 -14.510784 -42.672330 134.527153 -62.978961 145.805500 -26.167600 -15.936200 11.606824 9.187654 12.097436 12.828525 17.787144 3.813182 49.949932 123.186048 69.693653 -136.399936 -29.853553 15.127162 -9.499529 
-74.895054 71.336687 99.213231 -171.404624 -47.504138 -170.455664 -0.322596 -2.869462 6.910167 58.324105 -2.983582 -8.471133 11.110784 9.767398 -5.769439 -0.000000 0.000000 0.000000 -20.896968 9.685692 14.838533 35.556231 -2.251665 0.099225 -16.939912 -17.005361 -14.695106 -0.000000 0.000000 0.000000 7.444640 -2.957287 -4.599944 1.419005 1.685969 0.576818 2.285514 -0.705738 0.152855 -13.138777 -3.721545 -0.637408 4.834531 -1.764744 7.375348 -0.000000 0.000000 0.000000 5.671642 -10.533836 -18.515475 8.427581 -14.016012 -42.141743 129.650354 -64.814635 142.181251 -25.429894 -14.734136 11.448090 8.213100 12.752337 15.095079 16.267763 5.342860 45.780006 118.201210 69.819336 -135.250018 -31.905022 14.075955 -6.754496 
-77.938026 70.694435 96.643537 -171.481234 -45.345614 -170.673928 -6.396821 -4.030766 5.533768 64.310817 -3.491346 -9.097397 0.858884 11.737122 1.091611 -0.000000 0.000000 0.000000 -18.151195 7.294163 13.495561 39.772528 -0.133351 1.293616 -22.945014 -13.391440 -16.116273 -0.000000 0.000000 0.000000 8.105744 -1.147952 -3.896122 2.923621 1.082084 0.524251 1.812589 -0.041101 -0.216277 -15.305771 -3.939558 -0.679520 3.155217 -2.435695 7.278129 -0.000000 0.000000 0.000000 5.388747 -10.825509 -18.744797 8.837761 -10.955128 -43.386711 126.811408 -64.357303 139.863920 -26.391634 -13.516690 11.475380 7.950516 14.434374 14.625937 12.238452 4.778682 44.903214 117.938462 68.720316 -136.838360 -33.359543 13.254509 -3.575534 
-81.024384 70.857960 93.676966 -170.001330 -46.688757 -169.743631 -12.590801 -5.564079 3.944898 66.639971 -3.627236 -7.033503 -7.966827 13.038203 6.340203 -0.000000 0.000000 0.000000 -11.954308 2.868989 11.605047 39.213717 0.961073 1.572688 -26.703439 -10.210810 -16.192157 -0.000000 0.000000 0.000000 8.468094 1.007852 -3.856291 3.278952 -1.108743 0.905179 2.018065 -0.303435 -0.001861 -15.333629 -4.781674 -0.746726 2.548791 -3.830350 7.737327 -0.000000 0.000000 0.000000 6.009006 -11.170096 -18.156790 9.458944 -8.310454 -44.102466 126.879701 -63.409927 139.826769 -30.176864 -14.056184 9.336070 7.481155 14.857528 14.295233 10.047718 3.841618 45.216652 120.570787 67.605549 -140.461769 -33.934745 13.572409 -2.632665 
-84.122252 71.777332 90.623164 -169.510782 -46.889973 -169.210925 -17.851340 -7.390519 1.794900 63.356588 -2.941955 -5.800998 -12.053955 12.820263 8.962024 -0.000000 0.000000 0.000000 -5.618535 0.903612 10.600446 36.016356 2.225483 1.011457 -27.435858 -8.858118 -14.928511 -0.000000 0.000000 0.000000 7.887015 3.357809 -4.904435 2.986211 -2.239097 1.040386 2.663916 -0.234518 0.055751 -14.767978 -5.563638 -0.437113 2.891815 -5.609197 8.081412 -0.000000 0.000000 0.000000 6.397039 -9.880247 -17.588301 10.734201 -7.670617 -44.208786 129.677262 -62.854309 141.401795 -31.989542 -13.924278 9.454973 7.014917 13.923648 14.812298 9.543011 4.025195 44.944010 123.133298 66.965648 -143.244119 -34.545941 13.424249 -1.643435 
-87.278837 73.049819 87.500924 -169.373061 -45.752109 -168.534288 -21.131530 -8.501565 -0.664946 55.325708 -1.919704 -4.030943 -12.493184 11.908091 9.023627 -0.000000 0.000000 0.000000 0.845578 0.834803 9.576844 31.887234 3.782796 0.031732 -25.267519 -8.714846 -12.588872 -0.000000 0.000000 0.000000 7.228439 5.121336 -6.393878 2.144016 -2.391200 0.447795 3.404270 0.300454 -0.109387 -13.523713 -6.393793 -0.146273 3.621165 -7.217153 8.806161 -0.000000 0.000000 0.000000 6.881990 -8.132095 -16.608721 11.874693 -7.172568 -44.527880 130.163077 -62.495577 141.382390 -31.689055 -14.371592 9.429034 6.821259 12.848324 14.679714 9.902855 4.670264 45.837978 123.956741 66.692246 -143.616942 -33.731732 13.440646 -1.919464 
-90.423244 74.295729 84.155214 -169.359294 -43.956336 -167.682512 -21.803381 -10.307758 -2.808696 42.963687 -1.018676 -2.246459 -10.840277 12.097344 8.433055 -0.000000 0.000000 0.000000 6.466686 1.237278 8.036217 29.026965 4.672978 -0.825327 -19.473054 -9.033670 -8.838143 -0.000000 0.000000 0.000000 6.287460 6.769043 -8.173478 1.987880 -2.184258 -0.358165 3.752539 0.756272 -0.277159 -11.956975 -7.097960 0.301280 4.107463 -8.525634 9.577392 -0.000000 0.000000 0.000000 7.473651 -6.428748 -15.954929 12.963953 -6.585349 -44.433222 130.180565 -62.446263 141.957609 -31.060163 -14.491237 8.946186 6.594977 11.988566 14.735214 10.834269 5.825611 46.867900 124.858980 67.337778 -143.620837 -34.530594 13.563061 -1.735821 
-93.643928 75.119466 80.743724 -169.222271 -42.075771 -167.379871 -20.138492 -12.875362 -3.804060 28.313790 -0.880091 -0.072117 -9.205316 12.631200 7.598413 -0.000000 0.000000 0.000000 11.117811 1.147120 6.689495 27.686781 5.045566 -1.231237 -10.553346 -8.766435 -3.871189 -0.000000 0.000000 0.000000 5.631659 8.195732 -8.652067 1.651587 -2.068575 -0.862427 4.353292 1.052304 -0.625364 -11.064954 -7.342481 0.673284 5.204204 -9.844688 9.808853 -0.000000 0.000000 0.000000 7.397779 -4.395116 -15.130167 12.015479 -7.354699 -44.787901 124.922762 -63.367811 136.856094 -31.947278 -17.346583 5.940802 6.107731 10.495350 14.282361 11.777996 7.519310 47.678394 122.308360 67.884678 -139.700644 -34.737938 14.504962 -2.514645 
-96.851856 75.430858 77.179873 -169.320128 -39.449721 -168.196525 -17.023157 -13.944124 -2.625768 14.964570 -1.274572 1.704867 -7.605577 12.968847 5.798437 -0.000000 0.000000 0.000000 14.440069 -0.186436 5.703545 28.269562 5.456410 -1.605153 -0.720393 -6.834495 0.849362 -0.000000 0.000000 0.000000 4.611006 9.352936 -8.116785 2.195527 -1.905473 -1.195747 4.118714 1.365178 -0.339773 -9.117998 -8.235470 0.447165 4.459921 -9.368697 10.500627 -0.000000 0.000000 0.000000 7.922290 -3.944949 -15.188416 13.761504 -5.656986 -46.002291 128.768377 -64.409415 140.897213 -30.705588 -14.775540 8.265588 6.324694 10.580061 13.613984 12.235800 7.509725 48.121540 125.935891 68.977216 -141.749626 -32.812674 13.937011 -4.495117 
-100.100458 75.196797 73.518014 -168.941265 -36.740109 -168.949474 -13.832928 -13.091379 -1.050924 7.042239 -1.615330 3.191474 -7.247809 11.522873 4.151995 -0.000000 0.000000 0.000000 15.887695 -1.944049 4.745244 32.481121 4.831753 -2.206082 8.024207 -4.045119 5.425795 -0.000000 0.000000 0.000000 4.162045 9.869834 -7.249545 2.654866 -1.706092 -1.108924 3.522662 1.681636 -0.117583 -7.334395 -8.610563 0.488502 4.052269 -8.991749 10.790058 -0.000000 0.000000 0.000000 7.988859 -4.166305 -15.124952 13.658839 -4.945041 -46.480001 128.211762 -65.817862 140.239202 -30.425786 -14.965075 8.234165 6.415656 10.584212 13.180708 12.766959 6.948104 48.563981 128.534410 69.643181 -143.430283 -31.898458 14.196457 -5.771613 
-103.416061 74.430358 69.917828 -168.346897 -34.282835 -169.181866 -11.567925 -12.255239 -0.652625 5.057780 -2.188410 4.106526 -7.482371 11.287043 5.510214 -0.000000 0.000000 0.000000 14.526721 -2.310579 3.752240 40.530011 3.700444 -2.816413 17.189180 -3.240924 8.626558 -0.000000 0.000000 0.000000 4.466223 9.161522 -6.719607 2.301175 -1.391400 -0.809745 3.196495 1.773757 -0.007727 -6.463059 -9.194135 0.733963 4.415253 -7.757461 10.730517 -0.000000 0.000000 0.000000 7.847540 -4.462517 -15.706081 13.173517 -4.418941 -45.390250 128.454672 -66.531349 140.262600 -29.858053 -14.874130 7.715971 5.988363 10.406105 13.365122 13.781928 6.863819 48.602102 130.209315 69.810769 -145.441941 -30.322567 14.240698 -7.214033 
-106.600142 73.114681 66.628373 -168.105407 -32.009101 -168.522954 -11.486244 -13.508775 -1.898754 9.306970 -3.120427 3.287048 -3.698080 11.982235 4.876045 -0.000000 0.000000 0.000000 10.331559 -1.160435 1.524965 51.249681 0.828598 -1.594064 24.082549 -5.587138 10.392152 -0.000000 0.000000 0.000000 5.236433 7.980163 -7.480630 2.803515 -1.287309 -0.112767 2.271900 1.614106 -0.198388 -7.168321 -9.201302 1.222922 4.239601 -6.896442 10.660926 -0.000000 0.000000 0.000000 7.518606 -5.293415 -16.291127 12.563043 -5.044215 -43.372525 128.918382 -66.744728 141.040066 -29.493145 -14.953556 8.045496 5.155347 10.279105 14.198892 14.902026 7.246576 48.541281 129.167399 69.286749 -146.793275 -28.653783 13.976717 -7.927530 
-109.547770 71.229661 63.682878 -168.256057 -29.450380 -167.424757 -15.392431 -13.823605 -3.717929 24.019248 -2.576749 -0.721283 -10.411973 12.709104 9.428504 -0.000000 0.000000 0.000000 4.079879 0.543226 -1.199152 64.357360 -1.167683 0.230721 14.989155 -13.404240 5.828664 -0.000000 0.000000 0.000000 6.347598 6.662908 -8.818058 3.199157 -1.459013 0.702247 1.654466 1.469173 -0.655652 -9.346729 -8.431233 1.609392 3.920995 -6.831148 9.991127 -0.000000 0.000000 0.000000 7.023907 -7.388807 -17.024037 11.440447 -5.488916 -40.532447 129.857636 -66.356705 142.245586 -29.909926 -15.312476 8.606813 4.943101 11.158263 15.565736 15.320628 6.934906 48.289548 127.185022 68.107633 -148.405613 -28.248675 13.466234 -8.656134 
-111.578107 69.719750 61.053967 -168.996188 -27.891696 -166.939754 -20.596170 -14.348577 -4.503041 37.915079 -1.656300 -5.494190 -15.403781 12.380051 12.613467 -0.000000 0.000000 0.000000 -4.679793 3.040109 -1.385879 75.734113 0.021946 1.852117 4.797754 -16.293203 -1.657938 -0.000000 0.000000 0.000000 7.778263 5.273318 -10.422919 2.029164 -2.078000 1.553626 2.753485 1.142697 -1.173131 -13.164729 -6.318447 3.025134 5.345271 -8.743617 9.596735 -0.000000 0.000000 0.000000 5.693264 -10.444483 -18.234998 10.564438 -7.563456 -36.036344 129.085400 -67.282832 142.578472 -29.267015 -16.032864 8.553344 4.432280 12.107321 18.434834 14.794934 7.287115 48.018061 117.743002 67.913604 -143.503119 -27.812913 12.488681 -7.833029 
-113.112414 69.145006 58.276707 -166.841264 -26.045473 -166.403474 -16.793504 -11.355187 -3.598628 42.395722 -3.142221 -5.159014 -21.401993 11.593281 14.429000 -0.000000 0.000000 0.000000 -10.033934 3.591539 0.172052 80.595241 0.839499 2.911200 -3.300998 -14.684664 -5.423060 -0.000000 0.000000 0.000000 11.618382 3.279930 -10.889892 3.462967 -2.431911 2.127732 1.159757 0.507976 -0.606280 -15.182927 -3.943209 3.307939 3.890148 -9.472616 9.201057 -0.000000 0.000000 0.000000 4.355166 -13.389967 -17.280270 8.604406 -8.767952 -34.673770 127.840261 -65.930633 141.535105 -27.559844 -15.572121 9.601125 3.876696 13.646190 18.794934 13.981782 6.510642 50.213936 113.200313 68.540279 -141.044781 -27.768704 12.334465 -9.205698 
-114.581215 69.153845 55.526346 -166.472264 -22.281747 -167.278453 -12.123342 -8.534105 -2.097808 43.189952 -2.952952 -5.110742 -25.334353 11.622463 14.800404 -0.000000 0.000000 0.000000 -16.112732 4.415157 2.191829 80.409716 1.435982 3.361935 -10.020192 -12.379014 -6.853930 -0.000000 0.000000 0.000000 13.524479 1.064483 -10.136196 3.275630 -1.984279 2.114525 1.138420 0.384477 -0.348368 -16.080860 -1.724238 2.859211 3.549104 -9.262468 8.836523 -0.000000 0.000000 0.000000 3.292553 -13.856494 -16.375009 7.482747 -10.515460 -34.887639 132.228743 -64.818966 146.107176 -29.848001 -16.134414 7.897819 4.116258 13.762635 18.408559 13.880638 6.153911 50.594566 114.510964 68.975548 -141.875252 -28.790942 12.652031 -9.615662 
-115.833902 69.667000 52.563620 -167.361067 -19.742191 -169.455821 -7.794964 -5.940162 -0.341014 41.049424 -2.964372 -4.130468 -26.713872 12.095246 13.937525 -0.000000 0.000000 0.000000 -21.689379 4.224218 4.739520 74.791315 0.186212 4.822122 -14.024827 -12.796486 -8.309917 -0.000000 0.000000 0.000000 13.500525 -1.068740 -8.135528 2.726500 -1.807203 2.077915 1.257918 -0.157167 -0.004993 -15.478460 -0.903777 1.997842 2.992159 -7.360020 8.466733 -0.000000 0.000000 0.000000 3.438613 -13.648511 -16.293221 6.500129 -11.869930 -35.613974 135.548984 -63.137603 149.439517 -31.398028 -16.563441 6.551918 5.407139 13.002494 17.368253 14.339490 5.219894 50.348556 116.116786 68.752269 -141.249571 -28.737814 13.371350 -10.050521 
-116.889024 70.731008 49.352166 -168.028345 -17.993234 -171.106930 -2.269888 -3.527105 0.810997 35.625681 -3.332925 -2.858339 -25.133530 12.898708 11.573489 -0.000000 0.000000 0.000000 -24.238154 3.683883 6.185464 64.339232 -1.860195 5.992139 -14.382918 -13.168456 -7.471160 -0.000000 0.000000 0.000000 13.135008 -2.866454 -5.923685 2.961082 -2.106197 1.901049 1.197823 -1.034009 0.362152 -14.566252 -0.786697 0.763006 2.304499 -5.065450 8.267663 -0.000000 0.000000 0.000000 3.722341 -13.269551 -16.715693 5.812478 -13.027695 -37.081273 136.451000 -62.139414 150.245234 -30.259135 -16.387842 7.138732 6.452116 12.175268 16.394922 15.164809 4.446169 50.159954 118.774894 69.514467 -141.759054 -30.296064 13.290832 -9.802811 
-117.705560 72.116375 45.602390 -167.912158 -14.580577 -171.908891 4.466720 -1.480749 0.990889 29.849120 -2.631898 -1.699257 -19.834518 14.131467 7.352208 -0.000000 0.000000 0.000000 -23.038623 4.066938 7.814453 50.782462 -3.599524 5.338512 -12.446917 -12.397540 -5.600253 -0.000000 0.000000 0.000000 13.089429 -4.290721 -4.241156 3.699977 -2.053484 1.196237 0.997314 -1.356859 0.483461 -13.155606 -0.442736 -0.465167 2.024721 -2.702388 8.047339 -0.000000 0.000000 0.000000 3.833719 -12.693528 -17.057153 5.911919 -13.959038 -39.272909 135.691374 -62.389769 149.649715 -28.730963 -16.566455 8.798279 7.003806 11.469885 15.185201 15.895064 4.282438 50.787761 119.689980 70.390865 -140.941171 -30.713631 13.166979 -9.658621 
-118.356419 73.468977 41.397408 -167.794158 -10.826513 -171.423704 8.262880 -0.956727 0.660672 28.642776 -1.977629 -1.935168 -10.180211 14.607749 0.865210 -0.000000 0.000000 0.000000 -20.039617 4.306117 8.516577 37.052668 -5.876025 3.817573 -9.367181 -12.497564 -4.073273 -0.000000 0.000000 0.000000 12.876231 -4.904193 -3.761648 3.884404 -2.133036 0.514327 1.249281 -1.504543 0.528869 -11.980590 -0.246061 -1.719476 1.583223 -0.874827 8.206837 -0.000000 0.000000 0.000000 4.104764 -11.986877 -17.163997 5.685860 -15.156175 -41.558881 134.442633 -63.711794 148.344668 -28.257029 -16.454559 9.834229 7.318097 10.245566 14.221716 16.450218 4.325935 51.762496 119.605777 70.963359 -139.799212 -30.735885 13.027139 -9.950114 
-118.677938 74.461240 36.929151 -167.956821 -6.831748 -170.130870 8.729377 0.766092 2.029718 32.318813 -1.495905 -4.364292 1.905639 9.699961 -7.180771 -0.000000 0.000000 0.000000 -16.397538 3.012653 9.168867 25.359645 -8.134229 1.015851 -5.121853 -12.286131 -3.042894 -0.000000 0.000000 0.000000 12.348487 -4.507983 -4.464145 3.800118 -2.202448 -0.168646 1.377543 -1.502823 0.589344 -10.563042 -0.328392 -2.761762 1.121924 0.291237 9.307182 -0.000000 0.000000 0.000000 4.627751 -11.578487 -17.056650 5.222755 -15.631376 -43.132600 132.498310 -65.009888 145.807993 -27.625741 -16.076762 10.727694 8.074538 9.557099 13.579349 16.719430 3.884545 53.226301 119.203906 71.548501 -138.892149 -32.411482 12.720624 -9.525488 
-118.869221 74.775434 32.572475 -168.087101 -2.746666 -168.482655 6.354079 2.964796 3.869493 40.277492 -2.898136 -5.789913 15.400682 1.226480 -16.433197 -0.000000 0.000000 0.000000 -12.434246 0.729694 9.514151 17.604334 -9.326090 -1.500078 -0.660420 -9.372342 -1.509411 -0.000000 0.000000 0.000000 12.696979 -3.679216 -5.437030 3.761986 -2.383270 -0.841001 0.655875 -1.434979 0.616246 -9.319661 -0.050456 -3.796148 0.589290 0.661155 10.324036 -0.000000 0.000000 0.000000 4.543418 -11.159018 -17.055806 5.331435 -15.090535 -44.073402 131.019542 -65.397278 143.651893 -26.150887 -15.633656 11.916911 8.348430 9.118934 13.163802 16.600771 2.618433 53.656954 121.597940 71.861776 -139.390085 -32.143295 13.312349 -11.647627 
-119.160151 74.031055 28.647092 -169.042444 0.459600 -166.699309 1.630802 1.451762 4.458240 49.830506 -6.441848 -7.973036 25.471348 -5.873307 -16.914376 -0.000000 0.000000 0.000000 -10.513707 -0.174555 9.028927 15.617956 -9.890731 -1.842357 4.318041 -9.329873 -3.339565 -0.000000 0.000000 0.000000 12.429594 -2.901766 -6.304186 3.749896 -2.697085 -1.010988 0.389700 -1.590133 0.393227 -9.593895 -0.803660 -4.967573 0.399959 1.528027 10.787688 -0.000000 0.000000 0.000000 4.775411 -11.140337 -17.452474 5.559381 -14.773971 -43.996710 131.415758 -64.867753 144.740923 -25.723935 -15.038621 12.097228 8.515924 9.133623 12.865280 16.451284 1.842623 52.926659 122.639967 70.932413 -140.859503 -32.264294 13.193427 -10.573704 
-119.427741 72.336257 25.016832 -170.186047 3.531104 -165.836378 -4.181636 -0.313280 5.876470 61.211044 -7.293684 -10.575491 22.222729 -3.432164 -14.176947 -0.000000 0.000000 0.000000 -9.596186 0.596043 9.706071 19.697467 -6.188714 -1.284802 -5.629853 -10.178643 -11.892562 -0.000000 0.000000 0.000000 11.906464 -1.945221 -6.270111 4.063949 -2.953072 -0.885820 0.530318 -1.562099 -0.107086 -11.065808 -0.940594 -5.557005 0.662966 1.260325 10.305284 -0.000000 0.000000 0.000000 4.475975 -11.802232 -17.942013 5.747357 -13.450047 -43.207547 132.014334 -63.511282 146.212551 -27.409694 -14.609594 11.269416 8.839445 10.288646 12.927817 15.079782 0.642380 51.132969 122.050687 69.384300 -141.862659 -32.803789 12.895919 -9.977229 
-119.453394 70.292312 21.752357 -172.002338 5.879862 -166.178872 -11.648139 -3.227772 8.139239 71.188119 -6.127214 -12.345896 18.540305 0.932596 -11.225516 -0.000000 0.000000 0.000000 -11.934306 3.908872 12.648126 26.463110 -3.120732 -1.487316 -16.554215 -14.374671 -19.815019 -0.000000 0.000000 0.000000 11.240247 -1.394679 -5.688669 3.600783 -2.520764 -0.199607 0.535880 -1.565302 -0.700187 -12.758821 -1.523406 -5.315041 1.500119 0.878702 8.915508 -0.000000 0.000000 0.000000 4.425529 -12.246773 -19.328556 6.008824 -12.355820 -40.806440 130.113835 -62.522509 144.948914 -27.413456 -13.866545 11.109093 8.443207 11.873779 14.577265 13.678989 0.495923 47.767512 117.058944 68.782530 -140.140286 -31.952662 12.326004 -9.717115 
-119.220877 69.139785 18.867205 -174.383261 8.683704 -166.547811 -19.666693 -7.006132 7.539228 76.141196 -6.569610 -12.308072 13.411978 4.326682 -5.984131 -0.000000 0.000000 0.000000 -16.353439 6.290092 14.217972 34.928279 -2.091934 0.358199 -21.940250 -15.843965 -22.814373 -0.000000 0.000000 0.000000 10.349032 -0.838031 -5.977972 3.526721 -2.133383 0.531442 0.821565 -1.438001 -1.229892 -15.703776 -0.771126 -4.192844 2.039150 -0.906881 7.322442 -0.000000 0.000000 0.000000 4.369974 -12.049199 -20.429123 6.361697 -11.340218 -38.683152 125.697143 -63.160255 141.372690 -27.570481 -12.550526 9.479792 7.671553 13.706260 16.833448 10.143129 3.328565 43.162557 108.685149 69.270055 -134.606218 -30.340944 12.069169 -11.157873 
-118.700647 69.158983 15.962794 -176.011938 13.498069 -165.156400 -24.268354 -9.393299 3.523000 73.773501 -8.399494 -12.918556 3.601601 10.306265 2.639026 -0.000000 0.000000 0.000000 -14.893695 3.444885 11.422379 37.907772 1.109468 0.320395 -24.712212 -11.335911 -21.410505 -0.000000 0.000000 0.000000 10.246469 1.010104 -8.393764 3.609191 -2.490921 0.153875 0.938664 -0.575237 -1.341078 -17.127069 -0.257360 -4.117496 1.397570 -2.966382 6.941678 -0.000000 0.000000 0.000000 3.843386 -12.212905 -19.631787 7.875913 -9.028915 -37.839646 124.012290 -64.832943 139.254219 -28.709896 -11.505789 10.573897 6.351188 16.052504 16.668200 5.925019 6.501393 41.480193 108.058611 68.992559 -134.690120 -28.294449 11.971607 -12.337267 
-117.557240 70.042390 12.844357 -178.561626 17.399200 -162.396136 -28.363276 -13.088846 -2.200849 65.610191 -8.473306 -13.980851 -4.767209 13.594549 8.388980 -0.000000 0.000000 0.000000 -14.380261 -0.700141 6.686404 40.140093 1.700052 -0.469848 -23.949438 -4.365359 -15.756684 -0.000000 0.000000 0.000000 8.769972 3.857636 -12.238572 2.424763 -3.047833 -0.567233 2.384980 -0.059654 -1.674756 -17.829128 1.562998 -2.461183 2.461368 -7.579658 6.328863 -0.000000 0.000000 0.000000 3.244187 -10.448013 -17.850579 10.110078 -8.293827 -37.506729 123.946183 -65.796643 138.790874 -28.801824 -11.566344 9.692855 4.631125 15.881845 17.404637 2.936238 10.977860 40.543281 109.847117 67.499633 -136.048255 -26.403117 12.461715 -12.565559 
-115.488803 71.482122 9.540327 179.252214 21.741695 -161.267906 -31.053936 -13.163350 -4.834589 56.890443 -7.205012 -11.663816 -7.978966 11.957410 8.311228 -0.000000 0.000000 0.000000 -11.937852 -4.660622 4.443398 39.083064 2.105501 -2.442655 -19.808342 2.445568 -10.096557 -0.000000 0.000000 0.000000 7.707084 6.648448 -14.421916 1.434006 -2.755932 -1.893137 3.252377 1.041219 -1.765940 -17.511783 2.382420 -1.510281 2.788872 -11.481303 6.851669 -0.000000 0.000000 0.000000 2.930128 -8.949394 -15.886028 11.928935 -6.869957 -38.300531 125.673746 -66.239750 139.951639 -29.114061 -12.042232 8.120896 4.048003 16.257588 16.631628 0.274768 13.666190 42.039319 114.720035 66.308583 -139.186794 -26.734424 13.064640 -12.528644 
-113.044596 73.280680 6.308915 176.662698 25.595439 -160.471556 -32.073838 -15.950925 -6.842395 44.011905 -5.572967 -10.614798 -8.126714 13.339662 8.996157 -0.000000 0.000000 0.000000 -7.583118 -3.332506 3.888849 32.683574 4.876788 -2.975843 -12.391232 3.048654 -6.216136 -0.000000 0.000000 0.000000 6.206682 9.036521 -15.529713 2.250239 -1.856419 -2.847651 2.999854 2.118048 -2.229181 -18.359025 1.553794 -1.251376 2.842890 -13.419833 7.477138 -0.000000 0.000000 0.000000 2.918092 -7.579915 -15.096581 13.166497 -6.526884 -38.822228 124.682631 -66.707415 139.347831 -28.640050 -12.435478 7.935790 3.768721 16.829077 15.948646 -0.118283 16.584273 43.266132 117.080186 65.216474 -141.368736 -27.887604 13.330730 -11.727551 
-110.399926 74.815398 2.915850 175.627809 29.587999 -161.583858 -30.214840 -16.908246 -6.641759 31.264544 -2.326939 -8.357067 -5.832446 13.611457 6.527592 -0.000000 0.000000 0.000000 -2.228726 -2.569412 4.218643 26.808842 6.549622 -2.914745 -1.373669 4.568671 -1.015001 -0.000000 0.000000 0.000000 6.531248 11.002516 -15.121571 2.565970 -0.846153 -3.848305 2.692676 2.958462 -2.267887 -19.406565 0.222024 -1.042218 2.790110 -14.211761 8.187854 -0.000000 0.000000 0.000000 2.903592 -6.568022 -15.050660 13.843264 -6.038259 -40.234622 123.240224 -67.302832 138.800190 -27.500258 -12.228639 7.442878 3.634700 17.267323 15.240394 0.453093 18.120651 43.969693 120.638629 64.751653 -143.372041 -29.008081 13.906785 -11.496135 
-107.821357 75.578207 -0.518813 175.208933 32.809666 -164.425788 -27.505282 -16.315195 -4.566193 20.141221 -0.165941 -5.123414 -3.666558 10.445191 0.877549 -0.000000 0.000000 0.000000 2.930479 -1.748981 5.252523 21.617070 8.535419 -1.067808 9.052710 6.107523 4.100303 -0.000000 0.000000 0.000000 6.851642 11.860522 -13.357190 2.177760 -0.344692 -4.145469 2.569176 3.377176 -2.033727 -19.993256 -0.459922 -0.489077 2.670374 -14.341241 8.720444 -0.000000 0.000000 0.000000 3.142328 -5.035258 -14.723083 13.890733 -5.815403 -42.526695 123.268485 -67.850501 138.686869 -27.415511 -13.570077 8.848846 3.579015 16.790434 14.519843 0.821039 20.112416 44.732147 123.349526 65.350451 -142.756428 -24.217540 15.744992 -20.067650 
-105.579996 75.441819 -4.130341 175.118382 35.468984 -166.856602 -25.605225 -14.781228 -3.899987 13.221437 0.063714 -1.436063 -2.259505 6.132022 -2.534937 -0.000000 0.000000 0.000000 4.968008 -2.267468 5.802334 23.362740 8.479475 -0.217556 15.211280 8.100626 9.578251 -0.000000 0.000000 0.000000 6.661651 12.339528 -11.915453 2.467479 -0.097084 -3.547458 1.808080 3.481856 -1.506283 -19.546792 -1.598276 -0.494622 2.416697 -13.400897 8.916828 -0.000000 0.000000 0.000000 3.526810 -5.136255 -14.812379 13.883092 -6.202910 -44.335829 123.544957 -67.588846 139.653893 -27.127225 -13.785517 7.840825 3.400280 16.349550 14.778510 2.898860 18.187547 45.056451 127.399886 65.783928 -145.819140 -28.305283 15.294419 -11.267238 
-103.458822 74.493688 -7.920408 176.581467 38.017053 -169.255892 -22.960982 -14.341214 -5.217590 10.143350 -0.781088 1.459495 -1.107409 7.159626 -1.708055 -0.000000 0.000000 0.000000 4.923372 -2.980055 5.337829 32.647711 3.254143 0.249424 18.545554 4.507678 12.000269 -0.000000 0.000000 0.000000 7.843703 11.586057 -10.762146 1.907922 0.176274 -2.989170 1.542716 3.342226 -1.145487 -19.061864 -2.640589 -0.281109 2.453441 -12.079808 8.774806 -0.000000 0.000000 0.000000 3.532034 -5.641402 -15.749140 13.680287 -6.882216 -43.541443 126.557988 -66.745489 142.204917 -27.026682 -14.035860 7.863935 2.635767 15.990586 15.815725 5.722920 16.777377 45.044102 129.776818 66.822541 -148.092705 -28.161184 15.701752 -11.221269 
-101.369321 72.883129 -11.467528 177.515829 40.684331 -170.909222 -22.539585 -15.394494 -7.219974 14.677958 -4.476200 2.117020 0.905094 7.987516 4.028383 -0.000000 0.000000 0.000000 2.268008 -2.054151 4.042574 45.138669 -2.508789 2.192435 16.465234 -7.197171 8.176139 -0.000000 0.000000 0.000000 8.347614 9.788591 -9.927672 1.981914 0.616037 -1.984908 1.125056 3.172913 -0.985382 -18.839279 -4.027311 -0.256972 2.622251 -9.510459 8.525525 -0.000000 0.000000 0.000000 3.718575 -6.789677 -16.924839 12.722028 -7.850264 -41.093577 129.141011 -65.454294 144.028102 -28.018352 -14.079000 8.051827 2.595643 16.673723 16.633303 8.275473 15.471498 45.079001 128.506078 67.337646 -149.119833 -28.946289 15.812091 -10.284833 
-99.193954 70.931906 -14.745031 177.689524 44.007071 -171.555461 -26.185436 -16.186710 -8.836251 31.099572 -2.936010 0.784387 -13.484764 11.232827 10.504027 -0.000000 0.000000 0.000000 -3.165237 -0.438173 2.437577 59.011445 -3.595845 3.088932 11.578636 -13.847467 4.615006 -0.000000 0.000000 0.000000 9.075235 8.603488 -9.810262 1.279568 0.446872 -0.634546 1.113732 3.048955 -1.060917 -18.944137 -3.843291 0.239499 2.288558 -8.188782 7.548672 -0.000000 0.000000 0.000000 3.338779 -8.946502 -18.271982 11.992514 -8.647893 -37.825187 132.525734 -64.806990 146.745197 -28.875483 -14.352399 7.332771 2.404174 16.622937 18.786245 10.523418 13.959566 43.953683 128.233886 67.325468 -151.068262 -30.372454 15.271470 -9.499963 
-96.747041 69.549346 -17.334792 177.967130 45.721138 -172.010942 -26.946808 -16.346171 -7.903148 40.034883 -1.718304 -3.235594 -20.152182 10.510016 14.035699 -0.000000 0.000000 0.000000 -10.319307 1.255353 1.938942 70.553151 -0.993163 4.649860 4.169394 -14.008486 -1.265228 -0.000000 0.000000 0.000000 9.929108 7.144660 -10.261117 1.218740 -0.334564 0.633773 1.862722 2.507183 -0.924890 -20.684113 -1.655821 1.036941 1.843864 -9.083063 7.184674 -0.000000 0.000000 0.000000 2.571210 -12.510701 -17.531010 10.554237 -10.897661 -36.093457 133.249786 -64.032311 148.173081 -27.959350 -14.084269 8.796192 2.793626 17.199174 19.519945 10.518253 12.876822 45.326510 123.139412 67.104459 -148.755490 -30.338102 14.309397 -10.789010 
-93.757874 69.048887 -19.873339 -179.310733 48.259688 -174.834223 -20.900279 -11.896414 -5.209820 42.261855 -3.963423 -3.018977 -25.632751 9.378485 15.777216 -0.000000 0.000000 0.000000 -15.278875 1.320511 1.966980 76.845318 0.934558 5.304902 -2.957293 -11.337022 -3.676459 -0.000000 0.000000 0.000000 12.093635 4.834653 -10.022508 1.905008 -0.345655 1.223292 1.221333 2.078872 -0.185583 -20.896826 0.438260 1.134629 1.140205 -8.630438 6.985997 -0.000000 0.000000 0.000000 1.659831 -14.641645 -16.302609 8.392145 -12.666406 -36.706279 135.247023 -61.481873 150.654301 -27.121228 -14.340713 10.951364 3.028441 17.760548 19.168378 10.927458 10.981047 47.537627 124.490911 66.739919 -150.431769 -30.900870 14.253612 -11.645243 
-90.558755 69.450116 -22.272289 -178.333688 51.919620 -176.913252 -15.015069 -8.877972 -2.462992 41.494866 -3.717985 -2.968885 -27.758673 9.342326 15.999150 -0.000000 0.000000 0.000000 -21.267840 2.019808 2.621099 78.076832 1.556092 6.711857 -9.537813 -9.106090 -4.902698 -0.000000 0.000000 0.000000 12.472038 2.680951 -8.619791 1.796031 0.243733 1.415865 1.002715 1.892990 -0.013337 -19.797801 2.144234 0.870411 1.200105 -7.615956 6.548904 -0.000000 0.000000 0.000000 1.037491 -14.882908 -16.047085 6.426964 -15.548584 -38.157625 138.608578 -59.293478 155.056591 -29.767829 -15.316979 10.176483 4.023670 17.004866 18.883060 11.405693 9.865550 48.130296 127.211630 66.035918 -151.627914 -32.811156 15.262667 -10.578264 
-86.894530 70.641947 -24.477388 -177.778423 55.112388 -179.130817 -8.433857 -6.249629 0.155991 37.542941 -3.095331 -2.100488 -26.669484 10.017254 14.376836 -0.000000 0.000000 0.000000 -25.789132 2.017277 4.365995 73.749435 -0.366436 8.231446 -13.180251 -9.441753 -6.296885 -0.000000 0.000000 0.000000 12.268613 0.714956 -6.482432 1.475903 0.755319 1.241271 1.065941 1.373635 0.246905 -18.657958 2.904324 0.286264 1.398483 -5.558391 6.039540 -0.000000 0.000000 0.000000 0.918100 -14.290219 -16.204115 4.610897 -17.775914 -40.157705 140.051653 -56.807073 157.138092 -30.622586 -16.585946 9.846320 5.244666 16.065469 17.879297 12.310114 9.289176 48.991094 129.452713 65.584457 -151.931707 -34.212636 15.640225 -9.769829 
-82.875723 72.395474 -26.494294 -177.054727 59.079234 178.854710 -1.264368 -4.819053 1.545416 31.479265 -2.140593 -1.120472 -21.341083 12.045578 10.618659 -0.000000 0.000000 0.000000 -27.952945 2.464204 6.373046 64.623200 -3.374773 8.771487 -14.014464 -9.696723 -5.920516 -0.000000 0.000000 0.000000 11.819075 -0.935262 -4.969271 1.822517 1.315734 0.867033 0.859048 0.978440 0.582687 -17.527255 3.868374 -0.353545 1.219723 -3.370791 5.598009 -0.000000 0.000000 0.000000 1.270700 -13.492520 -16.253923 3.946589 -19.456061 -42.387818 140.774087 -55.614367 158.764447 -31.371624 -17.359222 8.801788 6.299964 15.403382 16.925540 13.404023 9.419626 49.403108 131.050070 65.718967 -151.778396 -34.906753 15.732905 -9.103543 
-78.614575 74.215627 -28.438184 -176.027958 63.142607 177.260018 4.317435 -4.365181 1.933894 27.118627 -1.621442 -0.385848 -11.239381 13.750525 3.952645 -0.000000 0.000000 0.000000 -27.513523 3.433641 8.535028 51.189522 -5.736498 7.069368 -12.977650 -8.961584 -4.508155 -0.000000 0.000000 0.000000 11.141184 -2.046672 -4.227224 2.286632 1.596214 0.404288 0.707800 0.760000 0.772833 -16.121272 5.113339 -1.093390 0.707503 -1.502226 5.476823 -0.000000 0.000000 0.000000 1.650162 -12.691892 -16.060194 4.363913 -20.796681 -43.518737 141.452485 -55.736922 159.490224 -31.435147 -17.914508 9.023895 7.012256 14.432811 16.107745 14.441185 9.799608 49.879960 131.854135 66.506550 -150.729144 -35.109406 15.796901 -9.515442 
-74.208868 75.632268 -30.384073 -175.150223 66.013079 176.579336 7.279820 -3.957092 2.477928 25.909971 -1.901744 -0.898479 1.853549 12.112694 -3.371947 -0.000000 0.000000 0.000000 -25.435512 4.337704 10.202504 35.986598 -7.047698 3.983554 -11.257945 -9.375822 -4.506850 -0.000000 0.000000 0.000000 10.211344 -2.823344 -4.050810 2.411626 1.487899 -0.044413 0.992925 0.497646 0.776254 -15.159100 5.918845 -1.950730 0.852170 0.152669 5.698876 -0.000000 0.000000 0.000000 2.199491 -11.709858 -15.903944 4.888703 -21.646213 -43.517577 142.579190 -57.034267 159.559715 -32.296635 -17.913534 8.351594 7.653057 13.134981 15.548341 15.342789 10.352026 50.643745 132.080442 67.714170 -149.679726 -35.470565 15.431515 -9.875305 
-69.824547 76.349795 -32.397583 -173.129435 67.758869 175.595504 7.889900 -2.412771 2.978556 28.826518 -4.122621 -0.593185 14.762605 5.719036 -10.949036 -0.000000 0.000000 0.000000 -21.681253 3.880686 10.924104 23.263292 -7.527632 0.585416 -9.116601 -8.843363 -4.030622 -0.000000 0.000000 0.000000 10.089636 -3.170093 -4.429984 2.836091 0.953468 -0.563831 0.638650 0.206442 0.803893 -14.238798 6.522841 -3.041316 0.517573 1.372140 6.093459 -0.000000 0.000000 0.000000 2.650029 -10.999380 -15.773347 5.144863 -21.228256 -43.598486 142.567237 -58.720255 158.286455 -33.612813 -17.207610 6.561199 8.107511 12.236499 14.899328 15.833708 10.060801 51.644681 133.196861 68.793687 -149.424094 -36.203949 15.017723 -10.039963 
-65.620619 76.165277 -34.476265 -171.226670 68.963428 175.215927 5.760408 -2.612869 2.458273 35.843784 -7.604350 0.004873 27.474569 -1.337513 -15.354826 -0.000000 0.000000 0.000000 -18.500575 2.995666 10.364606 17.466509 -7.441637 -0.882594 -6.997297 -7.440740 -3.818134 -0.000000 0.000000 0.000000 9.920586 -2.856083 -5.151686 3.742098 0.078021 -0.793951 -0.027904 -0.123933 0.657274 -13.390577 6.828290 -4.368218 -0.255848 2.566819 6.226435 -0.000000 0.000000 0.000000 2.936715 -11.278544 -16.295689 5.738197 -20.052864 -43.481518 140.217034 -60.232454 155.408153 -31.243982 -16.761029 7.668438 8.238148 12.294619 14.666381 16.074536 8.901044 51.907756 134.327445 69.041643 -150.101520 -36.860645 14.792643 -9.551661 
-61.491722 74.948072 -36.470583 -169.877942 70.251195 174.899458 1.992446 -4.601847 2.128975 45.414020 -6.988793 -1.489989 31.338314 -1.453160 -16.183449 -0.000000 0.000000 0.000000 -16.223937 3.297614 10.314742 17.456570 -7.653069 -1.054256 -4.590563 -8.147252 -4.542127 -0.000000 0.000000 0.000000 9.606181 -2.076351 -5.414869 3.700211 -0.473410 -0.820537 0.153431 -0.445805 0.368962 -12.867755 6.485238 -5.268084 0.017572 4.036373 5.658728 -0.000000 0.000000 0.000000 3.278536 -11.477898 -17.013227 6.214411 -18.649579 -43.671633 136.808804 -62.122069 151.886532 -28.597591 -15.546965 8.809866 7.872000 12.299431 14.770108 16.145841 8.684754 50.887123 134.028586 68.746090 -150.225418 -36.994367 14.524920 -9.526333 
-57.293820 72.946113 -38.196322 -168.881874 72.362561 173.510288 -2.628144 -5.252662 4.079794 56.207184 -5.151263 -4.138068 23.918726 3.159767 -12.815897 -0.000000 0.000000 0.000000 -15.521332 4.025970 12.276311 24.286906 -4.210477 -0.100614 -13.589659 -9.916132 -13.286249 -0.000000 0.000000 0.000000 8.806527 -1.072867 -4.546765 3.867965 -0.333052 -0.621822 0.085582 -0.335812 -0.012882 -12.297098 5.947563 -5.988535 0.889951 5.280548 4.816622 -0.000000 0.000000 0.000000 3.398417 -11.899708 -17.750009 6.413168 -15.201699 -44.440554 131.900185 -63.686309 146.133901 -28.021290 -12.898377 8.971260 8.519878 14.005579 14.723793 14.443800 7.618455 49.656607 131.998104 67.683414 -149.261449 -37.354113 13.999199 -9.309838 
-53.213233 70.930856 -39.676517 -170.845511 74.946238 175.030915 -8.886234 -6.511048 5.481113 65.267848 -4.314179 -6.518463 17.212729 6.507268 -8.026831 -0.000000 0.000000 0.000000 -18.369939 5.994836 13.955192 35.265828 -2.242194 0.494592 -22.069881 -12.066898 -17.568702 -0.000000 0.000000 0.000000 8.332965 -0.278607 -4.274249 1.923138 0.631904 -0.316681 1.178909 -0.085005 -0.547753 -13.087395 6.304059 -5.202687 2.678164 5.164573 2.598570 -0.000000 0.000000 0.000000 3.551256 -11.364956 -19.444887 7.738449 -12.474677 -43.672285 124.903976 -65.484500 138.560734 -25.374824 -10.464656 9.816165 7.845909 15.281032 16.941983 13.117486 8.409085 46.394863 129.251048 67.164966 -148.417427 -36.582589 13.757278 -10.339281 
-49.153495 70.042753 -41.215053 -171.458663 79.182042 175.795000 -14.601019 -6.447866 4.695865 69.553533 -4.137041 -7.696599 9.873507 9.358569 -2.329307 -0.000000 0.000000 0.000000 -16.385216 5.139578 12.683184 39.584499 0.884332 0.778062 -27.379280 -9.930705 -19.121236 -0.000000 0.000000 0.000000 7.999380 1.340364 -4.391947 2.820277 1.084065 -0.732952 1.027614 0.928309 -1.077676 -15.316466 7.180071 -5.314412 2.494369 5.039958 1.393211 -0.000000 0.000000 0.000000 3.396328 -11.140551 -21.014989 9.622374 -8.364566 -43.367090 119.129280 -65.783732 132.760990 -22.293130 -8.466642 13.240255 7.425892 17.891757 18.259428 9.261255 9.633273 43.910321 128.826511 65.880765 -149.520502 -35.380141 13.646577 -11.866597 
-44.643670 70.123869 -42.606154 -164.802518 80.689422 169.378973 -19.525125 -4.535460 2.709254 70.585860 -2.543581 -4.100173 1.935808 10.301073 2.056355 -0.000000 0.000000 0.000000 -9.642940 0.517983 11.000277 39.044913 2.219021 -2.196241 -29.316731 -6.052640 -17.357687 -0.000000 0.000000 0.000000 9.217457 3.621636 -4.973351 1.676954 0.258393 -1.628151 1.313093 1.351420 -0.693882 -14.372511 6.885891 -5.598128 1.712101 4.733240 1.404306 -0.000000 0.000000 0.000000 4.464140 -11.239069 -19.478344 10.877702 -4.334193 -45.156068 118.733852 -65.406400 131.585408 -26.157884 -8.156986 12.427519 6.925012 19.270799 16.698075 4.999169 10.108531 46.077600 131.938162 64.632623 -152.539262 -38.155439 12.884107 -8.858615 
-39.977115 71.061617 -43.981135 -170.573073 80.729780 176.321604 -23.856481 -7.996864 -0.852295 64.058215 -0.768588 -5.568400 -4.386388 12.489531 6.032635 -0.000000 0.000000 0.000000 -3.819292 1.060325 8.752697 33.905850 3.584559 -3.035458 -28.429147 -7.378542 -15.264917 -0.000000 0.000000 0.000000 7.464082 5.809306 -7.085987 1.372119 -0.511646 -1.599696 2.221750 1.538161 -1.065646 -13.934107 6.922521 -4.856709 2.775564 2.588793 0.812179 -0.000000 0.000000 0.000000 5.306600 -9.212041 -17.729106 11.878994 -4.076865 -44.613452 120.924949 -65.002945 132.169183 -28.616556 -9.388193 10.151621 5.893143 18.098520 16.997436 3.410807 13.783169 46.805432 132.215190 63.315223 -154.589090 -39.601145 13.262865 -7.227000 
-34.929886 72.464716 -45.318085 -175.629027 80.442920 -177.688150 -26.454196 -10.467255 -4.066823 53.458015 1.368373 -5.478990 -7.377993 12.630976 7.514655 -0.000000 0.000000 0.000000 2.305668 2.083388 6.941849 28.034573 4.421906 -3.874467 -22.449211 -9.705497 -11.927626 -0.000000 0.000000 0.000000 5.466582 7.711205 -8.815719 1.016103 -0.855911 -1.748876 3.069463 1.915738 -1.189451 -12.673269 6.290980 -4.676308 4.056761 0.977413 0.860490 -0.000000 0.000000 0.000000 6.147929 -7.607034 -15.767809 12.627362 -4.626150 -44.697652 122.845953 -64.693689 133.115296 -29.573688 -10.371481 8.158096 5.418080 16.821482 16.343557 3.076916 16.649104 47.901294 132.495800 62.176062 -155.874018 -38.909062 13.537472 -6.703724 
-29.655030 74.033821 -46.609116 -178.341115 79.806065 -174.778184 -26.565593 -13.087076 -6.463271 39.212256 2.445942 -4.135562 -7.388646 12.736858 7.833971 -0.000000 0.000000 0.000000 7.540162 2.932928 5.397967 23.435216 4.827919 -3.684386 -11.236786 -11.744442 -5.853185 -0.000000 0.000000 0.000000 3.837265 9.189998 -9.456728 1.349891 -0.984094 -1.747689 3.078831 2.153461 -1.173060 -11.470317 5.014008 -4.814849 4.523159 0.347343 1.086821 -0.000000 0.000000 0.000000 6.695775 -6.544174 -15.251546 13.420149 -5.566622 -44.645598 124.276945 -64.911704 134.581670 -29.123473 -11.170450 7.880330 5.016317 15.673091 16.032028 4.254285 18.573915 47.487570 134.612754 61.505666 -157.760756 -38.803370 13.682156 -6.485713 
-24.206463 75.260496 -47.909722 -176.347057 79.375312 -177.335834 -24.201586 -14.781343 -7.474383 24.779030 3.553993 -2.424664 -7.074327 13.725033 7.834170 -0.000000 0.000000 0.000000 11.410132 0.635314 3.724149 22.110719 4.435161 -2.821297 2.437177 -8.747669 2.040661 -0.000000 0.000000 0.000000 3.297342 10.756145 -9.052910 1.078161 -1.335885 -1.700029 3.736506 2.381386 -0.798897 -11.154627 3.953012 -5.185393 4.417476 -0.221001 1.738656 -0.000000 0.000000 0.000000 6.098039 -5.674745 -15.208302 13.966730 -6.335042 -45.385419 126.775005 -65.684649 136.785766 -26.969935 -11.306548 8.769649 4.339573 14.124989 16.066799 6.237612 18.624654 46.309094 134.849477 60.609758 -157.219153 -27.742499 13.091344 -11.181463 
-18.775852 75.735843 -49.080727 -172.559017 79.414329 177.282326 -21.387478 -13.643269 -7.014489 15.936109 3.870426 -0.154238 -5.325652 13.438480 5.656392 -0.000000 0.000000 0.000000 12.531571 -2.591610 3.084500 25.852530 3.015779 -2.398426 14.191564 -2.654890 8.648415 -0.000000 0.000000 0.000000 2.953677 11.490543 -8.045887 1.291484 -1.224829 -1.339528 3.519835 2.367416 -0.092403 -10.899783 3.125886 -4.719991 4.137085 -0.068930 2.094764 -0.000000 0.000000 0.000000 6.238022 -5.493943 -14.886368 13.662641 -6.648327 -47.271982 125.563500 -65.346602 136.170772 -26.460159 -11.678538 9.099671 4.080310 13.311246 15.157991 6.689922 17.849024 46.336630 139.872247 61.895427 -158.731417 -37.228740 13.863492 -5.702932 
-13.611530 75.258601 -50.260848 -166.179610 79.459374 169.401999 -19.054685 -12.148713 -7.062307 13.499773 3.126299 1.640659 -5.133777 12.162377 6.300595 -0.000000 0.000000 0.000000 10.784210 -3.300491 3.156860 34.863310 2.803308 -2.538518 24.866077 0.196369 11.168879 -0.000000 0.000000 0.000000 3.568264 10.661589 -7.144734 1.372705 -0.767744 -0.655472 3.003240 2.403117 0.587693 -11.133065 1.983923 -4.462502 3.982571 1.348867 2.497099 -0.000000 0.000000 0.000000 6.107446 -6.073499 -15.568671 13.592608 -6.709872 -48.007998 127.196046 -65.585801 138.415592 -25.750040 -11.813160 10.232401 3.772583 13.453116 15.355205 8.258163 16.927966 45.911557 141.470375 63.567948 -159.461802 -36.319053 14.182013 -5.781564 
-8.748157 73.900402 -51.515120 -160.564291 79.308645 163.075656 -18.002573 -12.493613 -8.064793 17.000587 0.404545 1.570176 1.623403 10.083131 7.686440 -0.000000 0.000000 0.000000 6.545289 -1.827566 2.192503 47.396069 -0.456750 -0.096496 22.787083 -5.926833 8.936722 -0.000000 0.000000 0.000000 4.166983 8.652894 -6.811452 2.182561 -0.139614 0.364189 1.864314 2.304778 0.732601 -11.379376 1.712182 -3.855443 4.071013 2.542531 2.204038 -0.000000 0.000000 0.000000 5.995134 -6.980881 -16.460058 13.215315 -7.611488 -47.016235 126.676971 -65.650535 138.353821 -26.207029 -11.821985 10.641262 3.861906 14.455045 16.114028 9.772648 16.318652 45.860899 138.403588 65.638447 -157.732066 -35.729592 13.951675 -5.666707 
-4.087477 72.062385 -52.716720 -154.981566 79.925995 157.280215 -20.091364 -14.280452 -9.137392 30.299754 -0.410248 -0.975238 -11.385874 13.502886 14.023567 -0.000000 0.000000 0.000000 0.132432 0.130352 0.557577 60.550377 -1.725677 2.486460 13.836629 -13.527053 4.183223 -0.000000 0.000000 0.000000 4.955730 7.184263 -6.865463 1.289241 -0.009793 1.355044 2.434979 2.242782 0.490315 -12.126388 2.586387 -2.429579 4.591223 2.882943 1.095464 -0.000000 0.000000 0.000000 5.289038 -8.394757 -17.880027 12.499357 -8.565127 -44.155839 125.454125 -66.251831 136.728608 -26.382199 -11.813540 10.676693 3.722677 14.816905 18.301798 11.211088 15.997292 45.019078 131.697137 67.607302 -152.937049 -34.363544 13.163415 -6.977698 
0.439088 70.927846 -53.550118 -151.657948 79.964612 154.003563 -19.345050 -14.815378 -8.923921 37.124498 -0.757561 -4.270067 -18.022317 13.592804 17.391380 -0.000000 0.000000 0.000000 -7.355304 1.482001 -0.666118 69.717847 -1.458290 4.441510 5.583749 -16.319687 -1.726780 -0.000000 0.000000 0.000000 5.898060 5.941539 -7.247573 1.288429 -0.235514 2.017740 2.994025 1.928932 0.295008 -14.095851 4.641160 -1.223928 4.506398 1.927854 1.148588 -0.000000 0.000000 0.000000 4.364422 -11.022219 -18.838231 11.522492 -10.323763 -40.641600 123.826489 -66.514190 135.637325 -24.255543 -11.073436 12.136069 4.115874 15.279944 20.368342 11.806935 15.105864 45.954156 124.340039 68.502028 -148.270036 -33.585643 11.869835 -8.909395 
5.300898 70.779955 -54.282945 -142.668800 79.420498 144.488356 -11.935013 -10.506141 -7.174845 36.720583 -3.340544 -3.325280 -22.944200 11.533017 18.621323 -0.000000 0.000000 0.000000 -12.617587 1.382784 -1.090651 72.375926 -0.971269 5.046177 -2.243325 -14.546129 -5.234251 -0.000000 0.000000 0.000000 7.120818 3.548451 -6.506549 2.403718 -0.066419 2.084124 1.844444 1.619279 0.768459 -12.866149 5.892366 -1.744460 2.514285 2.748672 1.498332 -0.000000 0.000000 0.000000 4.230891 -13.065264 -18.286872 9.655383 -10.622223 -40.217733 126.763972 -64.666320 139.591406 -23.754279 -11.709608 13.032817 5.449886 16.123108 19.534763 12.123895 12.505957 48.580650 126.569277 68.723309 -150.504304 -36.034220 12.003403 -8.389002 
10.486650 71.477818 -54.923725 -133.963962 79.572857 134.200169 -4.110926 -7.441215 -4.906220 34.092399 -5.090995 -1.749307 -24.757009 11.205296 17.399623 -0.000000 0.000000 0.000000 -16.963933 1.580259 0.374592 68.891976 -1.119201 5.267441 -7.529381 -12.854179 -6.102024 -0.000000 0.000000 0.000000 7.753122 1.002001 -4.227056 1.767268 0.388801 1.952538 2.100553 1.253475 1.010834 -12.028550 7.325855 -2.600998 2.758581 4.471005 0.882469 -0.000000 0.000000 0.000000 3.726883 -12.041708 -17.999809 8.269706 -11.958338 -41.138217 133.119314 -62.823134 147.347757 -28.162775 -13.247607 11.121543 6.254690 14.477524 18.594069 13.787507 10.834573 48.861127 130.598258 67.595060 -152.242812 -36.150496 12.108338 -7.033120 
15.963820 72.830719 -55.362999 -128.672342 79.315164 127.281835 3.512322 -6.068303 -2.511801 30.162896 -6.199770 -0.927961 -22.090142 11.772597 14.330607 -0.000000 0.000000 0.000000 -19.189512 1.809044 2.226416 60.041323 -2.528564 5.509187 -9.539015 -12.598741 -5.613803 -0.000000 0.000000 0.000000 7.720502 -1.048501 -2.101738 1.567413 0.547754 1.903841 2.784273 0.580355 1.338458 -12.189910 8.469385 -3.392025 3.496824 6.315757 0.273410 -0.000000 0.000000 0.000000 3.228536 -10.153414 -17.757733 6.875753 -13.807623 -42.359009 137.445721 -60.094902 153.098442 -28.437172 -14.741385 11.009757 6.921816 12.229208 17.933523 15.944787 9.407113 48.502766 132.606477 66.374767 -152.888179 -31.898574 12.502848 -7.766253 
21.488254 74.408281 -55.669004 -124.589015 78.898459 122.506044 9.594232 -4.988571 -0.976388 27.381335 -6.838695 -0.259769 -14.932265 12.468263 8.614828 -0.000000 0.000000 0.000000 -19.091590 2.706372 3.446720 46.871758 -4.245456 4.235657 -7.964184 -11.805987 -3.826518 -0.000000 0.000000 0.000000 7.390277 -2.576989 -1.254603 2.249340 0.703350 1.754425 2.483787 0.303572 1.809019 -11.206872 8.945507 -4.634847 3.106265 7.584345 0.542129 -0.000000 0.000000 0.000000 3.956122 -9.964445 -17.177921 5.504027 -15.450852 -43.286752 138.409427 -57.596384 156.384587 -29.072540 -16.389162 10.933998 8.067648 10.894463 16.519297 17.186633 8.251112 50.021644 134.873786 66.701504 -153.604932 -38.863363 12.321011 -4.094411 
27.018833 75.665957 -56.097597 -122.695981 78.285655 120.621216 13.769032 -4.084649 -0.012994 26.789882 -7.305891 -0.043205 -4.995725 11.945121 2.546845 -0.000000 0.000000 0.000000 -17.110182 3.862372 4.079249 31.332040 -4.706447 0.957004 -5.740535 -10.895246 -2.128556 -0.000000 0.000000 0.000000 6.863996 -4.046967 -1.272173 2.328275 0.458703 1.201394 2.929536 -0.244367 2.072031 -10.435779 9.382629 -5.195543 2.909077 9.248434 1.123235 -0.000000 0.000000 0.000000 4.730787 -8.958305 -16.458185 4.718749 -16.972007 -43.944378 139.750541 -55.581560 159.223922 -29.626476 -18.256879 11.583290 8.934296 9.576402 15.483531 18.081359 8.271756 51.154581 135.277825 67.425299 -153.159579 -39.333273 12.542628 -4.274824 
32.472315 76.200604 -56.709200 -123.135970 77.392030 121.572292 16.258379 -2.600301 0.453973 28.729380 -7.451351 0.700655 5.258691 9.458245 -3.560471 -0.000000 0.000000 0.000000 -13.907549 4.910719 4.022093 16.788723 -4.109572 -2.997509 -4.491567 -10.453211 -1.112304 -0.000000 0.000000 0.000000 6.458711 -5.105849 -1.559785 2.307871 0.240358 0.470223 3.168186 -0.429472 2.086764 -9.481926 9.334251 -6.288296 2.914720 10.194179 1.840118 -0.000000 0.000000 0.000000 5.543375 -8.308543 -16.116042 4.112779 -17.848496 -44.071428 140.788194 -54.092899 161.348894 -31.085054 -19.594608 10.848385 9.408585 7.985815 14.599583 18.861304 8.009741 52.746347 136.061790 67.837206 -153.108012 -39.540616 12.462059 -4.599351 
37.792298 75.890416 -57.347399 -126.286660 76.501044 124.988068 16.087483 -2.390888 0.966696 34.643657 -7.018976 1.482193 14.154270 7.297718 -8.544725 -0.000000 0.000000 0.000000 -11.668718 5.908027 3.671164 7.995504 -3.057002 -5.265871 -3.022336 -10.591027 -1.100491 -0.000000 0.000000 0.000000 5.559471 -5.655088 -2.052665 3.037238 -0.086702 0.159121 3.013050 -0.655840 1.955257 -8.807538 8.831695 -7.100892 2.849893 11.077401 2.374238 -0.000000 0.000000 0.000000 6.205551 -7.927018 -16.499982 3.879268 -18.382154 -43.995690 141.540289 -53.004208 163.136796 -32.660645 -20.391635 9.735837 9.808562 7.150239 14.417714 19.328134 7.522276 52.883219 137.335168 67.922401 -154.094625 -40.957947 12.506926 -3.443797 
42.822367 74.764979 -57.779908 -128.909605 76.151857 127.123684 13.143634 -3.947703 1.882931 43.733175 -4.470128 0.847459 24.091489 6.623016 -12.122190 -0.000000 0.000000 0.000000 -11.492952 6.874112 4.322338 6.456457 -1.633136 -5.670423 1.078290 -9.182344 -0.410272 -0.000000 0.000000 0.000000 4.728334 -5.370480 -2.275732 4.411524 -0.137901 0.360796 2.330289 -0.824800 1.745148 -8.658080 8.368965 -7.444137 2.533814 11.701378 2.434749 -0.000000 0.000000 0.000000 6.146108 -7.841215 -17.635872 4.037944 -18.500160 -43.956838 141.490120 -52.592287 164.219086 -32.407807 -19.995208 8.866211 9.881891 7.189643 15.199282 19.321338 7.087361 50.793040 136.323740 67.535259 -153.804029 -37.775058 12.419771 -5.520603 
47.795081 72.994918 -57.843828 -130.994504 75.599474 127.284615 9.399529 -4.879283 5.012652 55.032639 -2.656066 -1.300035 20.067186 9.700367 -10.109821 -0.000000 0.000000 0.000000 -13.888422 7.855321 6.796795 16.870729 1.188281 -2.957584 2.442397 -7.310591 -1.451651 -0.000000 0.000000 0.000000 4.626826 -5.191821 -1.636152 5.990699 0.212841 1.225606 1.123889 -0.993138 1.653569 -8.747710 7.629529 -7.176142 2.436195 12.455818 1.631882 -0.000000 0.000000 0.000000 5.957070 -8.260417 -18.726738 3.912721 -16.790690 -45.042380 139.336841 -53.100434 162.624480 -31.528278 -18.621292 8.718322 9.656494 8.506199 15.725679 17.577669 6.221575 47.468514 134.836211 67.750068 -152.228575 -39.593855 12.626427 -3.327817 
52.387840 71.327835 -57.869542 -131.916750 75.924450 126.237409 3.846275 -6.550198 7.250211 66.002354 -4.489028 -3.684835 7.424726 10.269955 -3.712428 -0.000000 0.000000 0.000000 -20.265634 8.397153 9.512179 35.048750 1.640182 1.040345 -9.369769 -9.811910 -5.794539 -0.000000 0.000000 0.000000 5.272313 -4.737580 -0.866088 4.304107 1.166949 2.143142 2.190028 -1.008518 1.323985 -9.742664 8.660683 -5.149162 4.900881 11.164746 -1.216667 -0.000000 0.000000 0.000000 5.482836 -8.206266 -20.237869 4.502260 -15.407954 -45.687917 135.503512 -57.091355 158.189860 -31.982402 -17.063745 7.840095 8.860894 10.498066 18.309053 15.288504 7.143322 41.891529 128.113639 69.406615 -146.298511 -37.740321 12.569246 -4.085815 
56.637353 70.771855 -58.410591 -127.604577 75.689136 121.549624 -1.987236 -7.225047 6.121590 72.875748 -5.766968 -4.826704 -1.455748 10.025908 1.363150 -0.000000 0.000000 0.000000 -18.057789 6.242062 9.456929 40.804620 3.434340 1.685769 -16.390275 -8.312890 -7.865391 -0.000000 0.000000 0.000000 6.828415 -2.796501 -0.354253 5.555915 0.941310 2.166674 1.602120 -0.055119 1.251207 -11.240111 8.488311 -5.672610 3.801403 10.386645 -1.272584 -0.000000 0.000000 0.000000 4.803629 -10.034106 -20.735979 5.432781 -12.219713 -47.162998 128.693440 -61.180102 149.858200 -28.655140 -14.469591 12.085021 8.399196 14.575046 18.368440 10.872926 7.862203 40.167515 122.927257 69.174769 -142.147231 -35.445501 12.226333 -5.774102 
60.982502 71.068496 -59.114140 -135.718815 73.171150 129.634218 -9.039410 -8.938582 3.673385 75.614308 -6.406017 -3.678922 -10.012541 11.247746 5.749273 -0.000000 0.000000 0.000000 -12.988868 4.305599 9.057512 41.271839 3.595425 1.203927 -21.239334 -8.785549 -8.654881 -0.000000 0.000000 0.000000 8.181641 -0.819081 -0.743126 4.871782 -0.521796 2.379354 2.165515 -0.091509 1.465447 -12.478077 7.891953 -4.900962 4.091240 9.030931 -1.373520 -0.000000 0.000000 0.000000 5.016757 -10.550445 -19.998318 7.151802 -9.526053 -47.273741 126.379425 -61.599403 145.375542 -28.845613 -14.053669 12.328522 6.608452 15.855629 17.837467 7.888518 10.045865 41.567015 125.047868 67.692631 -145.148293 -35.246333 12.569654 -4.734304 
65.353811 72.063982 -60.192907 -142.560691 71.200633 137.181468 -15.573587 -11.566602 -0.060595 71.887289 -4.417415 -4.842352 -14.679672 12.886225 10.508487 -0.000000 0.000000 0.000000 -7.469392 3.259355 7.530847 38.504322 3.470991 1.270082 -22.552199 -9.537123 -8.328421 -0.000000 0.000000 0.000000 7.841697 1.624331 -1.689885 3.968464 -1.289646 2.426273 3.201398 0.290021 1.308682 -12.881424 7.151117 -3.876417 5.030729 6.297162 -1.219503 -0.000000 0.000000 0.000000 5.751304 -9.297959 -18.848811 8.946728 -8.628239 -46.266828 130.049885 -60.783063 147.027033 -35.089198 -14.804944 6.645639 5.585369 15.714823 17.778387 5.965534 13.517228 42.759546 126.977900 65.923455 -148.337831 -36.470148 12.441543 -2.904230 
69.711584 73.442298 -61.466044 -147.381106 69.870936 142.658001 -20.303842 -12.522191 -3.134544 63.094226 -0.875651 -5.538827 -14.813554 14.070420 11.724310 -0.000000 0.000000 0.000000 -1.042516 2.580101 6.458710 32.717724 3.300338 0.213659 -20.320419 -10.389134 -6.580125 -0.000000 0.000000 0.000000 7.040126 4.276314 -2.855547 3.026703 -1.122090 2.245195 3.925149 1.292871 1.561246 -12.240882 5.718786 -3.717848 5.795429 3.610440 -0.322506 -0.000000 0.000000 0.000000 6.389877 -8.270621 -16.743461 10.581848 -8.440867 -46.185179 132.686726 -59.730604 147.851808 -36.286918 -15.083898 5.921835 5.394010 15.903118 16.835487 4.969734 15.417837 44.367091 128.240624 64.544173 -150.416389 -35.539484 12.684196 -2.494307 
74.104917 74.784422 -62.881923 -151.247453 68.215736 146.757420 -21.584603 -12.899343 -5.015417 49.934330 3.631625 -5.373970 -10.740746 15.019794 9.914035 -0.000000 0.000000 0.000000 4.510290 1.487172 5.464309 28.476857 2.074666 -0.775458 -13.645546 -9.753906 -2.258914 -0.000000 0.000000 0.000000 6.272238 6.827093 -3.860121 3.027344 -0.654861 2.105914 3.703612 2.088441 2.021437 -11.166934 4.472779 -3.555792 6.052969 0.974090 0.839203 -0.000000 0.000000 0.000000 6.890880 -7.364763 -15.080162 12.136934 -8.388738 -46.212944 134.587138 -59.500117 148.631538 -36.305252 -15.553260 5.923301 5.458336 15.919657 16.134163 5.118036 16.362693 45.048831 130.558546 63.876563 -152.341233 -35.824208 13.585408 -3.465775 
78.511965 75.717986 -64.477772 -153.890921 66.279761 148.707937 -19.217814 -13.218796 -5.475876 33.563263 8.390702 -4.315436 -5.709750 16.907865 8.037024 -0.000000 0.000000 0.000000 7.960405 -0.278024 4.159662 27.853907 0.765992 0.177402 -3.108520 -7.531574 3.074070 -0.000000 0.000000 0.000000 5.449921 8.420128 -3.837579 3.162234 -0.250090 2.089992 3.629663 2.400130 2.461268 -10.649508 3.288940 -3.316784 6.346046 -0.346322 1.455938 -0.000000 0.000000 0.000000 7.147053 -5.923338 -14.495811 13.809610 -7.790300 -46.948941 135.541079 -60.081247 149.312405 -34.601055 -15.506245 6.709377 5.239283 15.419760 15.989647 5.954672 17.152759 44.447589 133.872301 63.919025 -154.075309 -35.197650 13.868648 -3.867588 
82.902282 76.048851 -66.143757 -155.031706 64.282111 148.022859 -14.794380 -11.170857 -4.871402 18.800432 10.552076 -0.773442 -1.483276 17.070720 5.338341 -0.000000 0.000000 0.000000 9.728037 -3.396265 3.107579 30.941054 -0.612111 1.414569 8.449764 -1.010776 9.316429 -0.000000 0.000000 0.000000 4.968658 8.870268 -2.484437 2.732953 -0.006058 2.040204 3.332978 2.571640 2.964235 -9.227930 2.407279 -3.462687 5.908762 -0.597806 1.791145 -0.000000 0.000000 0.000000 7.622381 -4.873764 -13.892625 15.061135 -6.191806 -49.118930 134.555385 -61.135500 147.837112 -32.812906 -15.190370 7.273776 5.280715 14.672039 15.235775 6.393715 16.458289 44.845088 137.592438 64.338775 -154.647915 -34.675934 14.712660 -4.447245 
87.106442 75.649422 -67.806906 -156.225148 62.028184 147.103558 -11.460461 -9.133762 -4.524211 11.425856 10.318261 2.278732 5.103749 17.216498 4.317808 -0.000000 0.000000 0.000000 8.785447 -5.114905 2.411853 38.016869 0.073521 2.883656 18.421141 5.006548 13.372722 -0.000000 0.000000 0.000000 4.396165 8.043409 -0.905937 2.957088 0.126246 2.426817 2.498749 2.419629 3.244592 -8.021413 1.288180 -4.279281 5.260783 0.851113 1.995534 -0.000000 0.000000 0.000000 8.113855 -4.590709 -13.792203 15.989555 -4.439520 -51.020839 133.587284 -62.272088 146.174047 -30.525853 -14.446987 9.304737 5.435248 14.237784 14.888323 7.470208 14.859199 45.136440 139.809253 64.294123 -155.270291 -30.087161 14.157050 -5.773489 
91.044974 74.300677 -69.410962 -157.944483 59.968120 147.551927 -10.189019 -8.791183 -4.937492 13.353581 10.753340 1.642902 2.306341 19.373274 11.669110 -0.000000 0.000000 0.000000 5.337698 -4.925878 1.227626 47.587955 -0.112058 5.600532 22.225199 0.833481 12.155502 -0.000000 0.000000 0.000000 3.964711 6.498085 -0.301366 2.642842 0.422873 3.029374 2.302809 1.997509 3.259776 -8.185498 -0.245765 -5.155934 5.393995 3.506873 1.463033 -0.000000 0.000000 0.000000 8.863247 -4.914469 -14.264039 15.695952 -3.631522 -50.748881 134.057678 -63.097667 145.735534 -30.135275 -13.548498 10.993905 5.813734 13.966897 15.101991 9.124619 14.028918 44.992743 140.561008 63.639558 -157.203540 -28.379985 13.819806 -5.772133 
94.680756 72.357202 -70.966542 -159.700145 58.061858 149.345232 -10.572120 -10.279748 -6.359320 21.033935 10.483332 0.073916 -9.979628 20.256870 20.048071 -0.000000 0.000000 0.000000 0.150442 -3.673819 -0.949002 57.935314 -3.360596 7.823217 17.068801 -10.784691 8.620455 -0.000000 0.000000 0.000000 4.060661 4.955553 -1.088546 2.429332 0.639111 3.592952 2.023283 1.491123 2.995429 -9.070120 -0.669011 -4.937307 5.277914 5.140756 0.261331 -0.000000 0.000000 0.000000 9.191102 -5.673389 -15.178108 14.308828 -4.086823 -48.131222 133.478509 -63.187851 144.520333 -30.365652 -14.206034 11.858143 5.721423 13.715955 16.298590 10.944910 13.880315 44.385892 141.032884 63.473620 -159.912161 -33.279671 14.602537 -3.681849 
97.936314 70.796180 -72.528988 -161.827788 56.013521 152.599481 -13.029685 -13.012967 -7.748106 30.603628 9.378952 -3.950096 -16.960594 21.503410 24.466618 -0.000000 0.000000 0.000000 -6.270493 -1.228604 -2.713775 65.384809 -2.995536 8.029074 10.138187 -16.546201 2.992620 -0.000000 0.000000 0.000000 5.096774 3.632956 -2.414046 0.082835 0.167801 3.533248 4.339318 1.107760 2.143153 -12.138075 1.206077 -3.630617 6.448823 4.872457 -0.238564 -0.000000 0.000000 0.000000 7.778164 -6.755774 -16.624854 12.720281 -6.477290 -43.881126 131.320558 -64.238347 142.764133 -28.991148 -14.132909 12.267350 4.894649 12.719246 18.869580 12.358176 14.514763 43.959437 133.548427 64.253682 -155.517692 -30.965877 13.996662 -4.586023 
101.016438 70.418072 -74.089438 -163.925479 51.333768 154.762154 -9.997575 -11.407898 -6.659178 33.310451 5.045975 -4.741082 -20.375345 19.064613 25.368265 -0.000000 0.000000 0.000000 -10.759134 0.278718 -1.070927 67.006286 -0.498309 7.016630 4.323180 -17.393811 -3.333321 -0.000000 0.000000 0.000000 6.163093 1.597198 -2.967904 1.972818 -1.024582 3.795000 3.715894 0.053102 2.463716 -13.663378 2.402118 -3.746272 4.147911 6.122224 0.833571 -0.000000 0.000000 0.000000 6.673749 -9.795696 -15.997042 9.908176 -7.746133 -43.374257 128.385149 -63.340967 141.128286 -23.608840 -12.782042 16.765113 5.348143 13.877310 17.844459 11.961619 13.349223 47.427735 129.984770 65.116328 -153.703225 -31.422592 13.095506 -5.825342 
104.025221 70.805883 -76.233590 -163.970171 47.564064 154.873763 -3.528334 -9.391419 -6.486222 30.806405 2.423987 -1.445525 -22.239564 17.199951 24.140463 -0.000000 0.000000 0.000000 -13.341599 2.033196 1.135766 63.909664 0.074300 5.265240 -0.112804 -16.170820 -4.769425 -0.000000 0.000000 0.000000 7.424243 -0.944275 -1.817434 1.872546 -1.281923 3.652716 4.105228 -0.377516 2.627163 -12.730285 3.724059 -4.317255 3.757734 7.465649 0.507198 -0.000000 0.000000 0.000000 6.045811 -10.986894 -16.042181 7.994084 -10.166239 -43.522233 130.994498 -62.485822 145.691550 -26.313734 -13.885909 14.974543 5.440140 13.317101 17.050968 13.477846 12.601832 48.755263 132.372465 65.005579 -155.902425 -34.752047 13.389665 -4.405592 
106.944799 71.918654 -78.794521 -165.068341 44.224411 155.548700 3.058384 -10.131350 -5.763956 25.462109 -0.639523 1.001030 -20.835132 17.836288 21.301470 -0.000000 0.000000 0.000000 -15.147000 3.811463 3.093448 55.836205 -0.358182 4.324278 -0.477750 -15.234285 -2.724048 -0.000000 0.000000 0.000000 6.991871 -2.683482 -0.287779 2.000136 -1.620535 3.993037 4.726839 -0.917506 2.828899 -11.304136 4.866141 -4.919632 4.064939 8.761112 -0.351149 -0.000000 0.000000 0.000000 5.393488 -10.193068 -16.269736 6.062227 -13.713084 -44.374886 133.746719 -61.434847 148.760067 -27.159339 -14.937405 14.121913 5.425315 10.744916 16.466620 15.348396 12.442570 48.441228 134.037353 64.009722 -155.907848 -34.494103 13.996706 -4.954026 
109.817624 73.438066 -81.558502 -167.077241 40.179637 156.991573 8.439907 -9.634193 -3.386804 21.068196 -3.901676 2.256421 -16.112179 16.896408 15.638392 -0.000000 0.000000 0.000000 -15.445562 5.001215 4.458238 43.717853 -0.310688 2.926982 1.916700 -12.485596 1.212467 -0.000000 0.000000 0.000000 5.817040 -3.968597 0.154772 2.876500 -2.331323 4.833856 4.993321 -1.434517 3.697597 -9.605674 5.625820 -5.497427 3.864924 9.601064 -0.300366 -0.000000 0.000000 0.000000 5.439478 -10.087658 -15.437787 4.036661 -17.017630 -46.366490 134.743517 -59.901592 149.788642 -25.421485 -15.064456 15.337597 5.941723 8.451642 15.199676 16.777926 11.634284 49.129038 136.468531 63.686470 -156.627605 -37.027147 13.895268 -4.449196 
112.551785 74.938846 -84.647930 -168.855620 36.023363 159.220357 10.626785 -7.854662 -1.997496 20.957931 -6.394619 3.109103 -8.765845 15.134345 9.372839 -0.000000 0.000000 0.000000 -14.268020 6.285703 4.409215 29.797475 2.169312 0.586051 6.697230 -7.923618 4.803831 -0.000000 0.000000 0.000000 5.421435 -5.128086 -0.566791 3.144715 -3.143102 5.219160 5.463610 -1.750524 4.478008 -8.327813 6.098528 -5.910450 3.240293 10.250355 0.667381 -0.000000 0.000000 0.000000 6.130681 -10.231466 -14.527446 2.548017 -19.613193 -47.310451 136.819478 -58.556195 151.847374 -27.023575 -15.846129 14.091135 6.596932 6.668914 14.487844 17.743233 11.239223 49.786023 137.757669 63.859088 -156.677377 -38.628902 13.790384 -4.005226 
115.088415 75.978553 -87.993675 -170.999957 31.480579 162.259599 9.181220 -7.708653 -1.745895 25.778697 -6.503355 2.937960 -2.841882 14.247925 4.402679 -0.000000 0.000000 0.000000 -12.323067 8.072729 3.191868 16.450618 2.316991 -1.483706 12.880417 -5.984792 10.656677 -0.000000 0.000000 0.000000 5.722758 -5.922141 -1.735461 2.563449 -4.270180 5.141327 6.642095 -2.137423 4.767282 -8.422185 6.088673 -5.967821 2.690456 11.091696 1.647894 -0.000000 0.000000 0.000000 7.262793 -10.132769 -13.253309 1.221510 -22.012095 -47.130039 138.563164 -57.397386 153.442175 -29.117713 -17.379756 13.185398 6.410793 4.613645 13.537289 18.659736 12.339623 50.475075 137.533415 64.297125 -155.606728 -38.566624 13.523945 -4.539625 
117.543614 76.282561 -91.158068 -172.676064 27.506398 164.310495 4.905117 -7.854444 -1.496876 35.518209 -3.398133 1.404178 0.974906 14.802759 1.844339 -0.000000 0.000000 0.000000 -11.568059 8.756154 2.616060 9.231368 2.650958 -3.056972 15.306375 -4.311515 12.521478 -0.000000 0.000000 0.000000 6.541791 -5.350957 -2.553348 2.805513 -5.269367 5.092290 7.216797 -2.222727 4.774607 -9.351981 5.849393 -6.478019 1.463806 11.227480 2.743237 -0.000000 0.000000 0.000000 7.951578 -11.052015 -12.029085 0.129859 -22.915124 -46.481422 139.635651 -56.163060 154.837043 -29.930288 -18.039845 12.471621 6.431607 4.086841 12.539078 18.533395 12.535214 50.967773 138.215078 64.045232 -155.790670 -39.768075 13.891631 -5.104094 
119.986343 75.599128 -94.016790 -173.569370 22.995283 165.500778 0.048177 -8.262017 -1.246398 47.437841 0.897624 -0.320853 3.033688 17.348512 2.910461 -0.000000 0.000000 0.000000 -10.999098 8.270260 2.265475 7.608269 4.126784 -2.877296 19.652818 -1.884039 12.986420 -0.000000 0.000000 0.000000 8.008644 -4.187278 -3.538471 3.310213 -6.037910 5.185765 7.384307 -2.215959 4.611616 -10.985244 4.919625 -6.915334 1.008568 11.249797 3.422276 -0.000000 0.000000 0.000000 8.020214 -12.187972 -11.852259 -0.373775 -23.680777 -45.203685 140.755025 -55.283172 156.868292 -29.867944 -18.421584 13.175586 5.913029 4.165715 12.666641 18.791423 12.050072 49.077957 140.109039 63.098773 -157.778309 -40.698656 14.274033 -4.960345 
122.470009 73.958981 -96.301436 -173.745065 18.338208 165.170353 -4.151484 -8.369730 0.791032 59.898755 2.320915 -1.979254 -2.108026 18.584881 6.806263 -0.000000 0.000000 0.000000 -11.769495 8.356586 3.941614 15.429813 6.129840 -1.671075 12.806869 -4.437595 8.219052 -0.000000 0.000000 0.000000 8.825854 -3.742257 -3.731814 5.895227 -6.405263 5.379416 5.752217 -1.627401 3.589365 -12.428269 4.685145 -6.810657 0.898826 11.206989 3.207895 -0.000000 0.000000 0.000000 7.256422 -12.735946 -12.177507 -0.566573 -22.706072 -44.714955 140.797566 -54.232679 158.355865 -32.942441 -18.314449 11.691167 5.932794 6.207455 13.109539 17.760320 10.852741 45.984990 140.085491 61.585769 -158.445002 -42.334335 14.364582 -2.715727 
124.760115 71.657050 -98.255938 -173.844419 14.063728 164.566679 -8.511518 -8.896972 2.510189 71.165278 -0.298815 -2.533310 -7.703950 16.267137 8.964395 -0.000000 0.000000 0.000000 -13.235293 7.541340 6.411353 27.428217 5.077438 0.033878 -5.862186 -9.067660 1.619424 -0.000000 0.000000 0.000000 9.914568 -2.557454 -4.222875 4.811221 -5.663715 5.263861 5.349573 -1.233999 3.188173 -12.358712 4.446318 -6.267491 0.975136 9.996715 1.832668 -0.000000 0.000000 0.000000 6.848487 -14.002919 -14.117573 -0.325854 -21.541280 -44.700153 139.001784 -53.797300 158.137055 -32.886188 -17.512160 12.177578 6.046205 8.477612 14.709284 16.667604 7.899890 41.016599 140.912267 59.975162 -159.339754 -42.494666 15.242746 -3.249946 
126.519048 69.800460 -99.862981 -174.289075 10.567854 164.092439 -13.631250 -10.649755 3.768610 78.436038 -2.320488 -4.027361 -13.108595 14.125926 10.686630 -0.000000 0.000000 0.000000 -14.328527 5.860956 8.755907 35.511922 3.660121 0.381502 -16.031635 -10.363641 -2.573134 -0.000000 0.000000 0.000000 9.959557 -0.660386 -4.255223 4.817163 -5.550400 5.074187 4.859520 -0.722047 2.499299 -15.113589 5.327890 -5.555276 1.664385 8.826798 0.509042 -0.000000 0.000000 0.000000 6.113316 -14.275137 -16.571329 0.778948 -19.640835 -45.105515 137.786250 -54.086731 158.301935 -33.832965 -17.639159 11.269302 5.538701 10.725839 16.718552 14.421936 7.464709 36.551468 139.630230 59.109139 -158.994807 -41.814725 15.692078 -3.397360 
127.675331 69.024402 -101.641536 -173.895636 6.186354 163.500864 -17.781769 -12.048600 4.231822 80.883926 -3.147611 -3.949951 -17.246162 13.013461 13.020419 -0.000000 0.000000 0.000000 -12.535584 4.781606 9.665364 39.029833 2.394531 2.574336 -20.675495 -11.549110 -4.864002 -0.000000 0.000000 0.000000 10.470394 0.985829 -3.304357 6.184887 -5.318774 4.975311 1.579565 0.799663 2.157116 -14.890662 3.719809 -6.931792 -0.942189 7.649215 1.302746 -0.000000 0.000000 0.000000 6.637985 -17.074312 -17.704856 2.414920 -16.279207 -45.657474 137.441519 -55.314185 158.302319 -34.506104 -17.840688 11.533379 6.207886 13.856763 15.197772 11.736119 6.465958 38.670587 137.787297 57.708605 -158.795161 -39.875307 15.322937 -4.539194 
128.170741 69.245642 -103.613389 -175.175869 3.349133 166.163738 -22.812056 -16.057742 0.546558 75.426764 -4.278587 -8.202149 -22.423675 14.220901 18.455655 -0.000000 0.000000 0.000000 -11.305838 2.668295 5.998036 39.473695 1.211841 3.990344 -22.531360 -11.126061 -3.734921 -0.000000 0.000000 0.000000 9.013797 3.499273 -5.872767 5.979753 -5.249566 4.881066 1.558921 1.561192 1.687525 -17.624939 4.297549 -4.970089 -0.139214 4.099097 1.071911 -0.000000 0.000000 0.000000 6.059639 -15.784870 -16.670113 4.464294 -15.910292 -46.053106 135.263879 -55.615866 155.319403 -34.377921 -17.763558 10.650262 4.604989 13.757950 15.815148 7.893186 7.929682 39.642688 127.533784 56.600656 -154.339311 -37.343197 12.047572 5.974985 
128.685069 70.427895 -106.256354 -176.478790 1.446083 169.480866 -26.915637 -18.776826 -4.237813 64.924140 -2.427362 -11.115299 -24.168709 16.601282 21.749432 -0.000000 0.000000 0.000000 -10.874890 -0.803762 1.628312 40.121288 -1.839910 3.128224 -19.581784 -7.972358 0.619576 -0.000000 0.000000 0.000000 8.516627 6.345196 -8.863514 4.380893 -4.135344 4.102575 2.059766 2.606532 1.798318 -18.219017 4.950234 -3.613402 0.622059 -0.909207 1.321391 -0.000000 0.000000 0.000000 5.530954 -13.785347 -15.314790 7.054694 -16.201097 -45.008452 137.197520 -55.977997 155.303463 -35.106240 -17.974632 9.237873 4.191956 13.325099 16.179072 7.217264 10.695319 41.164507 129.040171 56.386521 -156.622306 -39.052918 11.964866 4.843823 
129.598379 72.291774 -109.877813 -176.498769 0.036902 171.376468 -27.868337 -17.962744 -6.271755 53.428961 1.438315 -11.308187 -22.576267 17.779082 21.082334 -0.000000 0.000000 0.000000 -8.999109 -4.293549 -0.911056 39.079985 -4.164544 0.817980 -12.063407 -3.723501 5.870271 -0.000000 0.000000 0.000000 10.142840 8.408480 -10.407573 2.243589 -2.318178 2.729593 2.978596 3.766146 2.316727 -17.393042 4.826789 -2.657007 1.096195 -4.804673 2.597744 -0.000000 0.000000 0.000000 5.343727 -11.608219 -13.650388 9.304685 -15.149513 -44.360539 140.406129 -56.512884 156.938925 -37.067825 -18.289327 6.863993 4.210503 13.236255 15.503415 6.445802 12.818413 43.513877 131.888381 56.573663 -158.198740 -36.343388 13.956367 -1.595812 
130.322039 74.437648 -113.969922 -176.171358 -1.706304 172.199831 -25.836978 -17.679475 -7.867620 38.531873 5.653925 -9.826642 -18.810136 20.756569 19.525049 -0.000000 0.000000 0.000000 -6.720607 -7.077531 -2.620858 36.815645 -5.663521 -0.810637 -0.025843 1.113248 10.764483 -0.000000 0.000000 0.000000 11.648738 10.068731 -10.647191 2.220326 -0.740343 1.977968 2.954757 4.543645 2.834363 -16.403288 3.786646 -2.404002 1.315043 -7.140202 3.859538 -0.000000 0.000000 0.000000 5.263923 -9.586707 -12.896967 11.199677 -13.374259 -44.079925 142.236534 -57.675343 157.855275 -39.229843 -17.974727 3.488366 4.337046 13.459425 15.080119 6.460181 14.066140 44.860517 134.995636 57.274452 -159.865525 -35.718337 15.284168 -4.563039 
130.503273 76.201516 -117.932129 -175.789441 -3.702967 171.431103 -21.948391 -17.145063 -8.124875 23.421943 9.060924 -6.721255 -14.002941 24.400730 17.119681 -0.000000 0.000000 0.000000 -4.511677 -8.898232 -2.972051 34.640261 -5.602713 -1.330246 13.764502 6.385527 14.175178 -0.000000 0.000000 0.000000 12.165431 11.181542 -8.853511 2.585489 0.406240 1.695699 2.729342 4.848651 3.276664 -15.719563 1.969865 -2.914107 1.430925 -7.723079 4.781274 -0.000000 0.000000 0.000000 5.351252 -7.536110 -12.658414 12.399477 -10.852174 -45.564018 142.108447 -59.033723 157.228011 -38.628766 -16.591501 2.967984 4.571141 13.602207 14.299659 6.620593 14.632417 45.958952 137.427276 57.913970 -160.164418 -33.947791 16.642161 -7.792218 
129.931509 77.037883 -121.309388 -175.592627 -6.523249 170.142414 -18.359367 -15.397630 -8.144255 12.944142 11.092026 -3.194237 -7.598376 27.086823 14.256376 -0.000000 0.000000 0.000000 -3.343203 -9.961244 -2.964711 34.945693 -4.603352 -1.266771 24.174625 12.237185 16.364685 -0.000000 0.000000 0.000000 11.483767 11.341137 -6.116858 2.238027 0.894129 1.712260 2.639677 4.621340 3.643775 -15.215104 0.061928 -3.628198 1.745710 -7.333160 5.252998 -0.000000 0.000000 0.000000 5.989060 -6.348825 -12.182151 13.192636 -8.668356 -48.784070 140.457521 -60.299235 155.903738 -36.926179 -15.189039 4.788179 4.704285 13.540538 12.953872 6.524804 14.649712 47.502938 140.009878 58.584004 -160.399125 -33.489048 17.195535 -9.364110 
128.786814 76.944607 -124.009037 -176.261035 -9.890641 169.594543 -15.935110 -17.789397 -9.723295 5.708663 11.973021 -1.177788 -0.261813 33.900904 16.522348 -0.000000 0.000000 0.000000 -4.781009 -7.596714 -3.765068 39.381664 -3.521863 1.647861 29.775623 10.161881 15.220944 -0.000000 0.000000 0.000000 9.732082 10.096842 -4.124038 1.378081 1.325446 2.235847 2.990569 3.722287 3.717019 -16.066003 -2.319576 -4.245030 3.099772 -5.496091 5.022751 -0.000000 0.000000 0.000000 7.014539 -5.734752 -12.715876 13.150417 -8.712513 -51.494278 138.033864 -61.308721 154.641036 -35.845979 -13.942966 7.963708 4.638958 13.444731 12.499554 7.818339 15.624171 47.682706 140.720881 58.934935 -160.698480 -34.745677 17.705575 -8.646890 
127.747762 76.288092 -126.703787 -176.034453 -14.729967 168.124418 -14.407316 -15.227149 -8.768554 10.838650 13.284484 -3.600684 -10.804975 30.889910 24.383911 -0.000000 0.000000 0.000000 -5.332679 -5.507823 -2.175328 45.858159 -6.211780 4.621888 25.558864 -3.349474 13.255519 -0.000000 0.000000 0.000000 9.195963 7.687001 -1.370425 -0.075009 1.379499 3.124384 3.424743 2.779689 3.955002 -16.796469 -5.334661 -4.862272 3.728843 -2.136751 4.343071 -0.000000 0.000000 0.000000 7.883905 -6.285328 -13.987478 11.391890 -8.737035 -52.822816 136.611241 -61.912129 152.716895 -35.909603 -13.941520 10.449305 4.774034 13.742769 12.662386 9.565864 15.256293 47.290883 140.927362 58.714704 -161.439624 -34.687092 17.320993 -7.078407 
127.002156 75.378942 -129.524171 -176.031390 -19.795666 166.760847 -13.774705 -11.889962 -6.771518 19.372566 12.358495 -5.258510 -22.322960 22.317443 28.672777 -0.000000 0.000000 0.000000 -7.041399 -3.218485 -0.176485 52.470178 -5.887676 7.406491 19.649657 -11.810940 10.368115 -0.000000 0.000000 0.000000 9.141282 5.210758 0.693025 -0.402129 0.868284 4.236582 2.966482 2.049634 3.893765 -17.265274 -6.143311 -4.699144 3.097714 -0.565287 3.725488 -0.000000 0.000000 0.000000 7.314000 -7.168857 -15.461836 9.748876 -9.812039 -51.823866 137.260240 -62.968772 151.695694 -36.814723 -14.927583 10.499685 4.778183 13.597627 14.066224 11.261249 14.451594 46.387969 141.240703 58.652175 -162.599050 -34.126023 17.386359 -6.895846 
126.374912 74.456859 -132.188165 -176.722370 -24.593828 166.198754 -16.029507 -8.859149 -5.368886 30.615061 10.424200 -6.748384 -29.885561 16.059952 30.866242 -0.000000 0.000000 0.000000 -11.411015 -1.373617 1.382669 59.199326 -2.116444 8.418334 12.301996 -15.242536 5.471283 -0.000000 0.000000 0.000000 9.645821 2.875618 1.656676 -1.134753 -0.052271 5.026587 3.598401 1.340003 3.357624 -19.338232 -4.986440 -3.692070 3.071534 -0.236524 3.314429 -0.000000 0.000000 0.000000 5.516855 -8.765026 -18.062080 8.509765 -12.036843 -47.666425 138.750806 -63.691989 152.102317 -37.814340 -16.092741 9.792191 4.215867 13.168910 17.008647 12.534103 13.702183 44.788839 139.922200 59.318215 -162.848541 -34.509238 16.534876 -5.991633 
125.639939 73.997241 -134.758401 -178.000239 -31.420582 165.595927 -17.080201 -5.548735 -2.865073 39.316383 7.379262 -7.129350 -33.163098 10.125605 28.550513 -0.000000 0.000000 0.000000 -15.675472 0.359012 4.034622 62.583389 0.796659 9.036387 4.665798 -17.557221 -0.349635 -0.000000 0.000000 0.000000 10.210061 0.393113 2.554758 0.806880 -2.010355 5.878959 2.552734 0.035582 3.148012 -20.802265 -3.571388 -2.967538 1.106594 0.169835 3.853590 -0.000000 0.000000 0.000000 4.603611 -13.200706 -19.341672 5.926286 -14.086193 -43.785794 138.376793 -62.478681 152.391997 -34.226928 -17.370051 12.959978 4.756501 14.191413 17.820308 12.526496 11.836252 46.269353 135.395371 60.518219 -160.058273 -33.159327 16.362321 -8.189578 
124.299061 73.946089 -137.475467 -177.550820 -39.137071 164.570124 -13.960365 -0.487046 1.198402 43.051914 4.926050 -3.539354 -34.204874 4.148243 23.171042 -0.000000 0.000000 0.000000 -16.049194 2.969349 8.716345 59.596147 1.604456 9.622230 -3.635788 -20.004112 -6.393396 -0.000000 0.000000 0.000000 12.616797 -2.716526 5.308176 2.758964 -3.593109 6.844452 0.947691 -1.099725 3.667726 -20.691146 -2.768332 -3.454959 -1.160714 1.526845 4.425665 -0.000000 0.000000 0.000000 3.528644 -16.828280 -19.833910 2.520957 -16.038492 -41.704035 138.720294 -60.001343 153.535068 -32.828102 -19.261551 13.283485 5.213864 15.116218 17.041094 13.168229 9.328236 48.070198 135.988662 61.299198 -161.050626 -35.718646 17.153776 -10.228898 
122.324681 74.144107 -140.012801 -178.095518 -44.207570 162.956788 -11.135638 4.040832 4.744309 42.920900 3.850108 0.320430 -32.618290 0.002662 17.133024 -0.000000 0.000000 0.000000 -18.327623 6.041399 13.050781 53.861089 2.355419 7.981256 -8.473013 -22.574354 -10.087156 -0.000000 0.000000 0.000000 13.958195 -5.798185 8.594206 3.265924 -4.074828 7.330894 0.115945 -1.947186 4.039344 -20.164052 -2.251447 -4.883994 -1.975747 3.991932 4.688652 -0.000000 0.000000 0.000000 2.798334 -18.227212 -19.870492 -0.920904 -18.640453 -41.815967 140.455876 -57.135289 156.199789 -34.146578 -21.030859 12.507941 6.155841 14.611943 16.020473 14.950427 6.877763 48.619617 135.847922 60.822523 -160.896702 -34.316648 16.364293 -11.327038 
119.931138 74.564910 -142.636764 -179.546193 -47.296967 161.961068 -7.411255 7.845986 6.767262 38.679439 3.123312 2.585630 -28.385041 -3.424023 10.956909 -0.000000 0.000000 0.000000 -21.184790 7.687974 14.582073 47.143773 2.700641 4.840426 -9.156520 -21.985648 -10.365559 -0.000000 0.000000 0.000000 13.860325 -8.612315 9.868459 3.222465 -4.238901 7.469921 0.150897 -2.642402 4.715933 -19.640591 -1.298522 -5.965854 -2.142473 6.068087 4.648294 -0.000000 0.000000 0.000000 3.020079 -18.498547 -18.478618 -4.064479 -21.368543 -44.092478 140.745490 -54.158696 158.264166 -33.750336 -22.749242 13.174025 7.106048 13.098169 14.128527 15.770814 5.528731 49.611068 136.383005 60.993640 -160.212865 -36.601243 17.180031 -7.900373 
117.323899 74.977738 -145.222294 177.351284 -48.779517 161.475544 -1.353625 4.578602 4.382891 29.859103 0.461765 2.420727 -20.872198 0.165351 8.893588 -0.000000 0.000000 0.000000 -24.576810 10.530699 13.607466 39.148837 2.343334 2.128371 -6.747802 -20.906743 -7.836577 -0.000000 0.000000 0.000000 11.612491 -10.641735 8.679020 3.274682 -4.397580 7.678625 0.792227 -3.355258 4.969389 -19.628427 0.356072 -6.132439 -2.089571 6.490795 4.261948 -0.000000 0.000000 0.000000 3.209297 -17.604805 -17.045749 -5.306820 -25.612620 -45.425039 140.794650 -51.796700 160.179328 -31.547121 -24.215093 16.280397 7.092056 10.665018 13.472499 17.857720 7.245985 49.804756 136.494071 61.617728 -159.811659 -37.555999 18.227943 -9.578438 
114.301264 75.320286 -147.914457 176.325039 -50.677443 163.037593 3.588886 3.307147 2.817695 24.639543 -1.608961 1.217363 -10.113288 3.035024 4.188810 -0.000000 0.000000 0.000000 -24.214257 11.582326 11.484383 29.672562 1.947917 -0.594534 -4.404564 -17.594986 -4.341982 -0.000000 0.000000 0.000000 10.678962 -11.842078 7.227282 3.328050 -4.936775 7.362302 1.267443 -3.931040 5.071049 -19.616988 1.911892 -6.234694 -1.722930 6.336957 4.133906 -0.000000 0.000000 0.000000 3.296186 -17.176903 -16.304985 -5.314622 -28.434597 -45.289444 141.258418 -50.158406 161.723730 -29.864309 -25.433229 17.784101 6.629965 8.605262 13.360295 19.347702 7.714249 49.659392 136.896499 62.285546 -159.041245 -37.720074 18.914410 -10.082700 
111.369193 75.441867 -150.521398 174.537481 -52.550951 164.767322 6.436323 -1.801713 -0.044311 21.800340 -3.113413 -1.320092 1.612595 11.000006 0.048999 -0.000000 0.000000 0.000000 -23.741906 11.643844 8.417884 21.049342 1.417469 -2.294114 -2.339318 -11.226549 1.117637 -0.000000 0.000000 0.000000 9.626527 -12.185644 4.418372 2.312952 -5.855700 6.997101 2.475739 -4.403062 5.167560 -20.183490 4.009131 -5.822814 -0.891796 5.041775 3.736248 -0.000000 0.000000 0.000000 3.167386 -16.214640 -15.716443 -4.079501 -30.963457 -44.247910 141.986626 -49.716692 163.455939 -30.146799 -25.834044 15.692691 5.417165 5.936477 13.670281 20.478356 9.110171 48.719338 136.936289 62.930494 -157.638965 -37.881123 18.462511 -10.836486 
108.609760 75.331950 -153.343701 174.059933 -54.986406 165.128644 3.513885 -0.472847 1.323344 31.150123 -0.431967 -2.708305 11.405272 9.014483 -6.478940 -0.000000 0.000000 0.000000 -21.411784 11.266801 8.451932 13.455756 1.913946 -3.362314 -0.165735 -6.256666 5.127886 -0.000000 0.000000 0.000000 9.970791 -12.093587 3.351651 2.538696 -6.648580 7.118572 2.114705 -4.795897 5.416552 -19.934743 4.653029 -6.179530 -1.385497 5.164484 3.928950 -0.000000 0.000000 0.000000 3.563523 -15.921855 -15.579463 -3.538206 -30.825395 -43.675297 142.552801 -49.687919 164.231360 -30.373867 -25.884894 13.686334 4.925356 5.279142 13.873189 19.941898 9.448761 46.967451 140.788896 63.237072 -159.337091 -39.000765 18.583026 -11.042031 
105.929339 74.559426 -156.082654 174.811460 -56.989588 166.391037 -0.258572 -0.649365 2.494014 42.827619 1.534953 -4.568854 19.857816 8.296508 -9.142568 -0.000000 0.000000 0.000000 -20.272262 9.675354 8.760230 13.227076 0.859217 -2.539804 1.568673 -5.030543 3.335107 -0.000000 0.000000 0.000000 10.419094 -11.124565 1.968466 3.496499 -7.014719 7.409570 1.332519 -5.026086 5.503456 -19.769987 4.264035 -6.688421 -1.409237 5.907581 3.884656 -0.000000 0.000000 0.000000 3.739358 -16.354495 -16.454495 -2.572738 -29.615135 -42.538973 142.324298 -50.516663 164.567597 -30.893833 -25.129836 12.346143 4.417870 6.227393 14.788332 18.873184 8.707013 43.947787 140.956845 62.372676 -159.769271 -40.064495 17.238628 -6.774933 
103.327870 73.104215 -158.912909 175.619875 -59.373726 167.130705 -4.553151 -1.079441 4.772168 55.118823 -0.366903 -6.687549 12.811215 8.701022 -6.757561 -0.000000 0.000000 0.000000 -20.766083 8.330314 10.279972 23.402045 1.484173 -2.114226 -7.843112 -8.615402 -3.598481 -0.000000 0.000000 0.000000 10.570879 -10.071835 0.976936 4.126240 -7.156577 7.654482 0.620172 -5.107663 5.111642 -19.126359 3.595728 -6.539886 -0.788928 6.036529 3.186935 -0.000000 0.000000 0.000000 3.768394 -16.960782 -17.938474 -1.528505 -26.246561 -41.626857 141.315018 -52.189922 162.782901 -32.715334 -23.430572 11.980034 4.195694 8.664808 16.187585 16.926183 7.618976 40.867282 139.174735 61.069830 -159.075442 -39.504380 16.755638 -5.007499 
100.646603 71.482110 -161.546683 176.267459 -61.910781 168.136712 -9.466919 -3.172672 5.731097 65.265137 -3.296849 -8.242145 4.434031 7.067874 -3.705136 -0.000000 0.000000 0.000000 -20.824639 8.618762 10.598077 32.493646 1.778054 -0.991269 -17.551180 -9.723264 -6.150065 -0.000000 0.000000 0.000000 10.985153 -8.588320 0.140552 3.489166 -7.298254 7.430388 0.387542 -4.957129 4.239005 -18.420271 3.576903 -5.655254 -0.267726 4.386173 1.650135 -0.000000 0.000000 0.000000 3.753556 -16.834627 -19.575624 0.314858 -22.670838 -41.013415 139.499481 -56.215210 159.441956 -34.660777 -21.779928 9.034637 3.632739 10.736257 18.217063 15.067478 8.111082 37.747195 138.780361 59.892029 -160.200871 -38.581403 16.966678 -6.049430 
97.663981 70.793450 -163.878727 177.526456 -63.838456 169.386449 -14.396692 -4.728171 6.089285 71.267963 -5.075841 -9.076555 -3.093171 6.922785 -0.260388 -0.000000 0.000000 0.000000 -17.564145 7.516241 10.283772 35.300955 2.934556 0.737230 -23.095276 -10.438351 -9.145959 -0.000000 0.000000 0.000000 10.814008 -6.308854 -0.089435 4.927386 -7.612642 7.094109 -0.051618 -4.259746 3.373385 -19.112258 3.441603 -5.702279 -0.127478 3.279564 0.843589 -0.000000 0.000000 0.000000 3.788717 -17.415558 -20.691144 2.376370 -17.601925 -40.862615 134.301131 -59.104897 152.402688 -31.107480 -19.095609 10.666296 3.198518 13.773296 18.508485 10.316912 9.642589 37.541668 136.026039 58.195110 -160.090595 -36.515341 15.882114 -6.974738 
94.221359 71.048743 -166.082680 179.179060 -64.872243 171.728282 -18.995032 -4.913859 4.871167 72.947044 -4.047859 -9.025017 -9.145505 7.646404 3.492244 -0.000000 0.000000 0.000000 -11.560434 4.953574 9.361069 33.563067 3.721791 -0.477967 -25.364217 -8.906290 -8.828620 -0.000000 0.000000 0.000000 10.767106 -3.380065 -1.006889 4.000573 -7.687840 5.750642 0.677685 -3.158712 2.618449 -18.428425 3.204271 -5.068461 0.947626 1.430656 0.583636 -0.000000 0.000000 0.000000 4.530375 -16.802896 -20.234233 5.778206 -13.204500 -40.945719 131.920803 -60.224499 147.640599 -30.747820 -18.598667 10.984037 2.493082 15.242861 17.965299 6.181882 11.589501 40.281760 134.712077 56.421440 -160.876091 -33.539263 16.395293 -8.740783 
90.577680 72.278118 -168.152106 177.438900 -65.798937 171.840343 -24.281374 -7.067109 2.182574 69.521500 -0.465801 -10.763701 -12.274463 9.398475 6.562045 -0.000000 0.000000 0.000000 -5.832769 4.507562 8.077865 27.876398 4.523370 -2.016048 -23.325015 -10.065346 -7.623637 -0.000000 0.000000 0.000000 9.889667 -0.328375 -3.539928 1.647342 -6.990554 4.671110 2.218472 -2.038990 2.194924 -17.762972 2.353084 -3.945903 2.680122 -1.631237 1.155698 -0.000000 0.000000 0.000000 5.732086 -13.613661 -18.583103 8.417279 -11.279325 -40.440868 133.892292 -60.826307 146.201615 -34.704878 -18.637401 8.083512 1.987390 14.214732 18.297272 4.125541 14.881573 42.340349 134.163709 54.920947 -162.169424 -33.330902 17.098587 -9.155744 
86.698043 73.998129 -170.091617 174.193651 -66.418227 170.950206 -28.463879 -9.536687 -0.996859 61.325952 4.332937 -12.278440 -12.394323 11.200799 8.336064 -0.000000 0.000000 0.000000 -1.091331 5.012780 6.309927 21.848711 5.229061 -3.930423 -16.433702 -11.835239 -4.100506 -0.000000 0.000000 0.000000 8.539249 2.657698 -6.812965 -0.298833 -5.841373 3.852983 3.553236 -0.963526 2.136916 -16.823653 1.094074 -3.205069 4.170682 -4.615086 2.300391 -0.000000 0.000000 0.000000 6.841727 -10.259511 -16.015990 10.093888 -10.108802 -39.886016 135.148202 -60.865148 144.626680 -33.788925 -18.457792 7.507945 1.666911 12.553643 17.925973 3.739296 17.636100 44.290353 134.109954 53.656466 -163.245171 -32.726480 16.692140 -8.742882 
82.430458 75.655144 -171.989357 171.768985 -67.707336 169.542890 -29.752808 -11.994283 -2.952457 49.183690 9.258544 -11.602945 -10.685936 12.924811 8.318554 -0.000000 0.000000 0.000000 2.839393 4.578952 4.458394 17.160213 4.682573 -3.975610 -4.280763 -11.548298 2.057845 -0.000000 0.000000 0.000000 7.117531 5.114238 -8.502613 -0.421012 -4.963157 3.569437 3.771883 -0.236093 2.251925 -15.586790 -0.362682 -3.019531 5.100508 -6.759909 3.270143 -0.000000 0.000000 0.000000 7.806960 -8.006319 -14.722071 11.424197 -8.956973 -39.598552 134.632590 -61.626731 143.267129 -31.079183 -17.905145 6.843562 1.845570 11.449635 17.800298 4.736156 18.997206 43.993899 135.540695 52.981768 -163.858649 -32.813374 17.257446 -8.828499 
77.990103 76.788896 -173.882306 171.105055 -68.774432 168.214818 -27.689417 -13.502820 -3.404030 34.061216 11.816616 -7.708488 -8.047007 14.181546 7.756819 -0.000000 0.000000 0.000000 5.053237 2.213811 2.986595 15.735681 4.270083 -2.513763 9.849769 -7.067267 8.302060 -0.000000 0.000000 0.000000 5.864853 7.140933 -8.327281 0.188029 -4.261082 3.356626 3.797137 0.250973 2.509235 -14.645400 -1.731622 -3.072055 5.302105 -7.509274 3.999537 -0.000000 0.000000 0.000000 8.194138 -6.593381 -14.309046 12.643841 -7.738789 -40.436653 132.792513 -62.952135 141.568363 -27.326050 -16.951102 7.826580 2.202929 11.045144 17.128260 5.926497 19.112647 43.517271 137.991070 53.483653 -163.930812 -32.924583 17.484641 -7.555335 
73.511952 77.090120 -175.797772 173.514654 -69.588757 168.796561 -23.377013 -12.740945 -3.038438 20.895383 9.802894 -1.772681 -7.472212 13.825076 6.748462 -0.000000 0.000000 0.000000 5.877875 -0.762599 2.780075 19.793066 4.463936 -1.830828 18.647498 -3.201671 11.475853 -0.000000 0.000000 0.000000 5.571668 8.011025 -7.193750 0.236778 -3.572272 2.867498 4.092231 0.353255 2.917718 -13.888614 -2.880245 -2.756259 5.165311 -6.733047 4.555550 -0.000000 0.000000 0.000000 8.296929 -5.278996 -13.759258 13.196603 -5.927766 -42.695254 130.333788 -63.640968 138.928681 -24.322029 -15.947864 9.561920 2.519257 11.529457 15.826543 6.835009 18.428223 44.319509 140.455515 55.589410 -163.048178 -31.499485 17.715592 -6.939615 
69.182867 76.436985 -177.553272 176.341420 -70.568709 170.461867 -19.869511 -12.487496 -3.682198 14.265274 6.396080 1.955329 -7.125638 13.640759 7.138418 -0.000000 0.000000 0.000000 4.889541 -1.752986 2.590308 27.710793 0.734353 -1.536149 22.017466 -8.172504 10.875080 -0.000000 0.000000 0.000000 5.431651 7.451488 -6.347906 0.151627 -2.634647 2.465737 4.076694 0.642916 3.196002 -12.583783 -4.774708 -3.653739 4.618909 -5.032178 4.933525 -0.000000 0.000000 0.000000 9.392234 -5.775736 -13.829202 12.909535 -4.588360 -44.091806 127.949408 -64.101389 136.801430 -23.792256 -15.302927 10.827285 3.118406 12.668904 14.699386 8.047022 17.377114 45.913196 139.679438 58.069385 -160.231132 -29.797509 17.951341 -7.073725 
65.031368 75.089413 -179.064333 178.712831 -72.040804 172.236005 -17.780989 -13.028773 -4.477599 14.260258 5.848603 1.939917 -3.234447 14.475770 8.120823 -0.000000 0.000000 0.000000 2.634296 -1.113915 2.122295 36.423754 -2.452226 -0.341719 19.519726 -12.127039 8.274798 -0.000000 0.000000 0.000000 5.447132 6.182836 -6.352998 0.878770 -2.380714 2.670613 3.517364 0.469263 3.002999 -12.405460 -4.770448 -3.745756 4.637783 -4.263229 4.474835 -0.000000 0.000000 0.000000 9.341201 -5.977359 -14.890448 13.195389 -5.023559 -44.083612 126.457721 -64.724493 135.712768 -24.191837 -15.294620 11.391509 3.078473 12.911370 16.010383 9.730274 16.807602 45.025270 135.592286 60.744376 -154.985493 -27.631648 17.461537 -7.672333 
61.080396 73.141158 -180.333316 -179.990433 -73.837476 173.607849 -18.520361 -14.033190 -6.213969 24.011156 4.268881 0.369692 -12.410152 14.540318 16.131369 -0.000000 0.000000 0.000000 -1.221160 -0.500443 1.321991 45.238434 -3.164104 0.743374 16.210567 -14.922878 6.471470 -0.000000 0.000000 0.000000 5.712630 4.969555 -6.804956 0.660438 -2.701651 3.094171 3.324429 0.091027 2.531203 -12.104360 -4.736757 -3.456971 4.605578 -3.540792 3.736322 -0.000000 0.000000 0.000000 8.993878 -6.829708 -16.090120 12.500235 -6.659919 -42.787447 125.557227 -65.835596 133.902201 -24.677178 -15.608721 11.887089 3.152327 12.610559 17.660161 11.535624 16.229786 44.576314 128.895625 64.351566 -148.389828 -25.582838 16.760895 -8.454472 
57.425559 71.417558 -181.364763 -179.664921 -75.528847 174.532109 -20.897769 -15.322470 -7.459853 34.758443 3.066115 -2.697711 -19.088986 14.777008 19.298818 -0.000000 0.000000 0.000000 -7.008706 1.510485 1.037194 54.524663 -2.667715 1.870315 7.717985 -17.584712 2.556455 -0.000000 0.000000 0.000000 6.234671 3.736387 -7.214436 -0.082647 -3.190480 3.467675 4.189610 -0.159936 1.647268 -13.541430 -3.366020 -2.249659 5.535024 -4.285578 3.313255 -0.000000 0.000000 0.000000 7.484071 -8.977477 -18.214450 11.788799 -10.035659 -39.693440 122.212074 -67.703699 130.469089 -24.139161 -16.205846 12.294744 3.115891 12.623778 20.424728 13.107572 15.560626 44.243956 118.281772 68.764282 -139.501257 -27.125711 15.918835 -7.424769 
53.681022 70.656824 -182.469833 -173.185366 -78.015832 -178.975365 -16.639888 -13.576973 -6.445866 37.407991 -0.275360 -3.771059 -24.488059 12.791601 21.251014 -0.000000 0.000000 0.000000 -11.518284 2.833840 1.730136 60.924855 -1.768942 3.378195 0.841232 -18.962466 -2.281511 -0.000000 0.000000 0.000000 7.676056 1.849699 -6.754984 1.905019 -3.602949 3.892113 3.027499 -0.583231 1.458939 -14.428496 -2.134380 -1.969593 4.270242 -4.015794 3.635067 -0.000000 0.000000 0.000000 5.976269 -12.815836 -20.067995 10.314639 -12.515615 -36.912975 122.035337 -66.896454 131.501752 -21.446901 -15.770487 14.164930 3.697244 13.721724 21.563494 14.564421 13.293419 46.112133 110.589102 70.027848 -134.496294 -25.317267 12.798943 -10.262422 
49.490824 70.746869 -183.362091 -163.135529 -78.428765 -169.118702 -9.007168 -10.006880 -5.646567 35.432402 -3.174993 -1.804778 -27.744413 11.339055 21.378207 -0.000000 0.000000 0.000000 -15.230807 3.132784 2.198935 63.586174 -1.078680 3.683761 -3.959839 -17.964937 -4.266780 -0.000000 0.000000 0.000000 8.991215 -0.795678 -5.033443 1.751781 -3.188196 3.646957 3.163375 -0.839521 1.500881 -13.633505 -1.071326 -2.311433 4.257097 -2.267253 3.462568 -0.000000 0.000000 0.000000 4.388761 -13.701337 -20.595593 7.757846 -15.827848 -37.020736 127.773805 -65.448755 138.274787 -22.841930 -17.428748 14.286093 4.012897 12.831246 20.813025 16.192753 11.363093 46.840041 115.235628 69.921790 -137.936869 -26.730602 13.438301 -9.892573 
44.856191 71.806717 -184.432745 -157.246534 -78.334635 -164.241093 -0.672809 -8.907470 -3.841823 29.894187 -5.538252 -0.311293 -27.457493 12.306819 19.476204 -0.000000 0.000000 0.000000 -18.409929 3.411740 4.327452 60.926214 -1.565171 4.032329 -7.105181 -16.144631 -4.450113 -0.000000 0.000000 0.000000 9.320138 -2.877339 -2.681780 1.130362 -3.024099 3.738368 3.528010 -1.400052 1.874020 -12.461454 0.464825 -2.704060 5.183944 -0.489980 2.938156 -0.000000 0.000000 0.000000 3.177302 -13.149670 -20.073417 5.090244 -19.483906 -39.197606 133.244652 -63.095380 145.218458 -24.983876 -18.854001 14.063950 4.490136 10.955055 19.356706 17.846369 10.074083 46.977311 119.445883 68.723299 -139.562265 -27.025115 14.711791 -10.278096 
39.780408 73.514062 -185.690951 -154.530934 -77.914459 -162.539039 7.366242 -7.518980 -1.463232 23.271729 -6.698026 0.515517 -22.153203 13.235819 14.780987 -0.000000 0.000000 0.000000 -20.270588 4.006900 7.106685 53.421453 -3.143701 3.958454 -7.194200 -15.272517 -3.703462 -0.000000 0.000000 0.000000 8.952820 -4.961541 -1.039877 1.235613 -2.767983 3.948550 3.297654 -2.219675 2.790488 -11.561003 1.777618 -3.239241 5.800189 1.810851 2.543707 -0.000000 0.000000 0.000000 2.940178 -12.340602 -18.463861 2.510031 -22.364354 -42.765293 135.411879 -59.835212 149.726855 -24.673016 -19.360430 14.895955 5.327292 9.784991 17.314179 19.314472 9.423975 47.602644 122.528808 68.438040 -140.515150 -28.805438 15.155965 -9.946353 
34.411058 75.403762 -186.899471 -154.324096 -77.176722 -162.253010 12.884656 -5.770445 -0.674407 18.950025 -6.836081 1.445140 -11.878205 13.867689 7.313124 -0.000000 0.000000 0.000000 -20.792603 5.074162 9.070053 42.439430 -4.854256 2.418515 -4.345127 -14.660436 -1.466275 -0.000000 0.000000 0.000000 7.736042 -6.817913 -0.520406 2.012084 -2.489521 4.116076 2.692690 -2.519535 3.538629 -10.433429 2.476046 -4.409610 5.392789 4.072582 2.678764 -0.000000 0.000000 0.000000 3.590416 -12.577210 -17.101647 1.039235 -24.617824 -44.631582 136.250733 -57.298467 153.251091 -24.557552 -20.485728 15.691323 6.104806 8.880995 15.580589 20.698765 8.463608 48.696277 124.482291 68.657084 -141.388408 -33.625592 14.914354 -4.358600 
28.946465 77.004117 -188.141453 -154.620344 -77.084221 -161.284997 15.224876 -3.405270 -0.143841 18.390179 -6.157119 0.607883 0.702768 11.615287 -0.268327 -0.000000 0.000000 0.000000 -19.693624 6.039164 9.739976 29.490842 -5.098260 0.179469 -1.373438 -12.943380 0.522431 -0.000000 0.000000 0.000000 6.259280 -8.256055 -0.960749 2.411992 -2.777320 3.820223 2.129521 -2.835011 3.700154 -9.370505 3.570365 -5.208376 4.973715 5.481906 3.258757 -0.000000 0.000000 0.000000 4.359016 -12.155344 -16.674827 1.033288 -25.470945 -43.929739 138.681362 -55.572094 156.751336 -24.535508 -21.880836 15.537364 7.187511 7.556686 14.764950 21.636188 8.350049 49.481875 126.098170 68.801540 -141.433624 -32.262485 15.042669 -7.310037 
23.710035 77.913582 -189.407241 -152.930059 -76.489802 -157.740509 16.165534 0.088646 0.440985 21.400717 -4.670840 -0.517261 11.616063 6.491026 -8.986280 -0.000000 0.000000 0.000000 -17.006604 6.608770 9.512497 18.121335 -4.681210 -1.894020 0.836299 -8.865828 3.826503 -0.000000 0.000000 0.000000 6.163626 -8.798013 -2.158738 2.143838 -2.914149 3.031958 1.526524 -2.839664 3.637671 -8.735415 5.036526 -5.452569 4.610748 5.739300 3.810615 -0.000000 0.000000 0.000000 4.630128 -11.423589 -16.441210 1.929693 -25.338115 -42.509932 140.526571 -54.796988 159.102564 -24.502184 -23.053223 13.664521 7.508750 5.982161 14.284074 22.343627 7.740957 49.994786 129.275541 68.937457 -142.574913 -32.012367 15.129040 -8.212600 
18.024667 78.089041 -190.662658 -137.612445 -78.909657 -142.181443 16.668562 0.821766 3.342769 27.615523 -6.426602 0.320152 20.285917 1.956017 -14.526356 -0.000000 0.000000 0.000000 -11.384772 4.025835 9.855707 9.354868 -5.898027 -3.528833 4.412043 -7.059203 5.097801 -0.000000 0.000000 0.000000 4.326054 -8.670500 -2.662658 6.743987 -5.117957 3.949981 -0.246189 -3.574802 3.738954 -7.545978 4.684208 -6.517581 2.674867 6.651818 4.599601 -0.000000 0.000000 0.000000 5.034860 -12.324237 -17.848700 2.215522 -23.741971 -41.267868 140.980714 -54.703084 159.748556 -25.321694 -22.563470 11.372824 7.888425 5.987220 14.403391 22.689666 5.193087 48.913115 133.109211 68.372705 -145.570972 -32.221327 15.174163 -8.276034 
13.273028 77.058262 -191.793990 -134.683988 -78.683248 -138.004973 14.165605 -0.893185 3.622123 36.645752 -5.048181 -0.920918 27.054205 2.535527 -15.990809 -0.000000 0.000000 0.000000 -9.837478 4.106580 9.835604 8.403421 -6.631565 -3.973133 5.316700 -8.309948 4.443560 -0.000000 0.000000 0.000000 3.933593 -7.789006 -3.675128 6.855398 -5.122153 3.623426 -0.055960 -3.566290 3.365993 -7.500176 4.081495 -6.522507 2.647446 7.246352 4.674291 -0.000000 0.000000 0.000000 5.348690 -12.088735 -18.629599 2.708809 -22.720990 -40.195771 140.525471 -55.671233 159.604823 -25.283850 -21.707433 10.929789 7.701787 6.090289 14.554401 22.332089 4.869055 47.136321 133.337148 68.023571 -146.107024 -32.363275 15.240854 -8.504625 
9.342884 74.923801 -192.692709 -143.875887 -77.155182 -146.084604 8.738087 -2.035975 3.714400 48.372091 -0.953534 -4.919220 23.964763 7.046132 -12.787648 -0.000000 0.000000 0.000000 -12.255838 5.945369 10.046002 14.980106 -3.314815 -2.299548 6.472792 -8.472638 -0.897301 -0.000000 0.000000 0.000000 5.117381 -6.684395 -3.242076 3.655165 -3.574719 2.217711 0.619133 -3.214839 2.603658 -8.067356 2.882964 -6.582523 3.210670 8.567192 4.534235 -0.000000 0.000000 0.000000 5.163218 -11.508364 -19.053916 3.304345 -20.363029 -40.218614 139.071407 -57.193258 158.031480 -24.664969 -20.213943 11.200455 7.721566 7.060991 14.167493 20.235530 5.143528 44.845843 130.909490 68.130363 -144.127072 -32.722056 15.197323 -7.577309 
5.144707 72.749734 -193.925369 -143.293530 -77.447811 -146.544643 3.657396 -2.995949 7.221962 58.996445 -0.854225 -7.227214 14.531499 10.749246 -8.046931 -0.000000 0.000000 0.000000 -15.597604 7.790408 13.764900 29.099749 -0.744749 -1.677520 -11.421391 -14.991943 -9.442306 -0.000000 0.000000 0.000000 4.989790 -5.820764 -2.494849 3.860399 -2.451884 2.931801 0.355481 -2.904100 1.960387 -8.623264 2.535444 -5.650502 4.449339 8.020196 2.579834 -0.000000 0.000000 0.000000 4.803254 -11.821601 -21.461203 4.526035 -17.302087 -38.450219 135.328274 -59.260329 153.532046 -24.290305 -17.643159 10.636637 7.283274 9.779137 16.942262 18.652427 3.716337 40.328743 126.783793 68.558410 -142.291176 -32.373503 14.940013 -6.717185 
1.326468 71.536148 -194.877732 -149.491191 -75.967394 -153.006566 -2.721480 -4.703619 8.037513 66.602491 -1.082140 -9.620598 5.192815 12.502298 -1.501600 -0.000000 0.000000 0.000000 -16.544886 7.843267 13.802057 37.079336 0.579785 1.000242 -19.279994 -13.768744 -11.978955 -0.000000 0.000000 0.000000 5.055425 -3.748089 -2.276612 3.937561 -1.526236 2.964338 1.216883 -1.939172 1.259311 -11.371915 4.069637 -4.323954 4.845786 6.002782 1.031469 -0.000000 0.000000 0.000000 4.456674 -11.644265 -23.044536 5.999429 -14.315079 -37.756570 129.549396 -61.709186 147.163026 -22.359956 -15.494845 10.879581 6.992198 12.828194 19.690688 13.909085 5.792404 35.405574 117.982183 69.274307 -135.602352 -29.926270 14.890195 -8.704758 
-2.767961 71.456796 -195.918107 -149.796322 -74.635467 -152.728745 -8.526115 -4.477510 7.292476 69.501785 -2.050464 -9.067795 -3.169685 13.175907 4.578767 -0.000000 0.000000 0.000000 -10.611513 4.713542 12.401961 36.590945 3.285090 0.118431 -24.450553 -10.847708 -12.937904 -0.000000 0.000000 0.000000 6.114671 -1.328228 -2.864389 3.614220 -1.746856 2.089293 1.631582 -0.823087 1.108908 -12.573546 4.052640 -4.334368 4.299893 5.220366 1.073345 -0.000000 0.000000 0.000000 4.593087 -11.233523 -21.798002 7.702002 -9.773923 -39.221549 126.997309 -62.076525 142.493101 -22.934243 -14.471928 13.096978 6.094261 15.441716 18.536149 8.520812 7.967924 36.804494 118.837697 67.968435 -137.869976 -28.070538 15.304228 -9.317704 
-7.313012 72.307503 -197.157943 -151.226899 -75.231611 -152.846102 -14.378949 -6.787672 5.116199 66.996634 -0.480678 -9.540393 -8.850310 13.298539 8.005949 -0.000000 0.000000 0.000000 -4.695889 3.827753 11.364099 32.579096 4.178712 -1.109980 -25.766472 -10.578841 -12.386361 -0.000000 0.000000 0.000000 4.856844 1.683570 -4.409390 2.817881 -1.983773 1.510736 2.443722 -0.013139 0.576058 -11.788797 3.803491 -3.605356 5.281109 2.555923 1.083611 -0.000000 0.000000 0.000000 5.520250 -9.756635 -20.400093 10.176224 -7.315948 -38.661912 128.785045 -61.834574 142.517845 -26.008865 -15.389962 10.937666 5.077636 15.548496 18.461069 5.651500 11.493450 38.853037 122.745701 65.878612 -143.986445 -29.491644 15.816916 -8.402170 
-12.053711 73.846608 -198.380423 -155.018996 -74.864134 -154.885097 -18.179387 -8.281563 2.514135 58.820251 1.873996 -10.080139 -10.204574 12.646069 8.306122 -0.000000 0.000000 0.000000 2.284536 4.147576 9.657869 25.585724 5.351781 -2.694474 -22.871181 -10.818273 -9.546729 -0.000000 0.000000 0.000000 2.904345 4.823825 -6.537887 2.446470 -1.235389 0.615632 3.071184 1.518589 -0.108691 -10.239699 3.372851 -2.745334 6.448455 -0.822142 1.878491 -0.000000 0.000000 0.000000 5.958963 -7.264882 -18.035579 12.201939 -6.336613 -37.681794 132.072840 -61.898311 143.242117 -28.599228 -16.598334 9.156077 4.762682 15.463269 17.931339 3.819491 15.290652 41.181840 125.590941 63.883137 -148.526467 -29.611874 15.947099 -8.407470 
-16.728689 75.624615 -199.339092 -159.575337 -74.447912 -158.151645 -20.200179 -9.983983 0.047194 46.546236 4.767977 -9.516229 -8.561618 12.983705 7.524677 -0.000000 0.000000 0.000000 7.843873 3.772845 7.625412 19.590064 6.203937 -3.735037 -14.789787 -10.936520 -5.151726 -0.000000 0.000000 0.000000 1.206732 8.093976 -7.594438 3.131429 -0.332015 -0.440120 2.586770 3.020970 -0.782770 -8.840028 2.114740 -2.809004 7.151329 -3.305822 3.137940 -0.000000 0.000000 0.000000 5.933211 -5.616977 -16.287475 13.836356 -5.420236 -36.457482 134.367106 -62.076384 144.104026 -28.818426 -17.341946 7.942549 4.968177 15.863059 16.698347 3.049207 17.716767 42.946678 129.524231 61.856568 -153.316041 -30.503483 15.913185 -8.000961 
-21.494310 77.077639 -200.140357 -161.679329 -74.383212 -160.028441 -19.816150 -12.213239 -1.658504 32.094704 6.992021 -7.130782 -6.342903 14.423809 6.926431 -0.000000 0.000000 0.000000 11.946230 2.525148 5.963442 16.263823 6.326544 -3.593730 -4.123152 -10.072277 0.013476 -0.000000 0.000000 0.000000 0.084029 10.854353 -7.409206 3.704489 0.328538 -1.270962 2.192273 3.883152 -1.176264 -7.596871 0.499002 -3.216229 7.727851 -4.601949 3.957584 -0.000000 0.000000 0.000000 6.015076 -4.565812 -15.600915 15.157279 -4.561220 -35.728900 135.236998 -62.647053 144.814701 -27.567186 -17.887556 7.782656 4.992304 16.150274 15.640060 3.425573 19.178810 43.124852 134.385715 60.109702 -157.451903 -32.708737 16.064572 -6.113538 
-26.388508 77.786708 -200.994849 -161.205326 -74.114185 -160.662373 -17.930876 -12.760691 -1.729462 19.589754 8.594454 -3.419972 -5.011838 15.447025 5.845865 -0.000000 0.000000 0.000000 15.300343 -0.266816 5.335863 15.592728 6.085245 -3.453786 6.592483 -6.645215 4.862161 -0.000000 0.000000 0.000000 -0.372741 12.653653 -6.279142 3.544822 0.683970 -1.698254 2.187194 4.496078 -1.001209 -6.471821 -0.872157 -3.794499 7.749729 -4.809442 4.429893 -0.000000 0.000000 0.000000 6.238792 -3.724712 -15.331317 15.994111 -3.034805 -36.551953 135.159498 -63.156202 144.820834 -26.206656 -17.854947 8.392244 4.935385 16.060303 14.462953 3.967053 19.456708 43.071343 138.470998 58.476761 -159.009650 -32.633006 16.591407 -5.458993 
-31.324294 77.515477 -201.836991 -161.756167 -74.157908 -162.689477 -17.002272 -12.358414 -1.527448 11.887579 9.117207 0.108300 -4.470789 15.474623 5.781393 -0.000000 0.000000 0.000000 16.426558 -2.817544 4.599040 18.611260 5.618152 -2.761306 14.478615 -2.526041 8.459043 -0.000000 0.000000 0.000000 -1.449375 13.220450 -5.071957 3.485066 0.768392 -1.536544 1.945668 4.517183 -0.611008 -5.516583 -1.707886 -3.840324 7.398358 -4.117803 4.365463 -0.000000 0.000000 0.000000 6.828081 -2.735460 -15.070128 16.564821 -1.427961 -38.998751 133.857567 -63.489215 143.888969 -24.969569 -17.046420 8.878785 5.047631 15.547728 13.790335 4.574949 19.293012 43.116566 141.654381 57.480493 -159.005830 -31.969377 17.009330 -5.033674 
-36.269477 76.390094 -202.573323 -159.974542 -74.448500 -162.070816 -16.029415 -11.966161 -1.933094 8.925333 8.592853 1.888897 -5.125846 15.718418 6.990696 -0.000000 0.000000 0.000000 16.677616 -4.099906 3.384234 24.166479 4.528523 -1.979787 21.013884 1.071323 12.181838 -0.000000 0.000000 0.000000 -1.671877 12.836916 -4.237229 3.010124 0.599404 -1.072264 2.076411 4.281573 -0.152474 -5.094063 -2.446536 -3.798823 7.103731 -2.961773 4.189101 -0.000000 0.000000 0.000000 7.548327 -2.656112 -15.123250 17.028388 -0.495944 -41.725216 131.932724 -63.979250 142.441961 -23.373308 -14.970462 9.402447 4.892813 15.026030 13.735259 5.834559 18.568099 43.480819 143.888688 57.466141 -159.038939 -31.896042 16.931161 -3.842098 
-41.063449 74.648786 -203.104401 -157.785576 -74.950671 -160.118032 -16.173946 -13.305713 -3.496969 11.104839 7.540467 1.613648 1.143771 14.967144 7.269441 -0.000000 0.000000 0.000000 15.008712 -4.561827 1.034718 32.376986 2.248911 -0.543951 27.747418 4.048718 14.876762 -0.000000 0.000000 0.000000 -1.710541 11.969530 -4.448039 3.888153 0.220580 -0.021925 1.168707 3.798114 -0.010248 -5.339132 -2.544186 -3.440230 6.699700 -2.188944 3.965560 -0.000000 0.000000 0.000000 8.382976 -2.977954 -15.465132 17.170258 -1.390332 -43.660156 131.214691 -65.241444 142.070784 -25.894325 -16.588666 7.890775 4.756068 14.293288 14.378332 7.635737 18.205153 43.502061 143.066712 58.537694 -157.981673 -31.054231 16.964520 -2.906888 
-45.685071 72.489655 -203.382802 -156.479351 -75.090095 -158.038283 -19.217430 -14.077422 -5.947209 24.269008 5.594000 -1.892578 -6.814305 15.513830 14.579768 -0.000000 0.000000 0.000000 11.071904 -5.157074 -2.335151 43.255238 0.143597 0.733366 31.598523 -0.217524 15.417666 -0.000000 0.000000 0.000000 -1.622514 11.069848 -5.234410 3.897972 -0.189289 1.038579 1.123731 3.260511 0.083622 -6.034102 -3.916936 -3.359952 6.005182 -0.074322 3.524805 -0.000000 0.000000 0.000000 8.492563 -4.453849 -16.824064 16.182425 -2.771701 -43.640858 129.063505 -66.386959 138.306290 -23.597431 -14.752951 12.048519 4.343489 13.922022 15.946566 9.906597 17.273335 42.910597 141.225022 60.807659 -157.007279 -29.706092 16.175174 -3.170572 
-49.785277 71.035266 -203.806973 -153.089116 -75.265200 -153.428293 -21.495863 -15.174534 -7.744458 36.248039 4.521591 -6.597334 -14.411609 16.051432 17.628803 -0.000000 0.000000 0.000000 6.145629 -2.718364 -4.318754 54.531534 -2.845945 2.460223 24.239848 -10.607556 11.293421 -0.000000 0.000000 0.000000 -0.187431 9.348250 -6.430035 2.431288 -0.253874 1.306976 2.864792 2.925201 -0.504436 -8.056301 -3.049591 -1.559997 7.053886 -0.499299 3.158525 -0.000000 0.000000 0.000000 7.413977 -6.580270 -19.874423 15.524873 -5.417012 -39.372643 126.515979 -68.289748 135.785541 -23.130354 -13.343937 11.408430 3.696801 14.033704 20.163200 12.392179 17.095164 41.916197 131.770863 65.768890 -149.962723 -27.770492 15.633873 -5.957923 
-53.467125 70.603997 -204.531407 -144.368710 -75.049343 -144.936019 -16.695121 -12.950581 -6.597236 39.042942 2.353517 -7.900495 -19.981505 13.694189 19.615061 -0.000000 0.000000 0.000000 1.679642 -0.548659 -3.098737 62.955211 -2.866423 3.631541 13.975052 -16.705984 3.527168 -0.000000 0.000000 0.000000 2.395344 7.086924 -6.531955 3.759352 -0.171025 1.414124 2.180231 2.701482 -0.417153 -9.258838 -2.032221 -1.158181 5.707446 -0.644231 3.756964 -0.000000 0.000000 0.000000 6.129552 -10.644725 -20.233664 13.062253 -8.378902 -37.562165 123.482937 -66.954875 132.843506 -18.636526 -13.321559 16.045145 4.489539 16.090113 20.064536 12.611329 15.253342 46.134149 118.016783 70.059844 -138.426260 -25.167873 15.217217 -11.401352 
-57.277864 70.873886 -205.041552 -141.271502 -73.534978 -141.909082 -11.141409 -11.090882 -7.109289 38.430285 0.341618 -6.524145 -23.129580 14.345639 20.929155 -0.000000 0.000000 0.000000 -4.020548 1.341680 -2.352609 68.070717 -2.035475 3.677262 4.755623 -16.972657 -1.231614 -0.000000 0.000000 0.000000 3.579595 4.712803 -5.785527 3.937886 0.439309 1.398542 2.053596 2.670875 -0.375179 -8.382679 -0.922031 -1.659838 5.259556 -0.146269 3.618022 -0.000000 0.000000 0.000000 4.367988 -12.157366 -20.935650 11.218549 -12.288862 -36.847049 129.028456 -65.407601 139.591569 -17.440050 -14.078541 19.022062 5.283306 16.490262 20.510136 14.760840 13.058090 46.969646 117.554267 72.418421 -138.057310 -26.875232 15.826475 -14.273358 
-61.199480 71.809977 -205.735683 -137.754737 -73.153792 -138.850775 -5.280185 -10.831459 -7.360744 35.646663 -0.979474 -4.312458 -23.959638 15.288988 19.505431 -0.000000 0.000000 0.000000 -8.575264 2.787362 -0.004552 67.255633 -3.542798 3.381084 -3.129023 -15.666391 -2.623500 -0.000000 0.000000 0.000000 3.874014 2.518806 -4.944701 3.154851 0.290397 1.718529 2.738095 1.861093 -0.010442 -7.136624 0.648486 -2.039239 5.551176 0.466238 2.783295 -0.000000 0.000000 0.000000 3.511926 -12.045328 -20.023838 8.306223 -17.044913 -38.460276 133.445058 -63.710871 145.787165 -20.966781 -16.664778 17.763675 5.691958 14.232927 19.647623 16.893921 11.537875 46.843578 118.814261 72.190531 -136.915884 -30.443220 16.944471 -11.158028 
-65.109545 73.235703 -206.673622 -131.139853 -73.112448 -133.490522 2.446195 -9.204687 -5.230313 30.361756 -3.381094 -2.369349 -22.193692 14.877152 16.209165 -0.000000 0.000000 0.000000 -11.491468 2.891462 2.424721 61.547418 -4.469312 3.635185 -5.961826 -14.662411 -3.276588 -0.000000 0.000000 0.000000 4.734811 -0.114172 -3.640538 2.424685 -0.377545 1.935669 3.296375 0.616746 0.864525 -6.547586 1.488927 -2.921047 6.095411 2.283878 2.388893 -0.000000 0.000000 0.000000 3.170927 -11.833431 -18.738989 4.912173 -19.730795 -41.380898 134.380366 -60.703781 149.001825 -20.935610 -18.003726 17.423189 6.166662 12.346295 17.477114 18.167291 9.793132 47.350192 119.835512 70.868092 -135.372389 -30.581127 17.364334 -8.535000 
-68.927079 74.769866 -207.710481 -125.133052 -72.829197 -128.655573 9.342657 -6.626744 -2.448103 25.927182 -5.651068 -0.816825 -17.256556 14.366519 11.253412 -0.000000 0.000000 0.000000 -12.600756 3.578326 4.856239 51.788333 -5.050779 2.903013 -4.979954 -14.702787 -1.845935 -0.000000 0.000000 0.000000 5.725854 -2.835118 -2.541791 2.518500 -0.999228 2.073772 2.977800 -0.419405 1.823227 -6.108911 1.504142 -4.179106 5.460269 4.720686 2.634495 -0.000000 0.000000 0.000000 3.334667 -12.161821 -18.084007 2.460570 -21.004356 -43.241331 134.204263 -57.510860 151.482344 -17.689100 -17.657333 20.185808 6.753382 11.471803 15.590484 19.263371 8.063895 47.705137 122.813674 70.351749 -136.634716 -31.152767 16.936716 -8.006626 
-72.476023 75.957310 -208.829784 -126.110393 -71.947543 -129.471138 13.034517 -4.353348 -1.418352 24.100984 -6.437073 -0.446917 -10.479728 13.812079 6.332291 -0.000000 0.000000 0.000000 -13.898678 5.885593 6.405770 40.816167 -3.313221 0.547794 -3.297579 -13.834045 -0.248480 -0.000000 0.000000 0.000000 6.465356 -4.832728 -2.567361 1.726414 -0.653674 1.762013 3.199664 -0.731892 2.302027 -6.856621 1.832385 -4.890095 5.882569 6.487112 2.959851 -0.000000 0.000000 0.000000 3.302752 -11.872150 -17.084217 1.211216 -22.919718 -43.824025 135.956865 -55.968038 155.203764 -18.377017 -19.255118 20.472233 6.587817 10.135130 14.370331 20.062229 7.480584 48.327779 120.958808 70.139273 -134.310189 -29.218939 16.507321 -1.814980 
-76.461881 76.660788 -210.009480 -120.821907 -73.351691 -123.641086 15.293232 -3.680472 -0.087561 23.626082 -8.236149 0.004243 -4.357522 12.554055 2.252703 -0.000000 0.000000 0.000000 -13.637506 7.273154 6.383822 28.549200 -0.409990 -1.290664 -2.326982 -11.737271 0.888026 -0.000000 0.000000 0.000000 5.500058 -6.301297 -2.761826 1.028902 -1.584517 1.671227 3.996597 -1.728547 2.551438 -6.835485 2.676273 -5.092912 6.025771 6.662755 3.277462 -0.000000 0.000000 0.000000 3.594948 -10.930708 -16.437034 0.555662 -24.530266 -42.992373 137.955197 -54.805186 157.376364 -19.469454 -20.271933 20.346295 7.197780 7.891981 13.973507 20.778618 8.033402 48.746475 123.587524 71.143738 -136.075708 -28.913186 16.161556 -7.572654 
-80.563921 76.853907 -211.212373 -115.909889 -74.090832 -117.721392 17.895243 -2.832121 0.522774 23.209444 -9.249818 0.655121 1.250252 10.848844 -1.254552 -0.000000 0.000000 0.000000 -12.475917 8.338611 5.630316 17.364356 1.599127 -3.360900 -2.162262 -10.557380 2.546291 -0.000000 0.000000 0.000000 4.689997 -6.973485 -3.413906 0.951525 -2.002830 1.503230 4.106392 -2.274800 2.747930 -6.517067 2.949750 -5.257355 5.762716 6.268039 3.691692 -0.000000 0.000000 0.000000 4.113530 -10.309329 -15.528172 0.037944 -25.642897 -42.169026 138.486042 -53.863944 157.470905 -19.972451 -20.843351 19.475385 7.761184 6.284110 13.619929 21.630129 7.406168 49.535281 123.002059 71.469808 -135.621868 -30.076180 16.008101 -8.022162 
-84.668946 76.573682 -212.474179 -114.012562 -74.047907 -114.953017 20.531859 -1.658114 0.912342 23.511002 -10.372261 1.416409 5.730026 9.418103 -3.900896 -0.000000 0.000000 0.000000 -11.725220 9.374247 4.752287 9.429653 2.988027 -4.396399 -2.975423 -10.045726 2.639071 -0.000000 0.000000 0.000000 4.115071 -7.329003 -3.960903 0.998929 -1.700100 1.248865 3.750376 -2.395964 2.914270 -5.701231 3.052856 -5.327355 5.477280 5.860351 3.965119 -0.000000 0.000000 0.000000 4.648286 -9.867951 -14.910932 -0.075897 -25.668723 -41.196132 137.943068 -52.978149 156.769642 -19.479756 -20.931077 17.807361 8.426097 5.865853 13.392707 21.764903 6.748946 49.807045 122.262369 71.701698 -134.891205 -31.063166 15.975881 -8.377360 
-88.930172 75.925380 -213.794684 -109.551336 -74.750523 -110.407502 22.294724 -1.339894 2.561672 25.037821 -12.210828 2.035062 8.483118 8.563919 -5.460061 -0.000000 0.000000 0.000000 -12.047448 9.873215 4.513650 4.891351 3.925877 -4.637089 -4.951049 -10.875461 1.269226 -0.000000 0.000000 0.000000 2.325151 -7.506163 -4.036779 2.062424 -1.685497 1.678074 2.981894 -2.696397 3.032140 -4.538384 2.725036 -5.534968 5.274779 5.695524 3.937817 -0.000000 0.000000 0.000000 5.399498 -9.823303 -15.187407 0.588208 -25.447139 -39.795025 138.438230 -52.514337 157.188382 -19.952905 -20.160849 16.021253 9.202816 5.870870 14.074556 22.393905 5.174510 48.357957 123.325505 70.919891 -136.493518 -31.335613 15.064242 -7.288670 
-93.255138 75.012869 -215.219784 -104.875825 -75.234868 -105.868714 24.179586 -0.759655 4.752113 26.685274 -13.906427 2.384246 10.163522 7.688829 -6.478122 -0.000000 0.000000 0.000000 -13.365016 10.008113 4.553029 4.545756 4.171868 -3.916072 -7.243464 -11.322222 0.035009 -0.000000 0.000000 0.000000 0.369106 -7.512203 -4.419471 3.424594 -1.399565 2.481632 2.094230 -3.038974 3.166879 -3.994619 2.466777 -5.141343 5.659216 5.477069 3.399867 -0.000000 0.000000 0.000000 5.839181 -9.604982 -15.456355 1.800688 -25.334489 -38.900067 138.315046 -52.869956 156.855270 -21.861386 -19.870372 14.667270 8.960374 5.886664 14.916188 22.843149 4.135368 46.439738 126.536102 70.702126 -140.693289 -39.247909 9.407809 3.159996 
-97.665167 73.797971 -216.655016 -98.216657 -75.328056 -99.760250 26.119880 0.307988 7.670570 28.867829 -15.328375 2.959572 11.324788 6.704916 -7.592371 -0.000000 0.000000 0.000000 -15.296040 9.377384 4.492303 8.332625 4.615508 -2.324181 -6.157958 -8.044352 1.851157 -0.000000 0.000000 0.000000 -1.348866 -7.671720 -4.497395 5.484625 -1.503581 3.351323 0.715988 -3.445419 3.254432 -3.514691 3.244155 -4.589840 5.087257 4.767167 2.813801 -0.000000 0.000000 0.000000 6.414702 -9.340948 -15.963566 2.705436 -24.105717 -38.789020 139.319821 -54.171753 157.176696 -24.301842 -19.649848 12.515930 8.932142 6.191292 15.850492 21.586354 4.131492 43.329219 131.093895 70.010828 -144.116878 -40.445888 9.453849 3.017167 
-101.905525 72.270036 -218.256259 -94.585432 -74.832041 -97.203384 27.633132 1.554312 10.897213 32.109559 -15.673441 3.324372 13.500193 6.009639 -8.123211 -0.000000 0.000000 0.000000 -19.020363 9.700998 6.606223 17.454812 4.615803 0.071085 4.595685 -6.407460 4.374106 -0.000000 0.000000 0.000000 -2.242947 -8.305359 -4.499897 7.874053 -1.006498 4.447297 -1.502835 -3.678164 3.454718 -3.267702 3.221999 -4.464984 3.678544 5.954206 2.183243 -0.000000 0.000000 0.000000 7.118293 -9.717057 -17.678171 4.155735 -21.435448 -38.548332 140.200391 -56.256544 157.705695 -24.193241 -18.537612 11.802572 8.540389 7.644963 17.235169 20.530401 4.776378 39.600515 133.177152 68.590960 -146.053777 -34.843239 10.929404 -0.953626 
-105.546725 71.288806 -219.957447 -98.659493 -73.920476 -104.020993 27.679100 2.330080 13.827651 36.920019 -14.133471 3.600649 19.410421 6.333567 -9.738686 -0.000000 0.000000 0.000000 -28.108066 11.313868 12.889560 36.874162 4.015872 4.242776 -1.563271 -8.415969 -1.113352 -0.000000 0.000000 0.000000 -2.002516 -9.239754 -3.024023 9.279371 0.849314 5.719665 -2.929462 -3.410938 3.275033 -4.440665 5.926664 -2.618108 4.718894 6.395761 -0.456595 -0.000000 0.000000 0.000000 6.420963 -10.314150 -22.148090 7.262748 -18.201089 -37.662939 138.272657 -60.176196 156.477680 -23.728563 -16.810210 9.176392 7.676683 11.183828 21.587753 18.149794 6.262501 33.586033 132.693208 68.414659 -146.350977 -33.249024 13.338321 -3.516643 
-108.796859 70.797408 -221.070933 -100.403267 -72.539655 -105.777944 26.003760 1.297638 12.269075 43.425823 -11.588004 4.765455 25.438027 8.896962 -9.628206 -0.000000 0.000000 0.000000 -28.108757 9.110635 13.976300 44.520373 3.468601 5.822156 -6.719243 -7.690719 -6.330634 -0.000000 0.000000 0.000000 -0.617964 -8.925441 -2.348606 9.200174 1.117292 5.029090 -2.595380 -2.890436 3.228316 -6.419210 6.940871 -2.433261 3.914464 8.116951 -0.804886 -0.000000 0.000000 0.000000 6.184917 -10.518894 -21.885890 8.005069 -14.934829 -41.242075 131.430642 -62.743182 149.039393 -22.731472 -13.236116 11.495284 6.127310 14.203080 20.855511 12.993013 10.158532 34.585632 125.876061 67.669311 -138.841145 -27.930562 14.414174 -2.933673 
-111.572802 70.846176 -222.133660 -85.420779 -73.928499 -90.450073 19.087267 -1.991101 13.180171 51.152002 -4.623543 4.345520 10.219251 20.101351 -0.928539 -0.000000 0.000000 0.000000 -26.994438 6.860958 13.607836 46.392984 2.720732 6.223553 -11.298171 -10.330643 -9.671823 -0.000000 0.000000 0.000000 -0.676193 -7.549789 -2.834457 7.380808 0.180932 5.163477 -1.208253 -2.792790 3.439540 -7.713081 6.554435 -2.406905 4.672614 7.929947 -1.023840 -0.000000 0.000000 0.000000 6.625540 -10.840289 -21.009225 7.723453 -13.567487 -42.030212 131.716790 -62.405863 146.173829 -22.516126 -11.984111 13.889179 5.403471 14.870302 20.749704 10.234083 13.460961 37.089213 124.607584 64.691065 -139.349378 -22.098835 16.074858 -9.390423 
-113.891399 71.433121 -222.961807 -63.582876 -73.441988 -67.876076 10.460443 -5.051364 13.457964 56.755390 0.689472 3.769111 -4.247415 22.842774 9.054780 -0.000000 0.000000 0.000000 -25.325422 5.597525 12.888990 45.944814 1.111400 6.019510 -12.128850 -13.581788 -10.325461 -0.000000 0.000000 0.000000 0.048043 -5.489782 -3.361667 5.509978 -0.111437 4.934367 0.109522 -2.377777 3.138786 -9.645787 5.585086 -1.843460 5.537089 5.509325 -0.715304 -0.000000 0.000000 0.000000 7.009297 -10.448760 -19.779187 7.001640 -14.759876 -40.848694 136.621761 -61.355643 148.347014 -30.350853 -14.087585 7.421733 4.951862 14.462803 20.468492 8.257055 16.734346 39.958871 125.879829 63.960200 -142.824756 -26.902682 18.654397 -7.647769 
-115.787840 72.556794 -223.539519 -48.759538 -69.786634 -51.979501 3.961870 -5.967752 12.367388 57.777001 1.719982 3.548284 -13.326126 19.442405 13.314915 -0.000000 0.000000 0.000000 -20.455527 3.845349 11.643230 42.372837 -1.113386 5.063309 -10.885864 -14.939779 -9.090909 -0.000000 0.000000 0.000000 3.395524 -3.276641 -2.935932 3.299453 -0.100073 3.762712 1.076446 -0.989455 2.813291 -10.956997 4.511895 -2.804631 4.639939 2.956909 0.474109 -0.000000 0.000000 0.000000 5.701380 -10.609689 -18.697436 7.269586 -15.458691 -39.861869 140.761241 -60.135766 150.291822 -34.137391 -15.452233 3.920810 4.757675 15.279747 18.767584 7.692942 18.320713 42.982433 129.899203 63.607700 -148.516798 -24.060820 15.868989 -14.109343 
-117.409730 74.054551 -223.840213 -35.811584 -64.647137 -37.990923 -2.522580 -6.964851 9.971923 55.136518 1.766545 2.700767 -15.489651 17.211723 13.646033 -0.000000 0.000000 0.000000 -16.768310 3.677127 10.640444 37.958936 -2.881234 4.601858 -8.549239 -15.723165 -7.862923 -0.000000 0.000000 0.000000 5.226731 -1.610708 -2.639892 2.352903 -0.120637 3.069190 1.391720 -0.301026 2.521031 -11.672231 3.005753 -3.759541 4.331181 1.628846 0.931604 -0.000000 0.000000 0.000000 5.516199 -11.098263 -17.915248 7.184192 -16.368914 -40.300009 139.718893 -59.581653 149.511164 -34.336348 -16.543307 2.695312 5.005405 15.657254 17.625180 8.536982 16.325188 43.635931 128.148871 64.317086 -147.946714 -29.606328 16.804471 -6.591717 
-118.796515 75.849229 -223.827457 -26.898175 -57.594402 -28.126734 -6.816262 -7.700395 6.967651 48.609032 1.607806 1.254383 -15.267696 16.584402 13.279544 -0.000000 0.000000 0.000000 -13.567097 2.485327 9.130907 34.345551 -4.192454 3.626959 -2.467444 -16.984492 -4.726315 -0.000000 0.000000 0.000000 6.989531 -0.621539 -2.293237 1.364731 -0.943784 2.786716 2.045236 -0.388184 2.656283 -12.289346 1.559777 -4.820655 3.857153 1.464664 1.446749 -0.000000 0.000000 0.000000 5.525995 -10.655464 -18.173770 7.213532 -16.501913 -40.884627 139.556697 -60.251862 149.486689 -33.769667 -16.263051 3.680447 4.822595 14.652803 17.807263 9.799415 15.326497 43.200314 126.115035 65.495536 -145.886229 -26.388577 17.064055 -8.095262 
-120.126104 77.528191 -223.592472 -22.162906 -49.623771 -22.707787 -7.544837 -5.834955 4.836579 39.002720 2.535457 0.438744 -12.976921 15.579416 10.897857 -0.000000 0.000000 0.000000 -10.142729 1.047081 7.410216 32.227283 -4.407856 2.509841 3.632032 -13.123584 -0.671927 -0.000000 0.000000 0.000000 8.699334 -0.111198 -1.440985 1.499110 -2.245452 2.964370 2.099865 -0.906135 2.881924 -11.857406 1.463756 -5.196097 1.537383 0.888113 0.693273 -0.000000 0.000000 0.000000 4.929235 -9.520375 -17.985394 7.262287 -16.144076 -42.575076 139.596333 -61.765993 148.892286 -33.392237 -16.451652 5.339144 3.568110 12.038356 18.195600 11.521906 14.525510 43.612156 124.392934 66.870451 -143.438895 -21.490919 16.973479 -9.923227 
-121.364141 78.551418 -223.417234 -19.030012 -42.533041 -19.708789 -5.966199 -3.886179 3.424829 28.965006 1.438730 0.770739 -9.158639 13.222187 7.593035 -0.000000 0.000000 0.000000 -7.745779 1.383657 6.273991 30.729978 -1.514837 1.296316 8.183934 -7.492421 1.512535 -0.000000 0.000000 0.000000 9.251464 -0.350349 0.016927 2.463141 -3.137662 3.596222 1.709281 -1.278173 3.034561 -10.974715 1.934535 -5.501305 -0.141719 0.770504 -0.276197 -0.000000 0.000000 0.000000 4.631315 -9.021883 -17.974580 7.503148 -15.686595 -43.736595 137.827382 -62.663897 147.433653 -32.367191 -16.099487 6.829004 3.243827 10.356825 18.254734 13.157642 13.770911 44.256285 125.864316 68.160949 -144.778925 -23.233967 16.800881 -10.181950 
-122.530401 78.406656 -223.462915 -16.297596 -36.762158 -17.613023 -4.766834 -3.078334 1.700263 22.701824 1.109527 1.433983 -2.289810 12.439310 5.804563 -0.000000 0.000000 0.000000 -7.954532 1.918707 5.729920 32.481208 2.957014 -1.365897 10.073239 -1.008196 3.079107 -0.000000 0.000000 0.000000 9.351565 -0.864758 1.247167 2.615445 -3.804421 4.458783 1.712779 -1.502093 3.455190 -10.718520 2.085347 -6.059894 -0.397449 1.412655 -0.151358 -0.000000 0.000000 0.000000 4.403232 -8.614407 -17.737883 7.788809 -15.769939 -44.722097 136.766641 -62.629556 146.664304 -30.235042 -15.916625 9.336824 3.554835 8.820926 17.550742 14.030659 12.720328 44.846074 127.444093 68.121380 -145.850808 -25.471919 16.922505 -9.750659 
-123.711634 77.392024 -223.828602 -13.609423 -31.456054 -16.292841 -4.475457 -3.564950 0.860175 21.187075 3.470940 0.924531 -3.335840 15.674927 8.711351 -0.000000 0.000000 0.000000 -8.133952 4.219403 4.879466 33.419601 7.489425 -1.263299 8.434733 2.472224 5.592154 -0.000000 0.000000 0.000000 8.734397 -1.492355 2.366223 3.075868 -4.468393 5.649223 1.845410 -1.711388 3.620848 -11.060461 2.302474 -5.726789 -0.862661 1.830135 -0.265112 -0.000000 0.000000 0.000000 4.173545 -8.544339 -17.757587 7.957324 -15.812055 -44.214234 138.215378 -62.063015 148.587344 -29.040098 -15.530351 9.827571 3.729932 7.873216 17.447402 14.792949 12.470732 44.192648 129.499211 67.782294 -147.417408 -25.222627 16.456000 -10.450111 
-124.928081 75.775641 -224.347806 -11.867070 -26.923497 -14.697427 -3.587995 -4.633060 -0.031576 19.937188 2.705948 0.655020 -8.606811 14.823683 11.410640 -0.000000 0.000000 0.000000 -9.477501 5.598428 2.717758 37.340871 6.926750 -0.874067 3.859662 0.091394 6.193673 -0.000000 0.000000 0.000000 8.493649 -2.204227 1.995338 3.269075 -4.548978 6.393163 1.795855 -1.914083 3.801645 -11.828494 2.915494 -4.643101 -1.173717 1.826227 -0.685373 -0.000000 0.000000 0.000000 4.271622 -8.585380 -17.641723 7.694574 -16.085906 -42.853959 139.799120 -61.125291 150.867261 -29.911367 -16.399418 8.967512 3.397457 7.308678 17.958127 15.598144 12.582254 43.715927 130.572496 67.428381 -148.495211 -26.152194 16.431804 -9.099477 
-126.061416 74.135953 -224.811912 -10.840020 -22.311692 -12.912907 -4.599248 -6.004748 -0.960687 22.378459 0.107315 0.805338 -15.158825 12.563856 13.645300 -0.000000 0.000000 0.000000 -11.091857 5.838904 0.701328 42.617332 2.724064 -2.433888 -1.348497 -8.397571 2.958585 -0.000000 0.000000 0.000000 8.957279 -2.913200 1.169808 1.978002 -4.430153 6.670949 2.151444 -2.167149 4.083909 -13.052035 2.950072 -3.511226 -0.579365 2.175430 -1.291074 -0.000000 0.000000 0.000000 4.597180 -9.090478 -18.222993 6.946304 -16.490970 -41.187471 140.984913 -60.593732 152.159996 -31.833577 -18.511707 9.180018 2.619566 7.769802 19.353667 17.049886 13.221246 42.901948 131.342552 67.807952 -149.882010 -24.801593 17.208160 -10.170797 
-127.090120 73.439336 -225.463748 -9.892000 -18.251955 -10.329633 -8.183497 -9.656248 -2.837608 27.352937 -2.947613 -0.243563 -17.048863 14.217988 15.167950 -0.000000 0.000000 0.000000 -12.294511 6.202671 -1.643507 45.336529 1.039487 -4.927699 -9.128251 -12.840385 -2.450829 -0.000000 0.000000 0.000000 8.635743 -2.228795 -0.392169 1.562487 -4.553684 6.740997 2.321436 -2.271742 3.919241 -14.542158 3.671072 -2.665174 -0.239830 1.570532 -1.078259 -0.000000 0.000000 0.000000 4.284441 -10.690854 -19.634305 6.773302 -17.108100 -39.370245 139.419438 -61.281485 151.517872 -31.598435 -17.827084 10.316155 1.871843 8.882143 21.810065 17.133107 14.071752 42.534112 125.672922 67.933036 -145.509555 -23.364603 15.023504 -9.114738 
-128.150749 73.433185 -226.061034 -9.942871 -12.968142 -8.862451 -9.097251 -9.850601 -2.795689 28.588297 -3.606434 -0.600526 -17.914518 12.910883 14.021112 -0.000000 0.000000 0.000000 -10.929627 5.670406 -3.200221 43.838816 1.019493 -7.210162 -14.528519 -11.139883 -3.970816 -0.000000 0.000000 0.000000 8.634042 -1.480407 -0.790150 2.268605 -4.954399 6.762342 1.560891 -2.016525 3.816117 -14.596795 4.393528 -2.816559 -1.155097 0.794664 -0.817820 -0.000000 0.000000 0.000000 3.572289 -12.293541 -19.590652 6.035947 -17.601414 -40.511775 136.277053 -61.679848 148.568501 -29.350219 -15.869137 12.841055 1.522593 10.299086 22.022820 16.050217 14.889060 45.095605 122.239566 67.558524 -143.118448 -24.218184 14.310710 -9.201600 
-129.104102 73.663944 -226.573920 -10.127605 -9.039852 -7.658266 -8.224228 -10.374944 -3.147230 27.372701 -5.466030 0.724724 -16.787403 11.379689 12.927034 -0.000000 0.000000 0.000000 -8.907664 6.144118 -4.529246 40.090713 3.208848 -9.568056 -19.285276 -7.620620 -3.083679 -0.000000 0.000000 0.000000 7.934691 -0.605243 -0.335281 2.015331 -4.436621 6.044891 1.571916 -1.123451 3.167861 -14.117943 5.099511 -2.902077 -0.589268 -0.040100 -0.962098 -0.000000 0.000000 0.000000 2.179011 -12.236807 -19.494135 5.780808 -18.591721 -42.268541 134.856410 -61.629183 146.869037 -25.640377 -14.351071 14.744559 1.360626 11.281671 21.024739 15.522025 15.734519 46.888622 124.908735 66.558989 -146.343721 -25.753030 13.789831 -8.927216 
-130.141485 74.046636 -227.160144 -9.827183 -5.852380 -6.328625 -7.503959 -11.517000 -3.201215 24.550288 -7.373472 1.170147 -14.929566 11.507526 11.436604 -0.000000 0.000000 0.000000 -7.192525 7.221357 -5.288390 35.377228 5.067779 -10.679477 -22.074960 -6.627358 -2.552555 -0.000000 0.000000 0.000000 6.718291 -0.052833 -0.192337 1.621145 -3.318610 5.042724 1.871720 -0.351570 2.304872 -13.002758 5.449151 -3.013236 0.286358 -0.496811 -1.408917 -0.000000 0.000000 0.000000 1.645777 -10.829428 -19.423050 6.212396 -19.461036 -43.049118 135.891774 -61.526840 146.920742 -27.816031 -15.466091 13.857126 1.417002 11.006915 20.384073 15.212518 16.717298 45.556195 125.888076 64.983263 -145.813970 -23.641988 15.533404 -11.211459 
-131.475174 74.474776 -227.945971 -9.159953 -2.922323 -4.614693 -7.048312 -12.907181 -3.557981 21.019612 -9.317361 2.056930 -11.905386 11.603759 9.408307 -0.000000 0.000000 0.000000 -4.756489 8.405488 -5.253139 29.278513 6.960090 -11.168745 -21.817328 -5.951001 -0.403029 -0.000000 0.000000 0.000000 5.948678 0.508515 -1.381558 2.131345 -2.292119 3.727228 2.282244 0.390635 1.507671 -12.012136 5.465562 -3.233468 0.882985 -1.298220 -1.320196 -0.000000 0.000000 0.000000 1.472978 -9.378138 -18.685780 6.938867 -20.020114 -43.127834 138.228222 -62.137992 149.005859 -32.488415 -15.885749 8.571198 1.330069 10.817597 19.466319 14.998588 17.588655 44.150783 128.262053 64.161381 -147.232444 -25.749435 14.531213 -6.371338 
-133.203638 74.728239 -229.013085 -8.788494 -0.181673 -2.821602 -7.190711 -13.807963 -3.367861 18.268809 -10.525180 2.009548 -9.334003 11.329047 6.948514 -0.000000 0.000000 0.000000 -1.364788 9.070188 -3.643769 23.377443 9.660320 -11.025415 -18.105043 -4.003411 4.171817 -0.000000 0.000000 0.000000 6.771072 1.109438 -3.628486 3.440772 -1.984292 2.044549 3.167331 0.918656 0.668637 -10.748030 5.318842 -3.887958 0.798109 -2.459158 -0.591022 -0.000000 0.000000 0.000000 1.009129 -8.860410 -17.092777 7.615116 -20.177686 -42.872242 139.127840 -62.834530 149.707244 -32.872886 -16.508524 9.235620 1.269350 11.516537 17.976158 13.944594 18.256297 43.413819 130.469431 63.675955 -148.232972 -27.802399 13.372174 -4.221587 
-135.072136 74.667275 -230.178666 -8.273097 2.702559 -0.825972 -8.102524 -15.119752 -3.686001 16.099889 -11.783540 2.302983 -7.515180 10.989677 4.824418 -0.000000 0.000000 0.000000 1.606393 9.159822 -1.503122 18.924428 11.830761 -10.306839 -9.983716 -1.512670 8.173092 -0.000000 0.000000 0.000000 8.150980 1.599403 -6.583186 4.772544 -2.124668 0.387652 4.042408 0.962455 -0.094354 -9.784742 4.847407 -4.442914 1.069917 -3.571596 0.100393 -0.000000 0.000000 0.000000 0.866372 -8.801554 -15.964608 8.326253 -20.008779 -41.742201 139.431244 -63.875809 150.468123 -32.641385 -16.485054 8.248320 0.723164 12.110611 17.349616 13.341434 18.750139 42.641041 132.107664 63.418625 -149.007333 -29.930654 11.980991 -0.047558 
-136.788166 74.348962 -231.241655 -7.874979 6.154853 0.925580 -10.079174 -15.500533 -4.041063 16.183471 -14.015955 2.444178 -6.361451 9.761969 3.277982 -0.000000 0.000000 0.000000 3.461290 8.555025 0.602331 18.194224 13.045178 -9.354562 -7.421544 -1.678009 6.946030 -0.000000 0.000000 0.000000 9.385654 2.003379 -8.775581 5.528496 -2.474284 -0.988625 4.333420 1.062828 -1.021367 -8.930190 4.430393 -4.536546 0.967893 -5.194093 0.678981 -0.000000 0.000000 0.000000 0.574454 -9.663923 -15.833568 9.221494 -18.537850 -38.457564 137.169919 -63.876499 148.087085 -27.602024 -15.468439 10.042458 0.455689 13.503169 17.371259 12.806870 18.377912 42.435512 131.739176 62.655141 -148.336127 -29.263135 10.742495 -0.075951 
-138.133240 73.931813 -232.078004 -7.562328 10.238205 2.029928 -12.622258 -15.762399 -4.316641 17.421569 -15.859091 2.652161 -6.332780 8.020265 1.622064 -0.000000 0.000000 0.000000 3.908083 7.209765 2.066911 18.998435 12.483884 -7.830573 -10.365996 -3.523536 4.223656 -0.000000 0.000000 0.000000 9.297959 2.622390 -9.794901 5.780110 -2.893860 -1.435511 4.130795 1.182764 -1.457126 -9.463124 4.228362 -4.181987 0.572149 -7.225721 1.007931 -0.000000 0.000000 0.000000 0.182575 -10.150376 -16.246664 9.702812 -17.495844 -35.927589 135.537981 -64.067384 146.398008 -25.856300 -13.632755 8.118220 0.083281 14.449147 17.908020 12.473647 18.155404 41.859735 131.020851 62.211802 -147.769399 -28.949095 9.517554 0.973369 
-139.288497 73.576057 -232.869840 -7.355425 14.515243 2.807887 -15.880241 -16.057951 -4.869824 20.082384 -16.880103 3.032818 -6.188762 5.463125 -0.244701 -0.000000 0.000000 0.000000 3.238623 5.087498 3.224475 20.405249 10.967608 -7.067418 -16.037649 -4.811101 0.452048 -0.000000 0.000000 0.000000 9.287604 3.734227 -9.985260 5.160658 -3.162470 -1.457770 3.225406 1.475627 -1.526131 -10.833304 3.935668 -3.746263 -0.121715 -9.374786 1.523111 -0.000000 0.000000 0.000000 -0.225330 -11.129795 -17.197070 10.041797 -16.596909 -33.893157 134.464866 -63.987970 145.501364 -24.703403 -11.809548 6.541490 0.193800 15.771907 18.849082 11.951798 17.424461 41.678745 129.415484 61.619804 -147.086278 -27.915093 9.028355 1.542799 
-140.324676 73.369926 -233.511114 -7.491400 18.345237 3.233527 -17.193404 -18.117422 -5.273221 20.614111 -19.364401 4.322435 -6.200878 3.607797 -2.189963 -0.000000 0.000000 0.000000 2.086711 4.378489 4.540785 22.203900 9.830242 -6.591458 -20.798355 -6.985055 -2.675753 -0.000000 0.000000 0.000000 9.617765 4.593701 -9.721193 4.047035 -2.994377 -1.116358 2.057359 1.838921 -1.401947 -12.605538 3.575038 -3.433752 -0.357702 -11.521256 1.958778 -0.000000 0.000000 0.000000 -0.389291 -11.468497 -18.454083 10.505576 -16.155499 -32.911234 133.422873 -63.293374 144.850753 -22.977472 -11.500864 7.777047 0.228215 16.914535 20.571423 12.257817 17.105596 41.863740 126.736825 60.957237 -146.004595 -26.091066 8.935882 0.037634 
-141.295958 73.395741 -234.130263 -7.459129 22.112812 3.344478 -17.472411 -22.976296 -5.302104 18.712702 -22.177634 5.332565 -5.354911 3.107182 -3.496427 -0.000000 0.000000 0.000000 0.015097 4.898087 5.166499 24.143437 9.231564 -4.400557 -22.537376 -9.457863 -5.628455 -0.000000 0.000000 0.000000 8.442079 5.015199 -8.901485 4.169353 -2.379961 -0.834503 2.312828 2.268275 -1.272886 -15.501226 1.701051 -4.335768 1.254432 -12.299298 4.069889 -0.000000 0.000000 0.000000 -0.398109 -12.492823 -19.594796 11.660351 -17.348716 -32.867180 131.297881 -63.425983 145.306001 -21.882250 -10.980514 8.104247 1.455077 19.020809 20.808818 10.896331 16.707872 41.862497 127.361948 60.861671 -147.580879 -26.562581 6.708760 -0.510180 
-142.053175 73.618609 -234.796453 -7.345416 23.809869 3.168134 -15.274922 -25.305306 -4.050467 14.027213 -23.934915 6.848416 -5.495992 3.231893 -3.900752 -0.000000 0.000000 0.000000 -0.807807 2.867633 5.062474 23.664485 8.212037 -3.224670 -21.905971 -8.235032 -5.593311 -0.000000 0.000000 0.000000 8.370625 5.835516 -8.188603 4.114311 -1.733289 -0.687854 1.523210 2.421342 -0.715280 -16.245720 0.511695 -4.530609 0.247152 -12.868497 4.253021 -0.000000 0.000000 0.000000 -0.293100 -11.650053 -19.800837 11.349245 -17.174446 -36.095663 130.499444 -62.652276 144.703962 -21.850840 -9.780650 9.187192 1.676862 19.218537 20.309445 10.010869 16.910928 43.582102 127.165327 60.715218 -147.185670 -25.662808 5.780823 -0.893145 
-142.647231 73.921973 -235.396004 -7.196598 25.036409 3.019398 -14.020775 -24.292412 -2.949880 11.897286 -22.974270 7.455859 -8.198004 2.722638 -3.358885 -0.000000 0.000000 0.000000 0.022084 1.693327 5.920868 20.899462 8.160180 -4.353603 -20.151426 -8.307415 -5.748415 -0.000000 0.000000 0.000000 8.310142 6.207429 -7.601458 3.750120 -1.283583 -0.427626 1.375483 2.406266 0.044423 -16.589047 -0.885738 -4.669873 0.376921 -12.037495 4.731300 -0.000000 0.000000 0.000000 0.245375 -10.603619 -19.939916 10.963199 -16.256021 -39.263003 130.869962 -62.157481 144.826205 -21.993650 -9.578303 10.958204 1.566054 18.696243 20.058061 9.193490 16.985468 45.356914 127.591664 60.476708 -147.136665 -23.497152 5.782216 0.045664 
-143.030393 74.302566 -236.000133 -7.042654 26.260707 3.199664 -14.101542 -22.295322 -2.985852 12.337740 -18.912999 6.976120 -9.417798 4.044394 -2.541969 -0.000000 0.000000 0.000000 0.836100 3.673875 6.809731 17.670399 7.409875 -5.284570 -18.316898 -11.240675 -6.552319 -0.000000 0.000000 0.000000 8.077886 5.755548 -7.119040 3.864399 -1.053356 0.130724 1.524238 2.029604 0.710280 -16.359366 -2.399736 -4.752692 0.449461 -10.612144 4.972542 -0.000000 0.000000 0.000000 1.998010 -10.175916 -19.805442 10.824019 -15.252638 -42.262701 130.453317 -61.947216 145.475569 -24.665590 -10.002294 11.528045 1.680166 18.214877 19.604210 9.172796 17.771606 46.638605 127.280328 60.459900 -146.635025 -23.829847 5.410057 1.606301 
-143.309033 74.633169 -236.750603 -6.793186 27.067871 3.464468 -15.032995 -19.229822 -3.518363 15.018128 -13.227120 5.866833 -10.300748 6.504158 -1.115014 -0.000000 0.000000 0.000000 0.876903 5.947081 7.023278 15.408719 6.519792 -5.557683 -16.475153 -13.810751 -6.783339 -0.000000 0.000000 0.000000 8.141725 5.117418 -6.489020 3.709920 -0.982983 0.512238 1.835645 1.776664 1.071267 -16.208352 -3.436473 -4.891981 1.546864 -8.925297 5.339168 -0.000000 0.000000 0.000000 3.250671 -9.407128 -19.435208 10.547986 -14.480282 -44.372179 130.943062 -62.457377 146.282889 -26.537349 -10.206427 10.505413 1.727925 17.314090 18.788924 9.148651 18.441642 47.526655 127.527955 60.750683 -146.419986 -24.387294 4.333607 4.460451 
-143.472040 74.786878 -237.202144 -7.066827 28.533270 4.121078 -15.494798 -15.407596 -4.288395 19.388021 -7.073054 4.491353 -12.817405 9.552050 0.977355 -0.000000 0.000000 0.000000 1.723298 6.349427 6.794313 13.470421 5.726193 -5.810043 -15.361383 -14.785740 -6.645121 -0.000000 0.000000 0.000000 7.885178 4.882388 -5.892799 3.579943 -1.507587 0.581573 2.562881 1.392278 1.028109 -15.628465 -4.601843 -5.070787 2.171092 -7.972206 5.398954 -0.000000 0.000000 0.000000 3.846696 -9.055585 -19.206513 10.393204 -13.382600 -44.361926 130.640209 -62.676107 145.516981 -26.460812 -10.617566 8.925551 1.695796 16.536836 18.192824 9.119372 18.006529 47.625155 127.421171 60.796597 -145.910315 -24.357012 3.526910 8.293014 
-143.730068 74.840599 -237.641954 -7.039883 29.110301 4.357186 -14.775528 -12.096771 -4.207870 22.842926 -1.734732 2.787946 -15.299283 12.874230 2.513211 -0.000000 0.000000 0.000000 1.424811 6.389115 6.554414 13.046363 5.475547 -5.638397 -14.884781 -14.957218 -6.546450 -0.000000 0.000000 0.000000 6.895721 4.868581 -5.824744 3.685091 -1.583417 0.488732 2.548869 1.305724 0.762811 -14.387480 -5.441832 -5.340229 2.297320 -7.244112 5.100348 -0.000000 0.000000 0.000000 3.986136 -8.979714 -19.602594 10.105688 -12.584166 -43.145563 128.956951 -63.334743 143.428319 -25.115513 -10.274214 6.451593 1.950849 15.961803 18.449720 9.085034 16.873621 46.407274 126.806596 61.481776 -145.089884 -24.989950 2.172915 12.202215 
-143.894589 74.853420 -238.014269 -7.416929 29.448411 4.550124 -12.357898 -9.164064 -3.752237 24.780721 1.702672 1.640730 -16.742900 14.639874 2.495849 -0.000000 0.000000 0.000000 1.226631 6.239267 6.434262 13.361161 5.094593 -5.312647 -14.830914 -14.942266 -6.529028 -0.000000 0.000000 0.000000 6.011628 4.689203 -5.824983 3.829950 -1.311291 0.122982 2.175700 1.522114 0.361297 -13.052456 -5.892655 -5.471333 2.381414 -6.929180 4.710825 -0.000000 0.000000 0.000000 3.620270 -8.964204 -20.071604 9.072707 -11.759577 -41.868272 124.685187 -64.636052 138.772769 -23.584919 -9.375567 1.442690 2.747043 16.073466 18.742970 8.912918 15.372901 45.419393 123.558978 63.048627 -142.262873 -25.182751 1.102653 14.751788 
-143.923688 74.852484 -238.368464 -8.041348 30.415617 4.723351 -9.061195 -7.031353 -3.227803 25.256942 2.912530 1.116207 -17.051890 15.126371 1.669532 -0.000000 0.000000 0.000000 1.107646 5.737670 6.479765 14.022914 4.290998 -5.038975 -14.772008 -14.631638 -6.415740 -0.000000 0.000000 0.000000 5.134863 4.432041 -5.982659 4.096245 -1.316003 -0.021251 1.881983 1.435733 0.261770 -11.566086 -6.053361 -5.492647 2.103116 -6.833983 4.435095 -0.000000 0.000000 0.000000 3.545252 -9.392134 -19.617215 8.170766 -11.447005 -41.815753 116.098788 -65.945551 130.365618 -20.548577 -7.828045 -0.940988 3.085553 16.149286 18.636572 8.627009 14.082026 45.373158 116.633553 65.887523 -135.283466 -25.566306 0.134738 16.569771 
-143.725216 74.796325 -239.009047 -8.728573 32.231208 4.622244 -5.983337 -6.610391 -2.708169 24.988486 2.124940 1.354155 -15.547985 14.936073 0.779719 -0.000000 0.000000 0.000000 1.024104 5.375185 6.652925 14.339348 3.346703 -4.540777 -14.871680 -15.044886 -6.568598 -0.000000 0.000000 0.000000 4.803118 3.589219 -5.323333 3.922082 -1.731608 -0.020987 1.805302 1.029061 0.254031 -9.990105 -6.003979 -5.344797 1.760240 -5.741600 4.095425 -0.000000 0.000000 0.000000 3.458549 -9.925248 -19.415789 7.230379 -11.131219 -42.239816 103.702920 -66.378746 118.563826 -16.997779 -5.275887 -1.411694 3.046586 16.168595 18.101538 7.996065 13.429045 45.687210 102.936392 68.928307 -120.689867 -24.775909 -0.646951 16.574950 
-143.288779 74.755394 -239.543724 -9.068637 33.821663 4.339460 -2.901521 -6.593887 -2.117193 23.162113 0.119438 1.790674 -15.673144 13.878575 2.650898 -0.000000 0.000000 0.000000 0.942943 4.683393 6.459541 14.570774 3.247929 -3.753883 -14.889113 -15.803022 -6.524843 -0.000000 0.000000 0.000000 3.562817 2.974396 -4.738718 4.258901 -2.061108 0.301777 1.951713 0.725977 0.358011 -8.482254 -6.123541 -5.275873 1.760186 -5.205677 3.802480 -0.000000 0.000000 0.000000 3.571336 -10.144268 -19.024137 6.397584 -11.287834 -42.853035 89.174013 -66.711058 103.246494 -13.013246 -3.748061 1.994784 3.110297 16.062258 17.885793 7.395956 13.232095 46.151293 81.101555 70.546824 -97.561575 -21.057535 -0.641880 13.736030 
-142.798328 74.722284 -240.098953 -9.161063 34.728975 4.048734 0.314164 -5.908192 -1.656328 18.367166 -1.402294 2.663372 -16.486360 12.296934 4.683994 -0.000000 0.000000 0.000000 1.136253 4.541640 6.193149 14.055142 4.063587 -3.458512 -14.733065 -17.181629 -6.259137 -0.000000 0.000000 0.000000 2.273218 2.610985 -4.379209 4.704528 -2.069064 0.726073 2.122940 0.681202 0.550590 -7.530635 -5.948595 -5.298580 2.148378 -5.201310 3.307963 -0.000000 0.000000 0.000000 3.578139 -9.952778 -18.182823 5.658313 -12.302971 -43.956592 70.037244 -66.400422 81.834844 -10.496915 -4.769357 7.827934 2.805120 15.639777 18.039856 6.948435 13.415040 46.506760 54.531229 68.648986 -69.897112 -16.751114 -0.404968 11.620488 
-142.359102 74.695235 -240.784001 -9.248351 36.144352 3.844592 2.268465 -5.254854 -1.559570 14.333638 -3.131838 3.196982 -16.340581 11.260866 6.554623 -0.000000 0.000000 0.000000 1.090600 3.747778 5.776416 13.706843 4.325647 -3.127117 -14.499224 -17.939279 -5.969924 -0.000000 0.000000 0.000000 1.605792 2.312075 -3.935989 4.790175 -2.370885 1.142742 2.443793 0.561144 0.655202 -7.123688 -5.697891 -5.324561 2.343423 -5.591175 2.932891 -0.000000 0.000000 0.000000 3.164382 -9.874889 -17.830529 4.919660 -14.003152 -44.363468 49.541704 -63.986075 58.140030 -10.372843 -5.369827 13.274967 2.448901 15.217218 18.373902 6.631839 13.892690 46.688237 32.167505 63.418953 -46.576685 -13.515813 -0.278955 7.156404 
-142.062271 74.740356 -241.479731 -9.263610 37.295323 4.033178 2.445511 -5.064437 -2.065620 12.775201 -4.632803 3.238415 -15.432428 11.333547 7.523932 -0.000000 0.000000 0.000000 1.067577 3.424852 5.074213 13.125505 4.396101 -2.972966 -13.871421 -18.853897 -5.503536 -0.000000 0.000000 0.000000 1.452591 2.342000 -4.029807 4.764696 -2.554805 1.421524 2.599742 0.480664 0.717142 -6.997660 -5.409888 -5.104097 2.036430 -6.287484 2.691647 -0.000000 0.000000 0.000000 2.622510 -10.250616 -17.945666 4.648132 -15.843245 -43.697755 34.022668 -58.467785 39.163063 -10.098135 -4.507499 17.017966 1.885129 15.039414 19.297165 6.238880 14.424086 45.990143 17.048943 55.156022 -30.317044 -12.413101 -1.025605 3.314910 
-141.831028 74.836928 -242.074609 -9.580948 38.444180 4.309903 2.070707 -4.799398 -2.346215 12.894704 -5.612888 3.227597 -14.686965 10.894605 7.656839 -0.000000 0.000000 0.000000 1.613041 3.089026 4.685547 11.949709 4.389152 -3.075744 -12.866024 -19.643809 -5.109767 -0.000000 0.000000 0.000000 2.020237 2.376756 -4.067578 4.421144 -2.894309 1.541513 2.651582 0.375278 0.769785 -7.121676 -5.267911 -4.689645 2.329329 -7.116954 2.970437 -0.000000 0.000000 0.000000 2.037892 -10.933663 -17.903978 4.336762 -17.482368 -43.133004 24.388085 -50.407793 25.467132 -10.191380 -3.452994 18.981361 1.495859 15.384501 19.444541 5.946309 15.285343 45.817717 8.508135 45.643108 -20.159035 -12.872537 -1.660552 -1.684673 
-141.555178 74.902427 -242.380095 -9.266836 38.950943 4.247333 2.090130 -5.619659 -2.747826 11.872679 -6.938130 2.968764 -14.079480 12.226573 8.453640 -0.000000 0.000000 0.000000 2.030879 3.224430 4.170066 10.549596 5.245448 -2.924949 -12.041280 -20.970364 -4.912722 -0.000000 0.000000 0.000000 1.488071 2.658953 -4.160129 4.479222 -2.946191 1.640410 2.772042 0.465567 0.676044 -7.483591 -5.335913 -4.438353 1.736279 -7.827189 3.309243 -0.000000 0.000000 0.000000 1.231166 -11.072167 -17.181715 3.562617 -19.387434 -43.111812 17.567119 -41.215329 13.071627 -11.757197 -2.414007 20.055920 1.176677 15.410492 19.141500 5.886894 16.649382 46.112131 4.044761 36.367843 -14.126573 -12.918015 -2.363002 -3.274763 
-141.262710 74.924320 -242.455888 -9.070624 39.039812 4.088296 2.099694 -5.507030 -3.182497 11.689880 -7.683868 3.381933 -13.887892 12.896653 8.760239 -0.000000 0.000000 0.000000 2.620609 2.434032 3.808231 9.228572 6.084902 -2.909341 -11.525408 -20.944427 -4.721889 -0.000000 0.000000 0.000000 0.972016 3.058269 -4.020685 4.563254 -2.996808 1.558493 2.652183 0.509136 0.640813 -7.698018 -5.756982 -4.406226 1.202299 -8.422832 3.798135 -0.000000 0.000000 0.000000 0.482477 -11.299422 -16.629158 3.017042 -20.644977 -43.530235 12.395364 -31.624896 3.182314 -14.281459 -1.340368 20.671235 0.907792 15.572227 18.307966 6.120831 17.882850 46.426790 1.213905 28.582976 -8.302633 -14.251635 -3.786453 -3.952849 
-141.039193 74.917132 -242.364097 -8.786092 39.070636 3.971791 2.599867 -5.535497 -3.326252 10.527967 -8.312402 3.368358 -13.704806 13.584485 8.963356 -0.000000 0.000000 0.000000 3.209449 2.131954 3.614717 8.205478 7.130137 -2.931032 -11.067154 -21.690708 -4.766886 -0.000000 0.000000 0.000000 0.285018 3.311723 -4.039271 4.857904 -2.977566 1.539244 2.486725 0.494988 0.619076 -8.082022 -6.237244 -4.615402 0.743449 -8.571361 4.026676 -0.000000 0.000000 0.000000 0.258261 -11.715398 -16.594953 2.928459 -21.006093 -43.763502 8.757122 -23.121029 -3.184129 -16.494977 -0.215492 20.812196 0.697859 15.841120 18.235022 6.988149 18.521316 46.162025 0.376762 23.311953 -5.090717 -14.550494 -5.701337 -1.568965 
-140.833783 74.933666 -242.251682 -8.679251 38.415728 4.077501 3.510951 -5.645262 -3.664449 9.017067 -8.804106 3.296105 -13.224884 14.574383 9.342214 -0.000000 0.000000 0.000000 3.745970 1.883408 3.121455 7.272201 7.635117 -2.880796 -11.006988 -21.369006 -4.577451 -0.000000 0.000000 0.000000 0.162592 3.462708 -3.878645 4.888998 -2.798350 1.208301 2.488968 0.545171 0.590184 -8.681631 -5.879811 -4.645171 0.543364 -8.304870 3.902536 -0.000000 0.000000 0.000000 0.306151 -11.668144 -16.269446 3.075750 -20.391516 -44.585501 6.683042 -17.122214 -6.905452 -17.711612 1.991900 19.588161 0.786521 16.000546 17.826509 7.363200 18.829297 46.654023 0.173030 19.453702 -2.760488 -14.136666 -6.007512 -0.104312 
-140.650272 74.978882 -242.118645 -8.810633 37.656389 4.347208 4.625678 -5.347398 -4.110345 7.562390 -8.978601 3.421761 -12.570200 15.146196 9.639817 -0.000000 0.000000 0.000000 4.366729 1.808495 2.592266 6.688846 8.092742 -2.772381 -10.679180 -20.935443 -4.351993 -0.000000 0.000000 0.000000 0.473156 3.379599 -3.750694 4.933609 -2.704760 0.883203 2.549259 0.583695 0.561459 -9.657656 -5.845611 -4.922559 0.223968 -8.624396 4.088123 -0.000000 0.000000 0.000000 0.652437 -11.251714 -15.529990 3.547598 -19.136039 -45.793017 6.050294 -13.771449 -9.249777 -17.849630 3.030261 18.764183 0.899879 16.029102 17.185385 7.473537 18.713230 47.627752 -0.188711 17.480319 -1.281921 -13.932704 -6.149440 0.109980 
-140.556133 75.010622 -241.968203 -8.837049 37.038295 4.340064 5.639226 -4.970100 -4.047674 6.059884 -8.882128 3.288241 -12.079176 15.246074 9.602350 -0.000000 0.000000 0.000000 4.752740 2.048313 2.564271 6.377113 8.312921 -2.918149 -10.409072 -20.665743 -4.197669 -0.000000 0.000000 0.000000 0.891561 3.177637 -3.638663 5.050179 -2.650098 0.816628 2.436608 0.517367 0.645668 -10.026554 -5.444676 -4.899711 -0.667996 -8.486395 3.837337 -0.000000 0.000000 0.000000 1.446520 -10.658661 -15.372630 5.012670 -17.685605 -46.372293 7.036476 -13.321944 -10.037866 -18.112147 2.236923 17.528207 1.221653 15.767382 16.946413 7.588773 18.247885 48.271337 -1.128499 16.688828 -0.496663 -14.708962 -5.812382 -0.737802 
-140.463603 75.017697 -241.846299 -9.016411 36.597639 4.443658 6.708778 -4.606696 -3.911307 4.627753 -8.911698 3.061471 -11.605917 15.138937 9.531097 -0.000000 0.000000 0.000000 5.173369 2.175571 2.516864 6.139746 8.375688 -3.025577 -10.418473 -20.409539 -4.009687 -0.000000 0.000000 0.000000 1.329212 2.936440 -3.488881 5.380142 -2.699254 0.835667 2.432365 0.426005 0.661786 -10.755665 -4.881788 -4.659580 -0.880411 -8.499948 3.562449 -0.000000 0.000000 0.000000 2.268466 -10.147036 -15.440533 6.746975 -16.541906 -46.622435 8.503841 -14.134361 -10.208739 -18.019545 0.317264 17.464284 1.447161 15.616717 16.958035 7.567607 17.747238 48.716775 -3.084308 15.882624 0.394082 -16.564365 -4.392538 -2.790790 
-140.390658 74.988514 -241.844058 -9.113269 36.153024 4.463478 7.456956 -4.132795 -3.863672 3.553917 -8.943733 2.870067 -11.303837 15.035862 9.878057 -0.000000 0.000000 0.000000 5.306046 2.121913 2.444688 6.239887 8.612934 -2.992183 -10.560590 -20.443790 -4.127524 -0.000000 0.000000 0.000000 1.971461 2.609101 -3.249184 5.549392 -2.657973 0.862561 2.152422 0.288467 0.436828 -14.035390 -7.097725 -5.632954 2.397757 -11.908315 4.608342 -0.000000 0.000000 0.000000 3.191277 -9.461578 -14.873738 7.877334 -15.547890 -47.744519 10.001121 -15.048557 -9.656476 -17.330966 -0.345353 16.870081 1.396389 16.044895 17.012105 7.396076 16.947259 49.286060 -4.957390 14.408657 1.162535 -18.049037 -3.447754 -3.077632 
-140.371966 75.010586 -241.833258 -8.837125 36.228346 4.465522 7.577380 -4.277915 -3.961069 2.727390 -8.817833 2.781005 -10.742795 14.930164 9.687329 -0.000000 0.000000 0.000000 5.107314 2.158498 2.296699 6.142361 8.194770 -3.119998 -10.449652 -20.079394 -3.823370 -0.000000 0.000000 0.000000 2.042351 2.575051 -3.247652 5.852643 -2.639617 0.836879 2.123359 0.123801 0.755366 -12.153092 -4.990810 -4.897186 -0.598741 -8.691769 3.387170 -0.000000 0.000000 0.000000 3.600672 -9.103215 -15.526857 8.384791 -14.413785 -47.994070 10.125131 -15.173543 -9.569982 -16.278957 -0.412093 16.800063 1.581481 15.398290 16.834356 7.063270 16.833763 49.768092 -5.771876 13.498291 1.242709 -18.066827 -3.958259 -2.427077 
-140.323877 75.018406 -241.890287 -9.119856 36.132457 4.702289 8.076608 -4.100723 -4.033894 2.209494 -8.699991 2.625522 -10.491989 14.798871 9.676658 -0.000000 0.000000 0.000000 5.449446 1.930724 2.079029 5.884424 8.336071 -3.153285 -10.380123 -19.670167 -3.746157 -0.000000 0.000000 0.000000 2.448292 2.482834 -3.165761 5.687784 -2.578907 0.688151 2.251860 -0.013865 0.845436 -12.147176 -4.939702 -4.991051 -0.991625 -8.452939 2.961999 -0.000000 0.000000 0.000000 3.968491 -8.630043 -15.297858 7.986897 -13.958607 -48.849895 9.569197 -14.214495 -10.484402 -17.548164 -0.597499 15.845168 1.398890 15.139970 16.414173 6.869007 17.355716 50.048277 -4.873044 12.149116 1.772147 -17.512894 -4.388933 -1.812968 
-140.302551 75.038695 -241.944337 -9.208290 36.319991 4.726209 8.297631 -4.168063 -4.047481 1.821992 -8.818810 2.758421 -10.173918 14.733202 9.635685 -0.000000 0.000000 0.000000 5.648433 1.693526 2.067208 5.593090 8.198079 -3.137073 -10.074108 -19.501622 -3.561063 -0.000000 0.000000 0.000000 2.341537 2.506972 -3.170756 5.666577 -2.583587 0.640872 2.259121 0.049237 0.883172 -11.818948 -5.102573 -5.143460 -1.093503 -8.609826 2.935109 -0.000000 0.000000 0.000000 3.836907 -8.570584 -14.987269 7.686595 -14.253257 -49.592011 9.760665 -12.836913 -11.007990 -17.684544 0.263474 15.474958 1.507574 15.209155 16.174433 6.811469 17.502408 50.547927 -4.510265 11.517420 2.032965 -17.365839 -4.568975 -1.786579 
-140.263212 75.032598 -242.039919 -9.251485 36.455257 4.760461 8.596576 -4.741098 -4.124912 1.149703 -9.175859 2.777032 -9.885208 15.332143 9.910999 -0.000000 0.000000 0.000000 5.724805 1.552651 1.968587 5.468325 7.998782 -3.002823 -10.057722 -19.544025 -3.493212 -0.000000 0.000000 0.000000 2.224253 2.532474 -3.095891 5.503920 -2.508543 0.512382 2.356704 0.167345 0.813378 -11.892520 -5.698819 -5.354905 -0.681492 -9.266949 3.198389 -0.000000 0.000000 0.000000 3.531041 -8.500277 -14.598709 7.384222 -15.044675 -50.183126 9.704340 -12.212356 -11.362651 -19.027922 0.521210 15.483403 1.521397 15.465899 15.912199 6.804041 17.811438 50.847666 -4.504512 11.013938 2.713469 -17.730903 -4.529198 -2.150730 
-140.173519 75.029701 -242.088056 -9.409742 36.771748 4.846280 8.865032 -4.745102 -4.124270 0.812941 -9.336863 2.759443 -9.795805 15.270397 9.981457 -0.000000 0.000000 0.000000 5.999868 1.386819 1.980129 5.309700 7.994079 -3.078233 -9.906118 -19.683496 -3.379413 -0.000000 0.000000 0.000000 2.224019 2.464967 -2.988256 5.649583 -2.596688 0.518630 2.226751 0.239832 0.749320 -12.383764 -6.550150 -5.726869 -0.106557 -10.168343 3.888788 -0.000000 0.000000 0.000000 3.114260 -8.517998 -14.373828 7.063407 -15.648848 -50.507419 10.058490 -12.788925 -11.333018 -19.531605 1.156879 15.544449 1.456006 15.852470 15.901001 6.727800 17.751426 50.964197 -4.585482 11.095712 2.913020 -17.800972 -4.755271 -2.028337 
-140.043497 75.023735 -242.121005 -9.616732 37.049888 5.056233 9.180966 -4.688467 -4.230476 0.548645 -9.416853 2.762570 -9.627256 14.935451 9.975314 -0.000000 0.000000 0.000000 6.420199 1.230258 1.861159 4.869447 8.035334 -3.184619 -9.878866 -19.759269 -3.375849 -0.000000 0.000000 0.000000 2.497336 2.440489 -2.835025 5.726086 -2.697820 0.598687 2.169573 0.173411 0.691284 -13.802553 -7.075687 -6.213604 1.110862 -11.214614 4.317200 -0.000000 0.000000 0.000000 3.158947 -8.738369 -14.056843 6.118805 -16.104262 -50.958135 10.018213 -13.387361 -11.378191 -19.177838 -0.525334 16.352610 1.261120 16.184295 15.779461 6.613320 17.857375 51.135985 -4.321411 11.233624 2.711258 -17.364930 -4.387782 -1.925832 
-139.955962 75.028515 -242.174864 -9.485861 37.387841 5.109819 9.014261 -4.724228 -4.290507 0.505477 -9.161623 2.571399 -9.551135 14.449209 9.870950 -0.000000 0.000000 0.000000 6.431405 1.214639 1.708371 4.675884 7.587543 -3.235155 -9.782292 -19.588469 -3.098348 -0.000000 0.000000 0.000000 2.266780 2.619510 -2.696817 5.783255 -2.680053 0.679302 2.168970 0.220317 0.846588 -12.208739 -5.626929 -5.744669 -0.401501 -9.440536 3.401846 -0.000000 0.000000 0.000000 2.638289 -9.266542 -14.195736 5.555643 -17.019541 -50.965354 9.836981 -13.843439 -11.399250 -18.059940 -0.797336 17.369856 1.287843 16.027561 15.647382 6.458630 18.219557 51.078898 -4.273146 11.281093 2.775442 -17.003217 -4.244845 -2.634461 
-139.870095 75.029773 -242.204380 -9.477818 37.629100 5.108325 9.272510 -5.145777 -4.271528 -0.061604 -9.524564 2.548348 -9.148293 14.767707 10.091431 -0.000000 0.000000 0.000000 6.558013 1.253141 1.630620 4.447430 7.491939 -3.104320 -9.641229 -19.877882 -3.103579 -0.000000 0.000000 0.000000 2.094012 2.654060 -2.597965 5.913770 -2.726155 0.813739 2.143008 0.205042 0.915029 -12.167873 -5.686018 -5.825943 -0.481765 -9.469814 3.316339 -0.000000 0.000000 0.000000 2.245209 -9.573771 -14.135208 4.660276 -17.827369 -51.315080 9.323385 -13.838108 -11.461513 -17.548789 -0.621787 18.107586 1.184734 16.203907 15.581344 6.486931 18.508728 50.920404 -3.985192 11.639300 2.571526 -16.559695 -4.562076 -2.972303 
-139.855683 75.012392 -242.203879 -9.747057 37.916859 5.228893 9.422594 -5.033382 -4.083300 0.029580 -9.567399 2.354589 -9.385700 14.528650 10.127517 -0.000000 0.000000 0.000000 6.938634 1.091021 1.711803 4.203488 7.398544 -3.068944 -9.672111 -19.855466 -3.185905 -0.000000 0.000000 0.000000 2.325391 2.658991 -2.486823 5.691805 -2.840744 0.865130 2.177900 0.116779 1.002531 -12.009587 -5.748928 -5.991789 -0.400973 -9.441681 3.300878 -0.000000 0.000000 0.000000 1.998032 -9.909806 -13.902399 3.733506 -18.665927 -51.787017 8.546280 -13.295643 -11.686336 -18.414388 -0.504947 19.106266 0.895883 16.184948 15.504733 6.578440 18.927078 50.834150 -3.156109 11.839055 2.417117 -15.090818 -3.687875 -4.306290 
